scope,mode,module,mean_abs_shap,shap_share,rank,seed
detected_true_anomaly,producer_only,src/modules/ekf2,1.6601839554605629,0.22543086692967068,1,0
detected_true_anomaly,producer_only,src/modules/mavlink,1.5304204148612381,0.20781070661131965,2,0
detected_true_anomaly,producer_only,src/modules/sensors,0.7651073281350411,0.10389138366770798,3,0
detected_true_anomaly,producer_only,src/modules/position_estimator_inav,0.5340992398153865,0.07252356238116939,4,0
detected_true_anomaly,producer_only,src/modules/load_mon,0.49019459673490795,0.06656189667580222,5,0
detected_true_anomaly,producer_only,src/modules/vtol_att_control,0.3391465545877425,0.04605158456414309,6,0
detected_true_anomaly,producer_only,src/examples/hwtest,0.23327326766907705,0.03167540246922134,7,0
detected_true_anomaly,producer_only,src/examples/uuv_example_app,0.23327326766907705,0.03167540246922134,7,0
detected_true_anomaly,producer_only,src/platforms/qurt/tests/muorb,0.12231741293102406,0.016609075365979997,8,0
detected_true_anomaly,producer_only,src/platforms/posix/drivers/df_bebop_bus_wrapper,0.10606261555311616,0.014401890401557564,9,0
detected_true_anomaly,producer_only,src/modules/simulator,0.09566503213407695,0.01299003707264298,10,0
detected_true_anomaly,producer_only,src/examples/px4_simple_app,0.09113110734530556,0.012374390479767003,11,0
detected_true_anomaly,producer_only,src/modules/attitude_estimator_q,0.09113110734530556,0.012374390479767003,11,0
detected_true_anomaly,producer_only,src/modules/fw_att_control,0.0775672005848108,0.0105325926175998,12,0
detected_true_anomaly,producer_only,src/modules/mc_att_control,0.0775672005848108,0.0105325926175998,12,0
detected_true_anomaly,producer_only,src/modules/gnd_pos_control,0.06709357716346966,0.009110414069251623,13,0
detected_true_anomaly,producer_only,src/modules/navigator,0.06709357716346966,0.009110414069251623,13,0
detected_true_anomaly,producer_only,src/drivers/linux_pwm_out,0.06540021312844242,0.008880477789486882,14,0
detected_true_anomaly,producer_only,src/drivers/mkblctrl,0.06540021312844242,0.008880477789486882,14,0
detected_true_anomaly,producer_only,src/drivers/pwm_out_sim,0.06540021312844242,0.008880477789486882,14,0
detected_true_anomaly,producer_only,src/drivers/px4fmu,0.06540021312844242,0.008880477789486882,14,0
detected_true_anomaly,producer_only,src/drivers/px4io,0.06540021312844242,0.008880477789486882,14,0
detected_true_anomaly,producer_only,src/drivers/snapdragon_pwm_out,0.06540021312844242,0.008880477789486882,14,0
detected_true_anomaly,producer_only,src/drivers/tap_esc,0.06540021312844242,0.008880477789486882,14,0
detected_true_anomaly,producer_only,src/modules/uavcan,0.06540021312844242,0.008880477789486882,14,0
detected_true_anomaly,producer_only,src/platforms/qurt/fc_addon/uart_esc,0.06540021312844242,0.008880477789486882,14,0
detected_true_anomaly,producer_only,src/drivers/telemetry,0.04066240242467374,0.005521412612070683,15,0
detected_true_anomaly,producer_only,src/modules/syslink,0.04066240242467374,0.005521412612070683,15,0
detected_true_anomaly,producer_only,src/platforms/posix/drivers/df_ltc2946_wrapper,0.04066240242467374,0.005521412612070683,15,0
detected_true_anomaly,producer_only,src/examples/fixedwing_control,0.03877970975519579,0.00526576802567013,16,0
detected_true_anomaly,producer_only,src/modules/commander,0.014405720749476037,0.0019561049886186975,17,0
detected_true_anomaly,producer_only,src/modules/land_detector,0.007420799838576252,0.001007645770469888,18,0
detected_true_anomaly,producer_only,src/drivers/distance_sensor,0.002393961375438805,0.00032506806639484863,19,0
detected_true_anomaly,producer_only,src/drivers/px4flow,0.002393961375438805,0.00032506806639484863,19,0
detected_true_anomaly,producer_only,src/platforms/posix/drivers/df_bebop_rangefinder_wrapper,0.002393961375438805,0.00032506806639484863,19,0
detected_true_anomaly,producer_only,src/platforms/posix/drivers/df_isl29501_wrapper,0.002393961375438805,0.00032506806639484863,19,0
detected_true_anomaly,producer_only,src/platforms/posix/drivers/df_trone_wrapper,0.002393961375438805,0.00032506806639484863,19,0
detected_true_anomaly,consumer_only,src/modules/commander,1.6379487096679288,0.24322876855362507,1,0
detected_true_anomaly,consumer_only,src/modules/simulator,0.6549625126677225,0.0972592880745669,2,0
detected_true_anomaly,consumer_only,src/modules/land_detector,0.3016631503240059,0.04479575956086587,3,0
detected_true_anomaly,consumer_only,src/modules/vtol_att_control,0.2789092912465674,0.04141690337899549,4,0
detected_true_anomaly,consumer_only,src/modules/events,0.27452136144802397,0.04076531352450252,5,0
detected_true_anomaly,consumer_only,src/modules/mc_att_control,0.24569397047564878,0.036484562384104344,6,0
detected_true_anomaly,consumer_only,src/modules/fw_pos_control_l1,0.22619481089909005,0.03358901593405798,7,0
detected_true_anomaly,consumer_only,src/modules/mc_pos_control,0.22619481089909005,0.03358901593405798,7,0
detected_true_anomaly,consumer_only,src/drivers/telemetry,0.19554578754539584,0.029037759741669826,8,0
detected_true_anomaly,consumer_only,src/modules/fw_att_control,0.18964463436816262,0.02816146232657205,9,0
detected_true_anomaly,consumer_only,src/modules/gnd_att_control,0.18656402445955672,0.027704004196142423,10,0
detected_true_anomaly,consumer_only,src/modules/position_estimator_inav,0.16778708297436434,0.02491570421599669,11,0
detected_true_anomaly,consumer_only,src/examples/rover_steering_control,0.15906072414558348,0.023619875171196052,12,0
detected_true_anomaly,consumer_only,src/modules/landing_target_estimator,0.13894007714682047,0.020632040348820272,13,0
detected_true_anomaly,consumer_only,src/modules/wind_estimator,0.13894007714682047,0.020632040348820272,13,0
detected_true_anomaly,consumer_only,src/drivers/mkblctrl,0.13329901009661546,0.01979436467323214,14,0
detected_true_anomaly,consumer_only,src/drivers/px4io,0.13329901009661546,0.01979436467323214,14,0
detected_true_anomaly,consumer_only,src/modules/sensors,0.13329901009661546,0.01979436467323214,14,0
detected_true_anomaly,consumer_only,src/platforms/posix/drivers/df_bebop_bus_wrapper,0.13329901009661546,0.01979436467323214,14,0
detected_true_anomaly,consumer_only,src/platforms/posix/drivers/df_ltc2946_wrapper,0.13329901009661546,0.01979436467323214,14,0
detected_true_anomaly,consumer_only,src/platforms/qurt/fc_addon/uart_esc,0.13329901009661546,0.01979436467323214,14,0
detected_true_anomaly,consumer_only,src/modules/navigator,0.12176932986758068,0.018082253721666535,15,0
detected_true_anomaly,consumer_only,src/drivers/camera_trigger,0.11868871995897479,0.01762479559123691,16,0
detected_true_anomaly,consumer_only,src/examples/fixedwing_control,0.10538586241480777,0.015649374969324992,17,0
detected_true_anomaly,consumer_only,src/drivers/vmount,0.10442548103150937,0.01550676221239144,18,0
detected_true_anomaly,consumer_only,src/modules/ekf2,0.09244677106233087,0.013727972157814577,19,0
detected_true_anomaly,consumer_only,src/modules/gnd_pos_control,0.08417412384366368,0.01249951745480808,20,0
detected_true_anomaly,consumer_only,src/examples/uuv_example_app,0.04743300450585103,0.007043609611619447,21,0
detected_true_anomaly,consumer_only,src/drivers/blinkm,0.029424063080570023,0.004369354538813469,22,0
detected_true_anomaly,consumer_only,src/modules/gpio_led,0.029424063080570023,0.004369354538813469,22,0
detected_true_anomaly,consumer_only,src/drivers/batt_smbus,0.02846368169727162,0.004226741781879918,23,0
detected_true_anomaly,consumer_only,src/examples/px4_simple_app,0.027181647318005348,0.004036364854036086,24,0
detected_true_anomaly,consumer_only,src/modules/attitude_estimator_q,0.027181647318005348,0.004036364854036086,24,0
detected_true_anomaly,consumer_only,src/modules/sdlog2,0.027181647318005348,0.004036364854036086,24,0
detected_true_anomaly,consumer_only,src/templates/module,0.027181647318005348,0.004036364854036086,24,0
detected_true_anomaly,consumer_only,src/modules/camera_feedback,0.02025135718784568,0.0030072447575833603,25,0
detected_true_anomaly,consumer_only,src/modules/replay,0.02025135718784568,0.0030072447575833603,25,0
detected_true_anomaly,consumer_only,src/modules/logger,0.0009603813832984025,0.00014261275693355197,26,0
detected_true_anomaly,bidirectional,src/modules/ekf2,1.090704162075324,0.14810309665487012,1,0
detected_true_anomaly,bidirectional,src/modules/commander,0.909100691019628,0.12344376430626558,2,0
detected_true_anomaly,bidirectional,src/modules/mavlink,0.37441492832448986,0.05084055993071261,3,0
detected_true_anomaly,bidirectional,src/modules/vtol_att_control,0.32819282742965616,0.04456421432349199,4,0
detected_true_anomaly,bidirectional,src/modules/sensors,0.2656651479299153,0.03607378833764585,5,0
detected_true_anomaly,bidirectional,src/modules/mc_att_control,0.24086552450884732,0.03270632981658709,6,0
detected_true_anomaly,bidirectional,src/modules/fw_att_control,0.2192467652865246,0.029770790283511653,7,0
detected_true_anomaly,bidirectional,src/modules/land_detector,0.2188441129654947,0.02971611546178334,8,0
detected_true_anomaly,bidirectional,src/modules/position_estimator_inav,0.1876179002492866,0.025476011718826574,9,0
detected_true_anomaly,bidirectional,src/modules/fw_pos_control_l1,0.18745192775289082,0.025453474864626825,10,0
detected_true_anomaly,bidirectional,src/modules/mc_pos_control,0.18745192775289082,0.025453474864626825,10,0
detected_true_anomaly,bidirectional,src/modules/events,0.182088357519273,0.024725173471503666,11,0
detected_true_anomaly,bidirectional,src/modules/load_mon,0.16339819891163598,0.022187298891934073,12,0
detected_true_anomaly,bidirectional,src/platforms/posix/drivers/df_bebop_bus_wrapper,0.16207118305722498,0.02200710781521312,13,0
detected_true_anomaly,bidirectional,src/drivers/telemetry,0.15460793316976723,0.020993697893554392,14,0
detected_true_anomaly,bidirectional,src/drivers/mkblctrl,0.1442813819964302,0.019591489797432193,15,0
detected_true_anomaly,bidirectional,src/drivers/px4io,0.1442813819964302,0.019591489797432193,15,0
detected_true_anomaly,bidirectional,src/platforms/qurt/fc_addon/uart_esc,0.1442813819964302,0.019591489797432193,15,0
detected_true_anomaly,bidirectional,src/modules/gnd_att_control,0.1391301405240768,0.01889201982179654,16,0
detected_true_anomaly,bidirectional,src/modules/navigator,0.13320516545307845,0.018087487129862828,17,0
detected_true_anomaly,bidirectional,src/examples/uuv_example_app,0.12363546465717887,0.016788049233489033,18,0
detected_true_anomaly,bidirectional,src/examples/rover_steering_control,0.1222406970101243,0.01659865836580429,19,0
detected_true_anomaly,bidirectional,src/modules/landing_target_estimator,0.11367824493830767,0.015435991429261164,20,0
detected_true_anomaly,bidirectional,src/modules/wind_estimator,0.11367824493830767,0.015435991429261164,20,0
detected_true_anomaly,bidirectional,src/examples/fixedwing_control,0.11196173428150694,0.015202912146580554,21,0
detected_true_anomaly,bidirectional,src/modules/simulator,0.10657719764935086,0.014471763795815547,22,0
detected_true_anomaly,bidirectional,src/modules/gnd_pos_control,0.10477104721868102,0.014226512625876162,23,0
detected_true_anomaly,bidirectional,src/platforms/posix/drivers/df_ltc2946_wrapper,0.10261644384955006,0.013933946188406866,24,0
detected_true_anomaly,bidirectional,src/drivers/camera_trigger,0.09710895269370665,0.013186102251121708,25,0
detected_true_anomaly,bidirectional,src/drivers/vmount,0.08779355088154722,0.011921194769389808,26,0
detected_true_anomaly,bidirectional,src/examples/hwtest,0.08482664278875529,0.011518328170625942,27,0
detected_true_anomaly,bidirectional,src/drivers/linux_pwm_out,0.059454739207674925,0.008073161626806255,28,0
detected_true_anomaly,bidirectional,src/drivers/pwm_out_sim,0.059454739207674925,0.008073161626806255,28,0
detected_true_anomaly,bidirectional,src/drivers/px4fmu,0.059454739207674925,0.008073161626806255,28,0
detected_true_anomaly,bidirectional,src/drivers/snapdragon_pwm_out,0.059454739207674925,0.008073161626806255,28,0
detected_true_anomaly,bidirectional,src/drivers/tap_esc,0.059454739207674925,0.008073161626806255,28,0
detected_true_anomaly,bidirectional,src/modules/uavcan,0.059454739207674925,0.008073161626806255,28,0
detected_true_anomaly,bidirectional,src/examples/px4_simple_app,0.03880882186842357,0.005269721062863091,29,0
detected_true_anomaly,bidirectional,src/modules/attitude_estimator_q,0.03880882186842357,0.005269721062863091,29,0
detected_true_anomaly,bidirectional,src/modules/sdlog2,0.022239529623822557,0.0030198318847236357,30,0
detected_true_anomaly,bidirectional,src/platforms/qurt/tests/muorb,0.022239529623822557,0.0030198318847236357,30,0
detected_true_anomaly,bidirectional,src/templates/module,0.022239529623822557,0.0030198318847236357,30,0
detected_true_anomaly,bidirectional,src/drivers/blinkm,0.018690158607637015,0.0025378745795695927,31,0
detected_true_anomaly,bidirectional,src/modules/gpio_led,0.018690158607637015,0.0025378745795695927,31,0
detected_true_anomaly,bidirectional,src/drivers/batt_smbus,0.017789801060794763,0.002415618017780924,32,0
detected_true_anomaly,bidirectional,src/modules/syslink,0.017789801060794763,0.002415618017780924,32,0
detected_true_anomaly,bidirectional,src/modules/camera_feedback,0.016569292244601012,0.002249889178139455,33,0
detected_true_anomaly,bidirectional,src/modules/replay,0.016569292244601012,0.002249889178139455,33,0
detected_true_anomaly,bidirectional,src/drivers/distance_sensor,0.0021279656670567157,0.00028894939235097657,34,0
detected_true_anomaly,bidirectional,src/drivers/px4flow,0.0021279656670567157,0.00028894939235097657,34,0
detected_true_anomaly,bidirectional,src/platforms/posix/drivers/df_bebop_rangefinder_wrapper,0.0021279656670567157,0.00028894939235097657,34,0
detected_true_anomaly,bidirectional,src/platforms/posix/drivers/df_isl29501_wrapper,0.0021279656670567157,0.00028894939235097657,34,0
detected_true_anomaly,bidirectional,src/platforms/posix/drivers/df_trone_wrapper,0.0021279656670567157,0.00028894939235097657,34,0
detected_true_anomaly,bidirectional,src/modules/logger,0.0009003575468422523,0.0001222565617886686,35,0
false_positive,producer_only,src/modules/ekf2,1.7767949513344445,0.2426832777443033,1,0
false_positive,producer_only,src/modules/mavlink,1.4861560774827631,0.20298640980055668,2,0
false_positive,producer_only,src/modules/sensors,0.7403499159943796,0.10112058465513751,3,0
false_positive,producer_only,src/modules/position_estimator_inav,0.5617581662654868,0.07672765672062994,4,0
false_positive,producer_only,src/modules/load_mon,0.468925708789965,0.0640481491363146,5,0
false_positive,producer_only,src/modules/vtol_att_control,0.31662079116615877,0.043245604308189356,6,0
false_positive,producer_only,src/examples/hwtest,0.22214970350214194,0.030342284659991205,7,0
false_positive,producer_only,src/examples/uuv_example_app,0.22214970350214194,0.030342284659991205,7,0
false_positive,producer_only,src/modules/simulator,0.10753405231336205,0.014687522758286992,8,0
false_positive,producer_only,src/platforms/qurt/tests/muorb,0.10672770843607582,0.014577388398111157,9,0
false_positive,producer_only,src/platforms/posix/drivers/df_bebop_bus_wrapper,0.10595178974119386,0.014471409657010157,10,0
false_positive,producer_only,src/modules/fw_att_control,0.08247420297684989,0.01126472691333277,11,0
false_positive,producer_only,src/modules/mc_att_control,0.08247420297684989,0.01126472691333277,11,0
false_positive,producer_only,src/examples/px4_simple_app,0.0782756942198282,0.010691274210742107,12,0
false_positive,producer_only,src/modules/attitude_estimator_q,0.0782756942198282,0.010691274210742107,12,0
false_positive,producer_only,src/drivers/linux_pwm_out,0.060909121943728384,0.008319263484359789,13,0
false_positive,producer_only,src/drivers/mkblctrl,0.060909121943728384,0.008319263484359789,13,0
false_positive,producer_only,src/drivers/pwm_out_sim,0.060909121943728384,0.008319263484359789,13,0
false_positive,producer_only,src/drivers/px4fmu,0.060909121943728384,0.008319263484359789,13,0
false_positive,producer_only,src/drivers/px4io,0.060909121943728384,0.008319263484359789,13,0
false_positive,producer_only,src/drivers/snapdragon_pwm_out,0.060909121943728384,0.008319263484359789,13,0
false_positive,producer_only,src/drivers/tap_esc,0.060909121943728384,0.008319263484359789,13,0
false_positive,producer_only,src/modules/uavcan,0.060909121943728384,0.008319263484359789,13,0
false_positive,producer_only,src/platforms/qurt/fc_addon/uart_esc,0.060909121943728384,0.008319263484359789,13,0
false_positive,producer_only,src/modules/gnd_pos_control,0.05749998149594131,0.007853626536473212,14,0
false_positive,producer_only,src/modules/navigator,0.05749998149594131,0.007853626536473212,14,0
false_positive,producer_only,src/drivers/telemetry,0.04504266779746548,0.006152146172650368,15,0
false_positive,producer_only,src/modules/syslink,0.04504266779746548,0.006152146172650368,15,0
false_positive,producer_only,src/platforms/posix/drivers/df_ltc2946_wrapper,0.04504266779746548,0.006152146172650368,15,0
false_positive,producer_only,src/examples/fixedwing_control,0.03697110616807551,0.005049693111724939,16,0
false_positive,producer_only,src/modules/commander,0.02431425844771653,0.003320959422797958,17,0
false_positive,producer_only,src/modules/land_detector,0.008567577073495416,0.0011702012575853192,18,0
false_positive,producer_only,src/drivers/distance_sensor,0.003334935692091229,0.00045550170221686205,19,0
false_positive,producer_only,src/drivers/px4flow,0.003334935692091229,0.00045550170221686205,19,0
false_positive,producer_only,src/platforms/posix/drivers/df_bebop_rangefinder_wrapper,0.003334935692091229,0.00045550170221686205,19,0
false_positive,producer_only,src/platforms/posix/drivers/df_isl29501_wrapper,0.003334935692091229,0.00045550170221686205,19,0
false_positive,producer_only,src/platforms/posix/drivers/df_trone_wrapper,0.003334935692091229,0.00045550170221686205,19,0
false_positive,consumer_only,src/modules/commander,1.6565728327661478,0.25260334652769184,1,0
false_positive,consumer_only,src/modules/simulator,0.610712170000465,0.09312475422508848,2,0
false_positive,consumer_only,src/modules/land_detector,0.30232325251143105,0.04609991411606378,3,0
false_positive,consumer_only,src/modules/events,0.26761367241638945,0.04080720623437164,4,0
false_positive,consumer_only,src/modules/vtol_att_control,0.2658412104886564,0.040536931480565204,5,0
false_positive,consumer_only,src/modules/mc_att_control,0.22716566053932372,0.03463947067910616,6,0
false_positive,consumer_only,src/modules/fw_pos_control_l1,0.22146217585508446,0.03376977193141961,7,0
false_positive,consumer_only,src/modules/mc_pos_control,0.22146217585508446,0.03376977193141961,7,0
false_positive,consumer_only,src/drivers/telemetry,0.19909783333727157,0.030359533847617488,8,0
false_positive,consumer_only,src/modules/fw_att_control,0.17415688045106628,0.026556400028185642,9,0
false_positive,consumer_only,src/modules/gnd_att_control,0.17008805072402935,0.025935962468682353,10,0
false_positive,consumer_only,src/modules/position_estimator_inav,0.1690647181011511,0.025779919075939777,11,0
false_positive,consumer_only,src/modules/landing_target_estimator,0.14222974677451444,0.021687974896362625,12,0
false_positive,consumer_only,src/modules/wind_estimator,0.14222974677451444,0.021687974896362625,12,0
false_positive,consumer_only,src/examples/rover_steering_control,0.14017913382898461,0.02137528614388025,13,0
false_positive,consumer_only,src/modules/navigator,0.128903977786034,0.019655988270139663,14,0
false_positive,consumer_only,src/drivers/mkblctrl,0.12694268771550968,0.01935691996144435,15,0
false_positive,consumer_only,src/drivers/px4io,0.12694268771550968,0.01935691996144435,15,0
false_positive,consumer_only,src/modules/sensors,0.12694268771550968,0.01935691996144435,15,0
false_positive,consumer_only,src/platforms/posix/drivers/df_bebop_bus_wrapper,0.12694268771550968,0.01935691996144435,15,0
false_positive,consumer_only,src/platforms/posix/drivers/df_ltc2946_wrapper,0.12694268771550968,0.01935691996144435,15,0
false_positive,consumer_only,src/platforms/qurt/fc_addon/uart_esc,0.12694268771550968,0.01935691996144435,15,0
false_positive,consumer_only,src/drivers/camera_trigger,0.12483514805899706,0.019035550710636374,16,0
false_positive,consumer_only,src/modules/ekf2,0.10028228986055739,0.015291595706020364,17,0
false_positive,consumer_only,src/examples/fixedwing_control,0.09417914863223156,0.014360955128007297,18,0
false_positive,consumer_only,src/drivers/vmount,0.09255819806905047,0.014113783661279947,19,0
false_positive,consumer_only,src/modules/gnd_pos_control,0.07516359935353309,0.011461359475553694,20,0
false_positive,consumer_only,src/examples/uuv_example_app,0.041111867256867565,0.006268963878724309,21,0
false_positive,consumer_only,src/drivers/blinkm,0.03315081802140694,0.005055019258256806,22,0
false_positive,consumer_only,src/modules/gpio_led,0.03315081802140694,0.005055019258256806,22,0
false_positive,consumer_only,src/drivers/batt_smbus,0.031529867458225835,0.0048078477915294545,23,0
false_positive,consumer_only,src/examples/px4_simple_app,0.023717268541350183,0.0036165396929980563,24,0
false_positive,consumer_only,src/modules/attitude_estimator_q,0.023717268541350183,0.0036165396929980563,24,0
false_positive,consumer_only,src/modules/sdlog2,0.023717268541350183,0.0036165396929980563,24,0
false_positive,consumer_only,src/templates/module,0.023717268541350183,0.0036165396929980563,24,0
false_positive,consumer_only,src/modules/camera_feedback,0.01739459871551738,0.0026524241857262517,25,0
false_positive,consumer_only,src/modules/replay,0.01739459871551738,0.0026524241857262517,25,0
false_positive,consumer_only,src/modules/logger,0.001620950563181102,0.000247171466727352,26,0
false_positive,bidirectional,src/modules/ekf2,1.2164489516755366,0.1661485015924459,1,0
false_positive,bidirectional,src/modules/commander,0.9126036174815344,0.12464783120043847,2,0
false_positive,bidirectional,src/modules/mavlink,0.3658368111839868,0.049967767181561665,3,0
false_positive,bidirectional,src/modules/vtol_att_control,0.31358803232883414,0.04283137538734671,4,0
false_positive,bidirectional,src/modules/sensors,0.27108275576523666,0.03702579842409907,5,0
false_positive,bidirectional,src/modules/mc_att_control,0.23246457882740318,0.031751140392937874,6,0
false_positive,bidirectional,src/modules/land_detector,0.22028121751063282,0.03008707777497716,7,0
false_positive,bidirectional,src/modules/fw_att_control,0.21218582114289017,0.02898136924981076,8,0
false_positive,bidirectional,src/modules/position_estimator_inav,0.190500106107587,0.026019429043348696,9,0
false_positive,bidirectional,src/modules/fw_pos_control_l1,0.1833933086685852,0.025048748157821384,10,0
false_positive,bidirectional,src/modules/mc_pos_control,0.1833933086685852,0.025048748157821384,10,0
false_positive,bidirectional,src/modules/events,0.1775343779110284,0.02424850695989761,11,0
false_positive,bidirectional,src/drivers/telemetry,0.1570006390273536,0.02144390924709272,12,0
false_positive,bidirectional,src/modules/load_mon,0.15630856959665498,0.0213493830454382,13,0
false_positive,bidirectional,src/platforms/posix/drivers/df_bebop_bus_wrapper,0.15585980656555948,0.0212880888126766,14,0
false_positive,bidirectional,src/drivers/mkblctrl,0.13615363940416833,0.018596524862142066,15,0
false_positive,bidirectional,src/drivers/px4io,0.13615363940416833,0.018596524862142066,15,0
false_positive,bidirectional,src/platforms/qurt/fc_addon/uart_esc,0.13615363940416833,0.018596524862142066,15,0
false_positive,bidirectional,src/modules/navigator,0.13431138632919196,0.018344900996183862,16,0
false_positive,bidirectional,src/modules/gnd_att_control,0.1262880709967257,0.01724903764864527,17,0
false_positive,bidirectional,src/modules/landing_target_estimator,0.11636979281551182,0.015894351078431283,18,0
false_positive,bidirectional,src/modules/wind_estimator,0.11636979281551182,0.015894351078431283,18,0
false_positive,bidirectional,src/examples/uuv_example_app,0.11441869266548871,0.015627860350697395,19,0
false_positive,bidirectional,src/modules/simulator,0.10914034904788805,0.014906918562103279,20,0
false_positive,bidirectional,src/examples/rover_steering_control,0.10810154498831683,0.014765033662035605,21,0
false_positive,bidirectional,src/drivers/camera_trigger,0.10213784841190669,0.013950483040114535,22,0
false_positive,bidirectional,src/examples/fixedwing_control,0.10153421794119148,0.013868036260833964,23,0
false_positive,bidirectional,src/platforms/posix/drivers/df_ltc2946_wrapper,0.1004878775258064,0.013725122008713156,24,0
false_positive,bidirectional,src/modules/gnd_pos_control,0.09234995943172941,0.012613605659793987,25,0
false_positive,bidirectional,src/examples/hwtest,0.08078171036441525,0.01103355805817862,26,0
false_positive,bidirectional,src/drivers/vmount,0.0778319130873639,0.010630660429874128,27,0
false_positive,bidirectional,src/drivers/linux_pwm_out,0.055371929039753076,0.007562966803963444,28,0
false_positive,bidirectional,src/drivers/pwm_out_sim,0.055371929039753076,0.007562966803963444,28,0
false_positive,bidirectional,src/drivers/px4fmu,0.055371929039753076,0.007562966803963444,28,0
false_positive,bidirectional,src/drivers/snapdragon_pwm_out,0.055371929039753076,0.007562966803963444,28,0
false_positive,bidirectional,src/drivers/tap_esc,0.055371929039753076,0.007562966803963444,28,0
false_positive,bidirectional,src/modules/uavcan,0.055371929039753076,0.007562966803963444,28,0
false_positive,bidirectional,src/examples/px4_simple_app,0.03363698230107346,0.0045943022925187755,29,0
false_positive,bidirectional,src/modules/attitude_estimator_q,0.03363698230107346,0.0045943022925187755,29,0
false_positive,bidirectional,src/drivers/blinkm,0.02122580831437343,0.0028991239144594083,30,0
false_positive,bidirectional,src/modules/gpio_led,0.02122580831437343,0.0028991239144594083,30,0
false_positive,bidirectional,src/drivers/batt_smbus,0.019706167161391147,0.002691563950534536,31,0
false_positive,bidirectional,src/modules/syslink,0.019706167161391147,0.002691563950534536,31,0
false_positive,bidirectional,src/modules/sdlog2,0.019405037897468332,0.0026504342542020285,32,0
false_positive,bidirectional,src/platforms/qurt/tests/muorb,0.019405037897468332,0.0026504342542020285,32,0
false_positive,bidirectional,src/templates/module,0.019405037897468332,0.0026504342542020285,32,0
false_positive,bidirectional,src/modules/camera_feedback,0.014231944403605128,0.0019438680383167468,33,0
false_positive,bidirectional,src/modules/replay,0.014231944403605128,0.0019438680383167468,33,0
false_positive,bidirectional,src/drivers/distance_sensor,0.00296438728185887,0.000404890401970544,34,0
false_positive,bidirectional,src/drivers/px4flow,0.00296438728185887,0.000404890401970544,34,0
false_positive,bidirectional,src/platforms/posix/drivers/df_bebop_rangefinder_wrapper,0.00296438728185887,0.000404890401970544,34,0
false_positive,bidirectional,src/platforms/posix/drivers/df_isl29501_wrapper,0.00296438728185887,0.000404890401970544,34,0
false_positive,bidirectional,src/platforms/posix/drivers/df_trone_wrapper,0.00296438728185887,0.000404890401970544,34,0
false_positive,bidirectional,src/modules/logger,0.001519641152982283,0.00020755996392487239,35,0
detected_true_anomaly,producer_only,src/modules/ekf2,1.7610641684447557,0.23209757122859773,1,1
detected_true_anomaly,producer_only,src/modules/mavlink,1.5690401517106758,0.20678997102860103,2,1
detected_true_anomaly,producer_only,src/modules/sensors,0.7843622640200588,0.10337418687201608,3,1
detected_true_anomaly,producer_only,src/modules/position_estimator_inav,0.5476012604891777,0.07217052327712715,4,1
detected_true_anomaly,producer_only,src/modules/load_mon,0.5084462582047281,0.06701013156936979,5,1
detected_true_anomaly,producer_only,src/modules/vtol_att_control,0.34450622354122384,0.04540382979211283,6,1
detected_true_anomaly,producer_only,src/examples/hwtest,0.23945585859187915,0.03155882913949432,7,1
detected_true_anomaly,producer_only,src/examples/uuv_example_app,0.23945585859187915,0.03155882913949432,7,1
detected_true_anomaly,producer_only,src/platforms/qurt/tests/muorb,0.12433238372967323,0.01638625372419212,8,1
detected_true_anomaly,producer_only,src/platforms/posix/drivers/df_bebop_bus_wrapper,0.10726761319824468,0.01413722051751703,9,1
detected_true_anomaly,producer_only,src/modules/simulator,0.09624098289048524,0.012683977552766484,10,1
detected_true_anomaly,producer_only,src/examples/px4_simple_app,0.088820919781063,0.011706058260035247,11,1
detected_true_anomaly,producer_only,src/modules/attitude_estimator_q,0.088820919781063,0.011706058260035247,11,1
detected_true_anomaly,producer_only,src/modules/fw_att_control,0.08103541963763178,0.010679976583700821,12,1
detected_true_anomaly,producer_only,src/modules/mc_att_control,0.08103541963763178,0.010679976583700821,12,1
detected_true_anomaly,producer_only,src/modules/gnd_pos_control,0.06854817064898305,0.00903423293987229,13,1
detected_true_anomaly,producer_only,src/modules/navigator,0.06854817064898305,0.00903423293987229,13,1
detected_true_anomaly,producer_only,src/drivers/linux_pwm_out,0.06571913862520029,0.008661383685760344,14,1
detected_true_anomaly,producer_only,src/drivers/mkblctrl,0.06571913862520029,0.008661383685760344,14,1
detected_true_anomaly,producer_only,src/drivers/pwm_out_sim,0.06571913862520029,0.008661383685760344,14,1
detected_true_anomaly,producer_only,src/drivers/px4fmu,0.06571913862520029,0.008661383685760344,14,1
detected_true_anomaly,producer_only,src/drivers/px4io,0.06571913862520029,0.008661383685760344,14,1
detected_true_anomaly,producer_only,src/drivers/snapdragon_pwm_out,0.06571913862520029,0.008661383685760344,14,1
detected_true_anomaly,producer_only,src/drivers/tap_esc,0.06571913862520029,0.008661383685760344,14,1
detected_true_anomaly,producer_only,src/modules/uavcan,0.06571913862520029,0.008661383685760344,14,1
detected_true_anomaly,producer_only,src/platforms/qurt/fc_addon/uart_esc,0.06571913862520029,0.008661383685760344,14,1
detected_true_anomaly,producer_only,src/drivers/telemetry,0.0415484745730444,0.0054758368317566865,15,1
detected_true_anomaly,producer_only,src/modules/syslink,0.0415484745730444,0.0054758368317566865,15,1
detected_true_anomaly,producer_only,src/platforms/posix/drivers/df_ltc2946_wrapper,0.0415484745730444,0.0054758368317566865,15,1
detected_true_anomaly,producer_only,src/examples/fixedwing_control,0.03650219430036163,0.0048107677127462185,16,1
detected_true_anomaly,producer_only,src/modules/commander,0.01623824751332455,0.0021401024882471073,17,1
detected_true_anomaly,producer_only,src/modules/land_detector,0.008033233609832015,0.0010587314439544457,18,1
detected_true_anomaly,producer_only,src/drivers/distance_sensor,0.0024258708355023766,0.00031971505588670616,19,1
detected_true_anomaly,producer_only,src/drivers/px4flow,0.0024258708355023766,0.00031971505588670616,19,1
detected_true_anomaly,producer_only,src/platforms/posix/drivers/df_bebop_rangefinder_wrapper,0.0024258708355023766,0.00031971505588670616,19,1
detected_true_anomaly,producer_only,src/platforms/posix/drivers/df_isl29501_wrapper,0.0024258708355023766,0.00031971505588670616,19,1
detected_true_anomaly,producer_only,src/platforms/posix/drivers/df_trone_wrapper,0.0024258708355023766,0.00031971505588670616,19,1
detected_true_anomaly,consumer_only,src/modules/commander,1.726121603924287,0.24921437636955243,1,1
detected_true_anomaly,consumer_only,src/modules/simulator,0.6582739360862245,0.09504042362316373,2,1
detected_true_anomaly,consumer_only,src/modules/land_detector,0.3084255524018768,0.044529934347336944,3,1
detected_true_anomaly,consumer_only,src/modules/vtol_att_control,0.2865313575475046,0.041368889317635105,4,1
detected_true_anomaly,consumer_only,src/modules/events,0.28438961113771677,0.041059667768792,5,1
detected_true_anomaly,consumer_only,src/modules/mc_att_control,0.24746675243299557,0.03572881090160583,6,1
detected_true_anomaly,consumer_only,src/modules/fw_pos_control_l1,0.23277537086253977,0.03360769528161451,7,1
detected_true_anomaly,consumer_only,src/modules/mc_pos_control,0.23277537086253977,0.03360769528161451,7,1
detected_true_anomaly,consumer_only,src/drivers/telemetry,0.19922305181311134,0.028763470953128367,8,1
detected_true_anomaly,consumer_only,src/modules/fw_att_control,0.19500867058526225,0.028155006064505127,9,1
detected_true_anomaly,consumer_only,src/modules/gnd_att_control,0.19163091114823147,0.027667331146520077,10,1
detected_true_anomaly,consumer_only,src/modules/position_estimator_inav,0.16409081305465403,0.023691140618608553,11,1
detected_true_anomaly,consumer_only,src/examples/rover_steering_control,0.16362952878132203,0.0236245412131865,12,1
detected_true_anomaly,consumer_only,src/modules/landing_target_estimator,0.14142715117116458,0.0204190013036823,13,1
detected_true_anomaly,consumer_only,src/modules/wind_estimator,0.14142715117116458,0.0204190013036823,13,1
detected_true_anomaly,consumer_only,src/drivers/mkblctrl,0.1368319191953595,0.019755549859403917,14,1
detected_true_anomaly,consumer_only,src/drivers/px4io,0.1368319191953595,0.019755549859403917,14,1
detected_true_anomaly,consumer_only,src/modules/sensors,0.1368319191953595,0.019755549859403917,14,1
detected_true_anomaly,consumer_only,src/platforms/posix/drivers/df_bebop_bus_wrapper,0.1368319191953595,0.019755549859403917,14,1
detected_true_anomaly,consumer_only,src/platforms/posix/drivers/df_ltc2946_wrapper,0.1368319191953595,0.019755549859403917,14,1
detected_true_anomaly,consumer_only,src/platforms/qurt/fc_addon/uart_esc,0.1368319191953595,0.019755549859403917,14,1
detected_true_anomaly,consumer_only,src/modules/navigator,0.1250669284346258,0.018056941355365747,15,1
detected_true_anomaly,consumer_only,src/drivers/camera_trigger,0.12168916899759503,0.0175692664373807,16,1
detected_true_anomaly,consumer_only,src/examples/fixedwing_control,0.10879099226213558,0.015707050551707336,17,1
detected_true_anomaly,consumer_only,src/drivers/vmount,0.10770844242791394,0.01555075392624876,18,1
detected_true_anomaly,consumer_only,src/modules/ekf2,0.0929772988675728,0.013423897540664819,19,1
detected_true_anomaly,consumer_only,src/modules/gnd_pos_control,0.0879704602543444,0.012701019059947163,20,1
detected_true_anomaly,consumer_only,src/examples/uuv_example_app,0.047367400780163604,0.0068388213314969385,21,1
detected_true_anomaly,consumer_only,src/drivers/blinkm,0.03016648203535272,0.0043553831842507275,22,1
detected_true_anomaly,consumer_only,src/modules/gpio_led,0.03016648203535272,0.0043553831842507275,22,1
detected_true_anomaly,consumer_only,src/drivers/batt_smbus,0.02908393220113108,0.0041990865587921535,23,1
detected_true_anomaly,consumer_only,src/examples/px4_simple_app,0.027629418606594052,0.00398908646519534,24,1
detected_true_anomaly,consumer_only,src/modules/attitude_estimator_q,0.027629418606594052,0.00398908646519534,24,1
detected_true_anomaly,consumer_only,src/modules/sdlog2,0.027629418606594052,0.00398908646519534,24,1
detected_true_anomaly,consumer_only,src/templates/module,0.027629418606594052,0.00398908646519534,24,1
detected_true_anomaly,consumer_only,src/modules/camera_feedback,0.019737982173569556,0.002849734866301599,25,1
detected_true_anomaly,consumer_only,src/modules/replay,0.019737982173569556,0.002849734866301599,25,1
detected_true_anomaly,consumer_only,src/modules/logger,0.0010825498342216368,0.00015629662545857417,26,1
detected_true_anomaly,bidirectional,src/modules/ekf2,1.1543934269550544,0.1521420487903878,1,1
detected_true_anomaly,bidirectional,src/modules/commander,0.9562420225646756,0.12602689607840115,2,1
detected_true_anomaly,bidirectional,src/modules/mavlink,0.38165219557475955,0.05029944350363529,3,1
detected_true_anomaly,bidirectional,src/modules/vtol_att_control,0.3351850895765257,0.04417536089639201,4,1
detected_true_anomaly,bidirectional,src/modules/sensors,0.269616683697692,0.03553384287195348,5,1
detected_true_anomaly,bidirectional,src/modules/mc_att_control,0.246988971071779,0.03255164765326868,6,1
detected_true_anomaly,bidirectional,src/modules/fw_att_control,0.22687281751596913,0.029900460679833044,7,1
detected_true_anomaly,bidirectional,src/modules/land_detector,0.22376549247496938,0.029490934094739466,8,1
detected_true_anomaly,bidirectional,src/modules/fw_pos_control_l1,0.19294972047162576,0.025429602335416558,9,1
detected_true_anomaly,bidirectional,src/modules/mc_pos_control,0.19294972047162576,0.025429602335416558,9,1
detected_true_anomaly,bidirectional,src/modules/events,0.1886744341635324,0.024866145542532254,10,1
detected_true_anomaly,bidirectional,src/modules/position_estimator_inav,0.18850997658909188,0.024844471032152825,11,1
detected_true_anomaly,bidirectional,src/modules/load_mon,0.1694820860682427,0.02233671052312326,12,1
detected_true_anomaly,bidirectional,src/platforms/posix/drivers/df_bebop_bus_wrapper,0.16499698677293598,0.021745601651673614,13,1
detected_true_anomaly,bidirectional,src/drivers/telemetry,0.1575113597316377,0.02075904143056436,14,1
detected_true_anomaly,bidirectional,src/drivers/mkblctrl,0.14681952914722907,0.01934992303778007,15,1
detected_true_anomaly,bidirectional,src/drivers/px4io,0.14681952914722907,0.01934992303778007,15,1
detected_true_anomaly,bidirectional,src/platforms/qurt/fc_addon/uart_esc,0.14681952914722907,0.01934992303778007,15,1
detected_true_anomaly,bidirectional,src/modules/gnd_att_control,0.14303734438434745,0.01885145403640468,16,1
detected_true_anomaly,bidirectional,src/modules/navigator,0.1366380043619683,0.018008059852777716,17,1
detected_true_anomaly,bidirectional,src/examples/rover_steering_control,0.12587477722822332,0.016589531828026575,18,1
detected_true_anomaly,bidirectional,src/examples/uuv_example_app,0.12583000376263537,0.016583630956948366,19,1
detected_true_anomaly,bidirectional,src/modules/landing_target_estimator,0.11571312368549831,0.015250287552211346,20,1
detected_true_anomaly,bidirectional,src/modules/wind_estimator,0.11571312368549831,0.015250287552211346,20,1
detected_true_anomaly,bidirectional,src/examples/fixedwing_control,0.11350200848394879,0.014958875985738163,21,1
detected_true_anomaly,bidirectional,src/modules/gnd_pos_control,0.10871062861662908,0.014327401193413816,22,1
detected_true_anomaly,bidirectional,src/modules/simulator,0.10722666794527141,0.014131824181631761,23,1
detected_true_anomaly,bidirectional,src/platforms/posix/drivers/df_ltc2946_wrapper,0.10525231529548117,0.013871616482800577,24,1
detected_true_anomaly,bidirectional,src/drivers/camera_trigger,0.09956386554348685,0.013121913323114028,25,1
detected_true_anomaly,bidirectional,src/drivers/vmount,0.09058580143414902,0.011938658952574989,26,1
detected_true_anomaly,bidirectional,src/examples/hwtest,0.08707485766977424,0.011475937868907026,27,1
detected_true_anomaly,bidirectional,src/drivers/linux_pwm_out,0.05974467147745481,0.007873985168873039,28,1
detected_true_anomaly,bidirectional,src/drivers/pwm_out_sim,0.05974467147745481,0.007873985168873039,28,1
detected_true_anomaly,bidirectional,src/drivers/px4fmu,0.05974467147745481,0.007873985168873039,28,1
detected_true_anomaly,bidirectional,src/drivers/snapdragon_pwm_out,0.05974467147745481,0.007873985168873039,28,1
detected_true_anomaly,bidirectional,src/drivers/tap_esc,0.05974467147745481,0.007873985168873039,28,1
detected_true_anomaly,bidirectional,src/modules/uavcan,0.05974467147745481,0.007873985168873039,28,1
detected_true_anomaly,bidirectional,src/examples/px4_simple_app,0.03875514609286113,0.005107693088041339,29,1
detected_true_anomaly,bidirectional,src/modules/attitude_estimator_q,0.03875514609286113,0.005107693088041339,29,1
detected_true_anomaly,bidirectional,src/modules/sdlog2,0.02260588795084968,0.0029793188589440217,30,1
detected_true_anomaly,bidirectional,src/platforms/qurt/tests/muorb,0.02260588795084968,0.0029793188589440217,30,1
detected_true_anomaly,bidirectional,src/templates/module,0.02260588795084968,0.0029793188589440217,30,1
detected_true_anomaly,bidirectional,src/drivers/blinkm,0.019192348095289708,0.002529435019408994,31,1
detected_true_anomaly,bidirectional,src/modules/gpio_led,0.019192348095289708,0.002529435019408994,31,1
detected_true_anomaly,bidirectional,src/drivers/batt_smbus,0.018177457625706925,0.00239567861389355,32,1
detected_true_anomaly,bidirectional,src/modules/syslink,0.018177457625706925,0.00239567861389355,32,1
detected_true_anomaly,bidirectional,src/modules/camera_feedback,0.016149258142011454,0.0021283742290973172,33,1
detected_true_anomaly,bidirectional,src/modules/replay,0.016149258142011454,0.0021283742290973172,33,1
detected_true_anomaly,bidirectional,src/drivers/distance_sensor,0.002156329631557668,0.0002841911607881832,34,1
detected_true_anomaly,bidirectional,src/drivers/px4flow,0.002156329631557668,0.0002841911607881832,34,1
detected_true_anomaly,bidirectional,src/platforms/posix/drivers/df_bebop_rangefinder_wrapper,0.002156329631557668,0.0002841911607881832,34,1
detected_true_anomaly,bidirectional,src/platforms/posix/drivers/df_isl29501_wrapper,0.002156329631557668,0.0002841911607881832,34,1
detected_true_anomaly,bidirectional,src/platforms/posix/drivers/df_trone_wrapper,0.002156329631557668,0.0002841911607881832,34,1
detected_true_anomaly,bidirectional,src/modules/logger,0.0010148904695827844,0.0001337564055154442,35,1
false_positive,producer_only,src/modules/ekf2,1.8832742669489295,0.2501362414558532,1,1
false_positive,producer_only,src/modules/mavlink,1.528279476141131,0.20298587983968316,2,1
false_positive,producer_only,src/modules/sensors,0.7386943469745755,0.09811328640743165,3,1
false_positive,producer_only,src/modules/position_estimator_inav,0.6022247658953526,0.07998741452393009,4,1
false_positive,producer_only,src/modules/load_mon,0.4851461897991219,0.06443705338234262,5,1
false_positive,producer_only,src/modules/vtol_att_control,0.31603820396507704,0.04197615285444053,6,1
false_positive,producer_only,src/examples/hwtest,0.22185833201371105,0.029467194597991807,7,1
false_positive,producer_only,src/examples/uuv_example_app,0.22185833201371105,0.029467194597991807,7,1
false_positive,producer_only,src/modules/simulator,0.10887103464706648,0.014460236561372646,8,1
false_positive,producer_only,src/platforms/posix/drivers/df_bebop_bus_wrapper,0.10557568659064792,0.01402254886415964,9,1
false_positive,producer_only,src/platforms/qurt/tests/muorb,0.10260753488026675,0.013628319342769573,10,1
false_positive,producer_only,src/modules/fw_att_control,0.08859367466153167,0.011767000264119861,11,1
false_positive,producer_only,src/modules/mc_att_control,0.08859367466153167,0.011767000264119861,11,1
false_positive,producer_only,src/examples/px4_simple_app,0.07561527582482036,0.010043211030600843,12,1
false_positive,producer_only,src/modules/attitude_estimator_q,0.07561527582482036,0.010043211030600843,12,1
false_positive,producer_only,src/drivers/linux_pwm_out,0.060618058215678915,0.008051282552162229,13,1
false_positive,producer_only,src/drivers/mkblctrl,0.060618058215678915,0.008051282552162229,13,1
false_positive,producer_only,src/drivers/pwm_out_sim,0.060618058215678915,0.008051282552162229,13,1
false_positive,producer_only,src/drivers/px4fmu,0.060618058215678915,0.008051282552162229,13,1
false_positive,producer_only,src/drivers/px4io,0.060618058215678915,0.008051282552162229,13,1
false_positive,producer_only,src/drivers/snapdragon_pwm_out,0.060618058215678915,0.008051282552162229,13,1
false_positive,producer_only,src/drivers/tap_esc,0.060618058215678915,0.008051282552162229,13,1
false_positive,producer_only,src/modules/uavcan,0.060618058215678915,0.008051282552162229,13,1
false_positive,producer_only,src/platforms/qurt/fc_addon/uart_esc,0.060618058215678915,0.008051282552162229,13,1
false_positive,producer_only,src/modules/gnd_pos_control,0.05767846940101194,0.007660846750839615,14,1
false_positive,producer_only,src/modules/navigator,0.05767846940101194,0.007660846750839615,14,1
false_positive,producer_only,src/drivers/telemetry,0.044957628374969014,0.005971266311997413,15,1
false_positive,producer_only,src/modules/syslink,0.044957628374969014,0.005971266311997413,15,1
false_positive,producer_only,src/platforms/posix/drivers/df_ltc2946_wrapper,0.044957628374969014,0.005971266311997413,15,1
false_positive,producer_only,src/examples/fixedwing_control,0.03650140255035402,0.0048481115056091,16,1
false_positive,producer_only,src/modules/commander,0.0249132593856756,0.0033089758483471295,17,1
false_positive,producer_only,src/modules/land_detector,0.009350154027246031,0.0012418862331707607,18,1
false_positive,producer_only,src/drivers/distance_sensor,0.0039181577389382945,0.0005204091976666757,19,1
false_positive,producer_only,src/drivers/px4flow,0.0039181577389382945,0.0005204091976666757,19,1
false_positive,producer_only,src/platforms/posix/drivers/df_bebop_rangefinder_wrapper,0.0039181577389382945,0.0005204091976666757,19,1
false_positive,producer_only,src/platforms/posix/drivers/df_isl29501_wrapper,0.0039181577389382945,0.0005204091976666757,19,1
false_positive,producer_only,src/platforms/posix/drivers/df_trone_wrapper,0.0039181577389382945,0.0005204091976666757,19,1
false_positive,consumer_only,src/modules/commander,1.7250450338678291,0.2572324218177961,1,1
false_positive,consumer_only,src/modules/simulator,0.6078414661158342,0.090639101786044,2,1
false_positive,consumer_only,src/modules/land_detector,0.3105385339259046,0.046306373214154956,3,1
false_positive,consumer_only,src/modules/events,0.2757043187210843,0.04111202213152417,4,1
false_positive,consumer_only,src/modules/vtol_att_control,0.27511446698802305,0.04102406559309771,5,1
false_positive,consumer_only,src/modules/fw_pos_control_l1,0.23063257542625856,0.03439108821058031,6,1
false_positive,consumer_only,src/modules/mc_pos_control,0.23063257542625856,0.03439108821058031,6,1
false_positive,consumer_only,src/modules/mc_att_control,0.2264985963013415,0.03377464432583005,7,1
false_positive,consumer_only,src/drivers/telemetry,0.20656401862162105,0.030802072831292267,8,1
false_positive,consumer_only,src/modules/fw_att_control,0.17441796505502363,0.026008570604698213,9,1
false_positive,consumer_only,src/modules/gnd_att_control,0.17008560851676544,0.02536254540382818,10,1
false_positive,consumer_only,src/modules/position_estimator_inav,0.17002505236001828,0.025353515490666362,11,1
false_positive,consumer_only,src/modules/landing_target_estimator,0.15063112038226065,0.022461563110720305,12,1
false_positive,consumer_only,src/modules/wind_estimator,0.15063112038226065,0.022461563110720305,12,1
false_positive,consumer_only,src/examples/rover_steering_control,0.14027615261333218,0.02091746809595168,13,1
false_positive,consumer_only,src/modules/navigator,0.13816008229278098,0.02060192740999539,14,1
false_positive,consumer_only,src/drivers/camera_trigger,0.13382772575452279,0.019955902209125357,15,1
false_positive,consumer_only,src/drivers/mkblctrl,0.1267761897221206,0.01890440288270879,16,1
false_positive,consumer_only,src/drivers/px4io,0.1267761897221206,0.01890440288270879,16,1
false_positive,consumer_only,src/modules/sensors,0.1267761897221206,0.01890440288270879,16,1
false_positive,consumer_only,src/platforms/posix/drivers/df_bebop_bus_wrapper,0.1267761897221206,0.01890440288270879,16,1
false_positive,consumer_only,src/platforms/posix/drivers/df_ltc2946_wrapper,0.1267761897221206,0.01890440288270879,16,1
false_positive,consumer_only,src/platforms/qurt/fc_addon/uart_esc,0.1267761897221206,0.01890440288270879,16,1
false_positive,consumer_only,src/modules/ekf2,0.10280191044500758,0.015329445824364255,17,1
false_positive,consumer_only,src/examples/fixedwing_control,0.09413337709252262,0.0140368257570096,18,1
false_positive,consumer_only,src/drivers/vmount,0.09247249313347758,0.013789160800584921,19,1
false_positive,consumer_only,src/modules/gnd_pos_control,0.07566909850573972,0.011283499898989972,20,1
false_positive,consumer_only,src/examples/uuv_example_app,0.03960506904557491,0.005905763401441051,21,1
false_positive,consumer_only,src/drivers/blinkm,0.03313122382152335,0.004940407220725859,22,1
false_positive,consumer_only,src/modules/gpio_led,0.03313122382152335,0.004940407220725859,22,1
false_positive,consumer_only,src/drivers/batt_smbus,0.03147033986247831,0.0046927422643011805,23,1
false_positive,consumer_only,src/examples/px4_simple_app,0.022801674417837054,0.0034001024998461028,24,1
false_positive,consumer_only,src/modules/attitude_estimator_q,0.022801674417837054,0.0034001024998461028,24,1
false_positive,consumer_only,src/modules/sdlog2,0.022801674417837054,0.0034001024998461028,24,1
false_positive,consumer_only,src/templates/module,0.022801674417837054,0.0034001024998461028,24,1
false_positive,consumer_only,src/modules/camera_feedback,0.016803394627737857,0.0025056609015949483,25,1
false_positive,consumer_only,src/modules/replay,0.016803394627737857,0.0025056609015949483,25,1
false_positive,consumer_only,src/modules/logger,0.00166088395904504,0.000247664956424679,26,1
false_positive,bidirectional,src/modules/ekf2,1.2942068941306457,0.17189639015700087,1,1
false_positive,bidirectional,src/modules/commander,0.9479790753555976,0.12591045661788067,2,1
false_positive,bidirectional,src/modules/mavlink,0.37391438157710105,0.049663259183969986,3,1
false_positive,bidirectional,src/modules/vtol_att_control,0.32076498801741626,0.04260396369313535,4,1
false_positive,bidirectional,src/modules/sensors,0.27050290464723115,0.03592816036347631,5,1
false_positive,bidirectional,src/modules/mc_att_control,0.2383357227216788,0.03165571947353635,6,1
false_positive,bidirectional,src/modules/land_detector,0.22722325417672562,0.03017976285696014,7,1
false_positive,bidirectional,src/modules/fw_att_control,0.21851269319752106,0.02902282728865328,8,1
false_positive,bidirectional,src/modules/position_estimator_inav,0.19728083205774638,0.026202814273119497,9,1
false_positive,bidirectional,src/modules/fw_pos_control_l1,0.19090623340240767,0.025356140914692942,10,1
false_positive,bidirectional,src/modules/mc_pos_control,0.19090623340240767,0.025356140914692942,10,1
false_positive,bidirectional,src/modules/events,0.18294143772536098,0.02429825779613477,11,1
false_positive,bidirectional,src/drivers/telemetry,0.1631256005075518,0.021666320892438834,12,1
false_positive,bidirectional,src/modules/load_mon,0.1617153965997073,0.021479017794114205,13,1
false_positive,bidirectional,src/platforms/posix/drivers/df_bebop_bus_wrapper,0.15545204516056108,0.02064712027637064,14,1
false_positive,bidirectional,src/modules/navigator,0.14196953739913856,0.01885637536150209,15,1
false_positive,bidirectional,src/drivers/mkblctrl,0.13578308274651213,0.018034691264871772,16,1
false_positive,bidirectional,src/drivers/px4io,0.13578308274651213,0.018034691264871772,16,1
false_positive,bidirectional,src/platforms/qurt/fc_addon/uart_esc,0.13578308274651213,0.018034691264871772,16,1
false_positive,bidirectional,src/modules/gnd_att_control,0.12628412781832998,0.016773041315529334,17,1
false_positive,bidirectional,src/modules/landing_target_estimator,0.12324364394912235,0.01636920464627835,18,1
false_positive,bidirectional,src/modules/wind_estimator,0.12324364394912235,0.01636920464627835,18,1
false_positive,bidirectional,src/examples/uuv_example_app,0.11307990449681986,0.015019258103518913,19,1
false_positive,bidirectional,src/modules/simulator,0.10981379792190671,0.014585454256049266,20,1
false_positive,bidirectional,src/drivers/camera_trigger,0.10949541198097319,0.014543166277078195,21,1
false_positive,bidirectional,src/examples/rover_steering_control,0.10817224411588577,0.014367423294552163,22,1
false_positive,bidirectional,src/examples/fixedwing_control,0.10123385094559222,0.013445866822497815,23,1
false_positive,bidirectional,src/platforms/posix/drivers/df_ltc2946_wrapper,0.10034471950994388,0.013327772501677706,24,1
false_positive,bidirectional,src/modules/gnd_pos_control,0.0928669334361319,0.012334573934830314,25,1
false_positive,bidirectional,src/examples/hwtest,0.08067575709589493,0.010715343490178837,26,1
false_positive,bidirectional,src/drivers/vmount,0.07777593070377507,0.01033018892861066,27,1
false_positive,bidirectional,src/drivers/linux_pwm_out,0.0551073256506172,0.007319347774692934,28,1
false_positive,bidirectional,src/drivers/pwm_out_sim,0.0551073256506172,0.007319347774692934,28,1
false_positive,bidirectional,src/drivers/px4fmu,0.0551073256506172,0.007319347774692934,28,1
false_positive,bidirectional,src/drivers/snapdragon_pwm_out,0.0551073256506172,0.007319347774692934,28,1
false_positive,bidirectional,src/drivers/tap_esc,0.0551073256506172,0.007319347774692934,28,1
false_positive,bidirectional,src/modules/uavcan,0.0551073256506172,0.007319347774692934,28,1
false_positive,bidirectional,src/examples/px4_simple_app,0.032404147400924926,0.004303914613340075,29,1
false_positive,bidirectional,src/modules/attitude_estimator_q,0.032404147400924926,0.004303914613340075,29,1
false_positive,bidirectional,src/drivers/blinkm,0.02122604112565367,0.0028192400020205636,30,1
false_positive,bidirectional,src/modules/gpio_led,0.02122604112565367,0.0028192400020205636,30,1
false_positive,bidirectional,src/drivers/batt_smbus,0.019668962414048943,0.002612429011498868,31,1
false_positive,bidirectional,src/modules/syslink,0.019668962414048943,0.002612429011498868,31,1
false_positive,bidirectional,src/modules/sdlog2,0.018655915432775772,0.0024778762441399218,32,1
false_positive,bidirectional,src/platforms/qurt/tests/muorb,0.018655915432775772,0.0024778762441399218,32,1
false_positive,bidirectional,src/templates/module,0.018655915432775772,0.0024778762441399218,32,1
false_positive,bidirectional,src/modules/camera_feedback,0.013748231968149156,0.001826038369200153,33,1
false_positive,bidirectional,src/modules/replay,0.013748231968149156,0.001826038369200153,33,1
false_positive,bidirectional,src/drivers/distance_sensor,0.0034828068790562616,0.00046258595348148935,34,1
false_positive,bidirectional,src/drivers/px4flow,0.0034828068790562616,0.00046258595348148935,34,1
false_positive,bidirectional,src/platforms/posix/drivers/df_bebop_rangefinder_wrapper,0.0034828068790562616,0.00046258595348148935,34,1
false_positive,bidirectional,src/platforms/posix/drivers/df_isl29501_wrapper,0.0034828068790562616,0.00046258595348148935,34,1
false_positive,bidirectional,src/platforms/posix/drivers/df_trone_wrapper,0.0034828068790562616,0.00046258595348148935,34,1
false_positive,bidirectional,src/modules/logger,0.001557078711604725,0.00020681099052169557,35,1
detected_true_anomaly,producer_only,src/modules/ekf2,1.50970743510014,0.2260866622490135,1,2
detected_true_anomaly,producer_only,src/modules/mavlink,1.4270090698226168,0.21370214525959777,2,2
detected_true_anomaly,producer_only,src/modules/sensors,0.6931506843956142,0.10380297601185819,3,2
detected_true_anomaly,producer_only,src/modules/position_estimator_inav,0.5054975839094364,0.07570093308406103,4,2
detected_true_anomaly,producer_only,src/modules/load_mon,0.4348905703972105,0.06512715988455944,5,2
detected_true_anomaly,producer_only,src/modules/vtol_att_control,0.3154451264672786,0.04723957377938885,6,2
detected_true_anomaly,producer_only,src/examples/hwtest,0.21675584162810743,0.03246033212615397,7,2
detected_true_anomaly,producer_only,src/examples/uuv_example_app,0.21675584162810743,0.03246033212615397,7,2
detected_true_anomaly,producer_only,src/platforms/qurt/tests/muorb,0.1028188979916164,0.015397673034248802,8,2
detected_true_anomaly,producer_only,src/platforms/posix/drivers/df_bebop_bus_wrapper,0.09071609758765181,0.013585214750225802,9,2
detected_true_anomaly,producer_only,src/modules/simulator,0.0809674441705333,0.012125302411413897,10,2
detected_true_anomaly,producer_only,src/examples/px4_simple_app,0.07156620459031543,0.010717417129618363,11,2
detected_true_anomaly,producer_only,src/modules/attitude_estimator_q,0.07156620459031543,0.010717417129618363,11,2
detected_true_anomaly,producer_only,src/modules/gnd_pos_control,0.06724633918129479,0.01007049446832428,12,2
detected_true_anomaly,producer_only,src/modules/navigator,0.06724633918129479,0.01007049446832428,12,2
detected_true_anomaly,producer_only,src/modules/fw_att_control,0.06617265963154607,0.009909705284881193,13,2
detected_true_anomaly,producer_only,src/modules/mc_att_control,0.06617265963154607,0.009909705284881193,13,2
detected_true_anomaly,producer_only,src/drivers/linux_pwm_out,0.056289259888094,0.008429613972009291,14,2
detected_true_anomaly,producer_only,src/drivers/mkblctrl,0.056289259888094,0.008429613972009291,14,2
detected_true_anomaly,producer_only,src/drivers/pwm_out_sim,0.056289259888094,0.008429613972009291,14,2
detected_true_anomaly,producer_only,src/drivers/px4fmu,0.056289259888094,0.008429613972009291,14,2
detected_true_anomaly,producer_only,src/drivers/px4io,0.056289259888094,0.008429613972009291,14,2
detected_true_anomaly,producer_only,src/drivers/snapdragon_pwm_out,0.056289259888094,0.008429613972009291,14,2
detected_true_anomaly,producer_only,src/drivers/tap_esc,0.056289259888094,0.008429613972009291,14,2
detected_true_anomaly,producer_only,src/modules/uavcan,0.056289259888094,0.008429613972009291,14,2
detected_true_anomaly,producer_only,src/platforms/qurt/fc_addon/uart_esc,0.056289259888094,0.008429613972009291,14,2
detected_true_anomaly,producer_only,src/drivers/telemetry,0.0344268376995578,0.0051556007782165075,15,2
detected_true_anomaly,producer_only,src/modules/syslink,0.0344268376995578,0.0051556007782165075,15,2
detected_true_anomaly,producer_only,src/platforms/posix/drivers/df_ltc2946_wrapper,0.0344268376995578,0.0051556007782165075,15,2
detected_true_anomaly,producer_only,src/examples/fixedwing_control,0.03144294565787641,0.0047087471849106026,16,2
detected_true_anomaly,producer_only,src/modules/commander,0.0161161642231583,0.0024134807133867893,17,2
detected_true_anomaly,producer_only,src/modules/land_detector,0.005936214997844405,0.0008889795493165561,18,2
detected_true_anomaly,producer_only,src/drivers/distance_sensor,0.0020993262732902744,0.0003143851974660083,19,2
detected_true_anomaly,producer_only,src/drivers/px4flow,0.0020993262732902744,0.0003143851974660083,19,2
detected_true_anomaly,producer_only,src/platforms/posix/drivers/df_bebop_rangefinder_wrapper,0.0020993262732902744,0.0003143851974660083,19,2
detected_true_anomaly,producer_only,src/platforms/posix/drivers/df_isl29501_wrapper,0.0020993262732902744,0.0003143851974660083,19,2
detected_true_anomaly,producer_only,src/platforms/posix/drivers/df_trone_wrapper,0.0020993262732902744,0.0003143851974660083,19,2
detected_true_anomaly,consumer_only,src/modules/commander,1.4809825688226157,0.24205096476303584,1,2
detected_true_anomaly,consumer_only,src/modules/simulator,0.5639670098291506,0.09217445343208541,2,2
detected_true_anomaly,consumer_only,src/modules/land_detector,0.2772700757126374,0.045316866477043846,3,2
detected_true_anomaly,consumer_only,src/modules/vtol_att_control,0.2651107112514186,0.043329546733582434,4,2
detected_true_anomaly,consumer_only,src/modules/events,0.24261848253650628,0.03965342942151739,5,2
detected_true_anomaly,consumer_only,src/modules/mc_att_control,0.22341946922385947,0.036515553397413324,6,2
detected_true_anomaly,consumer_only,src/modules/fw_pos_control_l1,0.2123880508545933,0.03471258453390513,7,2
detected_true_anomaly,consumer_only,src/modules/mc_pos_control,0.2123880508545933,0.03471258453390513,7,2
detected_true_anomaly,consumer_only,src/modules/fw_att_control,0.1779511121650004,0.029084230487896198,8,2
detected_true_anomaly,consumer_only,src/drivers/telemetry,0.1762582387804273,0.02880754820642725,9,2
detected_true_anomaly,consumer_only,src/modules/gnd_att_control,0.1751806397888343,0.028631426028466626,10,2
detected_true_anomaly,consumer_only,src/examples/rover_steering_control,0.1521562643473544,0.024868334952312256,11,2
detected_true_anomaly,consumer_only,src/modules/position_estimator_inav,0.138755248795868,0.022678080447412513,12,2
detected_true_anomaly,consumer_only,src/modules/landing_target_estimator,0.1282363974443893,0.020958885251314736,13,2
detected_true_anomaly,consumer_only,src/modules/wind_estimator,0.1282363974443893,0.020958885251314736,13,2
detected_true_anomaly,consumer_only,src/drivers/mkblctrl,0.1238604809303471,0.020243687897716932,14,2
detected_true_anomaly,consumer_only,src/drivers/px4io,0.1238604809303471,0.020243687897716932,14,2
detected_true_anomaly,consumer_only,src/modules/sensors,0.1238604809303471,0.020243687897716932,14,2
detected_true_anomaly,consumer_only,src/platforms/posix/drivers/df_bebop_bus_wrapper,0.1238604809303471,0.020243687897716932,14,2
detected_true_anomaly,consumer_only,src/platforms/posix/drivers/df_ltc2946_wrapper,0.1238604809303471,0.020243687897716932,14,2
detected_true_anomaly,consumer_only,src/platforms/qurt/fc_addon/uart_esc,0.1238604809303471,0.020243687897716932,14,2
detected_true_anomaly,consumer_only,src/modules/navigator,0.1151032688004853,0.018812414033127986,15,2
detected_true_anomaly,consumer_only,src/drivers/camera_trigger,0.1123327964243192,0.018359609573698414,16,2
detected_true_anomaly,consumer_only,src/examples/fixedwing_control,0.09835919300231857,0.016075771626706054,17,2
detected_true_anomaly,consumer_only,src/drivers/vmount,0.09728478205410801,0.01590017050077715,18,2
detected_true_anomaly,consumer_only,src/modules/gnd_pos_control,0.08138118103403792,0.013300894823160827,19,2
detected_true_anomaly,consumer_only,src/modules/ekf2,0.0784577016651494,0.012823082986207967,20,2
detected_true_anomaly,consumer_only,src/examples/uuv_example_app,0.03875224501820707,0.006333645304716655,21,2
detected_true_anomaly,consumer_only,src/drivers/blinkm,0.025173197337901014,0.004114293328012179,22,2
detected_true_anomaly,consumer_only,src/modules/gpio_led,0.025173197337901014,0.004114293328012179,22,2
detected_true_anomaly,consumer_only,src/drivers/batt_smbus,0.02409878638969046,0.003938692202083274,23,2
detected_true_anomaly,consumer_only,src/examples/px4_simple_app,0.022848643998136978,0.003734369627100332,24,2
detected_true_anomaly,consumer_only,src/modules/attitude_estimator_q,0.022848643998136978,0.003734369627100332,24,2
detected_true_anomaly,consumer_only,src/modules/sdlog2,0.022848643998136978,0.003734369627100332,24,2
detected_true_anomaly,consumer_only,src/templates/module,0.022848643998136978,0.003734369627100332,24,2
detected_true_anomaly,consumer_only,src/modules/camera_feedback,0.015903601020070095,0.002599275677616323,25,2
detected_true_anomaly,consumer_only,src/modules/replay,0.015903601020070095,0.002599275677616323,25,2
detected_true_anomaly,consumer_only,src/modules/logger,0.0010744109482105533,0.00017560112592890446,26,2
detected_true_anomaly,bidirectional,src/modules/ekf2,0.9895111352053945,0.14818451881173966,1,2
detected_true_anomaly,bidirectional,src/modules/commander,0.821723570612828,0.12305744480808817,2,2
detected_true_anomaly,bidirectional,src/modules/mavlink,0.34555853946587733,0.051749216426361475,3,2
detected_true_anomaly,bidirectional,src/modules/vtol_att_control,0.306410090074998,0.04588652935916739,4,2
detected_true_anomaly,bidirectional,src/modules/sensors,0.23559161847463522,0.03528108919410618,5,2
detected_true_anomaly,bidirectional,src/modules/mc_att_control,0.21660363490915602,0.03243753836607865,6,2
detected_true_anomaly,bidirectional,src/modules/land_detector,0.201129155510635,0.030120153344376965,7,2
detected_true_anomaly,bidirectional,src/modules/fw_att_control,0.19905702640284004,0.029809841066091525,8,2
detected_true_anomaly,bidirectional,src/modules/fw_pos_control_l1,0.1761081073069876,0.026373119221862296,9,2
detected_true_anomaly,bidirectional,src/modules/mc_pos_control,0.1761081073069876,0.026373119221862296,9,2
detected_true_anomaly,bidirectional,src/modules/position_estimator_inav,0.1665675091995702,0.02494436426456676,10,2
detected_true_anomaly,bidirectional,src/modules/events,0.1610325252232408,0.02411547117990955,11,2
detected_true_anomaly,bidirectional,src/platforms/posix/drivers/df_bebop_bus_wrapper,0.14505410198386287,0.02172261790635234,12,2
detected_true_anomaly,bidirectional,src/modules/load_mon,0.14496352346573685,0.021709053294853148,13,2
detected_true_anomaly,bidirectional,src/drivers/telemetry,0.13968403566502544,0.020918422111952432,14,2
detected_true_anomaly,bidirectional,src/modules/gnd_att_control,0.13055794761893671,0.019551742225664425,15,2
detected_true_anomaly,bidirectional,src/drivers/mkblctrl,0.12999236049030632,0.019467042565882615,16,2
detected_true_anomaly,bidirectional,src/drivers/px4io,0.12999236049030632,0.019467042565882615,16,2
detected_true_anomaly,bidirectional,src/platforms/qurt/fc_addon/uart_esc,0.12999236049030632,0.019467042565882615,16,2
detected_true_anomaly,bidirectional,src/modules/navigator,0.1278582403629022,0.019147446804991874,17,2
detected_true_anomaly,bidirectional,src/examples/rover_steering_control,0.11650346638932757,0.017447009429781377,18,2
detected_true_anomaly,bidirectional,src/examples/uuv_example_app,0.11052668833420849,0.016551955348395476,19,2
detected_true_anomaly,bidirectional,src/modules/landing_target_estimator,0.1049206888181367,0.01571242731157807,20,2
detected_true_anomaly,bidirectional,src/modules/wind_estimator,0.1049206888181367,0.01571242731157807,20,2
detected_true_anomaly,bidirectional,src/modules/gnd_pos_control,0.10248416892714102,0.015347545588900457,21,2
detected_true_anomaly,bidirectional,src/examples/fixedwing_control,0.10174606419340602,0.015237010506565597,22,2
detected_true_anomaly,bidirectional,src/platforms/posix/drivers/df_ltc2946_wrapper,0.09388204754014105,0.014059332477252983,23,2
detected_true_anomaly,bidirectional,src/drivers/camera_trigger,0.09190865161989753,0.013763806015283825,24,2
detected_true_anomaly,bidirectional,src/modules/simulator,0.0913277640985486,0.013676815040880117,25,2
detected_true_anomaly,bidirectional,src/drivers/vmount,0.08187303653473278,0.012260919651032562,26,2
detected_true_anomaly,bidirectional,src/examples/hwtest,0.07882030604658452,0.011803757136783262,27,2
detected_true_anomaly,bidirectional,src/drivers/linux_pwm_out,0.05117205444372182,0.0076632854290993565,28,2
detected_true_anomaly,bidirectional,src/drivers/pwm_out_sim,0.05117205444372182,0.0076632854290993565,28,2
detected_true_anomaly,bidirectional,src/drivers/px4fmu,0.05117205444372182,0.0076632854290993565,28,2
detected_true_anomaly,bidirectional,src/drivers/snapdragon_pwm_out,0.05117205444372182,0.0076632854290993565,28,2
detected_true_anomaly,bidirectional,src/drivers/tap_esc,0.05117205444372182,0.0076632854290993565,28,2
detected_true_anomaly,bidirectional,src/modules/uavcan,0.05117205444372182,0.0076632854290993565,28,2
detected_true_anomaly,bidirectional,src/examples/px4_simple_app,0.03170638228762397,0.0047481982116122125,29,2
detected_true_anomaly,bidirectional,src/modules/attitude_estimator_q,0.03170638228762397,0.0047481982116122125,29,2
detected_true_anomaly,bidirectional,src/modules/sdlog2,0.018694345089384803,0.0027995769153179645,30,2
detected_true_anomaly,bidirectional,src/platforms/qurt/tests/muorb,0.018694345089384803,0.0027995769153179645,30,2
detected_true_anomaly,bidirectional,src/templates/module,0.018694345089384803,0.0027995769153179645,30,2
detected_true_anomaly,bidirectional,src/drivers/blinkm,0.01606900175750393,0.0024064178850563963,31,2
detected_true_anomaly,bidirectional,src/modules/gpio_led,0.01606900175750393,0.0024064178850563963,31,2
detected_true_anomaly,bidirectional,src/drivers/batt_smbus,0.015061741493556538,0.002255575340469722,32,2
detected_true_anomaly,bidirectional,src/modules/syslink,0.015061741493556538,0.002255575340469722,32,2
detected_true_anomaly,bidirectional,src/modules/camera_feedback,0.013012037198239169,0.0019486212962942478,33,2
detected_true_anomaly,bidirectional,src/modules/replay,0.013012037198239169,0.0019486212962942478,33,2
detected_true_anomaly,bidirectional,src/drivers/distance_sensor,0.0018660677984802438,0.00027945350885867404,34,2
detected_true_anomaly,bidirectional,src/drivers/px4flow,0.0018660677984802438,0.00027945350885867404,34,2
detected_true_anomaly,bidirectional,src/platforms/posix/drivers/df_bebop_rangefinder_wrapper,0.0018660677984802438,0.00027945350885867404,34,2
detected_true_anomaly,bidirectional,src/platforms/posix/drivers/df_isl29501_wrapper,0.0018660677984802438,0.00027945350885867404,34,2
detected_true_anomaly,bidirectional,src/platforms/posix/drivers/df_trone_wrapper,0.0018660677984802438,0.00027945350885867404,34,2
detected_true_anomaly,bidirectional,src/modules/logger,0.0010072602639473937,0.00015084254458667433,35,2
false_positive,producer_only,src/modules/ekf2,1.6751418698545482,0.2510451084219153,1,2
false_positive,producer_only,src/modules/mavlink,1.3757742160934663,0.2061803799777562,2,2
false_positive,producer_only,src/modules/sensors,0.64588716108451,0.0967958686370027,3,2
false_positive,producer_only,src/modules/position_estimator_inav,0.5381104709420333,0.08064391676410099,4,2
false_positive,producer_only,src/modules/load_mon,0.3944493258753349,0.05911414165172954,5,2
false_positive,producer_only,src/modules/vtol_att_control,0.3018640744026693,0.04523885448202623,6,2
false_positive,producer_only,src/examples/hwtest,0.2135840646573611,0.03200877229207835,7,2
false_positive,producer_only,src/examples/uuv_example_app,0.2135840646573611,0.03200877229207835,7,2
false_positive,producer_only,src/modules/simulator,0.09486983367978279,0.014217666044117283,8,2
false_positive,producer_only,src/platforms/posix/drivers/df_bebop_bus_wrapper,0.08969944100105522,0.013442805231446088,9,2
false_positive,producer_only,src/platforms/qurt/tests/muorb,0.08497495034204805,0.012734769517532635,10,2
false_positive,producer_only,src/modules/fw_att_control,0.07415782588378458,0.01111366134078227,11,2
false_positive,producer_only,src/modules/mc_att_control,0.07415782588378458,0.01111366134078227,11,2
false_positive,producer_only,src/examples/px4_simple_app,0.06206653864599822,0.009301600780303195,12,2
false_positive,producer_only,src/modules/attitude_estimator_q,0.06206653864599822,0.009301600780303195,12,2
false_positive,producer_only,src/modules/gnd_pos_control,0.05407146287572147,0.008103418883169412,13,2
false_positive,producer_only,src/modules/navigator,0.05407146287572147,0.008103418883169412,13,2
false_positive,producer_only,src/drivers/linux_pwm_out,0.0524268420653833,0.007856947812823511,14,2
false_positive,producer_only,src/drivers/mkblctrl,0.0524268420653833,0.007856947812823511,14,2
false_positive,producer_only,src/drivers/pwm_out_sim,0.0524268420653833,0.007856947812823511,14,2
false_positive,producer_only,src/drivers/px4fmu,0.0524268420653833,0.007856947812823511,14,2
false_positive,producer_only,src/drivers/px4io,0.0524268420653833,0.007856947812823511,14,2
false_positive,producer_only,src/drivers/snapdragon_pwm_out,0.0524268420653833,0.007856947812823511,14,2
false_positive,producer_only,src/drivers/tap_esc,0.0524268420653833,0.007856947812823511,14,2
false_positive,producer_only,src/modules/uavcan,0.0524268420653833,0.007856947812823511,14,2
false_positive,producer_only,src/platforms/qurt/fc_addon/uart_esc,0.0524268420653833,0.007856947812823511,14,2
false_positive,producer_only,src/drivers/telemetry,0.03727259893567192,0.005585857418622576,15,2
false_positive,producer_only,src/modules/syslink,0.03727259893567192,0.005585857418622576,15,2
false_positive,producer_only,src/platforms/posix/drivers/df_ltc2946_wrapper,0.03727259893567192,0.005585857418622576,15,2
false_positive,producer_only,src/examples/fixedwing_control,0.03420854686958676,0.0051266633067784655,16,2
false_positive,producer_only,src/modules/commander,0.020539411022824437,0.0030781384907983727,17,2
false_positive,producer_only,src/modules/land_detector,0.006320339582775019,0.0009471975862909147,18,2
false_positive,producer_only,src/drivers/distance_sensor,0.0038828025862613046,0.0005818961449118935,19,2
false_positive,producer_only,src/drivers/px4flow,0.0038828025862613046,0.0005818961449118935,19,2
false_positive,producer_only,src/platforms/posix/drivers/df_bebop_rangefinder_wrapper,0.0038828025862613046,0.0005818961449118935,19,2
false_positive,producer_only,src/platforms/posix/drivers/df_isl29501_wrapper,0.0038828025862613046,0.0005818961449118935,19,2
false_positive,producer_only,src/platforms/posix/drivers/df_trone_wrapper,0.0038828025862613046,0.0005818961449118935,19,2
false_positive,consumer_only,src/modules/commander,1.4820862321963595,0.2503261051025811,1,2
false_positive,consumer_only,src/modules/simulator,0.5256377147220213,0.08878082729801126,2,2
false_positive,consumer_only,src/modules/land_detector,0.28288081906756246,0.047778902540961614,3,2
false_positive,consumer_only,src/modules/vtol_att_control,0.2461707338327741,0.04157852603440026,4,2
false_positive,consumer_only,src/modules/events,0.22468477626082609,0.03794952256851254,5,2
false_positive,consumer_only,src/modules/fw_pos_control_l1,0.20428285760038523,0.03450361454781703,6,2
false_positive,consumer_only,src/modules/mc_pos_control,0.20428285760038523,0.03450361454781703,6,2
false_positive,consumer_only,src/modules/mc_att_control,0.2035577514971634,0.03438114327545615,7,2
false_positive,consumer_only,src/drivers/telemetry,0.1797161044187319,0.030354261085524723,8,2
false_positive,consumer_only,src/modules/fw_att_control,0.15405074250214756,0.02601935131775389,9,2
false_positive,consumer_only,src/modules/position_estimator_inav,0.15323434924906298,0.025881461538578333,10,2
false_positive,consumer_only,src/modules/gnd_att_control,0.15087563712459495,0.025483072290807433,11,2
false_positive,consumer_only,src/modules/landing_target_estimator,0.13337266879734033,0.022526800385762845,12,2
false_positive,consumer_only,src/modules/wind_estimator,0.13337266879734033,0.022526800385762845,12,2
false_positive,consumer_only,src/examples/rover_steering_control,0.12615411193781292,0.021307577655092738,13,2
false_positive,consumer_only,src/modules/navigator,0.12275521003133777,0.020733499131596313,14,2
false_positive,consumer_only,src/drivers/mkblctrl,0.12204803694706348,0.020614056767195275,15,2
false_positive,consumer_only,src/drivers/px4io,0.12204803694706348,0.020614056767195275,15,2
false_positive,consumer_only,src/modules/sensors,0.12204803694706348,0.020614056767195275,15,2
false_positive,consumer_only,src/platforms/posix/drivers/df_bebop_bus_wrapper,0.12204803694706348,0.020614056767195275,15,2
false_positive,consumer_only,src/platforms/posix/drivers/df_ltc2946_wrapper,0.12204803694706348,0.020614056767195275,15,2
false_positive,consumer_only,src/platforms/qurt/fc_addon/uart_esc,0.12204803694706348,0.020614056767195275,15,2
false_positive,consumer_only,src/drivers/camera_trigger,0.11958010465378519,0.02019722010464986,16,2
false_positive,consumer_only,src/modules/ekf2,0.09130407017868028,0.015421364675907486,17,2
false_positive,consumer_only,src/examples/fixedwing_control,0.08289694163723575,0.01400139079236511,18,2
false_positive,consumer_only,src/drivers/vmount,0.08152764756904746,0.013770115416220714,19,2
false_positive,consumer_only,src/modules/gnd_pos_control,0.0677350834254923,0.011440535135107729,20,2
false_positive,consumer_only,src/examples/uuv_example_app,0.03267588644178806,0.00551899559287137,21,2
false_positive,consumer_only,src/drivers/blinkm,0.02746011332315864,0.004638045388003491,22,2
false_positive,consumer_only,src/modules/gpio_led,0.02746011332315864,0.004638045388003491,22,2
false_positive,consumer_only,src/drivers/batt_smbus,0.026090819254970345,0.004406770011859095,23,2
false_positive,consumer_only,src/examples/px4_simple_app,0.0188833222982329,0.003189415311758385,24,2
false_positive,consumer_only,src/modules/attitude_estimator_q,0.0188833222982329,0.003189415311758385,24,2
false_positive,consumer_only,src/modules/sdlog2,0.0188833222982329,0.003189415311758385,24,2
false_positive,consumer_only,src/templates/module,0.0188833222982329,0.003189415311758385,24,2
false_positive,consumer_only,src/modules/camera_feedback,0.01379256414355516,0.002329580281112985,25,2
false_positive,consumer_only,src/modules/replay,0.01379256414355516,0.002329580281112985,25,2
false_positive,consumer_only,src/modules/logger,0.0013692940681882958,0.00023127537614439633,26,2
false_positive,bidirectional,src/modules/ekf2,1.1661955161234976,0.17477187159783417,1,2
false_positive,bidirectional,src/modules/commander,0.8128042057088932,0.12181088874919917,2,2
false_positive,bidirectional,src/modules/mavlink,0.3396850642719322,0.05090689649877654,3,2
false_positive,bidirectional,src/modules/vtol_att_control,0.2930697060819742,0.04392088662013829,4,2
false_positive,bidirectional,src/modules/sensors,0.24228631345163787,0.03631023432952218,5,2
false_positive,bidirectional,src/modules/mc_att_control,0.20790828723507562,0.03115817200323235,6,2
false_positive,bidirectional,src/modules/land_detector,0.20578502038561247,0.030839968652206076,7,2
false_positive,bidirectional,src/modules/fw_att_control,0.18878767902060692,0.028292662371674365,8,2
false_positive,bidirectional,src/modules/position_estimator_inav,0.17540680790100438,0.026287338344228275,9,2
false_positive,bidirectional,src/modules/fw_pos_control_l1,0.16912562710861118,0.02534600928940564,10,2
false_positive,bidirectional,src/modules/mc_pos_control,0.16912562710861118,0.02534600928940564,10,2
false_positive,bidirectional,src/modules/events,0.14907358384839461,0.02234091016023212,11,2
false_positive,bidirectional,src/drivers/telemetry,0.14216355884693382,0.021305339378492605,12,2
false_positive,bidirectional,src/platforms/posix/drivers/df_bebop_bus_wrapper,0.14163446015101805,0.0212260460112427,13,2
false_positive,bidirectional,src/modules/load_mon,0.13148310862511162,0.019704713883909843,14,2
false_positive,bidirectional,src/modules/navigator,0.12756223197807667,0.019117111770514332,15,2
false_positive,bidirectional,src/drivers/mkblctrl,0.12532769811666158,0.018782233390595322,16,2
false_positive,bidirectional,src/drivers/px4io,0.12532769811666158,0.018782233390595322,16,2
false_positive,bidirectional,src/platforms/qurt/fc_addon/uart_esc,0.12532769811666158,0.018782233390595322,16,2
false_positive,bidirectional,src/modules/gnd_att_control,0.11194162004061245,0.0167761290227081,17,2
false_positive,bidirectional,src/modules/landing_target_estimator,0.10912309265236937,0.01635373046261894,18,2
false_positive,bidirectional,src/modules/wind_estimator,0.10912309265236937,0.01635373046261894,18,2
false_positive,bidirectional,src/examples/uuv_example_app,0.10440174878232154,0.01564616634218046,19,2
false_positive,bidirectional,src/drivers/camera_trigger,0.09783826744400606,0.014662530320745633,20,2
false_positive,bidirectional,src/examples/rover_steering_control,0.09691857119518252,0.014524700057735622,21,2
false_positive,bidirectional,src/modules/simulator,0.0955598368928693,0.014321073364152698,22,2
false_positive,bidirectional,src/platforms/posix/drivers/df_ltc2946_wrapper,0.09397369463703323,0.014083366181403142,23,2
false_positive,bidirectional,src/examples/fixedwing_control,0.09040796787907385,0.013548988600217995,24,2
false_positive,bidirectional,src/modules/gnd_pos_control,0.08435003279789269,0.012641116260187416,25,2
false_positive,bidirectional,src/examples/hwtest,0.07766693260267676,0.011639553560755765,26,2
false_positive,bidirectional,src/drivers/vmount,0.06859912656839526,0.010280606960476018,27,2
false_positive,bidirectional,src/drivers/linux_pwm_out,0.047660765513984814,0.0071426798298395554,28,2
false_positive,bidirectional,src/drivers/pwm_out_sim,0.047660765513984814,0.0071426798298395554,28,2
false_positive,bidirectional,src/drivers/px4fmu,0.047660765513984814,0.0071426798298395554,28,2
false_positive,bidirectional,src/drivers/snapdragon_pwm_out,0.047660765513984814,0.0071426798298395554,28,2
false_positive,bidirectional,src/drivers/tap_esc,0.047660765513984814,0.0071426798298395554,28,2
false_positive,bidirectional,src/modules/uavcan,0.047660765513984814,0.0071426798298395554,28,2
false_positive,bidirectional,src/examples/px4_simple_app,0.026734816179644776,0.004006612781424696,29,2
false_positive,bidirectional,src/modules/attitude_estimator_q,0.026734816179644776,0.004006612781424696,29,2
false_positive,bidirectional,src/drivers/blinkm,0.01759047522328299,0.0026361962763222753,30,2
false_positive,bidirectional,src/modules/gpio_led,0.01759047522328299,0.0026361962763222753,30,2
false_positive,bidirectional,src/drivers/batt_smbus,0.016306762034356465,0.002443812620647377,31,2
false_positive,bidirectional,src/modules/syslink,0.016306762034356465,0.002443812620647377,31,2
false_positive,bidirectional,src/modules/sdlog2,0.015449990971281463,0.002315412639551388,32,2
false_positive,bidirectional,src/platforms/qurt/tests/muorb,0.015449990971281463,0.002315412639551388,32,2
false_positive,bidirectional,src/templates/module,0.015449990971281463,0.002315412639551388,32,2
false_positive,bidirectional,src/modules/camera_feedback,0.011284825208363313,0.0016912001418733084,33,2
false_positive,bidirectional,src/modules/replay,0.011284825208363313,0.0016912001418733084,33,2
false_positive,bidirectional,src/drivers/distance_sensor,0.0034513800766767153,0.0005172410176994609,34,2
false_positive,bidirectional,src/drivers/px4flow,0.0034513800766767153,0.0005172410176994609,34,2
false_positive,bidirectional,src/platforms/posix/drivers/df_bebop_rangefinder_wrapper,0.0034513800766767153,0.0005172410176994609,34,2
false_positive,bidirectional,src/platforms/posix/drivers/df_isl29501_wrapper,0.0034513800766767153,0.0005172410176994609,34,2
false_positive,bidirectional,src/platforms/posix/drivers/df_trone_wrapper,0.0034513800766767153,0.0005172410176994609,34,2
false_positive,bidirectional,src/modules/logger,0.0012837131889265273,0.0001923836556748983,35,2
detected_true_anomaly,producer_only,src/modules/ekf2,1.7717244036097635,0.23680972640691925,1,3
detected_true_anomaly,producer_only,src/modules/mavlink,1.567544293994225,0.2095188928002494,2,3
detected_true_anomaly,producer_only,src/modules/sensors,0.7670083001124258,0.10251878076036613,3,3
detected_true_anomaly,producer_only,src/modules/position_estimator_inav,0.5632204300787564,0.07528037412703317,4,3
detected_true_anomaly,producer_only,src/modules/load_mon,0.4899944039905976,0.06549294038820082,5,3
detected_true_anomaly,producer_only,src/modules/vtol_att_control,0.32215416751562087,0.043059315610706195,6,3
detected_true_anomaly,producer_only,src/examples/hwtest,0.21837704266800598,0.029188404033042268,7,3
detected_true_anomaly,producer_only,src/examples/uuv_example_app,0.21837704266800598,0.029188404033042268,7,3
detected_true_anomaly,producer_only,src/platforms/qurt/tests/muorb,0.11504047109808428,0.015376377065730628,8,3
detected_true_anomaly,producer_only,src/platforms/posix/drivers/df_bebop_bus_wrapper,0.10531334095820383,0.014076243127034286,9,3
detected_true_anomaly,producer_only,src/modules/simulator,0.10242153684969951,0.013689722888129146,10,3
detected_true_anomaly,producer_only,src/examples/px4_simple_app,0.08660134687312218,0.011575186986029593,11,3
detected_true_anomaly,producer_only,src/modules/attitude_estimator_q,0.08660134687312218,0.011575186986029593,11,3
detected_true_anomaly,producer_only,src/modules/fw_att_control,0.08105332338668682,0.010833634901944115,12,3
detected_true_anomaly,producer_only,src/modules/mc_att_control,0.08105332338668682,0.010833634901944115,12,3
detected_true_anomaly,producer_only,src/modules/gnd_pos_control,0.06803770127028363,0.009093959190461298,13,3
detected_true_anomaly,producer_only,src/modules/navigator,0.06803770127028363,0.009093959190461298,13,3
detected_true_anomaly,producer_only,src/drivers/linux_pwm_out,0.06366647169131968,0.00850969807256551,14,3
detected_true_anomaly,producer_only,src/drivers/mkblctrl,0.06366647169131968,0.00850969807256551,14,3
detected_true_anomaly,producer_only,src/drivers/pwm_out_sim,0.06366647169131968,0.00850969807256551,14,3
detected_true_anomaly,producer_only,src/drivers/px4fmu,0.06366647169131968,0.00850969807256551,14,3
detected_true_anomaly,producer_only,src/drivers/px4io,0.06366647169131968,0.00850969807256551,14,3
detected_true_anomaly,producer_only,src/drivers/snapdragon_pwm_out,0.06366647169131968,0.00850969807256551,14,3
detected_true_anomaly,producer_only,src/drivers/tap_esc,0.06366647169131968,0.00850969807256551,14,3
detected_true_anomaly,producer_only,src/modules/uavcan,0.06366647169131968,0.00850969807256551,14,3
detected_true_anomaly,producer_only,src/platforms/qurt/fc_addon/uart_esc,0.06366647169131968,0.00850969807256551,14,3
detected_true_anomaly,producer_only,src/drivers/telemetry,0.04164686926688414,0.005566545054468774,15,3
detected_true_anomaly,producer_only,src/modules/syslink,0.04164686926688414,0.005566545054468774,15,3
detected_true_anomaly,producer_only,src/platforms/posix/drivers/df_ltc2946_wrapper,0.04164686926688414,0.005566545054468774,15,3
detected_true_anomaly,producer_only,src/examples/fixedwing_control,0.03573942357733128,0.004776952387202632,16,3
detected_true_anomaly,producer_only,src/modules/commander,0.01645704414864983,0.0021996582055132906,17,3
detected_true_anomaly,producer_only,src/modules/land_detector,0.007480023880367201,0.000999784393677704,18,3
detected_true_anomaly,producer_only,src/drivers/distance_sensor,0.0022922894732601462,0.00030638875995736434,19,3
detected_true_anomaly,producer_only,src/drivers/px4flow,0.0022922894732601462,0.00030638875995736434,19,3
detected_true_anomaly,producer_only,src/platforms/posix/drivers/df_bebop_rangefinder_wrapper,0.0022922894732601462,0.00030638875995736434,19,3
detected_true_anomaly,producer_only,src/platforms/posix/drivers/df_isl29501_wrapper,0.0022922894732601462,0.00030638875995736434,19,3
detected_true_anomaly,producer_only,src/platforms/posix/drivers/df_trone_wrapper,0.0022922894732601462,0.00030638875995736434,19,3
detected_true_anomaly,consumer_only,src/modules/commander,1.7097800477087253,0.25097961670919633,1,3
detected_true_anomaly,consumer_only,src/modules/simulator,0.6377618531897735,0.09361743674563248,2,3
detected_true_anomaly,consumer_only,src/modules/land_detector,0.2994416656106101,0.0439552178436213,3,3
detected_true_anomaly,consumer_only,src/modules/vtol_att_control,0.2892752025274549,0.04246287676073299,4,3
detected_true_anomaly,consumer_only,src/modules/events,0.2752471467586944,0.040403690221074325,5,3
detected_true_anomaly,consumer_only,src/modules/mc_att_control,0.24583703740368548,0.036086563007438045,6,3
detected_true_anomaly,consumer_only,src/modules/fw_pos_control_l1,0.23594217778780466,0.03463409075692074,7,3
detected_true_anomaly,consumer_only,src/modules/mc_pos_control,0.23594217778780466,0.03463409075692074,7,3
detected_true_anomaly,consumer_only,src/drivers/telemetry,0.20021933321894286,0.029390313436165324,8,3
detected_true_anomaly,consumer_only,src/modules/fw_att_control,0.19436505171779347,0.028530960018610108,9,3
detected_true_anomaly,consumer_only,src/modules/gnd_att_control,0.1911307657611119,0.028056197284758062,10,3
detected_true_anomaly,consumer_only,src/modules/position_estimator_inav,0.16606996425108306,0.02437750752238706,11,3
detected_true_anomaly,consumer_only,src/examples/rover_steering_control,0.16307509355086966,0.02393788869454985,12,3
detected_true_anomaly,consumer_only,src/modules/landing_target_estimator,0.1444048393226397,0.02119727111842132,13,3
detected_true_anomaly,consumer_only,src/modules/wind_estimator,0.1444048393226397,0.02119727111842132,13,3
detected_true_anomaly,consumer_only,src/modules/navigator,0.12839438152973856,0.01884708662212543,14,3
detected_true_anomaly,consumer_only,src/drivers/camera_trigger,0.125160095573057,0.018372323888273385,15,3
detected_true_anomaly,consumer_only,src/drivers/mkblctrl,0.12478688152457484,0.01831753957904948,16,3
detected_true_anomaly,consumer_only,src/drivers/px4io,0.12478688152457484,0.01831753957904948,16,3
detected_true_anomaly,consumer_only,src/modules/sensors,0.12478688152457484,0.01831753957904948,16,3
detected_true_anomaly,consumer_only,src/platforms/posix/drivers/df_bebop_bus_wrapper,0.12478688152457484,0.01831753957904948,16,3
detected_true_anomaly,consumer_only,src/platforms/posix/drivers/df_ltc2946_wrapper,0.12478688152457484,0.01831753957904948,16,3
detected_true_anomaly,consumer_only,src/platforms/qurt/fc_addon/uart_esc,0.12478688152457484,0.01831753957904948,16,3
detected_true_anomaly,consumer_only,src/examples/fixedwing_control,0.10864493253464276,0.015948053412766457,17,3
detected_true_anomaly,consumer_only,src/drivers/vmount,0.10754779625806611,0.01578700413479531,18,3
detected_true_anomaly,consumer_only,src/modules/ekf2,0.09645037109218499,0.014158006581382335,19,3
detected_true_anomaly,consumer_only,src/modules/gnd_pos_control,0.0883030525084834,0.012962056904647374,20,3
detected_true_anomaly,consumer_only,src/examples/uuv_example_app,0.044809292882490324,0.006577582401741434,21,3
detected_true_anomaly,consumer_only,src/drivers/blinkm,0.030249944763395556,0.004440407146150506,22,3
detected_true_anomaly,consumer_only,src/modules/gpio_led,0.030249944763395556,0.004440407146150506,22,3
detected_true_anomaly,consumer_only,src/drivers/batt_smbus,0.0291528084868189,0.004279357868179358,23,3
detected_true_anomaly,consumer_only,src/examples/px4_simple_app,0.025564549132907618,0.0037526351715934975,24,3
detected_true_anomaly,consumer_only,src/modules/attitude_estimator_q,0.025564549132907618,0.0037526351715934975,24,3
detected_true_anomaly,consumer_only,src/modules/sdlog2,0.025564549132907618,0.0037526351715934975,24,3
detected_true_anomaly,consumer_only,src/templates/module,0.025564549132907618,0.0037526351715934975,24,3
detected_true_anomaly,consumer_only,src/modules/camera_feedback,0.019244743749582707,0.002824947230147936,25,3
detected_true_anomaly,consumer_only,src/modules/replay,0.019244743749582707,0.002824947230147936,25,3
detected_true_anomaly,consumer_only,src/modules/logger,0.0010971362765766553,0.00016104927797114715,26,3
detected_true_anomaly,bidirectional,src/modules/ekf2,1.1655993028689902,0.1557946887507557,1,3
detected_true_anomaly,bidirectional,src/modules/commander,0.9458131533963691,0.12641794267298054,2,3
detected_true_anomaly,bidirectional,src/modules/mavlink,0.3789012325083341,0.050644161712018895,3,3
detected_true_anomaly,bidirectional,src/modules/vtol_att_control,0.32940194750639673,0.044028058149430754,4,3
detected_true_anomaly,bidirectional,src/modules/sensors,0.2555918412748569,0.03416255591491591,5,3
detected_true_anomaly,bidirectional,src/modules/mc_att_control,0.24622856567043486,0.03291105498754925,6,3
detected_true_anomaly,bidirectional,src/modules/fw_att_control,0.22644713905300656,0.030267057864933826,7,3
detected_true_anomaly,bidirectional,src/modules/land_detector,0.2184705457812303,0.029200901714180334,8,3
detected_true_anomaly,bidirectional,src/modules/fw_pos_control_l1,0.19555817428669003,0.026138420656798642,9,3
detected_true_anomaly,bidirectional,src/modules/mc_pos_control,0.19555817428669003,0.026138420656798642,9,3
detected_true_anomaly,bidirectional,src/modules/position_estimator_inav,0.19178829712588571,0.02563453665699661,10,3
detected_true_anomaly,bidirectional,src/modules/events,0.1825805385604183,0.024403822228574942,11,3
detected_true_anomaly,bidirectional,src/modules/load_mon,0.16333146799686588,0.02183098012940027,12,3
detected_true_anomaly,bidirectional,src/drivers/telemetry,0.15831493384536388,0.021160467222591652,13,3
detected_true_anomaly,bidirectional,src/platforms/posix/drivers/df_bebop_bus_wrapper,0.15550894963019096,0.020785417721132286,14,3
detected_true_anomaly,bidirectional,src/modules/gnd_att_control,0.14270302287805864,0.019073770015438973,15,3
detected_true_anomaly,bidirectional,src/modules/navigator,0.13911335798317684,0.018593973293151055,16,3
detected_true_anomaly,bidirectional,src/drivers/mkblctrl,0.13728844432592915,0.018350054259802198,17,3
detected_true_anomaly,bidirectional,src/drivers/px4io,0.13728844432592915,0.018350054259802198,17,3
detected_true_anomaly,bidirectional,src/platforms/qurt/fc_addon/uart_esc,0.13728844432592915,0.018350054259802198,17,3
detected_true_anomaly,bidirectional,src/examples/rover_steering_control,0.12551108283308746,0.016775885191953468,18,3
detected_true_anomaly,bidirectional,src/modules/landing_target_estimator,0.11814941399125066,0.015791920202375048,19,3
detected_true_anomaly,bidirectional,src/modules/wind_estimator,0.11814941399125066,0.015791920202375048,19,3
detected_true_anomaly,bidirectional,src/examples/uuv_example_app,0.11607198241949425,0.015514249475971773,20,3
detected_true_anomaly,bidirectional,src/examples/fixedwing_control,0.11293588634434441,0.015095077029044399,21,3
detected_true_anomaly,bidirectional,src/modules/gnd_pos_control,0.10873681814232009,0.014533827102103507,22,3
detected_true_anomaly,bidirectional,src/modules/simulator,0.10840646088970038,0.014489671357310456,23,3
detected_true_anomaly,bidirectional,src/drivers/camera_trigger,0.1024037145597739,0.013687340750369667,24,3
detected_true_anomaly,bidirectional,src/platforms/posix/drivers/df_ltc2946_wrapper,0.09763033900171852,0.013049328564254548,25,3
detected_true_anomaly,bidirectional,src/drivers/vmount,0.09046366693865503,0.01209142695887824,26,3
detected_true_anomaly,bidirectional,src/examples/hwtest,0.07940983369745672,0.01061396510292446,27,3
detected_true_anomaly,bidirectional,src/drivers/linux_pwm_out,0.05787861062847244,0.007736089156877737,28,3
detected_true_anomaly,bidirectional,src/drivers/pwm_out_sim,0.05787861062847244,0.007736089156877737,28,3
detected_true_anomaly,bidirectional,src/drivers/px4fmu,0.05787861062847244,0.007736089156877737,28,3
detected_true_anomaly,bidirectional,src/drivers/snapdragon_pwm_out,0.05787861062847244,0.007736089156877737,28,3
detected_true_anomaly,bidirectional,src/drivers/tap_esc,0.05787861062847244,0.007736089156877737,28,3
detected_true_anomaly,bidirectional,src/modules/uavcan,0.05787861062847244,0.007736089156877737,28,3
detected_true_anomaly,bidirectional,src/examples/px4_simple_app,0.03666214872203753,0.004900284373047312,29,3
detected_true_anomaly,bidirectional,src/modules/attitude_estimator_q,0.03666214872203753,0.004900284373047312,29,3
detected_true_anomaly,bidirectional,src/modules/sdlog2,0.020916449290560777,0.002795704921041932,30,3
detected_true_anomaly,bidirectional,src/platforms/qurt/tests/muorb,0.020916449290560777,0.002795704921041932,30,3
detected_true_anomaly,bidirectional,src/templates/module,0.020916449290560777,0.002795704921041932,30,3
detected_true_anomaly,bidirectional,src/drivers/blinkm,0.019249070563552427,0.0025728420991746694,31,3
detected_true_anomaly,bidirectional,src/modules/gpio_led,0.019249070563552427,0.0025728420991746694,31,3
detected_true_anomaly,bidirectional,src/drivers/batt_smbus,0.01822050530426181,0.0024353634613300886,32,3
detected_true_anomaly,bidirectional,src/modules/syslink,0.01822050530426181,0.0024353634613300886,32,3
detected_true_anomaly,bidirectional,src/modules/camera_feedback,0.01574569943147676,0.0021045794520053803,33,3
detected_true_anomaly,bidirectional,src/modules/replay,0.01574569943147676,0.0021045794520053803,33,3
detected_true_anomaly,bidirectional,src/drivers/distance_sensor,0.002037590642897908,0.0002723455644065461,34,3
detected_true_anomaly,bidirectional,src/drivers/px4flow,0.002037590642897908,0.0002723455644065461,34,3
detected_true_anomaly,bidirectional,src/platforms/posix/drivers/df_bebop_rangefinder_wrapper,0.002037590642897908,0.0002723455644065461,34,3
detected_true_anomaly,bidirectional,src/platforms/posix/drivers/df_isl29501_wrapper,0.002037590642897908,0.0002723455644065461,34,3
detected_true_anomaly,bidirectional,src/platforms/posix/drivers/df_trone_wrapper,0.002037590642897908,0.0002723455644065461,34,3
detected_true_anomaly,bidirectional,src/modules/logger,0.0010285652592906143,0.00013747863784458066,35,3
false_positive,producer_only,src/modules/ekf2,1.9633873095522356,0.2632418838102027,1,3
false_positive,producer_only,src/modules/mavlink,1.5137648352456377,0.20295858333044864,2,3
false_positive,producer_only,src/modules/sensors,0.7455010559520258,0.09995333136591482,3,3
false_positive,producer_only,src/modules/position_estimator_inav,0.5925131614168644,0.0794414225022597,4,3
false_positive,producer_only,src/modules/load_mon,0.4660000278284523,0.06247912705982835,5,3
false_positive,producer_only,src/modules/vtol_att_control,0.2985725420196022,0.04003122462534687,6,3
false_positive,producer_only,src/examples/hwtest,0.20538314073792752,0.027536820986704878,7,3
false_positive,producer_only,src/examples/uuv_example_app,0.20538314073792752,0.027536820986704878,7,3
false_positive,producer_only,src/modules/simulator,0.11255874064544238,0.015091355018265681,8,3
false_positive,producer_only,src/platforms/posix/drivers/df_bebop_bus_wrapper,0.0993952605705204,0.013326456531063586,9,3
false_positive,producer_only,src/platforms/qurt/tests/muorb,0.09691802302921944,0.01299431998630506,10,3
false_positive,producer_only,src/modules/fw_att_control,0.08641670701706107,0.011586352136010024,11,3
false_positive,producer_only,src/modules/mc_att_control,0.08641670701706107,0.011586352136010024,11,3
false_positive,producer_only,src/examples/px4_simple_app,0.07264253117644132,0.009739574386873687,12,3
false_positive,producer_only,src/modules/attitude_estimator_q,0.07264253117644132,0.009739574386873687,12,3
false_positive,producer_only,src/drivers/linux_pwm_out,0.05700206841306622,0.007642573524403434,13,3
false_positive,producer_only,src/drivers/mkblctrl,0.05700206841306622,0.007642573524403434,13,3
false_positive,producer_only,src/drivers/pwm_out_sim,0.05700206841306622,0.007642573524403434,13,3
false_positive,producer_only,src/drivers/px4fmu,0.05700206841306622,0.007642573524403434,13,3
false_positive,producer_only,src/drivers/px4io,0.05700206841306622,0.007642573524403434,13,3
false_positive,producer_only,src/drivers/snapdragon_pwm_out,0.05700206841306622,0.007642573524403434,13,3
false_positive,producer_only,src/drivers/tap_esc,0.05700206841306622,0.007642573524403434,13,3
false_positive,producer_only,src/modules/uavcan,0.05700206841306622,0.007642573524403434,13,3
false_positive,producer_only,src/platforms/qurt/fc_addon/uart_esc,0.05700206841306622,0.007642573524403434,13,3
false_positive,producer_only,src/modules/gnd_pos_control,0.05564927978129587,0.007461197885429039,14,3
false_positive,producer_only,src/modules/navigator,0.05564927978129587,0.007461197885429039,14,3
false_positive,producer_only,src/drivers/telemetry,0.042393192157454164,0.005683883006660151,15,3
false_positive,producer_only,src/modules/syslink,0.042393192157454164,0.005683883006660151,15,3
false_positive,producer_only,src/platforms/posix/drivers/df_ltc2946_wrapper,0.042393192157454164,0.005683883006660151,15,3
false_positive,producer_only,src/examples/fixedwing_control,0.03754012150037883,0.0050332057532129545,16,3
false_positive,producer_only,src/modules/commander,0.02418948131830852,0.003243213705030739,17,3
false_positive,producer_only,src/modules/land_detector,0.008334378297858162,0.0011174348702576674,18,3
false_positive,producer_only,src/drivers/distance_sensor,0.00388697771159273,0.0005211479824433074,19,3
false_positive,producer_only,src/drivers/px4flow,0.00388697771159273,0.0005211479824433074,19,3
false_positive,producer_only,src/platforms/posix/drivers/df_bebop_rangefinder_wrapper,0.00388697771159273,0.0005211479824433074,19,3
false_positive,producer_only,src/platforms/posix/drivers/df_isl29501_wrapper,0.00388697771159273,0.0005211479824433074,19,3
false_positive,producer_only,src/platforms/posix/drivers/df_trone_wrapper,0.00388697771159273,0.0005211479824433074,19,3
false_positive,consumer_only,src/modules/commander,1.7498951010778796,0.265502249700931,1,3
false_positive,consumer_only,src/modules/simulator,0.5716333162185494,0.0867308739629839,2,3
false_positive,consumer_only,src/modules/land_detector,0.296462037437338,0.044980603604211016,3,3
false_positive,consumer_only,src/modules/vtol_att_control,0.27273913847902387,0.041381254683821096,4,3
false_positive,consumer_only,src/modules/events,0.2642878805123313,0.040098990391762866,5,3
false_positive,consumer_only,src/modules/fw_pos_control_l1,0.22983234674187436,0.034871236039477504,6,3
false_positive,consumer_only,src/modules/mc_pos_control,0.22983234674187436,0.034871236039477504,6,3
false_positive,consumer_only,src/modules/mc_att_control,0.22628634495948216,0.03433322010350012,7,3
false_positive,consumer_only,src/drivers/telemetry,0.2006375811808885,0.030441669986541832,8,3
false_positive,consumer_only,src/modules/position_estimator_inav,0.17581678703014816,0.026675743284806364,9,3
false_positive,consumer_only,src/modules/fw_att_control,0.1723574136511591,0.02615087101439921,10,3
false_positive,consumer_only,src/modules/gnd_att_control,0.16836353062102669,0.02554490044571234,11,3
false_positive,consumer_only,src/modules/landing_target_estimator,0.14781237613184572,0.02242678339545717,12,3
false_positive,consumer_only,src/modules/wind_estimator,0.14781237613184572,0.02242678339545717,12,3
false_positive,consumer_only,src/examples/rover_steering_control,0.140300928198696,0.02128711146681743,13,3
false_positive,consumer_only,src/modules/navigator,0.1356634744561023,0.020583495346751596,14,3
false_positive,consumer_only,src/drivers/camera_trigger,0.13166959142596987,0.019977524778064724,15,3
false_positive,consumer_only,src/drivers/mkblctrl,0.11736179470738715,0.017806679100111,16,3
false_positive,consumer_only,src/drivers/px4io,0.11736179470738715,0.017806679100111,16,3
false_positive,consumer_only,src/modules/sensors,0.11736179470738715,0.017806679100111,16,3
false_positive,consumer_only,src/platforms/posix/drivers/df_bebop_bus_wrapper,0.11736179470738715,0.017806679100111,16,3
false_positive,consumer_only,src/platforms/posix/drivers/df_ltc2946_wrapper,0.11736179470738715,0.017806679100111,16,3
false_positive,consumer_only,src/platforms/qurt/fc_addon/uart_esc,0.11736179470738715,0.017806679100111,16,3
false_positive,consumer_only,src/modules/ekf2,0.1073577031038365,0.016288811643186973,17,3
false_positive,consumer_only,src/examples/fixedwing_control,0.0957815043736593,0.014532416757599876,18,3
false_positive,consumer_only,src/drivers/vmount,0.09416887228577207,0.014287740692725908,19,3
false_positive,consumer_only,src/modules/gnd_pos_control,0.07802608757989622,0.011838482075333464,20,3
false_positive,consumer_only,src/examples/uuv_example_app,0.0376801231568135,0.005717004099834264,21,3
false_positive,consumer_only,src/drivers/blinkm,0.031287866598105146,0.004747141108642846,22,3
false_positive,consumer_only,src/modules/gpio_led,0.031287866598105146,0.004747141108642846,22,3
false_positive,consumer_only,src/drivers/batt_smbus,0.02967523451021791,0.004502465043768878,23,3
false_positive,consumer_only,src/examples/px4_simple_app,0.02153733845093765,0.0032677454824418186,24,3
false_positive,consumer_only,src/modules/attitude_estimator_q,0.02153733845093765,0.0032677454824418186,24,3
false_positive,consumer_only,src/modules/sdlog2,0.02153733845093765,0.0032677454824418186,24,3
false_positive,consumer_only,src/templates/module,0.02153733845093765,0.0032677454824418186,24,3
false_positive,consumer_only,src/modules/camera_feedback,0.016142784705875848,0.0024492586173924446,25,3
false_positive,consumer_only,src/modules/replay,0.016142784705875848,0.0024492586173924446,25,3
false_positive,consumer_only,src/modules/logger,0.0016126320878872347,0.0002446760648739681,26,3
false_positive,bidirectional,src/modules/ekf2,1.3616022797246552,0.18255733210210445,1,3
false_positive,bidirectional,src/modules/commander,0.9586617520940182,0.12853293098628174,2,3
false_positive,bidirectional,src/modules/mavlink,0.36898644632289324,0.04947199503526509,3,3
false_positive,bidirectional,src/modules/vtol_att_control,0.31384504806661573,0.042078891554209435,4,3
false_positive,bidirectional,src/modules/sensors,0.2653985123956545,0.035583404264434466,5,3
false_positive,bidirectional,src/modules/mc_att_control,0.23605409100645397,0.03164904005201872,6,3
false_positive,bidirectional,src/modules/land_detector,0.21753312532095495,0.029165834688861525,7,3
false_positive,bidirectional,src/modules/fw_att_control,0.21538210217241738,0.028877435460148204,8,3
false_positive,bidirectional,src/modules/position_estimator_inav,0.19767730697353225,0.026503658458558413,9,3
false_positive,bidirectional,src/modules/fw_pos_control_l1,0.19032339940797932,0.025517680566420696,10,3
false_positive,bidirectional,src/modules/mc_pos_control,0.19032339940797932,0.025517680566420696,10,3
false_positive,bidirectional,src/modules/events,0.17539220676076456,0.023515775358587686,11,3
false_positive,bidirectional,src/drivers/telemetry,0.15861772153719414,0.02126673001296705,12,3
false_positive,bidirectional,src/modules/load_mon,0.1553333426094841,0.02082637568660945,13,3
false_positive,bidirectional,src/platforms/posix/drivers/df_bebop_bus_wrapper,0.14505186221273822,0.019447882378218713,14,3
false_positive,bidirectional,src/modules/navigator,0.13891823225139008,0.018625513659747055,15,3
false_positive,bidirectional,src/drivers/mkblctrl,0.12650484064385203,0.016961183562804898,16,3
false_positive,bidirectional,src/drivers/px4io,0.12650484064385203,0.016961183562804898,16,3
false_positive,bidirectional,src/platforms/qurt/fc_addon/uart_esc,0.12650484064385203,0.016961183562804898,16,3
false_positive,bidirectional,src/modules/gnd_att_control,0.1256014685067713,0.016840063607516498,17,3
false_positive,bidirectional,src/modules/landing_target_estimator,0.12093739865332831,0.016214726707115164,18,3
false_positive,bidirectional,src/modules/wind_estimator,0.12093739865332831,0.016214726707115164,18,3
false_positive,bidirectional,src/examples/rover_steering_control,0.1085662895202794,0.014556065648667103,19,3
false_positive,bidirectional,src/modules/simulator,0.10847330303236832,0.014543598450714098,20,3
false_positive,bidirectional,src/drivers/camera_trigger,0.10772966571215715,0.014443895000410855,21,3
false_positive,bidirectional,src/examples/uuv_example_app,0.10551397012391196,0.01414682479028882,22,3
false_positive,bidirectional,src/examples/fixedwing_control,0.10326572252985876,0.013845390157880355,23,3
false_positive,bidirectional,src/modules/gnd_pos_control,0.09384671399671396,0.012582533085398374,24,3
false_positive,bidirectional,src/platforms/posix/drivers/df_ltc2946_wrapper,0.09323180001904166,0.012500088265124682,25,3
false_positive,bidirectional,src/drivers/vmount,0.07922980704723717,0.010622765849388162,26,3
false_positive,bidirectional,src/examples/hwtest,0.07468477845015546,0.010013389449710865,27,3
false_positive,bidirectional,src/drivers/linux_pwm_out,0.051820062193696566,0.006947794113094031,28,3
false_positive,bidirectional,src/drivers/pwm_out_sim,0.051820062193696566,0.006947794113094031,28,3
false_positive,bidirectional,src/drivers/px4fmu,0.051820062193696566,0.006947794113094031,28,3
false_positive,bidirectional,src/drivers/snapdragon_pwm_out,0.051820062193696566,0.006947794113094031,28,3
false_positive,bidirectional,src/drivers/tap_esc,0.051820062193696566,0.006947794113094031,28,3
false_positive,bidirectional,src/modules/uavcan,0.051820062193696566,0.006947794113094031,28,3
false_positive,bidirectional,src/examples/px4_simple_app,0.0308291916737565,0.004133435340577954,29,3
false_positive,bidirectional,src/modules/attitude_estimator_q,0.0308291916737565,0.004133435340577954,29,3
false_positive,bidirectional,src/drivers/blinkm,0.020058864151280477,0.0026893996719782372,30,3
false_positive,bidirectional,src/modules/gpio_led,0.020058864151280477,0.0026893996719782372,30,3
false_positive,bidirectional,src/drivers/batt_smbus,0.018547021568886195,0.002486698815413816,31,3
false_positive,bidirectional,src/modules/syslink,0.018547021568886195,0.002486698815413816,31,3
false_positive,bidirectional,src/modules/sdlog2,0.017621458732585353,0.0023626036338736476,32,3
false_positive,bidirectional,src/platforms/qurt/tests/muorb,0.017621458732585353,0.0023626036338736476,32,3
false_positive,bidirectional,src/templates/module,0.017621458732585353,0.0023626036338736476,32,3
false_positive,bidirectional,src/modules/camera_feedback,0.013207732941171148,0.0017708317067043069,33,3
false_positive,bidirectional,src/modules/replay,0.013207732941171148,0.0017708317067043069,33,3
false_positive,bidirectional,src/drivers/distance_sensor,0.0034550912991935375,0.0004632426510607177,34,3
false_positive,bidirectional,src/drivers/px4flow,0.0034550912991935375,0.0004632426510607177,34,3
false_positive,bidirectional,src/platforms/posix/drivers/df_bebop_rangefinder_wrapper,0.0034550912991935375,0.0004632426510607177,34,3
false_positive,bidirectional,src/platforms/posix/drivers/df_isl29501_wrapper,0.0034550912991935375,0.0004632426510607177,34,3
false_positive,bidirectional,src/platforms/posix/drivers/df_trone_wrapper,0.0034550912991935375,0.0004632426510607177,34,3
false_positive,bidirectional,src/modules/logger,0.0015118425823942825,0.00020270085656442122,35,3
detected_true_anomaly,producer_only,src/modules/ekf2,1.6795406573274896,0.22889435437505998,1,4
detected_true_anomaly,producer_only,src/modules/mavlink,1.5418321263278367,0.2101268984295399,2,4
detected_true_anomaly,producer_only,src/modules/sensors,0.7530400981334191,0.10262724294811246,3,4
detected_true_anomaly,producer_only,src/modules/position_estimator_inav,0.5588351228559546,0.07616023112638431,4,4
detected_true_anomaly,producer_only,src/modules/load_mon,0.47736796002112963,0.06505756828908384,5,4
detected_true_anomaly,producer_only,src/modules/vtol_att_control,0.3382135720570548,0.04609306531469538,6,4
detected_true_anomaly,producer_only,src/examples/hwtest,0.2326220670851632,0.031702642997387134,7,4
detected_true_anomaly,producer_only,src/examples/uuv_example_app,0.2326220670851632,0.031702642997387134,7,4
detected_true_anomaly,producer_only,src/platforms/qurt/tests/muorb,0.11953920456856917,0.016291269242490056,8,4
detected_true_anomaly,producer_only,src/platforms/posix/drivers/df_bebop_bus_wrapper,0.10194717737667346,0.013893759132407433,9,4
detected_true_anomaly,producer_only,src/modules/simulator,0.08927580214500763,0.01216685467192748,10,4
detected_true_anomaly,producer_only,src/examples/px4_simple_app,0.0868917835669194,0.011841951317627048,11,4
detected_true_anomaly,producer_only,src/modules/attitude_estimator_q,0.0868917835669194,0.011841951317627048,11,4
detected_true_anomaly,producer_only,src/modules/fw_att_control,0.07567511368844122,0.010313299778963027,12,4
detected_true_anomaly,producer_only,src/modules/mc_att_control,0.07567511368844122,0.010313299778963027,12,4
detected_true_anomaly,producer_only,src/modules/gnd_pos_control,0.06985320350422275,0.00951986714187121,13,4
detected_true_anomaly,producer_only,src/modules/navigator,0.06985320350422275,0.00951986714187121,13,4
detected_true_anomaly,producer_only,src/drivers/linux_pwm_out,0.06231338964782033,0.0084923118890466,14,4
detected_true_anomaly,producer_only,src/drivers/mkblctrl,0.06231338964782033,0.0084923118890466,14,4
detected_true_anomaly,producer_only,src/drivers/pwm_out_sim,0.06231338964782033,0.0084923118890466,14,4
detected_true_anomaly,producer_only,src/drivers/px4fmu,0.06231338964782033,0.0084923118890466,14,4
detected_true_anomaly,producer_only,src/drivers/px4io,0.06231338964782033,0.0084923118890466,14,4
detected_true_anomaly,producer_only,src/drivers/snapdragon_pwm_out,0.06231338964782033,0.0084923118890466,14,4
detected_true_anomaly,producer_only,src/drivers/tap_esc,0.06231338964782033,0.0084923118890466,14,4
detected_true_anomaly,producer_only,src/modules/uavcan,0.06231338964782033,0.0084923118890466,14,4
detected_true_anomaly,producer_only,src/platforms/qurt/fc_addon/uart_esc,0.06231338964782033,0.0084923118890466,14,4
detected_true_anomaly,producer_only,src/drivers/telemetry,0.03963378772885313,0.005401447243360833,15,4
detected_true_anomaly,producer_only,src/modules/syslink,0.03963378772885313,0.005401447243360833,15,4
detected_true_anomaly,producer_only,src/platforms/posix/drivers/df_ltc2946_wrapper,0.03963378772885313,0.005401447243360833,15,4
detected_true_anomaly,producer_only,src/examples/fixedwing_control,0.035738301467668855,0.004870555175437033,16,4
detected_true_anomaly,producer_only,src/modules/commander,0.015451892456723862,0.0021058441975334843,17,4
detected_true_anomaly,producer_only,src/modules/land_detector,0.005938725484276891,0.0008093526819989448,18,4
detected_true_anomaly,producer_only,src/drivers/distance_sensor,0.002219386427538054,0.00030246664242617317,19,4
detected_true_anomaly,producer_only,src/drivers/px4flow,0.002219386427538054,0.00030246664242617317,19,4
detected_true_anomaly,producer_only,src/platforms/posix/drivers/df_bebop_rangefinder_wrapper,0.002219386427538054,0.00030246664242617317,19,4
detected_true_anomaly,producer_only,src/platforms/posix/drivers/df_isl29501_wrapper,0.002219386427538054,0.00030246664242617317,19,4
detected_true_anomaly,producer_only,src/platforms/posix/drivers/df_trone_wrapper,0.002219386427538054,0.00030246664242617317,19,4
detected_true_anomaly,consumer_only,src/modules/commander,1.6450915545751243,0.24511078364515976,1,4
detected_true_anomaly,consumer_only,src/modules/simulator,0.6241640226419849,0.09299745797576872,2,4
detected_true_anomaly,consumer_only,src/modules/land_detector,0.3051955411451869,0.04547267782577948,3,4
detected_true_anomaly,consumer_only,src/modules/vtol_att_control,0.28519732237416606,0.042493038752902335,4,4
detected_true_anomaly,consumer_only,src/modules/events,0.2674577575845436,0.03984992833450897,5,4
detected_true_anomaly,consumer_only,src/modules/mc_att_control,0.2416961905829759,0.03601157790463738,6,4
detected_true_anomaly,consumer_only,src/modules/fw_pos_control_l1,0.23034488573456943,0.034320287703158835,7,4
detected_true_anomaly,consumer_only,src/modules/mc_pos_control,0.23034488573456943,0.034320287703158835,7,4
detected_true_anomaly,consumer_only,src/drivers/telemetry,0.19883291334985503,0.029625154338732303,8,4
detected_true_anomaly,consumer_only,src/modules/fw_att_control,0.189785517091266,0.028277135512227672,9,4
detected_true_anomaly,consumer_only,src/modules/gnd_att_control,0.18705861221769102,0.02787083971146879,10,4
detected_true_anomaly,consumer_only,src/examples/rover_steering_control,0.16034508697127542,0.023890652050263046,11,4
detected_true_anomaly,consumer_only,src/modules/position_estimator_inav,0.1557811788192694,0.02321065153569494,12,4
detected_true_anomaly,consumer_only,src/modules/landing_target_estimator,0.143494868093972,0.021380049924732712,13,4
detected_true_anomaly,consumer_only,src/modules/wind_estimator,0.143494868093972,0.021380049924732712,13,4
detected_true_anomaly,consumer_only,src/drivers/mkblctrl,0.1329268954772361,0.019805472484088246,14,4
detected_true_anomaly,consumer_only,src/drivers/px4io,0.1329268954772361,0.019805472484088246,14,4
detected_true_anomaly,consumer_only,src/modules/sensors,0.1329268954772361,0.019805472484088246,14,4
detected_true_anomaly,consumer_only,src/platforms/posix/drivers/df_bebop_bus_wrapper,0.1329268954772361,0.019805472484088246,14,4
detected_true_anomaly,consumer_only,src/platforms/posix/drivers/df_ltc2946_wrapper,0.1329268954772361,0.019805472484088246,14,4
detected_true_anomaly,consumer_only,src/platforms/qurt/fc_addon/uart_esc,0.1329268954772361,0.019805472484088246,14,4
detected_true_anomaly,consumer_only,src/modules/navigator,0.1269124877304538,0.01890935445839206,15,4
detected_true_anomaly,consumer_only,src/drivers/camera_trigger,0.1241855828568788,0.01850305865763318,16,4
detected_true_anomaly,consumer_only,src/examples/fixedwing_control,0.10446252416789722,0.015564417122643165,17,4
detected_true_anomaly,consumer_only,src/drivers/vmount,0.10343239800411563,0.015410933244766776,18,4
detected_true_anomaly,consumer_only,src/modules/ekf2,0.08559134625424791,0.012752701754062089,19,4
detected_true_anomaly,consumer_only,src/modules/gnd_pos_control,0.08412311276702243,0.012533941977667242,20,4
detected_true_anomaly,consumer_only,src/examples/uuv_example_app,0.04587355291899746,0.006834940264140602,21,4
detected_true_anomaly,consumer_only,src/drivers/blinkm,0.02877377757397878,0.004287155416958524,22,4
detected_true_anomaly,consumer_only,src/modules/gpio_led,0.02877377757397878,0.004287155416958524,22,4
detected_true_anomaly,consumer_only,src/drivers/batt_smbus,0.02774365141019719,0.004133671539082134,23,4
detected_true_anomaly,consumer_only,src/examples/px4_simple_app,0.02656426768190426,0.003957948997041068,24,4
detected_true_anomaly,consumer_only,src/modules/attitude_estimator_q,0.02656426768190426,0.003957948997041068,24,4
detected_true_anomaly,consumer_only,src/modules/sdlog2,0.02656426768190426,0.003957948997041068,24,4
detected_true_anomaly,consumer_only,src/templates/module,0.02656426768190426,0.003957948997041068,24,4
detected_true_anomaly,consumer_only,src/modules/camera_feedback,0.0193092852370932,0.002876991267099534,25,4
detected_true_anomaly,consumer_only,src/modules/replay,0.0193092852370932,0.002876991267099534,25,4
detected_true_anomaly,consumer_only,src/modules/logger,0.0010301261637815909,0.00015348387787638936,26,4
detected_true_anomaly,bidirectional,src/modules/ekf2,1.0980417096788961,0.14964540877132854,1,4
detected_true_anomaly,bidirectional,src/modules/commander,0.9109471372558282,0.12414743039550306,2,4
detected_true_anomaly,bidirectional,src/modules/mavlink,0.37388901353982623,0.05095505368610993,3,4
detected_true_anomaly,bidirectional,src/modules/vtol_att_control,0.33086512947855534,0.04509159088635717,4,4
detected_true_anomaly,bidirectional,src/modules/sensors,0.2604401137653816,0.03549379494542975,5,4
detected_true_anomaly,bidirectional,src/modules/mc_att_control,0.2373298232523984,0.0323442343775977,6,4
detected_true_anomaly,bidirectional,src/modules/land_detector,0.2216199768375114,0.03020323520810528,7,4
detected_true_anomaly,bidirectional,src/modules/fw_att_control,0.21720655914608086,0.02960175742389081,8,4
detected_true_anomaly,bidirectional,src/modules/fw_pos_control_l1,0.19087144754796492,0.026012705655273503,9,4
detected_true_anomaly,bidirectional,src/modules/mc_pos_control,0.19087144754796492,0.026012705655273503,9,4
detected_true_anomaly,bidirectional,src/modules/position_estimator_inav,0.18626637571803403,0.02538510849722669,10,4
detected_true_anomaly,bidirectional,src/modules/events,0.177428178750295,0.024180604527677486,11,4
detected_true_anomaly,bidirectional,src/modules/load_mon,0.15912265334037654,0.02168585609636128,12,4
detected_true_anomaly,bidirectional,src/platforms/posix/drivers/df_bebop_bus_wrapper,0.15857816075126924,0.021611650521698958,13,4
detected_true_anomaly,bidirectional,src/drivers/telemetry,0.1574448183174536,0.021457194192498287,14,4
detected_true_anomaly,bidirectional,src/drivers/mkblctrl,0.141238378619896,0.019248517352728593,15,4
detected_true_anomaly,bidirectional,src/drivers/px4io,0.141238378619896,0.019248517352728593,15,4
detected_true_anomaly,bidirectional,src/platforms/qurt/fc_addon/uart_esc,0.141238378619896,0.019248517352728593,15,4
detected_true_anomaly,bidirectional,src/modules/gnd_att_control,0.13924598540481065,0.018976986231026616,16,4
detected_true_anomaly,bidirectional,src/modules/navigator,0.1388184477787503,0.018918719735088466,17,4
detected_true_anomaly,bidirectional,src/examples/rover_steering_control,0.12287194655198264,0.01674546832440209,18,4
detected_true_anomaly,bidirectional,src/examples/uuv_example_app,0.12212274951014818,0.01664336482816207,19,4
detected_true_anomaly,bidirectional,src/modules/landing_target_estimator,0.11740489207688619,0.016000396808002068,20,4
detected_true_anomaly,bidirectional,src/modules/wind_estimator,0.11740489207688619,0.016000396808002068,20,4
detected_true_anomaly,bidirectional,src/examples/fixedwing_control,0.10938832568047256,0.014907867858728704,21,4
detected_true_anomaly,bidirectional,src/modules/gnd_pos_control,0.10610769717036113,0.014460771004305876,22,4
detected_true_anomaly,bidirectional,src/platforms/posix/drivers/df_ltc2946_wrapper,0.10192962470779622,0.013891366986202051,23,4
detected_true_anomaly,bidirectional,src/drivers/camera_trigger,0.10160638597380993,0.013847314750251697,24,4
detected_true_anomaly,bidirectional,src/modules/simulator,0.10063816338328911,0.013715361597595507,25,4
detected_true_anomaly,bidirectional,src/drivers/vmount,0.08697960152132601,0.011853919491120643,26,4
detected_true_anomaly,bidirectional,src/examples/hwtest,0.08458984257642298,0.011528233817231686,27,4
detected_true_anomaly,bidirectional,src/drivers/linux_pwm_out,0.05664853604347302,0.0077202835354969095,28,4
detected_true_anomaly,bidirectional,src/drivers/pwm_out_sim,0.05664853604347302,0.0077202835354969095,28,4
detected_true_anomaly,bidirectional,src/drivers/px4fmu,0.05664853604347302,0.0077202835354969095,28,4
detected_true_anomaly,bidirectional,src/drivers/snapdragon_pwm_out,0.05664853604347302,0.0077202835354969095,28,4
detected_true_anomaly,bidirectional,src/drivers/tap_esc,0.05664853604347302,0.0077202835354969095,28,4
detected_true_anomaly,bidirectional,src/modules/uavcan,0.05664853604347302,0.0077202835354969095,28,4
detected_true_anomaly,bidirectional,src/examples/px4_simple_app,0.0375329069337252,0.0051151310109303835,29,4
detected_true_anomaly,bidirectional,src/modules/attitude_estimator_q,0.0375329069337252,0.0051151310109303835,29,4
detected_true_anomaly,bidirectional,src/modules/sdlog2,0.02173440083064894,0.0029620489531800103,30,4
detected_true_anomaly,bidirectional,src/platforms/qurt/tests/muorb,0.02173440083064894,0.0029620489531800103,30,4
detected_true_anomaly,bidirectional,src/templates/module,0.02173440083064894,0.0029620489531800103,30,4
detected_true_anomaly,bidirectional,src/drivers/blinkm,0.018305525409918484,0.0024947484313162078,31,4
detected_true_anomaly,bidirectional,src/modules/gpio_led,0.018305525409918484,0.0024947484313162078,31,4
detected_true_anomaly,bidirectional,src/drivers/batt_smbus,0.017339782131373244,0.002363133168970365,32,4
detected_true_anomaly,bidirectional,src/modules/syslink,0.017339782131373244,0.002363133168970365,32,4
detected_true_anomaly,bidirectional,src/modules/camera_feedback,0.015798506103076256,0.002153082057750373,33,4
detected_true_anomaly,bidirectional,src/modules/replay,0.015798506103076256,0.002153082057750373,33,4
detected_true_anomaly,bidirectional,src/drivers/distance_sensor,0.0019727879355893813,0.000268859237712154,34,4
detected_true_anomaly,bidirectional,src/drivers/px4flow,0.0019727879355893813,0.000268859237712154,34,4
detected_true_anomaly,bidirectional,src/platforms/posix/drivers/df_bebop_rangefinder_wrapper,0.0019727879355893813,0.000268859237712154,34,4
detected_true_anomaly,bidirectional,src/platforms/posix/drivers/df_isl29501_wrapper,0.0019727879355893813,0.000268859237712154,34,4
detected_true_anomaly,bidirectional,src/platforms/posix/drivers/df_trone_wrapper,0.0019727879355893813,0.000268859237712154,34,4
detected_true_anomaly,bidirectional,src/modules/logger,0.0009657432785452414,0.00013161526234584277,35,4
false_positive,producer_only,src/modules/ekf2,1.822843748303523,0.24901896176054952,1,4
false_positive,producer_only,src/modules/mavlink,1.5152436683028903,0.2069976680372078,2,4
false_positive,producer_only,src/modules/sensors,0.7248193479354865,0.099017681386479,3,4
false_positive,producer_only,src/modules/position_estimator_inav,0.6130346223356797,0.08374675301674979,4,4
false_positive,producer_only,src/modules/load_mon,0.4558071001399851,0.06226787729095373,5,4
false_positive,producer_only,src/modules/vtol_att_control,0.31132324513736487,0.0425299158790668,6,4
false_positive,producer_only,src/examples/hwtest,0.21642783556635006,0.029566239541361606,7,4
false_positive,producer_only,src/examples/uuv_example_app,0.21642783556635006,0.029566239541361606,7,4
false_positive,producer_only,src/modules/simulator,0.10095597941108714,0.013791611705537287,8,4
false_positive,producer_only,src/platforms/qurt/tests/muorb,0.09932102905043834,0.013568260888048016,9,4
false_positive,producer_only,src/platforms/posix/drivers/df_bebop_bus_wrapper,0.09830057940265391,0.013428857106425652,10,4
false_positive,producer_only,src/modules/fw_att_control,0.08379449219496896,0.011447178326207891,11,4
false_positive,producer_only,src/modules/mc_att_control,0.08379449219496896,0.011447178326207891,11,4
false_positive,producer_only,src/examples/px4_simple_app,0.07285022311894104,0.009952080062806566,12,4
false_positive,producer_only,src/modules/attitude_estimator_q,0.07285022311894104,0.009952080062806566,12,4
false_positive,producer_only,src/modules/gnd_pos_control,0.058199350568072454,0.007950622134830644,13,4
false_positive,producer_only,src/modules/navigator,0.058199350568072454,0.007950622134830644,13,4
false_positive,producer_only,src/drivers/linux_pwm_out,0.05605284007902982,0.007657387010379087,14,4
false_positive,producer_only,src/drivers/mkblctrl,0.05605284007902982,0.007657387010379087,14,4
false_positive,producer_only,src/drivers/pwm_out_sim,0.05605284007902982,0.007657387010379087,14,4
false_positive,producer_only,src/drivers/px4fmu,0.05605284007902982,0.007657387010379087,14,4
false_positive,producer_only,src/drivers/px4io,0.05605284007902982,0.007657387010379087,14,4
false_positive,producer_only,src/drivers/snapdragon_pwm_out,0.05605284007902982,0.007657387010379087,14,4
false_positive,producer_only,src/drivers/tap_esc,0.05605284007902982,0.007657387010379087,14,4
false_positive,producer_only,src/modules/uavcan,0.05605284007902982,0.007657387010379087,14,4
false_positive,producer_only,src/platforms/qurt/fc_addon/uart_esc,0.05605284007902982,0.007657387010379087,14,4
false_positive,producer_only,src/drivers/telemetry,0.04224773932362409,0.005771470096046564,15,4
false_positive,producer_only,src/modules/syslink,0.04224773932362409,0.005771470096046564,15,4
false_positive,producer_only,src/platforms/posix/drivers/df_ltc2946_wrapper,0.04224773932362409,0.005771470096046564,15,4
false_positive,producer_only,src/examples/fixedwing_control,0.03669605900294238,0.005013054202874552,16,4
false_positive,producer_only,src/modules/commander,0.02442981281885276,0.0033373604456317404,17,4
false_positive,producer_only,src/modules/land_detector,0.00638431990259994,0.0008721629131253044,18,4
false_positive,producer_only,src/drivers/distance_sensor,0.003435618537624354,0.00046934037107719144,19,4
false_positive,producer_only,src/drivers/px4flow,0.003435618537624354,0.00046934037107719144,19,4
false_positive,producer_only,src/platforms/posix/drivers/df_bebop_rangefinder_wrapper,0.003435618537624354,0.00046934037107719144,19,4
false_positive,producer_only,src/platforms/posix/drivers/df_isl29501_wrapper,0.003435618537624354,0.00046934037107719144,19,4
false_positive,producer_only,src/platforms/posix/drivers/df_trone_wrapper,0.003435618537624354,0.00046934037107719144,19,4
false_positive,consumer_only,src/modules/commander,1.6623660619318164,0.2548261210433625,1,4
false_positive,consumer_only,src/modules/simulator,0.5621570549782218,0.0861737405603605,2,4
false_positive,consumer_only,src/modules/land_detector,0.30729397515498885,0.047105468225056346,3,4
false_positive,consumer_only,src/modules/vtol_att_control,0.2754742952001662,0.04222779067772606,4,4
false_positive,consumer_only,src/modules/events,0.25910562178445296,0.03971861676671361,5,4
false_positive,consumer_only,src/modules/fw_pos_control_l1,0.23054346893363176,0.03534028952201261,6,4
false_positive,consumer_only,src/modules/mc_pos_control,0.23054346893363176,0.03534028952201261,6,4
false_positive,consumer_only,src/modules/mc_att_control,0.22366644794370183,0.034286102587300325,7,4
false_positive,consumer_only,src/drivers/telemetry,0.20569226604891797,0.03153081832346442,8,4
false_positive,consumer_only,src/modules/fw_att_control,0.17044645084003107,0.026127944324548413,9,4
false_positive,consumer_only,src/modules/gnd_att_control,0.16699370525136473,0.025598668742317768,10,4
false_positive,consumer_only,src/modules/position_estimator_inav,0.16231946246461176,0.024882148364863126,11,4
false_positive,consumer_only,src/modules/landing_target_estimator,0.1524188545454713,0.02336447210222703,12,4
false_positive,consumer_only,src/modules/wind_estimator,0.1524188545454713,0.02336447210222703,12,4
false_positive,consumer_only,src/modules/navigator,0.13968266166326185,0.021412125562342822,13,4
false_positive,consumer_only,src/examples/rover_steering_control,0.13904894191275138,0.02131498188890697,14,4
false_positive,consumer_only,src/drivers/camera_trigger,0.1362299160745955,0.020882849980112177,15,4
false_positive,consumer_only,src/drivers/mkblctrl,0.12367304889505717,0.01895799249589478,16,4
false_positive,consumer_only,src/drivers/px4io,0.12367304889505717,0.01895799249589478,16,4
false_positive,consumer_only,src/modules/sensors,0.12367304889505717,0.01895799249589478,16,4
false_positive,consumer_only,src/platforms/posix/drivers/df_bebop_bus_wrapper,0.12367304889505717,0.01895799249589478,16,4
false_positive,consumer_only,src/platforms/posix/drivers/df_ltc2946_wrapper,0.12367304889505717,0.01895799249589478,16,4
false_positive,consumer_only,src/platforms/qurt/fc_addon/uart_esc,0.12367304889505717,0.01895799249589478,16,4
false_positive,consumer_only,src/modules/ekf2,0.09453918107798875,0.014492026366758231,17,4
false_positive,consumer_only,src/examples/fixedwing_control,0.09248946145829341,0.014177822346431652,18,4
false_positive,consumer_only,src/drivers/vmount,0.0908608072703699,0.013928163959669783,19,4
false_positive,consumer_only,src/modules/gnd_pos_control,0.07467186879949411,0.011446541837554933,20,4
false_positive,consumer_only,src/examples/uuv_example_app,0.038260278259862085,0.0058649647164177015,21,4
false_positive,consumer_only,src/drivers/blinkm,0.031202071714460385,0.0047830036269345365,22,4
false_positive,consumer_only,src/modules/gpio_led,0.031202071714460385,0.0047830036269345365,22,4
false_positive,consumer_only,src/drivers/batt_smbus,0.029573417526536867,0.004533345240172668,23,4
false_positive,consumer_only,src/examples/px4_simple_app,0.0220713397889863,0.0033833425943028514,24,4
false_positive,consumer_only,src/modules/attitude_estimator_q,0.0220713397889863,0.0033833425943028514,24,4
false_positive,consumer_only,src/modules/sdlog2,0.0220713397889863,0.0033833425943028514,24,4
false_positive,consumer_only,src/templates/module,0.0220713397889863,0.0033833425943028514,24,4
false_positive,consumer_only,src/modules/camera_feedback,0.016188938470875786,0.0024816221221148505,25,4
false_positive,consumer_only,src/modules/replay,0.016188938470875786,0.0024816221221148505,25,4
false_positive,consumer_only,src/modules/logger,0.0016286541879235172,0.0002496583867618684,26,4
false_positive,bidirectional,src/modules/ekf2,1.252708788299049,0.17113273814108748,1,4
false_positive,bidirectional,src/modules/commander,0.9129188680106365,0.12471398543906971,2,4
false_positive,bidirectional,src/modules/mavlink,0.36830088395192234,0.05031363978539371,3,4
false_positive,bidirectional,src/modules/vtol_att_control,0.3191273040783625,0.043596029558209064,4,4
false_positive,bidirectional,src/modules/sensors,0.26470432555367407,0.03616129818271545,5,4
false_positive,bidirectional,src/modules/mc_att_control,0.2313514362327565,0.03160495489869062,6,4
false_positive,bidirectional,src/modules/land_detector,0.22483635366363733,0.030714928477799514,7,4
false_positive,bidirectional,src/modules/fw_att_control,0.21075253858712442,0.0287909363576604,8,4
false_positive,bidirectional,src/modules/position_estimator_inav,0.19547253377670504,0.02670353257599888,9,4
false_positive,bidirectional,src/modules/fw_pos_control_l1,0.19083582557870274,0.026070111163698596,10,4
false_positive,bidirectional,src/modules/mc_pos_control,0.19083582557870274,0.026070111163698596,10,4
false_positive,bidirectional,src/modules/events,0.17194594930192555,0.023489562291856933,11,4
false_positive,bidirectional,src/drivers/telemetry,0.16277495371072914,0.02223671118898224,12,4
false_positive,bidirectional,src/modules/load_mon,0.1519357000466617,0.020755959096984574,13,4
false_positive,bidirectional,src/platforms/posix/drivers/df_bebop_bus_wrapper,0.14814154441369448,0.020237638918769216,14,4
false_positive,bidirectional,src/modules/navigator,0.14350611676601688,0.019604392442643594,15,4
false_positive,bidirectional,src/drivers/mkblctrl,0.12965815845960896,0.017712620751748846,16,4
false_positive,bidirectional,src/drivers/px4io,0.12965815845960896,0.017712620751748846,16,4
false_positive,bidirectional,src/platforms/qurt/fc_addon/uart_esc,0.12965815845960896,0.017712620751748846,16,4
false_positive,bidirectional,src/modules/landing_target_estimator,0.12470633553720378,0.017036151469010243,17,4
false_positive,bidirectional,src/modules/wind_estimator,0.12470633553720378,0.017036151469010243,17,4
false_positive,bidirectional,src/modules/gnd_att_control,0.12401244533484383,0.016941359022906013,18,4
false_positive,bidirectional,src/drivers/camera_trigger,0.11146084042466904,0.015226682366681777,19,4
false_positive,bidirectional,src/examples/uuv_example_app,0.11000489514583264,0.015027785460650507,20,4
false_positive,bidirectional,src/examples/rover_steering_control,0.10705592268193659,0.014624925883737627,21,4
false_positive,bidirectional,src/modules/simulator,0.10165757051931074,0.013887456173563068,22,4
false_positive,bidirectional,src/examples/fixedwing_control,0.09997388279966579,0.013657447338047036,23,4
false_positive,bidirectional,src/platforms/posix/drivers/df_ltc2946_wrapper,0.09718441706912193,0.013276378000242773,24,4
false_positive,bidirectional,src/modules/gnd_pos_control,0.09228356426822357,0.012606871753557179,25,4
false_positive,bidirectional,src/examples/hwtest,0.07870103111503639,0.010751359833222401,26,4
false_positive,bidirectional,src/drivers/vmount,0.07642938409672206,0.010441029788470321,27,4
false_positive,bidirectional,src/drivers/linux_pwm_out,0.05095712734457256,0.006961260918526443,28,4
false_positive,bidirectional,src/drivers/pwm_out_sim,0.05095712734457256,0.006961260918526443,28,4
false_positive,bidirectional,src/drivers/px4fmu,0.05095712734457256,0.006961260918526443,28,4
false_positive,bidirectional,src/drivers/snapdragon_pwm_out,0.05095712734457256,0.006961260918526443,28,4
false_positive,bidirectional,src/drivers/tap_esc,0.05095712734457256,0.006961260918526443,28,4
false_positive,bidirectional,src/modules/uavcan,0.05095712734457256,0.006961260918526443,28,4
false_positive,bidirectional,src/examples/px4_simple_app,0.031303864030796255,0.0042764256274281055,29,4
false_positive,bidirectional,src/modules/attitude_estimator_q,0.031303864030796255,0.0042764256274281055,29,4
false_positive,bidirectional,src/drivers/blinkm,0.02001024925526384,0.002733603194872355,30,4
false_positive,bidirectional,src/modules/gpio_led,0.02001024925526384,0.002733603194872355,30,4
false_positive,bidirectional,src/drivers/batt_smbus,0.01848338595408554,0.0025250181670203715,31,4
false_positive,bidirectional,src/modules/syslink,0.01848338595408554,0.0025250181670203715,31,4
false_positive,bidirectional,src/modules/sdlog2,0.018058368918261517,0.0024669565250996393,32,4
false_positive,bidirectional,src/platforms/qurt/tests/muorb,0.018058368918261517,0.0024669565250996393,32,4
false_positive,bidirectional,src/templates/module,0.018058368918261517,0.0024669565250996393,32,4
false_positive,bidirectional,src/modules/camera_feedback,0.013245495112534734,0.0018094691023284662,33,4
false_positive,bidirectional,src/modules/replay,0.013245495112534734,0.0018094691023284662,33,4
false_positive,bidirectional,src/drivers/distance_sensor,0.003053883144554981,0.00041719144095750345,34,4
false_positive,bidirectional,src/drivers/px4flow,0.003053883144554981,0.00041719144095750345,34,4
false_positive,bidirectional,src/platforms/posix/drivers/df_bebop_rangefinder_wrapper,0.003053883144554981,0.00041719144095750345,34,4
false_positive,bidirectional,src/platforms/posix/drivers/df_isl29501_wrapper,0.003053883144554981,0.00041719144095750345,34,4
false_positive,bidirectional,src/platforms/posix/drivers/df_trone_wrapper,0.003053883144554981,0.00041719144095750345,34,4
false_positive,bidirectional,src/modules/logger,0.0015268633011782974,0.00020858502785198375,35,4
