pair_id,module,score,rank
normal:commander_nav_state_override__2019-01-18__08_39_38__baseline,src/drivers/batt_smbus,0.0,
normal:commander_nav_state_override__2019-01-18__08_39_38__baseline,src/drivers/blinkm,0.0,
normal:commander_nav_state_override__2019-01-18__08_39_38__baseline,src/drivers/camera_trigger,0.0,
normal:commander_nav_state_override__2019-01-18__08_39_38__baseline,src/drivers/distance_sensor,0.0,
normal:commander_nav_state_override__2019-01-18__08_39_38__baseline,src/drivers/linux_pwm_out,0.0,
normal:commander_nav_state_override__2019-01-18__08_39_38__baseline,src/drivers/mkblctrl,0.0,
normal:commander_nav_state_override__2019-01-18__08_39_38__baseline,src/drivers/pwm_out_sim,0.0,
normal:commander_nav_state_override__2019-01-18__08_39_38__baseline,src/drivers/px4flow,0.0,
normal:commander_nav_state_override__2019-01-18__08_39_38__baseline,src/drivers/px4fmu,0.0,
normal:commander_nav_state_override__2019-01-18__08_39_38__baseline,src/drivers/px4io,0.0,
normal:commander_nav_state_override__2019-01-18__08_39_38__baseline,src/drivers/snapdragon_pwm_out,0.0,
normal:commander_nav_state_override__2019-01-18__08_39_38__baseline,src/drivers/tap_esc,0.0,
normal:commander_nav_state_override__2019-01-18__08_39_38__baseline,src/drivers/telemetry,0.0,
normal:commander_nav_state_override__2019-01-18__08_39_38__baseline,src/drivers/vmount,0.0,
normal:commander_nav_state_override__2019-01-18__08_39_38__baseline,src/examples/fixedwing_control,0.0,
normal:commander_nav_state_override__2019-01-18__08_39_38__baseline,src/examples/hwtest,0.0,
normal:commander_nav_state_override__2019-01-18__08_39_38__baseline,src/examples/px4_simple_app,0.0,
normal:commander_nav_state_override__2019-01-18__08_39_38__baseline,src/examples/rover_steering_control,0.0,
normal:commander_nav_state_override__2019-01-18__08_39_38__baseline,src/examples/uuv_example_app,0.0,
normal:commander_nav_state_override__2019-01-18__08_39_38__baseline,src/modules/attitude_estimator_q,0.0,
normal:commander_nav_state_override__2019-01-18__08_39_38__baseline,src/modules/camera_feedback,0.0,
normal:commander_nav_state_override__2019-01-18__08_39_38__baseline,src/modules/commander,1.5725631713867188,1.0
normal:commander_nav_state_override__2019-01-18__08_39_38__baseline,src/modules/ekf2,0.0,
normal:commander_nav_state_override__2019-01-18__08_39_38__baseline,src/modules/events,0.0,
normal:commander_nav_state_override__2019-01-18__08_39_38__baseline,src/modules/fw_att_control,0.0,
normal:commander_nav_state_override__2019-01-18__08_39_38__baseline,src/modules/fw_pos_control_l1,0.0,
normal:commander_nav_state_override__2019-01-18__08_39_38__baseline,src/modules/gnd_att_control,0.0,
normal:commander_nav_state_override__2019-01-18__08_39_38__baseline,src/modules/gnd_pos_control,0.0,
normal:commander_nav_state_override__2019-01-18__08_39_38__baseline,src/modules/gpio_led,0.0,
normal:commander_nav_state_override__2019-01-18__08_39_38__baseline,src/modules/land_detector,0.0,
normal:commander_nav_state_override__2019-01-18__08_39_38__baseline,src/modules/landing_target_estimator,0.0,
normal:commander_nav_state_override__2019-01-18__08_39_38__baseline,src/modules/load_mon,0.0,
normal:commander_nav_state_override__2019-01-18__08_39_38__baseline,src/modules/logger,0.0,
normal:commander_nav_state_override__2019-01-18__08_39_38__baseline,src/modules/mavlink,0.0,
normal:commander_nav_state_override__2019-01-18__08_39_38__baseline,src/modules/mc_att_control,0.0,
normal:commander_nav_state_override__2019-01-18__08_39_38__baseline,src/modules/mc_pos_control,0.0,
normal:commander_nav_state_override__2019-01-18__08_39_38__baseline,src/modules/navigator,0.0,
normal:commander_nav_state_override__2019-01-18__08_39_38__baseline,src/modules/position_estimator_inav,0.0,
normal:commander_nav_state_override__2019-01-18__08_39_38__baseline,src/modules/replay,0.0,
normal:commander_nav_state_override__2019-01-18__08_39_38__baseline,src/modules/sdlog2,0.0,
normal:commander_nav_state_override__2019-01-18__08_39_38__baseline,src/modules/sensors,0.0,
normal:commander_nav_state_override__2019-01-18__08_39_38__baseline,src/modules/simulator,0.0,
normal:commander_nav_state_override__2019-01-18__08_39_38__baseline,src/modules/syslink,0.0,
normal:commander_nav_state_override__2019-01-18__08_39_38__baseline,src/modules/uavcan,0.0,
normal:commander_nav_state_override__2019-01-18__08_39_38__baseline,src/modules/vtol_att_control,0.0,
normal:commander_nav_state_override__2019-01-18__08_39_38__baseline,src/modules/wind_estimator,0.0,
normal:commander_nav_state_override__2019-01-18__08_39_38__baseline,src/platforms/posix/drivers/df_bebop_bus_wrapper,0.0,
normal:commander_nav_state_override__2019-01-18__08_39_38__baseline,src/platforms/posix/drivers/df_bebop_rangefinder_wrapper,0.0,
normal:commander_nav_state_override__2019-01-18__08_39_38__baseline,src/platforms/posix/drivers/df_isl29501_wrapper,0.0,
normal:commander_nav_state_override__2019-01-18__08_39_38__baseline,src/platforms/posix/drivers/df_ltc2946_wrapper,0.0,
normal:commander_nav_state_override__2019-01-18__08_39_38__baseline,src/platforms/posix/drivers/df_trone_wrapper,0.0,
normal:commander_nav_state_override__2019-01-18__08_39_38__baseline,src/platforms/qurt/fc_addon/uart_esc,0.0,
normal:commander_nav_state_override__2019-01-18__08_39_38__baseline,src/platforms/qurt/tests/muorb,0.0,
normal:commander_nav_state_override__2019-01-18__08_39_38__baseline,src/templates/module,0.0,
normal:ekf2_innovation_bias__2019-01-18__08_39_38__baseline,src/drivers/batt_smbus,0.0,
normal:ekf2_innovation_bias__2019-01-18__08_39_38__baseline,src/drivers/blinkm,0.0,
normal:ekf2_innovation_bias__2019-01-18__08_39_38__baseline,src/drivers/camera_trigger,0.0,
normal:ekf2_innovation_bias__2019-01-18__08_39_38__baseline,src/drivers/distance_sensor,0.0,
normal:ekf2_innovation_bias__2019-01-18__08_39_38__baseline,src/drivers/linux_pwm_out,0.0,
normal:ekf2_innovation_bias__2019-01-18__08_39_38__baseline,src/drivers/mkblctrl,0.0,
normal:ekf2_innovation_bias__2019-01-18__08_39_38__baseline,src/drivers/pwm_out_sim,0.0,
normal:ekf2_innovation_bias__2019-01-18__08_39_38__baseline,src/drivers/px4flow,0.0,
normal:ekf2_innovation_bias__2019-01-18__08_39_38__baseline,src/drivers/px4fmu,0.0,
normal:ekf2_innovation_bias__2019-01-18__08_39_38__baseline,src/drivers/px4io,0.0,
normal:ekf2_innovation_bias__2019-01-18__08_39_38__baseline,src/drivers/snapdragon_pwm_out,0.0,
normal:ekf2_innovation_bias__2019-01-18__08_39_38__baseline,src/drivers/tap_esc,0.0,
normal:ekf2_innovation_bias__2019-01-18__08_39_38__baseline,src/drivers/telemetry,0.0,
normal:ekf2_innovation_bias__2019-01-18__08_39_38__baseline,src/drivers/vmount,0.0,
normal:ekf2_innovation_bias__2019-01-18__08_39_38__baseline,src/examples/fixedwing_control,0.0,
normal:ekf2_innovation_bias__2019-01-18__08_39_38__baseline,src/examples/hwtest,0.37031429918395276,6.0
normal:ekf2_innovation_bias__2019-01-18__08_39_38__baseline,src/examples/px4_simple_app,0.0,
normal:ekf2_innovation_bias__2019-01-18__08_39_38__baseline,src/examples/rover_steering_control,0.0,
normal:ekf2_innovation_bias__2019-01-18__08_39_38__baseline,src/examples/uuv_example_app,0.37031429918395276,6.0
normal:ekf2_innovation_bias__2019-01-18__08_39_38__baseline,src/modules/attitude_estimator_q,0.0,
normal:ekf2_innovation_bias__2019-01-18__08_39_38__baseline,src/modules/camera_feedback,0.0,
normal:ekf2_innovation_bias__2019-01-18__08_39_38__baseline,src/modules/commander,0.0,
normal:ekf2_innovation_bias__2019-01-18__08_39_38__baseline,src/modules/ekf2,1.801295906305313,1.0
normal:ekf2_innovation_bias__2019-01-18__08_39_38__baseline,src/modules/events,0.0,
normal:ekf2_innovation_bias__2019-01-18__08_39_38__baseline,src/modules/fw_att_control,0.0,
normal:ekf2_innovation_bias__2019-01-18__08_39_38__baseline,src/modules/fw_pos_control_l1,0.0,
normal:ekf2_innovation_bias__2019-01-18__08_39_38__baseline,src/modules/gnd_att_control,0.0,
normal:ekf2_innovation_bias__2019-01-18__08_39_38__baseline,src/modules/gnd_pos_control,0.0,
normal:ekf2_innovation_bias__2019-01-18__08_39_38__baseline,src/modules/gpio_led,0.0,
normal:ekf2_innovation_bias__2019-01-18__08_39_38__baseline,src/modules/land_detector,0.0,
normal:ekf2_innovation_bias__2019-01-18__08_39_38__baseline,src/modules/landing_target_estimator,0.0,
normal:ekf2_innovation_bias__2019-01-18__08_39_38__baseline,src/modules/load_mon,0.0,
normal:ekf2_innovation_bias__2019-01-18__08_39_38__baseline,src/modules/logger,0.0,
normal:ekf2_innovation_bias__2019-01-18__08_39_38__baseline,src/modules/mavlink,0.8202691367446064,2.0
normal:ekf2_innovation_bias__2019-01-18__08_39_38__baseline,src/modules/mc_att_control,0.0,
normal:ekf2_innovation_bias__2019-01-18__08_39_38__baseline,src/modules/mc_pos_control,0.0,
normal:ekf2_innovation_bias__2019-01-18__08_39_38__baseline,src/modules/navigator,0.0,
normal:ekf2_innovation_bias__2019-01-18__08_39_38__baseline,src/modules/position_estimator_inav,0.0,
normal:ekf2_innovation_bias__2019-01-18__08_39_38__baseline,src/modules/replay,0.0,
normal:ekf2_innovation_bias__2019-01-18__08_39_38__baseline,src/modules/sdlog2,0.0,
normal:ekf2_innovation_bias__2019-01-18__08_39_38__baseline,src/modules/sensors,0.4499548375606537,3.0
normal:ekf2_innovation_bias__2019-01-18__08_39_38__baseline,src/modules/simulator,0.0,
normal:ekf2_innovation_bias__2019-01-18__08_39_38__baseline,src/modules/syslink,0.0,
normal:ekf2_innovation_bias__2019-01-18__08_39_38__baseline,src/modules/uavcan,0.0,
normal:ekf2_innovation_bias__2019-01-18__08_39_38__baseline,src/modules/vtol_att_control,0.37031429918395276,6.0
normal:ekf2_innovation_bias__2019-01-18__08_39_38__baseline,src/modules/wind_estimator,0.0,
normal:ekf2_innovation_bias__2019-01-18__08_39_38__baseline,src/platforms/posix/drivers/df_bebop_bus_wrapper,0.0,
normal:ekf2_innovation_bias__2019-01-18__08_39_38__baseline,src/platforms/posix/drivers/df_bebop_rangefinder_wrapper,0.0,
normal:ekf2_innovation_bias__2019-01-18__08_39_38__baseline,src/platforms/posix/drivers/df_isl29501_wrapper,0.0,
normal:ekf2_innovation_bias__2019-01-18__08_39_38__baseline,src/platforms/posix/drivers/df_ltc2946_wrapper,0.0,
normal:ekf2_innovation_bias__2019-01-18__08_39_38__baseline,src/platforms/posix/drivers/df_trone_wrapper,0.0,
normal:ekf2_innovation_bias__2019-01-18__08_39_38__baseline,src/platforms/qurt/fc_addon/uart_esc,0.0,
normal:ekf2_innovation_bias__2019-01-18__08_39_38__baseline,src/platforms/qurt/tests/muorb,0.0,
normal:ekf2_innovation_bias__2019-01-18__08_39_38__baseline,src/templates/module,0.0,
normal:inav_local_z_freeze__2019-01-18__08_39_38__baseline,src/drivers/batt_smbus,0.0,
normal:inav_local_z_freeze__2019-01-18__08_39_38__baseline,src/drivers/blinkm,0.0,
normal:inav_local_z_freeze__2019-01-18__08_39_38__baseline,src/drivers/camera_trigger,0.0,
normal:inav_local_z_freeze__2019-01-18__08_39_38__baseline,src/drivers/distance_sensor,0.0,
normal:inav_local_z_freeze__2019-01-18__08_39_38__baseline,src/drivers/linux_pwm_out,0.0,
normal:inav_local_z_freeze__2019-01-18__08_39_38__baseline,src/drivers/mkblctrl,0.0,
normal:inav_local_z_freeze__2019-01-18__08_39_38__baseline,src/drivers/pwm_out_sim,0.0,
normal:inav_local_z_freeze__2019-01-18__08_39_38__baseline,src/drivers/px4flow,0.0,
normal:inav_local_z_freeze__2019-01-18__08_39_38__baseline,src/drivers/px4fmu,0.0,
normal:inav_local_z_freeze__2019-01-18__08_39_38__baseline,src/drivers/px4io,0.0,
normal:inav_local_z_freeze__2019-01-18__08_39_38__baseline,src/drivers/snapdragon_pwm_out,0.0,
normal:inav_local_z_freeze__2019-01-18__08_39_38__baseline,src/drivers/tap_esc,0.0,
normal:inav_local_z_freeze__2019-01-18__08_39_38__baseline,src/drivers/telemetry,0.0,
normal:inav_local_z_freeze__2019-01-18__08_39_38__baseline,src/drivers/vmount,0.0,
normal:inav_local_z_freeze__2019-01-18__08_39_38__baseline,src/examples/fixedwing_control,0.0,
normal:inav_local_z_freeze__2019-01-18__08_39_38__baseline,src/examples/hwtest,0.15495684739860596,5.0
normal:inav_local_z_freeze__2019-01-18__08_39_38__baseline,src/examples/px4_simple_app,0.0,
normal:inav_local_z_freeze__2019-01-18__08_39_38__baseline,src/examples/rover_steering_control,0.0,
normal:inav_local_z_freeze__2019-01-18__08_39_38__baseline,src/examples/uuv_example_app,0.15495684739860596,5.0
normal:inav_local_z_freeze__2019-01-18__08_39_38__baseline,src/modules/attitude_estimator_q,0.0,
normal:inav_local_z_freeze__2019-01-18__08_39_38__baseline,src/modules/camera_feedback,0.0,
normal:inav_local_z_freeze__2019-01-18__08_39_38__baseline,src/modules/commander,0.0,
normal:inav_local_z_freeze__2019-01-18__08_39_38__baseline,src/modules/ekf2,0.0,
normal:inav_local_z_freeze__2019-01-18__08_39_38__baseline,src/modules/events,0.0,
normal:inav_local_z_freeze__2019-01-18__08_39_38__baseline,src/modules/fw_att_control,0.0,
normal:inav_local_z_freeze__2019-01-18__08_39_38__baseline,src/modules/fw_pos_control_l1,0.0,
normal:inav_local_z_freeze__2019-01-18__08_39_38__baseline,src/modules/gnd_att_control,0.0,
normal:inav_local_z_freeze__2019-01-18__08_39_38__baseline,src/modules/gnd_pos_control,0.0,
normal:inav_local_z_freeze__2019-01-18__08_39_38__baseline,src/modules/gpio_led,0.0,
normal:inav_local_z_freeze__2019-01-18__08_39_38__baseline,src/modules/land_detector,0.0,
normal:inav_local_z_freeze__2019-01-18__08_39_38__baseline,src/modules/landing_target_estimator,0.0,
normal:inav_local_z_freeze__2019-01-18__08_39_38__baseline,src/modules/load_mon,0.0,
normal:inav_local_z_freeze__2019-01-18__08_39_38__baseline,src/modules/logger,0.0,
normal:inav_local_z_freeze__2019-01-18__08_39_38__baseline,src/modules/mavlink,3.7545955478838353,1.0
normal:inav_local_z_freeze__2019-01-18__08_39_38__baseline,src/modules/mc_att_control,0.0,
normal:inav_local_z_freeze__2019-01-18__08_39_38__baseline,src/modules/mc_pos_control,0.0,
normal:inav_local_z_freeze__2019-01-18__08_39_38__baseline,src/modules/navigator,0.0,
normal:inav_local_z_freeze__2019-01-18__08_39_38__baseline,src/modules/position_estimator_inav,0.0,
normal:inav_local_z_freeze__2019-01-18__08_39_38__baseline,src/modules/replay,0.0,
normal:inav_local_z_freeze__2019-01-18__08_39_38__baseline,src/modules/sdlog2,0.0,
normal:inav_local_z_freeze__2019-01-18__08_39_38__baseline,src/modules/sensors,3.5996387004852295,2.0
normal:inav_local_z_freeze__2019-01-18__08_39_38__baseline,src/modules/simulator,0.0,
normal:inav_local_z_freeze__2019-01-18__08_39_38__baseline,src/modules/syslink,0.0,
normal:inav_local_z_freeze__2019-01-18__08_39_38__baseline,src/modules/uavcan,0.0,
normal:inav_local_z_freeze__2019-01-18__08_39_38__baseline,src/modules/vtol_att_control,0.15495684739860596,5.0
normal:inav_local_z_freeze__2019-01-18__08_39_38__baseline,src/modules/wind_estimator,0.0,
normal:inav_local_z_freeze__2019-01-18__08_39_38__baseline,src/platforms/posix/drivers/df_bebop_bus_wrapper,0.0,
normal:inav_local_z_freeze__2019-01-18__08_39_38__baseline,src/platforms/posix/drivers/df_bebop_rangefinder_wrapper,0.0,
normal:inav_local_z_freeze__2019-01-18__08_39_38__baseline,src/platforms/posix/drivers/df_isl29501_wrapper,0.0,
normal:inav_local_z_freeze__2019-01-18__08_39_38__baseline,src/platforms/posix/drivers/df_ltc2946_wrapper,0.0,
normal:inav_local_z_freeze__2019-01-18__08_39_38__baseline,src/platforms/posix/drivers/df_trone_wrapper,0.0,
normal:inav_local_z_freeze__2019-01-18__08_39_38__baseline,src/platforms/qurt/fc_addon/uart_esc,0.0,
normal:inav_local_z_freeze__2019-01-18__08_39_38__baseline,src/platforms/qurt/tests/muorb,0.0,
normal:inav_local_z_freeze__2019-01-18__08_39_38__baseline,src/templates/module,0.0,
normal:land_detector_state_inversion__2019-01-18__08_39_38__baseline,src/drivers/batt_smbus,0.0,
normal:land_detector_state_inversion__2019-01-18__08_39_38__baseline,src/drivers/blinkm,0.0,
normal:land_detector_state_inversion__2019-01-18__08_39_38__baseline,src/drivers/camera_trigger,0.0,
normal:land_detector_state_inversion__2019-01-18__08_39_38__baseline,src/drivers/distance_sensor,0.0,
normal:land_detector_state_inversion__2019-01-18__08_39_38__baseline,src/drivers/linux_pwm_out,0.0,
normal:land_detector_state_inversion__2019-01-18__08_39_38__baseline,src/drivers/mkblctrl,0.0,
normal:land_detector_state_inversion__2019-01-18__08_39_38__baseline,src/drivers/pwm_out_sim,0.0,
normal:land_detector_state_inversion__2019-01-18__08_39_38__baseline,src/drivers/px4flow,0.0,
normal:land_detector_state_inversion__2019-01-18__08_39_38__baseline,src/drivers/px4fmu,0.0,
normal:land_detector_state_inversion__2019-01-18__08_39_38__baseline,src/drivers/px4io,0.0,
normal:land_detector_state_inversion__2019-01-18__08_39_38__baseline,src/drivers/snapdragon_pwm_out,0.0,
normal:land_detector_state_inversion__2019-01-18__08_39_38__baseline,src/drivers/tap_esc,0.0,
normal:land_detector_state_inversion__2019-01-18__08_39_38__baseline,src/drivers/telemetry,0.0,
normal:land_detector_state_inversion__2019-01-18__08_39_38__baseline,src/drivers/vmount,0.0,
normal:land_detector_state_inversion__2019-01-18__08_39_38__baseline,src/examples/fixedwing_control,0.0,
normal:land_detector_state_inversion__2019-01-18__08_39_38__baseline,src/examples/hwtest,0.0,
normal:land_detector_state_inversion__2019-01-18__08_39_38__baseline,src/examples/px4_simple_app,0.0,
normal:land_detector_state_inversion__2019-01-18__08_39_38__baseline,src/examples/rover_steering_control,0.0,
normal:land_detector_state_inversion__2019-01-18__08_39_38__baseline,src/examples/uuv_example_app,0.0,
normal:land_detector_state_inversion__2019-01-18__08_39_38__baseline,src/modules/attitude_estimator_q,0.0,
normal:land_detector_state_inversion__2019-01-18__08_39_38__baseline,src/modules/camera_feedback,0.0,
normal:land_detector_state_inversion__2019-01-18__08_39_38__baseline,src/modules/commander,0.0,
normal:land_detector_state_inversion__2019-01-18__08_39_38__baseline,src/modules/ekf2,0.0,
normal:land_detector_state_inversion__2019-01-18__08_39_38__baseline,src/modules/events,0.0,
normal:land_detector_state_inversion__2019-01-18__08_39_38__baseline,src/modules/fw_att_control,0.0,
normal:land_detector_state_inversion__2019-01-18__08_39_38__baseline,src/modules/fw_pos_control_l1,0.0,
normal:land_detector_state_inversion__2019-01-18__08_39_38__baseline,src/modules/gnd_att_control,0.0,
normal:land_detector_state_inversion__2019-01-18__08_39_38__baseline,src/modules/gnd_pos_control,0.0,
normal:land_detector_state_inversion__2019-01-18__08_39_38__baseline,src/modules/gpio_led,0.0,
normal:land_detector_state_inversion__2019-01-18__08_39_38__baseline,src/modules/land_detector,0.0,
normal:land_detector_state_inversion__2019-01-18__08_39_38__baseline,src/modules/landing_target_estimator,0.0,
normal:land_detector_state_inversion__2019-01-18__08_39_38__baseline,src/modules/load_mon,0.0,
normal:land_detector_state_inversion__2019-01-18__08_39_38__baseline,src/modules/logger,0.0,
normal:land_detector_state_inversion__2019-01-18__08_39_38__baseline,src/modules/mavlink,3.5996387004852295,2.0
normal:land_detector_state_inversion__2019-01-18__08_39_38__baseline,src/modules/mc_att_control,0.0,
normal:land_detector_state_inversion__2019-01-18__08_39_38__baseline,src/modules/mc_pos_control,0.0,
normal:land_detector_state_inversion__2019-01-18__08_39_38__baseline,src/modules/navigator,0.0,
normal:land_detector_state_inversion__2019-01-18__08_39_38__baseline,src/modules/position_estimator_inav,0.0,
normal:land_detector_state_inversion__2019-01-18__08_39_38__baseline,src/modules/replay,0.0,
normal:land_detector_state_inversion__2019-01-18__08_39_38__baseline,src/modules/sdlog2,0.0,
normal:land_detector_state_inversion__2019-01-18__08_39_38__baseline,src/modules/sensors,3.5996387004852295,2.0
normal:land_detector_state_inversion__2019-01-18__08_39_38__baseline,src/modules/simulator,0.0,
normal:land_detector_state_inversion__2019-01-18__08_39_38__baseline,src/modules/syslink,0.0,
normal:land_detector_state_inversion__2019-01-18__08_39_38__baseline,src/modules/uavcan,0.0,
normal:land_detector_state_inversion__2019-01-18__08_39_38__baseline,src/modules/vtol_att_control,0.0,
normal:land_detector_state_inversion__2019-01-18__08_39_38__baseline,src/modules/wind_estimator,0.0,
normal:land_detector_state_inversion__2019-01-18__08_39_38__baseline,src/platforms/posix/drivers/df_bebop_bus_wrapper,0.0,
normal:land_detector_state_inversion__2019-01-18__08_39_38__baseline,src/platforms/posix/drivers/df_bebop_rangefinder_wrapper,0.0,
normal:land_detector_state_inversion__2019-01-18__08_39_38__baseline,src/platforms/posix/drivers/df_isl29501_wrapper,0.0,
normal:land_detector_state_inversion__2019-01-18__08_39_38__baseline,src/platforms/posix/drivers/df_ltc2946_wrapper,0.0,
normal:land_detector_state_inversion__2019-01-18__08_39_38__baseline,src/platforms/posix/drivers/df_trone_wrapper,0.0,
normal:land_detector_state_inversion__2019-01-18__08_39_38__baseline,src/platforms/qurt/fc_addon/uart_esc,0.0,
normal:land_detector_state_inversion__2019-01-18__08_39_38__baseline,src/platforms/qurt/tests/muorb,0.0,
normal:land_detector_state_inversion__2019-01-18__08_39_38__baseline,src/templates/module,0.0,
fault:commander_nav_state_override__2019-01-18__08_39_38__fault,src/drivers/batt_smbus,0.0,
fault:commander_nav_state_override__2019-01-18__08_39_38__fault,src/drivers/blinkm,0.0,
fault:commander_nav_state_override__2019-01-18__08_39_38__fault,src/drivers/camera_trigger,0.0,
fault:commander_nav_state_override__2019-01-18__08_39_38__fault,src/drivers/distance_sensor,0.0,
fault:commander_nav_state_override__2019-01-18__08_39_38__fault,src/drivers/linux_pwm_out,0.0,
fault:commander_nav_state_override__2019-01-18__08_39_38__fault,src/drivers/mkblctrl,0.0,
fault:commander_nav_state_override__2019-01-18__08_39_38__fault,src/drivers/pwm_out_sim,0.0,
fault:commander_nav_state_override__2019-01-18__08_39_38__fault,src/drivers/px4flow,0.0,
fault:commander_nav_state_override__2019-01-18__08_39_38__fault,src/drivers/px4fmu,0.0,
fault:commander_nav_state_override__2019-01-18__08_39_38__fault,src/drivers/px4io,0.0,
fault:commander_nav_state_override__2019-01-18__08_39_38__fault,src/drivers/snapdragon_pwm_out,0.0,
fault:commander_nav_state_override__2019-01-18__08_39_38__fault,src/drivers/tap_esc,0.0,
fault:commander_nav_state_override__2019-01-18__08_39_38__fault,src/drivers/telemetry,0.0,
fault:commander_nav_state_override__2019-01-18__08_39_38__fault,src/drivers/vmount,0.0,
fault:commander_nav_state_override__2019-01-18__08_39_38__fault,src/examples/fixedwing_control,0.0,
fault:commander_nav_state_override__2019-01-18__08_39_38__fault,src/examples/hwtest,0.0,
fault:commander_nav_state_override__2019-01-18__08_39_38__fault,src/examples/px4_simple_app,0.0,
fault:commander_nav_state_override__2019-01-18__08_39_38__fault,src/examples/rover_steering_control,0.0,
fault:commander_nav_state_override__2019-01-18__08_39_38__fault,src/examples/uuv_example_app,0.0,
fault:commander_nav_state_override__2019-01-18__08_39_38__fault,src/modules/attitude_estimator_q,0.0,
fault:commander_nav_state_override__2019-01-18__08_39_38__fault,src/modules/camera_feedback,0.0,
fault:commander_nav_state_override__2019-01-18__08_39_38__fault,src/modules/commander,62.456037521362305,1.0
fault:commander_nav_state_override__2019-01-18__08_39_38__fault,src/modules/ekf2,0.0,
fault:commander_nav_state_override__2019-01-18__08_39_38__fault,src/modules/events,0.0,
fault:commander_nav_state_override__2019-01-18__08_39_38__fault,src/modules/fw_att_control,0.0,
fault:commander_nav_state_override__2019-01-18__08_39_38__fault,src/modules/fw_pos_control_l1,0.0,
fault:commander_nav_state_override__2019-01-18__08_39_38__fault,src/modules/gnd_att_control,0.0,
fault:commander_nav_state_override__2019-01-18__08_39_38__fault,src/modules/gnd_pos_control,0.0,
fault:commander_nav_state_override__2019-01-18__08_39_38__fault,src/modules/gpio_led,0.0,
fault:commander_nav_state_override__2019-01-18__08_39_38__fault,src/modules/land_detector,0.0,
fault:commander_nav_state_override__2019-01-18__08_39_38__fault,src/modules/landing_target_estimator,0.0,
fault:commander_nav_state_override__2019-01-18__08_39_38__fault,src/modules/load_mon,0.0,
fault:commander_nav_state_override__2019-01-18__08_39_38__fault,src/modules/logger,0.0,
fault:commander_nav_state_override__2019-01-18__08_39_38__fault,src/modules/mavlink,0.0,
fault:commander_nav_state_override__2019-01-18__08_39_38__fault,src/modules/mc_att_control,0.0,
fault:commander_nav_state_override__2019-01-18__08_39_38__fault,src/modules/mc_pos_control,0.0,
fault:commander_nav_state_override__2019-01-18__08_39_38__fault,src/modules/navigator,0.0,
fault:commander_nav_state_override__2019-01-18__08_39_38__fault,src/modules/position_estimator_inav,0.0,
fault:commander_nav_state_override__2019-01-18__08_39_38__fault,src/modules/replay,0.0,
fault:commander_nav_state_override__2019-01-18__08_39_38__fault,src/modules/sdlog2,0.0,
fault:commander_nav_state_override__2019-01-18__08_39_38__fault,src/modules/sensors,0.0,
fault:commander_nav_state_override__2019-01-18__08_39_38__fault,src/modules/simulator,0.0,
fault:commander_nav_state_override__2019-01-18__08_39_38__fault,src/modules/syslink,0.0,
fault:commander_nav_state_override__2019-01-18__08_39_38__fault,src/modules/uavcan,0.0,
fault:commander_nav_state_override__2019-01-18__08_39_38__fault,src/modules/vtol_att_control,0.0,
fault:commander_nav_state_override__2019-01-18__08_39_38__fault,src/modules/wind_estimator,0.0,
fault:commander_nav_state_override__2019-01-18__08_39_38__fault,src/platforms/posix/drivers/df_bebop_bus_wrapper,0.0,
fault:commander_nav_state_override__2019-01-18__08_39_38__fault,src/platforms/posix/drivers/df_bebop_rangefinder_wrapper,0.0,
fault:commander_nav_state_override__2019-01-18__08_39_38__fault,src/platforms/posix/drivers/df_isl29501_wrapper,0.0,
fault:commander_nav_state_override__2019-01-18__08_39_38__fault,src/platforms/posix/drivers/df_ltc2946_wrapper,0.0,
fault:commander_nav_state_override__2019-01-18__08_39_38__fault,src/platforms/posix/drivers/df_trone_wrapper,0.0,
fault:commander_nav_state_override__2019-01-18__08_39_38__fault,src/platforms/qurt/fc_addon/uart_esc,0.0,
fault:commander_nav_state_override__2019-01-18__08_39_38__fault,src/platforms/qurt/tests/muorb,0.0,
fault:commander_nav_state_override__2019-01-18__08_39_38__fault,src/templates/module,0.0,
fault:ekf2_innovation_bias__2019-01-18__08_39_38__fault,src/drivers/batt_smbus,0.0,
fault:ekf2_innovation_bias__2019-01-18__08_39_38__fault,src/drivers/blinkm,0.0,
fault:ekf2_innovation_bias__2019-01-18__08_39_38__fault,src/drivers/camera_trigger,0.0,
fault:ekf2_innovation_bias__2019-01-18__08_39_38__fault,src/drivers/distance_sensor,0.0,
fault:ekf2_innovation_bias__2019-01-18__08_39_38__fault,src/drivers/linux_pwm_out,0.0,
fault:ekf2_innovation_bias__2019-01-18__08_39_38__fault,src/drivers/mkblctrl,0.0,
fault:ekf2_innovation_bias__2019-01-18__08_39_38__fault,src/drivers/pwm_out_sim,0.0,
fault:ekf2_innovation_bias__2019-01-18__08_39_38__fault,src/drivers/px4flow,0.0,
fault:ekf2_innovation_bias__2019-01-18__08_39_38__fault,src/drivers/px4fmu,0.0,
fault:ekf2_innovation_bias__2019-01-18__08_39_38__fault,src/drivers/px4io,0.0,
fault:ekf2_innovation_bias__2019-01-18__08_39_38__fault,src/drivers/snapdragon_pwm_out,0.0,
fault:ekf2_innovation_bias__2019-01-18__08_39_38__fault,src/drivers/tap_esc,0.0,
fault:ekf2_innovation_bias__2019-01-18__08_39_38__fault,src/drivers/telemetry,0.0,
fault:ekf2_innovation_bias__2019-01-18__08_39_38__fault,src/drivers/vmount,0.0,
fault:ekf2_innovation_bias__2019-01-18__08_39_38__fault,src/examples/fixedwing_control,0.0,
fault:ekf2_innovation_bias__2019-01-18__08_39_38__fault,src/examples/hwtest,0.039397229936218935,6.0
fault:ekf2_innovation_bias__2019-01-18__08_39_38__fault,src/examples/px4_simple_app,0.0,
fault:ekf2_innovation_bias__2019-01-18__08_39_38__fault,src/examples/rover_steering_control,0.0,
fault:ekf2_innovation_bias__2019-01-18__08_39_38__fault,src/examples/uuv_example_app,0.039397229936218935,6.0
fault:ekf2_innovation_bias__2019-01-18__08_39_38__fault,src/modules/attitude_estimator_q,0.0,
fault:ekf2_innovation_bias__2019-01-18__08_39_38__fault,src/modules/camera_feedback,0.0,
fault:ekf2_innovation_bias__2019-01-18__08_39_38__fault,src/modules/commander,0.0,
fault:ekf2_innovation_bias__2019-01-18__08_39_38__fault,src/modules/ekf2,4.28503526304744,1.0
fault:ekf2_innovation_bias__2019-01-18__08_39_38__fault,src/modules/events,0.0,
fault:ekf2_innovation_bias__2019-01-18__08_39_38__fault,src/modules/fw_att_control,0.0,
fault:ekf2_innovation_bias__2019-01-18__08_39_38__fault,src/modules/fw_pos_control_l1,0.0,
fault:ekf2_innovation_bias__2019-01-18__08_39_38__fault,src/modules/gnd_att_control,0.0,
fault:ekf2_innovation_bias__2019-01-18__08_39_38__fault,src/modules/gnd_pos_control,0.0,
fault:ekf2_innovation_bias__2019-01-18__08_39_38__fault,src/modules/gpio_led,0.0,
fault:ekf2_innovation_bias__2019-01-18__08_39_38__fault,src/modules/land_detector,0.0,
fault:ekf2_innovation_bias__2019-01-18__08_39_38__fault,src/modules/landing_target_estimator,0.0,
fault:ekf2_innovation_bias__2019-01-18__08_39_38__fault,src/modules/load_mon,0.0,
fault:ekf2_innovation_bias__2019-01-18__08_39_38__fault,src/modules/logger,0.0,
fault:ekf2_innovation_bias__2019-01-18__08_39_38__fault,src/modules/mavlink,0.19997298417384377,2.0
fault:ekf2_innovation_bias__2019-01-18__08_39_38__fault,src/modules/mc_att_control,0.0,
fault:ekf2_innovation_bias__2019-01-18__08_39_38__fault,src/modules/mc_pos_control,0.0,
fault:ekf2_innovation_bias__2019-01-18__08_39_38__fault,src/modules/navigator,0.0,
fault:ekf2_innovation_bias__2019-01-18__08_39_38__fault,src/modules/position_estimator_inav,0.0,
fault:ekf2_innovation_bias__2019-01-18__08_39_38__fault,src/modules/replay,0.0,
fault:ekf2_innovation_bias__2019-01-18__08_39_38__fault,src/modules/sdlog2,0.0,
fault:ekf2_innovation_bias__2019-01-18__08_39_38__fault,src/modules/sensors,0.16057575423762482,3.0
fault:ekf2_innovation_bias__2019-01-18__08_39_38__fault,src/modules/simulator,0.0,
fault:ekf2_innovation_bias__2019-01-18__08_39_38__fault,src/modules/syslink,0.0,
fault:ekf2_innovation_bias__2019-01-18__08_39_38__fault,src/modules/uavcan,0.0,
fault:ekf2_innovation_bias__2019-01-18__08_39_38__fault,src/modules/vtol_att_control,0.039397229936218935,6.0
fault:ekf2_innovation_bias__2019-01-18__08_39_38__fault,src/modules/wind_estimator,0.0,
fault:ekf2_innovation_bias__2019-01-18__08_39_38__fault,src/platforms/posix/drivers/df_bebop_bus_wrapper,0.0,
fault:ekf2_innovation_bias__2019-01-18__08_39_38__fault,src/platforms/posix/drivers/df_bebop_rangefinder_wrapper,0.0,
fault:ekf2_innovation_bias__2019-01-18__08_39_38__fault,src/platforms/posix/drivers/df_isl29501_wrapper,0.0,
fault:ekf2_innovation_bias__2019-01-18__08_39_38__fault,src/platforms/posix/drivers/df_ltc2946_wrapper,0.0,
fault:ekf2_innovation_bias__2019-01-18__08_39_38__fault,src/platforms/posix/drivers/df_trone_wrapper,0.0,
fault:ekf2_innovation_bias__2019-01-18__08_39_38__fault,src/platforms/qurt/fc_addon/uart_esc,0.0,
fault:ekf2_innovation_bias__2019-01-18__08_39_38__fault,src/platforms/qurt/tests/muorb,0.0,
fault:ekf2_innovation_bias__2019-01-18__08_39_38__fault,src/templates/module,0.0,
fault:inav_local_z_freeze__2019-01-18__08_39_38__fault,src/drivers/batt_smbus,0.0,
fault:inav_local_z_freeze__2019-01-18__08_39_38__fault,src/drivers/blinkm,0.0,
fault:inav_local_z_freeze__2019-01-18__08_39_38__fault,src/drivers/camera_trigger,0.0,
fault:inav_local_z_freeze__2019-01-18__08_39_38__fault,src/drivers/distance_sensor,0.0,
fault:inav_local_z_freeze__2019-01-18__08_39_38__fault,src/drivers/linux_pwm_out,0.0,
fault:inav_local_z_freeze__2019-01-18__08_39_38__fault,src/drivers/mkblctrl,0.0,
fault:inav_local_z_freeze__2019-01-18__08_39_38__fault,src/drivers/pwm_out_sim,0.0,
fault:inav_local_z_freeze__2019-01-18__08_39_38__fault,src/drivers/px4flow,0.0,
fault:inav_local_z_freeze__2019-01-18__08_39_38__fault,src/drivers/px4fmu,0.0,
fault:inav_local_z_freeze__2019-01-18__08_39_38__fault,src/drivers/px4io,0.0,
fault:inav_local_z_freeze__2019-01-18__08_39_38__fault,src/drivers/snapdragon_pwm_out,0.0,
fault:inav_local_z_freeze__2019-01-18__08_39_38__fault,src/drivers/tap_esc,0.0,
fault:inav_local_z_freeze__2019-01-18__08_39_38__fault,src/drivers/telemetry,0.0,
fault:inav_local_z_freeze__2019-01-18__08_39_38__fault,src/drivers/vmount,0.0,
fault:inav_local_z_freeze__2019-01-18__08_39_38__fault,src/examples/fixedwing_control,0.0,
fault:inav_local_z_freeze__2019-01-18__08_39_38__fault,src/examples/hwtest,0.0,
fault:inav_local_z_freeze__2019-01-18__08_39_38__fault,src/examples/px4_simple_app,0.0,
fault:inav_local_z_freeze__2019-01-18__08_39_38__fault,src/examples/rover_steering_control,0.0,
fault:inav_local_z_freeze__2019-01-18__08_39_38__fault,src/examples/uuv_example_app,0.0,
fault:inav_local_z_freeze__2019-01-18__08_39_38__fault,src/modules/attitude_estimator_q,0.0,
fault:inav_local_z_freeze__2019-01-18__08_39_38__fault,src/modules/camera_feedback,0.0,
fault:inav_local_z_freeze__2019-01-18__08_39_38__fault,src/modules/commander,0.0,
fault:inav_local_z_freeze__2019-01-18__08_39_38__fault,src/modules/ekf2,0.0,
fault:inav_local_z_freeze__2019-01-18__08_39_38__fault,src/modules/events,0.0,
fault:inav_local_z_freeze__2019-01-18__08_39_38__fault,src/modules/fw_att_control,0.0,
fault:inav_local_z_freeze__2019-01-18__08_39_38__fault,src/modules/fw_pos_control_l1,0.0,
fault:inav_local_z_freeze__2019-01-18__08_39_38__fault,src/modules/gnd_att_control,0.0,
fault:inav_local_z_freeze__2019-01-18__08_39_38__fault,src/modules/gnd_pos_control,0.0,
fault:inav_local_z_freeze__2019-01-18__08_39_38__fault,src/modules/gpio_led,0.0,
fault:inav_local_z_freeze__2019-01-18__08_39_38__fault,src/modules/land_detector,0.0,
fault:inav_local_z_freeze__2019-01-18__08_39_38__fault,src/modules/landing_target_estimator,0.0,
fault:inav_local_z_freeze__2019-01-18__08_39_38__fault,src/modules/load_mon,0.0,
fault:inav_local_z_freeze__2019-01-18__08_39_38__fault,src/modules/logger,0.0,
fault:inav_local_z_freeze__2019-01-18__08_39_38__fault,src/modules/mavlink,11.72183096781373,2.0
fault:inav_local_z_freeze__2019-01-18__08_39_38__fault,src/modules/mc_att_control,0.0,
fault:inav_local_z_freeze__2019-01-18__08_39_38__fault,src/modules/mc_pos_control,0.0,
fault:inav_local_z_freeze__2019-01-18__08_39_38__fault,src/modules/navigator,0.0,
fault:inav_local_z_freeze__2019-01-18__08_39_38__fault,src/modules/position_estimator_inav,11.72183096781373,2.0
fault:inav_local_z_freeze__2019-01-18__08_39_38__fault,src/modules/replay,0.0,
fault:inav_local_z_freeze__2019-01-18__08_39_38__fault,src/modules/sdlog2,0.0,
fault:inav_local_z_freeze__2019-01-18__08_39_38__fault,src/modules/sensors,0.0,
fault:inav_local_z_freeze__2019-01-18__08_39_38__fault,src/modules/simulator,0.0,
fault:inav_local_z_freeze__2019-01-18__08_39_38__fault,src/modules/syslink,0.0,
fault:inav_local_z_freeze__2019-01-18__08_39_38__fault,src/modules/uavcan,0.0,
fault:inav_local_z_freeze__2019-01-18__08_39_38__fault,src/modules/vtol_att_control,0.0,
fault:inav_local_z_freeze__2019-01-18__08_39_38__fault,src/modules/wind_estimator,0.0,
fault:inav_local_z_freeze__2019-01-18__08_39_38__fault,src/platforms/posix/drivers/df_bebop_bus_wrapper,0.0,
fault:inav_local_z_freeze__2019-01-18__08_39_38__fault,src/platforms/posix/drivers/df_bebop_rangefinder_wrapper,0.0,
fault:inav_local_z_freeze__2019-01-18__08_39_38__fault,src/platforms/posix/drivers/df_isl29501_wrapper,0.0,
fault:inav_local_z_freeze__2019-01-18__08_39_38__fault,src/platforms/posix/drivers/df_ltc2946_wrapper,0.0,
fault:inav_local_z_freeze__2019-01-18__08_39_38__fault,src/platforms/posix/drivers/df_trone_wrapper,0.0,
fault:inav_local_z_freeze__2019-01-18__08_39_38__fault,src/platforms/qurt/fc_addon/uart_esc,0.0,
fault:inav_local_z_freeze__2019-01-18__08_39_38__fault,src/platforms/qurt/tests/muorb,0.0,
fault:inav_local_z_freeze__2019-01-18__08_39_38__fault,src/templates/module,0.0,
fault:land_detector_state_inversion__2019-01-18__08_39_38__fault,src/drivers/batt_smbus,0.0,
fault:land_detector_state_inversion__2019-01-18__08_39_38__fault,src/drivers/blinkm,0.0,
fault:land_detector_state_inversion__2019-01-18__08_39_38__fault,src/drivers/camera_trigger,0.0,
fault:land_detector_state_inversion__2019-01-18__08_39_38__fault,src/drivers/distance_sensor,0.0,
fault:land_detector_state_inversion__2019-01-18__08_39_38__fault,src/drivers/linux_pwm_out,0.0,
fault:land_detector_state_inversion__2019-01-18__08_39_38__fault,src/drivers/mkblctrl,0.0,
fault:land_detector_state_inversion__2019-01-18__08_39_38__fault,src/drivers/pwm_out_sim,0.0,
fault:land_detector_state_inversion__2019-01-18__08_39_38__fault,src/drivers/px4flow,0.0,
fault:land_detector_state_inversion__2019-01-18__08_39_38__fault,src/drivers/px4fmu,0.0,
fault:land_detector_state_inversion__2019-01-18__08_39_38__fault,src/drivers/px4io,0.0,
fault:land_detector_state_inversion__2019-01-18__08_39_38__fault,src/drivers/snapdragon_pwm_out,0.0,
fault:land_detector_state_inversion__2019-01-18__08_39_38__fault,src/drivers/tap_esc,0.0,
fault:land_detector_state_inversion__2019-01-18__08_39_38__fault,src/drivers/telemetry,0.0,
fault:land_detector_state_inversion__2019-01-18__08_39_38__fault,src/drivers/vmount,0.0,
fault:land_detector_state_inversion__2019-01-18__08_39_38__fault,src/examples/fixedwing_control,0.0,
fault:land_detector_state_inversion__2019-01-18__08_39_38__fault,src/examples/hwtest,0.0,
fault:land_detector_state_inversion__2019-01-18__08_39_38__fault,src/examples/px4_simple_app,0.0,
fault:land_detector_state_inversion__2019-01-18__08_39_38__fault,src/examples/rover_steering_control,0.0,
fault:land_detector_state_inversion__2019-01-18__08_39_38__fault,src/examples/uuv_example_app,0.0,
fault:land_detector_state_inversion__2019-01-18__08_39_38__fault,src/modules/attitude_estimator_q,0.0,
fault:land_detector_state_inversion__2019-01-18__08_39_38__fault,src/modules/camera_feedback,0.0,
fault:land_detector_state_inversion__2019-01-18__08_39_38__fault,src/modules/commander,0.0,
fault:land_detector_state_inversion__2019-01-18__08_39_38__fault,src/modules/ekf2,0.0,
fault:land_detector_state_inversion__2019-01-18__08_39_38__fault,src/modules/events,0.0,
fault:land_detector_state_inversion__2019-01-18__08_39_38__fault,src/modules/fw_att_control,0.0,
fault:land_detector_state_inversion__2019-01-18__08_39_38__fault,src/modules/fw_pos_control_l1,0.0,
fault:land_detector_state_inversion__2019-01-18__08_39_38__fault,src/modules/gnd_att_control,0.0,
fault:land_detector_state_inversion__2019-01-18__08_39_38__fault,src/modules/gnd_pos_control,0.0,
fault:land_detector_state_inversion__2019-01-18__08_39_38__fault,src/modules/gpio_led,0.0,
fault:land_detector_state_inversion__2019-01-18__08_39_38__fault,src/modules/land_detector,77.74925186949525,2.0
fault:land_detector_state_inversion__2019-01-18__08_39_38__fault,src/modules/landing_target_estimator,0.0,
fault:land_detector_state_inversion__2019-01-18__08_39_38__fault,src/modules/load_mon,0.0,
fault:land_detector_state_inversion__2019-01-18__08_39_38__fault,src/modules/logger,0.0,
fault:land_detector_state_inversion__2019-01-18__08_39_38__fault,src/modules/mavlink,77.74925186949525,2.0
fault:land_detector_state_inversion__2019-01-18__08_39_38__fault,src/modules/mc_att_control,0.0,
fault:land_detector_state_inversion__2019-01-18__08_39_38__fault,src/modules/mc_pos_control,0.0,
fault:land_detector_state_inversion__2019-01-18__08_39_38__fault,src/modules/navigator,0.0,
fault:land_detector_state_inversion__2019-01-18__08_39_38__fault,src/modules/position_estimator_inav,0.0,
fault:land_detector_state_inversion__2019-01-18__08_39_38__fault,src/modules/replay,0.0,
fault:land_detector_state_inversion__2019-01-18__08_39_38__fault,src/modules/sdlog2,0.0,
fault:land_detector_state_inversion__2019-01-18__08_39_38__fault,src/modules/sensors,0.0,
fault:land_detector_state_inversion__2019-01-18__08_39_38__fault,src/modules/simulator,0.0,
fault:land_detector_state_inversion__2019-01-18__08_39_38__fault,src/modules/syslink,0.0,
fault:land_detector_state_inversion__2019-01-18__08_39_38__fault,src/modules/uavcan,0.0,
fault:land_detector_state_inversion__2019-01-18__08_39_38__fault,src/modules/vtol_att_control,0.0,
fault:land_detector_state_inversion__2019-01-18__08_39_38__fault,src/modules/wind_estimator,0.0,
fault:land_detector_state_inversion__2019-01-18__08_39_38__fault,src/platforms/posix/drivers/df_bebop_bus_wrapper,0.0,
fault:land_detector_state_inversion__2019-01-18__08_39_38__fault,src/platforms/posix/drivers/df_bebop_rangefinder_wrapper,0.0,
fault:land_detector_state_inversion__2019-01-18__08_39_38__fault,src/platforms/posix/drivers/df_isl29501_wrapper,0.0,
fault:land_detector_state_inversion__2019-01-18__08_39_38__fault,src/platforms/posix/drivers/df_ltc2946_wrapper,0.0,
fault:land_detector_state_inversion__2019-01-18__08_39_38__fault,src/platforms/posix/drivers/df_trone_wrapper,0.0,
fault:land_detector_state_inversion__2019-01-18__08_39_38__fault,src/platforms/qurt/fc_addon/uart_esc,0.0,
fault:land_detector_state_inversion__2019-01-18__08_39_38__fault,src/platforms/qurt/tests/muorb,0.0,
fault:land_detector_state_inversion__2019-01-18__08_39_38__fault,src/templates/module,0.0,
normal:commander_nav_state_override__2019-01-25__17_38_05__baseline,src/drivers/batt_smbus,0.0,
normal:commander_nav_state_override__2019-01-25__17_38_05__baseline,src/drivers/blinkm,0.0,
normal:commander_nav_state_override__2019-01-25__17_38_05__baseline,src/drivers/camera_trigger,0.0,
normal:commander_nav_state_override__2019-01-25__17_38_05__baseline,src/drivers/distance_sensor,0.0,
normal:commander_nav_state_override__2019-01-25__17_38_05__baseline,src/drivers/linux_pwm_out,0.0,
normal:commander_nav_state_override__2019-01-25__17_38_05__baseline,src/drivers/mkblctrl,0.0,
normal:commander_nav_state_override__2019-01-25__17_38_05__baseline,src/drivers/pwm_out_sim,0.0,
normal:commander_nav_state_override__2019-01-25__17_38_05__baseline,src/drivers/px4flow,0.0,
normal:commander_nav_state_override__2019-01-25__17_38_05__baseline,src/drivers/px4fmu,0.0,
normal:commander_nav_state_override__2019-01-25__17_38_05__baseline,src/drivers/px4io,0.0,
normal:commander_nav_state_override__2019-01-25__17_38_05__baseline,src/drivers/snapdragon_pwm_out,0.0,
normal:commander_nav_state_override__2019-01-25__17_38_05__baseline,src/drivers/tap_esc,0.0,
normal:commander_nav_state_override__2019-01-25__17_38_05__baseline,src/drivers/telemetry,0.0,
normal:commander_nav_state_override__2019-01-25__17_38_05__baseline,src/drivers/vmount,0.0,
normal:commander_nav_state_override__2019-01-25__17_38_05__baseline,src/examples/fixedwing_control,0.0,
normal:commander_nav_state_override__2019-01-25__17_38_05__baseline,src/examples/hwtest,0.0,
normal:commander_nav_state_override__2019-01-25__17_38_05__baseline,src/examples/px4_simple_app,0.0,
normal:commander_nav_state_override__2019-01-25__17_38_05__baseline,src/examples/rover_steering_control,0.0,
normal:commander_nav_state_override__2019-01-25__17_38_05__baseline,src/examples/uuv_example_app,0.0,
normal:commander_nav_state_override__2019-01-25__17_38_05__baseline,src/modules/attitude_estimator_q,0.0,
normal:commander_nav_state_override__2019-01-25__17_38_05__baseline,src/modules/camera_feedback,0.0,
normal:commander_nav_state_override__2019-01-25__17_38_05__baseline,src/modules/commander,0.0,
normal:commander_nav_state_override__2019-01-25__17_38_05__baseline,src/modules/ekf2,0.0,
normal:commander_nav_state_override__2019-01-25__17_38_05__baseline,src/modules/events,0.0,
normal:commander_nav_state_override__2019-01-25__17_38_05__baseline,src/modules/fw_att_control,0.0,
normal:commander_nav_state_override__2019-01-25__17_38_05__baseline,src/modules/fw_pos_control_l1,0.0,
normal:commander_nav_state_override__2019-01-25__17_38_05__baseline,src/modules/gnd_att_control,0.0,
normal:commander_nav_state_override__2019-01-25__17_38_05__baseline,src/modules/gnd_pos_control,0.0,
normal:commander_nav_state_override__2019-01-25__17_38_05__baseline,src/modules/gpio_led,0.0,
normal:commander_nav_state_override__2019-01-25__17_38_05__baseline,src/modules/land_detector,0.0,
normal:commander_nav_state_override__2019-01-25__17_38_05__baseline,src/modules/landing_target_estimator,0.0,
normal:commander_nav_state_override__2019-01-25__17_38_05__baseline,src/modules/load_mon,0.0,
normal:commander_nav_state_override__2019-01-25__17_38_05__baseline,src/modules/logger,0.0,
normal:commander_nav_state_override__2019-01-25__17_38_05__baseline,src/modules/mavlink,0.0,
normal:commander_nav_state_override__2019-01-25__17_38_05__baseline,src/modules/mc_att_control,0.0,
normal:commander_nav_state_override__2019-01-25__17_38_05__baseline,src/modules/mc_pos_control,0.0,
normal:commander_nav_state_override__2019-01-25__17_38_05__baseline,src/modules/navigator,0.0,
normal:commander_nav_state_override__2019-01-25__17_38_05__baseline,src/modules/position_estimator_inav,0.0,
normal:commander_nav_state_override__2019-01-25__17_38_05__baseline,src/modules/replay,0.0,
normal:commander_nav_state_override__2019-01-25__17_38_05__baseline,src/modules/sdlog2,0.0,
normal:commander_nav_state_override__2019-01-25__17_38_05__baseline,src/modules/sensors,0.0,
normal:commander_nav_state_override__2019-01-25__17_38_05__baseline,src/modules/simulator,0.0,
normal:commander_nav_state_override__2019-01-25__17_38_05__baseline,src/modules/syslink,0.0,
normal:commander_nav_state_override__2019-01-25__17_38_05__baseline,src/modules/uavcan,0.0,
normal:commander_nav_state_override__2019-01-25__17_38_05__baseline,src/modules/vtol_att_control,0.0,
normal:commander_nav_state_override__2019-01-25__17_38_05__baseline,src/modules/wind_estimator,0.0,
normal:commander_nav_state_override__2019-01-25__17_38_05__baseline,src/platforms/posix/drivers/df_bebop_bus_wrapper,0.0,
normal:commander_nav_state_override__2019-01-25__17_38_05__baseline,src/platforms/posix/drivers/df_bebop_rangefinder_wrapper,0.0,
normal:commander_nav_state_override__2019-01-25__17_38_05__baseline,src/platforms/posix/drivers/df_isl29501_wrapper,0.0,
normal:commander_nav_state_override__2019-01-25__17_38_05__baseline,src/platforms/posix/drivers/df_ltc2946_wrapper,0.0,
normal:commander_nav_state_override__2019-01-25__17_38_05__baseline,src/platforms/posix/drivers/df_trone_wrapper,0.0,
normal:commander_nav_state_override__2019-01-25__17_38_05__baseline,src/platforms/qurt/fc_addon/uart_esc,0.0,
normal:commander_nav_state_override__2019-01-25__17_38_05__baseline,src/platforms/qurt/tests/muorb,0.0,
normal:commander_nav_state_override__2019-01-25__17_38_05__baseline,src/templates/module,0.0,
normal:ekf2_innovation_bias__2019-01-25__17_38_05__baseline,src/drivers/batt_smbus,0.0,
normal:ekf2_innovation_bias__2019-01-25__17_38_05__baseline,src/drivers/blinkm,0.0,
normal:ekf2_innovation_bias__2019-01-25__17_38_05__baseline,src/drivers/camera_trigger,0.0,
normal:ekf2_innovation_bias__2019-01-25__17_38_05__baseline,src/drivers/distance_sensor,0.0,
normal:ekf2_innovation_bias__2019-01-25__17_38_05__baseline,src/drivers/linux_pwm_out,0.0,
normal:ekf2_innovation_bias__2019-01-25__17_38_05__baseline,src/drivers/mkblctrl,0.0,
normal:ekf2_innovation_bias__2019-01-25__17_38_05__baseline,src/drivers/pwm_out_sim,0.0,
normal:ekf2_innovation_bias__2019-01-25__17_38_05__baseline,src/drivers/px4flow,0.0,
normal:ekf2_innovation_bias__2019-01-25__17_38_05__baseline,src/drivers/px4fmu,0.0,
normal:ekf2_innovation_bias__2019-01-25__17_38_05__baseline,src/drivers/px4io,0.0,
normal:ekf2_innovation_bias__2019-01-25__17_38_05__baseline,src/drivers/snapdragon_pwm_out,0.0,
normal:ekf2_innovation_bias__2019-01-25__17_38_05__baseline,src/drivers/tap_esc,0.0,
normal:ekf2_innovation_bias__2019-01-25__17_38_05__baseline,src/drivers/telemetry,0.0,
normal:ekf2_innovation_bias__2019-01-25__17_38_05__baseline,src/drivers/vmount,0.0,
normal:ekf2_innovation_bias__2019-01-25__17_38_05__baseline,src/examples/fixedwing_control,0.0,
normal:ekf2_innovation_bias__2019-01-25__17_38_05__baseline,src/examples/hwtest,0.0,
normal:ekf2_innovation_bias__2019-01-25__17_38_05__baseline,src/examples/px4_simple_app,0.0,
normal:ekf2_innovation_bias__2019-01-25__17_38_05__baseline,src/examples/rover_steering_control,0.0,
normal:ekf2_innovation_bias__2019-01-25__17_38_05__baseline,src/examples/uuv_example_app,0.0,
normal:ekf2_innovation_bias__2019-01-25__17_38_05__baseline,src/modules/attitude_estimator_q,0.0,
normal:ekf2_innovation_bias__2019-01-25__17_38_05__baseline,src/modules/camera_feedback,0.0,
normal:ekf2_innovation_bias__2019-01-25__17_38_05__baseline,src/modules/commander,0.0,
normal:ekf2_innovation_bias__2019-01-25__17_38_05__baseline,src/modules/ekf2,1.2411587845449477,1.0
normal:ekf2_innovation_bias__2019-01-25__17_38_05__baseline,src/modules/events,0.0,
normal:ekf2_innovation_bias__2019-01-25__17_38_05__baseline,src/modules/fw_att_control,0.0,
normal:ekf2_innovation_bias__2019-01-25__17_38_05__baseline,src/modules/fw_pos_control_l1,0.0,
normal:ekf2_innovation_bias__2019-01-25__17_38_05__baseline,src/modules/gnd_att_control,0.0,
normal:ekf2_innovation_bias__2019-01-25__17_38_05__baseline,src/modules/gnd_pos_control,0.0,
normal:ekf2_innovation_bias__2019-01-25__17_38_05__baseline,src/modules/gpio_led,0.0,
normal:ekf2_innovation_bias__2019-01-25__17_38_05__baseline,src/modules/land_detector,0.0,
normal:ekf2_innovation_bias__2019-01-25__17_38_05__baseline,src/modules/landing_target_estimator,0.0,
normal:ekf2_innovation_bias__2019-01-25__17_38_05__baseline,src/modules/load_mon,0.0,
normal:ekf2_innovation_bias__2019-01-25__17_38_05__baseline,src/modules/logger,0.0,
normal:ekf2_innovation_bias__2019-01-25__17_38_05__baseline,src/modules/mavlink,0.0,
normal:ekf2_innovation_bias__2019-01-25__17_38_05__baseline,src/modules/mc_att_control,0.0,
normal:ekf2_innovation_bias__2019-01-25__17_38_05__baseline,src/modules/mc_pos_control,0.0,
normal:ekf2_innovation_bias__2019-01-25__17_38_05__baseline,src/modules/navigator,0.0,
normal:ekf2_innovation_bias__2019-01-25__17_38_05__baseline,src/modules/position_estimator_inav,0.0,
normal:ekf2_innovation_bias__2019-01-25__17_38_05__baseline,src/modules/replay,0.0,
normal:ekf2_innovation_bias__2019-01-25__17_38_05__baseline,src/modules/sdlog2,0.0,
normal:ekf2_innovation_bias__2019-01-25__17_38_05__baseline,src/modules/sensors,0.0,
normal:ekf2_innovation_bias__2019-01-25__17_38_05__baseline,src/modules/simulator,0.0,
normal:ekf2_innovation_bias__2019-01-25__17_38_05__baseline,src/modules/syslink,0.0,
normal:ekf2_innovation_bias__2019-01-25__17_38_05__baseline,src/modules/uavcan,0.0,
normal:ekf2_innovation_bias__2019-01-25__17_38_05__baseline,src/modules/vtol_att_control,0.0,
normal:ekf2_innovation_bias__2019-01-25__17_38_05__baseline,src/modules/wind_estimator,0.0,
normal:ekf2_innovation_bias__2019-01-25__17_38_05__baseline,src/platforms/posix/drivers/df_bebop_bus_wrapper,0.0,
normal:ekf2_innovation_bias__2019-01-25__17_38_05__baseline,src/platforms/posix/drivers/df_bebop_rangefinder_wrapper,0.0,
normal:ekf2_innovation_bias__2019-01-25__17_38_05__baseline,src/platforms/posix/drivers/df_isl29501_wrapper,0.0,
normal:ekf2_innovation_bias__2019-01-25__17_38_05__baseline,src/platforms/posix/drivers/df_ltc2946_wrapper,0.0,
normal:ekf2_innovation_bias__2019-01-25__17_38_05__baseline,src/platforms/posix/drivers/df_trone_wrapper,0.0,
normal:ekf2_innovation_bias__2019-01-25__17_38_05__baseline,src/platforms/qurt/fc_addon/uart_esc,0.0,
normal:ekf2_innovation_bias__2019-01-25__17_38_05__baseline,src/platforms/qurt/tests/muorb,0.0,
normal:ekf2_innovation_bias__2019-01-25__17_38_05__baseline,src/templates/module,0.0,
normal:inav_local_z_freeze__2019-01-25__17_38_05__baseline,src/drivers/batt_smbus,0.0,
normal:inav_local_z_freeze__2019-01-25__17_38_05__baseline,src/drivers/blinkm,0.0,
normal:inav_local_z_freeze__2019-01-25__17_38_05__baseline,src/drivers/camera_trigger,0.0,
normal:inav_local_z_freeze__2019-01-25__17_38_05__baseline,src/drivers/distance_sensor,0.0,
normal:inav_local_z_freeze__2019-01-25__17_38_05__baseline,src/drivers/linux_pwm_out,0.0,
normal:inav_local_z_freeze__2019-01-25__17_38_05__baseline,src/drivers/mkblctrl,0.0,
normal:inav_local_z_freeze__2019-01-25__17_38_05__baseline,src/drivers/pwm_out_sim,0.0,
normal:inav_local_z_freeze__2019-01-25__17_38_05__baseline,src/drivers/px4flow,0.0,
normal:inav_local_z_freeze__2019-01-25__17_38_05__baseline,src/drivers/px4fmu,0.0,
normal:inav_local_z_freeze__2019-01-25__17_38_05__baseline,src/drivers/px4io,0.0,
normal:inav_local_z_freeze__2019-01-25__17_38_05__baseline,src/drivers/snapdragon_pwm_out,0.0,
normal:inav_local_z_freeze__2019-01-25__17_38_05__baseline,src/drivers/tap_esc,0.0,
normal:inav_local_z_freeze__2019-01-25__17_38_05__baseline,src/drivers/telemetry,0.0,
normal:inav_local_z_freeze__2019-01-25__17_38_05__baseline,src/drivers/vmount,0.0,
normal:inav_local_z_freeze__2019-01-25__17_38_05__baseline,src/examples/fixedwing_control,0.0,
normal:inav_local_z_freeze__2019-01-25__17_38_05__baseline,src/examples/hwtest,0.0,
normal:inav_local_z_freeze__2019-01-25__17_38_05__baseline,src/examples/px4_simple_app,0.0,
normal:inav_local_z_freeze__2019-01-25__17_38_05__baseline,src/examples/rover_steering_control,0.0,
normal:inav_local_z_freeze__2019-01-25__17_38_05__baseline,src/examples/uuv_example_app,0.0,
normal:inav_local_z_freeze__2019-01-25__17_38_05__baseline,src/modules/attitude_estimator_q,0.0,
normal:inav_local_z_freeze__2019-01-25__17_38_05__baseline,src/modules/camera_feedback,0.0,
normal:inav_local_z_freeze__2019-01-25__17_38_05__baseline,src/modules/commander,0.0,
normal:inav_local_z_freeze__2019-01-25__17_38_05__baseline,src/modules/ekf2,0.0,
normal:inav_local_z_freeze__2019-01-25__17_38_05__baseline,src/modules/events,0.0,
normal:inav_local_z_freeze__2019-01-25__17_38_05__baseline,src/modules/fw_att_control,0.0,
normal:inav_local_z_freeze__2019-01-25__17_38_05__baseline,src/modules/fw_pos_control_l1,0.0,
normal:inav_local_z_freeze__2019-01-25__17_38_05__baseline,src/modules/gnd_att_control,0.0,
normal:inav_local_z_freeze__2019-01-25__17_38_05__baseline,src/modules/gnd_pos_control,0.0,
normal:inav_local_z_freeze__2019-01-25__17_38_05__baseline,src/modules/gpio_led,0.0,
normal:inav_local_z_freeze__2019-01-25__17_38_05__baseline,src/modules/land_detector,0.0,
normal:inav_local_z_freeze__2019-01-25__17_38_05__baseline,src/modules/landing_target_estimator,0.0,
normal:inav_local_z_freeze__2019-01-25__17_38_05__baseline,src/modules/load_mon,0.0,
normal:inav_local_z_freeze__2019-01-25__17_38_05__baseline,src/modules/logger,0.0,
normal:inav_local_z_freeze__2019-01-25__17_38_05__baseline,src/modules/mavlink,0.0,
normal:inav_local_z_freeze__2019-01-25__17_38_05__baseline,src/modules/mc_att_control,0.0,
normal:inav_local_z_freeze__2019-01-25__17_38_05__baseline,src/modules/mc_pos_control,0.0,
normal:inav_local_z_freeze__2019-01-25__17_38_05__baseline,src/modules/navigator,0.0,
normal:inav_local_z_freeze__2019-01-25__17_38_05__baseline,src/modules/position_estimator_inav,0.0,
normal:inav_local_z_freeze__2019-01-25__17_38_05__baseline,src/modules/replay,0.0,
normal:inav_local_z_freeze__2019-01-25__17_38_05__baseline,src/modules/sdlog2,0.0,
normal:inav_local_z_freeze__2019-01-25__17_38_05__baseline,src/modules/sensors,0.0,
normal:inav_local_z_freeze__2019-01-25__17_38_05__baseline,src/modules/simulator,0.0,
normal:inav_local_z_freeze__2019-01-25__17_38_05__baseline,src/modules/syslink,0.0,
normal:inav_local_z_freeze__2019-01-25__17_38_05__baseline,src/modules/uavcan,0.0,
normal:inav_local_z_freeze__2019-01-25__17_38_05__baseline,src/modules/vtol_att_control,0.0,
normal:inav_local_z_freeze__2019-01-25__17_38_05__baseline,src/modules/wind_estimator,0.0,
normal:inav_local_z_freeze__2019-01-25__17_38_05__baseline,src/platforms/posix/drivers/df_bebop_bus_wrapper,0.0,
normal:inav_local_z_freeze__2019-01-25__17_38_05__baseline,src/platforms/posix/drivers/df_bebop_rangefinder_wrapper,0.0,
normal:inav_local_z_freeze__2019-01-25__17_38_05__baseline,src/platforms/posix/drivers/df_isl29501_wrapper,0.0,
normal:inav_local_z_freeze__2019-01-25__17_38_05__baseline,src/platforms/posix/drivers/df_ltc2946_wrapper,0.0,
normal:inav_local_z_freeze__2019-01-25__17_38_05__baseline,src/platforms/posix/drivers/df_trone_wrapper,0.0,
normal:inav_local_z_freeze__2019-01-25__17_38_05__baseline,src/platforms/qurt/fc_addon/uart_esc,0.0,
normal:inav_local_z_freeze__2019-01-25__17_38_05__baseline,src/platforms/qurt/tests/muorb,0.0,
normal:inav_local_z_freeze__2019-01-25__17_38_05__baseline,src/templates/module,0.0,
normal:land_detector_state_inversion__2019-01-25__17_38_05__baseline,src/drivers/batt_smbus,0.0,
normal:land_detector_state_inversion__2019-01-25__17_38_05__baseline,src/drivers/blinkm,0.0,
normal:land_detector_state_inversion__2019-01-25__17_38_05__baseline,src/drivers/camera_trigger,0.0,
normal:land_detector_state_inversion__2019-01-25__17_38_05__baseline,src/drivers/distance_sensor,0.0,
normal:land_detector_state_inversion__2019-01-25__17_38_05__baseline,src/drivers/linux_pwm_out,0.0,
normal:land_detector_state_inversion__2019-01-25__17_38_05__baseline,src/drivers/mkblctrl,0.0,
normal:land_detector_state_inversion__2019-01-25__17_38_05__baseline,src/drivers/pwm_out_sim,0.0,
normal:land_detector_state_inversion__2019-01-25__17_38_05__baseline,src/drivers/px4flow,0.0,
normal:land_detector_state_inversion__2019-01-25__17_38_05__baseline,src/drivers/px4fmu,0.0,
normal:land_detector_state_inversion__2019-01-25__17_38_05__baseline,src/drivers/px4io,0.0,
normal:land_detector_state_inversion__2019-01-25__17_38_05__baseline,src/drivers/snapdragon_pwm_out,0.0,
normal:land_detector_state_inversion__2019-01-25__17_38_05__baseline,src/drivers/tap_esc,0.0,
normal:land_detector_state_inversion__2019-01-25__17_38_05__baseline,src/drivers/telemetry,0.0,
normal:land_detector_state_inversion__2019-01-25__17_38_05__baseline,src/drivers/vmount,0.0,
normal:land_detector_state_inversion__2019-01-25__17_38_05__baseline,src/examples/fixedwing_control,0.0,
normal:land_detector_state_inversion__2019-01-25__17_38_05__baseline,src/examples/hwtest,0.0,
normal:land_detector_state_inversion__2019-01-25__17_38_05__baseline,src/examples/px4_simple_app,0.0,
normal:land_detector_state_inversion__2019-01-25__17_38_05__baseline,src/examples/rover_steering_control,0.0,
normal:land_detector_state_inversion__2019-01-25__17_38_05__baseline,src/examples/uuv_example_app,0.0,
normal:land_detector_state_inversion__2019-01-25__17_38_05__baseline,src/modules/attitude_estimator_q,0.0,
normal:land_detector_state_inversion__2019-01-25__17_38_05__baseline,src/modules/camera_feedback,0.0,
normal:land_detector_state_inversion__2019-01-25__17_38_05__baseline,src/modules/commander,0.0,
normal:land_detector_state_inversion__2019-01-25__17_38_05__baseline,src/modules/ekf2,0.0,
normal:land_detector_state_inversion__2019-01-25__17_38_05__baseline,src/modules/events,0.0,
normal:land_detector_state_inversion__2019-01-25__17_38_05__baseline,src/modules/fw_att_control,0.0,
normal:land_detector_state_inversion__2019-01-25__17_38_05__baseline,src/modules/fw_pos_control_l1,0.0,
normal:land_detector_state_inversion__2019-01-25__17_38_05__baseline,src/modules/gnd_att_control,0.0,
normal:land_detector_state_inversion__2019-01-25__17_38_05__baseline,src/modules/gnd_pos_control,0.0,
normal:land_detector_state_inversion__2019-01-25__17_38_05__baseline,src/modules/gpio_led,0.0,
normal:land_detector_state_inversion__2019-01-25__17_38_05__baseline,src/modules/land_detector,0.0,
normal:land_detector_state_inversion__2019-01-25__17_38_05__baseline,src/modules/landing_target_estimator,0.0,
normal:land_detector_state_inversion__2019-01-25__17_38_05__baseline,src/modules/load_mon,0.0,
normal:land_detector_state_inversion__2019-01-25__17_38_05__baseline,src/modules/logger,0.0,
normal:land_detector_state_inversion__2019-01-25__17_38_05__baseline,src/modules/mavlink,0.0,
normal:land_detector_state_inversion__2019-01-25__17_38_05__baseline,src/modules/mc_att_control,0.0,
normal:land_detector_state_inversion__2019-01-25__17_38_05__baseline,src/modules/mc_pos_control,0.0,
normal:land_detector_state_inversion__2019-01-25__17_38_05__baseline,src/modules/navigator,0.0,
normal:land_detector_state_inversion__2019-01-25__17_38_05__baseline,src/modules/position_estimator_inav,0.0,
normal:land_detector_state_inversion__2019-01-25__17_38_05__baseline,src/modules/replay,0.0,
normal:land_detector_state_inversion__2019-01-25__17_38_05__baseline,src/modules/sdlog2,0.0,
normal:land_detector_state_inversion__2019-01-25__17_38_05__baseline,src/modules/sensors,0.19545352458953857,2.0
normal:land_detector_state_inversion__2019-01-25__17_38_05__baseline,src/modules/simulator,0.0,
normal:land_detector_state_inversion__2019-01-25__17_38_05__baseline,src/modules/syslink,0.0,
normal:land_detector_state_inversion__2019-01-25__17_38_05__baseline,src/modules/uavcan,0.0,
normal:land_detector_state_inversion__2019-01-25__17_38_05__baseline,src/modules/vtol_att_control,0.0,
normal:land_detector_state_inversion__2019-01-25__17_38_05__baseline,src/modules/wind_estimator,0.0,
normal:land_detector_state_inversion__2019-01-25__17_38_05__baseline,src/platforms/posix/drivers/df_bebop_bus_wrapper,0.0,
normal:land_detector_state_inversion__2019-01-25__17_38_05__baseline,src/platforms/posix/drivers/df_bebop_rangefinder_wrapper,0.0,
normal:land_detector_state_inversion__2019-01-25__17_38_05__baseline,src/platforms/posix/drivers/df_isl29501_wrapper,0.0,
normal:land_detector_state_inversion__2019-01-25__17_38_05__baseline,src/platforms/posix/drivers/df_ltc2946_wrapper,0.0,
normal:land_detector_state_inversion__2019-01-25__17_38_05__baseline,src/platforms/posix/drivers/df_trone_wrapper,0.0,
normal:land_detector_state_inversion__2019-01-25__17_38_05__baseline,src/platforms/qurt/fc_addon/uart_esc,0.0,
normal:land_detector_state_inversion__2019-01-25__17_38_05__baseline,src/platforms/qurt/tests/muorb,0.19545352458953857,2.0
normal:land_detector_state_inversion__2019-01-25__17_38_05__baseline,src/templates/module,0.0,
fault:commander_nav_state_override__2019-01-25__17_38_05__fault,src/drivers/batt_smbus,0.0,
fault:commander_nav_state_override__2019-01-25__17_38_05__fault,src/drivers/blinkm,0.0,
fault:commander_nav_state_override__2019-01-25__17_38_05__fault,src/drivers/camera_trigger,0.0,
fault:commander_nav_state_override__2019-01-25__17_38_05__fault,src/drivers/distance_sensor,0.0,
fault:commander_nav_state_override__2019-01-25__17_38_05__fault,src/drivers/linux_pwm_out,0.0,
fault:commander_nav_state_override__2019-01-25__17_38_05__fault,src/drivers/mkblctrl,0.0,
fault:commander_nav_state_override__2019-01-25__17_38_05__fault,src/drivers/pwm_out_sim,0.0,
fault:commander_nav_state_override__2019-01-25__17_38_05__fault,src/drivers/px4flow,0.0,
fault:commander_nav_state_override__2019-01-25__17_38_05__fault,src/drivers/px4fmu,0.0,
fault:commander_nav_state_override__2019-01-25__17_38_05__fault,src/drivers/px4io,0.0,
fault:commander_nav_state_override__2019-01-25__17_38_05__fault,src/drivers/snapdragon_pwm_out,0.0,
fault:commander_nav_state_override__2019-01-25__17_38_05__fault,src/drivers/tap_esc,0.0,
fault:commander_nav_state_override__2019-01-25__17_38_05__fault,src/drivers/telemetry,0.0,
fault:commander_nav_state_override__2019-01-25__17_38_05__fault,src/drivers/vmount,0.0,
fault:commander_nav_state_override__2019-01-25__17_38_05__fault,src/examples/fixedwing_control,0.0,
fault:commander_nav_state_override__2019-01-25__17_38_05__fault,src/examples/hwtest,0.0,
fault:commander_nav_state_override__2019-01-25__17_38_05__fault,src/examples/px4_simple_app,0.0,
fault:commander_nav_state_override__2019-01-25__17_38_05__fault,src/examples/rover_steering_control,0.0,
fault:commander_nav_state_override__2019-01-25__17_38_05__fault,src/examples/uuv_example_app,0.0,
fault:commander_nav_state_override__2019-01-25__17_38_05__fault,src/modules/attitude_estimator_q,0.0,
fault:commander_nav_state_override__2019-01-25__17_38_05__fault,src/modules/camera_feedback,0.0,
fault:commander_nav_state_override__2019-01-25__17_38_05__fault,src/modules/commander,62.456037521362305,1.0
fault:commander_nav_state_override__2019-01-25__17_38_05__fault,src/modules/ekf2,0.0,
fault:commander_nav_state_override__2019-01-25__17_38_05__fault,src/modules/events,0.0,
fault:commander_nav_state_override__2019-01-25__17_38_05__fault,src/modules/fw_att_control,0.0,
fault:commander_nav_state_override__2019-01-25__17_38_05__fault,src/modules/fw_pos_control_l1,0.0,
fault:commander_nav_state_override__2019-01-25__17_38_05__fault,src/modules/gnd_att_control,0.0,
fault:commander_nav_state_override__2019-01-25__17_38_05__fault,src/modules/gnd_pos_control,0.0,
fault:commander_nav_state_override__2019-01-25__17_38_05__fault,src/modules/gpio_led,0.0,
fault:commander_nav_state_override__2019-01-25__17_38_05__fault,src/modules/land_detector,0.0,
fault:commander_nav_state_override__2019-01-25__17_38_05__fault,src/modules/landing_target_estimator,0.0,
fault:commander_nav_state_override__2019-01-25__17_38_05__fault,src/modules/load_mon,0.0,
fault:commander_nav_state_override__2019-01-25__17_38_05__fault,src/modules/logger,0.0,
fault:commander_nav_state_override__2019-01-25__17_38_05__fault,src/modules/mavlink,0.0,
fault:commander_nav_state_override__2019-01-25__17_38_05__fault,src/modules/mc_att_control,0.0,
fault:commander_nav_state_override__2019-01-25__17_38_05__fault,src/modules/mc_pos_control,0.0,
fault:commander_nav_state_override__2019-01-25__17_38_05__fault,src/modules/navigator,0.0,
fault:commander_nav_state_override__2019-01-25__17_38_05__fault,src/modules/position_estimator_inav,0.0,
fault:commander_nav_state_override__2019-01-25__17_38_05__fault,src/modules/replay,0.0,
fault:commander_nav_state_override__2019-01-25__17_38_05__fault,src/modules/sdlog2,0.0,
fault:commander_nav_state_override__2019-01-25__17_38_05__fault,src/modules/sensors,0.0,
fault:commander_nav_state_override__2019-01-25__17_38_05__fault,src/modules/simulator,0.0,
fault:commander_nav_state_override__2019-01-25__17_38_05__fault,src/modules/syslink,0.0,
fault:commander_nav_state_override__2019-01-25__17_38_05__fault,src/modules/uavcan,0.0,
fault:commander_nav_state_override__2019-01-25__17_38_05__fault,src/modules/vtol_att_control,0.0,
fault:commander_nav_state_override__2019-01-25__17_38_05__fault,src/modules/wind_estimator,0.0,
fault:commander_nav_state_override__2019-01-25__17_38_05__fault,src/platforms/posix/drivers/df_bebop_bus_wrapper,0.0,
fault:commander_nav_state_override__2019-01-25__17_38_05__fault,src/platforms/posix/drivers/df_bebop_rangefinder_wrapper,0.0,
fault:commander_nav_state_override__2019-01-25__17_38_05__fault,src/platforms/posix/drivers/df_isl29501_wrapper,0.0,
fault:commander_nav_state_override__2019-01-25__17_38_05__fault,src/platforms/posix/drivers/df_ltc2946_wrapper,0.0,
fault:commander_nav_state_override__2019-01-25__17_38_05__fault,src/platforms/posix/drivers/df_trone_wrapper,0.0,
fault:commander_nav_state_override__2019-01-25__17_38_05__fault,src/platforms/qurt/fc_addon/uart_esc,0.0,
fault:commander_nav_state_override__2019-01-25__17_38_05__fault,src/platforms/qurt/tests/muorb,0.0,
fault:commander_nav_state_override__2019-01-25__17_38_05__fault,src/templates/module,0.0,
fault:ekf2_innovation_bias__2019-01-25__17_38_05__fault,src/drivers/batt_smbus,0.0,
fault:ekf2_innovation_bias__2019-01-25__17_38_05__fault,src/drivers/blinkm,0.0,
fault:ekf2_innovation_bias__2019-01-25__17_38_05__fault,src/drivers/camera_trigger,0.0,
fault:ekf2_innovation_bias__2019-01-25__17_38_05__fault,src/drivers/distance_sensor,0.0,
fault:ekf2_innovation_bias__2019-01-25__17_38_05__fault,src/drivers/linux_pwm_out,0.0,
fault:ekf2_innovation_bias__2019-01-25__17_38_05__fault,src/drivers/mkblctrl,0.0,
fault:ekf2_innovation_bias__2019-01-25__17_38_05__fault,src/drivers/pwm_out_sim,0.0,
fault:ekf2_innovation_bias__2019-01-25__17_38_05__fault,src/drivers/px4flow,0.0,
fault:ekf2_innovation_bias__2019-01-25__17_38_05__fault,src/drivers/px4fmu,0.0,
fault:ekf2_innovation_bias__2019-01-25__17_38_05__fault,src/drivers/px4io,0.0,
fault:ekf2_innovation_bias__2019-01-25__17_38_05__fault,src/drivers/snapdragon_pwm_out,0.0,
fault:ekf2_innovation_bias__2019-01-25__17_38_05__fault,src/drivers/tap_esc,0.0,
fault:ekf2_innovation_bias__2019-01-25__17_38_05__fault,src/drivers/telemetry,0.0,
fault:ekf2_innovation_bias__2019-01-25__17_38_05__fault,src/drivers/vmount,0.0,
fault:ekf2_innovation_bias__2019-01-25__17_38_05__fault,src/examples/fixedwing_control,0.0,
fault:ekf2_innovation_bias__2019-01-25__17_38_05__fault,src/examples/hwtest,0.0,
fault:ekf2_innovation_bias__2019-01-25__17_38_05__fault,src/examples/px4_simple_app,0.0,
fault:ekf2_innovation_bias__2019-01-25__17_38_05__fault,src/examples/rover_steering_control,0.0,
fault:ekf2_innovation_bias__2019-01-25__17_38_05__fault,src/examples/uuv_example_app,0.0,
fault:ekf2_innovation_bias__2019-01-25__17_38_05__fault,src/modules/attitude_estimator_q,0.0,
fault:ekf2_innovation_bias__2019-01-25__17_38_05__fault,src/modules/camera_feedback,0.0,
fault:ekf2_innovation_bias__2019-01-25__17_38_05__fault,src/modules/commander,0.0,
fault:ekf2_innovation_bias__2019-01-25__17_38_05__fault,src/modules/ekf2,3.4835120310749543,1.0
fault:ekf2_innovation_bias__2019-01-25__17_38_05__fault,src/modules/events,0.0,
fault:ekf2_innovation_bias__2019-01-25__17_38_05__fault,src/modules/fw_att_control,0.0,
fault:ekf2_innovation_bias__2019-01-25__17_38_05__fault,src/modules/fw_pos_control_l1,0.0,
fault:ekf2_innovation_bias__2019-01-25__17_38_05__fault,src/modules/gnd_att_control,0.0,
fault:ekf2_innovation_bias__2019-01-25__17_38_05__fault,src/modules/gnd_pos_control,0.0,
fault:ekf2_innovation_bias__2019-01-25__17_38_05__fault,src/modules/gpio_led,0.0,
fault:ekf2_innovation_bias__2019-01-25__17_38_05__fault,src/modules/land_detector,0.0,
fault:ekf2_innovation_bias__2019-01-25__17_38_05__fault,src/modules/landing_target_estimator,0.0,
fault:ekf2_innovation_bias__2019-01-25__17_38_05__fault,src/modules/load_mon,0.0,
fault:ekf2_innovation_bias__2019-01-25__17_38_05__fault,src/modules/logger,0.0,
fault:ekf2_innovation_bias__2019-01-25__17_38_05__fault,src/modules/mavlink,0.0,
fault:ekf2_innovation_bias__2019-01-25__17_38_05__fault,src/modules/mc_att_control,0.0,
fault:ekf2_innovation_bias__2019-01-25__17_38_05__fault,src/modules/mc_pos_control,0.0,
fault:ekf2_innovation_bias__2019-01-25__17_38_05__fault,src/modules/navigator,0.0,
fault:ekf2_innovation_bias__2019-01-25__17_38_05__fault,src/modules/position_estimator_inav,0.0,
fault:ekf2_innovation_bias__2019-01-25__17_38_05__fault,src/modules/replay,0.0,
fault:ekf2_innovation_bias__2019-01-25__17_38_05__fault,src/modules/sdlog2,0.0,
fault:ekf2_innovation_bias__2019-01-25__17_38_05__fault,src/modules/sensors,0.0,
fault:ekf2_innovation_bias__2019-01-25__17_38_05__fault,src/modules/simulator,0.0,
fault:ekf2_innovation_bias__2019-01-25__17_38_05__fault,src/modules/syslink,0.0,
fault:ekf2_innovation_bias__2019-01-25__17_38_05__fault,src/modules/uavcan,0.0,
fault:ekf2_innovation_bias__2019-01-25__17_38_05__fault,src/modules/vtol_att_control,0.0,
fault:ekf2_innovation_bias__2019-01-25__17_38_05__fault,src/modules/wind_estimator,0.0,
fault:ekf2_innovation_bias__2019-01-25__17_38_05__fault,src/platforms/posix/drivers/df_bebop_bus_wrapper,0.0,
fault:ekf2_innovation_bias__2019-01-25__17_38_05__fault,src/platforms/posix/drivers/df_bebop_rangefinder_wrapper,0.0,
fault:ekf2_innovation_bias__2019-01-25__17_38_05__fault,src/platforms/posix/drivers/df_isl29501_wrapper,0.0,
fault:ekf2_innovation_bias__2019-01-25__17_38_05__fault,src/platforms/posix/drivers/df_ltc2946_wrapper,0.0,
fault:ekf2_innovation_bias__2019-01-25__17_38_05__fault,src/platforms/posix/drivers/df_trone_wrapper,0.0,
fault:ekf2_innovation_bias__2019-01-25__17_38_05__fault,src/platforms/qurt/fc_addon/uart_esc,0.0,
fault:ekf2_innovation_bias__2019-01-25__17_38_05__fault,src/platforms/qurt/tests/muorb,0.0,
fault:ekf2_innovation_bias__2019-01-25__17_38_05__fault,src/templates/module,0.0,
fault:inav_local_z_freeze__2019-01-25__17_38_05__fault,src/drivers/batt_smbus,0.0,
fault:inav_local_z_freeze__2019-01-25__17_38_05__fault,src/drivers/blinkm,0.0,
fault:inav_local_z_freeze__2019-01-25__17_38_05__fault,src/drivers/camera_trigger,0.0,
fault:inav_local_z_freeze__2019-01-25__17_38_05__fault,src/drivers/distance_sensor,0.0,
fault:inav_local_z_freeze__2019-01-25__17_38_05__fault,src/drivers/linux_pwm_out,0.0,
fault:inav_local_z_freeze__2019-01-25__17_38_05__fault,src/drivers/mkblctrl,0.0,
fault:inav_local_z_freeze__2019-01-25__17_38_05__fault,src/drivers/pwm_out_sim,0.0,
fault:inav_local_z_freeze__2019-01-25__17_38_05__fault,src/drivers/px4flow,0.0,
fault:inav_local_z_freeze__2019-01-25__17_38_05__fault,src/drivers/px4fmu,0.0,
fault:inav_local_z_freeze__2019-01-25__17_38_05__fault,src/drivers/px4io,0.0,
fault:inav_local_z_freeze__2019-01-25__17_38_05__fault,src/drivers/snapdragon_pwm_out,0.0,
fault:inav_local_z_freeze__2019-01-25__17_38_05__fault,src/drivers/tap_esc,0.0,
fault:inav_local_z_freeze__2019-01-25__17_38_05__fault,src/drivers/telemetry,0.0,
fault:inav_local_z_freeze__2019-01-25__17_38_05__fault,src/drivers/vmount,0.0,
fault:inav_local_z_freeze__2019-01-25__17_38_05__fault,src/examples/fixedwing_control,0.0,
fault:inav_local_z_freeze__2019-01-25__17_38_05__fault,src/examples/hwtest,0.0,
fault:inav_local_z_freeze__2019-01-25__17_38_05__fault,src/examples/px4_simple_app,0.0,
fault:inav_local_z_freeze__2019-01-25__17_38_05__fault,src/examples/rover_steering_control,0.0,
fault:inav_local_z_freeze__2019-01-25__17_38_05__fault,src/examples/uuv_example_app,0.0,
fault:inav_local_z_freeze__2019-01-25__17_38_05__fault,src/modules/attitude_estimator_q,0.0,
fault:inav_local_z_freeze__2019-01-25__17_38_05__fault,src/modules/camera_feedback,0.0,
fault:inav_local_z_freeze__2019-01-25__17_38_05__fault,src/modules/commander,0.0,
fault:inav_local_z_freeze__2019-01-25__17_38_05__fault,src/modules/ekf2,0.0,
fault:inav_local_z_freeze__2019-01-25__17_38_05__fault,src/modules/events,0.0,
fault:inav_local_z_freeze__2019-01-25__17_38_05__fault,src/modules/fw_att_control,0.0,
fault:inav_local_z_freeze__2019-01-25__17_38_05__fault,src/modules/fw_pos_control_l1,0.0,
fault:inav_local_z_freeze__2019-01-25__17_38_05__fault,src/modules/gnd_att_control,0.0,
fault:inav_local_z_freeze__2019-01-25__17_38_05__fault,src/modules/gnd_pos_control,0.0,
fault:inav_local_z_freeze__2019-01-25__17_38_05__fault,src/modules/gpio_led,0.0,
fault:inav_local_z_freeze__2019-01-25__17_38_05__fault,src/modules/land_detector,0.0,
fault:inav_local_z_freeze__2019-01-25__17_38_05__fault,src/modules/landing_target_estimator,0.0,
fault:inav_local_z_freeze__2019-01-25__17_38_05__fault,src/modules/load_mon,0.0,
fault:inav_local_z_freeze__2019-01-25__17_38_05__fault,src/modules/logger,0.0,
fault:inav_local_z_freeze__2019-01-25__17_38_05__fault,src/modules/mavlink,9.541953862690296,2.0
fault:inav_local_z_freeze__2019-01-25__17_38_05__fault,src/modules/mc_att_control,0.0,
fault:inav_local_z_freeze__2019-01-25__17_38_05__fault,src/modules/mc_pos_control,0.0,
fault:inav_local_z_freeze__2019-01-25__17_38_05__fault,src/modules/navigator,0.0,
fault:inav_local_z_freeze__2019-01-25__17_38_05__fault,src/modules/position_estimator_inav,9.541953862690296,2.0
fault:inav_local_z_freeze__2019-01-25__17_38_05__fault,src/modules/replay,0.0,
fault:inav_local_z_freeze__2019-01-25__17_38_05__fault,src/modules/sdlog2,0.0,
fault:inav_local_z_freeze__2019-01-25__17_38_05__fault,src/modules/sensors,0.0,
fault:inav_local_z_freeze__2019-01-25__17_38_05__fault,src/modules/simulator,0.0,
fault:inav_local_z_freeze__2019-01-25__17_38_05__fault,src/modules/syslink,0.0,
fault:inav_local_z_freeze__2019-01-25__17_38_05__fault,src/modules/uavcan,0.0,
fault:inav_local_z_freeze__2019-01-25__17_38_05__fault,src/modules/vtol_att_control,0.0,
fault:inav_local_z_freeze__2019-01-25__17_38_05__fault,src/modules/wind_estimator,0.0,
fault:inav_local_z_freeze__2019-01-25__17_38_05__fault,src/platforms/posix/drivers/df_bebop_bus_wrapper,0.0,
fault:inav_local_z_freeze__2019-01-25__17_38_05__fault,src/platforms/posix/drivers/df_bebop_rangefinder_wrapper,0.0,
fault:inav_local_z_freeze__2019-01-25__17_38_05__fault,src/platforms/posix/drivers/df_isl29501_wrapper,0.0,
fault:inav_local_z_freeze__2019-01-25__17_38_05__fault,src/platforms/posix/drivers/df_ltc2946_wrapper,0.0,
fault:inav_local_z_freeze__2019-01-25__17_38_05__fault,src/platforms/posix/drivers/df_trone_wrapper,0.0,
fault:inav_local_z_freeze__2019-01-25__17_38_05__fault,src/platforms/qurt/fc_addon/uart_esc,0.0,
fault:inav_local_z_freeze__2019-01-25__17_38_05__fault,src/platforms/qurt/tests/muorb,0.0,
fault:inav_local_z_freeze__2019-01-25__17_38_05__fault,src/templates/module,0.0,
fault:land_detector_state_inversion__2019-01-25__17_38_05__fault,src/drivers/batt_smbus,0.0,
fault:land_detector_state_inversion__2019-01-25__17_38_05__fault,src/drivers/blinkm,0.0,
fault:land_detector_state_inversion__2019-01-25__17_38_05__fault,src/drivers/camera_trigger,0.0,
fault:land_detector_state_inversion__2019-01-25__17_38_05__fault,src/drivers/distance_sensor,0.0,
fault:land_detector_state_inversion__2019-01-25__17_38_05__fault,src/drivers/linux_pwm_out,0.0,
fault:land_detector_state_inversion__2019-01-25__17_38_05__fault,src/drivers/mkblctrl,0.0,
fault:land_detector_state_inversion__2019-01-25__17_38_05__fault,src/drivers/pwm_out_sim,0.0,
fault:land_detector_state_inversion__2019-01-25__17_38_05__fault,src/drivers/px4flow,0.0,
fault:land_detector_state_inversion__2019-01-25__17_38_05__fault,src/drivers/px4fmu,0.0,
fault:land_detector_state_inversion__2019-01-25__17_38_05__fault,src/drivers/px4io,0.0,
fault:land_detector_state_inversion__2019-01-25__17_38_05__fault,src/drivers/snapdragon_pwm_out,0.0,
fault:land_detector_state_inversion__2019-01-25__17_38_05__fault,src/drivers/tap_esc,0.0,
fault:land_detector_state_inversion__2019-01-25__17_38_05__fault,src/drivers/telemetry,0.0,
fault:land_detector_state_inversion__2019-01-25__17_38_05__fault,src/drivers/vmount,0.0,
fault:land_detector_state_inversion__2019-01-25__17_38_05__fault,src/examples/fixedwing_control,0.0,
fault:land_detector_state_inversion__2019-01-25__17_38_05__fault,src/examples/hwtest,0.0,
fault:land_detector_state_inversion__2019-01-25__17_38_05__fault,src/examples/px4_simple_app,0.0,
fault:land_detector_state_inversion__2019-01-25__17_38_05__fault,src/examples/rover_steering_control,0.0,
fault:land_detector_state_inversion__2019-01-25__17_38_05__fault,src/examples/uuv_example_app,0.0,
fault:land_detector_state_inversion__2019-01-25__17_38_05__fault,src/modules/attitude_estimator_q,0.0,
fault:land_detector_state_inversion__2019-01-25__17_38_05__fault,src/modules/camera_feedback,0.0,
fault:land_detector_state_inversion__2019-01-25__17_38_05__fault,src/modules/commander,0.0,
fault:land_detector_state_inversion__2019-01-25__17_38_05__fault,src/modules/ekf2,0.0,
fault:land_detector_state_inversion__2019-01-25__17_38_05__fault,src/modules/events,0.0,
fault:land_detector_state_inversion__2019-01-25__17_38_05__fault,src/modules/fw_att_control,0.0,
fault:land_detector_state_inversion__2019-01-25__17_38_05__fault,src/modules/fw_pos_control_l1,0.0,
fault:land_detector_state_inversion__2019-01-25__17_38_05__fault,src/modules/gnd_att_control,0.0,
fault:land_detector_state_inversion__2019-01-25__17_38_05__fault,src/modules/gnd_pos_control,0.0,
fault:land_detector_state_inversion__2019-01-25__17_38_05__fault,src/modules/gpio_led,0.0,
fault:land_detector_state_inversion__2019-01-25__17_38_05__fault,src/modules/land_detector,79.8575434558847,2.0
fault:land_detector_state_inversion__2019-01-25__17_38_05__fault,src/modules/landing_target_estimator,0.0,
fault:land_detector_state_inversion__2019-01-25__17_38_05__fault,src/modules/load_mon,0.0,
fault:land_detector_state_inversion__2019-01-25__17_38_05__fault,src/modules/logger,0.0,
fault:land_detector_state_inversion__2019-01-25__17_38_05__fault,src/modules/mavlink,79.8575434558847,2.0
fault:land_detector_state_inversion__2019-01-25__17_38_05__fault,src/modules/mc_att_control,0.0,
fault:land_detector_state_inversion__2019-01-25__17_38_05__fault,src/modules/mc_pos_control,0.0,
fault:land_detector_state_inversion__2019-01-25__17_38_05__fault,src/modules/navigator,0.0,
fault:land_detector_state_inversion__2019-01-25__17_38_05__fault,src/modules/position_estimator_inav,0.0,
fault:land_detector_state_inversion__2019-01-25__17_38_05__fault,src/modules/replay,0.0,
fault:land_detector_state_inversion__2019-01-25__17_38_05__fault,src/modules/sdlog2,0.0,
fault:land_detector_state_inversion__2019-01-25__17_38_05__fault,src/modules/sensors,0.010023257671258388,4.0
fault:land_detector_state_inversion__2019-01-25__17_38_05__fault,src/modules/simulator,0.0,
fault:land_detector_state_inversion__2019-01-25__17_38_05__fault,src/modules/syslink,0.0,
fault:land_detector_state_inversion__2019-01-25__17_38_05__fault,src/modules/uavcan,0.0,
fault:land_detector_state_inversion__2019-01-25__17_38_05__fault,src/modules/vtol_att_control,0.0,
fault:land_detector_state_inversion__2019-01-25__17_38_05__fault,src/modules/wind_estimator,0.0,
fault:land_detector_state_inversion__2019-01-25__17_38_05__fault,src/platforms/posix/drivers/df_bebop_bus_wrapper,0.0,
fault:land_detector_state_inversion__2019-01-25__17_38_05__fault,src/platforms/posix/drivers/df_bebop_rangefinder_wrapper,0.0,
fault:land_detector_state_inversion__2019-01-25__17_38_05__fault,src/platforms/posix/drivers/df_isl29501_wrapper,0.0,
fault:land_detector_state_inversion__2019-01-25__17_38_05__fault,src/platforms/posix/drivers/df_ltc2946_wrapper,0.0,
fault:land_detector_state_inversion__2019-01-25__17_38_05__fault,src/platforms/posix/drivers/df_trone_wrapper,0.0,
fault:land_detector_state_inversion__2019-01-25__17_38_05__fault,src/platforms/qurt/fc_addon/uart_esc,0.0,
fault:land_detector_state_inversion__2019-01-25__17_38_05__fault,src/platforms/qurt/tests/muorb,0.010023257671258388,4.0
fault:land_detector_state_inversion__2019-01-25__17_38_05__fault,src/templates/module,0.0,
normal:commander_nav_state_override__2019-03-06__08_02_26__baseline,src/drivers/batt_smbus,0.0,
normal:commander_nav_state_override__2019-03-06__08_02_26__baseline,src/drivers/blinkm,0.0,
normal:commander_nav_state_override__2019-03-06__08_02_26__baseline,src/drivers/camera_trigger,0.0,
normal:commander_nav_state_override__2019-03-06__08_02_26__baseline,src/drivers/distance_sensor,0.0,
normal:commander_nav_state_override__2019-03-06__08_02_26__baseline,src/drivers/linux_pwm_out,0.0,
normal:commander_nav_state_override__2019-03-06__08_02_26__baseline,src/drivers/mkblctrl,0.0,
normal:commander_nav_state_override__2019-03-06__08_02_26__baseline,src/drivers/pwm_out_sim,0.0,
normal:commander_nav_state_override__2019-03-06__08_02_26__baseline,src/drivers/px4flow,0.0,
normal:commander_nav_state_override__2019-03-06__08_02_26__baseline,src/drivers/px4fmu,0.0,
normal:commander_nav_state_override__2019-03-06__08_02_26__baseline,src/drivers/px4io,0.0,
normal:commander_nav_state_override__2019-03-06__08_02_26__baseline,src/drivers/snapdragon_pwm_out,0.0,
normal:commander_nav_state_override__2019-03-06__08_02_26__baseline,src/drivers/tap_esc,0.0,
normal:commander_nav_state_override__2019-03-06__08_02_26__baseline,src/drivers/telemetry,0.0,
normal:commander_nav_state_override__2019-03-06__08_02_26__baseline,src/drivers/vmount,0.0,
normal:commander_nav_state_override__2019-03-06__08_02_26__baseline,src/examples/fixedwing_control,0.0,
normal:commander_nav_state_override__2019-03-06__08_02_26__baseline,src/examples/hwtest,0.0,
normal:commander_nav_state_override__2019-03-06__08_02_26__baseline,src/examples/px4_simple_app,0.0,
normal:commander_nav_state_override__2019-03-06__08_02_26__baseline,src/examples/rover_steering_control,0.0,
normal:commander_nav_state_override__2019-03-06__08_02_26__baseline,src/examples/uuv_example_app,0.0,
normal:commander_nav_state_override__2019-03-06__08_02_26__baseline,src/modules/attitude_estimator_q,0.0,
normal:commander_nav_state_override__2019-03-06__08_02_26__baseline,src/modules/camera_feedback,0.0,
normal:commander_nav_state_override__2019-03-06__08_02_26__baseline,src/modules/commander,0.0,
normal:commander_nav_state_override__2019-03-06__08_02_26__baseline,src/modules/ekf2,0.0,
normal:commander_nav_state_override__2019-03-06__08_02_26__baseline,src/modules/events,0.0,
normal:commander_nav_state_override__2019-03-06__08_02_26__baseline,src/modules/fw_att_control,0.0,
normal:commander_nav_state_override__2019-03-06__08_02_26__baseline,src/modules/fw_pos_control_l1,0.0,
normal:commander_nav_state_override__2019-03-06__08_02_26__baseline,src/modules/gnd_att_control,0.0,
normal:commander_nav_state_override__2019-03-06__08_02_26__baseline,src/modules/gnd_pos_control,0.0,
normal:commander_nav_state_override__2019-03-06__08_02_26__baseline,src/modules/gpio_led,0.0,
normal:commander_nav_state_override__2019-03-06__08_02_26__baseline,src/modules/land_detector,0.0,
normal:commander_nav_state_override__2019-03-06__08_02_26__baseline,src/modules/landing_target_estimator,0.0,
normal:commander_nav_state_override__2019-03-06__08_02_26__baseline,src/modules/load_mon,0.0,
normal:commander_nav_state_override__2019-03-06__08_02_26__baseline,src/modules/logger,0.0,
normal:commander_nav_state_override__2019-03-06__08_02_26__baseline,src/modules/mavlink,0.0,
normal:commander_nav_state_override__2019-03-06__08_02_26__baseline,src/modules/mc_att_control,0.0,
normal:commander_nav_state_override__2019-03-06__08_02_26__baseline,src/modules/mc_pos_control,0.0,
normal:commander_nav_state_override__2019-03-06__08_02_26__baseline,src/modules/navigator,0.0,
normal:commander_nav_state_override__2019-03-06__08_02_26__baseline,src/modules/position_estimator_inav,0.0,
normal:commander_nav_state_override__2019-03-06__08_02_26__baseline,src/modules/replay,0.0,
normal:commander_nav_state_override__2019-03-06__08_02_26__baseline,src/modules/sdlog2,0.0,
normal:commander_nav_state_override__2019-03-06__08_02_26__baseline,src/modules/sensors,0.0,
normal:commander_nav_state_override__2019-03-06__08_02_26__baseline,src/modules/simulator,0.0,
normal:commander_nav_state_override__2019-03-06__08_02_26__baseline,src/modules/syslink,0.0,
normal:commander_nav_state_override__2019-03-06__08_02_26__baseline,src/modules/uavcan,0.0,
normal:commander_nav_state_override__2019-03-06__08_02_26__baseline,src/modules/vtol_att_control,0.0,
normal:commander_nav_state_override__2019-03-06__08_02_26__baseline,src/modules/wind_estimator,0.0,
normal:commander_nav_state_override__2019-03-06__08_02_26__baseline,src/platforms/posix/drivers/df_bebop_bus_wrapper,0.0,
normal:commander_nav_state_override__2019-03-06__08_02_26__baseline,src/platforms/posix/drivers/df_bebop_rangefinder_wrapper,0.0,
normal:commander_nav_state_override__2019-03-06__08_02_26__baseline,src/platforms/posix/drivers/df_isl29501_wrapper,0.0,
normal:commander_nav_state_override__2019-03-06__08_02_26__baseline,src/platforms/posix/drivers/df_ltc2946_wrapper,0.0,
normal:commander_nav_state_override__2019-03-06__08_02_26__baseline,src/platforms/posix/drivers/df_trone_wrapper,0.0,
normal:commander_nav_state_override__2019-03-06__08_02_26__baseline,src/platforms/qurt/fc_addon/uart_esc,0.0,
normal:commander_nav_state_override__2019-03-06__08_02_26__baseline,src/platforms/qurt/tests/muorb,0.0,
normal:commander_nav_state_override__2019-03-06__08_02_26__baseline,src/templates/module,0.0,
normal:ekf2_innovation_bias__2019-03-06__08_02_26__baseline,src/drivers/batt_smbus,0.0,
normal:ekf2_innovation_bias__2019-03-06__08_02_26__baseline,src/drivers/blinkm,0.0,
normal:ekf2_innovation_bias__2019-03-06__08_02_26__baseline,src/drivers/camera_trigger,0.0,
normal:ekf2_innovation_bias__2019-03-06__08_02_26__baseline,src/drivers/distance_sensor,0.0,
normal:ekf2_innovation_bias__2019-03-06__08_02_26__baseline,src/drivers/linux_pwm_out,0.0,
normal:ekf2_innovation_bias__2019-03-06__08_02_26__baseline,src/drivers/mkblctrl,0.0,
normal:ekf2_innovation_bias__2019-03-06__08_02_26__baseline,src/drivers/pwm_out_sim,0.0,
normal:ekf2_innovation_bias__2019-03-06__08_02_26__baseline,src/drivers/px4flow,0.0,
normal:ekf2_innovation_bias__2019-03-06__08_02_26__baseline,src/drivers/px4fmu,0.0,
normal:ekf2_innovation_bias__2019-03-06__08_02_26__baseline,src/drivers/px4io,0.0,
normal:ekf2_innovation_bias__2019-03-06__08_02_26__baseline,src/drivers/snapdragon_pwm_out,0.0,
normal:ekf2_innovation_bias__2019-03-06__08_02_26__baseline,src/drivers/tap_esc,0.0,
normal:ekf2_innovation_bias__2019-03-06__08_02_26__baseline,src/drivers/telemetry,0.0,
normal:ekf2_innovation_bias__2019-03-06__08_02_26__baseline,src/drivers/vmount,0.0,
normal:ekf2_innovation_bias__2019-03-06__08_02_26__baseline,src/examples/fixedwing_control,0.0,
normal:ekf2_innovation_bias__2019-03-06__08_02_26__baseline,src/examples/hwtest,0.06256684442579566,5.0
normal:ekf2_innovation_bias__2019-03-06__08_02_26__baseline,src/examples/px4_simple_app,0.0,
normal:ekf2_innovation_bias__2019-03-06__08_02_26__baseline,src/examples/rover_steering_control,0.0,
normal:ekf2_innovation_bias__2019-03-06__08_02_26__baseline,src/examples/uuv_example_app,0.06256684442579566,5.0
normal:ekf2_innovation_bias__2019-03-06__08_02_26__baseline,src/modules/attitude_estimator_q,0.0,
normal:ekf2_innovation_bias__2019-03-06__08_02_26__baseline,src/modules/camera_feedback,0.0,
normal:ekf2_innovation_bias__2019-03-06__08_02_26__baseline,src/modules/commander,0.0,
normal:ekf2_innovation_bias__2019-03-06__08_02_26__baseline,src/modules/ekf2,3.806633537928268,1.0
normal:ekf2_innovation_bias__2019-03-06__08_02_26__baseline,src/modules/events,0.0,
normal:ekf2_innovation_bias__2019-03-06__08_02_26__baseline,src/modules/fw_att_control,0.0,
normal:ekf2_innovation_bias__2019-03-06__08_02_26__baseline,src/modules/fw_pos_control_l1,0.0,
normal:ekf2_innovation_bias__2019-03-06__08_02_26__baseline,src/modules/gnd_att_control,0.0,
normal:ekf2_innovation_bias__2019-03-06__08_02_26__baseline,src/modules/gnd_pos_control,0.0,
normal:ekf2_innovation_bias__2019-03-06__08_02_26__baseline,src/modules/gpio_led,0.0,
normal:ekf2_innovation_bias__2019-03-06__08_02_26__baseline,src/modules/land_detector,0.0,
normal:ekf2_innovation_bias__2019-03-06__08_02_26__baseline,src/modules/landing_target_estimator,0.0,
normal:ekf2_innovation_bias__2019-03-06__08_02_26__baseline,src/modules/load_mon,0.0,
normal:ekf2_innovation_bias__2019-03-06__08_02_26__baseline,src/modules/logger,0.0,
normal:ekf2_innovation_bias__2019-03-06__08_02_26__baseline,src/modules/mavlink,0.06256684442579566,5.0
normal:ekf2_innovation_bias__2019-03-06__08_02_26__baseline,src/modules/mc_att_control,0.0,
normal:ekf2_innovation_bias__2019-03-06__08_02_26__baseline,src/modules/mc_pos_control,0.0,
normal:ekf2_innovation_bias__2019-03-06__08_02_26__baseline,src/modules/navigator,0.0,
normal:ekf2_innovation_bias__2019-03-06__08_02_26__baseline,src/modules/position_estimator_inav,0.0,
normal:ekf2_innovation_bias__2019-03-06__08_02_26__baseline,src/modules/replay,0.0,
normal:ekf2_innovation_bias__2019-03-06__08_02_26__baseline,src/modules/sdlog2,0.0,
normal:ekf2_innovation_bias__2019-03-06__08_02_26__baseline,src/modules/sensors,0.0,
normal:ekf2_innovation_bias__2019-03-06__08_02_26__baseline,src/modules/simulator,0.0,
normal:ekf2_innovation_bias__2019-03-06__08_02_26__baseline,src/modules/syslink,0.0,
normal:ekf2_innovation_bias__2019-03-06__08_02_26__baseline,src/modules/uavcan,0.0,
normal:ekf2_innovation_bias__2019-03-06__08_02_26__baseline,src/modules/vtol_att_control,0.06256684442579566,5.0
normal:ekf2_innovation_bias__2019-03-06__08_02_26__baseline,src/modules/wind_estimator,0.0,
normal:ekf2_innovation_bias__2019-03-06__08_02_26__baseline,src/platforms/posix/drivers/df_bebop_bus_wrapper,0.0,
normal:ekf2_innovation_bias__2019-03-06__08_02_26__baseline,src/platforms/posix/drivers/df_bebop_rangefinder_wrapper,0.0,
normal:ekf2_innovation_bias__2019-03-06__08_02_26__baseline,src/platforms/posix/drivers/df_isl29501_wrapper,0.0,
normal:ekf2_innovation_bias__2019-03-06__08_02_26__baseline,src/platforms/posix/drivers/df_ltc2946_wrapper,0.0,
normal:ekf2_innovation_bias__2019-03-06__08_02_26__baseline,src/platforms/posix/drivers/df_trone_wrapper,0.0,
normal:ekf2_innovation_bias__2019-03-06__08_02_26__baseline,src/platforms/qurt/fc_addon/uart_esc,0.0,
normal:ekf2_innovation_bias__2019-03-06__08_02_26__baseline,src/platforms/qurt/tests/muorb,0.0,
normal:ekf2_innovation_bias__2019-03-06__08_02_26__baseline,src/templates/module,0.0,
normal:inav_local_z_freeze__2019-03-06__08_02_26__baseline,src/drivers/batt_smbus,0.0,
normal:inav_local_z_freeze__2019-03-06__08_02_26__baseline,src/drivers/blinkm,0.0,
normal:inav_local_z_freeze__2019-03-06__08_02_26__baseline,src/drivers/camera_trigger,0.0,
normal:inav_local_z_freeze__2019-03-06__08_02_26__baseline,src/drivers/distance_sensor,0.0,
normal:inav_local_z_freeze__2019-03-06__08_02_26__baseline,src/drivers/linux_pwm_out,0.0,
normal:inav_local_z_freeze__2019-03-06__08_02_26__baseline,src/drivers/mkblctrl,0.0,
normal:inav_local_z_freeze__2019-03-06__08_02_26__baseline,src/drivers/pwm_out_sim,0.0,
normal:inav_local_z_freeze__2019-03-06__08_02_26__baseline,src/drivers/px4flow,0.0,
normal:inav_local_z_freeze__2019-03-06__08_02_26__baseline,src/drivers/px4fmu,0.0,
normal:inav_local_z_freeze__2019-03-06__08_02_26__baseline,src/drivers/px4io,0.0,
normal:inav_local_z_freeze__2019-03-06__08_02_26__baseline,src/drivers/snapdragon_pwm_out,0.0,
normal:inav_local_z_freeze__2019-03-06__08_02_26__baseline,src/drivers/tap_esc,0.0,
normal:inav_local_z_freeze__2019-03-06__08_02_26__baseline,src/drivers/telemetry,0.0,
normal:inav_local_z_freeze__2019-03-06__08_02_26__baseline,src/drivers/vmount,0.0,
normal:inav_local_z_freeze__2019-03-06__08_02_26__baseline,src/examples/fixedwing_control,0.0,
normal:inav_local_z_freeze__2019-03-06__08_02_26__baseline,src/examples/hwtest,0.0,
normal:inav_local_z_freeze__2019-03-06__08_02_26__baseline,src/examples/px4_simple_app,0.0,
normal:inav_local_z_freeze__2019-03-06__08_02_26__baseline,src/examples/rover_steering_control,0.0,
normal:inav_local_z_freeze__2019-03-06__08_02_26__baseline,src/examples/uuv_example_app,0.0,
normal:inav_local_z_freeze__2019-03-06__08_02_26__baseline,src/modules/attitude_estimator_q,0.0,
normal:inav_local_z_freeze__2019-03-06__08_02_26__baseline,src/modules/camera_feedback,0.0,
normal:inav_local_z_freeze__2019-03-06__08_02_26__baseline,src/modules/commander,0.0,
normal:inav_local_z_freeze__2019-03-06__08_02_26__baseline,src/modules/ekf2,0.0,
normal:inav_local_z_freeze__2019-03-06__08_02_26__baseline,src/modules/events,0.0,
normal:inav_local_z_freeze__2019-03-06__08_02_26__baseline,src/modules/fw_att_control,0.0,
normal:inav_local_z_freeze__2019-03-06__08_02_26__baseline,src/modules/fw_pos_control_l1,0.0,
normal:inav_local_z_freeze__2019-03-06__08_02_26__baseline,src/modules/gnd_att_control,0.0,
normal:inav_local_z_freeze__2019-03-06__08_02_26__baseline,src/modules/gnd_pos_control,0.0,
normal:inav_local_z_freeze__2019-03-06__08_02_26__baseline,src/modules/gpio_led,0.0,
normal:inav_local_z_freeze__2019-03-06__08_02_26__baseline,src/modules/land_detector,0.0,
normal:inav_local_z_freeze__2019-03-06__08_02_26__baseline,src/modules/landing_target_estimator,0.0,
normal:inav_local_z_freeze__2019-03-06__08_02_26__baseline,src/modules/load_mon,0.0,
normal:inav_local_z_freeze__2019-03-06__08_02_26__baseline,src/modules/logger,0.0,
normal:inav_local_z_freeze__2019-03-06__08_02_26__baseline,src/modules/mavlink,0.0,
normal:inav_local_z_freeze__2019-03-06__08_02_26__baseline,src/modules/mc_att_control,0.0,
normal:inav_local_z_freeze__2019-03-06__08_02_26__baseline,src/modules/mc_pos_control,0.0,
normal:inav_local_z_freeze__2019-03-06__08_02_26__baseline,src/modules/navigator,0.0,
normal:inav_local_z_freeze__2019-03-06__08_02_26__baseline,src/modules/position_estimator_inav,0.0,
normal:inav_local_z_freeze__2019-03-06__08_02_26__baseline,src/modules/replay,0.0,
normal:inav_local_z_freeze__2019-03-06__08_02_26__baseline,src/modules/sdlog2,0.0,
normal:inav_local_z_freeze__2019-03-06__08_02_26__baseline,src/modules/sensors,0.0,
normal:inav_local_z_freeze__2019-03-06__08_02_26__baseline,src/modules/simulator,0.0,
normal:inav_local_z_freeze__2019-03-06__08_02_26__baseline,src/modules/syslink,0.0,
normal:inav_local_z_freeze__2019-03-06__08_02_26__baseline,src/modules/uavcan,0.0,
normal:inav_local_z_freeze__2019-03-06__08_02_26__baseline,src/modules/vtol_att_control,0.0,
normal:inav_local_z_freeze__2019-03-06__08_02_26__baseline,src/modules/wind_estimator,0.0,
normal:inav_local_z_freeze__2019-03-06__08_02_26__baseline,src/platforms/posix/drivers/df_bebop_bus_wrapper,0.0,
normal:inav_local_z_freeze__2019-03-06__08_02_26__baseline,src/platforms/posix/drivers/df_bebop_rangefinder_wrapper,0.0,
normal:inav_local_z_freeze__2019-03-06__08_02_26__baseline,src/platforms/posix/drivers/df_isl29501_wrapper,0.0,
normal:inav_local_z_freeze__2019-03-06__08_02_26__baseline,src/platforms/posix/drivers/df_ltc2946_wrapper,0.0,
normal:inav_local_z_freeze__2019-03-06__08_02_26__baseline,src/platforms/posix/drivers/df_trone_wrapper,0.0,
normal:inav_local_z_freeze__2019-03-06__08_02_26__baseline,src/platforms/qurt/fc_addon/uart_esc,0.0,
normal:inav_local_z_freeze__2019-03-06__08_02_26__baseline,src/platforms/qurt/tests/muorb,0.0,
normal:inav_local_z_freeze__2019-03-06__08_02_26__baseline,src/templates/module,0.0,
normal:land_detector_state_inversion__2019-03-06__08_02_26__baseline,src/drivers/batt_smbus,0.0,
normal:land_detector_state_inversion__2019-03-06__08_02_26__baseline,src/drivers/blinkm,0.0,
normal:land_detector_state_inversion__2019-03-06__08_02_26__baseline,src/drivers/camera_trigger,0.0,
normal:land_detector_state_inversion__2019-03-06__08_02_26__baseline,src/drivers/distance_sensor,0.0,
normal:land_detector_state_inversion__2019-03-06__08_02_26__baseline,src/drivers/linux_pwm_out,0.0,
normal:land_detector_state_inversion__2019-03-06__08_02_26__baseline,src/drivers/mkblctrl,0.0,
normal:land_detector_state_inversion__2019-03-06__08_02_26__baseline,src/drivers/pwm_out_sim,0.0,
normal:land_detector_state_inversion__2019-03-06__08_02_26__baseline,src/drivers/px4flow,0.0,
normal:land_detector_state_inversion__2019-03-06__08_02_26__baseline,src/drivers/px4fmu,0.0,
normal:land_detector_state_inversion__2019-03-06__08_02_26__baseline,src/drivers/px4io,0.0,
normal:land_detector_state_inversion__2019-03-06__08_02_26__baseline,src/drivers/snapdragon_pwm_out,0.0,
normal:land_detector_state_inversion__2019-03-06__08_02_26__baseline,src/drivers/tap_esc,0.0,
normal:land_detector_state_inversion__2019-03-06__08_02_26__baseline,src/drivers/telemetry,0.0,
normal:land_detector_state_inversion__2019-03-06__08_02_26__baseline,src/drivers/vmount,0.0,
normal:land_detector_state_inversion__2019-03-06__08_02_26__baseline,src/examples/fixedwing_control,0.0,
normal:land_detector_state_inversion__2019-03-06__08_02_26__baseline,src/examples/hwtest,0.4631070899026437,4.0
normal:land_detector_state_inversion__2019-03-06__08_02_26__baseline,src/examples/px4_simple_app,0.0,
normal:land_detector_state_inversion__2019-03-06__08_02_26__baseline,src/examples/rover_steering_control,0.0,
normal:land_detector_state_inversion__2019-03-06__08_02_26__baseline,src/examples/uuv_example_app,0.4631070899026437,4.0
normal:land_detector_state_inversion__2019-03-06__08_02_26__baseline,src/modules/attitude_estimator_q,0.0,
normal:land_detector_state_inversion__2019-03-06__08_02_26__baseline,src/modules/camera_feedback,0.0,
normal:land_detector_state_inversion__2019-03-06__08_02_26__baseline,src/modules/commander,0.0,
normal:land_detector_state_inversion__2019-03-06__08_02_26__baseline,src/modules/ekf2,0.0,
normal:land_detector_state_inversion__2019-03-06__08_02_26__baseline,src/modules/events,0.0,
normal:land_detector_state_inversion__2019-03-06__08_02_26__baseline,src/modules/fw_att_control,0.0,
normal:land_detector_state_inversion__2019-03-06__08_02_26__baseline,src/modules/fw_pos_control_l1,0.0,
normal:land_detector_state_inversion__2019-03-06__08_02_26__baseline,src/modules/gnd_att_control,0.0,
normal:land_detector_state_inversion__2019-03-06__08_02_26__baseline,src/modules/gnd_pos_control,0.0,
normal:land_detector_state_inversion__2019-03-06__08_02_26__baseline,src/modules/gpio_led,0.0,
normal:land_detector_state_inversion__2019-03-06__08_02_26__baseline,src/modules/land_detector,0.0,
normal:land_detector_state_inversion__2019-03-06__08_02_26__baseline,src/modules/landing_target_estimator,0.0,
normal:land_detector_state_inversion__2019-03-06__08_02_26__baseline,src/modules/load_mon,0.0,
normal:land_detector_state_inversion__2019-03-06__08_02_26__baseline,src/modules/logger,0.0,
normal:land_detector_state_inversion__2019-03-06__08_02_26__baseline,src/modules/mavlink,0.4631070899026437,4.0
normal:land_detector_state_inversion__2019-03-06__08_02_26__baseline,src/modules/mc_att_control,0.0,
normal:land_detector_state_inversion__2019-03-06__08_02_26__baseline,src/modules/mc_pos_control,0.0,
normal:land_detector_state_inversion__2019-03-06__08_02_26__baseline,src/modules/navigator,0.0,
normal:land_detector_state_inversion__2019-03-06__08_02_26__baseline,src/modules/position_estimator_inav,0.0,
normal:land_detector_state_inversion__2019-03-06__08_02_26__baseline,src/modules/replay,0.0,
normal:land_detector_state_inversion__2019-03-06__08_02_26__baseline,src/modules/sdlog2,0.0,
normal:land_detector_state_inversion__2019-03-06__08_02_26__baseline,src/modules/sensors,0.0,
normal:land_detector_state_inversion__2019-03-06__08_02_26__baseline,src/modules/simulator,0.0,
normal:land_detector_state_inversion__2019-03-06__08_02_26__baseline,src/modules/syslink,0.0,
normal:land_detector_state_inversion__2019-03-06__08_02_26__baseline,src/modules/uavcan,0.0,
normal:land_detector_state_inversion__2019-03-06__08_02_26__baseline,src/modules/vtol_att_control,0.4631070899026437,4.0
normal:land_detector_state_inversion__2019-03-06__08_02_26__baseline,src/modules/wind_estimator,0.0,
normal:land_detector_state_inversion__2019-03-06__08_02_26__baseline,src/platforms/posix/drivers/df_bebop_bus_wrapper,0.0,
normal:land_detector_state_inversion__2019-03-06__08_02_26__baseline,src/platforms/posix/drivers/df_bebop_rangefinder_wrapper,0.0,
normal:land_detector_state_inversion__2019-03-06__08_02_26__baseline,src/platforms/posix/drivers/df_isl29501_wrapper,0.0,
normal:land_detector_state_inversion__2019-03-06__08_02_26__baseline,src/platforms/posix/drivers/df_ltc2946_wrapper,0.0,
normal:land_detector_state_inversion__2019-03-06__08_02_26__baseline,src/platforms/posix/drivers/df_trone_wrapper,0.0,
normal:land_detector_state_inversion__2019-03-06__08_02_26__baseline,src/platforms/qurt/fc_addon/uart_esc,0.0,
normal:land_detector_state_inversion__2019-03-06__08_02_26__baseline,src/platforms/qurt/tests/muorb,0.0,
normal:land_detector_state_inversion__2019-03-06__08_02_26__baseline,src/templates/module,0.0,
fault:commander_nav_state_override__2019-03-06__08_02_26__fault,src/drivers/batt_smbus,0.0,
fault:commander_nav_state_override__2019-03-06__08_02_26__fault,src/drivers/blinkm,0.0,
fault:commander_nav_state_override__2019-03-06__08_02_26__fault,src/drivers/camera_trigger,0.0,
fault:commander_nav_state_override__2019-03-06__08_02_26__fault,src/drivers/distance_sensor,0.0,
fault:commander_nav_state_override__2019-03-06__08_02_26__fault,src/drivers/linux_pwm_out,0.0,
fault:commander_nav_state_override__2019-03-06__08_02_26__fault,src/drivers/mkblctrl,0.0,
fault:commander_nav_state_override__2019-03-06__08_02_26__fault,src/drivers/pwm_out_sim,0.0,
fault:commander_nav_state_override__2019-03-06__08_02_26__fault,src/drivers/px4flow,0.0,
fault:commander_nav_state_override__2019-03-06__08_02_26__fault,src/drivers/px4fmu,0.0,
fault:commander_nav_state_override__2019-03-06__08_02_26__fault,src/drivers/px4io,0.0,
fault:commander_nav_state_override__2019-03-06__08_02_26__fault,src/drivers/snapdragon_pwm_out,0.0,
fault:commander_nav_state_override__2019-03-06__08_02_26__fault,src/drivers/tap_esc,0.0,
fault:commander_nav_state_override__2019-03-06__08_02_26__fault,src/drivers/telemetry,0.0,
fault:commander_nav_state_override__2019-03-06__08_02_26__fault,src/drivers/vmount,0.0,
fault:commander_nav_state_override__2019-03-06__08_02_26__fault,src/examples/fixedwing_control,0.0,
fault:commander_nav_state_override__2019-03-06__08_02_26__fault,src/examples/hwtest,0.0,
fault:commander_nav_state_override__2019-03-06__08_02_26__fault,src/examples/px4_simple_app,0.0,
fault:commander_nav_state_override__2019-03-06__08_02_26__fault,src/examples/rover_steering_control,0.0,
fault:commander_nav_state_override__2019-03-06__08_02_26__fault,src/examples/uuv_example_app,0.0,
fault:commander_nav_state_override__2019-03-06__08_02_26__fault,src/modules/attitude_estimator_q,0.0,
fault:commander_nav_state_override__2019-03-06__08_02_26__fault,src/modules/camera_feedback,0.0,
fault:commander_nav_state_override__2019-03-06__08_02_26__fault,src/modules/commander,53.0343074798584,1.0
fault:commander_nav_state_override__2019-03-06__08_02_26__fault,src/modules/ekf2,0.0,
fault:commander_nav_state_override__2019-03-06__08_02_26__fault,src/modules/events,0.0,
fault:commander_nav_state_override__2019-03-06__08_02_26__fault,src/modules/fw_att_control,0.0,
fault:commander_nav_state_override__2019-03-06__08_02_26__fault,src/modules/fw_pos_control_l1,0.0,
fault:commander_nav_state_override__2019-03-06__08_02_26__fault,src/modules/gnd_att_control,0.0,
fault:commander_nav_state_override__2019-03-06__08_02_26__fault,src/modules/gnd_pos_control,0.0,
fault:commander_nav_state_override__2019-03-06__08_02_26__fault,src/modules/gpio_led,0.0,
fault:commander_nav_state_override__2019-03-06__08_02_26__fault,src/modules/land_detector,0.0,
fault:commander_nav_state_override__2019-03-06__08_02_26__fault,src/modules/landing_target_estimator,0.0,
fault:commander_nav_state_override__2019-03-06__08_02_26__fault,src/modules/load_mon,0.0,
fault:commander_nav_state_override__2019-03-06__08_02_26__fault,src/modules/logger,0.0,
fault:commander_nav_state_override__2019-03-06__08_02_26__fault,src/modules/mavlink,0.0,
fault:commander_nav_state_override__2019-03-06__08_02_26__fault,src/modules/mc_att_control,0.0,
fault:commander_nav_state_override__2019-03-06__08_02_26__fault,src/modules/mc_pos_control,0.0,
fault:commander_nav_state_override__2019-03-06__08_02_26__fault,src/modules/navigator,0.0,
fault:commander_nav_state_override__2019-03-06__08_02_26__fault,src/modules/position_estimator_inav,0.0,
fault:commander_nav_state_override__2019-03-06__08_02_26__fault,src/modules/replay,0.0,
fault:commander_nav_state_override__2019-03-06__08_02_26__fault,src/modules/sdlog2,0.0,
fault:commander_nav_state_override__2019-03-06__08_02_26__fault,src/modules/sensors,0.0,
fault:commander_nav_state_override__2019-03-06__08_02_26__fault,src/modules/simulator,0.0,
fault:commander_nav_state_override__2019-03-06__08_02_26__fault,src/modules/syslink,0.0,
fault:commander_nav_state_override__2019-03-06__08_02_26__fault,src/modules/uavcan,0.0,
fault:commander_nav_state_override__2019-03-06__08_02_26__fault,src/modules/vtol_att_control,0.0,
fault:commander_nav_state_override__2019-03-06__08_02_26__fault,src/modules/wind_estimator,0.0,
fault:commander_nav_state_override__2019-03-06__08_02_26__fault,src/platforms/posix/drivers/df_bebop_bus_wrapper,0.0,
fault:commander_nav_state_override__2019-03-06__08_02_26__fault,src/platforms/posix/drivers/df_bebop_rangefinder_wrapper,0.0,
fault:commander_nav_state_override__2019-03-06__08_02_26__fault,src/platforms/posix/drivers/df_isl29501_wrapper,0.0,
fault:commander_nav_state_override__2019-03-06__08_02_26__fault,src/platforms/posix/drivers/df_ltc2946_wrapper,0.0,
fault:commander_nav_state_override__2019-03-06__08_02_26__fault,src/platforms/posix/drivers/df_trone_wrapper,0.0,
fault:commander_nav_state_override__2019-03-06__08_02_26__fault,src/platforms/qurt/fc_addon/uart_esc,0.0,
fault:commander_nav_state_override__2019-03-06__08_02_26__fault,src/platforms/qurt/tests/muorb,0.0,
fault:commander_nav_state_override__2019-03-06__08_02_26__fault,src/templates/module,0.0,
fault:ekf2_innovation_bias__2019-03-06__08_02_26__fault,src/drivers/batt_smbus,0.0,
fault:ekf2_innovation_bias__2019-03-06__08_02_26__fault,src/drivers/blinkm,0.0,
fault:ekf2_innovation_bias__2019-03-06__08_02_26__fault,src/drivers/camera_trigger,0.0,
fault:ekf2_innovation_bias__2019-03-06__08_02_26__fault,src/drivers/distance_sensor,0.0,
fault:ekf2_innovation_bias__2019-03-06__08_02_26__fault,src/drivers/linux_pwm_out,0.0,
fault:ekf2_innovation_bias__2019-03-06__08_02_26__fault,src/drivers/mkblctrl,0.0,
fault:ekf2_innovation_bias__2019-03-06__08_02_26__fault,src/drivers/pwm_out_sim,0.0,
fault:ekf2_innovation_bias__2019-03-06__08_02_26__fault,src/drivers/px4flow,0.0,
fault:ekf2_innovation_bias__2019-03-06__08_02_26__fault,src/drivers/px4fmu,0.0,
fault:ekf2_innovation_bias__2019-03-06__08_02_26__fault,src/drivers/px4io,0.0,
fault:ekf2_innovation_bias__2019-03-06__08_02_26__fault,src/drivers/snapdragon_pwm_out,0.0,
fault:ekf2_innovation_bias__2019-03-06__08_02_26__fault,src/drivers/tap_esc,0.0,
fault:ekf2_innovation_bias__2019-03-06__08_02_26__fault,src/drivers/telemetry,0.0,
fault:ekf2_innovation_bias__2019-03-06__08_02_26__fault,src/drivers/vmount,0.0,
fault:ekf2_innovation_bias__2019-03-06__08_02_26__fault,src/examples/fixedwing_control,0.0,
fault:ekf2_innovation_bias__2019-03-06__08_02_26__fault,src/examples/hwtest,0.07392453288588327,5.0
fault:ekf2_innovation_bias__2019-03-06__08_02_26__fault,src/examples/px4_simple_app,0.0,
fault:ekf2_innovation_bias__2019-03-06__08_02_26__fault,src/examples/rover_steering_control,0.0,
fault:ekf2_innovation_bias__2019-03-06__08_02_26__fault,src/examples/uuv_example_app,0.07392453288588327,5.0
fault:ekf2_innovation_bias__2019-03-06__08_02_26__fault,src/modules/attitude_estimator_q,0.0,
fault:ekf2_innovation_bias__2019-03-06__08_02_26__fault,src/modules/camera_feedback,0.0,
fault:ekf2_innovation_bias__2019-03-06__08_02_26__fault,src/modules/commander,0.0,
fault:ekf2_innovation_bias__2019-03-06__08_02_26__fault,src/modules/ekf2,6.933644733920624,1.0
fault:ekf2_innovation_bias__2019-03-06__08_02_26__fault,src/modules/events,0.0,
fault:ekf2_innovation_bias__2019-03-06__08_02_26__fault,src/modules/fw_att_control,0.0,
fault:ekf2_innovation_bias__2019-03-06__08_02_26__fault,src/modules/fw_pos_control_l1,0.0,
fault:ekf2_innovation_bias__2019-03-06__08_02_26__fault,src/modules/gnd_att_control,0.0,
fault:ekf2_innovation_bias__2019-03-06__08_02_26__fault,src/modules/gnd_pos_control,0.0,
fault:ekf2_innovation_bias__2019-03-06__08_02_26__fault,src/modules/gpio_led,0.0,
fault:ekf2_innovation_bias__2019-03-06__08_02_26__fault,src/modules/land_detector,0.0,
fault:ekf2_innovation_bias__2019-03-06__08_02_26__fault,src/modules/landing_target_estimator,0.0,
fault:ekf2_innovation_bias__2019-03-06__08_02_26__fault,src/modules/load_mon,0.0,
fault:ekf2_innovation_bias__2019-03-06__08_02_26__fault,src/modules/logger,0.0,
fault:ekf2_innovation_bias__2019-03-06__08_02_26__fault,src/modules/mavlink,0.07392453288588327,5.0
fault:ekf2_innovation_bias__2019-03-06__08_02_26__fault,src/modules/mc_att_control,0.0,
fault:ekf2_innovation_bias__2019-03-06__08_02_26__fault,src/modules/mc_pos_control,0.0,
fault:ekf2_innovation_bias__2019-03-06__08_02_26__fault,src/modules/navigator,0.0,
fault:ekf2_innovation_bias__2019-03-06__08_02_26__fault,src/modules/position_estimator_inav,0.0,
fault:ekf2_innovation_bias__2019-03-06__08_02_26__fault,src/modules/replay,0.0,
fault:ekf2_innovation_bias__2019-03-06__08_02_26__fault,src/modules/sdlog2,0.0,
fault:ekf2_innovation_bias__2019-03-06__08_02_26__fault,src/modules/sensors,0.0,
fault:ekf2_innovation_bias__2019-03-06__08_02_26__fault,src/modules/simulator,0.0,
fault:ekf2_innovation_bias__2019-03-06__08_02_26__fault,src/modules/syslink,0.0,
fault:ekf2_innovation_bias__2019-03-06__08_02_26__fault,src/modules/uavcan,0.0,
fault:ekf2_innovation_bias__2019-03-06__08_02_26__fault,src/modules/vtol_att_control,0.07392453288588327,5.0
fault:ekf2_innovation_bias__2019-03-06__08_02_26__fault,src/modules/wind_estimator,0.0,
fault:ekf2_innovation_bias__2019-03-06__08_02_26__fault,src/platforms/posix/drivers/df_bebop_bus_wrapper,0.0,
fault:ekf2_innovation_bias__2019-03-06__08_02_26__fault,src/platforms/posix/drivers/df_bebop_rangefinder_wrapper,0.0,
fault:ekf2_innovation_bias__2019-03-06__08_02_26__fault,src/platforms/posix/drivers/df_isl29501_wrapper,0.0,
fault:ekf2_innovation_bias__2019-03-06__08_02_26__fault,src/platforms/posix/drivers/df_ltc2946_wrapper,0.0,
fault:ekf2_innovation_bias__2019-03-06__08_02_26__fault,src/platforms/posix/drivers/df_trone_wrapper,0.0,
fault:ekf2_innovation_bias__2019-03-06__08_02_26__fault,src/platforms/qurt/fc_addon/uart_esc,0.0,
fault:ekf2_innovation_bias__2019-03-06__08_02_26__fault,src/platforms/qurt/tests/muorb,0.0,
fault:ekf2_innovation_bias__2019-03-06__08_02_26__fault,src/templates/module,0.0,
fault:inav_local_z_freeze__2019-03-06__08_02_26__fault,src/drivers/batt_smbus,0.0,
fault:inav_local_z_freeze__2019-03-06__08_02_26__fault,src/drivers/blinkm,0.0,
fault:inav_local_z_freeze__2019-03-06__08_02_26__fault,src/drivers/camera_trigger,0.0,
fault:inav_local_z_freeze__2019-03-06__08_02_26__fault,src/drivers/distance_sensor,0.0,
fault:inav_local_z_freeze__2019-03-06__08_02_26__fault,src/drivers/linux_pwm_out,0.0,
fault:inav_local_z_freeze__2019-03-06__08_02_26__fault,src/drivers/mkblctrl,0.0,
fault:inav_local_z_freeze__2019-03-06__08_02_26__fault,src/drivers/pwm_out_sim,0.0,
fault:inav_local_z_freeze__2019-03-06__08_02_26__fault,src/drivers/px4flow,0.0,
fault:inav_local_z_freeze__2019-03-06__08_02_26__fault,src/drivers/px4fmu,0.0,
fault:inav_local_z_freeze__2019-03-06__08_02_26__fault,src/drivers/px4io,0.0,
fault:inav_local_z_freeze__2019-03-06__08_02_26__fault,src/drivers/snapdragon_pwm_out,0.0,
fault:inav_local_z_freeze__2019-03-06__08_02_26__fault,src/drivers/tap_esc,0.0,
fault:inav_local_z_freeze__2019-03-06__08_02_26__fault,src/drivers/telemetry,0.0,
fault:inav_local_z_freeze__2019-03-06__08_02_26__fault,src/drivers/vmount,0.0,
fault:inav_local_z_freeze__2019-03-06__08_02_26__fault,src/examples/fixedwing_control,0.0,
fault:inav_local_z_freeze__2019-03-06__08_02_26__fault,src/examples/hwtest,0.013163186524637757,5.0
fault:inav_local_z_freeze__2019-03-06__08_02_26__fault,src/examples/px4_simple_app,0.0,
fault:inav_local_z_freeze__2019-03-06__08_02_26__fault,src/examples/rover_steering_control,0.0,
fault:inav_local_z_freeze__2019-03-06__08_02_26__fault,src/examples/uuv_example_app,0.013163186524637757,5.0
fault:inav_local_z_freeze__2019-03-06__08_02_26__fault,src/modules/attitude_estimator_q,0.0,
fault:inav_local_z_freeze__2019-03-06__08_02_26__fault,src/modules/camera_feedback,0.0,
fault:inav_local_z_freeze__2019-03-06__08_02_26__fault,src/modules/commander,0.0,
fault:inav_local_z_freeze__2019-03-06__08_02_26__fault,src/modules/ekf2,0.0,
fault:inav_local_z_freeze__2019-03-06__08_02_26__fault,src/modules/events,0.0,
fault:inav_local_z_freeze__2019-03-06__08_02_26__fault,src/modules/fw_att_control,0.0,
fault:inav_local_z_freeze__2019-03-06__08_02_26__fault,src/modules/fw_pos_control_l1,0.0,
fault:inav_local_z_freeze__2019-03-06__08_02_26__fault,src/modules/gnd_att_control,0.0,
fault:inav_local_z_freeze__2019-03-06__08_02_26__fault,src/modules/gnd_pos_control,0.0,
fault:inav_local_z_freeze__2019-03-06__08_02_26__fault,src/modules/gpio_led,0.0,
fault:inav_local_z_freeze__2019-03-06__08_02_26__fault,src/modules/land_detector,0.0,
fault:inav_local_z_freeze__2019-03-06__08_02_26__fault,src/modules/landing_target_estimator,0.0,
fault:inav_local_z_freeze__2019-03-06__08_02_26__fault,src/modules/load_mon,0.0,
fault:inav_local_z_freeze__2019-03-06__08_02_26__fault,src/modules/logger,0.0,
fault:inav_local_z_freeze__2019-03-06__08_02_26__fault,src/modules/mavlink,9.030358237665158,1.0
fault:inav_local_z_freeze__2019-03-06__08_02_26__fault,src/modules/mc_att_control,0.0,
fault:inav_local_z_freeze__2019-03-06__08_02_26__fault,src/modules/mc_pos_control,0.0,
fault:inav_local_z_freeze__2019-03-06__08_02_26__fault,src/modules/navigator,0.0,
fault:inav_local_z_freeze__2019-03-06__08_02_26__fault,src/modules/position_estimator_inav,9.01719505114052,2.0
fault:inav_local_z_freeze__2019-03-06__08_02_26__fault,src/modules/replay,0.0,
fault:inav_local_z_freeze__2019-03-06__08_02_26__fault,src/modules/sdlog2,0.0,
fault:inav_local_z_freeze__2019-03-06__08_02_26__fault,src/modules/sensors,0.0,
fault:inav_local_z_freeze__2019-03-06__08_02_26__fault,src/modules/simulator,0.0,
fault:inav_local_z_freeze__2019-03-06__08_02_26__fault,src/modules/syslink,0.0,
fault:inav_local_z_freeze__2019-03-06__08_02_26__fault,src/modules/uavcan,0.0,
fault:inav_local_z_freeze__2019-03-06__08_02_26__fault,src/modules/vtol_att_control,0.013163186524637757,5.0
fault:inav_local_z_freeze__2019-03-06__08_02_26__fault,src/modules/wind_estimator,0.0,
fault:inav_local_z_freeze__2019-03-06__08_02_26__fault,src/platforms/posix/drivers/df_bebop_bus_wrapper,0.0,
fault:inav_local_z_freeze__2019-03-06__08_02_26__fault,src/platforms/posix/drivers/df_bebop_rangefinder_wrapper,0.0,
fault:inav_local_z_freeze__2019-03-06__08_02_26__fault,src/platforms/posix/drivers/df_isl29501_wrapper,0.0,
fault:inav_local_z_freeze__2019-03-06__08_02_26__fault,src/platforms/posix/drivers/df_ltc2946_wrapper,0.0,
fault:inav_local_z_freeze__2019-03-06__08_02_26__fault,src/platforms/posix/drivers/df_trone_wrapper,0.0,
fault:inav_local_z_freeze__2019-03-06__08_02_26__fault,src/platforms/qurt/fc_addon/uart_esc,0.0,
fault:inav_local_z_freeze__2019-03-06__08_02_26__fault,src/platforms/qurt/tests/muorb,0.0,
fault:inav_local_z_freeze__2019-03-06__08_02_26__fault,src/templates/module,0.0,
fault:land_detector_state_inversion__2019-03-06__08_02_26__fault,src/drivers/batt_smbus,0.0,
fault:land_detector_state_inversion__2019-03-06__08_02_26__fault,src/drivers/blinkm,0.0,
fault:land_detector_state_inversion__2019-03-06__08_02_26__fault,src/drivers/camera_trigger,0.0,
fault:land_detector_state_inversion__2019-03-06__08_02_26__fault,src/drivers/distance_sensor,0.0,
fault:land_detector_state_inversion__2019-03-06__08_02_26__fault,src/drivers/linux_pwm_out,0.0,
fault:land_detector_state_inversion__2019-03-06__08_02_26__fault,src/drivers/mkblctrl,0.0,
fault:land_detector_state_inversion__2019-03-06__08_02_26__fault,src/drivers/pwm_out_sim,0.0,
fault:land_detector_state_inversion__2019-03-06__08_02_26__fault,src/drivers/px4flow,0.0,
fault:land_detector_state_inversion__2019-03-06__08_02_26__fault,src/drivers/px4fmu,0.0,
fault:land_detector_state_inversion__2019-03-06__08_02_26__fault,src/drivers/px4io,0.0,
fault:land_detector_state_inversion__2019-03-06__08_02_26__fault,src/drivers/snapdragon_pwm_out,0.0,
fault:land_detector_state_inversion__2019-03-06__08_02_26__fault,src/drivers/tap_esc,0.0,
fault:land_detector_state_inversion__2019-03-06__08_02_26__fault,src/drivers/telemetry,0.0,
fault:land_detector_state_inversion__2019-03-06__08_02_26__fault,src/drivers/vmount,0.0,
fault:land_detector_state_inversion__2019-03-06__08_02_26__fault,src/examples/fixedwing_control,0.0,
fault:land_detector_state_inversion__2019-03-06__08_02_26__fault,src/examples/hwtest,0.0,
fault:land_detector_state_inversion__2019-03-06__08_02_26__fault,src/examples/px4_simple_app,0.0,
fault:land_detector_state_inversion__2019-03-06__08_02_26__fault,src/examples/rover_steering_control,0.0,
fault:land_detector_state_inversion__2019-03-06__08_02_26__fault,src/examples/uuv_example_app,0.0,
fault:land_detector_state_inversion__2019-03-06__08_02_26__fault,src/modules/attitude_estimator_q,0.0,
fault:land_detector_state_inversion__2019-03-06__08_02_26__fault,src/modules/camera_feedback,0.0,
fault:land_detector_state_inversion__2019-03-06__08_02_26__fault,src/modules/commander,0.0,
fault:land_detector_state_inversion__2019-03-06__08_02_26__fault,src/modules/ekf2,0.0,
fault:land_detector_state_inversion__2019-03-06__08_02_26__fault,src/modules/events,0.0,
fault:land_detector_state_inversion__2019-03-06__08_02_26__fault,src/modules/fw_att_control,0.0,
fault:land_detector_state_inversion__2019-03-06__08_02_26__fault,src/modules/fw_pos_control_l1,0.0,
fault:land_detector_state_inversion__2019-03-06__08_02_26__fault,src/modules/gnd_att_control,0.0,
fault:land_detector_state_inversion__2019-03-06__08_02_26__fault,src/modules/gnd_pos_control,0.0,
fault:land_detector_state_inversion__2019-03-06__08_02_26__fault,src/modules/gpio_led,0.0,
fault:land_detector_state_inversion__2019-03-06__08_02_26__fault,src/modules/land_detector,80.09521451491524,2.0
fault:land_detector_state_inversion__2019-03-06__08_02_26__fault,src/modules/landing_target_estimator,0.0,
fault:land_detector_state_inversion__2019-03-06__08_02_26__fault,src/modules/load_mon,0.0,
fault:land_detector_state_inversion__2019-03-06__08_02_26__fault,src/modules/logger,0.0,
fault:land_detector_state_inversion__2019-03-06__08_02_26__fault,src/modules/mavlink,80.09521451491524,2.0
fault:land_detector_state_inversion__2019-03-06__08_02_26__fault,src/modules/mc_att_control,0.0,
fault:land_detector_state_inversion__2019-03-06__08_02_26__fault,src/modules/mc_pos_control,0.0,
fault:land_detector_state_inversion__2019-03-06__08_02_26__fault,src/modules/navigator,0.0,
fault:land_detector_state_inversion__2019-03-06__08_02_26__fault,src/modules/position_estimator_inav,0.0,
fault:land_detector_state_inversion__2019-03-06__08_02_26__fault,src/modules/replay,0.0,
fault:land_detector_state_inversion__2019-03-06__08_02_26__fault,src/modules/sdlog2,0.0,
fault:land_detector_state_inversion__2019-03-06__08_02_26__fault,src/modules/sensors,0.0,
fault:land_detector_state_inversion__2019-03-06__08_02_26__fault,src/modules/simulator,0.0,
fault:land_detector_state_inversion__2019-03-06__08_02_26__fault,src/modules/syslink,0.0,
fault:land_detector_state_inversion__2019-03-06__08_02_26__fault,src/modules/uavcan,0.0,
fault:land_detector_state_inversion__2019-03-06__08_02_26__fault,src/modules/vtol_att_control,0.0,
fault:land_detector_state_inversion__2019-03-06__08_02_26__fault,src/modules/wind_estimator,0.0,
fault:land_detector_state_inversion__2019-03-06__08_02_26__fault,src/platforms/posix/drivers/df_bebop_bus_wrapper,0.0,
fault:land_detector_state_inversion__2019-03-06__08_02_26__fault,src/platforms/posix/drivers/df_bebop_rangefinder_wrapper,0.0,
fault:land_detector_state_inversion__2019-03-06__08_02_26__fault,src/platforms/posix/drivers/df_isl29501_wrapper,0.0,
fault:land_detector_state_inversion__2019-03-06__08_02_26__fault,src/platforms/posix/drivers/df_ltc2946_wrapper,0.0,
fault:land_detector_state_inversion__2019-03-06__08_02_26__fault,src/platforms/posix/drivers/df_trone_wrapper,0.0,
fault:land_detector_state_inversion__2019-03-06__08_02_26__fault,src/platforms/qurt/fc_addon/uart_esc,0.0,
fault:land_detector_state_inversion__2019-03-06__08_02_26__fault,src/platforms/qurt/tests/muorb,0.0,
fault:land_detector_state_inversion__2019-03-06__08_02_26__fault,src/templates/module,0.0,
