calibration,group,run_id,module,score,rank
2019-01-18__08_39_38,reference,commander_nav_state_override__2018-12-19__07_49_17__fault,src/drivers/batt_smbus,0.0,inf
2019-01-18__08_39_38,reference,commander_nav_state_override__2018-12-19__07_49_17__fault,src/drivers/blinkm,0.0,inf
2019-01-18__08_39_38,reference,commander_nav_state_override__2018-12-19__07_49_17__fault,src/drivers/camera_trigger,0.0,inf
2019-01-18__08_39_38,reference,commander_nav_state_override__2018-12-19__07_49_17__fault,src/drivers/distance_sensor,0.0,inf
2019-01-18__08_39_38,reference,commander_nav_state_override__2018-12-19__07_49_17__fault,src/drivers/linux_pwm_out,0.0,inf
2019-01-18__08_39_38,reference,commander_nav_state_override__2018-12-19__07_49_17__fault,src/drivers/mkblctrl,0.0,inf
2019-01-18__08_39_38,reference,commander_nav_state_override__2018-12-19__07_49_17__fault,src/drivers/pwm_out_sim,0.0,inf
2019-01-18__08_39_38,reference,commander_nav_state_override__2018-12-19__07_49_17__fault,src/drivers/px4flow,0.0,inf
2019-01-18__08_39_38,reference,commander_nav_state_override__2018-12-19__07_49_17__fault,src/drivers/px4fmu,0.0,inf
2019-01-18__08_39_38,reference,commander_nav_state_override__2018-12-19__07_49_17__fault,src/drivers/px4io,0.0,inf
2019-01-18__08_39_38,reference,commander_nav_state_override__2018-12-19__07_49_17__fault,src/drivers/snapdragon_pwm_out,0.0,inf
2019-01-18__08_39_38,reference,commander_nav_state_override__2018-12-19__07_49_17__fault,src/drivers/tap_esc,0.0,inf
2019-01-18__08_39_38,reference,commander_nav_state_override__2018-12-19__07_49_17__fault,src/drivers/telemetry,0.0,inf
2019-01-18__08_39_38,reference,commander_nav_state_override__2018-12-19__07_49_17__fault,src/drivers/vmount,0.0,inf
2019-01-18__08_39_38,reference,commander_nav_state_override__2018-12-19__07_49_17__fault,src/examples/fixedwing_control,0.0,inf
2019-01-18__08_39_38,reference,commander_nav_state_override__2018-12-19__07_49_17__fault,src/examples/hwtest,0.0,inf
2019-01-18__08_39_38,reference,commander_nav_state_override__2018-12-19__07_49_17__fault,src/examples/px4_simple_app,0.07427406736782619,5.0
2019-01-18__08_39_38,reference,commander_nav_state_override__2018-12-19__07_49_17__fault,src/examples/rover_steering_control,0.0,inf
2019-01-18__08_39_38,reference,commander_nav_state_override__2018-12-19__07_49_17__fault,src/examples/uuv_example_app,0.0,inf
2019-01-18__08_39_38,reference,commander_nav_state_override__2018-12-19__07_49_17__fault,src/modules/attitude_estimator_q,0.07427406736782619,5.0
2019-01-18__08_39_38,reference,commander_nav_state_override__2018-12-19__07_49_17__fault,src/modules/camera_feedback,0.0,inf
2019-01-18__08_39_38,reference,commander_nav_state_override__2018-12-19__07_49_17__fault,src/modules/commander,38.984456062316895,1.0
2019-01-18__08_39_38,reference,commander_nav_state_override__2018-12-19__07_49_17__fault,src/modules/ekf2,0.07427406736782619,5.0
2019-01-18__08_39_38,reference,commander_nav_state_override__2018-12-19__07_49_17__fault,src/modules/events,0.0,inf
2019-01-18__08_39_38,reference,commander_nav_state_override__2018-12-19__07_49_17__fault,src/modules/fw_att_control,0.0,inf
2019-01-18__08_39_38,reference,commander_nav_state_override__2018-12-19__07_49_17__fault,src/modules/fw_pos_control_l1,0.0,inf
2019-01-18__08_39_38,reference,commander_nav_state_override__2018-12-19__07_49_17__fault,src/modules/gnd_att_control,0.0,inf
2019-01-18__08_39_38,reference,commander_nav_state_override__2018-12-19__07_49_17__fault,src/modules/gnd_pos_control,0.0,inf
2019-01-18__08_39_38,reference,commander_nav_state_override__2018-12-19__07_49_17__fault,src/modules/gpio_led,0.0,inf
2019-01-18__08_39_38,reference,commander_nav_state_override__2018-12-19__07_49_17__fault,src/modules/land_detector,0.0,inf
2019-01-18__08_39_38,reference,commander_nav_state_override__2018-12-19__07_49_17__fault,src/modules/landing_target_estimator,0.0,inf
2019-01-18__08_39_38,reference,commander_nav_state_override__2018-12-19__07_49_17__fault,src/modules/load_mon,0.0,inf
2019-01-18__08_39_38,reference,commander_nav_state_override__2018-12-19__07_49_17__fault,src/modules/logger,0.0,inf
2019-01-18__08_39_38,reference,commander_nav_state_override__2018-12-19__07_49_17__fault,src/modules/mavlink,0.07427406736782619,5.0
2019-01-18__08_39_38,reference,commander_nav_state_override__2018-12-19__07_49_17__fault,src/modules/mc_att_control,0.0,inf
2019-01-18__08_39_38,reference,commander_nav_state_override__2018-12-19__07_49_17__fault,src/modules/mc_pos_control,0.0,inf
2019-01-18__08_39_38,reference,commander_nav_state_override__2018-12-19__07_49_17__fault,src/modules/navigator,0.0,inf
2019-01-18__08_39_38,reference,commander_nav_state_override__2018-12-19__07_49_17__fault,src/modules/position_estimator_inav,0.0,inf
2019-01-18__08_39_38,reference,commander_nav_state_override__2018-12-19__07_49_17__fault,src/modules/replay,0.0,inf
2019-01-18__08_39_38,reference,commander_nav_state_override__2018-12-19__07_49_17__fault,src/modules/sdlog2,0.0,inf
2019-01-18__08_39_38,reference,commander_nav_state_override__2018-12-19__07_49_17__fault,src/modules/sensors,0.035834687096732,7.0
2019-01-18__08_39_38,reference,commander_nav_state_override__2018-12-19__07_49_17__fault,src/modules/simulator,0.0,inf
2019-01-18__08_39_38,reference,commander_nav_state_override__2018-12-19__07_49_17__fault,src/modules/syslink,0.0,inf
2019-01-18__08_39_38,reference,commander_nav_state_override__2018-12-19__07_49_17__fault,src/modules/uavcan,0.0,inf
2019-01-18__08_39_38,reference,commander_nav_state_override__2018-12-19__07_49_17__fault,src/modules/vtol_att_control,0.0,inf
2019-01-18__08_39_38,reference,commander_nav_state_override__2018-12-19__07_49_17__fault,src/modules/wind_estimator,0.0,inf
2019-01-18__08_39_38,reference,commander_nav_state_override__2018-12-19__07_49_17__fault,src/platforms/posix/drivers/df_bebop_bus_wrapper,0.0,inf
2019-01-18__08_39_38,reference,commander_nav_state_override__2018-12-19__07_49_17__fault,src/platforms/posix/drivers/df_bebop_rangefinder_wrapper,0.0,inf
2019-01-18__08_39_38,reference,commander_nav_state_override__2018-12-19__07_49_17__fault,src/platforms/posix/drivers/df_isl29501_wrapper,0.0,inf
2019-01-18__08_39_38,reference,commander_nav_state_override__2018-12-19__07_49_17__fault,src/platforms/posix/drivers/df_ltc2946_wrapper,0.0,inf
2019-01-18__08_39_38,reference,commander_nav_state_override__2018-12-19__07_49_17__fault,src/platforms/posix/drivers/df_trone_wrapper,0.0,inf
2019-01-18__08_39_38,reference,commander_nav_state_override__2018-12-19__07_49_17__fault,src/platforms/qurt/fc_addon/uart_esc,0.0,inf
2019-01-18__08_39_38,reference,commander_nav_state_override__2018-12-19__07_49_17__fault,src/platforms/qurt/tests/muorb,0.035834687096732,7.0
2019-01-18__08_39_38,reference,commander_nav_state_override__2018-12-19__07_49_17__fault,src/templates/module,0.0,inf
2019-01-18__08_39_38,reference,commander_nav_state_override__2018-12-20__07_47_50__fault,src/drivers/batt_smbus,0.0,inf
2019-01-18__08_39_38,reference,commander_nav_state_override__2018-12-20__07_47_50__fault,src/drivers/blinkm,0.0,inf
2019-01-18__08_39_38,reference,commander_nav_state_override__2018-12-20__07_47_50__fault,src/drivers/camera_trigger,0.0,inf
2019-01-18__08_39_38,reference,commander_nav_state_override__2018-12-20__07_47_50__fault,src/drivers/distance_sensor,0.0,inf
2019-01-18__08_39_38,reference,commander_nav_state_override__2018-12-20__07_47_50__fault,src/drivers/linux_pwm_out,0.0,inf
2019-01-18__08_39_38,reference,commander_nav_state_override__2018-12-20__07_47_50__fault,src/drivers/mkblctrl,0.0,inf
2019-01-18__08_39_38,reference,commander_nav_state_override__2018-12-20__07_47_50__fault,src/drivers/pwm_out_sim,0.0,inf
2019-01-18__08_39_38,reference,commander_nav_state_override__2018-12-20__07_47_50__fault,src/drivers/px4flow,0.0,inf
2019-01-18__08_39_38,reference,commander_nav_state_override__2018-12-20__07_47_50__fault,src/drivers/px4fmu,0.0,inf
2019-01-18__08_39_38,reference,commander_nav_state_override__2018-12-20__07_47_50__fault,src/drivers/px4io,0.0,inf
2019-01-18__08_39_38,reference,commander_nav_state_override__2018-12-20__07_47_50__fault,src/drivers/snapdragon_pwm_out,0.0,inf
2019-01-18__08_39_38,reference,commander_nav_state_override__2018-12-20__07_47_50__fault,src/drivers/tap_esc,0.0,inf
2019-01-18__08_39_38,reference,commander_nav_state_override__2018-12-20__07_47_50__fault,src/drivers/telemetry,0.0,inf
2019-01-18__08_39_38,reference,commander_nav_state_override__2018-12-20__07_47_50__fault,src/drivers/vmount,0.0,inf
2019-01-18__08_39_38,reference,commander_nav_state_override__2018-12-20__07_47_50__fault,src/examples/fixedwing_control,0.0,inf
2019-01-18__08_39_38,reference,commander_nav_state_override__2018-12-20__07_47_50__fault,src/examples/hwtest,0.0,inf
2019-01-18__08_39_38,reference,commander_nav_state_override__2018-12-20__07_47_50__fault,src/examples/px4_simple_app,3.1209349133965807,5.0
2019-01-18__08_39_38,reference,commander_nav_state_override__2018-12-20__07_47_50__fault,src/examples/rover_steering_control,0.0,inf
2019-01-18__08_39_38,reference,commander_nav_state_override__2018-12-20__07_47_50__fault,src/examples/uuv_example_app,0.0,inf
2019-01-18__08_39_38,reference,commander_nav_state_override__2018-12-20__07_47_50__fault,src/modules/attitude_estimator_q,3.1209349133965807,5.0
2019-01-18__08_39_38,reference,commander_nav_state_override__2018-12-20__07_47_50__fault,src/modules/camera_feedback,0.0,inf
2019-01-18__08_39_38,reference,commander_nav_state_override__2018-12-20__07_47_50__fault,src/modules/commander,38.318055103986694,1.0
2019-01-18__08_39_38,reference,commander_nav_state_override__2018-12-20__07_47_50__fault,src/modules/ekf2,3.1209349133965807,5.0
2019-01-18__08_39_38,reference,commander_nav_state_override__2018-12-20__07_47_50__fault,src/modules/events,0.0,inf
2019-01-18__08_39_38,reference,commander_nav_state_override__2018-12-20__07_47_50__fault,src/modules/fw_att_control,0.0,inf
2019-01-18__08_39_38,reference,commander_nav_state_override__2018-12-20__07_47_50__fault,src/modules/fw_pos_control_l1,0.0,inf
2019-01-18__08_39_38,reference,commander_nav_state_override__2018-12-20__07_47_50__fault,src/modules/gnd_att_control,0.0,inf
2019-01-18__08_39_38,reference,commander_nav_state_override__2018-12-20__07_47_50__fault,src/modules/gnd_pos_control,0.0,inf
2019-01-18__08_39_38,reference,commander_nav_state_override__2018-12-20__07_47_50__fault,src/modules/gpio_led,0.0,inf
2019-01-18__08_39_38,reference,commander_nav_state_override__2018-12-20__07_47_50__fault,src/modules/land_detector,0.0,inf
2019-01-18__08_39_38,reference,commander_nav_state_override__2018-12-20__07_47_50__fault,src/modules/landing_target_estimator,0.0,inf
2019-01-18__08_39_38,reference,commander_nav_state_override__2018-12-20__07_47_50__fault,src/modules/load_mon,0.0,inf
2019-01-18__08_39_38,reference,commander_nav_state_override__2018-12-20__07_47_50__fault,src/modules/logger,0.0,inf
2019-01-18__08_39_38,reference,commander_nav_state_override__2018-12-20__07_47_50__fault,src/modules/mavlink,3.1209349133965807,5.0
2019-01-18__08_39_38,reference,commander_nav_state_override__2018-12-20__07_47_50__fault,src/modules/mc_att_control,0.0,inf
2019-01-18__08_39_38,reference,commander_nav_state_override__2018-12-20__07_47_50__fault,src/modules/mc_pos_control,0.0,inf
2019-01-18__08_39_38,reference,commander_nav_state_override__2018-12-20__07_47_50__fault,src/modules/navigator,0.0,inf
2019-01-18__08_39_38,reference,commander_nav_state_override__2018-12-20__07_47_50__fault,src/modules/position_estimator_inav,0.0,inf
2019-01-18__08_39_38,reference,commander_nav_state_override__2018-12-20__07_47_50__fault,src/modules/replay,0.0,inf
2019-01-18__08_39_38,reference,commander_nav_state_override__2018-12-20__07_47_50__fault,src/modules/sdlog2,0.0,inf
2019-01-18__08_39_38,reference,commander_nav_state_override__2018-12-20__07_47_50__fault,src/modules/sensors,0.0042884115479950215,7.0
2019-01-18__08_39_38,reference,commander_nav_state_override__2018-12-20__07_47_50__fault,src/modules/simulator,0.0,inf
2019-01-18__08_39_38,reference,commander_nav_state_override__2018-12-20__07_47_50__fault,src/modules/syslink,0.0,inf
2019-01-18__08_39_38,reference,commander_nav_state_override__2018-12-20__07_47_50__fault,src/modules/uavcan,0.0,inf
2019-01-18__08_39_38,reference,commander_nav_state_override__2018-12-20__07_47_50__fault,src/modules/vtol_att_control,0.0,inf
2019-01-18__08_39_38,reference,commander_nav_state_override__2018-12-20__07_47_50__fault,src/modules/wind_estimator,0.0,inf
2019-01-18__08_39_38,reference,commander_nav_state_override__2018-12-20__07_47_50__fault,src/platforms/posix/drivers/df_bebop_bus_wrapper,0.0,inf
2019-01-18__08_39_38,reference,commander_nav_state_override__2018-12-20__07_47_50__fault,src/platforms/posix/drivers/df_bebop_rangefinder_wrapper,0.0,inf
2019-01-18__08_39_38,reference,commander_nav_state_override__2018-12-20__07_47_50__fault,src/platforms/posix/drivers/df_isl29501_wrapper,0.0,inf
2019-01-18__08_39_38,reference,commander_nav_state_override__2018-12-20__07_47_50__fault,src/platforms/posix/drivers/df_ltc2946_wrapper,0.0,inf
2019-01-18__08_39_38,reference,commander_nav_state_override__2018-12-20__07_47_50__fault,src/platforms/posix/drivers/df_trone_wrapper,0.0,inf
2019-01-18__08_39_38,reference,commander_nav_state_override__2018-12-20__07_47_50__fault,src/platforms/qurt/fc_addon/uart_esc,0.0,inf
2019-01-18__08_39_38,reference,commander_nav_state_override__2018-12-20__07_47_50__fault,src/platforms/qurt/tests/muorb,0.0042884115479950215,7.0
2019-01-18__08_39_38,reference,commander_nav_state_override__2018-12-20__07_47_50__fault,src/templates/module,0.0,inf
2019-01-18__08_39_38,reference,commander_nav_state_override__2018-12-25__08_44_40__fault,src/drivers/batt_smbus,0.0,inf
2019-01-18__08_39_38,reference,commander_nav_state_override__2018-12-25__08_44_40__fault,src/drivers/blinkm,0.0,inf
2019-01-18__08_39_38,reference,commander_nav_state_override__2018-12-25__08_44_40__fault,src/drivers/camera_trigger,0.0,inf
2019-01-18__08_39_38,reference,commander_nav_state_override__2018-12-25__08_44_40__fault,src/drivers/distance_sensor,0.0,inf
2019-01-18__08_39_38,reference,commander_nav_state_override__2018-12-25__08_44_40__fault,src/drivers/linux_pwm_out,0.0,inf
2019-01-18__08_39_38,reference,commander_nav_state_override__2018-12-25__08_44_40__fault,src/drivers/mkblctrl,0.0,inf
2019-01-18__08_39_38,reference,commander_nav_state_override__2018-12-25__08_44_40__fault,src/drivers/pwm_out_sim,0.0,inf
2019-01-18__08_39_38,reference,commander_nav_state_override__2018-12-25__08_44_40__fault,src/drivers/px4flow,0.0,inf
2019-01-18__08_39_38,reference,commander_nav_state_override__2018-12-25__08_44_40__fault,src/drivers/px4fmu,0.0,inf
2019-01-18__08_39_38,reference,commander_nav_state_override__2018-12-25__08_44_40__fault,src/drivers/px4io,0.0,inf
2019-01-18__08_39_38,reference,commander_nav_state_override__2018-12-25__08_44_40__fault,src/drivers/snapdragon_pwm_out,0.0,inf
2019-01-18__08_39_38,reference,commander_nav_state_override__2018-12-25__08_44_40__fault,src/drivers/tap_esc,0.0,inf
2019-01-18__08_39_38,reference,commander_nav_state_override__2018-12-25__08_44_40__fault,src/drivers/telemetry,0.0,inf
2019-01-18__08_39_38,reference,commander_nav_state_override__2018-12-25__08_44_40__fault,src/drivers/vmount,0.0,inf
2019-01-18__08_39_38,reference,commander_nav_state_override__2018-12-25__08_44_40__fault,src/examples/fixedwing_control,0.0,inf
2019-01-18__08_39_38,reference,commander_nav_state_override__2018-12-25__08_44_40__fault,src/examples/hwtest,0.0,inf
2019-01-18__08_39_38,reference,commander_nav_state_override__2018-12-25__08_44_40__fault,src/examples/px4_simple_app,1.1137913239838408,5.0
2019-01-18__08_39_38,reference,commander_nav_state_override__2018-12-25__08_44_40__fault,src/examples/rover_steering_control,0.0,inf
2019-01-18__08_39_38,reference,commander_nav_state_override__2018-12-25__08_44_40__fault,src/examples/uuv_example_app,0.0,inf
2019-01-18__08_39_38,reference,commander_nav_state_override__2018-12-25__08_44_40__fault,src/modules/attitude_estimator_q,1.1137913239838408,5.0
2019-01-18__08_39_38,reference,commander_nav_state_override__2018-12-25__08_44_40__fault,src/modules/camera_feedback,0.0,inf
2019-01-18__08_39_38,reference,commander_nav_state_override__2018-12-25__08_44_40__fault,src/modules/commander,38.423528636959816,1.0
2019-01-18__08_39_38,reference,commander_nav_state_override__2018-12-25__08_44_40__fault,src/modules/ekf2,1.1137913239838408,5.0
2019-01-18__08_39_38,reference,commander_nav_state_override__2018-12-25__08_44_40__fault,src/modules/events,0.0,inf
2019-01-18__08_39_38,reference,commander_nav_state_override__2018-12-25__08_44_40__fault,src/modules/fw_att_control,0.0,inf
2019-01-18__08_39_38,reference,commander_nav_state_override__2018-12-25__08_44_40__fault,src/modules/fw_pos_control_l1,0.0,inf
2019-01-18__08_39_38,reference,commander_nav_state_override__2018-12-25__08_44_40__fault,src/modules/gnd_att_control,0.0,inf
2019-01-18__08_39_38,reference,commander_nav_state_override__2018-12-25__08_44_40__fault,src/modules/gnd_pos_control,0.0,inf
2019-01-18__08_39_38,reference,commander_nav_state_override__2018-12-25__08_44_40__fault,src/modules/gpio_led,0.0,inf
2019-01-18__08_39_38,reference,commander_nav_state_override__2018-12-25__08_44_40__fault,src/modules/land_detector,0.0,inf
2019-01-18__08_39_38,reference,commander_nav_state_override__2018-12-25__08_44_40__fault,src/modules/landing_target_estimator,0.0,inf
2019-01-18__08_39_38,reference,commander_nav_state_override__2018-12-25__08_44_40__fault,src/modules/load_mon,0.0,inf
2019-01-18__08_39_38,reference,commander_nav_state_override__2018-12-25__08_44_40__fault,src/modules/logger,0.0,inf
2019-01-18__08_39_38,reference,commander_nav_state_override__2018-12-25__08_44_40__fault,src/modules/mavlink,1.1137913239838408,5.0
2019-01-18__08_39_38,reference,commander_nav_state_override__2018-12-25__08_44_40__fault,src/modules/mc_att_control,0.0,inf
2019-01-18__08_39_38,reference,commander_nav_state_override__2018-12-25__08_44_40__fault,src/modules/mc_pos_control,0.0,inf
2019-01-18__08_39_38,reference,commander_nav_state_override__2018-12-25__08_44_40__fault,src/modules/navigator,0.0,inf
2019-01-18__08_39_38,reference,commander_nav_state_override__2018-12-25__08_44_40__fault,src/modules/position_estimator_inav,0.0,inf
2019-01-18__08_39_38,reference,commander_nav_state_override__2018-12-25__08_44_40__fault,src/modules/replay,0.0,inf
2019-01-18__08_39_38,reference,commander_nav_state_override__2018-12-25__08_44_40__fault,src/modules/sdlog2,0.0,inf
2019-01-18__08_39_38,reference,commander_nav_state_override__2018-12-25__08_44_40__fault,src/modules/sensors,0.0,inf
2019-01-18__08_39_38,reference,commander_nav_state_override__2018-12-25__08_44_40__fault,src/modules/simulator,0.0,inf
2019-01-18__08_39_38,reference,commander_nav_state_override__2018-12-25__08_44_40__fault,src/modules/syslink,0.0,inf
2019-01-18__08_39_38,reference,commander_nav_state_override__2018-12-25__08_44_40__fault,src/modules/uavcan,0.0,inf
2019-01-18__08_39_38,reference,commander_nav_state_override__2018-12-25__08_44_40__fault,src/modules/vtol_att_control,0.0,inf
2019-01-18__08_39_38,reference,commander_nav_state_override__2018-12-25__08_44_40__fault,src/modules/wind_estimator,0.0,inf
2019-01-18__08_39_38,reference,commander_nav_state_override__2018-12-25__08_44_40__fault,src/platforms/posix/drivers/df_bebop_bus_wrapper,0.0,inf
2019-01-18__08_39_38,reference,commander_nav_state_override__2018-12-25__08_44_40__fault,src/platforms/posix/drivers/df_bebop_rangefinder_wrapper,0.0,inf
2019-01-18__08_39_38,reference,commander_nav_state_override__2018-12-25__08_44_40__fault,src/platforms/posix/drivers/df_isl29501_wrapper,0.0,inf
2019-01-18__08_39_38,reference,commander_nav_state_override__2018-12-25__08_44_40__fault,src/platforms/posix/drivers/df_ltc2946_wrapper,0.0,inf
2019-01-18__08_39_38,reference,commander_nav_state_override__2018-12-25__08_44_40__fault,src/platforms/posix/drivers/df_trone_wrapper,0.0,inf
2019-01-18__08_39_38,reference,commander_nav_state_override__2018-12-25__08_44_40__fault,src/platforms/qurt/fc_addon/uart_esc,0.0,inf
2019-01-18__08_39_38,reference,commander_nav_state_override__2018-12-25__08_44_40__fault,src/platforms/qurt/tests/muorb,0.0,inf
2019-01-18__08_39_38,reference,commander_nav_state_override__2018-12-25__08_44_40__fault,src/templates/module,0.0,inf
2019-01-18__08_39_38,reference,ekf2_innovation_bias__2018-12-19__07_49_17__fault,src/drivers/batt_smbus,0.0,inf
2019-01-18__08_39_38,reference,ekf2_innovation_bias__2018-12-19__07_49_17__fault,src/drivers/blinkm,0.0,inf
2019-01-18__08_39_38,reference,ekf2_innovation_bias__2018-12-19__07_49_17__fault,src/drivers/camera_trigger,0.0,inf
2019-01-18__08_39_38,reference,ekf2_innovation_bias__2018-12-19__07_49_17__fault,src/drivers/distance_sensor,0.0,inf
2019-01-18__08_39_38,reference,ekf2_innovation_bias__2018-12-19__07_49_17__fault,src/drivers/linux_pwm_out,0.0029571232042814558,17.0
2019-01-18__08_39_38,reference,ekf2_innovation_bias__2018-12-19__07_49_17__fault,src/drivers/mkblctrl,0.0029571232042814558,17.0
2019-01-18__08_39_38,reference,ekf2_innovation_bias__2018-12-19__07_49_17__fault,src/drivers/pwm_out_sim,0.0029571232042814558,17.0
2019-01-18__08_39_38,reference,ekf2_innovation_bias__2018-12-19__07_49_17__fault,src/drivers/px4flow,0.0,inf
2019-01-18__08_39_38,reference,ekf2_innovation_bias__2018-12-19__07_49_17__fault,src/drivers/px4fmu,0.0029571232042814558,17.0
2019-01-18__08_39_38,reference,ekf2_innovation_bias__2018-12-19__07_49_17__fault,src/drivers/px4io,0.0029571232042814558,17.0
2019-01-18__08_39_38,reference,ekf2_innovation_bias__2018-12-19__07_49_17__fault,src/drivers/snapdragon_pwm_out,0.0029571232042814558,17.0
2019-01-18__08_39_38,reference,ekf2_innovation_bias__2018-12-19__07_49_17__fault,src/drivers/tap_esc,0.0029571232042814558,17.0
2019-01-18__08_39_38,reference,ekf2_innovation_bias__2018-12-19__07_49_17__fault,src/drivers/telemetry,0.0,inf
2019-01-18__08_39_38,reference,ekf2_innovation_bias__2018-12-19__07_49_17__fault,src/drivers/vmount,0.0,inf
2019-01-18__08_39_38,reference,ekf2_innovation_bias__2018-12-19__07_49_17__fault,src/examples/fixedwing_control,0.0,inf
2019-01-18__08_39_38,reference,ekf2_innovation_bias__2018-12-19__07_49_17__fault,src/examples/hwtest,0.0,inf
2019-01-18__08_39_38,reference,ekf2_innovation_bias__2018-12-19__07_49_17__fault,src/examples/px4_simple_app,4.864167066781144,4.0
2019-01-18__08_39_38,reference,ekf2_innovation_bias__2018-12-19__07_49_17__fault,src/examples/rover_steering_control,0.0,inf
2019-01-18__08_39_38,reference,ekf2_innovation_bias__2018-12-19__07_49_17__fault,src/examples/uuv_example_app,0.0,inf
2019-01-18__08_39_38,reference,ekf2_innovation_bias__2018-12-19__07_49_17__fault,src/modules/attitude_estimator_q,4.864167066781144,4.0
2019-01-18__08_39_38,reference,ekf2_innovation_bias__2018-12-19__07_49_17__fault,src/modules/camera_feedback,0.0,inf
2019-01-18__08_39_38,reference,ekf2_innovation_bias__2018-12-19__07_49_17__fault,src/modules/commander,0.0,inf
2019-01-18__08_39_38,reference,ekf2_innovation_bias__2018-12-19__07_49_17__fault,src/modules/ekf2,226.4891628129925,1.0
2019-01-18__08_39_38,reference,ekf2_innovation_bias__2018-12-19__07_49_17__fault,src/modules/events,0.0,inf
2019-01-18__08_39_38,reference,ekf2_innovation_bias__2018-12-19__07_49_17__fault,src/modules/fw_att_control,0.0,inf
2019-01-18__08_39_38,reference,ekf2_innovation_bias__2018-12-19__07_49_17__fault,src/modules/fw_pos_control_l1,0.0,inf
2019-01-18__08_39_38,reference,ekf2_innovation_bias__2018-12-19__07_49_17__fault,src/modules/gnd_att_control,0.0,inf
2019-01-18__08_39_38,reference,ekf2_innovation_bias__2018-12-19__07_49_17__fault,src/modules/gnd_pos_control,0.0,inf
2019-01-18__08_39_38,reference,ekf2_innovation_bias__2018-12-19__07_49_17__fault,src/modules/gpio_led,0.0,inf
2019-01-18__08_39_38,reference,ekf2_innovation_bias__2018-12-19__07_49_17__fault,src/modules/land_detector,0.0,inf
2019-01-18__08_39_38,reference,ekf2_innovation_bias__2018-12-19__07_49_17__fault,src/modules/landing_target_estimator,0.0,inf
2019-01-18__08_39_38,reference,ekf2_innovation_bias__2018-12-19__07_49_17__fault,src/modules/load_mon,0.0,inf
2019-01-18__08_39_38,reference,ekf2_innovation_bias__2018-12-19__07_49_17__fault,src/modules/logger,0.0,inf
2019-01-18__08_39_38,reference,ekf2_innovation_bias__2018-12-19__07_49_17__fault,src/modules/mavlink,8.23037726530119,2.0
2019-01-18__08_39_38,reference,ekf2_innovation_bias__2018-12-19__07_49_17__fault,src/modules/mc_att_control,0.0,inf
2019-01-18__08_39_38,reference,ekf2_innovation_bias__2018-12-19__07_49_17__fault,src/modules/mc_pos_control,0.0,inf
2019-01-18__08_39_38,reference,ekf2_innovation_bias__2018-12-19__07_49_17__fault,src/modules/navigator,0.0,inf
2019-01-18__08_39_38,reference,ekf2_innovation_bias__2018-12-19__07_49_17__fault,src/modules/position_estimator_inav,3.3662101985200454,5.0
2019-01-18__08_39_38,reference,ekf2_innovation_bias__2018-12-19__07_49_17__fault,src/modules/replay,0.0,inf
2019-01-18__08_39_38,reference,ekf2_innovation_bias__2018-12-19__07_49_17__fault,src/modules/sdlog2,0.0,inf
2019-01-18__08_39_38,reference,ekf2_innovation_bias__2018-12-19__07_49_17__fault,src/modules/sensors,0.02640450628180253,7.0
2019-01-18__08_39_38,reference,ekf2_innovation_bias__2018-12-19__07_49_17__fault,src/modules/simulator,0.0,inf
2019-01-18__08_39_38,reference,ekf2_innovation_bias__2018-12-19__07_49_17__fault,src/modules/syslink,0.0,inf
2019-01-18__08_39_38,reference,ekf2_innovation_bias__2018-12-19__07_49_17__fault,src/modules/uavcan,0.0029571232042814558,17.0
2019-01-18__08_39_38,reference,ekf2_innovation_bias__2018-12-19__07_49_17__fault,src/modules/vtol_att_control,0.0,inf
2019-01-18__08_39_38,reference,ekf2_innovation_bias__2018-12-19__07_49_17__fault,src/modules/wind_estimator,0.0,inf
2019-01-18__08_39_38,reference,ekf2_innovation_bias__2018-12-19__07_49_17__fault,src/platforms/posix/drivers/df_bebop_bus_wrapper,0.0029571232042814558,17.0
2019-01-18__08_39_38,reference,ekf2_innovation_bias__2018-12-19__07_49_17__fault,src/platforms/posix/drivers/df_bebop_rangefinder_wrapper,0.0,inf
2019-01-18__08_39_38,reference,ekf2_innovation_bias__2018-12-19__07_49_17__fault,src/platforms/posix/drivers/df_isl29501_wrapper,0.0,inf
2019-01-18__08_39_38,reference,ekf2_innovation_bias__2018-12-19__07_49_17__fault,src/platforms/posix/drivers/df_ltc2946_wrapper,0.0,inf
2019-01-18__08_39_38,reference,ekf2_innovation_bias__2018-12-19__07_49_17__fault,src/platforms/posix/drivers/df_trone_wrapper,0.0,inf
2019-01-18__08_39_38,reference,ekf2_innovation_bias__2018-12-19__07_49_17__fault,src/platforms/qurt/fc_addon/uart_esc,0.0029571232042814558,17.0
2019-01-18__08_39_38,reference,ekf2_innovation_bias__2018-12-19__07_49_17__fault,src/platforms/qurt/tests/muorb,0.02640450628180253,7.0
2019-01-18__08_39_38,reference,ekf2_innovation_bias__2018-12-19__07_49_17__fault,src/templates/module,0.0,inf
2019-01-18__08_39_38,reference,ekf2_innovation_bias__2018-12-20__07_47_50__fault,src/drivers/batt_smbus,0.0,inf
2019-01-18__08_39_38,reference,ekf2_innovation_bias__2018-12-20__07_47_50__fault,src/drivers/blinkm,0.0,inf
2019-01-18__08_39_38,reference,ekf2_innovation_bias__2018-12-20__07_47_50__fault,src/drivers/camera_trigger,0.0,inf
2019-01-18__08_39_38,reference,ekf2_innovation_bias__2018-12-20__07_47_50__fault,src/drivers/distance_sensor,0.0,inf
2019-01-18__08_39_38,reference,ekf2_innovation_bias__2018-12-20__07_47_50__fault,src/drivers/linux_pwm_out,0.0,inf
2019-01-18__08_39_38,reference,ekf2_innovation_bias__2018-12-20__07_47_50__fault,src/drivers/mkblctrl,0.0,inf
2019-01-18__08_39_38,reference,ekf2_innovation_bias__2018-12-20__07_47_50__fault,src/drivers/pwm_out_sim,0.0,inf
2019-01-18__08_39_38,reference,ekf2_innovation_bias__2018-12-20__07_47_50__fault,src/drivers/px4flow,0.0,inf
2019-01-18__08_39_38,reference,ekf2_innovation_bias__2018-12-20__07_47_50__fault,src/drivers/px4fmu,0.0,inf
2019-01-18__08_39_38,reference,ekf2_innovation_bias__2018-12-20__07_47_50__fault,src/drivers/px4io,0.0,inf
2019-01-18__08_39_38,reference,ekf2_innovation_bias__2018-12-20__07_47_50__fault,src/drivers/snapdragon_pwm_out,0.0,inf
2019-01-18__08_39_38,reference,ekf2_innovation_bias__2018-12-20__07_47_50__fault,src/drivers/tap_esc,0.0,inf
2019-01-18__08_39_38,reference,ekf2_innovation_bias__2018-12-20__07_47_50__fault,src/drivers/telemetry,0.0,inf
2019-01-18__08_39_38,reference,ekf2_innovation_bias__2018-12-20__07_47_50__fault,src/drivers/vmount,0.0,inf
2019-01-18__08_39_38,reference,ekf2_innovation_bias__2018-12-20__07_47_50__fault,src/examples/fixedwing_control,0.0,inf
2019-01-18__08_39_38,reference,ekf2_innovation_bias__2018-12-20__07_47_50__fault,src/examples/hwtest,0.0,inf
2019-01-18__08_39_38,reference,ekf2_innovation_bias__2018-12-20__07_47_50__fault,src/examples/px4_simple_app,9.417714814434463,5.0
2019-01-18__08_39_38,reference,ekf2_innovation_bias__2018-12-20__07_47_50__fault,src/examples/rover_steering_control,0.0,inf
2019-01-18__08_39_38,reference,ekf2_innovation_bias__2018-12-20__07_47_50__fault,src/examples/uuv_example_app,0.0,inf
2019-01-18__08_39_38,reference,ekf2_innovation_bias__2018-12-20__07_47_50__fault,src/modules/attitude_estimator_q,9.417714814434463,5.0
2019-01-18__08_39_38,reference,ekf2_innovation_bias__2018-12-20__07_47_50__fault,src/modules/camera_feedback,0.0,inf
2019-01-18__08_39_38,reference,ekf2_innovation_bias__2018-12-20__07_47_50__fault,src/modules/commander,0.0,inf
2019-01-18__08_39_38,reference,ekf2_innovation_bias__2018-12-20__07_47_50__fault,src/modules/ekf2,384.9317054581521,1.0
2019-01-18__08_39_38,reference,ekf2_innovation_bias__2018-12-20__07_47_50__fault,src/modules/events,0.0,inf
2019-01-18__08_39_38,reference,ekf2_innovation_bias__2018-12-20__07_47_50__fault,src/modules/fw_att_control,0.0,inf
2019-01-18__08_39_38,reference,ekf2_innovation_bias__2018-12-20__07_47_50__fault,src/modules/fw_pos_control_l1,0.0,inf
2019-01-18__08_39_38,reference,ekf2_innovation_bias__2018-12-20__07_47_50__fault,src/modules/gnd_att_control,0.0,inf
2019-01-18__08_39_38,reference,ekf2_innovation_bias__2018-12-20__07_47_50__fault,src/modules/gnd_pos_control,0.0,inf
2019-01-18__08_39_38,reference,ekf2_innovation_bias__2018-12-20__07_47_50__fault,src/modules/gpio_led,0.0,inf
2019-01-18__08_39_38,reference,ekf2_innovation_bias__2018-12-20__07_47_50__fault,src/modules/land_detector,0.0,inf
2019-01-18__08_39_38,reference,ekf2_innovation_bias__2018-12-20__07_47_50__fault,src/modules/landing_target_estimator,0.0,inf
2019-01-18__08_39_38,reference,ekf2_innovation_bias__2018-12-20__07_47_50__fault,src/modules/load_mon,0.0,inf
2019-01-18__08_39_38,reference,ekf2_innovation_bias__2018-12-20__07_47_50__fault,src/modules/logger,0.0,inf
2019-01-18__08_39_38,reference,ekf2_innovation_bias__2018-12-20__07_47_50__fault,src/modules/mavlink,26.386483811015815,2.0
2019-01-18__08_39_38,reference,ekf2_innovation_bias__2018-12-20__07_47_50__fault,src/modules/mc_att_control,0.0,inf
2019-01-18__08_39_38,reference,ekf2_innovation_bias__2018-12-20__07_47_50__fault,src/modules/mc_pos_control,0.0,inf
2019-01-18__08_39_38,reference,ekf2_innovation_bias__2018-12-20__07_47_50__fault,src/modules/navigator,0.0,inf
2019-01-18__08_39_38,reference,ekf2_innovation_bias__2018-12-20__07_47_50__fault,src/modules/position_estimator_inav,16.968768996581353,3.0
2019-01-18__08_39_38,reference,ekf2_innovation_bias__2018-12-20__07_47_50__fault,src/modules/replay,0.0,inf
2019-01-18__08_39_38,reference,ekf2_innovation_bias__2018-12-20__07_47_50__fault,src/modules/sdlog2,0.0,inf
2019-01-18__08_39_38,reference,ekf2_innovation_bias__2018-12-20__07_47_50__fault,src/modules/sensors,0.1496770243713821,7.0
2019-01-18__08_39_38,reference,ekf2_innovation_bias__2018-12-20__07_47_50__fault,src/modules/simulator,0.0,inf
2019-01-18__08_39_38,reference,ekf2_innovation_bias__2018-12-20__07_47_50__fault,src/modules/syslink,0.0,inf
2019-01-18__08_39_38,reference,ekf2_innovation_bias__2018-12-20__07_47_50__fault,src/modules/uavcan,0.0,inf
2019-01-18__08_39_38,reference,ekf2_innovation_bias__2018-12-20__07_47_50__fault,src/modules/vtol_att_control,0.0,inf
2019-01-18__08_39_38,reference,ekf2_innovation_bias__2018-12-20__07_47_50__fault,src/modules/wind_estimator,0.0,inf
2019-01-18__08_39_38,reference,ekf2_innovation_bias__2018-12-20__07_47_50__fault,src/platforms/posix/drivers/df_bebop_bus_wrapper,0.0,inf
2019-01-18__08_39_38,reference,ekf2_innovation_bias__2018-12-20__07_47_50__fault,src/platforms/posix/drivers/df_bebop_rangefinder_wrapper,0.0,inf
2019-01-18__08_39_38,reference,ekf2_innovation_bias__2018-12-20__07_47_50__fault,src/platforms/posix/drivers/df_isl29501_wrapper,0.0,inf
2019-01-18__08_39_38,reference,ekf2_innovation_bias__2018-12-20__07_47_50__fault,src/platforms/posix/drivers/df_ltc2946_wrapper,0.0,inf
2019-01-18__08_39_38,reference,ekf2_innovation_bias__2018-12-20__07_47_50__fault,src/platforms/posix/drivers/df_trone_wrapper,0.0,inf
2019-01-18__08_39_38,reference,ekf2_innovation_bias__2018-12-20__07_47_50__fault,src/platforms/qurt/fc_addon/uart_esc,0.0,inf
2019-01-18__08_39_38,reference,ekf2_innovation_bias__2018-12-20__07_47_50__fault,src/platforms/qurt/tests/muorb,0.1496770243713821,7.0
2019-01-18__08_39_38,reference,ekf2_innovation_bias__2018-12-20__07_47_50__fault,src/templates/module,0.0,inf
2019-01-18__08_39_38,reference,ekf2_innovation_bias__2018-12-25__08_44_40__fault,src/drivers/batt_smbus,0.0,inf
2019-01-18__08_39_38,reference,ekf2_innovation_bias__2018-12-25__08_44_40__fault,src/drivers/blinkm,0.0,inf
2019-01-18__08_39_38,reference,ekf2_innovation_bias__2018-12-25__08_44_40__fault,src/drivers/camera_trigger,0.0,inf
2019-01-18__08_39_38,reference,ekf2_innovation_bias__2018-12-25__08_44_40__fault,src/drivers/distance_sensor,0.0,inf
2019-01-18__08_39_38,reference,ekf2_innovation_bias__2018-12-25__08_44_40__fault,src/drivers/linux_pwm_out,0.0,inf
2019-01-18__08_39_38,reference,ekf2_innovation_bias__2018-12-25__08_44_40__fault,src/drivers/mkblctrl,0.0,inf
2019-01-18__08_39_38,reference,ekf2_innovation_bias__2018-12-25__08_44_40__fault,src/drivers/pwm_out_sim,0.0,inf
2019-01-18__08_39_38,reference,ekf2_innovation_bias__2018-12-25__08_44_40__fault,src/drivers/px4flow,0.0,inf
2019-01-18__08_39_38,reference,ekf2_innovation_bias__2018-12-25__08_44_40__fault,src/drivers/px4fmu,0.0,inf
2019-01-18__08_39_38,reference,ekf2_innovation_bias__2018-12-25__08_44_40__fault,src/drivers/px4io,0.0,inf
2019-01-18__08_39_38,reference,ekf2_innovation_bias__2018-12-25__08_44_40__fault,src/drivers/snapdragon_pwm_out,0.0,inf
2019-01-18__08_39_38,reference,ekf2_innovation_bias__2018-12-25__08_44_40__fault,src/drivers/tap_esc,0.0,inf
2019-01-18__08_39_38,reference,ekf2_innovation_bias__2018-12-25__08_44_40__fault,src/drivers/telemetry,0.0,inf
2019-01-18__08_39_38,reference,ekf2_innovation_bias__2018-12-25__08_44_40__fault,src/drivers/vmount,0.0,inf
2019-01-18__08_39_38,reference,ekf2_innovation_bias__2018-12-25__08_44_40__fault,src/examples/fixedwing_control,0.0,inf
2019-01-18__08_39_38,reference,ekf2_innovation_bias__2018-12-25__08_44_40__fault,src/examples/hwtest,0.0,inf
2019-01-18__08_39_38,reference,ekf2_innovation_bias__2018-12-25__08_44_40__fault,src/examples/px4_simple_app,0.5430360848658553,5.0
2019-01-18__08_39_38,reference,ekf2_innovation_bias__2018-12-25__08_44_40__fault,src/examples/rover_steering_control,0.0,inf
2019-01-18__08_39_38,reference,ekf2_innovation_bias__2018-12-25__08_44_40__fault,src/examples/uuv_example_app,0.0,inf
2019-01-18__08_39_38,reference,ekf2_innovation_bias__2018-12-25__08_44_40__fault,src/modules/attitude_estimator_q,0.5430360848658553,5.0
2019-01-18__08_39_38,reference,ekf2_innovation_bias__2018-12-25__08_44_40__fault,src/modules/camera_feedback,0.0,inf
2019-01-18__08_39_38,reference,ekf2_innovation_bias__2018-12-25__08_44_40__fault,src/modules/commander,0.0,inf
2019-01-18__08_39_38,reference,ekf2_innovation_bias__2018-12-25__08_44_40__fault,src/modules/ekf2,21.67247360465872,1.0
2019-01-18__08_39_38,reference,ekf2_innovation_bias__2018-12-25__08_44_40__fault,src/modules/events,0.0,inf
2019-01-18__08_39_38,reference,ekf2_innovation_bias__2018-12-25__08_44_40__fault,src/modules/fw_att_control,0.0,inf
2019-01-18__08_39_38,reference,ekf2_innovation_bias__2018-12-25__08_44_40__fault,src/modules/fw_pos_control_l1,0.0,inf
2019-01-18__08_39_38,reference,ekf2_innovation_bias__2018-12-25__08_44_40__fault,src/modules/gnd_att_control,0.0,inf
2019-01-18__08_39_38,reference,ekf2_innovation_bias__2018-12-25__08_44_40__fault,src/modules/gnd_pos_control,0.07274969437412013,8.0
2019-01-18__08_39_38,reference,ekf2_innovation_bias__2018-12-25__08_44_40__fault,src/modules/gpio_led,0.0,inf
2019-01-18__08_39_38,reference,ekf2_innovation_bias__2018-12-25__08_44_40__fault,src/modules/land_detector,0.0,inf
2019-01-18__08_39_38,reference,ekf2_innovation_bias__2018-12-25__08_44_40__fault,src/modules/landing_target_estimator,0.0,inf
2019-01-18__08_39_38,reference,ekf2_innovation_bias__2018-12-25__08_44_40__fault,src/modules/load_mon,0.0,inf
2019-01-18__08_39_38,reference,ekf2_innovation_bias__2018-12-25__08_44_40__fault,src/modules/logger,0.0,inf
2019-01-18__08_39_38,reference,ekf2_innovation_bias__2018-12-25__08_44_40__fault,src/modules/mavlink,11.993402870737505,2.0
2019-01-18__08_39_38,reference,ekf2_innovation_bias__2018-12-25__08_44_40__fault,src/modules/mc_att_control,0.0,inf
2019-01-18__08_39_38,reference,ekf2_innovation_bias__2018-12-25__08_44_40__fault,src/modules/mc_pos_control,0.0,inf
2019-01-18__08_39_38,reference,ekf2_innovation_bias__2018-12-25__08_44_40__fault,src/modules/navigator,0.07274969437412013,8.0
2019-01-18__08_39_38,reference,ekf2_innovation_bias__2018-12-25__08_44_40__fault,src/modules/position_estimator_inav,11.377617091497529,3.0
2019-01-18__08_39_38,reference,ekf2_innovation_bias__2018-12-25__08_44_40__fault,src/modules/replay,0.0,inf
2019-01-18__08_39_38,reference,ekf2_innovation_bias__2018-12-25__08_44_40__fault,src/modules/sdlog2,0.0,inf
2019-01-18__08_39_38,reference,ekf2_innovation_bias__2018-12-25__08_44_40__fault,src/modules/sensors,0.0,inf
2019-01-18__08_39_38,reference,ekf2_innovation_bias__2018-12-25__08_44_40__fault,src/modules/simulator,0.0,inf
2019-01-18__08_39_38,reference,ekf2_innovation_bias__2018-12-25__08_44_40__fault,src/modules/syslink,0.0,inf
2019-01-18__08_39_38,reference,ekf2_innovation_bias__2018-12-25__08_44_40__fault,src/modules/uavcan,0.0,inf
2019-01-18__08_39_38,reference,ekf2_innovation_bias__2018-12-25__08_44_40__fault,src/modules/vtol_att_control,0.07274969437412013,8.0
2019-01-18__08_39_38,reference,ekf2_innovation_bias__2018-12-25__08_44_40__fault,src/modules/wind_estimator,0.0,inf
2019-01-18__08_39_38,reference,ekf2_innovation_bias__2018-12-25__08_44_40__fault,src/platforms/posix/drivers/df_bebop_bus_wrapper,0.0,inf
2019-01-18__08_39_38,reference,ekf2_innovation_bias__2018-12-25__08_44_40__fault,src/platforms/posix/drivers/df_bebop_rangefinder_wrapper,0.0,inf
2019-01-18__08_39_38,reference,ekf2_innovation_bias__2018-12-25__08_44_40__fault,src/platforms/posix/drivers/df_isl29501_wrapper,0.0,inf
2019-01-18__08_39_38,reference,ekf2_innovation_bias__2018-12-25__08_44_40__fault,src/platforms/posix/drivers/df_ltc2946_wrapper,0.0,inf
2019-01-18__08_39_38,reference,ekf2_innovation_bias__2018-12-25__08_44_40__fault,src/platforms/posix/drivers/df_trone_wrapper,0.0,inf
2019-01-18__08_39_38,reference,ekf2_innovation_bias__2018-12-25__08_44_40__fault,src/platforms/qurt/fc_addon/uart_esc,0.0,inf
2019-01-18__08_39_38,reference,ekf2_innovation_bias__2018-12-25__08_44_40__fault,src/platforms/qurt/tests/muorb,0.0,inf
2019-01-18__08_39_38,reference,ekf2_innovation_bias__2018-12-25__08_44_40__fault,src/templates/module,0.0,inf
2019-01-18__08_39_38,reference,inav_local_z_freeze__2018-12-19__07_49_17__fault,src/drivers/batt_smbus,0.0,inf
2019-01-18__08_39_38,reference,inav_local_z_freeze__2018-12-19__07_49_17__fault,src/drivers/blinkm,0.0,inf
2019-01-18__08_39_38,reference,inav_local_z_freeze__2018-12-19__07_49_17__fault,src/drivers/camera_trigger,0.0,inf
2019-01-18__08_39_38,reference,inav_local_z_freeze__2018-12-19__07_49_17__fault,src/drivers/distance_sensor,0.0,inf
2019-01-18__08_39_38,reference,inav_local_z_freeze__2018-12-19__07_49_17__fault,src/drivers/linux_pwm_out,0.0,inf
2019-01-18__08_39_38,reference,inav_local_z_freeze__2018-12-19__07_49_17__fault,src/drivers/mkblctrl,0.0,inf
2019-01-18__08_39_38,reference,inav_local_z_freeze__2018-12-19__07_49_17__fault,src/drivers/pwm_out_sim,0.0,inf
2019-01-18__08_39_38,reference,inav_local_z_freeze__2018-12-19__07_49_17__fault,src/drivers/px4flow,0.0,inf
2019-01-18__08_39_38,reference,inav_local_z_freeze__2018-12-19__07_49_17__fault,src/drivers/px4fmu,0.0,inf
2019-01-18__08_39_38,reference,inav_local_z_freeze__2018-12-19__07_49_17__fault,src/drivers/px4io,0.0,inf
2019-01-18__08_39_38,reference,inav_local_z_freeze__2018-12-19__07_49_17__fault,src/drivers/snapdragon_pwm_out,0.0,inf
2019-01-18__08_39_38,reference,inav_local_z_freeze__2018-12-19__07_49_17__fault,src/drivers/tap_esc,0.0,inf
2019-01-18__08_39_38,reference,inav_local_z_freeze__2018-12-19__07_49_17__fault,src/drivers/telemetry,0.0,inf
2019-01-18__08_39_38,reference,inav_local_z_freeze__2018-12-19__07_49_17__fault,src/drivers/vmount,0.0,inf
2019-01-18__08_39_38,reference,inav_local_z_freeze__2018-12-19__07_49_17__fault,src/examples/fixedwing_control,0.0,inf
2019-01-18__08_39_38,reference,inav_local_z_freeze__2018-12-19__07_49_17__fault,src/examples/hwtest,0.0,inf
2019-01-18__08_39_38,reference,inav_local_z_freeze__2018-12-19__07_49_17__fault,src/examples/px4_simple_app,4.057862803339958,4.0
2019-01-18__08_39_38,reference,inav_local_z_freeze__2018-12-19__07_49_17__fault,src/examples/rover_steering_control,0.0,inf
2019-01-18__08_39_38,reference,inav_local_z_freeze__2018-12-19__07_49_17__fault,src/examples/uuv_example_app,0.0,inf
2019-01-18__08_39_38,reference,inav_local_z_freeze__2018-12-19__07_49_17__fault,src/modules/attitude_estimator_q,4.057862803339958,4.0
2019-01-18__08_39_38,reference,inav_local_z_freeze__2018-12-19__07_49_17__fault,src/modules/camera_feedback,0.0,inf
2019-01-18__08_39_38,reference,inav_local_z_freeze__2018-12-19__07_49_17__fault,src/modules/commander,0.0,inf
2019-01-18__08_39_38,reference,inav_local_z_freeze__2018-12-19__07_49_17__fault,src/modules/ekf2,4.057862803339958,4.0
2019-01-18__08_39_38,reference,inav_local_z_freeze__2018-12-19__07_49_17__fault,src/modules/events,0.0,inf
2019-01-18__08_39_38,reference,inav_local_z_freeze__2018-12-19__07_49_17__fault,src/modules/fw_att_control,0.0,inf
2019-01-18__08_39_38,reference,inav_local_z_freeze__2018-12-19__07_49_17__fault,src/modules/fw_pos_control_l1,0.0,inf
2019-01-18__08_39_38,reference,inav_local_z_freeze__2018-12-19__07_49_17__fault,src/modules/gnd_att_control,0.0,inf
2019-01-18__08_39_38,reference,inav_local_z_freeze__2018-12-19__07_49_17__fault,src/modules/gnd_pos_control,0.0,inf
2019-01-18__08_39_38,reference,inav_local_z_freeze__2018-12-19__07_49_17__fault,src/modules/gpio_led,0.0,inf
2019-01-18__08_39_38,reference,inav_local_z_freeze__2018-12-19__07_49_17__fault,src/modules/land_detector,0.0,inf
2019-01-18__08_39_38,reference,inav_local_z_freeze__2018-12-19__07_49_17__fault,src/modules/landing_target_estimator,0.0,inf
2019-01-18__08_39_38,reference,inav_local_z_freeze__2018-12-19__07_49_17__fault,src/modules/load_mon,0.0,inf
2019-01-18__08_39_38,reference,inav_local_z_freeze__2018-12-19__07_49_17__fault,src/modules/logger,0.0,inf
2019-01-18__08_39_38,reference,inav_local_z_freeze__2018-12-19__07_49_17__fault,src/modules/mavlink,4.057862803339958,4.0
2019-01-18__08_39_38,reference,inav_local_z_freeze__2018-12-19__07_49_17__fault,src/modules/mc_att_control,0.0,inf
2019-01-18__08_39_38,reference,inav_local_z_freeze__2018-12-19__07_49_17__fault,src/modules/mc_pos_control,0.0,inf
2019-01-18__08_39_38,reference,inav_local_z_freeze__2018-12-19__07_49_17__fault,src/modules/navigator,0.0,inf
2019-01-18__08_39_38,reference,inav_local_z_freeze__2018-12-19__07_49_17__fault,src/modules/position_estimator_inav,0.0,inf
2019-01-18__08_39_38,reference,inav_local_z_freeze__2018-12-19__07_49_17__fault,src/modules/replay,0.0,inf
2019-01-18__08_39_38,reference,inav_local_z_freeze__2018-12-19__07_49_17__fault,src/modules/sdlog2,0.0,inf
2019-01-18__08_39_38,reference,inav_local_z_freeze__2018-12-19__07_49_17__fault,src/modules/sensors,0.125421404838562,6.0
2019-01-18__08_39_38,reference,inav_local_z_freeze__2018-12-19__07_49_17__fault,src/modules/simulator,0.0,inf
2019-01-18__08_39_38,reference,inav_local_z_freeze__2018-12-19__07_49_17__fault,src/modules/syslink,0.0,inf
2019-01-18__08_39_38,reference,inav_local_z_freeze__2018-12-19__07_49_17__fault,src/modules/uavcan,0.0,inf
2019-01-18__08_39_38,reference,inav_local_z_freeze__2018-12-19__07_49_17__fault,src/modules/vtol_att_control,0.0,inf
2019-01-18__08_39_38,reference,inav_local_z_freeze__2018-12-19__07_49_17__fault,src/modules/wind_estimator,0.0,inf
2019-01-18__08_39_38,reference,inav_local_z_freeze__2018-12-19__07_49_17__fault,src/platforms/posix/drivers/df_bebop_bus_wrapper,0.0,inf
2019-01-18__08_39_38,reference,inav_local_z_freeze__2018-12-19__07_49_17__fault,src/platforms/posix/drivers/df_bebop_rangefinder_wrapper,0.0,inf
2019-01-18__08_39_38,reference,inav_local_z_freeze__2018-12-19__07_49_17__fault,src/platforms/posix/drivers/df_isl29501_wrapper,0.0,inf
2019-01-18__08_39_38,reference,inav_local_z_freeze__2018-12-19__07_49_17__fault,src/platforms/posix/drivers/df_ltc2946_wrapper,0.0,inf
2019-01-18__08_39_38,reference,inav_local_z_freeze__2018-12-19__07_49_17__fault,src/platforms/posix/drivers/df_trone_wrapper,0.0,inf
2019-01-18__08_39_38,reference,inav_local_z_freeze__2018-12-19__07_49_17__fault,src/platforms/qurt/fc_addon/uart_esc,0.0,inf
2019-01-18__08_39_38,reference,inav_local_z_freeze__2018-12-19__07_49_17__fault,src/platforms/qurt/tests/muorb,0.125421404838562,6.0
2019-01-18__08_39_38,reference,inav_local_z_freeze__2018-12-19__07_49_17__fault,src/templates/module,0.0,inf
2019-01-18__08_39_38,reference,inav_local_z_freeze__2018-12-20__07_47_50__fault,src/drivers/batt_smbus,0.0,inf
2019-01-18__08_39_38,reference,inav_local_z_freeze__2018-12-20__07_47_50__fault,src/drivers/blinkm,0.0,inf
2019-01-18__08_39_38,reference,inav_local_z_freeze__2018-12-20__07_47_50__fault,src/drivers/camera_trigger,0.0,inf
2019-01-18__08_39_38,reference,inav_local_z_freeze__2018-12-20__07_47_50__fault,src/drivers/distance_sensor,0.0,inf
2019-01-18__08_39_38,reference,inav_local_z_freeze__2018-12-20__07_47_50__fault,src/drivers/linux_pwm_out,0.0,inf
2019-01-18__08_39_38,reference,inav_local_z_freeze__2018-12-20__07_47_50__fault,src/drivers/mkblctrl,0.0,inf
2019-01-18__08_39_38,reference,inav_local_z_freeze__2018-12-20__07_47_50__fault,src/drivers/pwm_out_sim,0.0,inf
2019-01-18__08_39_38,reference,inav_local_z_freeze__2018-12-20__07_47_50__fault,src/drivers/px4flow,0.0,inf
2019-01-18__08_39_38,reference,inav_local_z_freeze__2018-12-20__07_47_50__fault,src/drivers/px4fmu,0.0,inf
2019-01-18__08_39_38,reference,inav_local_z_freeze__2018-12-20__07_47_50__fault,src/drivers/px4io,0.0,inf
2019-01-18__08_39_38,reference,inav_local_z_freeze__2018-12-20__07_47_50__fault,src/drivers/snapdragon_pwm_out,0.0,inf
2019-01-18__08_39_38,reference,inav_local_z_freeze__2018-12-20__07_47_50__fault,src/drivers/tap_esc,0.0,inf
2019-01-18__08_39_38,reference,inav_local_z_freeze__2018-12-20__07_47_50__fault,src/drivers/telemetry,0.0,inf
2019-01-18__08_39_38,reference,inav_local_z_freeze__2018-12-20__07_47_50__fault,src/drivers/vmount,0.0,inf
2019-01-18__08_39_38,reference,inav_local_z_freeze__2018-12-20__07_47_50__fault,src/examples/fixedwing_control,0.0,inf
2019-01-18__08_39_38,reference,inav_local_z_freeze__2018-12-20__07_47_50__fault,src/examples/hwtest,0.0,inf
2019-01-18__08_39_38,reference,inav_local_z_freeze__2018-12-20__07_47_50__fault,src/examples/px4_simple_app,2.975052880744139,4.0
2019-01-18__08_39_38,reference,inav_local_z_freeze__2018-12-20__07_47_50__fault,src/examples/rover_steering_control,0.0,inf
2019-01-18__08_39_38,reference,inav_local_z_freeze__2018-12-20__07_47_50__fault,src/examples/uuv_example_app,0.0,inf
2019-01-18__08_39_38,reference,inav_local_z_freeze__2018-12-20__07_47_50__fault,src/modules/attitude_estimator_q,2.975052880744139,4.0
2019-01-18__08_39_38,reference,inav_local_z_freeze__2018-12-20__07_47_50__fault,src/modules/camera_feedback,0.0,inf
2019-01-18__08_39_38,reference,inav_local_z_freeze__2018-12-20__07_47_50__fault,src/modules/commander,0.0,inf
2019-01-18__08_39_38,reference,inav_local_z_freeze__2018-12-20__07_47_50__fault,src/modules/ekf2,2.975052880744139,4.0
2019-01-18__08_39_38,reference,inav_local_z_freeze__2018-12-20__07_47_50__fault,src/modules/events,0.0,inf
2019-01-18__08_39_38,reference,inav_local_z_freeze__2018-12-20__07_47_50__fault,src/modules/fw_att_control,0.0,inf
2019-01-18__08_39_38,reference,inav_local_z_freeze__2018-12-20__07_47_50__fault,src/modules/fw_pos_control_l1,0.0,inf
2019-01-18__08_39_38,reference,inav_local_z_freeze__2018-12-20__07_47_50__fault,src/modules/gnd_att_control,0.0,inf
2019-01-18__08_39_38,reference,inav_local_z_freeze__2018-12-20__07_47_50__fault,src/modules/gnd_pos_control,0.0,inf
2019-01-18__08_39_38,reference,inav_local_z_freeze__2018-12-20__07_47_50__fault,src/modules/gpio_led,0.0,inf
2019-01-18__08_39_38,reference,inav_local_z_freeze__2018-12-20__07_47_50__fault,src/modules/land_detector,0.0,inf
2019-01-18__08_39_38,reference,inav_local_z_freeze__2018-12-20__07_47_50__fault,src/modules/landing_target_estimator,0.0,inf
2019-01-18__08_39_38,reference,inav_local_z_freeze__2018-12-20__07_47_50__fault,src/modules/load_mon,0.0,inf
2019-01-18__08_39_38,reference,inav_local_z_freeze__2018-12-20__07_47_50__fault,src/modules/logger,0.0,inf
2019-01-18__08_39_38,reference,inav_local_z_freeze__2018-12-20__07_47_50__fault,src/modules/mavlink,2.975052880744139,4.0
2019-01-18__08_39_38,reference,inav_local_z_freeze__2018-12-20__07_47_50__fault,src/modules/mc_att_control,0.0,inf
2019-01-18__08_39_38,reference,inav_local_z_freeze__2018-12-20__07_47_50__fault,src/modules/mc_pos_control,0.0,inf
2019-01-18__08_39_38,reference,inav_local_z_freeze__2018-12-20__07_47_50__fault,src/modules/navigator,0.0,inf
2019-01-18__08_39_38,reference,inav_local_z_freeze__2018-12-20__07_47_50__fault,src/modules/position_estimator_inav,0.0,inf
2019-01-18__08_39_38,reference,inav_local_z_freeze__2018-12-20__07_47_50__fault,src/modules/replay,0.0,inf
2019-01-18__08_39_38,reference,inav_local_z_freeze__2018-12-20__07_47_50__fault,src/modules/sdlog2,0.0,inf
2019-01-18__08_39_38,reference,inav_local_z_freeze__2018-12-20__07_47_50__fault,src/modules/sensors,0.14759053786595663,6.0
2019-01-18__08_39_38,reference,inav_local_z_freeze__2018-12-20__07_47_50__fault,src/modules/simulator,0.0,inf
2019-01-18__08_39_38,reference,inav_local_z_freeze__2018-12-20__07_47_50__fault,src/modules/syslink,0.0,inf
2019-01-18__08_39_38,reference,inav_local_z_freeze__2018-12-20__07_47_50__fault,src/modules/uavcan,0.0,inf
2019-01-18__08_39_38,reference,inav_local_z_freeze__2018-12-20__07_47_50__fault,src/modules/vtol_att_control,0.0,inf
2019-01-18__08_39_38,reference,inav_local_z_freeze__2018-12-20__07_47_50__fault,src/modules/wind_estimator,0.0,inf
2019-01-18__08_39_38,reference,inav_local_z_freeze__2018-12-20__07_47_50__fault,src/platforms/posix/drivers/df_bebop_bus_wrapper,0.0,inf
2019-01-18__08_39_38,reference,inav_local_z_freeze__2018-12-20__07_47_50__fault,src/platforms/posix/drivers/df_bebop_rangefinder_wrapper,0.0,inf
2019-01-18__08_39_38,reference,inav_local_z_freeze__2018-12-20__07_47_50__fault,src/platforms/posix/drivers/df_isl29501_wrapper,0.0,inf
2019-01-18__08_39_38,reference,inav_local_z_freeze__2018-12-20__07_47_50__fault,src/platforms/posix/drivers/df_ltc2946_wrapper,0.0,inf
2019-01-18__08_39_38,reference,inav_local_z_freeze__2018-12-20__07_47_50__fault,src/platforms/posix/drivers/df_trone_wrapper,0.0,inf
2019-01-18__08_39_38,reference,inav_local_z_freeze__2018-12-20__07_47_50__fault,src/platforms/qurt/fc_addon/uart_esc,0.0,inf
2019-01-18__08_39_38,reference,inav_local_z_freeze__2018-12-20__07_47_50__fault,src/platforms/qurt/tests/muorb,0.14759053786595663,6.0
2019-01-18__08_39_38,reference,inav_local_z_freeze__2018-12-20__07_47_50__fault,src/templates/module,0.0,inf
2019-01-18__08_39_38,reference,inav_local_z_freeze__2018-12-25__08_44_40__fault,src/drivers/batt_smbus,0.0,inf
2019-01-18__08_39_38,reference,inav_local_z_freeze__2018-12-25__08_44_40__fault,src/drivers/blinkm,0.0,inf
2019-01-18__08_39_38,reference,inav_local_z_freeze__2018-12-25__08_44_40__fault,src/drivers/camera_trigger,0.0,inf
2019-01-18__08_39_38,reference,inav_local_z_freeze__2018-12-25__08_44_40__fault,src/drivers/distance_sensor,0.0,inf
2019-01-18__08_39_38,reference,inav_local_z_freeze__2018-12-25__08_44_40__fault,src/drivers/linux_pwm_out,0.0,inf
2019-01-18__08_39_38,reference,inav_local_z_freeze__2018-12-25__08_44_40__fault,src/drivers/mkblctrl,0.0,inf
2019-01-18__08_39_38,reference,inav_local_z_freeze__2018-12-25__08_44_40__fault,src/drivers/pwm_out_sim,0.0,inf
2019-01-18__08_39_38,reference,inav_local_z_freeze__2018-12-25__08_44_40__fault,src/drivers/px4flow,0.0,inf
2019-01-18__08_39_38,reference,inav_local_z_freeze__2018-12-25__08_44_40__fault,src/drivers/px4fmu,0.0,inf
2019-01-18__08_39_38,reference,inav_local_z_freeze__2018-12-25__08_44_40__fault,src/drivers/px4io,0.0,inf
2019-01-18__08_39_38,reference,inav_local_z_freeze__2018-12-25__08_44_40__fault,src/drivers/snapdragon_pwm_out,0.0,inf
2019-01-18__08_39_38,reference,inav_local_z_freeze__2018-12-25__08_44_40__fault,src/drivers/tap_esc,0.0,inf
2019-01-18__08_39_38,reference,inav_local_z_freeze__2018-12-25__08_44_40__fault,src/drivers/telemetry,0.0,inf
2019-01-18__08_39_38,reference,inav_local_z_freeze__2018-12-25__08_44_40__fault,src/drivers/vmount,0.0,inf
2019-01-18__08_39_38,reference,inav_local_z_freeze__2018-12-25__08_44_40__fault,src/examples/fixedwing_control,1.4438692728678384,6.0
2019-01-18__08_39_38,reference,inav_local_z_freeze__2018-12-25__08_44_40__fault,src/examples/hwtest,0.0,inf
2019-01-18__08_39_38,reference,inav_local_z_freeze__2018-12-25__08_44_40__fault,src/examples/px4_simple_app,4.504339459695314,4.0
2019-01-18__08_39_38,reference,inav_local_z_freeze__2018-12-25__08_44_40__fault,src/examples/rover_steering_control,0.0,inf
2019-01-18__08_39_38,reference,inav_local_z_freeze__2018-12-25__08_44_40__fault,src/examples/uuv_example_app,0.0,inf
2019-01-18__08_39_38,reference,inav_local_z_freeze__2018-12-25__08_44_40__fault,src/modules/attitude_estimator_q,4.504339459695314,4.0
2019-01-18__08_39_38,reference,inav_local_z_freeze__2018-12-25__08_44_40__fault,src/modules/camera_feedback,0.0,inf
2019-01-18__08_39_38,reference,inav_local_z_freeze__2018-12-25__08_44_40__fault,src/modules/commander,0.0,inf
2019-01-18__08_39_38,reference,inav_local_z_freeze__2018-12-25__08_44_40__fault,src/modules/ekf2,4.504339459695314,4.0
2019-01-18__08_39_38,reference,inav_local_z_freeze__2018-12-25__08_44_40__fault,src/modules/events,0.0,inf
2019-01-18__08_39_38,reference,inav_local_z_freeze__2018-12-25__08_44_40__fault,src/modules/fw_att_control,0.0,inf
2019-01-18__08_39_38,reference,inav_local_z_freeze__2018-12-25__08_44_40__fault,src/modules/fw_pos_control_l1,0.0,inf
2019-01-18__08_39_38,reference,inav_local_z_freeze__2018-12-25__08_44_40__fault,src/modules/gnd_att_control,0.0,inf
2019-01-18__08_39_38,reference,inav_local_z_freeze__2018-12-25__08_44_40__fault,src/modules/gnd_pos_control,0.0,inf
2019-01-18__08_39_38,reference,inav_local_z_freeze__2018-12-25__08_44_40__fault,src/modules/gpio_led,0.0,inf
2019-01-18__08_39_38,reference,inav_local_z_freeze__2018-12-25__08_44_40__fault,src/modules/land_detector,0.0,inf
2019-01-18__08_39_38,reference,inav_local_z_freeze__2018-12-25__08_44_40__fault,src/modules/landing_target_estimator,0.0,inf
2019-01-18__08_39_38,reference,inav_local_z_freeze__2018-12-25__08_44_40__fault,src/modules/load_mon,0.0,inf
2019-01-18__08_39_38,reference,inav_local_z_freeze__2018-12-25__08_44_40__fault,src/modules/logger,0.0,inf
2019-01-18__08_39_38,reference,inav_local_z_freeze__2018-12-25__08_44_40__fault,src/modules/mavlink,7.045188049475351,1.0
2019-01-18__08_39_38,reference,inav_local_z_freeze__2018-12-25__08_44_40__fault,src/modules/mc_att_control,0.0,inf
2019-01-18__08_39_38,reference,inav_local_z_freeze__2018-12-25__08_44_40__fault,src/modules/mc_pos_control,0.0,inf
2019-01-18__08_39_38,reference,inav_local_z_freeze__2018-12-25__08_44_40__fault,src/modules/navigator,0.0,inf
2019-01-18__08_39_38,reference,inav_local_z_freeze__2018-12-25__08_44_40__fault,src/modules/position_estimator_inav,1.0969793169121993,7.0
2019-01-18__08_39_38,reference,inav_local_z_freeze__2018-12-25__08_44_40__fault,src/modules/replay,0.0,inf
2019-01-18__08_39_38,reference,inav_local_z_freeze__2018-12-25__08_44_40__fault,src/modules/sdlog2,0.0,inf
2019-01-18__08_39_38,reference,inav_local_z_freeze__2018-12-25__08_44_40__fault,src/modules/sensors,0.0,inf
2019-01-18__08_39_38,reference,inav_local_z_freeze__2018-12-25__08_44_40__fault,src/modules/simulator,0.0,inf
2019-01-18__08_39_38,reference,inav_local_z_freeze__2018-12-25__08_44_40__fault,src/modules/syslink,0.0,inf
2019-01-18__08_39_38,reference,inav_local_z_freeze__2018-12-25__08_44_40__fault,src/modules/uavcan,0.0,inf
2019-01-18__08_39_38,reference,inav_local_z_freeze__2018-12-25__08_44_40__fault,src/modules/vtol_att_control,1.4438692728678384,6.0
2019-01-18__08_39_38,reference,inav_local_z_freeze__2018-12-25__08_44_40__fault,src/modules/wind_estimator,0.0,inf
2019-01-18__08_39_38,reference,inav_local_z_freeze__2018-12-25__08_44_40__fault,src/platforms/posix/drivers/df_bebop_bus_wrapper,0.0,inf
2019-01-18__08_39_38,reference,inav_local_z_freeze__2018-12-25__08_44_40__fault,src/platforms/posix/drivers/df_bebop_rangefinder_wrapper,0.0,inf
2019-01-18__08_39_38,reference,inav_local_z_freeze__2018-12-25__08_44_40__fault,src/platforms/posix/drivers/df_isl29501_wrapper,0.0,inf
2019-01-18__08_39_38,reference,inav_local_z_freeze__2018-12-25__08_44_40__fault,src/platforms/posix/drivers/df_ltc2946_wrapper,0.0,inf
2019-01-18__08_39_38,reference,inav_local_z_freeze__2018-12-25__08_44_40__fault,src/platforms/posix/drivers/df_trone_wrapper,0.0,inf
2019-01-18__08_39_38,reference,inav_local_z_freeze__2018-12-25__08_44_40__fault,src/platforms/qurt/fc_addon/uart_esc,0.0,inf
2019-01-18__08_39_38,reference,inav_local_z_freeze__2018-12-25__08_44_40__fault,src/platforms/qurt/tests/muorb,0.0,inf
2019-01-18__08_39_38,reference,inav_local_z_freeze__2018-12-25__08_44_40__fault,src/templates/module,0.0,inf
2019-01-18__08_39_38,reference,land_detector_state_inversion__2018-12-19__07_49_17__fault,src/drivers/batt_smbus,0.0,inf
2019-01-18__08_39_38,reference,land_detector_state_inversion__2018-12-19__07_49_17__fault,src/drivers/blinkm,0.0,inf
2019-01-18__08_39_38,reference,land_detector_state_inversion__2018-12-19__07_49_17__fault,src/drivers/camera_trigger,0.0,inf
2019-01-18__08_39_38,reference,land_detector_state_inversion__2018-12-19__07_49_17__fault,src/drivers/distance_sensor,0.0,inf
2019-01-18__08_39_38,reference,land_detector_state_inversion__2018-12-19__07_49_17__fault,src/drivers/linux_pwm_out,0.0,inf
2019-01-18__08_39_38,reference,land_detector_state_inversion__2018-12-19__07_49_17__fault,src/drivers/mkblctrl,0.0,inf
2019-01-18__08_39_38,reference,land_detector_state_inversion__2018-12-19__07_49_17__fault,src/drivers/pwm_out_sim,0.0,inf
2019-01-18__08_39_38,reference,land_detector_state_inversion__2018-12-19__07_49_17__fault,src/drivers/px4flow,0.0,inf
2019-01-18__08_39_38,reference,land_detector_state_inversion__2018-12-19__07_49_17__fault,src/drivers/px4fmu,0.0,inf
2019-01-18__08_39_38,reference,land_detector_state_inversion__2018-12-19__07_49_17__fault,src/drivers/px4io,0.0,inf
2019-01-18__08_39_38,reference,land_detector_state_inversion__2018-12-19__07_49_17__fault,src/drivers/snapdragon_pwm_out,0.0,inf
2019-01-18__08_39_38,reference,land_detector_state_inversion__2018-12-19__07_49_17__fault,src/drivers/tap_esc,0.0,inf
2019-01-18__08_39_38,reference,land_detector_state_inversion__2018-12-19__07_49_17__fault,src/drivers/telemetry,0.0,inf
2019-01-18__08_39_38,reference,land_detector_state_inversion__2018-12-19__07_49_17__fault,src/drivers/vmount,0.0,inf
2019-01-18__08_39_38,reference,land_detector_state_inversion__2018-12-19__07_49_17__fault,src/examples/fixedwing_control,0.0,inf
2019-01-18__08_39_38,reference,land_detector_state_inversion__2018-12-19__07_49_17__fault,src/examples/hwtest,0.0,inf
2019-01-18__08_39_38,reference,land_detector_state_inversion__2018-12-19__07_49_17__fault,src/examples/px4_simple_app,2.6834931168705225,5.0
2019-01-18__08_39_38,reference,land_detector_state_inversion__2018-12-19__07_49_17__fault,src/examples/rover_steering_control,0.0,inf
2019-01-18__08_39_38,reference,land_detector_state_inversion__2018-12-19__07_49_17__fault,src/examples/uuv_example_app,0.0,inf
2019-01-18__08_39_38,reference,land_detector_state_inversion__2018-12-19__07_49_17__fault,src/modules/attitude_estimator_q,2.6834931168705225,5.0
2019-01-18__08_39_38,reference,land_detector_state_inversion__2018-12-19__07_49_17__fault,src/modules/camera_feedback,0.0,inf
2019-01-18__08_39_38,reference,land_detector_state_inversion__2018-12-19__07_49_17__fault,src/modules/commander,0.0,inf
2019-01-18__08_39_38,reference,land_detector_state_inversion__2018-12-19__07_49_17__fault,src/modules/ekf2,2.6834931168705225,5.0
2019-01-18__08_39_38,reference,land_detector_state_inversion__2018-12-19__07_49_17__fault,src/modules/events,0.0,inf
2019-01-18__08_39_38,reference,land_detector_state_inversion__2018-12-19__07_49_17__fault,src/modules/fw_att_control,0.0,inf
2019-01-18__08_39_38,reference,land_detector_state_inversion__2018-12-19__07_49_17__fault,src/modules/fw_pos_control_l1,0.0,inf
2019-01-18__08_39_38,reference,land_detector_state_inversion__2018-12-19__07_49_17__fault,src/modules/gnd_att_control,0.0,inf
2019-01-18__08_39_38,reference,land_detector_state_inversion__2018-12-19__07_49_17__fault,src/modules/gnd_pos_control,0.0,inf
2019-01-18__08_39_38,reference,land_detector_state_inversion__2018-12-19__07_49_17__fault,src/modules/gpio_led,0.0,inf
2019-01-18__08_39_38,reference,land_detector_state_inversion__2018-12-19__07_49_17__fault,src/modules/land_detector,63.56579535268247,2.0
2019-01-18__08_39_38,reference,land_detector_state_inversion__2018-12-19__07_49_17__fault,src/modules/landing_target_estimator,0.0,inf
2019-01-18__08_39_38,reference,land_detector_state_inversion__2018-12-19__07_49_17__fault,src/modules/load_mon,0.0,inf
2019-01-18__08_39_38,reference,land_detector_state_inversion__2018-12-19__07_49_17__fault,src/modules/logger,0.0,inf
2019-01-18__08_39_38,reference,land_detector_state_inversion__2018-12-19__07_49_17__fault,src/modules/mavlink,66.249288469553,1.0
2019-01-18__08_39_38,reference,land_detector_state_inversion__2018-12-19__07_49_17__fault,src/modules/mc_att_control,0.0,inf
2019-01-18__08_39_38,reference,land_detector_state_inversion__2018-12-19__07_49_17__fault,src/modules/mc_pos_control,0.0,inf
2019-01-18__08_39_38,reference,land_detector_state_inversion__2018-12-19__07_49_17__fault,src/modules/navigator,0.0,inf
2019-01-18__08_39_38,reference,land_detector_state_inversion__2018-12-19__07_49_17__fault,src/modules/position_estimator_inav,0.0,inf
2019-01-18__08_39_38,reference,land_detector_state_inversion__2018-12-19__07_49_17__fault,src/modules/replay,0.0,inf
2019-01-18__08_39_38,reference,land_detector_state_inversion__2018-12-19__07_49_17__fault,src/modules/sdlog2,0.0,inf
2019-01-18__08_39_38,reference,land_detector_state_inversion__2018-12-19__07_49_17__fault,src/modules/sensors,0.05913275480270386,7.0
2019-01-18__08_39_38,reference,land_detector_state_inversion__2018-12-19__07_49_17__fault,src/modules/simulator,0.0,inf
2019-01-18__08_39_38,reference,land_detector_state_inversion__2018-12-19__07_49_17__fault,src/modules/syslink,0.0,inf
2019-01-18__08_39_38,reference,land_detector_state_inversion__2018-12-19__07_49_17__fault,src/modules/uavcan,0.0,inf
2019-01-18__08_39_38,reference,land_detector_state_inversion__2018-12-19__07_49_17__fault,src/modules/vtol_att_control,0.0,inf
2019-01-18__08_39_38,reference,land_detector_state_inversion__2018-12-19__07_49_17__fault,src/modules/wind_estimator,0.0,inf
2019-01-18__08_39_38,reference,land_detector_state_inversion__2018-12-19__07_49_17__fault,src/platforms/posix/drivers/df_bebop_bus_wrapper,0.0,inf
2019-01-18__08_39_38,reference,land_detector_state_inversion__2018-12-19__07_49_17__fault,src/platforms/posix/drivers/df_bebop_rangefinder_wrapper,0.0,inf
2019-01-18__08_39_38,reference,land_detector_state_inversion__2018-12-19__07_49_17__fault,src/platforms/posix/drivers/df_isl29501_wrapper,0.0,inf
2019-01-18__08_39_38,reference,land_detector_state_inversion__2018-12-19__07_49_17__fault,src/platforms/posix/drivers/df_ltc2946_wrapper,0.0,inf
2019-01-18__08_39_38,reference,land_detector_state_inversion__2018-12-19__07_49_17__fault,src/platforms/posix/drivers/df_trone_wrapper,0.0,inf
2019-01-18__08_39_38,reference,land_detector_state_inversion__2018-12-19__07_49_17__fault,src/platforms/qurt/fc_addon/uart_esc,0.0,inf
2019-01-18__08_39_38,reference,land_detector_state_inversion__2018-12-19__07_49_17__fault,src/platforms/qurt/tests/muorb,0.05913275480270386,7.0
2019-01-18__08_39_38,reference,land_detector_state_inversion__2018-12-19__07_49_17__fault,src/templates/module,0.0,inf
2019-01-18__08_39_38,reference,land_detector_state_inversion__2018-12-20__07_47_50__fault,src/drivers/batt_smbus,0.0,inf
2019-01-18__08_39_38,reference,land_detector_state_inversion__2018-12-20__07_47_50__fault,src/drivers/blinkm,0.0,inf
2019-01-18__08_39_38,reference,land_detector_state_inversion__2018-12-20__07_47_50__fault,src/drivers/camera_trigger,0.0,inf
2019-01-18__08_39_38,reference,land_detector_state_inversion__2018-12-20__07_47_50__fault,src/drivers/distance_sensor,0.0,inf
2019-01-18__08_39_38,reference,land_detector_state_inversion__2018-12-20__07_47_50__fault,src/drivers/linux_pwm_out,0.0,inf
2019-01-18__08_39_38,reference,land_detector_state_inversion__2018-12-20__07_47_50__fault,src/drivers/mkblctrl,0.0,inf
2019-01-18__08_39_38,reference,land_detector_state_inversion__2018-12-20__07_47_50__fault,src/drivers/pwm_out_sim,0.0,inf
2019-01-18__08_39_38,reference,land_detector_state_inversion__2018-12-20__07_47_50__fault,src/drivers/px4flow,0.0,inf
2019-01-18__08_39_38,reference,land_detector_state_inversion__2018-12-20__07_47_50__fault,src/drivers/px4fmu,0.0,inf
2019-01-18__08_39_38,reference,land_detector_state_inversion__2018-12-20__07_47_50__fault,src/drivers/px4io,0.0,inf
2019-01-18__08_39_38,reference,land_detector_state_inversion__2018-12-20__07_47_50__fault,src/drivers/snapdragon_pwm_out,0.0,inf
2019-01-18__08_39_38,reference,land_detector_state_inversion__2018-12-20__07_47_50__fault,src/drivers/tap_esc,0.0,inf
2019-01-18__08_39_38,reference,land_detector_state_inversion__2018-12-20__07_47_50__fault,src/drivers/telemetry,0.0,inf
2019-01-18__08_39_38,reference,land_detector_state_inversion__2018-12-20__07_47_50__fault,src/drivers/vmount,0.0,inf
2019-01-18__08_39_38,reference,land_detector_state_inversion__2018-12-20__07_47_50__fault,src/examples/fixedwing_control,0.0,inf
2019-01-18__08_39_38,reference,land_detector_state_inversion__2018-12-20__07_47_50__fault,src/examples/hwtest,0.0,inf
2019-01-18__08_39_38,reference,land_detector_state_inversion__2018-12-20__07_47_50__fault,src/examples/px4_simple_app,0.27785165006654305,5.0
2019-01-18__08_39_38,reference,land_detector_state_inversion__2018-12-20__07_47_50__fault,src/examples/rover_steering_control,0.0,inf
2019-01-18__08_39_38,reference,land_detector_state_inversion__2018-12-20__07_47_50__fault,src/examples/uuv_example_app,0.0,inf
2019-01-18__08_39_38,reference,land_detector_state_inversion__2018-12-20__07_47_50__fault,src/modules/attitude_estimator_q,0.27785165006654305,5.0
2019-01-18__08_39_38,reference,land_detector_state_inversion__2018-12-20__07_47_50__fault,src/modules/camera_feedback,0.0,inf
2019-01-18__08_39_38,reference,land_detector_state_inversion__2018-12-20__07_47_50__fault,src/modules/commander,0.0,inf
2019-01-18__08_39_38,reference,land_detector_state_inversion__2018-12-20__07_47_50__fault,src/modules/ekf2,0.27785165006654305,5.0
2019-01-18__08_39_38,reference,land_detector_state_inversion__2018-12-20__07_47_50__fault,src/modules/events,0.0,inf
2019-01-18__08_39_38,reference,land_detector_state_inversion__2018-12-20__07_47_50__fault,src/modules/fw_att_control,0.0,inf
2019-01-18__08_39_38,reference,land_detector_state_inversion__2018-12-20__07_47_50__fault,src/modules/fw_pos_control_l1,0.0,inf
2019-01-18__08_39_38,reference,land_detector_state_inversion__2018-12-20__07_47_50__fault,src/modules/gnd_att_control,0.0,inf
2019-01-18__08_39_38,reference,land_detector_state_inversion__2018-12-20__07_47_50__fault,src/modules/gnd_pos_control,0.0,inf
2019-01-18__08_39_38,reference,land_detector_state_inversion__2018-12-20__07_47_50__fault,src/modules/gpio_led,0.0,inf
2019-01-18__08_39_38,reference,land_detector_state_inversion__2018-12-20__07_47_50__fault,src/modules/land_detector,72.6466265935124,2.0
2019-01-18__08_39_38,reference,land_detector_state_inversion__2018-12-20__07_47_50__fault,src/modules/landing_target_estimator,0.0,inf
2019-01-18__08_39_38,reference,land_detector_state_inversion__2018-12-20__07_47_50__fault,src/modules/load_mon,0.0,inf
2019-01-18__08_39_38,reference,land_detector_state_inversion__2018-12-20__07_47_50__fault,src/modules/logger,0.0,inf
2019-01-18__08_39_38,reference,land_detector_state_inversion__2018-12-20__07_47_50__fault,src/modules/mavlink,72.92447824357893,1.0
2019-01-18__08_39_38,reference,land_detector_state_inversion__2018-12-20__07_47_50__fault,src/modules/mc_att_control,0.0,inf
2019-01-18__08_39_38,reference,land_detector_state_inversion__2018-12-20__07_47_50__fault,src/modules/mc_pos_control,0.0,inf
2019-01-18__08_39_38,reference,land_detector_state_inversion__2018-12-20__07_47_50__fault,src/modules/navigator,0.0,inf
2019-01-18__08_39_38,reference,land_detector_state_inversion__2018-12-20__07_47_50__fault,src/modules/position_estimator_inav,0.0,inf
2019-01-18__08_39_38,reference,land_detector_state_inversion__2018-12-20__07_47_50__fault,src/modules/replay,0.0,inf
2019-01-18__08_39_38,reference,land_detector_state_inversion__2018-12-20__07_47_50__fault,src/modules/sdlog2,0.0,inf
2019-01-18__08_39_38,reference,land_detector_state_inversion__2018-12-20__07_47_50__fault,src/modules/sensors,0.0,inf
2019-01-18__08_39_38,reference,land_detector_state_inversion__2018-12-20__07_47_50__fault,src/modules/simulator,0.0,inf
2019-01-18__08_39_38,reference,land_detector_state_inversion__2018-12-20__07_47_50__fault,src/modules/syslink,0.0,inf
2019-01-18__08_39_38,reference,land_detector_state_inversion__2018-12-20__07_47_50__fault,src/modules/uavcan,0.0,inf
2019-01-18__08_39_38,reference,land_detector_state_inversion__2018-12-20__07_47_50__fault,src/modules/vtol_att_control,0.0,inf
2019-01-18__08_39_38,reference,land_detector_state_inversion__2018-12-20__07_47_50__fault,src/modules/wind_estimator,0.0,inf
2019-01-18__08_39_38,reference,land_detector_state_inversion__2018-12-20__07_47_50__fault,src/platforms/posix/drivers/df_bebop_bus_wrapper,0.0,inf
2019-01-18__08_39_38,reference,land_detector_state_inversion__2018-12-20__07_47_50__fault,src/platforms/posix/drivers/df_bebop_rangefinder_wrapper,0.0,inf
2019-01-18__08_39_38,reference,land_detector_state_inversion__2018-12-20__07_47_50__fault,src/platforms/posix/drivers/df_isl29501_wrapper,0.0,inf
2019-01-18__08_39_38,reference,land_detector_state_inversion__2018-12-20__07_47_50__fault,src/platforms/posix/drivers/df_ltc2946_wrapper,0.0,inf
2019-01-18__08_39_38,reference,land_detector_state_inversion__2018-12-20__07_47_50__fault,src/platforms/posix/drivers/df_trone_wrapper,0.0,inf
2019-01-18__08_39_38,reference,land_detector_state_inversion__2018-12-20__07_47_50__fault,src/platforms/qurt/fc_addon/uart_esc,0.0,inf
2019-01-18__08_39_38,reference,land_detector_state_inversion__2018-12-20__07_47_50__fault,src/platforms/qurt/tests/muorb,0.0,inf
2019-01-18__08_39_38,reference,land_detector_state_inversion__2018-12-20__07_47_50__fault,src/templates/module,0.0,inf
2019-01-18__08_39_38,reference,land_detector_state_inversion__2018-12-25__08_44_40__fault,src/drivers/batt_smbus,0.0,inf
2019-01-18__08_39_38,reference,land_detector_state_inversion__2018-12-25__08_44_40__fault,src/drivers/blinkm,0.0,inf
2019-01-18__08_39_38,reference,land_detector_state_inversion__2018-12-25__08_44_40__fault,src/drivers/camera_trigger,0.0,inf
2019-01-18__08_39_38,reference,land_detector_state_inversion__2018-12-25__08_44_40__fault,src/drivers/distance_sensor,0.0,inf
2019-01-18__08_39_38,reference,land_detector_state_inversion__2018-12-25__08_44_40__fault,src/drivers/linux_pwm_out,0.0,inf
2019-01-18__08_39_38,reference,land_detector_state_inversion__2018-12-25__08_44_40__fault,src/drivers/mkblctrl,0.0,inf
2019-01-18__08_39_38,reference,land_detector_state_inversion__2018-12-25__08_44_40__fault,src/drivers/pwm_out_sim,0.0,inf
2019-01-18__08_39_38,reference,land_detector_state_inversion__2018-12-25__08_44_40__fault,src/drivers/px4flow,0.0,inf
2019-01-18__08_39_38,reference,land_detector_state_inversion__2018-12-25__08_44_40__fault,src/drivers/px4fmu,0.0,inf
2019-01-18__08_39_38,reference,land_detector_state_inversion__2018-12-25__08_44_40__fault,src/drivers/px4io,0.0,inf
2019-01-18__08_39_38,reference,land_detector_state_inversion__2018-12-25__08_44_40__fault,src/drivers/snapdragon_pwm_out,0.0,inf
2019-01-18__08_39_38,reference,land_detector_state_inversion__2018-12-25__08_44_40__fault,src/drivers/tap_esc,0.0,inf
2019-01-18__08_39_38,reference,land_detector_state_inversion__2018-12-25__08_44_40__fault,src/drivers/telemetry,0.0,inf
2019-01-18__08_39_38,reference,land_detector_state_inversion__2018-12-25__08_44_40__fault,src/drivers/vmount,0.0,inf
2019-01-18__08_39_38,reference,land_detector_state_inversion__2018-12-25__08_44_40__fault,src/examples/fixedwing_control,0.0,inf
2019-01-18__08_39_38,reference,land_detector_state_inversion__2018-12-25__08_44_40__fault,src/examples/hwtest,0.0,inf
2019-01-18__08_39_38,reference,land_detector_state_inversion__2018-12-25__08_44_40__fault,src/examples/px4_simple_app,1.2372743760720946,5.0
2019-01-18__08_39_38,reference,land_detector_state_inversion__2018-12-25__08_44_40__fault,src/examples/rover_steering_control,0.0,inf
2019-01-18__08_39_38,reference,land_detector_state_inversion__2018-12-25__08_44_40__fault,src/examples/uuv_example_app,0.0,inf
2019-01-18__08_39_38,reference,land_detector_state_inversion__2018-12-25__08_44_40__fault,src/modules/attitude_estimator_q,1.2372743760720946,5.0
2019-01-18__08_39_38,reference,land_detector_state_inversion__2018-12-25__08_44_40__fault,src/modules/camera_feedback,0.0,inf
2019-01-18__08_39_38,reference,land_detector_state_inversion__2018-12-25__08_44_40__fault,src/modules/commander,0.0,inf
2019-01-18__08_39_38,reference,land_detector_state_inversion__2018-12-25__08_44_40__fault,src/modules/ekf2,1.2372743760720946,5.0
2019-01-18__08_39_38,reference,land_detector_state_inversion__2018-12-25__08_44_40__fault,src/modules/events,0.0,inf
2019-01-18__08_39_38,reference,land_detector_state_inversion__2018-12-25__08_44_40__fault,src/modules/fw_att_control,0.0,inf
2019-01-18__08_39_38,reference,land_detector_state_inversion__2018-12-25__08_44_40__fault,src/modules/fw_pos_control_l1,0.0,inf
2019-01-18__08_39_38,reference,land_detector_state_inversion__2018-12-25__08_44_40__fault,src/modules/gnd_att_control,0.0,inf
2019-01-18__08_39_38,reference,land_detector_state_inversion__2018-12-25__08_44_40__fault,src/modules/gnd_pos_control,0.0,inf
2019-01-18__08_39_38,reference,land_detector_state_inversion__2018-12-25__08_44_40__fault,src/modules/gpio_led,0.0,inf
2019-01-18__08_39_38,reference,land_detector_state_inversion__2018-12-25__08_44_40__fault,src/modules/land_detector,71.62343525655673,2.0
2019-01-18__08_39_38,reference,land_detector_state_inversion__2018-12-25__08_44_40__fault,src/modules/landing_target_estimator,0.0,inf
2019-01-18__08_39_38,reference,land_detector_state_inversion__2018-12-25__08_44_40__fault,src/modules/load_mon,0.0,inf
2019-01-18__08_39_38,reference,land_detector_state_inversion__2018-12-25__08_44_40__fault,src/modules/logger,0.0,inf
2019-01-18__08_39_38,reference,land_detector_state_inversion__2018-12-25__08_44_40__fault,src/modules/mavlink,72.86070963262883,1.0
2019-01-18__08_39_38,reference,land_detector_state_inversion__2018-12-25__08_44_40__fault,src/modules/mc_att_control,0.0,inf
2019-01-18__08_39_38,reference,land_detector_state_inversion__2018-12-25__08_44_40__fault,src/modules/mc_pos_control,0.0,inf
2019-01-18__08_39_38,reference,land_detector_state_inversion__2018-12-25__08_44_40__fault,src/modules/navigator,0.0,inf
2019-01-18__08_39_38,reference,land_detector_state_inversion__2018-12-25__08_44_40__fault,src/modules/position_estimator_inav,0.0,inf
2019-01-18__08_39_38,reference,land_detector_state_inversion__2018-12-25__08_44_40__fault,src/modules/replay,0.0,inf
2019-01-18__08_39_38,reference,land_detector_state_inversion__2018-12-25__08_44_40__fault,src/modules/sdlog2,0.0,inf
2019-01-18__08_39_38,reference,land_detector_state_inversion__2018-12-25__08_44_40__fault,src/modules/sensors,0.15299180024106737,7.0
2019-01-18__08_39_38,reference,land_detector_state_inversion__2018-12-25__08_44_40__fault,src/modules/simulator,0.0,inf
2019-01-18__08_39_38,reference,land_detector_state_inversion__2018-12-25__08_44_40__fault,src/modules/syslink,0.0,inf
2019-01-18__08_39_38,reference,land_detector_state_inversion__2018-12-25__08_44_40__fault,src/modules/uavcan,0.0,inf
2019-01-18__08_39_38,reference,land_detector_state_inversion__2018-12-25__08_44_40__fault,src/modules/vtol_att_control,0.0,inf
2019-01-18__08_39_38,reference,land_detector_state_inversion__2018-12-25__08_44_40__fault,src/modules/wind_estimator,0.0,inf
2019-01-18__08_39_38,reference,land_detector_state_inversion__2018-12-25__08_44_40__fault,src/platforms/posix/drivers/df_bebop_bus_wrapper,0.0,inf
2019-01-18__08_39_38,reference,land_detector_state_inversion__2018-12-25__08_44_40__fault,src/platforms/posix/drivers/df_bebop_rangefinder_wrapper,0.0,inf
2019-01-18__08_39_38,reference,land_detector_state_inversion__2018-12-25__08_44_40__fault,src/platforms/posix/drivers/df_isl29501_wrapper,0.0,inf
2019-01-18__08_39_38,reference,land_detector_state_inversion__2018-12-25__08_44_40__fault,src/platforms/posix/drivers/df_ltc2946_wrapper,0.0,inf
2019-01-18__08_39_38,reference,land_detector_state_inversion__2018-12-25__08_44_40__fault,src/platforms/posix/drivers/df_trone_wrapper,0.0,inf
2019-01-18__08_39_38,reference,land_detector_state_inversion__2018-12-25__08_44_40__fault,src/platforms/qurt/fc_addon/uart_esc,0.0,inf
2019-01-18__08_39_38,reference,land_detector_state_inversion__2018-12-25__08_44_40__fault,src/platforms/qurt/tests/muorb,0.15299180024106737,7.0
2019-01-18__08_39_38,reference,land_detector_state_inversion__2018-12-25__08_44_40__fault,src/templates/module,0.0,inf
2019-01-18__08_39_38,normal,commander_nav_state_override__2018-12-19__07_49_17__baseline,src/drivers/batt_smbus,0.0,inf
2019-01-18__08_39_38,normal,commander_nav_state_override__2018-12-19__07_49_17__baseline,src/drivers/blinkm,0.0,inf
2019-01-18__08_39_38,normal,commander_nav_state_override__2018-12-19__07_49_17__baseline,src/drivers/camera_trigger,0.0,inf
2019-01-18__08_39_38,normal,commander_nav_state_override__2018-12-19__07_49_17__baseline,src/drivers/distance_sensor,0.0,inf
2019-01-18__08_39_38,normal,commander_nav_state_override__2018-12-19__07_49_17__baseline,src/drivers/linux_pwm_out,0.0,inf
2019-01-18__08_39_38,normal,commander_nav_state_override__2018-12-19__07_49_17__baseline,src/drivers/mkblctrl,0.0,inf
2019-01-18__08_39_38,normal,commander_nav_state_override__2018-12-19__07_49_17__baseline,src/drivers/pwm_out_sim,0.0,inf
2019-01-18__08_39_38,normal,commander_nav_state_override__2018-12-19__07_49_17__baseline,src/drivers/px4flow,0.0,inf
2019-01-18__08_39_38,normal,commander_nav_state_override__2018-12-19__07_49_17__baseline,src/drivers/px4fmu,0.0,inf
2019-01-18__08_39_38,normal,commander_nav_state_override__2018-12-19__07_49_17__baseline,src/drivers/px4io,0.0,inf
2019-01-18__08_39_38,normal,commander_nav_state_override__2018-12-19__07_49_17__baseline,src/drivers/snapdragon_pwm_out,0.0,inf
2019-01-18__08_39_38,normal,commander_nav_state_override__2018-12-19__07_49_17__baseline,src/drivers/tap_esc,0.0,inf
2019-01-18__08_39_38,normal,commander_nav_state_override__2018-12-19__07_49_17__baseline,src/drivers/telemetry,0.0,inf
2019-01-18__08_39_38,normal,commander_nav_state_override__2018-12-19__07_49_17__baseline,src/drivers/vmount,0.0,inf
2019-01-18__08_39_38,normal,commander_nav_state_override__2018-12-19__07_49_17__baseline,src/examples/fixedwing_control,0.0,inf
2019-01-18__08_39_38,normal,commander_nav_state_override__2018-12-19__07_49_17__baseline,src/examples/hwtest,0.0,inf
2019-01-18__08_39_38,normal,commander_nav_state_override__2018-12-19__07_49_17__baseline,src/examples/px4_simple_app,10.406329736990088,4.0
2019-01-18__08_39_38,normal,commander_nav_state_override__2018-12-19__07_49_17__baseline,src/examples/rover_steering_control,0.0,inf
2019-01-18__08_39_38,normal,commander_nav_state_override__2018-12-19__07_49_17__baseline,src/examples/uuv_example_app,0.0,inf
2019-01-18__08_39_38,normal,commander_nav_state_override__2018-12-19__07_49_17__baseline,src/modules/attitude_estimator_q,10.406329736990088,4.0
2019-01-18__08_39_38,normal,commander_nav_state_override__2018-12-19__07_49_17__baseline,src/modules/camera_feedback,0.0,inf
2019-01-18__08_39_38,normal,commander_nav_state_override__2018-12-19__07_49_17__baseline,src/modules/commander,0.0,inf
2019-01-18__08_39_38,normal,commander_nav_state_override__2018-12-19__07_49_17__baseline,src/modules/ekf2,10.406329736990088,4.0
2019-01-18__08_39_38,normal,commander_nav_state_override__2018-12-19__07_49_17__baseline,src/modules/events,0.0,inf
2019-01-18__08_39_38,normal,commander_nav_state_override__2018-12-19__07_49_17__baseline,src/modules/fw_att_control,0.0,inf
2019-01-18__08_39_38,normal,commander_nav_state_override__2018-12-19__07_49_17__baseline,src/modules/fw_pos_control_l1,0.0,inf
2019-01-18__08_39_38,normal,commander_nav_state_override__2018-12-19__07_49_17__baseline,src/modules/gnd_att_control,0.0,inf
2019-01-18__08_39_38,normal,commander_nav_state_override__2018-12-19__07_49_17__baseline,src/modules/gnd_pos_control,0.0,inf
2019-01-18__08_39_38,normal,commander_nav_state_override__2018-12-19__07_49_17__baseline,src/modules/gpio_led,0.0,inf
2019-01-18__08_39_38,normal,commander_nav_state_override__2018-12-19__07_49_17__baseline,src/modules/land_detector,0.0,inf
2019-01-18__08_39_38,normal,commander_nav_state_override__2018-12-19__07_49_17__baseline,src/modules/landing_target_estimator,0.0,inf
2019-01-18__08_39_38,normal,commander_nav_state_override__2018-12-19__07_49_17__baseline,src/modules/load_mon,0.0,inf
2019-01-18__08_39_38,normal,commander_nav_state_override__2018-12-19__07_49_17__baseline,src/modules/logger,0.0,inf
2019-01-18__08_39_38,normal,commander_nav_state_override__2018-12-19__07_49_17__baseline,src/modules/mavlink,10.406329736990088,4.0
2019-01-18__08_39_38,normal,commander_nav_state_override__2018-12-19__07_49_17__baseline,src/modules/mc_att_control,0.0,inf
2019-01-18__08_39_38,normal,commander_nav_state_override__2018-12-19__07_49_17__baseline,src/modules/mc_pos_control,0.0,inf
2019-01-18__08_39_38,normal,commander_nav_state_override__2018-12-19__07_49_17__baseline,src/modules/navigator,0.0,inf
2019-01-18__08_39_38,normal,commander_nav_state_override__2018-12-19__07_49_17__baseline,src/modules/position_estimator_inav,0.0,inf
2019-01-18__08_39_38,normal,commander_nav_state_override__2018-12-19__07_49_17__baseline,src/modules/replay,0.0,inf
2019-01-18__08_39_38,normal,commander_nav_state_override__2018-12-19__07_49_17__baseline,src/modules/sdlog2,0.0,inf
2019-01-18__08_39_38,normal,commander_nav_state_override__2018-12-19__07_49_17__baseline,src/modules/sensors,0.20993301097084494,6.0
2019-01-18__08_39_38,normal,commander_nav_state_override__2018-12-19__07_49_17__baseline,src/modules/simulator,0.0,inf
2019-01-18__08_39_38,normal,commander_nav_state_override__2018-12-19__07_49_17__baseline,src/modules/syslink,0.0,inf
2019-01-18__08_39_38,normal,commander_nav_state_override__2018-12-19__07_49_17__baseline,src/modules/uavcan,0.0,inf
2019-01-18__08_39_38,normal,commander_nav_state_override__2018-12-19__07_49_17__baseline,src/modules/vtol_att_control,0.0,inf
2019-01-18__08_39_38,normal,commander_nav_state_override__2018-12-19__07_49_17__baseline,src/modules/wind_estimator,0.0,inf
2019-01-18__08_39_38,normal,commander_nav_state_override__2018-12-19__07_49_17__baseline,src/platforms/posix/drivers/df_bebop_bus_wrapper,0.0,inf
2019-01-18__08_39_38,normal,commander_nav_state_override__2018-12-19__07_49_17__baseline,src/platforms/posix/drivers/df_bebop_rangefinder_wrapper,0.0,inf
2019-01-18__08_39_38,normal,commander_nav_state_override__2018-12-19__07_49_17__baseline,src/platforms/posix/drivers/df_isl29501_wrapper,0.0,inf
2019-01-18__08_39_38,normal,commander_nav_state_override__2018-12-19__07_49_17__baseline,src/platforms/posix/drivers/df_ltc2946_wrapper,0.0,inf
2019-01-18__08_39_38,normal,commander_nav_state_override__2018-12-19__07_49_17__baseline,src/platforms/posix/drivers/df_trone_wrapper,0.0,inf
2019-01-18__08_39_38,normal,commander_nav_state_override__2018-12-19__07_49_17__baseline,src/platforms/qurt/fc_addon/uart_esc,0.0,inf
2019-01-18__08_39_38,normal,commander_nav_state_override__2018-12-19__07_49_17__baseline,src/platforms/qurt/tests/muorb,0.20993301097084494,6.0
2019-01-18__08_39_38,normal,commander_nav_state_override__2018-12-19__07_49_17__baseline,src/templates/module,0.0,inf
2019-01-18__08_39_38,normal,commander_nav_state_override__2018-12-20__07_47_50__baseline,src/drivers/batt_smbus,0.0,inf
2019-01-18__08_39_38,normal,commander_nav_state_override__2018-12-20__07_47_50__baseline,src/drivers/blinkm,0.0,inf
2019-01-18__08_39_38,normal,commander_nav_state_override__2018-12-20__07_47_50__baseline,src/drivers/camera_trigger,0.0,inf
2019-01-18__08_39_38,normal,commander_nav_state_override__2018-12-20__07_47_50__baseline,src/drivers/distance_sensor,0.0,inf
2019-01-18__08_39_38,normal,commander_nav_state_override__2018-12-20__07_47_50__baseline,src/drivers/linux_pwm_out,0.0,inf
2019-01-18__08_39_38,normal,commander_nav_state_override__2018-12-20__07_47_50__baseline,src/drivers/mkblctrl,0.0,inf
2019-01-18__08_39_38,normal,commander_nav_state_override__2018-12-20__07_47_50__baseline,src/drivers/pwm_out_sim,0.0,inf
2019-01-18__08_39_38,normal,commander_nav_state_override__2018-12-20__07_47_50__baseline,src/drivers/px4flow,0.0,inf
2019-01-18__08_39_38,normal,commander_nav_state_override__2018-12-20__07_47_50__baseline,src/drivers/px4fmu,0.0,inf
2019-01-18__08_39_38,normal,commander_nav_state_override__2018-12-20__07_47_50__baseline,src/drivers/px4io,0.0,inf
2019-01-18__08_39_38,normal,commander_nav_state_override__2018-12-20__07_47_50__baseline,src/drivers/snapdragon_pwm_out,0.0,inf
2019-01-18__08_39_38,normal,commander_nav_state_override__2018-12-20__07_47_50__baseline,src/drivers/tap_esc,0.0,inf
2019-01-18__08_39_38,normal,commander_nav_state_override__2018-12-20__07_47_50__baseline,src/drivers/telemetry,0.0,inf
2019-01-18__08_39_38,normal,commander_nav_state_override__2018-12-20__07_47_50__baseline,src/drivers/vmount,0.0,inf
2019-01-18__08_39_38,normal,commander_nav_state_override__2018-12-20__07_47_50__baseline,src/examples/fixedwing_control,0.0,inf
2019-01-18__08_39_38,normal,commander_nav_state_override__2018-12-20__07_47_50__baseline,src/examples/hwtest,0.0,inf
2019-01-18__08_39_38,normal,commander_nav_state_override__2018-12-20__07_47_50__baseline,src/examples/px4_simple_app,3.442972194064747,4.0
2019-01-18__08_39_38,normal,commander_nav_state_override__2018-12-20__07_47_50__baseline,src/examples/rover_steering_control,0.0,inf
2019-01-18__08_39_38,normal,commander_nav_state_override__2018-12-20__07_47_50__baseline,src/examples/uuv_example_app,0.0,inf
2019-01-18__08_39_38,normal,commander_nav_state_override__2018-12-20__07_47_50__baseline,src/modules/attitude_estimator_q,3.442972194064747,4.0
2019-01-18__08_39_38,normal,commander_nav_state_override__2018-12-20__07_47_50__baseline,src/modules/camera_feedback,0.0,inf
2019-01-18__08_39_38,normal,commander_nav_state_override__2018-12-20__07_47_50__baseline,src/modules/commander,0.0,inf
2019-01-18__08_39_38,normal,commander_nav_state_override__2018-12-20__07_47_50__baseline,src/modules/ekf2,3.442972194064747,4.0
2019-01-18__08_39_38,normal,commander_nav_state_override__2018-12-20__07_47_50__baseline,src/modules/events,0.0,inf
2019-01-18__08_39_38,normal,commander_nav_state_override__2018-12-20__07_47_50__baseline,src/modules/fw_att_control,0.0,inf
2019-01-18__08_39_38,normal,commander_nav_state_override__2018-12-20__07_47_50__baseline,src/modules/fw_pos_control_l1,0.0,inf
2019-01-18__08_39_38,normal,commander_nav_state_override__2018-12-20__07_47_50__baseline,src/modules/gnd_att_control,0.0,inf
2019-01-18__08_39_38,normal,commander_nav_state_override__2018-12-20__07_47_50__baseline,src/modules/gnd_pos_control,0.0,inf
2019-01-18__08_39_38,normal,commander_nav_state_override__2018-12-20__07_47_50__baseline,src/modules/gpio_led,0.0,inf
2019-01-18__08_39_38,normal,commander_nav_state_override__2018-12-20__07_47_50__baseline,src/modules/land_detector,0.0,inf
2019-01-18__08_39_38,normal,commander_nav_state_override__2018-12-20__07_47_50__baseline,src/modules/landing_target_estimator,0.0,inf
2019-01-18__08_39_38,normal,commander_nav_state_override__2018-12-20__07_47_50__baseline,src/modules/load_mon,0.0,inf
2019-01-18__08_39_38,normal,commander_nav_state_override__2018-12-20__07_47_50__baseline,src/modules/logger,0.0,inf
2019-01-18__08_39_38,normal,commander_nav_state_override__2018-12-20__07_47_50__baseline,src/modules/mavlink,3.442972194064747,4.0
2019-01-18__08_39_38,normal,commander_nav_state_override__2018-12-20__07_47_50__baseline,src/modules/mc_att_control,0.0,inf
2019-01-18__08_39_38,normal,commander_nav_state_override__2018-12-20__07_47_50__baseline,src/modules/mc_pos_control,0.0,inf
2019-01-18__08_39_38,normal,commander_nav_state_override__2018-12-20__07_47_50__baseline,src/modules/navigator,0.0,inf
2019-01-18__08_39_38,normal,commander_nav_state_override__2018-12-20__07_47_50__baseline,src/modules/position_estimator_inav,0.0,inf
2019-01-18__08_39_38,normal,commander_nav_state_override__2018-12-20__07_47_50__baseline,src/modules/replay,0.0,inf
2019-01-18__08_39_38,normal,commander_nav_state_override__2018-12-20__07_47_50__baseline,src/modules/sdlog2,0.0,inf
2019-01-18__08_39_38,normal,commander_nav_state_override__2018-12-20__07_47_50__baseline,src/modules/sensors,0.0,inf
2019-01-18__08_39_38,normal,commander_nav_state_override__2018-12-20__07_47_50__baseline,src/modules/simulator,0.0,inf
2019-01-18__08_39_38,normal,commander_nav_state_override__2018-12-20__07_47_50__baseline,src/modules/syslink,0.0,inf
2019-01-18__08_39_38,normal,commander_nav_state_override__2018-12-20__07_47_50__baseline,src/modules/uavcan,0.0,inf
2019-01-18__08_39_38,normal,commander_nav_state_override__2018-12-20__07_47_50__baseline,src/modules/vtol_att_control,0.0,inf
2019-01-18__08_39_38,normal,commander_nav_state_override__2018-12-20__07_47_50__baseline,src/modules/wind_estimator,0.0,inf
2019-01-18__08_39_38,normal,commander_nav_state_override__2018-12-20__07_47_50__baseline,src/platforms/posix/drivers/df_bebop_bus_wrapper,0.0,inf
2019-01-18__08_39_38,normal,commander_nav_state_override__2018-12-20__07_47_50__baseline,src/platforms/posix/drivers/df_bebop_rangefinder_wrapper,0.0,inf
2019-01-18__08_39_38,normal,commander_nav_state_override__2018-12-20__07_47_50__baseline,src/platforms/posix/drivers/df_isl29501_wrapper,0.0,inf
2019-01-18__08_39_38,normal,commander_nav_state_override__2018-12-20__07_47_50__baseline,src/platforms/posix/drivers/df_ltc2946_wrapper,0.0,inf
2019-01-18__08_39_38,normal,commander_nav_state_override__2018-12-20__07_47_50__baseline,src/platforms/posix/drivers/df_trone_wrapper,0.0,inf
2019-01-18__08_39_38,normal,commander_nav_state_override__2018-12-20__07_47_50__baseline,src/platforms/qurt/fc_addon/uart_esc,0.0,inf
2019-01-18__08_39_38,normal,commander_nav_state_override__2018-12-20__07_47_50__baseline,src/platforms/qurt/tests/muorb,0.0,inf
2019-01-18__08_39_38,normal,commander_nav_state_override__2018-12-20__07_47_50__baseline,src/templates/module,0.0,inf
2019-01-18__08_39_38,normal,commander_nav_state_override__2018-12-25__08_44_40__baseline,src/drivers/batt_smbus,0.0,inf
2019-01-18__08_39_38,normal,commander_nav_state_override__2018-12-25__08_44_40__baseline,src/drivers/blinkm,0.0,inf
2019-01-18__08_39_38,normal,commander_nav_state_override__2018-12-25__08_44_40__baseline,src/drivers/camera_trigger,0.0,inf
2019-01-18__08_39_38,normal,commander_nav_state_override__2018-12-25__08_44_40__baseline,src/drivers/distance_sensor,0.0,inf
2019-01-18__08_39_38,normal,commander_nav_state_override__2018-12-25__08_44_40__baseline,src/drivers/linux_pwm_out,0.0,inf
2019-01-18__08_39_38,normal,commander_nav_state_override__2018-12-25__08_44_40__baseline,src/drivers/mkblctrl,0.0,inf
2019-01-18__08_39_38,normal,commander_nav_state_override__2018-12-25__08_44_40__baseline,src/drivers/pwm_out_sim,0.0,inf
2019-01-18__08_39_38,normal,commander_nav_state_override__2018-12-25__08_44_40__baseline,src/drivers/px4flow,0.0,inf
2019-01-18__08_39_38,normal,commander_nav_state_override__2018-12-25__08_44_40__baseline,src/drivers/px4fmu,0.0,inf
2019-01-18__08_39_38,normal,commander_nav_state_override__2018-12-25__08_44_40__baseline,src/drivers/px4io,0.0,inf
2019-01-18__08_39_38,normal,commander_nav_state_override__2018-12-25__08_44_40__baseline,src/drivers/snapdragon_pwm_out,0.0,inf
2019-01-18__08_39_38,normal,commander_nav_state_override__2018-12-25__08_44_40__baseline,src/drivers/tap_esc,0.0,inf
2019-01-18__08_39_38,normal,commander_nav_state_override__2018-12-25__08_44_40__baseline,src/drivers/telemetry,0.0,inf
2019-01-18__08_39_38,normal,commander_nav_state_override__2018-12-25__08_44_40__baseline,src/drivers/vmount,0.0,inf
2019-01-18__08_39_38,normal,commander_nav_state_override__2018-12-25__08_44_40__baseline,src/examples/fixedwing_control,0.0,inf
2019-01-18__08_39_38,normal,commander_nav_state_override__2018-12-25__08_44_40__baseline,src/examples/hwtest,0.0,inf
2019-01-18__08_39_38,normal,commander_nav_state_override__2018-12-25__08_44_40__baseline,src/examples/px4_simple_app,6.206028099570956,4.0
2019-01-18__08_39_38,normal,commander_nav_state_override__2018-12-25__08_44_40__baseline,src/examples/rover_steering_control,0.0,inf
2019-01-18__08_39_38,normal,commander_nav_state_override__2018-12-25__08_44_40__baseline,src/examples/uuv_example_app,0.0,inf
2019-01-18__08_39_38,normal,commander_nav_state_override__2018-12-25__08_44_40__baseline,src/modules/attitude_estimator_q,6.206028099570956,4.0
2019-01-18__08_39_38,normal,commander_nav_state_override__2018-12-25__08_44_40__baseline,src/modules/camera_feedback,0.0,inf
2019-01-18__08_39_38,normal,commander_nav_state_override__2018-12-25__08_44_40__baseline,src/modules/commander,0.0,inf
2019-01-18__08_39_38,normal,commander_nav_state_override__2018-12-25__08_44_40__baseline,src/modules/ekf2,6.206028099570956,4.0
2019-01-18__08_39_38,normal,commander_nav_state_override__2018-12-25__08_44_40__baseline,src/modules/events,0.0,inf
2019-01-18__08_39_38,normal,commander_nav_state_override__2018-12-25__08_44_40__baseline,src/modules/fw_att_control,0.0,inf
2019-01-18__08_39_38,normal,commander_nav_state_override__2018-12-25__08_44_40__baseline,src/modules/fw_pos_control_l1,0.0,inf
2019-01-18__08_39_38,normal,commander_nav_state_override__2018-12-25__08_44_40__baseline,src/modules/gnd_att_control,0.0,inf
2019-01-18__08_39_38,normal,commander_nav_state_override__2018-12-25__08_44_40__baseline,src/modules/gnd_pos_control,0.0,inf
2019-01-18__08_39_38,normal,commander_nav_state_override__2018-12-25__08_44_40__baseline,src/modules/gpio_led,0.0,inf
2019-01-18__08_39_38,normal,commander_nav_state_override__2018-12-25__08_44_40__baseline,src/modules/land_detector,0.0,inf
2019-01-18__08_39_38,normal,commander_nav_state_override__2018-12-25__08_44_40__baseline,src/modules/landing_target_estimator,0.0,inf
2019-01-18__08_39_38,normal,commander_nav_state_override__2018-12-25__08_44_40__baseline,src/modules/load_mon,0.0,inf
2019-01-18__08_39_38,normal,commander_nav_state_override__2018-12-25__08_44_40__baseline,src/modules/logger,0.0,inf
2019-01-18__08_39_38,normal,commander_nav_state_override__2018-12-25__08_44_40__baseline,src/modules/mavlink,6.206028099570956,4.0
2019-01-18__08_39_38,normal,commander_nav_state_override__2018-12-25__08_44_40__baseline,src/modules/mc_att_control,0.0,inf
2019-01-18__08_39_38,normal,commander_nav_state_override__2018-12-25__08_44_40__baseline,src/modules/mc_pos_control,0.0,inf
2019-01-18__08_39_38,normal,commander_nav_state_override__2018-12-25__08_44_40__baseline,src/modules/navigator,0.0,inf
2019-01-18__08_39_38,normal,commander_nav_state_override__2018-12-25__08_44_40__baseline,src/modules/position_estimator_inav,0.0,inf
2019-01-18__08_39_38,normal,commander_nav_state_override__2018-12-25__08_44_40__baseline,src/modules/replay,0.0,inf
2019-01-18__08_39_38,normal,commander_nav_state_override__2018-12-25__08_44_40__baseline,src/modules/sdlog2,0.0,inf
2019-01-18__08_39_38,normal,commander_nav_state_override__2018-12-25__08_44_40__baseline,src/modules/sensors,0.0,inf
2019-01-18__08_39_38,normal,commander_nav_state_override__2018-12-25__08_44_40__baseline,src/modules/simulator,0.0,inf
2019-01-18__08_39_38,normal,commander_nav_state_override__2018-12-25__08_44_40__baseline,src/modules/syslink,0.0,inf
2019-01-18__08_39_38,normal,commander_nav_state_override__2018-12-25__08_44_40__baseline,src/modules/uavcan,0.0,inf
2019-01-18__08_39_38,normal,commander_nav_state_override__2018-12-25__08_44_40__baseline,src/modules/vtol_att_control,0.0,inf
2019-01-18__08_39_38,normal,commander_nav_state_override__2018-12-25__08_44_40__baseline,src/modules/wind_estimator,0.0,inf
2019-01-18__08_39_38,normal,commander_nav_state_override__2018-12-25__08_44_40__baseline,src/platforms/posix/drivers/df_bebop_bus_wrapper,0.0,inf
2019-01-18__08_39_38,normal,commander_nav_state_override__2018-12-25__08_44_40__baseline,src/platforms/posix/drivers/df_bebop_rangefinder_wrapper,0.0,inf
2019-01-18__08_39_38,normal,commander_nav_state_override__2018-12-25__08_44_40__baseline,src/platforms/posix/drivers/df_isl29501_wrapper,0.0,inf
2019-01-18__08_39_38,normal,commander_nav_state_override__2018-12-25__08_44_40__baseline,src/platforms/posix/drivers/df_ltc2946_wrapper,0.0,inf
2019-01-18__08_39_38,normal,commander_nav_state_override__2018-12-25__08_44_40__baseline,src/platforms/posix/drivers/df_trone_wrapper,0.0,inf
2019-01-18__08_39_38,normal,commander_nav_state_override__2018-12-25__08_44_40__baseline,src/platforms/qurt/fc_addon/uart_esc,0.0,inf
2019-01-18__08_39_38,normal,commander_nav_state_override__2018-12-25__08_44_40__baseline,src/platforms/qurt/tests/muorb,0.0,inf
2019-01-18__08_39_38,normal,commander_nav_state_override__2018-12-25__08_44_40__baseline,src/templates/module,0.0,inf
2019-01-18__08_39_38,normal,ekf2_innovation_bias__2018-12-19__07_49_17__baseline,src/drivers/batt_smbus,0.0,inf
2019-01-18__08_39_38,normal,ekf2_innovation_bias__2018-12-19__07_49_17__baseline,src/drivers/blinkm,0.0,inf
2019-01-18__08_39_38,normal,ekf2_innovation_bias__2018-12-19__07_49_17__baseline,src/drivers/camera_trigger,0.0,inf
2019-01-18__08_39_38,normal,ekf2_innovation_bias__2018-12-19__07_49_17__baseline,src/drivers/distance_sensor,0.0,inf
2019-01-18__08_39_38,normal,ekf2_innovation_bias__2018-12-19__07_49_17__baseline,src/drivers/linux_pwm_out,0.0029885819617738118,15.0
2019-01-18__08_39_38,normal,ekf2_innovation_bias__2018-12-19__07_49_17__baseline,src/drivers/mkblctrl,0.0029885819617738118,15.0
2019-01-18__08_39_38,normal,ekf2_innovation_bias__2018-12-19__07_49_17__baseline,src/drivers/pwm_out_sim,0.0029885819617738118,15.0
2019-01-18__08_39_38,normal,ekf2_innovation_bias__2018-12-19__07_49_17__baseline,src/drivers/px4flow,0.0,inf
2019-01-18__08_39_38,normal,ekf2_innovation_bias__2018-12-19__07_49_17__baseline,src/drivers/px4fmu,0.0029885819617738118,15.0
2019-01-18__08_39_38,normal,ekf2_innovation_bias__2018-12-19__07_49_17__baseline,src/drivers/px4io,0.0029885819617738118,15.0
2019-01-18__08_39_38,normal,ekf2_innovation_bias__2018-12-19__07_49_17__baseline,src/drivers/snapdragon_pwm_out,0.0029885819617738118,15.0
2019-01-18__08_39_38,normal,ekf2_innovation_bias__2018-12-19__07_49_17__baseline,src/drivers/tap_esc,0.0029885819617738118,15.0
2019-01-18__08_39_38,normal,ekf2_innovation_bias__2018-12-19__07_49_17__baseline,src/drivers/telemetry,0.0,inf
2019-01-18__08_39_38,normal,ekf2_innovation_bias__2018-12-19__07_49_17__baseline,src/drivers/vmount,0.0,inf
2019-01-18__08_39_38,normal,ekf2_innovation_bias__2018-12-19__07_49_17__baseline,src/examples/fixedwing_control,0.0,inf
2019-01-18__08_39_38,normal,ekf2_innovation_bias__2018-12-19__07_49_17__baseline,src/examples/hwtest,0.0,inf
2019-01-18__08_39_38,normal,ekf2_innovation_bias__2018-12-19__07_49_17__baseline,src/examples/px4_simple_app,10.076303810594563,4.0
2019-01-18__08_39_38,normal,ekf2_innovation_bias__2018-12-19__07_49_17__baseline,src/examples/rover_steering_control,0.0,inf
2019-01-18__08_39_38,normal,ekf2_innovation_bias__2018-12-19__07_49_17__baseline,src/examples/uuv_example_app,0.0,inf
2019-01-18__08_39_38,normal,ekf2_innovation_bias__2018-12-19__07_49_17__baseline,src/modules/attitude_estimator_q,10.076303810594563,4.0
2019-01-18__08_39_38,normal,ekf2_innovation_bias__2018-12-19__07_49_17__baseline,src/modules/camera_feedback,0.0,inf
2019-01-18__08_39_38,normal,ekf2_innovation_bias__2018-12-19__07_49_17__baseline,src/modules/commander,0.0,inf
2019-01-18__08_39_38,normal,ekf2_innovation_bias__2018-12-19__07_49_17__baseline,src/modules/ekf2,411.7107521128305,1.0
2019-01-18__08_39_38,normal,ekf2_innovation_bias__2018-12-19__07_49_17__baseline,src/modules/events,0.0,inf
2019-01-18__08_39_38,normal,ekf2_innovation_bias__2018-12-19__07_49_17__baseline,src/modules/fw_att_control,0.0,inf
2019-01-18__08_39_38,normal,ekf2_innovation_bias__2018-12-19__07_49_17__baseline,src/modules/fw_pos_control_l1,0.0,inf
2019-01-18__08_39_38,normal,ekf2_innovation_bias__2018-12-19__07_49_17__baseline,src/modules/gnd_att_control,0.0,inf
2019-01-18__08_39_38,normal,ekf2_innovation_bias__2018-12-19__07_49_17__baseline,src/modules/gnd_pos_control,0.0,inf
2019-01-18__08_39_38,normal,ekf2_innovation_bias__2018-12-19__07_49_17__baseline,src/modules/gpio_led,0.0,inf
2019-01-18__08_39_38,normal,ekf2_innovation_bias__2018-12-19__07_49_17__baseline,src/modules/land_detector,0.0,inf
2019-01-18__08_39_38,normal,ekf2_innovation_bias__2018-12-19__07_49_17__baseline,src/modules/landing_target_estimator,0.0,inf
2019-01-18__08_39_38,normal,ekf2_innovation_bias__2018-12-19__07_49_17__baseline,src/modules/load_mon,0.0,inf
2019-01-18__08_39_38,normal,ekf2_innovation_bias__2018-12-19__07_49_17__baseline,src/modules/logger,0.0,inf
2019-01-18__08_39_38,normal,ekf2_innovation_bias__2018-12-19__07_49_17__baseline,src/modules/mavlink,16.061003556118365,2.0
2019-01-18__08_39_38,normal,ekf2_innovation_bias__2018-12-19__07_49_17__baseline,src/modules/mc_att_control,0.0,inf
2019-01-18__08_39_38,normal,ekf2_innovation_bias__2018-12-19__07_49_17__baseline,src/modules/mc_pos_control,0.0,inf
2019-01-18__08_39_38,normal,ekf2_innovation_bias__2018-12-19__07_49_17__baseline,src/modules/navigator,0.0,inf
2019-01-18__08_39_38,normal,ekf2_innovation_bias__2018-12-19__07_49_17__baseline,src/modules/position_estimator_inav,5.984699745523803,5.0
2019-01-18__08_39_38,normal,ekf2_innovation_bias__2018-12-19__07_49_17__baseline,src/modules/replay,0.0,inf
2019-01-18__08_39_38,normal,ekf2_innovation_bias__2018-12-19__07_49_17__baseline,src/modules/sdlog2,0.0,inf
2019-01-18__08_39_38,normal,ekf2_innovation_bias__2018-12-19__07_49_17__baseline,src/modules/sensors,0.0,inf
2019-01-18__08_39_38,normal,ekf2_innovation_bias__2018-12-19__07_49_17__baseline,src/modules/simulator,0.0,inf
2019-01-18__08_39_38,normal,ekf2_innovation_bias__2018-12-19__07_49_17__baseline,src/modules/syslink,0.0,inf
2019-01-18__08_39_38,normal,ekf2_innovation_bias__2018-12-19__07_49_17__baseline,src/modules/uavcan,0.0029885819617738118,15.0
2019-01-18__08_39_38,normal,ekf2_innovation_bias__2018-12-19__07_49_17__baseline,src/modules/vtol_att_control,0.0,inf
2019-01-18__08_39_38,normal,ekf2_innovation_bias__2018-12-19__07_49_17__baseline,src/modules/wind_estimator,0.0,inf
2019-01-18__08_39_38,normal,ekf2_innovation_bias__2018-12-19__07_49_17__baseline,src/platforms/posix/drivers/df_bebop_bus_wrapper,0.0029885819617738118,15.0
2019-01-18__08_39_38,normal,ekf2_innovation_bias__2018-12-19__07_49_17__baseline,src/platforms/posix/drivers/df_bebop_rangefinder_wrapper,0.0,inf
2019-01-18__08_39_38,normal,ekf2_innovation_bias__2018-12-19__07_49_17__baseline,src/platforms/posix/drivers/df_isl29501_wrapper,0.0,inf
2019-01-18__08_39_38,normal,ekf2_innovation_bias__2018-12-19__07_49_17__baseline,src/platforms/posix/drivers/df_ltc2946_wrapper,0.0,inf
2019-01-18__08_39_38,normal,ekf2_innovation_bias__2018-12-19__07_49_17__baseline,src/platforms/posix/drivers/df_trone_wrapper,0.0,inf
2019-01-18__08_39_38,normal,ekf2_innovation_bias__2018-12-19__07_49_17__baseline,src/platforms/qurt/fc_addon/uart_esc,0.0029885819617738118,15.0
2019-01-18__08_39_38,normal,ekf2_innovation_bias__2018-12-19__07_49_17__baseline,src/platforms/qurt/tests/muorb,0.0,inf
2019-01-18__08_39_38,normal,ekf2_innovation_bias__2018-12-19__07_49_17__baseline,src/templates/module,0.0,inf
2019-01-18__08_39_38,normal,ekf2_innovation_bias__2018-12-20__07_47_50__baseline,src/drivers/batt_smbus,0.0,inf
2019-01-18__08_39_38,normal,ekf2_innovation_bias__2018-12-20__07_47_50__baseline,src/drivers/blinkm,0.0,inf
2019-01-18__08_39_38,normal,ekf2_innovation_bias__2018-12-20__07_47_50__baseline,src/drivers/camera_trigger,0.0,inf
2019-01-18__08_39_38,normal,ekf2_innovation_bias__2018-12-20__07_47_50__baseline,src/drivers/distance_sensor,0.0,inf
2019-01-18__08_39_38,normal,ekf2_innovation_bias__2018-12-20__07_47_50__baseline,src/drivers/linux_pwm_out,0.0,inf
2019-01-18__08_39_38,normal,ekf2_innovation_bias__2018-12-20__07_47_50__baseline,src/drivers/mkblctrl,0.0,inf
2019-01-18__08_39_38,normal,ekf2_innovation_bias__2018-12-20__07_47_50__baseline,src/drivers/pwm_out_sim,0.0,inf
2019-01-18__08_39_38,normal,ekf2_innovation_bias__2018-12-20__07_47_50__baseline,src/drivers/px4flow,0.0,inf
2019-01-18__08_39_38,normal,ekf2_innovation_bias__2018-12-20__07_47_50__baseline,src/drivers/px4fmu,0.0,inf
2019-01-18__08_39_38,normal,ekf2_innovation_bias__2018-12-20__07_47_50__baseline,src/drivers/px4io,0.0,inf
2019-01-18__08_39_38,normal,ekf2_innovation_bias__2018-12-20__07_47_50__baseline,src/drivers/snapdragon_pwm_out,0.0,inf
2019-01-18__08_39_38,normal,ekf2_innovation_bias__2018-12-20__07_47_50__baseline,src/drivers/tap_esc,0.0,inf
2019-01-18__08_39_38,normal,ekf2_innovation_bias__2018-12-20__07_47_50__baseline,src/drivers/telemetry,0.0,inf
2019-01-18__08_39_38,normal,ekf2_innovation_bias__2018-12-20__07_47_50__baseline,src/drivers/vmount,0.0,inf
2019-01-18__08_39_38,normal,ekf2_innovation_bias__2018-12-20__07_47_50__baseline,src/examples/fixedwing_control,0.0,inf
2019-01-18__08_39_38,normal,ekf2_innovation_bias__2018-12-20__07_47_50__baseline,src/examples/hwtest,0.0,inf
2019-01-18__08_39_38,normal,ekf2_innovation_bias__2018-12-20__07_47_50__baseline,src/examples/px4_simple_app,9.862357357476096,5.0
2019-01-18__08_39_38,normal,ekf2_innovation_bias__2018-12-20__07_47_50__baseline,src/examples/rover_steering_control,0.0,inf
2019-01-18__08_39_38,normal,ekf2_innovation_bias__2018-12-20__07_47_50__baseline,src/examples/uuv_example_app,0.0,inf
2019-01-18__08_39_38,normal,ekf2_innovation_bias__2018-12-20__07_47_50__baseline,src/modules/attitude_estimator_q,9.862357357476096,5.0
2019-01-18__08_39_38,normal,ekf2_innovation_bias__2018-12-20__07_47_50__baseline,src/modules/camera_feedback,0.0,inf
2019-01-18__08_39_38,normal,ekf2_innovation_bias__2018-12-20__07_47_50__baseline,src/modules/commander,0.0,inf
2019-01-18__08_39_38,normal,ekf2_innovation_bias__2018-12-20__07_47_50__baseline,src/modules/ekf2,365.3348649860135,1.0
2019-01-18__08_39_38,normal,ekf2_innovation_bias__2018-12-20__07_47_50__baseline,src/modules/events,0.0,inf
2019-01-18__08_39_38,normal,ekf2_innovation_bias__2018-12-20__07_47_50__baseline,src/modules/fw_att_control,0.0,inf
2019-01-18__08_39_38,normal,ekf2_innovation_bias__2018-12-20__07_47_50__baseline,src/modules/fw_pos_control_l1,0.0,inf
2019-01-18__08_39_38,normal,ekf2_innovation_bias__2018-12-20__07_47_50__baseline,src/modules/gnd_att_control,0.0,inf
2019-01-18__08_39_38,normal,ekf2_innovation_bias__2018-12-20__07_47_50__baseline,src/modules/gnd_pos_control,0.0,inf
2019-01-18__08_39_38,normal,ekf2_innovation_bias__2018-12-20__07_47_50__baseline,src/modules/gpio_led,0.0,inf
2019-01-18__08_39_38,normal,ekf2_innovation_bias__2018-12-20__07_47_50__baseline,src/modules/land_detector,0.0,inf
2019-01-18__08_39_38,normal,ekf2_innovation_bias__2018-12-20__07_47_50__baseline,src/modules/landing_target_estimator,0.0,inf
2019-01-18__08_39_38,normal,ekf2_innovation_bias__2018-12-20__07_47_50__baseline,src/modules/load_mon,0.0,inf
2019-01-18__08_39_38,normal,ekf2_innovation_bias__2018-12-20__07_47_50__baseline,src/modules/logger,0.0,inf
2019-01-18__08_39_38,normal,ekf2_innovation_bias__2018-12-20__07_47_50__baseline,src/modules/mavlink,26.370363625813358,2.0
2019-01-18__08_39_38,normal,ekf2_innovation_bias__2018-12-20__07_47_50__baseline,src/modules/mc_att_control,0.0,inf
2019-01-18__08_39_38,normal,ekf2_innovation_bias__2018-12-20__07_47_50__baseline,src/modules/mc_pos_control,0.0,inf
2019-01-18__08_39_38,normal,ekf2_innovation_bias__2018-12-20__07_47_50__baseline,src/modules/navigator,0.0,inf
2019-01-18__08_39_38,normal,ekf2_innovation_bias__2018-12-20__07_47_50__baseline,src/modules/position_estimator_inav,16.50800626833726,3.0
2019-01-18__08_39_38,normal,ekf2_innovation_bias__2018-12-20__07_47_50__baseline,src/modules/replay,0.0,inf
2019-01-18__08_39_38,normal,ekf2_innovation_bias__2018-12-20__07_47_50__baseline,src/modules/sdlog2,0.0,inf
2019-01-18__08_39_38,normal,ekf2_innovation_bias__2018-12-20__07_47_50__baseline,src/modules/sensors,0.15076955739599074,7.0
2019-01-18__08_39_38,normal,ekf2_innovation_bias__2018-12-20__07_47_50__baseline,src/modules/simulator,0.0,inf
2019-01-18__08_39_38,normal,ekf2_innovation_bias__2018-12-20__07_47_50__baseline,src/modules/syslink,0.0,inf
2019-01-18__08_39_38,normal,ekf2_innovation_bias__2018-12-20__07_47_50__baseline,src/modules/uavcan,0.0,inf
2019-01-18__08_39_38,normal,ekf2_innovation_bias__2018-12-20__07_47_50__baseline,src/modules/vtol_att_control,0.0,inf
2019-01-18__08_39_38,normal,ekf2_innovation_bias__2018-12-20__07_47_50__baseline,src/modules/wind_estimator,0.0,inf
2019-01-18__08_39_38,normal,ekf2_innovation_bias__2018-12-20__07_47_50__baseline,src/platforms/posix/drivers/df_bebop_bus_wrapper,0.0,inf
2019-01-18__08_39_38,normal,ekf2_innovation_bias__2018-12-20__07_47_50__baseline,src/platforms/posix/drivers/df_bebop_rangefinder_wrapper,0.0,inf
2019-01-18__08_39_38,normal,ekf2_innovation_bias__2018-12-20__07_47_50__baseline,src/platforms/posix/drivers/df_isl29501_wrapper,0.0,inf
2019-01-18__08_39_38,normal,ekf2_innovation_bias__2018-12-20__07_47_50__baseline,src/platforms/posix/drivers/df_ltc2946_wrapper,0.0,inf
2019-01-18__08_39_38,normal,ekf2_innovation_bias__2018-12-20__07_47_50__baseline,src/platforms/posix/drivers/df_trone_wrapper,0.0,inf
2019-01-18__08_39_38,normal,ekf2_innovation_bias__2018-12-20__07_47_50__baseline,src/platforms/qurt/fc_addon/uart_esc,0.0,inf
2019-01-18__08_39_38,normal,ekf2_innovation_bias__2018-12-20__07_47_50__baseline,src/platforms/qurt/tests/muorb,0.15076955739599074,7.0
2019-01-18__08_39_38,normal,ekf2_innovation_bias__2018-12-20__07_47_50__baseline,src/templates/module,0.0,inf
2019-01-18__08_39_38,normal,ekf2_innovation_bias__2018-12-25__08_44_40__baseline,src/drivers/batt_smbus,0.0,inf
2019-01-18__08_39_38,normal,ekf2_innovation_bias__2018-12-25__08_44_40__baseline,src/drivers/blinkm,0.0,inf
2019-01-18__08_39_38,normal,ekf2_innovation_bias__2018-12-25__08_44_40__baseline,src/drivers/camera_trigger,0.0,inf
2019-01-18__08_39_38,normal,ekf2_innovation_bias__2018-12-25__08_44_40__baseline,src/drivers/distance_sensor,0.0,inf
2019-01-18__08_39_38,normal,ekf2_innovation_bias__2018-12-25__08_44_40__baseline,src/drivers/linux_pwm_out,0.0,inf
2019-01-18__08_39_38,normal,ekf2_innovation_bias__2018-12-25__08_44_40__baseline,src/drivers/mkblctrl,0.0,inf
2019-01-18__08_39_38,normal,ekf2_innovation_bias__2018-12-25__08_44_40__baseline,src/drivers/pwm_out_sim,0.0,inf
2019-01-18__08_39_38,normal,ekf2_innovation_bias__2018-12-25__08_44_40__baseline,src/drivers/px4flow,0.0,inf
2019-01-18__08_39_38,normal,ekf2_innovation_bias__2018-12-25__08_44_40__baseline,src/drivers/px4fmu,0.0,inf
2019-01-18__08_39_38,normal,ekf2_innovation_bias__2018-12-25__08_44_40__baseline,src/drivers/px4io,0.0,inf
2019-01-18__08_39_38,normal,ekf2_innovation_bias__2018-12-25__08_44_40__baseline,src/drivers/snapdragon_pwm_out,0.0,inf
2019-01-18__08_39_38,normal,ekf2_innovation_bias__2018-12-25__08_44_40__baseline,src/drivers/tap_esc,0.0,inf
2019-01-18__08_39_38,normal,ekf2_innovation_bias__2018-12-25__08_44_40__baseline,src/drivers/telemetry,0.0,inf
2019-01-18__08_39_38,normal,ekf2_innovation_bias__2018-12-25__08_44_40__baseline,src/drivers/vmount,0.0,inf
2019-01-18__08_39_38,normal,ekf2_innovation_bias__2018-12-25__08_44_40__baseline,src/examples/fixedwing_control,0.0,inf
2019-01-18__08_39_38,normal,ekf2_innovation_bias__2018-12-25__08_44_40__baseline,src/examples/hwtest,0.0,inf
2019-01-18__08_39_38,normal,ekf2_innovation_bias__2018-12-25__08_44_40__baseline,src/examples/px4_simple_app,1.2554794279011814,5.0
2019-01-18__08_39_38,normal,ekf2_innovation_bias__2018-12-25__08_44_40__baseline,src/examples/rover_steering_control,0.0,inf
2019-01-18__08_39_38,normal,ekf2_innovation_bias__2018-12-25__08_44_40__baseline,src/examples/uuv_example_app,0.0,inf
2019-01-18__08_39_38,normal,ekf2_innovation_bias__2018-12-25__08_44_40__baseline,src/modules/attitude_estimator_q,1.2554794279011814,5.0
2019-01-18__08_39_38,normal,ekf2_innovation_bias__2018-12-25__08_44_40__baseline,src/modules/camera_feedback,0.0,inf
2019-01-18__08_39_38,normal,ekf2_innovation_bias__2018-12-25__08_44_40__baseline,src/modules/commander,0.0,inf
2019-01-18__08_39_38,normal,ekf2_innovation_bias__2018-12-25__08_44_40__baseline,src/modules/ekf2,1.2554794279011814,5.0
2019-01-18__08_39_38,normal,ekf2_innovation_bias__2018-12-25__08_44_40__baseline,src/modules/events,0.0,inf
2019-01-18__08_39_38,normal,ekf2_innovation_bias__2018-12-25__08_44_40__baseline,src/modules/fw_att_control,0.0,inf
2019-01-18__08_39_38,normal,ekf2_innovation_bias__2018-12-25__08_44_40__baseline,src/modules/fw_pos_control_l1,0.0,inf
2019-01-18__08_39_38,normal,ekf2_innovation_bias__2018-12-25__08_44_40__baseline,src/modules/gnd_att_control,0.0,inf
2019-01-18__08_39_38,normal,ekf2_innovation_bias__2018-12-25__08_44_40__baseline,src/modules/gnd_pos_control,0.0,inf
2019-01-18__08_39_38,normal,ekf2_innovation_bias__2018-12-25__08_44_40__baseline,src/modules/gpio_led,0.0,inf
2019-01-18__08_39_38,normal,ekf2_innovation_bias__2018-12-25__08_44_40__baseline,src/modules/land_detector,0.0,inf
2019-01-18__08_39_38,normal,ekf2_innovation_bias__2018-12-25__08_44_40__baseline,src/modules/landing_target_estimator,0.0,inf
2019-01-18__08_39_38,normal,ekf2_innovation_bias__2018-12-25__08_44_40__baseline,src/modules/load_mon,0.0,inf
2019-01-18__08_39_38,normal,ekf2_innovation_bias__2018-12-25__08_44_40__baseline,src/modules/logger,0.0,inf
2019-01-18__08_39_38,normal,ekf2_innovation_bias__2018-12-25__08_44_40__baseline,src/modules/mavlink,14.290238866074517,1.0
2019-01-18__08_39_38,normal,ekf2_innovation_bias__2018-12-25__08_44_40__baseline,src/modules/mc_att_control,0.0,inf
2019-01-18__08_39_38,normal,ekf2_innovation_bias__2018-12-25__08_44_40__baseline,src/modules/mc_pos_control,0.0,inf
2019-01-18__08_39_38,normal,ekf2_innovation_bias__2018-12-25__08_44_40__baseline,src/modules/navigator,0.0,inf
2019-01-18__08_39_38,normal,ekf2_innovation_bias__2018-12-25__08_44_40__baseline,src/modules/position_estimator_inav,13.034759438173337,2.0
2019-01-18__08_39_38,normal,ekf2_innovation_bias__2018-12-25__08_44_40__baseline,src/modules/replay,0.0,inf
2019-01-18__08_39_38,normal,ekf2_innovation_bias__2018-12-25__08_44_40__baseline,src/modules/sdlog2,0.0,inf
2019-01-18__08_39_38,normal,ekf2_innovation_bias__2018-12-25__08_44_40__baseline,src/modules/sensors,0.23239872672341086,7.0
2019-01-18__08_39_38,normal,ekf2_innovation_bias__2018-12-25__08_44_40__baseline,src/modules/simulator,0.0,inf
2019-01-18__08_39_38,normal,ekf2_innovation_bias__2018-12-25__08_44_40__baseline,src/modules/syslink,0.0,inf
2019-01-18__08_39_38,normal,ekf2_innovation_bias__2018-12-25__08_44_40__baseline,src/modules/uavcan,0.0,inf
2019-01-18__08_39_38,normal,ekf2_innovation_bias__2018-12-25__08_44_40__baseline,src/modules/vtol_att_control,0.0,inf
2019-01-18__08_39_38,normal,ekf2_innovation_bias__2018-12-25__08_44_40__baseline,src/modules/wind_estimator,0.0,inf
2019-01-18__08_39_38,normal,ekf2_innovation_bias__2018-12-25__08_44_40__baseline,src/platforms/posix/drivers/df_bebop_bus_wrapper,0.0,inf
2019-01-18__08_39_38,normal,ekf2_innovation_bias__2018-12-25__08_44_40__baseline,src/platforms/posix/drivers/df_bebop_rangefinder_wrapper,0.0,inf
2019-01-18__08_39_38,normal,ekf2_innovation_bias__2018-12-25__08_44_40__baseline,src/platforms/posix/drivers/df_isl29501_wrapper,0.0,inf
2019-01-18__08_39_38,normal,ekf2_innovation_bias__2018-12-25__08_44_40__baseline,src/platforms/posix/drivers/df_ltc2946_wrapper,0.0,inf
2019-01-18__08_39_38,normal,ekf2_innovation_bias__2018-12-25__08_44_40__baseline,src/platforms/posix/drivers/df_trone_wrapper,0.0,inf
2019-01-18__08_39_38,normal,ekf2_innovation_bias__2018-12-25__08_44_40__baseline,src/platforms/qurt/fc_addon/uart_esc,0.0,inf
2019-01-18__08_39_38,normal,ekf2_innovation_bias__2018-12-25__08_44_40__baseline,src/platforms/qurt/tests/muorb,0.23239872672341086,7.0
2019-01-18__08_39_38,normal,ekf2_innovation_bias__2018-12-25__08_44_40__baseline,src/templates/module,0.0,inf
2019-01-18__08_39_38,normal,inav_local_z_freeze__2018-12-19__07_49_17__baseline,src/drivers/batt_smbus,0.0,inf
2019-01-18__08_39_38,normal,inav_local_z_freeze__2018-12-19__07_49_17__baseline,src/drivers/blinkm,0.0,inf
2019-01-18__08_39_38,normal,inav_local_z_freeze__2018-12-19__07_49_17__baseline,src/drivers/camera_trigger,0.0,inf
2019-01-18__08_39_38,normal,inav_local_z_freeze__2018-12-19__07_49_17__baseline,src/drivers/distance_sensor,0.0,inf
2019-01-18__08_39_38,normal,inav_local_z_freeze__2018-12-19__07_49_17__baseline,src/drivers/linux_pwm_out,0.0,inf
2019-01-18__08_39_38,normal,inav_local_z_freeze__2018-12-19__07_49_17__baseline,src/drivers/mkblctrl,0.0,inf
2019-01-18__08_39_38,normal,inav_local_z_freeze__2018-12-19__07_49_17__baseline,src/drivers/pwm_out_sim,0.0,inf
2019-01-18__08_39_38,normal,inav_local_z_freeze__2018-12-19__07_49_17__baseline,src/drivers/px4flow,0.0,inf
2019-01-18__08_39_38,normal,inav_local_z_freeze__2018-12-19__07_49_17__baseline,src/drivers/px4fmu,0.0,inf
2019-01-18__08_39_38,normal,inav_local_z_freeze__2018-12-19__07_49_17__baseline,src/drivers/px4io,0.0,inf
2019-01-18__08_39_38,normal,inav_local_z_freeze__2018-12-19__07_49_17__baseline,src/drivers/snapdragon_pwm_out,0.0,inf
2019-01-18__08_39_38,normal,inav_local_z_freeze__2018-12-19__07_49_17__baseline,src/drivers/tap_esc,0.0,inf
2019-01-18__08_39_38,normal,inav_local_z_freeze__2018-12-19__07_49_17__baseline,src/drivers/telemetry,0.0,inf
2019-01-18__08_39_38,normal,inav_local_z_freeze__2018-12-19__07_49_17__baseline,src/drivers/vmount,0.0,inf
2019-01-18__08_39_38,normal,inav_local_z_freeze__2018-12-19__07_49_17__baseline,src/examples/fixedwing_control,0.0,inf
2019-01-18__08_39_38,normal,inav_local_z_freeze__2018-12-19__07_49_17__baseline,src/examples/hwtest,0.0,inf
2019-01-18__08_39_38,normal,inav_local_z_freeze__2018-12-19__07_49_17__baseline,src/examples/px4_simple_app,6.486958338525788,4.0
2019-01-18__08_39_38,normal,inav_local_z_freeze__2018-12-19__07_49_17__baseline,src/examples/rover_steering_control,0.0,inf
2019-01-18__08_39_38,normal,inav_local_z_freeze__2018-12-19__07_49_17__baseline,src/examples/uuv_example_app,0.0,inf
2019-01-18__08_39_38,normal,inav_local_z_freeze__2018-12-19__07_49_17__baseline,src/modules/attitude_estimator_q,6.486958338525788,4.0
2019-01-18__08_39_38,normal,inav_local_z_freeze__2018-12-19__07_49_17__baseline,src/modules/camera_feedback,0.0,inf
2019-01-18__08_39_38,normal,inav_local_z_freeze__2018-12-19__07_49_17__baseline,src/modules/commander,0.0,inf
2019-01-18__08_39_38,normal,inav_local_z_freeze__2018-12-19__07_49_17__baseline,src/modules/ekf2,6.486958338525788,4.0
2019-01-18__08_39_38,normal,inav_local_z_freeze__2018-12-19__07_49_17__baseline,src/modules/events,0.0,inf
2019-01-18__08_39_38,normal,inav_local_z_freeze__2018-12-19__07_49_17__baseline,src/modules/fw_att_control,0.0,inf
2019-01-18__08_39_38,normal,inav_local_z_freeze__2018-12-19__07_49_17__baseline,src/modules/fw_pos_control_l1,0.0,inf
2019-01-18__08_39_38,normal,inav_local_z_freeze__2018-12-19__07_49_17__baseline,src/modules/gnd_att_control,0.0,inf
2019-01-18__08_39_38,normal,inav_local_z_freeze__2018-12-19__07_49_17__baseline,src/modules/gnd_pos_control,0.0,inf
2019-01-18__08_39_38,normal,inav_local_z_freeze__2018-12-19__07_49_17__baseline,src/modules/gpio_led,0.0,inf
2019-01-18__08_39_38,normal,inav_local_z_freeze__2018-12-19__07_49_17__baseline,src/modules/land_detector,0.0,inf
2019-01-18__08_39_38,normal,inav_local_z_freeze__2018-12-19__07_49_17__baseline,src/modules/landing_target_estimator,0.0,inf
2019-01-18__08_39_38,normal,inav_local_z_freeze__2018-12-19__07_49_17__baseline,src/modules/load_mon,0.0,inf
2019-01-18__08_39_38,normal,inav_local_z_freeze__2018-12-19__07_49_17__baseline,src/modules/logger,0.0,inf
2019-01-18__08_39_38,normal,inav_local_z_freeze__2018-12-19__07_49_17__baseline,src/modules/mavlink,6.486958338525788,4.0
2019-01-18__08_39_38,normal,inav_local_z_freeze__2018-12-19__07_49_17__baseline,src/modules/mc_att_control,0.0,inf
2019-01-18__08_39_38,normal,inav_local_z_freeze__2018-12-19__07_49_17__baseline,src/modules/mc_pos_control,0.0,inf
2019-01-18__08_39_38,normal,inav_local_z_freeze__2018-12-19__07_49_17__baseline,src/modules/navigator,0.0,inf
2019-01-18__08_39_38,normal,inav_local_z_freeze__2018-12-19__07_49_17__baseline,src/modules/position_estimator_inav,0.0,inf
2019-01-18__08_39_38,normal,inav_local_z_freeze__2018-12-19__07_49_17__baseline,src/modules/replay,0.0,inf
2019-01-18__08_39_38,normal,inav_local_z_freeze__2018-12-19__07_49_17__baseline,src/modules/sdlog2,0.0,inf
2019-01-18__08_39_38,normal,inav_local_z_freeze__2018-12-19__07_49_17__baseline,src/modules/sensors,0.08737399660307786,6.0
2019-01-18__08_39_38,normal,inav_local_z_freeze__2018-12-19__07_49_17__baseline,src/modules/simulator,0.0,inf
2019-01-18__08_39_38,normal,inav_local_z_freeze__2018-12-19__07_49_17__baseline,src/modules/syslink,0.0,inf
2019-01-18__08_39_38,normal,inav_local_z_freeze__2018-12-19__07_49_17__baseline,src/modules/uavcan,0.0,inf
2019-01-18__08_39_38,normal,inav_local_z_freeze__2018-12-19__07_49_17__baseline,src/modules/vtol_att_control,0.0,inf
2019-01-18__08_39_38,normal,inav_local_z_freeze__2018-12-19__07_49_17__baseline,src/modules/wind_estimator,0.0,inf
2019-01-18__08_39_38,normal,inav_local_z_freeze__2018-12-19__07_49_17__baseline,src/platforms/posix/drivers/df_bebop_bus_wrapper,0.0,inf
2019-01-18__08_39_38,normal,inav_local_z_freeze__2018-12-19__07_49_17__baseline,src/platforms/posix/drivers/df_bebop_rangefinder_wrapper,0.0,inf
2019-01-18__08_39_38,normal,inav_local_z_freeze__2018-12-19__07_49_17__baseline,src/platforms/posix/drivers/df_isl29501_wrapper,0.0,inf
2019-01-18__08_39_38,normal,inav_local_z_freeze__2018-12-19__07_49_17__baseline,src/platforms/posix/drivers/df_ltc2946_wrapper,0.0,inf
2019-01-18__08_39_38,normal,inav_local_z_freeze__2018-12-19__07_49_17__baseline,src/platforms/posix/drivers/df_trone_wrapper,0.0,inf
2019-01-18__08_39_38,normal,inav_local_z_freeze__2018-12-19__07_49_17__baseline,src/platforms/qurt/fc_addon/uart_esc,0.0,inf
2019-01-18__08_39_38,normal,inav_local_z_freeze__2018-12-19__07_49_17__baseline,src/platforms/qurt/tests/muorb,0.08737399660307786,6.0
2019-01-18__08_39_38,normal,inav_local_z_freeze__2018-12-19__07_49_17__baseline,src/templates/module,0.0,inf
2019-01-18__08_39_38,normal,inav_local_z_freeze__2018-12-20__07_47_50__baseline,src/drivers/batt_smbus,0.0,inf
2019-01-18__08_39_38,normal,inav_local_z_freeze__2018-12-20__07_47_50__baseline,src/drivers/blinkm,0.0,inf
2019-01-18__08_39_38,normal,inav_local_z_freeze__2018-12-20__07_47_50__baseline,src/drivers/camera_trigger,0.0,inf
2019-01-18__08_39_38,normal,inav_local_z_freeze__2018-12-20__07_47_50__baseline,src/drivers/distance_sensor,0.0,inf
2019-01-18__08_39_38,normal,inav_local_z_freeze__2018-12-20__07_47_50__baseline,src/drivers/linux_pwm_out,0.0,inf
2019-01-18__08_39_38,normal,inav_local_z_freeze__2018-12-20__07_47_50__baseline,src/drivers/mkblctrl,0.0,inf
2019-01-18__08_39_38,normal,inav_local_z_freeze__2018-12-20__07_47_50__baseline,src/drivers/pwm_out_sim,0.0,inf
2019-01-18__08_39_38,normal,inav_local_z_freeze__2018-12-20__07_47_50__baseline,src/drivers/px4flow,0.0,inf
2019-01-18__08_39_38,normal,inav_local_z_freeze__2018-12-20__07_47_50__baseline,src/drivers/px4fmu,0.0,inf
2019-01-18__08_39_38,normal,inav_local_z_freeze__2018-12-20__07_47_50__baseline,src/drivers/px4io,0.0,inf
2019-01-18__08_39_38,normal,inav_local_z_freeze__2018-12-20__07_47_50__baseline,src/drivers/snapdragon_pwm_out,0.0,inf
2019-01-18__08_39_38,normal,inav_local_z_freeze__2018-12-20__07_47_50__baseline,src/drivers/tap_esc,0.0,inf
2019-01-18__08_39_38,normal,inav_local_z_freeze__2018-12-20__07_47_50__baseline,src/drivers/telemetry,0.0,inf
2019-01-18__08_39_38,normal,inav_local_z_freeze__2018-12-20__07_47_50__baseline,src/drivers/vmount,0.0,inf
2019-01-18__08_39_38,normal,inav_local_z_freeze__2018-12-20__07_47_50__baseline,src/examples/fixedwing_control,0.0,inf
2019-01-18__08_39_38,normal,inav_local_z_freeze__2018-12-20__07_47_50__baseline,src/examples/hwtest,0.0,inf
2019-01-18__08_39_38,normal,inav_local_z_freeze__2018-12-20__07_47_50__baseline,src/examples/px4_simple_app,2.8711589087139475,4.0
2019-01-18__08_39_38,normal,inav_local_z_freeze__2018-12-20__07_47_50__baseline,src/examples/rover_steering_control,0.0,inf
2019-01-18__08_39_38,normal,inav_local_z_freeze__2018-12-20__07_47_50__baseline,src/examples/uuv_example_app,0.0,inf
2019-01-18__08_39_38,normal,inav_local_z_freeze__2018-12-20__07_47_50__baseline,src/modules/attitude_estimator_q,2.8711589087139475,4.0
2019-01-18__08_39_38,normal,inav_local_z_freeze__2018-12-20__07_47_50__baseline,src/modules/camera_feedback,0.0,inf
2019-01-18__08_39_38,normal,inav_local_z_freeze__2018-12-20__07_47_50__baseline,src/modules/commander,0.0,inf
2019-01-18__08_39_38,normal,inav_local_z_freeze__2018-12-20__07_47_50__baseline,src/modules/ekf2,2.8711589087139475,4.0
2019-01-18__08_39_38,normal,inav_local_z_freeze__2018-12-20__07_47_50__baseline,src/modules/events,0.0,inf
2019-01-18__08_39_38,normal,inav_local_z_freeze__2018-12-20__07_47_50__baseline,src/modules/fw_att_control,0.0,inf
2019-01-18__08_39_38,normal,inav_local_z_freeze__2018-12-20__07_47_50__baseline,src/modules/fw_pos_control_l1,0.0,inf
2019-01-18__08_39_38,normal,inav_local_z_freeze__2018-12-20__07_47_50__baseline,src/modules/gnd_att_control,0.0,inf
2019-01-18__08_39_38,normal,inav_local_z_freeze__2018-12-20__07_47_50__baseline,src/modules/gnd_pos_control,0.0,inf
2019-01-18__08_39_38,normal,inav_local_z_freeze__2018-12-20__07_47_50__baseline,src/modules/gpio_led,0.0,inf
2019-01-18__08_39_38,normal,inav_local_z_freeze__2018-12-20__07_47_50__baseline,src/modules/land_detector,0.0,inf
2019-01-18__08_39_38,normal,inav_local_z_freeze__2018-12-20__07_47_50__baseline,src/modules/landing_target_estimator,0.0,inf
2019-01-18__08_39_38,normal,inav_local_z_freeze__2018-12-20__07_47_50__baseline,src/modules/load_mon,0.0,inf
2019-01-18__08_39_38,normal,inav_local_z_freeze__2018-12-20__07_47_50__baseline,src/modules/logger,0.0,inf
2019-01-18__08_39_38,normal,inav_local_z_freeze__2018-12-20__07_47_50__baseline,src/modules/mavlink,2.8711589087139475,4.0
2019-01-18__08_39_38,normal,inav_local_z_freeze__2018-12-20__07_47_50__baseline,src/modules/mc_att_control,0.0,inf
2019-01-18__08_39_38,normal,inav_local_z_freeze__2018-12-20__07_47_50__baseline,src/modules/mc_pos_control,0.0,inf
2019-01-18__08_39_38,normal,inav_local_z_freeze__2018-12-20__07_47_50__baseline,src/modules/navigator,0.0,inf
2019-01-18__08_39_38,normal,inav_local_z_freeze__2018-12-20__07_47_50__baseline,src/modules/position_estimator_inav,0.0,inf
2019-01-18__08_39_38,normal,inav_local_z_freeze__2018-12-20__07_47_50__baseline,src/modules/replay,0.0,inf
2019-01-18__08_39_38,normal,inav_local_z_freeze__2018-12-20__07_47_50__baseline,src/modules/sdlog2,0.0,inf
2019-01-18__08_39_38,normal,inav_local_z_freeze__2018-12-20__07_47_50__baseline,src/modules/sensors,0.0,inf
2019-01-18__08_39_38,normal,inav_local_z_freeze__2018-12-20__07_47_50__baseline,src/modules/simulator,0.0,inf
2019-01-18__08_39_38,normal,inav_local_z_freeze__2018-12-20__07_47_50__baseline,src/modules/syslink,0.0,inf
2019-01-18__08_39_38,normal,inav_local_z_freeze__2018-12-20__07_47_50__baseline,src/modules/uavcan,0.0,inf
2019-01-18__08_39_38,normal,inav_local_z_freeze__2018-12-20__07_47_50__baseline,src/modules/vtol_att_control,0.0,inf
2019-01-18__08_39_38,normal,inav_local_z_freeze__2018-12-20__07_47_50__baseline,src/modules/wind_estimator,0.0,inf
2019-01-18__08_39_38,normal,inav_local_z_freeze__2018-12-20__07_47_50__baseline,src/platforms/posix/drivers/df_bebop_bus_wrapper,0.0,inf
2019-01-18__08_39_38,normal,inav_local_z_freeze__2018-12-20__07_47_50__baseline,src/platforms/posix/drivers/df_bebop_rangefinder_wrapper,0.0,inf
2019-01-18__08_39_38,normal,inav_local_z_freeze__2018-12-20__07_47_50__baseline,src/platforms/posix/drivers/df_isl29501_wrapper,0.0,inf
2019-01-18__08_39_38,normal,inav_local_z_freeze__2018-12-20__07_47_50__baseline,src/platforms/posix/drivers/df_ltc2946_wrapper,0.0,inf
2019-01-18__08_39_38,normal,inav_local_z_freeze__2018-12-20__07_47_50__baseline,src/platforms/posix/drivers/df_trone_wrapper,0.0,inf
2019-01-18__08_39_38,normal,inav_local_z_freeze__2018-12-20__07_47_50__baseline,src/platforms/qurt/fc_addon/uart_esc,0.0,inf
2019-01-18__08_39_38,normal,inav_local_z_freeze__2018-12-20__07_47_50__baseline,src/platforms/qurt/tests/muorb,0.0,inf
2019-01-18__08_39_38,normal,inav_local_z_freeze__2018-12-20__07_47_50__baseline,src/templates/module,0.0,inf
2019-01-18__08_39_38,normal,inav_local_z_freeze__2018-12-25__08_44_40__baseline,src/drivers/batt_smbus,0.0,inf
2019-01-18__08_39_38,normal,inav_local_z_freeze__2018-12-25__08_44_40__baseline,src/drivers/blinkm,0.0,inf
2019-01-18__08_39_38,normal,inav_local_z_freeze__2018-12-25__08_44_40__baseline,src/drivers/camera_trigger,0.0,inf
2019-01-18__08_39_38,normal,inav_local_z_freeze__2018-12-25__08_44_40__baseline,src/drivers/distance_sensor,0.0,inf
2019-01-18__08_39_38,normal,inav_local_z_freeze__2018-12-25__08_44_40__baseline,src/drivers/linux_pwm_out,0.0,inf
2019-01-18__08_39_38,normal,inav_local_z_freeze__2018-12-25__08_44_40__baseline,src/drivers/mkblctrl,0.0,inf
2019-01-18__08_39_38,normal,inav_local_z_freeze__2018-12-25__08_44_40__baseline,src/drivers/pwm_out_sim,0.0,inf
2019-01-18__08_39_38,normal,inav_local_z_freeze__2018-12-25__08_44_40__baseline,src/drivers/px4flow,0.0,inf
2019-01-18__08_39_38,normal,inav_local_z_freeze__2018-12-25__08_44_40__baseline,src/drivers/px4fmu,0.0,inf
2019-01-18__08_39_38,normal,inav_local_z_freeze__2018-12-25__08_44_40__baseline,src/drivers/px4io,0.0,inf
2019-01-18__08_39_38,normal,inav_local_z_freeze__2018-12-25__08_44_40__baseline,src/drivers/snapdragon_pwm_out,0.0,inf
2019-01-18__08_39_38,normal,inav_local_z_freeze__2018-12-25__08_44_40__baseline,src/drivers/tap_esc,0.0,inf
2019-01-18__08_39_38,normal,inav_local_z_freeze__2018-12-25__08_44_40__baseline,src/drivers/telemetry,0.0,inf
2019-01-18__08_39_38,normal,inav_local_z_freeze__2018-12-25__08_44_40__baseline,src/drivers/vmount,0.0,inf
2019-01-18__08_39_38,normal,inav_local_z_freeze__2018-12-25__08_44_40__baseline,src/examples/fixedwing_control,0.2121038238207499,5.0
2019-01-18__08_39_38,normal,inav_local_z_freeze__2018-12-25__08_44_40__baseline,src/examples/hwtest,0.0,inf
2019-01-18__08_39_38,normal,inav_local_z_freeze__2018-12-25__08_44_40__baseline,src/examples/px4_simple_app,0.0,inf
2019-01-18__08_39_38,normal,inav_local_z_freeze__2018-12-25__08_44_40__baseline,src/examples/rover_steering_control,0.0,inf
2019-01-18__08_39_38,normal,inav_local_z_freeze__2018-12-25__08_44_40__baseline,src/examples/uuv_example_app,0.0,inf
2019-01-18__08_39_38,normal,inav_local_z_freeze__2018-12-25__08_44_40__baseline,src/modules/attitude_estimator_q,0.0,inf
2019-01-18__08_39_38,normal,inav_local_z_freeze__2018-12-25__08_44_40__baseline,src/modules/camera_feedback,0.0,inf
2019-01-18__08_39_38,normal,inav_local_z_freeze__2018-12-25__08_44_40__baseline,src/modules/commander,0.0,inf
2019-01-18__08_39_38,normal,inav_local_z_freeze__2018-12-25__08_44_40__baseline,src/modules/ekf2,0.0,inf
2019-01-18__08_39_38,normal,inav_local_z_freeze__2018-12-25__08_44_40__baseline,src/modules/events,0.0,inf
2019-01-18__08_39_38,normal,inav_local_z_freeze__2018-12-25__08_44_40__baseline,src/modules/fw_att_control,0.0,inf
2019-01-18__08_39_38,normal,inav_local_z_freeze__2018-12-25__08_44_40__baseline,src/modules/fw_pos_control_l1,0.0,inf
2019-01-18__08_39_38,normal,inav_local_z_freeze__2018-12-25__08_44_40__baseline,src/modules/gnd_att_control,0.0,inf
2019-01-18__08_39_38,normal,inav_local_z_freeze__2018-12-25__08_44_40__baseline,src/modules/gnd_pos_control,0.0,inf
2019-01-18__08_39_38,normal,inav_local_z_freeze__2018-12-25__08_44_40__baseline,src/modules/gpio_led,0.0,inf
2019-01-18__08_39_38,normal,inav_local_z_freeze__2018-12-25__08_44_40__baseline,src/modules/land_detector,0.0,inf
2019-01-18__08_39_38,normal,inav_local_z_freeze__2018-12-25__08_44_40__baseline,src/modules/landing_target_estimator,0.0,inf
2019-01-18__08_39_38,normal,inav_local_z_freeze__2018-12-25__08_44_40__baseline,src/modules/load_mon,0.0,inf
2019-01-18__08_39_38,normal,inav_local_z_freeze__2018-12-25__08_44_40__baseline,src/modules/logger,0.0,inf
2019-01-18__08_39_38,normal,inav_local_z_freeze__2018-12-25__08_44_40__baseline,src/modules/mavlink,1.6801018516222637,3.0
2019-01-18__08_39_38,normal,inav_local_z_freeze__2018-12-25__08_44_40__baseline,src/modules/mc_att_control,0.0,inf
2019-01-18__08_39_38,normal,inav_local_z_freeze__2018-12-25__08_44_40__baseline,src/modules/mc_pos_control,0.0,inf
2019-01-18__08_39_38,normal,inav_local_z_freeze__2018-12-25__08_44_40__baseline,src/modules/navigator,0.0,inf
2019-01-18__08_39_38,normal,inav_local_z_freeze__2018-12-25__08_44_40__baseline,src/modules/position_estimator_inav,0.0,inf
2019-01-18__08_39_38,normal,inav_local_z_freeze__2018-12-25__08_44_40__baseline,src/modules/replay,0.0,inf
2019-01-18__08_39_38,normal,inav_local_z_freeze__2018-12-25__08_44_40__baseline,src/modules/sdlog2,0.0,inf
2019-01-18__08_39_38,normal,inav_local_z_freeze__2018-12-25__08_44_40__baseline,src/modules/sensors,6.862977147102356,1.0
2019-01-18__08_39_38,normal,inav_local_z_freeze__2018-12-25__08_44_40__baseline,src/modules/simulator,0.0,inf
2019-01-18__08_39_38,normal,inav_local_z_freeze__2018-12-25__08_44_40__baseline,src/modules/syslink,0.0,inf
2019-01-18__08_39_38,normal,inav_local_z_freeze__2018-12-25__08_44_40__baseline,src/modules/uavcan,0.0,inf
2019-01-18__08_39_38,normal,inav_local_z_freeze__2018-12-25__08_44_40__baseline,src/modules/vtol_att_control,0.2121038238207499,5.0
2019-01-18__08_39_38,normal,inav_local_z_freeze__2018-12-25__08_44_40__baseline,src/modules/wind_estimator,0.0,inf
2019-01-18__08_39_38,normal,inav_local_z_freeze__2018-12-25__08_44_40__baseline,src/platforms/posix/drivers/df_bebop_bus_wrapper,0.0,inf
2019-01-18__08_39_38,normal,inav_local_z_freeze__2018-12-25__08_44_40__baseline,src/platforms/posix/drivers/df_bebop_rangefinder_wrapper,0.0,inf
2019-01-18__08_39_38,normal,inav_local_z_freeze__2018-12-25__08_44_40__baseline,src/platforms/posix/drivers/df_isl29501_wrapper,0.0,inf
2019-01-18__08_39_38,normal,inav_local_z_freeze__2018-12-25__08_44_40__baseline,src/platforms/posix/drivers/df_ltc2946_wrapper,0.0,inf
2019-01-18__08_39_38,normal,inav_local_z_freeze__2018-12-25__08_44_40__baseline,src/platforms/posix/drivers/df_trone_wrapper,0.0,inf
2019-01-18__08_39_38,normal,inav_local_z_freeze__2018-12-25__08_44_40__baseline,src/platforms/qurt/fc_addon/uart_esc,0.0,inf
2019-01-18__08_39_38,normal,inav_local_z_freeze__2018-12-25__08_44_40__baseline,src/platforms/qurt/tests/muorb,5.394979119300842,2.0
2019-01-18__08_39_38,normal,inav_local_z_freeze__2018-12-25__08_44_40__baseline,src/templates/module,0.0,inf
2019-01-18__08_39_38,normal,land_detector_state_inversion__2018-12-19__07_49_17__baseline,src/drivers/batt_smbus,0.0,inf
2019-01-18__08_39_38,normal,land_detector_state_inversion__2018-12-19__07_49_17__baseline,src/drivers/blinkm,0.0,inf
2019-01-18__08_39_38,normal,land_detector_state_inversion__2018-12-19__07_49_17__baseline,src/drivers/camera_trigger,0.0,inf
2019-01-18__08_39_38,normal,land_detector_state_inversion__2018-12-19__07_49_17__baseline,src/drivers/distance_sensor,0.0,inf
2019-01-18__08_39_38,normal,land_detector_state_inversion__2018-12-19__07_49_17__baseline,src/drivers/linux_pwm_out,0.0,inf
2019-01-18__08_39_38,normal,land_detector_state_inversion__2018-12-19__07_49_17__baseline,src/drivers/mkblctrl,0.0,inf
2019-01-18__08_39_38,normal,land_detector_state_inversion__2018-12-19__07_49_17__baseline,src/drivers/pwm_out_sim,0.0,inf
2019-01-18__08_39_38,normal,land_detector_state_inversion__2018-12-19__07_49_17__baseline,src/drivers/px4flow,0.0,inf
2019-01-18__08_39_38,normal,land_detector_state_inversion__2018-12-19__07_49_17__baseline,src/drivers/px4fmu,0.0,inf
2019-01-18__08_39_38,normal,land_detector_state_inversion__2018-12-19__07_49_17__baseline,src/drivers/px4io,0.0,inf
2019-01-18__08_39_38,normal,land_detector_state_inversion__2018-12-19__07_49_17__baseline,src/drivers/snapdragon_pwm_out,0.0,inf
2019-01-18__08_39_38,normal,land_detector_state_inversion__2018-12-19__07_49_17__baseline,src/drivers/tap_esc,0.0,inf
2019-01-18__08_39_38,normal,land_detector_state_inversion__2018-12-19__07_49_17__baseline,src/drivers/telemetry,0.0,inf
2019-01-18__08_39_38,normal,land_detector_state_inversion__2018-12-19__07_49_17__baseline,src/drivers/vmount,0.0,inf
2019-01-18__08_39_38,normal,land_detector_state_inversion__2018-12-19__07_49_17__baseline,src/examples/fixedwing_control,0.0,inf
2019-01-18__08_39_38,normal,land_detector_state_inversion__2018-12-19__07_49_17__baseline,src/examples/hwtest,0.0,inf
2019-01-18__08_39_38,normal,land_detector_state_inversion__2018-12-19__07_49_17__baseline,src/examples/px4_simple_app,6.789984339001504,4.0
2019-01-18__08_39_38,normal,land_detector_state_inversion__2018-12-19__07_49_17__baseline,src/examples/rover_steering_control,0.0,inf
2019-01-18__08_39_38,normal,land_detector_state_inversion__2018-12-19__07_49_17__baseline,src/examples/uuv_example_app,0.0,inf
2019-01-18__08_39_38,normal,land_detector_state_inversion__2018-12-19__07_49_17__baseline,src/modules/attitude_estimator_q,6.789984339001504,4.0
2019-01-18__08_39_38,normal,land_detector_state_inversion__2018-12-19__07_49_17__baseline,src/modules/camera_feedback,0.0,inf
2019-01-18__08_39_38,normal,land_detector_state_inversion__2018-12-19__07_49_17__baseline,src/modules/commander,0.0,inf
2019-01-18__08_39_38,normal,land_detector_state_inversion__2018-12-19__07_49_17__baseline,src/modules/ekf2,6.789984339001504,4.0
2019-01-18__08_39_38,normal,land_detector_state_inversion__2018-12-19__07_49_17__baseline,src/modules/events,0.0,inf
2019-01-18__08_39_38,normal,land_detector_state_inversion__2018-12-19__07_49_17__baseline,src/modules/fw_att_control,0.0,inf
2019-01-18__08_39_38,normal,land_detector_state_inversion__2018-12-19__07_49_17__baseline,src/modules/fw_pos_control_l1,0.0,inf
2019-01-18__08_39_38,normal,land_detector_state_inversion__2018-12-19__07_49_17__baseline,src/modules/gnd_att_control,0.0,inf
2019-01-18__08_39_38,normal,land_detector_state_inversion__2018-12-19__07_49_17__baseline,src/modules/gnd_pos_control,0.0,inf
2019-01-18__08_39_38,normal,land_detector_state_inversion__2018-12-19__07_49_17__baseline,src/modules/gpio_led,0.0,inf
2019-01-18__08_39_38,normal,land_detector_state_inversion__2018-12-19__07_49_17__baseline,src/modules/land_detector,0.0,inf
2019-01-18__08_39_38,normal,land_detector_state_inversion__2018-12-19__07_49_17__baseline,src/modules/landing_target_estimator,0.0,inf
2019-01-18__08_39_38,normal,land_detector_state_inversion__2018-12-19__07_49_17__baseline,src/modules/load_mon,0.0,inf
2019-01-18__08_39_38,normal,land_detector_state_inversion__2018-12-19__07_49_17__baseline,src/modules/logger,0.0,inf
2019-01-18__08_39_38,normal,land_detector_state_inversion__2018-12-19__07_49_17__baseline,src/modules/mavlink,6.789984339001504,4.0
2019-01-18__08_39_38,normal,land_detector_state_inversion__2018-12-19__07_49_17__baseline,src/modules/mc_att_control,0.0,inf
2019-01-18__08_39_38,normal,land_detector_state_inversion__2018-12-19__07_49_17__baseline,src/modules/mc_pos_control,0.0,inf
2019-01-18__08_39_38,normal,land_detector_state_inversion__2018-12-19__07_49_17__baseline,src/modules/navigator,0.0,inf
2019-01-18__08_39_38,normal,land_detector_state_inversion__2018-12-19__07_49_17__baseline,src/modules/position_estimator_inav,0.0,inf
2019-01-18__08_39_38,normal,land_detector_state_inversion__2018-12-19__07_49_17__baseline,src/modules/replay,0.0,inf
2019-01-18__08_39_38,normal,land_detector_state_inversion__2018-12-19__07_49_17__baseline,src/modules/sdlog2,0.0,inf
2019-01-18__08_39_38,normal,land_detector_state_inversion__2018-12-19__07_49_17__baseline,src/modules/sensors,0.0,inf
2019-01-18__08_39_38,normal,land_detector_state_inversion__2018-12-19__07_49_17__baseline,src/modules/simulator,0.0,inf
2019-01-18__08_39_38,normal,land_detector_state_inversion__2018-12-19__07_49_17__baseline,src/modules/syslink,0.0,inf
2019-01-18__08_39_38,normal,land_detector_state_inversion__2018-12-19__07_49_17__baseline,src/modules/uavcan,0.0,inf
2019-01-18__08_39_38,normal,land_detector_state_inversion__2018-12-19__07_49_17__baseline,src/modules/vtol_att_control,0.0,inf
2019-01-18__08_39_38,normal,land_detector_state_inversion__2018-12-19__07_49_17__baseline,src/modules/wind_estimator,0.0,inf
2019-01-18__08_39_38,normal,land_detector_state_inversion__2018-12-19__07_49_17__baseline,src/platforms/posix/drivers/df_bebop_bus_wrapper,0.0,inf
2019-01-18__08_39_38,normal,land_detector_state_inversion__2018-12-19__07_49_17__baseline,src/platforms/posix/drivers/df_bebop_rangefinder_wrapper,0.0,inf
2019-01-18__08_39_38,normal,land_detector_state_inversion__2018-12-19__07_49_17__baseline,src/platforms/posix/drivers/df_isl29501_wrapper,0.0,inf
2019-01-18__08_39_38,normal,land_detector_state_inversion__2018-12-19__07_49_17__baseline,src/platforms/posix/drivers/df_ltc2946_wrapper,0.0,inf
2019-01-18__08_39_38,normal,land_detector_state_inversion__2018-12-19__07_49_17__baseline,src/platforms/posix/drivers/df_trone_wrapper,0.0,inf
2019-01-18__08_39_38,normal,land_detector_state_inversion__2018-12-19__07_49_17__baseline,src/platforms/qurt/fc_addon/uart_esc,0.0,inf
2019-01-18__08_39_38,normal,land_detector_state_inversion__2018-12-19__07_49_17__baseline,src/platforms/qurt/tests/muorb,0.0,inf
2019-01-18__08_39_38,normal,land_detector_state_inversion__2018-12-19__07_49_17__baseline,src/templates/module,0.0,inf
2019-01-18__08_39_38,normal,land_detector_state_inversion__2018-12-20__07_47_50__baseline,src/drivers/batt_smbus,0.0,inf
2019-01-18__08_39_38,normal,land_detector_state_inversion__2018-12-20__07_47_50__baseline,src/drivers/blinkm,0.0,inf
2019-01-18__08_39_38,normal,land_detector_state_inversion__2018-12-20__07_47_50__baseline,src/drivers/camera_trigger,0.0,inf
2019-01-18__08_39_38,normal,land_detector_state_inversion__2018-12-20__07_47_50__baseline,src/drivers/distance_sensor,0.0,inf
2019-01-18__08_39_38,normal,land_detector_state_inversion__2018-12-20__07_47_50__baseline,src/drivers/linux_pwm_out,0.0,inf
2019-01-18__08_39_38,normal,land_detector_state_inversion__2018-12-20__07_47_50__baseline,src/drivers/mkblctrl,0.0,inf
2019-01-18__08_39_38,normal,land_detector_state_inversion__2018-12-20__07_47_50__baseline,src/drivers/pwm_out_sim,0.0,inf
2019-01-18__08_39_38,normal,land_detector_state_inversion__2018-12-20__07_47_50__baseline,src/drivers/px4flow,0.0,inf
2019-01-18__08_39_38,normal,land_detector_state_inversion__2018-12-20__07_47_50__baseline,src/drivers/px4fmu,0.0,inf
2019-01-18__08_39_38,normal,land_detector_state_inversion__2018-12-20__07_47_50__baseline,src/drivers/px4io,0.0,inf
2019-01-18__08_39_38,normal,land_detector_state_inversion__2018-12-20__07_47_50__baseline,src/drivers/snapdragon_pwm_out,0.0,inf
2019-01-18__08_39_38,normal,land_detector_state_inversion__2018-12-20__07_47_50__baseline,src/drivers/tap_esc,0.0,inf
2019-01-18__08_39_38,normal,land_detector_state_inversion__2018-12-20__07_47_50__baseline,src/drivers/telemetry,0.0,inf
2019-01-18__08_39_38,normal,land_detector_state_inversion__2018-12-20__07_47_50__baseline,src/drivers/vmount,0.0,inf
2019-01-18__08_39_38,normal,land_detector_state_inversion__2018-12-20__07_47_50__baseline,src/examples/fixedwing_control,0.0,inf
2019-01-18__08_39_38,normal,land_detector_state_inversion__2018-12-20__07_47_50__baseline,src/examples/hwtest,0.0,inf
2019-01-18__08_39_38,normal,land_detector_state_inversion__2018-12-20__07_47_50__baseline,src/examples/px4_simple_app,0.0,inf
2019-01-18__08_39_38,normal,land_detector_state_inversion__2018-12-20__07_47_50__baseline,src/examples/rover_steering_control,0.0,inf
2019-01-18__08_39_38,normal,land_detector_state_inversion__2018-12-20__07_47_50__baseline,src/examples/uuv_example_app,0.0,inf
2019-01-18__08_39_38,normal,land_detector_state_inversion__2018-12-20__07_47_50__baseline,src/modules/attitude_estimator_q,0.0,inf
2019-01-18__08_39_38,normal,land_detector_state_inversion__2018-12-20__07_47_50__baseline,src/modules/camera_feedback,0.0,inf
2019-01-18__08_39_38,normal,land_detector_state_inversion__2018-12-20__07_47_50__baseline,src/modules/commander,0.0,inf
2019-01-18__08_39_38,normal,land_detector_state_inversion__2018-12-20__07_47_50__baseline,src/modules/ekf2,0.0,inf
2019-01-18__08_39_38,normal,land_detector_state_inversion__2018-12-20__07_47_50__baseline,src/modules/events,0.0,inf
2019-01-18__08_39_38,normal,land_detector_state_inversion__2018-12-20__07_47_50__baseline,src/modules/fw_att_control,0.0,inf
2019-01-18__08_39_38,normal,land_detector_state_inversion__2018-12-20__07_47_50__baseline,src/modules/fw_pos_control_l1,0.0,inf
2019-01-18__08_39_38,normal,land_detector_state_inversion__2018-12-20__07_47_50__baseline,src/modules/gnd_att_control,0.0,inf
2019-01-18__08_39_38,normal,land_detector_state_inversion__2018-12-20__07_47_50__baseline,src/modules/gnd_pos_control,0.0,inf
2019-01-18__08_39_38,normal,land_detector_state_inversion__2018-12-20__07_47_50__baseline,src/modules/gpio_led,0.0,inf
2019-01-18__08_39_38,normal,land_detector_state_inversion__2018-12-20__07_47_50__baseline,src/modules/land_detector,0.0,inf
2019-01-18__08_39_38,normal,land_detector_state_inversion__2018-12-20__07_47_50__baseline,src/modules/landing_target_estimator,0.0,inf
2019-01-18__08_39_38,normal,land_detector_state_inversion__2018-12-20__07_47_50__baseline,src/modules/load_mon,0.0,inf
2019-01-18__08_39_38,normal,land_detector_state_inversion__2018-12-20__07_47_50__baseline,src/modules/logger,0.0,inf
2019-01-18__08_39_38,normal,land_detector_state_inversion__2018-12-20__07_47_50__baseline,src/modules/mavlink,0.0,inf
2019-01-18__08_39_38,normal,land_detector_state_inversion__2018-12-20__07_47_50__baseline,src/modules/mc_att_control,0.0,inf
2019-01-18__08_39_38,normal,land_detector_state_inversion__2018-12-20__07_47_50__baseline,src/modules/mc_pos_control,0.0,inf
2019-01-18__08_39_38,normal,land_detector_state_inversion__2018-12-20__07_47_50__baseline,src/modules/navigator,0.0,inf
2019-01-18__08_39_38,normal,land_detector_state_inversion__2018-12-20__07_47_50__baseline,src/modules/position_estimator_inav,0.0,inf
2019-01-18__08_39_38,normal,land_detector_state_inversion__2018-12-20__07_47_50__baseline,src/modules/replay,0.0,inf
2019-01-18__08_39_38,normal,land_detector_state_inversion__2018-12-20__07_47_50__baseline,src/modules/sdlog2,0.0,inf
2019-01-18__08_39_38,normal,land_detector_state_inversion__2018-12-20__07_47_50__baseline,src/modules/sensors,0.0,inf
2019-01-18__08_39_38,normal,land_detector_state_inversion__2018-12-20__07_47_50__baseline,src/modules/simulator,0.0,inf
2019-01-18__08_39_38,normal,land_detector_state_inversion__2018-12-20__07_47_50__baseline,src/modules/syslink,0.0,inf
2019-01-18__08_39_38,normal,land_detector_state_inversion__2018-12-20__07_47_50__baseline,src/modules/uavcan,0.0,inf
2019-01-18__08_39_38,normal,land_detector_state_inversion__2018-12-20__07_47_50__baseline,src/modules/vtol_att_control,0.0,inf
2019-01-18__08_39_38,normal,land_detector_state_inversion__2018-12-20__07_47_50__baseline,src/modules/wind_estimator,0.0,inf
2019-01-18__08_39_38,normal,land_detector_state_inversion__2018-12-20__07_47_50__baseline,src/platforms/posix/drivers/df_bebop_bus_wrapper,0.0,inf
2019-01-18__08_39_38,normal,land_detector_state_inversion__2018-12-20__07_47_50__baseline,src/platforms/posix/drivers/df_bebop_rangefinder_wrapper,0.0,inf
2019-01-18__08_39_38,normal,land_detector_state_inversion__2018-12-20__07_47_50__baseline,src/platforms/posix/drivers/df_isl29501_wrapper,0.0,inf
2019-01-18__08_39_38,normal,land_detector_state_inversion__2018-12-20__07_47_50__baseline,src/platforms/posix/drivers/df_ltc2946_wrapper,0.0,inf
2019-01-18__08_39_38,normal,land_detector_state_inversion__2018-12-20__07_47_50__baseline,src/platforms/posix/drivers/df_trone_wrapper,0.0,inf
2019-01-18__08_39_38,normal,land_detector_state_inversion__2018-12-20__07_47_50__baseline,src/platforms/qurt/fc_addon/uart_esc,0.0,inf
2019-01-18__08_39_38,normal,land_detector_state_inversion__2018-12-20__07_47_50__baseline,src/platforms/qurt/tests/muorb,0.0,inf
2019-01-18__08_39_38,normal,land_detector_state_inversion__2018-12-20__07_47_50__baseline,src/templates/module,0.0,inf
2019-01-18__08_39_38,normal,land_detector_state_inversion__2018-12-25__08_44_40__baseline,src/drivers/batt_smbus,0.0,inf
2019-01-18__08_39_38,normal,land_detector_state_inversion__2018-12-25__08_44_40__baseline,src/drivers/blinkm,0.0,inf
2019-01-18__08_39_38,normal,land_detector_state_inversion__2018-12-25__08_44_40__baseline,src/drivers/camera_trigger,0.0,inf
2019-01-18__08_39_38,normal,land_detector_state_inversion__2018-12-25__08_44_40__baseline,src/drivers/distance_sensor,0.0,inf
2019-01-18__08_39_38,normal,land_detector_state_inversion__2018-12-25__08_44_40__baseline,src/drivers/linux_pwm_out,0.0,inf
2019-01-18__08_39_38,normal,land_detector_state_inversion__2018-12-25__08_44_40__baseline,src/drivers/mkblctrl,0.0,inf
2019-01-18__08_39_38,normal,land_detector_state_inversion__2018-12-25__08_44_40__baseline,src/drivers/pwm_out_sim,0.0,inf
2019-01-18__08_39_38,normal,land_detector_state_inversion__2018-12-25__08_44_40__baseline,src/drivers/px4flow,0.0,inf
2019-01-18__08_39_38,normal,land_detector_state_inversion__2018-12-25__08_44_40__baseline,src/drivers/px4fmu,0.0,inf
2019-01-18__08_39_38,normal,land_detector_state_inversion__2018-12-25__08_44_40__baseline,src/drivers/px4io,0.0,inf
2019-01-18__08_39_38,normal,land_detector_state_inversion__2018-12-25__08_44_40__baseline,src/drivers/snapdragon_pwm_out,0.0,inf
2019-01-18__08_39_38,normal,land_detector_state_inversion__2018-12-25__08_44_40__baseline,src/drivers/tap_esc,0.0,inf
2019-01-18__08_39_38,normal,land_detector_state_inversion__2018-12-25__08_44_40__baseline,src/drivers/telemetry,0.0,inf
2019-01-18__08_39_38,normal,land_detector_state_inversion__2018-12-25__08_44_40__baseline,src/drivers/vmount,0.0,inf
2019-01-18__08_39_38,normal,land_detector_state_inversion__2018-12-25__08_44_40__baseline,src/examples/fixedwing_control,0.0,inf
2019-01-18__08_39_38,normal,land_detector_state_inversion__2018-12-25__08_44_40__baseline,src/examples/hwtest,0.0,inf
2019-01-18__08_39_38,normal,land_detector_state_inversion__2018-12-25__08_44_40__baseline,src/examples/px4_simple_app,5.909995771944523,4.0
2019-01-18__08_39_38,normal,land_detector_state_inversion__2018-12-25__08_44_40__baseline,src/examples/rover_steering_control,0.0,inf
2019-01-18__08_39_38,normal,land_detector_state_inversion__2018-12-25__08_44_40__baseline,src/examples/uuv_example_app,0.0,inf
2019-01-18__08_39_38,normal,land_detector_state_inversion__2018-12-25__08_44_40__baseline,src/modules/attitude_estimator_q,5.909995771944523,4.0
2019-01-18__08_39_38,normal,land_detector_state_inversion__2018-12-25__08_44_40__baseline,src/modules/camera_feedback,0.0,inf
2019-01-18__08_39_38,normal,land_detector_state_inversion__2018-12-25__08_44_40__baseline,src/modules/commander,0.0,inf
2019-01-18__08_39_38,normal,land_detector_state_inversion__2018-12-25__08_44_40__baseline,src/modules/ekf2,5.909995771944523,4.0
2019-01-18__08_39_38,normal,land_detector_state_inversion__2018-12-25__08_44_40__baseline,src/modules/events,0.0,inf
2019-01-18__08_39_38,normal,land_detector_state_inversion__2018-12-25__08_44_40__baseline,src/modules/fw_att_control,0.0,inf
2019-01-18__08_39_38,normal,land_detector_state_inversion__2018-12-25__08_44_40__baseline,src/modules/fw_pos_control_l1,0.0,inf
2019-01-18__08_39_38,normal,land_detector_state_inversion__2018-12-25__08_44_40__baseline,src/modules/gnd_att_control,0.0,inf
2019-01-18__08_39_38,normal,land_detector_state_inversion__2018-12-25__08_44_40__baseline,src/modules/gnd_pos_control,0.0,inf
2019-01-18__08_39_38,normal,land_detector_state_inversion__2018-12-25__08_44_40__baseline,src/modules/gpio_led,0.0,inf
2019-01-18__08_39_38,normal,land_detector_state_inversion__2018-12-25__08_44_40__baseline,src/modules/land_detector,0.0,inf
2019-01-18__08_39_38,normal,land_detector_state_inversion__2018-12-25__08_44_40__baseline,src/modules/landing_target_estimator,0.0,inf
2019-01-18__08_39_38,normal,land_detector_state_inversion__2018-12-25__08_44_40__baseline,src/modules/load_mon,0.0,inf
2019-01-18__08_39_38,normal,land_detector_state_inversion__2018-12-25__08_44_40__baseline,src/modules/logger,0.0,inf
2019-01-18__08_39_38,normal,land_detector_state_inversion__2018-12-25__08_44_40__baseline,src/modules/mavlink,5.909995771944523,4.0
2019-01-18__08_39_38,normal,land_detector_state_inversion__2018-12-25__08_44_40__baseline,src/modules/mc_att_control,0.0,inf
2019-01-18__08_39_38,normal,land_detector_state_inversion__2018-12-25__08_44_40__baseline,src/modules/mc_pos_control,0.0,inf
2019-01-18__08_39_38,normal,land_detector_state_inversion__2018-12-25__08_44_40__baseline,src/modules/navigator,0.0,inf
2019-01-18__08_39_38,normal,land_detector_state_inversion__2018-12-25__08_44_40__baseline,src/modules/position_estimator_inav,0.0,inf
2019-01-18__08_39_38,normal,land_detector_state_inversion__2018-12-25__08_44_40__baseline,src/modules/replay,0.0,inf
2019-01-18__08_39_38,normal,land_detector_state_inversion__2018-12-25__08_44_40__baseline,src/modules/sdlog2,0.0,inf
2019-01-18__08_39_38,normal,land_detector_state_inversion__2018-12-25__08_44_40__baseline,src/modules/sensors,0.7669157981872559,6.0
2019-01-18__08_39_38,normal,land_detector_state_inversion__2018-12-25__08_44_40__baseline,src/modules/simulator,0.0,inf
2019-01-18__08_39_38,normal,land_detector_state_inversion__2018-12-25__08_44_40__baseline,src/modules/syslink,0.0,inf
2019-01-18__08_39_38,normal,land_detector_state_inversion__2018-12-25__08_44_40__baseline,src/modules/uavcan,0.0,inf
2019-01-18__08_39_38,normal,land_detector_state_inversion__2018-12-25__08_44_40__baseline,src/modules/vtol_att_control,0.0,inf
2019-01-18__08_39_38,normal,land_detector_state_inversion__2018-12-25__08_44_40__baseline,src/modules/wind_estimator,0.0,inf
2019-01-18__08_39_38,normal,land_detector_state_inversion__2018-12-25__08_44_40__baseline,src/platforms/posix/drivers/df_bebop_bus_wrapper,0.0,inf
2019-01-18__08_39_38,normal,land_detector_state_inversion__2018-12-25__08_44_40__baseline,src/platforms/posix/drivers/df_bebop_rangefinder_wrapper,0.0,inf
2019-01-18__08_39_38,normal,land_detector_state_inversion__2018-12-25__08_44_40__baseline,src/platforms/posix/drivers/df_isl29501_wrapper,0.0,inf
2019-01-18__08_39_38,normal,land_detector_state_inversion__2018-12-25__08_44_40__baseline,src/platforms/posix/drivers/df_ltc2946_wrapper,0.0,inf
2019-01-18__08_39_38,normal,land_detector_state_inversion__2018-12-25__08_44_40__baseline,src/platforms/posix/drivers/df_trone_wrapper,0.0,inf
2019-01-18__08_39_38,normal,land_detector_state_inversion__2018-12-25__08_44_40__baseline,src/platforms/qurt/fc_addon/uart_esc,0.0,inf
2019-01-18__08_39_38,normal,land_detector_state_inversion__2018-12-25__08_44_40__baseline,src/platforms/qurt/tests/muorb,0.7669157981872559,6.0
2019-01-18__08_39_38,normal,land_detector_state_inversion__2018-12-25__08_44_40__baseline,src/templates/module,0.0,inf
2019-01-25__17_38_05,reference,commander_nav_state_override__2018-12-19__07_49_17__fault,src/drivers/batt_smbus,0.0,inf
2019-01-25__17_38_05,reference,commander_nav_state_override__2018-12-19__07_49_17__fault,src/drivers/blinkm,0.0,inf
2019-01-25__17_38_05,reference,commander_nav_state_override__2018-12-19__07_49_17__fault,src/drivers/camera_trigger,0.0,inf
2019-01-25__17_38_05,reference,commander_nav_state_override__2018-12-19__07_49_17__fault,src/drivers/distance_sensor,0.0,inf
2019-01-25__17_38_05,reference,commander_nav_state_override__2018-12-19__07_49_17__fault,src/drivers/linux_pwm_out,0.0,inf
2019-01-25__17_38_05,reference,commander_nav_state_override__2018-12-19__07_49_17__fault,src/drivers/mkblctrl,0.0,inf
2019-01-25__17_38_05,reference,commander_nav_state_override__2018-12-19__07_49_17__fault,src/drivers/pwm_out_sim,0.0,inf
2019-01-25__17_38_05,reference,commander_nav_state_override__2018-12-19__07_49_17__fault,src/drivers/px4flow,0.0,inf
2019-01-25__17_38_05,reference,commander_nav_state_override__2018-12-19__07_49_17__fault,src/drivers/px4fmu,0.0,inf
2019-01-25__17_38_05,reference,commander_nav_state_override__2018-12-19__07_49_17__fault,src/drivers/px4io,0.0,inf
2019-01-25__17_38_05,reference,commander_nav_state_override__2018-12-19__07_49_17__fault,src/drivers/snapdragon_pwm_out,0.0,inf
2019-01-25__17_38_05,reference,commander_nav_state_override__2018-12-19__07_49_17__fault,src/drivers/tap_esc,0.0,inf
2019-01-25__17_38_05,reference,commander_nav_state_override__2018-12-19__07_49_17__fault,src/drivers/telemetry,0.0,inf
2019-01-25__17_38_05,reference,commander_nav_state_override__2018-12-19__07_49_17__fault,src/drivers/vmount,0.0,inf
2019-01-25__17_38_05,reference,commander_nav_state_override__2018-12-19__07_49_17__fault,src/examples/fixedwing_control,0.0,inf
2019-01-25__17_38_05,reference,commander_nav_state_override__2018-12-19__07_49_17__fault,src/examples/hwtest,0.0,inf
2019-01-25__17_38_05,reference,commander_nav_state_override__2018-12-19__07_49_17__fault,src/examples/px4_simple_app,0.011765831722452852,7.0
2019-01-25__17_38_05,reference,commander_nav_state_override__2018-12-19__07_49_17__fault,src/examples/rover_steering_control,0.0,inf
2019-01-25__17_38_05,reference,commander_nav_state_override__2018-12-19__07_49_17__fault,src/examples/uuv_example_app,0.0,inf
2019-01-25__17_38_05,reference,commander_nav_state_override__2018-12-19__07_49_17__fault,src/modules/attitude_estimator_q,0.011765831722452852,7.0
2019-01-25__17_38_05,reference,commander_nav_state_override__2018-12-19__07_49_17__fault,src/modules/camera_feedback,0.0,inf
2019-01-25__17_38_05,reference,commander_nav_state_override__2018-12-19__07_49_17__fault,src/modules/commander,43.05956674001389,1.0
2019-01-25__17_38_05,reference,commander_nav_state_override__2018-12-19__07_49_17__fault,src/modules/ekf2,0.011765831722452852,7.0
2019-01-25__17_38_05,reference,commander_nav_state_override__2018-12-19__07_49_17__fault,src/modules/events,0.0,inf
2019-01-25__17_38_05,reference,commander_nav_state_override__2018-12-19__07_49_17__fault,src/modules/fw_att_control,0.0,inf
2019-01-25__17_38_05,reference,commander_nav_state_override__2018-12-19__07_49_17__fault,src/modules/fw_pos_control_l1,0.0,inf
2019-01-25__17_38_05,reference,commander_nav_state_override__2018-12-19__07_49_17__fault,src/modules/gnd_att_control,0.0,inf
2019-01-25__17_38_05,reference,commander_nav_state_override__2018-12-19__07_49_17__fault,src/modules/gnd_pos_control,0.0,inf
2019-01-25__17_38_05,reference,commander_nav_state_override__2018-12-19__07_49_17__fault,src/modules/gpio_led,0.0,inf
2019-01-25__17_38_05,reference,commander_nav_state_override__2018-12-19__07_49_17__fault,src/modules/land_detector,0.0,inf
2019-01-25__17_38_05,reference,commander_nav_state_override__2018-12-19__07_49_17__fault,src/modules/landing_target_estimator,0.0,inf
2019-01-25__17_38_05,reference,commander_nav_state_override__2018-12-19__07_49_17__fault,src/modules/load_mon,0.0,inf
2019-01-25__17_38_05,reference,commander_nav_state_override__2018-12-19__07_49_17__fault,src/modules/logger,0.0,inf
2019-01-25__17_38_05,reference,commander_nav_state_override__2018-12-19__07_49_17__fault,src/modules/mavlink,0.011765831722452852,7.0
2019-01-25__17_38_05,reference,commander_nav_state_override__2018-12-19__07_49_17__fault,src/modules/mc_att_control,0.0,inf
2019-01-25__17_38_05,reference,commander_nav_state_override__2018-12-19__07_49_17__fault,src/modules/mc_pos_control,0.0,inf
2019-01-25__17_38_05,reference,commander_nav_state_override__2018-12-19__07_49_17__fault,src/modules/navigator,0.0,inf
2019-01-25__17_38_05,reference,commander_nav_state_override__2018-12-19__07_49_17__fault,src/modules/position_estimator_inav,0.0,inf
2019-01-25__17_38_05,reference,commander_nav_state_override__2018-12-19__07_49_17__fault,src/modules/replay,0.0,inf
2019-01-25__17_38_05,reference,commander_nav_state_override__2018-12-19__07_49_17__fault,src/modules/sdlog2,0.0,inf
2019-01-25__17_38_05,reference,commander_nav_state_override__2018-12-19__07_49_17__fault,src/modules/sensors,0.0649426205088531,3.0
2019-01-25__17_38_05,reference,commander_nav_state_override__2018-12-19__07_49_17__fault,src/modules/simulator,0.0,inf
2019-01-25__17_38_05,reference,commander_nav_state_override__2018-12-19__07_49_17__fault,src/modules/syslink,0.0,inf
2019-01-25__17_38_05,reference,commander_nav_state_override__2018-12-19__07_49_17__fault,src/modules/uavcan,0.0,inf
2019-01-25__17_38_05,reference,commander_nav_state_override__2018-12-19__07_49_17__fault,src/modules/vtol_att_control,0.0,inf
2019-01-25__17_38_05,reference,commander_nav_state_override__2018-12-19__07_49_17__fault,src/modules/wind_estimator,0.0,inf
2019-01-25__17_38_05,reference,commander_nav_state_override__2018-12-19__07_49_17__fault,src/platforms/posix/drivers/df_bebop_bus_wrapper,0.0,inf
2019-01-25__17_38_05,reference,commander_nav_state_override__2018-12-19__07_49_17__fault,src/platforms/posix/drivers/df_bebop_rangefinder_wrapper,0.0,inf
2019-01-25__17_38_05,reference,commander_nav_state_override__2018-12-19__07_49_17__fault,src/platforms/posix/drivers/df_isl29501_wrapper,0.0,inf
2019-01-25__17_38_05,reference,commander_nav_state_override__2018-12-19__07_49_17__fault,src/platforms/posix/drivers/df_ltc2946_wrapper,0.0,inf
2019-01-25__17_38_05,reference,commander_nav_state_override__2018-12-19__07_49_17__fault,src/platforms/posix/drivers/df_trone_wrapper,0.0,inf
2019-01-25__17_38_05,reference,commander_nav_state_override__2018-12-19__07_49_17__fault,src/platforms/qurt/fc_addon/uart_esc,0.0,inf
2019-01-25__17_38_05,reference,commander_nav_state_override__2018-12-19__07_49_17__fault,src/platforms/qurt/tests/muorb,0.0649426205088531,3.0
2019-01-25__17_38_05,reference,commander_nav_state_override__2018-12-19__07_49_17__fault,src/templates/module,0.0,inf
2019-01-25__17_38_05,reference,commander_nav_state_override__2018-12-20__07_47_50__fault,src/drivers/batt_smbus,0.0,inf
2019-01-25__17_38_05,reference,commander_nav_state_override__2018-12-20__07_47_50__fault,src/drivers/blinkm,0.0,inf
2019-01-25__17_38_05,reference,commander_nav_state_override__2018-12-20__07_47_50__fault,src/drivers/camera_trigger,0.0,inf
2019-01-25__17_38_05,reference,commander_nav_state_override__2018-12-20__07_47_50__fault,src/drivers/distance_sensor,0.0,inf
2019-01-25__17_38_05,reference,commander_nav_state_override__2018-12-20__07_47_50__fault,src/drivers/linux_pwm_out,0.0,inf
2019-01-25__17_38_05,reference,commander_nav_state_override__2018-12-20__07_47_50__fault,src/drivers/mkblctrl,0.0,inf
2019-01-25__17_38_05,reference,commander_nav_state_override__2018-12-20__07_47_50__fault,src/drivers/pwm_out_sim,0.0,inf
2019-01-25__17_38_05,reference,commander_nav_state_override__2018-12-20__07_47_50__fault,src/drivers/px4flow,0.0,inf
2019-01-25__17_38_05,reference,commander_nav_state_override__2018-12-20__07_47_50__fault,src/drivers/px4fmu,0.0,inf
2019-01-25__17_38_05,reference,commander_nav_state_override__2018-12-20__07_47_50__fault,src/drivers/px4io,0.0,inf
2019-01-25__17_38_05,reference,commander_nav_state_override__2018-12-20__07_47_50__fault,src/drivers/snapdragon_pwm_out,0.0,inf
2019-01-25__17_38_05,reference,commander_nav_state_override__2018-12-20__07_47_50__fault,src/drivers/tap_esc,0.0,inf
2019-01-25__17_38_05,reference,commander_nav_state_override__2018-12-20__07_47_50__fault,src/drivers/telemetry,0.0,inf
2019-01-25__17_38_05,reference,commander_nav_state_override__2018-12-20__07_47_50__fault,src/drivers/vmount,0.0,inf
2019-01-25__17_38_05,reference,commander_nav_state_override__2018-12-20__07_47_50__fault,src/examples/fixedwing_control,0.0,inf
2019-01-25__17_38_05,reference,commander_nav_state_override__2018-12-20__07_47_50__fault,src/examples/hwtest,0.0,inf
2019-01-25__17_38_05,reference,commander_nav_state_override__2018-12-20__07_47_50__fault,src/examples/px4_simple_app,2.383787100655383,5.0
2019-01-25__17_38_05,reference,commander_nav_state_override__2018-12-20__07_47_50__fault,src/examples/rover_steering_control,0.0,inf
2019-01-25__17_38_05,reference,commander_nav_state_override__2018-12-20__07_47_50__fault,src/examples/uuv_example_app,0.0,inf
2019-01-25__17_38_05,reference,commander_nav_state_override__2018-12-20__07_47_50__fault,src/modules/attitude_estimator_q,2.383787100655383,5.0
2019-01-25__17_38_05,reference,commander_nav_state_override__2018-12-20__07_47_50__fault,src/modules/camera_feedback,0.0,inf
2019-01-25__17_38_05,reference,commander_nav_state_override__2018-12-20__07_47_50__fault,src/modules/commander,41.26541812584665,1.0
2019-01-25__17_38_05,reference,commander_nav_state_override__2018-12-20__07_47_50__fault,src/modules/ekf2,2.383787100655383,5.0
2019-01-25__17_38_05,reference,commander_nav_state_override__2018-12-20__07_47_50__fault,src/modules/events,0.0,inf
2019-01-25__17_38_05,reference,commander_nav_state_override__2018-12-20__07_47_50__fault,src/modules/fw_att_control,0.0,inf
2019-01-25__17_38_05,reference,commander_nav_state_override__2018-12-20__07_47_50__fault,src/modules/fw_pos_control_l1,0.0,inf
2019-01-25__17_38_05,reference,commander_nav_state_override__2018-12-20__07_47_50__fault,src/modules/gnd_att_control,0.0,inf
2019-01-25__17_38_05,reference,commander_nav_state_override__2018-12-20__07_47_50__fault,src/modules/gnd_pos_control,0.002772027262005731,10.0
2019-01-25__17_38_05,reference,commander_nav_state_override__2018-12-20__07_47_50__fault,src/modules/gpio_led,0.0,inf
2019-01-25__17_38_05,reference,commander_nav_state_override__2018-12-20__07_47_50__fault,src/modules/land_detector,0.0,inf
2019-01-25__17_38_05,reference,commander_nav_state_override__2018-12-20__07_47_50__fault,src/modules/landing_target_estimator,0.0,inf
2019-01-25__17_38_05,reference,commander_nav_state_override__2018-12-20__07_47_50__fault,src/modules/load_mon,0.0,inf
2019-01-25__17_38_05,reference,commander_nav_state_override__2018-12-20__07_47_50__fault,src/modules/logger,0.0,inf
2019-01-25__17_38_05,reference,commander_nav_state_override__2018-12-20__07_47_50__fault,src/modules/mavlink,2.386559127917389,2.0
2019-01-25__17_38_05,reference,commander_nav_state_override__2018-12-20__07_47_50__fault,src/modules/mc_att_control,0.0,inf
2019-01-25__17_38_05,reference,commander_nav_state_override__2018-12-20__07_47_50__fault,src/modules/mc_pos_control,0.0,inf
2019-01-25__17_38_05,reference,commander_nav_state_override__2018-12-20__07_47_50__fault,src/modules/navigator,0.002772027262005731,10.0
2019-01-25__17_38_05,reference,commander_nav_state_override__2018-12-20__07_47_50__fault,src/modules/position_estimator_inav,0.0,inf
2019-01-25__17_38_05,reference,commander_nav_state_override__2018-12-20__07_47_50__fault,src/modules/replay,0.0,inf
2019-01-25__17_38_05,reference,commander_nav_state_override__2018-12-20__07_47_50__fault,src/modules/sdlog2,0.0,inf
2019-01-25__17_38_05,reference,commander_nav_state_override__2018-12-20__07_47_50__fault,src/modules/sensors,0.02116082908303246,7.0
2019-01-25__17_38_05,reference,commander_nav_state_override__2018-12-20__07_47_50__fault,src/modules/simulator,0.0,inf
2019-01-25__17_38_05,reference,commander_nav_state_override__2018-12-20__07_47_50__fault,src/modules/syslink,0.0,inf
2019-01-25__17_38_05,reference,commander_nav_state_override__2018-12-20__07_47_50__fault,src/modules/uavcan,0.0,inf
2019-01-25__17_38_05,reference,commander_nav_state_override__2018-12-20__07_47_50__fault,src/modules/vtol_att_control,0.002772027262005731,10.0
2019-01-25__17_38_05,reference,commander_nav_state_override__2018-12-20__07_47_50__fault,src/modules/wind_estimator,0.0,inf
2019-01-25__17_38_05,reference,commander_nav_state_override__2018-12-20__07_47_50__fault,src/platforms/posix/drivers/df_bebop_bus_wrapper,0.0,inf
2019-01-25__17_38_05,reference,commander_nav_state_override__2018-12-20__07_47_50__fault,src/platforms/posix/drivers/df_bebop_rangefinder_wrapper,0.0,inf
2019-01-25__17_38_05,reference,commander_nav_state_override__2018-12-20__07_47_50__fault,src/platforms/posix/drivers/df_isl29501_wrapper,0.0,inf
2019-01-25__17_38_05,reference,commander_nav_state_override__2018-12-20__07_47_50__fault,src/platforms/posix/drivers/df_ltc2946_wrapper,0.0,inf
2019-01-25__17_38_05,reference,commander_nav_state_override__2018-12-20__07_47_50__fault,src/platforms/posix/drivers/df_trone_wrapper,0.0,inf
2019-01-25__17_38_05,reference,commander_nav_state_override__2018-12-20__07_47_50__fault,src/platforms/qurt/fc_addon/uart_esc,0.0,inf
2019-01-25__17_38_05,reference,commander_nav_state_override__2018-12-20__07_47_50__fault,src/platforms/qurt/tests/muorb,0.02116082908303246,7.0
2019-01-25__17_38_05,reference,commander_nav_state_override__2018-12-20__07_47_50__fault,src/templates/module,0.0,inf
2019-01-25__17_38_05,reference,commander_nav_state_override__2018-12-25__08_44_40__fault,src/drivers/batt_smbus,0.0,inf
2019-01-25__17_38_05,reference,commander_nav_state_override__2018-12-25__08_44_40__fault,src/drivers/blinkm,0.0,inf
2019-01-25__17_38_05,reference,commander_nav_state_override__2018-12-25__08_44_40__fault,src/drivers/camera_trigger,0.0,inf
2019-01-25__17_38_05,reference,commander_nav_state_override__2018-12-25__08_44_40__fault,src/drivers/distance_sensor,0.0,inf
2019-01-25__17_38_05,reference,commander_nav_state_override__2018-12-25__08_44_40__fault,src/drivers/linux_pwm_out,0.0,inf
2019-01-25__17_38_05,reference,commander_nav_state_override__2018-12-25__08_44_40__fault,src/drivers/mkblctrl,0.0,inf
2019-01-25__17_38_05,reference,commander_nav_state_override__2018-12-25__08_44_40__fault,src/drivers/pwm_out_sim,0.0,inf
2019-01-25__17_38_05,reference,commander_nav_state_override__2018-12-25__08_44_40__fault,src/drivers/px4flow,0.0,inf
2019-01-25__17_38_05,reference,commander_nav_state_override__2018-12-25__08_44_40__fault,src/drivers/px4fmu,0.0,inf
2019-01-25__17_38_05,reference,commander_nav_state_override__2018-12-25__08_44_40__fault,src/drivers/px4io,0.0,inf
2019-01-25__17_38_05,reference,commander_nav_state_override__2018-12-25__08_44_40__fault,src/drivers/snapdragon_pwm_out,0.0,inf
2019-01-25__17_38_05,reference,commander_nav_state_override__2018-12-25__08_44_40__fault,src/drivers/tap_esc,0.0,inf
2019-01-25__17_38_05,reference,commander_nav_state_override__2018-12-25__08_44_40__fault,src/drivers/telemetry,0.0,inf
2019-01-25__17_38_05,reference,commander_nav_state_override__2018-12-25__08_44_40__fault,src/drivers/vmount,0.0,inf
2019-01-25__17_38_05,reference,commander_nav_state_override__2018-12-25__08_44_40__fault,src/examples/fixedwing_control,0.0,inf
2019-01-25__17_38_05,reference,commander_nav_state_override__2018-12-25__08_44_40__fault,src/examples/hwtest,0.0,inf
2019-01-25__17_38_05,reference,commander_nav_state_override__2018-12-25__08_44_40__fault,src/examples/px4_simple_app,0.9843058372767758,5.0
2019-01-25__17_38_05,reference,commander_nav_state_override__2018-12-25__08_44_40__fault,src/examples/rover_steering_control,0.0,inf
2019-01-25__17_38_05,reference,commander_nav_state_override__2018-12-25__08_44_40__fault,src/examples/uuv_example_app,0.0,inf
2019-01-25__17_38_05,reference,commander_nav_state_override__2018-12-25__08_44_40__fault,src/modules/attitude_estimator_q,0.9843058372767758,5.0
2019-01-25__17_38_05,reference,commander_nav_state_override__2018-12-25__08_44_40__fault,src/modules/camera_feedback,0.0,inf
2019-01-25__17_38_05,reference,commander_nav_state_override__2018-12-25__08_44_40__fault,src/modules/commander,43.0595667400139,1.0
2019-01-25__17_38_05,reference,commander_nav_state_override__2018-12-25__08_44_40__fault,src/modules/ekf2,0.9843058372767758,5.0
2019-01-25__17_38_05,reference,commander_nav_state_override__2018-12-25__08_44_40__fault,src/modules/events,0.0,inf
2019-01-25__17_38_05,reference,commander_nav_state_override__2018-12-25__08_44_40__fault,src/modules/fw_att_control,0.0,inf
2019-01-25__17_38_05,reference,commander_nav_state_override__2018-12-25__08_44_40__fault,src/modules/fw_pos_control_l1,0.0,inf
2019-01-25__17_38_05,reference,commander_nav_state_override__2018-12-25__08_44_40__fault,src/modules/gnd_att_control,0.0,inf
2019-01-25__17_38_05,reference,commander_nav_state_override__2018-12-25__08_44_40__fault,src/modules/gnd_pos_control,0.0,inf
2019-01-25__17_38_05,reference,commander_nav_state_override__2018-12-25__08_44_40__fault,src/modules/gpio_led,0.0,inf
2019-01-25__17_38_05,reference,commander_nav_state_override__2018-12-25__08_44_40__fault,src/modules/land_detector,0.0,inf
2019-01-25__17_38_05,reference,commander_nav_state_override__2018-12-25__08_44_40__fault,src/modules/landing_target_estimator,0.0,inf
2019-01-25__17_38_05,reference,commander_nav_state_override__2018-12-25__08_44_40__fault,src/modules/load_mon,0.0,inf
2019-01-25__17_38_05,reference,commander_nav_state_override__2018-12-25__08_44_40__fault,src/modules/logger,0.0,inf
2019-01-25__17_38_05,reference,commander_nav_state_override__2018-12-25__08_44_40__fault,src/modules/mavlink,0.9843058372767758,5.0
2019-01-25__17_38_05,reference,commander_nav_state_override__2018-12-25__08_44_40__fault,src/modules/mc_att_control,0.0,inf
2019-01-25__17_38_05,reference,commander_nav_state_override__2018-12-25__08_44_40__fault,src/modules/mc_pos_control,0.0,inf
2019-01-25__17_38_05,reference,commander_nav_state_override__2018-12-25__08_44_40__fault,src/modules/navigator,0.0,inf
2019-01-25__17_38_05,reference,commander_nav_state_override__2018-12-25__08_44_40__fault,src/modules/position_estimator_inav,0.0,inf
2019-01-25__17_38_05,reference,commander_nav_state_override__2018-12-25__08_44_40__fault,src/modules/replay,0.0,inf
2019-01-25__17_38_05,reference,commander_nav_state_override__2018-12-25__08_44_40__fault,src/modules/sdlog2,0.0,inf
2019-01-25__17_38_05,reference,commander_nav_state_override__2018-12-25__08_44_40__fault,src/modules/sensors,0.0,inf
2019-01-25__17_38_05,reference,commander_nav_state_override__2018-12-25__08_44_40__fault,src/modules/simulator,0.0,inf
2019-01-25__17_38_05,reference,commander_nav_state_override__2018-12-25__08_44_40__fault,src/modules/syslink,0.0,inf
2019-01-25__17_38_05,reference,commander_nav_state_override__2018-12-25__08_44_40__fault,src/modules/uavcan,0.0,inf
2019-01-25__17_38_05,reference,commander_nav_state_override__2018-12-25__08_44_40__fault,src/modules/vtol_att_control,0.0,inf
2019-01-25__17_38_05,reference,commander_nav_state_override__2018-12-25__08_44_40__fault,src/modules/wind_estimator,0.0,inf
2019-01-25__17_38_05,reference,commander_nav_state_override__2018-12-25__08_44_40__fault,src/platforms/posix/drivers/df_bebop_bus_wrapper,0.0,inf
2019-01-25__17_38_05,reference,commander_nav_state_override__2018-12-25__08_44_40__fault,src/platforms/posix/drivers/df_bebop_rangefinder_wrapper,0.0,inf
2019-01-25__17_38_05,reference,commander_nav_state_override__2018-12-25__08_44_40__fault,src/platforms/posix/drivers/df_isl29501_wrapper,0.0,inf
2019-01-25__17_38_05,reference,commander_nav_state_override__2018-12-25__08_44_40__fault,src/platforms/posix/drivers/df_ltc2946_wrapper,0.0,inf
2019-01-25__17_38_05,reference,commander_nav_state_override__2018-12-25__08_44_40__fault,src/platforms/posix/drivers/df_trone_wrapper,0.0,inf
2019-01-25__17_38_05,reference,commander_nav_state_override__2018-12-25__08_44_40__fault,src/platforms/qurt/fc_addon/uart_esc,0.0,inf
2019-01-25__17_38_05,reference,commander_nav_state_override__2018-12-25__08_44_40__fault,src/platforms/qurt/tests/muorb,0.0,inf
2019-01-25__17_38_05,reference,commander_nav_state_override__2018-12-25__08_44_40__fault,src/templates/module,0.0,inf
2019-01-25__17_38_05,reference,ekf2_innovation_bias__2018-12-19__07_49_17__fault,src/drivers/batt_smbus,0.0,inf
2019-01-25__17_38_05,reference,ekf2_innovation_bias__2018-12-19__07_49_17__fault,src/drivers/blinkm,0.0,inf
2019-01-25__17_38_05,reference,ekf2_innovation_bias__2018-12-19__07_49_17__fault,src/drivers/camera_trigger,0.0,inf
2019-01-25__17_38_05,reference,ekf2_innovation_bias__2018-12-19__07_49_17__fault,src/drivers/distance_sensor,0.0,inf
2019-01-25__17_38_05,reference,ekf2_innovation_bias__2018-12-19__07_49_17__fault,src/drivers/linux_pwm_out,0.007246713391330883,17.0
2019-01-25__17_38_05,reference,ekf2_innovation_bias__2018-12-19__07_49_17__fault,src/drivers/mkblctrl,0.007246713391330883,17.0
2019-01-25__17_38_05,reference,ekf2_innovation_bias__2018-12-19__07_49_17__fault,src/drivers/pwm_out_sim,0.007246713391330883,17.0
2019-01-25__17_38_05,reference,ekf2_innovation_bias__2018-12-19__07_49_17__fault,src/drivers/px4flow,0.0,inf
2019-01-25__17_38_05,reference,ekf2_innovation_bias__2018-12-19__07_49_17__fault,src/drivers/px4fmu,0.007246713391330883,17.0
2019-01-25__17_38_05,reference,ekf2_innovation_bias__2018-12-19__07_49_17__fault,src/drivers/px4io,0.007246713391330883,17.0
2019-01-25__17_38_05,reference,ekf2_innovation_bias__2018-12-19__07_49_17__fault,src/drivers/snapdragon_pwm_out,0.007246713391330883,17.0
2019-01-25__17_38_05,reference,ekf2_innovation_bias__2018-12-19__07_49_17__fault,src/drivers/tap_esc,0.007246713391330883,17.0
2019-01-25__17_38_05,reference,ekf2_innovation_bias__2018-12-19__07_49_17__fault,src/drivers/telemetry,0.0,inf
2019-01-25__17_38_05,reference,ekf2_innovation_bias__2018-12-19__07_49_17__fault,src/drivers/vmount,0.0,inf
2019-01-25__17_38_05,reference,ekf2_innovation_bias__2018-12-19__07_49_17__fault,src/examples/fixedwing_control,0.0,inf
2019-01-25__17_38_05,reference,ekf2_innovation_bias__2018-12-19__07_49_17__fault,src/examples/hwtest,0.0,inf
2019-01-25__17_38_05,reference,ekf2_innovation_bias__2018-12-19__07_49_17__fault,src/examples/px4_simple_app,5.319009700630358,4.0
2019-01-25__17_38_05,reference,ekf2_innovation_bias__2018-12-19__07_49_17__fault,src/examples/rover_steering_control,0.0,inf
2019-01-25__17_38_05,reference,ekf2_innovation_bias__2018-12-19__07_49_17__fault,src/examples/uuv_example_app,0.0,inf
2019-01-25__17_38_05,reference,ekf2_innovation_bias__2018-12-19__07_49_17__fault,src/modules/attitude_estimator_q,5.319009700630358,4.0
2019-01-25__17_38_05,reference,ekf2_innovation_bias__2018-12-19__07_49_17__fault,src/modules/camera_feedback,0.0,inf
2019-01-25__17_38_05,reference,ekf2_innovation_bias__2018-12-19__07_49_17__fault,src/modules/commander,0.0,inf
2019-01-25__17_38_05,reference,ekf2_innovation_bias__2018-12-19__07_49_17__fault,src/modules/ekf2,232.25445746091324,1.0
2019-01-25__17_38_05,reference,ekf2_innovation_bias__2018-12-19__07_49_17__fault,src/modules/events,0.0,inf
2019-01-25__17_38_05,reference,ekf2_innovation_bias__2018-12-19__07_49_17__fault,src/modules/fw_att_control,0.0,inf
2019-01-25__17_38_05,reference,ekf2_innovation_bias__2018-12-19__07_49_17__fault,src/modules/fw_pos_control_l1,0.0,inf
2019-01-25__17_38_05,reference,ekf2_innovation_bias__2018-12-19__07_49_17__fault,src/modules/gnd_att_control,0.0,inf
2019-01-25__17_38_05,reference,ekf2_innovation_bias__2018-12-19__07_49_17__fault,src/modules/gnd_pos_control,0.0,inf
2019-01-25__17_38_05,reference,ekf2_innovation_bias__2018-12-19__07_49_17__fault,src/modules/gpio_led,0.0,inf
2019-01-25__17_38_05,reference,ekf2_innovation_bias__2018-12-19__07_49_17__fault,src/modules/land_detector,0.0,inf
2019-01-25__17_38_05,reference,ekf2_innovation_bias__2018-12-19__07_49_17__fault,src/modules/landing_target_estimator,0.0,inf
2019-01-25__17_38_05,reference,ekf2_innovation_bias__2018-12-19__07_49_17__fault,src/modules/load_mon,0.0,inf
2019-01-25__17_38_05,reference,ekf2_innovation_bias__2018-12-19__07_49_17__fault,src/modules/logger,0.0,inf
2019-01-25__17_38_05,reference,ekf2_innovation_bias__2018-12-19__07_49_17__fault,src/modules/mavlink,9.680721381400293,2.0
2019-01-25__17_38_05,reference,ekf2_innovation_bias__2018-12-19__07_49_17__fault,src/modules/mc_att_control,0.0,inf
2019-01-25__17_38_05,reference,ekf2_innovation_bias__2018-12-19__07_49_17__fault,src/modules/mc_pos_control,0.0,inf
2019-01-25__17_38_05,reference,ekf2_innovation_bias__2018-12-19__07_49_17__fault,src/modules/navigator,0.0,inf
2019-01-25__17_38_05,reference,ekf2_innovation_bias__2018-12-19__07_49_17__fault,src/modules/position_estimator_inav,4.253631961106714,5.0
2019-01-25__17_38_05,reference,ekf2_innovation_bias__2018-12-19__07_49_17__fault,src/modules/replay,0.0,inf
2019-01-25__17_38_05,reference,ekf2_innovation_bias__2018-12-19__07_49_17__fault,src/modules/sdlog2,0.0,inf
2019-01-25__17_38_05,reference,ekf2_innovation_bias__2018-12-19__07_49_17__fault,src/modules/sensors,0.155932176880271,6.0
2019-01-25__17_38_05,reference,ekf2_innovation_bias__2018-12-19__07_49_17__fault,src/modules/simulator,0.0,inf
2019-01-25__17_38_05,reference,ekf2_innovation_bias__2018-12-19__07_49_17__fault,src/modules/syslink,0.0,inf
2019-01-25__17_38_05,reference,ekf2_innovation_bias__2018-12-19__07_49_17__fault,src/modules/uavcan,0.007246713391330883,17.0
2019-01-25__17_38_05,reference,ekf2_innovation_bias__2018-12-19__07_49_17__fault,src/modules/vtol_att_control,0.0,inf
2019-01-25__17_38_05,reference,ekf2_innovation_bias__2018-12-19__07_49_17__fault,src/modules/wind_estimator,0.0,inf
2019-01-25__17_38_05,reference,ekf2_innovation_bias__2018-12-19__07_49_17__fault,src/platforms/posix/drivers/df_bebop_bus_wrapper,0.007246713391330883,17.0
2019-01-25__17_38_05,reference,ekf2_innovation_bias__2018-12-19__07_49_17__fault,src/platforms/posix/drivers/df_bebop_rangefinder_wrapper,0.0,inf
2019-01-25__17_38_05,reference,ekf2_innovation_bias__2018-12-19__07_49_17__fault,src/platforms/posix/drivers/df_isl29501_wrapper,0.0,inf
2019-01-25__17_38_05,reference,ekf2_innovation_bias__2018-12-19__07_49_17__fault,src/platforms/posix/drivers/df_ltc2946_wrapper,0.0,inf
2019-01-25__17_38_05,reference,ekf2_innovation_bias__2018-12-19__07_49_17__fault,src/platforms/posix/drivers/df_trone_wrapper,0.0,inf
2019-01-25__17_38_05,reference,ekf2_innovation_bias__2018-12-19__07_49_17__fault,src/platforms/qurt/fc_addon/uart_esc,0.007246713391330883,17.0
2019-01-25__17_38_05,reference,ekf2_innovation_bias__2018-12-19__07_49_17__fault,src/platforms/qurt/tests/muorb,0.04785245721704966,7.0
2019-01-25__17_38_05,reference,ekf2_innovation_bias__2018-12-19__07_49_17__fault,src/templates/module,0.0,inf
2019-01-25__17_38_05,reference,ekf2_innovation_bias__2018-12-20__07_47_50__fault,src/drivers/batt_smbus,0.0,inf
2019-01-25__17_38_05,reference,ekf2_innovation_bias__2018-12-20__07_47_50__fault,src/drivers/blinkm,0.0,inf
2019-01-25__17_38_05,reference,ekf2_innovation_bias__2018-12-20__07_47_50__fault,src/drivers/camera_trigger,0.0,inf
2019-01-25__17_38_05,reference,ekf2_innovation_bias__2018-12-20__07_47_50__fault,src/drivers/distance_sensor,0.0,inf
2019-01-25__17_38_05,reference,ekf2_innovation_bias__2018-12-20__07_47_50__fault,src/drivers/linux_pwm_out,0.0,inf
2019-01-25__17_38_05,reference,ekf2_innovation_bias__2018-12-20__07_47_50__fault,src/drivers/mkblctrl,0.0,inf
2019-01-25__17_38_05,reference,ekf2_innovation_bias__2018-12-20__07_47_50__fault,src/drivers/pwm_out_sim,0.0,inf
2019-01-25__17_38_05,reference,ekf2_innovation_bias__2018-12-20__07_47_50__fault,src/drivers/px4flow,0.0,inf
2019-01-25__17_38_05,reference,ekf2_innovation_bias__2018-12-20__07_47_50__fault,src/drivers/px4fmu,0.0,inf
2019-01-25__17_38_05,reference,ekf2_innovation_bias__2018-12-20__07_47_50__fault,src/drivers/px4io,0.0,inf
2019-01-25__17_38_05,reference,ekf2_innovation_bias__2018-12-20__07_47_50__fault,src/drivers/snapdragon_pwm_out,0.0,inf
2019-01-25__17_38_05,reference,ekf2_innovation_bias__2018-12-20__07_47_50__fault,src/drivers/tap_esc,0.0,inf
2019-01-25__17_38_05,reference,ekf2_innovation_bias__2018-12-20__07_47_50__fault,src/drivers/telemetry,0.0,inf
2019-01-25__17_38_05,reference,ekf2_innovation_bias__2018-12-20__07_47_50__fault,src/drivers/vmount,0.0,inf
2019-01-25__17_38_05,reference,ekf2_innovation_bias__2018-12-20__07_47_50__fault,src/examples/fixedwing_control,0.0,inf
2019-01-25__17_38_05,reference,ekf2_innovation_bias__2018-12-20__07_47_50__fault,src/examples/hwtest,0.0,inf
2019-01-25__17_38_05,reference,ekf2_innovation_bias__2018-12-20__07_47_50__fault,src/examples/px4_simple_app,10.410880085996707,5.0
2019-01-25__17_38_05,reference,ekf2_innovation_bias__2018-12-20__07_47_50__fault,src/examples/rover_steering_control,0.0,inf
2019-01-25__17_38_05,reference,ekf2_innovation_bias__2018-12-20__07_47_50__fault,src/examples/uuv_example_app,0.0,inf
2019-01-25__17_38_05,reference,ekf2_innovation_bias__2018-12-20__07_47_50__fault,src/modules/attitude_estimator_q,10.410880085996707,5.0
2019-01-25__17_38_05,reference,ekf2_innovation_bias__2018-12-20__07_47_50__fault,src/modules/camera_feedback,0.0,inf
2019-01-25__17_38_05,reference,ekf2_innovation_bias__2018-12-20__07_47_50__fault,src/modules/commander,0.0,inf
2019-01-25__17_38_05,reference,ekf2_innovation_bias__2018-12-20__07_47_50__fault,src/modules/ekf2,389.5282825859713,1.0
2019-01-25__17_38_05,reference,ekf2_innovation_bias__2018-12-20__07_47_50__fault,src/modules/events,0.0,inf
2019-01-25__17_38_05,reference,ekf2_innovation_bias__2018-12-20__07_47_50__fault,src/modules/fw_att_control,0.0,inf
2019-01-25__17_38_05,reference,ekf2_innovation_bias__2018-12-20__07_47_50__fault,src/modules/fw_pos_control_l1,0.0,inf
2019-01-25__17_38_05,reference,ekf2_innovation_bias__2018-12-20__07_47_50__fault,src/modules/gnd_att_control,0.0,inf
2019-01-25__17_38_05,reference,ekf2_innovation_bias__2018-12-20__07_47_50__fault,src/modules/gnd_pos_control,0.0,inf
2019-01-25__17_38_05,reference,ekf2_innovation_bias__2018-12-20__07_47_50__fault,src/modules/gpio_led,0.0,inf
2019-01-25__17_38_05,reference,ekf2_innovation_bias__2018-12-20__07_47_50__fault,src/modules/land_detector,0.0,inf
2019-01-25__17_38_05,reference,ekf2_innovation_bias__2018-12-20__07_47_50__fault,src/modules/landing_target_estimator,0.0,inf
2019-01-25__17_38_05,reference,ekf2_innovation_bias__2018-12-20__07_47_50__fault,src/modules/load_mon,0.0,inf
2019-01-25__17_38_05,reference,ekf2_innovation_bias__2018-12-20__07_47_50__fault,src/modules/logger,0.0,inf
2019-01-25__17_38_05,reference,ekf2_innovation_bias__2018-12-20__07_47_50__fault,src/modules/mavlink,29.41720442142656,2.0
2019-01-25__17_38_05,reference,ekf2_innovation_bias__2018-12-20__07_47_50__fault,src/modules/mc_att_control,0.0,inf
2019-01-25__17_38_05,reference,ekf2_innovation_bias__2018-12-20__07_47_50__fault,src/modules/mc_pos_control,0.0,inf
2019-01-25__17_38_05,reference,ekf2_innovation_bias__2018-12-20__07_47_50__fault,src/modules/navigator,0.0,inf
2019-01-25__17_38_05,reference,ekf2_innovation_bias__2018-12-20__07_47_50__fault,src/modules/position_estimator_inav,19.006324335429852,3.0
2019-01-25__17_38_05,reference,ekf2_innovation_bias__2018-12-20__07_47_50__fault,src/modules/replay,0.0,inf
2019-01-25__17_38_05,reference,ekf2_innovation_bias__2018-12-20__07_47_50__fault,src/modules/sdlog2,0.0,inf
2019-01-25__17_38_05,reference,ekf2_innovation_bias__2018-12-20__07_47_50__fault,src/modules/sensors,0.0,inf
2019-01-25__17_38_05,reference,ekf2_innovation_bias__2018-12-20__07_47_50__fault,src/modules/simulator,0.0,inf
2019-01-25__17_38_05,reference,ekf2_innovation_bias__2018-12-20__07_47_50__fault,src/modules/syslink,0.0,inf
2019-01-25__17_38_05,reference,ekf2_innovation_bias__2018-12-20__07_47_50__fault,src/modules/uavcan,0.0,inf
2019-01-25__17_38_05,reference,ekf2_innovation_bias__2018-12-20__07_47_50__fault,src/modules/vtol_att_control,0.0,inf
2019-01-25__17_38_05,reference,ekf2_innovation_bias__2018-12-20__07_47_50__fault,src/modules/wind_estimator,0.0,inf
2019-01-25__17_38_05,reference,ekf2_innovation_bias__2018-12-20__07_47_50__fault,src/platforms/posix/drivers/df_bebop_bus_wrapper,0.0,inf
2019-01-25__17_38_05,reference,ekf2_innovation_bias__2018-12-20__07_47_50__fault,src/platforms/posix/drivers/df_bebop_rangefinder_wrapper,0.0,inf
2019-01-25__17_38_05,reference,ekf2_innovation_bias__2018-12-20__07_47_50__fault,src/platforms/posix/drivers/df_isl29501_wrapper,0.0,inf
2019-01-25__17_38_05,reference,ekf2_innovation_bias__2018-12-20__07_47_50__fault,src/platforms/posix/drivers/df_ltc2946_wrapper,0.0,inf
2019-01-25__17_38_05,reference,ekf2_innovation_bias__2018-12-20__07_47_50__fault,src/platforms/posix/drivers/df_trone_wrapper,0.0,inf
2019-01-25__17_38_05,reference,ekf2_innovation_bias__2018-12-20__07_47_50__fault,src/platforms/qurt/fc_addon/uart_esc,0.0,inf
2019-01-25__17_38_05,reference,ekf2_innovation_bias__2018-12-20__07_47_50__fault,src/platforms/qurt/tests/muorb,0.0,inf
2019-01-25__17_38_05,reference,ekf2_innovation_bias__2018-12-20__07_47_50__fault,src/templates/module,0.0,inf
2019-01-25__17_38_05,reference,ekf2_innovation_bias__2018-12-25__08_44_40__fault,src/drivers/batt_smbus,0.0,inf
2019-01-25__17_38_05,reference,ekf2_innovation_bias__2018-12-25__08_44_40__fault,src/drivers/blinkm,0.0,inf
2019-01-25__17_38_05,reference,ekf2_innovation_bias__2018-12-25__08_44_40__fault,src/drivers/camera_trigger,0.0,inf
2019-01-25__17_38_05,reference,ekf2_innovation_bias__2018-12-25__08_44_40__fault,src/drivers/distance_sensor,0.0,inf
2019-01-25__17_38_05,reference,ekf2_innovation_bias__2018-12-25__08_44_40__fault,src/drivers/linux_pwm_out,0.0,inf
2019-01-25__17_38_05,reference,ekf2_innovation_bias__2018-12-25__08_44_40__fault,src/drivers/mkblctrl,0.0,inf
2019-01-25__17_38_05,reference,ekf2_innovation_bias__2018-12-25__08_44_40__fault,src/drivers/pwm_out_sim,0.0,inf
2019-01-25__17_38_05,reference,ekf2_innovation_bias__2018-12-25__08_44_40__fault,src/drivers/px4flow,0.0,inf
2019-01-25__17_38_05,reference,ekf2_innovation_bias__2018-12-25__08_44_40__fault,src/drivers/px4fmu,0.0,inf
2019-01-25__17_38_05,reference,ekf2_innovation_bias__2018-12-25__08_44_40__fault,src/drivers/px4io,0.0,inf
2019-01-25__17_38_05,reference,ekf2_innovation_bias__2018-12-25__08_44_40__fault,src/drivers/snapdragon_pwm_out,0.0,inf
2019-01-25__17_38_05,reference,ekf2_innovation_bias__2018-12-25__08_44_40__fault,src/drivers/tap_esc,0.0,inf
2019-01-25__17_38_05,reference,ekf2_innovation_bias__2018-12-25__08_44_40__fault,src/drivers/telemetry,0.0,inf
2019-01-25__17_38_05,reference,ekf2_innovation_bias__2018-12-25__08_44_40__fault,src/drivers/vmount,0.0,inf
2019-01-25__17_38_05,reference,ekf2_innovation_bias__2018-12-25__08_44_40__fault,src/examples/fixedwing_control,0.0,inf
2019-01-25__17_38_05,reference,ekf2_innovation_bias__2018-12-25__08_44_40__fault,src/examples/hwtest,0.0,inf
2019-01-25__17_38_05,reference,ekf2_innovation_bias__2018-12-25__08_44_40__fault,src/examples/px4_simple_app,0.45587174450379875,5.0
2019-01-25__17_38_05,reference,ekf2_innovation_bias__2018-12-25__08_44_40__fault,src/examples/rover_steering_control,0.0,inf
2019-01-25__17_38_05,reference,ekf2_innovation_bias__2018-12-25__08_44_40__fault,src/examples/uuv_example_app,0.0,inf
2019-01-25__17_38_05,reference,ekf2_innovation_bias__2018-12-25__08_44_40__fault,src/modules/attitude_estimator_q,0.45587174450379875,5.0
2019-01-25__17_38_05,reference,ekf2_innovation_bias__2018-12-25__08_44_40__fault,src/modules/camera_feedback,0.0,inf
2019-01-25__17_38_05,reference,ekf2_innovation_bias__2018-12-25__08_44_40__fault,src/modules/commander,0.0,inf
2019-01-25__17_38_05,reference,ekf2_innovation_bias__2018-12-25__08_44_40__fault,src/modules/ekf2,21.619865602430554,1.0
2019-01-25__17_38_05,reference,ekf2_innovation_bias__2018-12-25__08_44_40__fault,src/modules/events,0.0,inf
2019-01-25__17_38_05,reference,ekf2_innovation_bias__2018-12-25__08_44_40__fault,src/modules/fw_att_control,0.0,inf
2019-01-25__17_38_05,reference,ekf2_innovation_bias__2018-12-25__08_44_40__fault,src/modules/fw_pos_control_l1,0.0,inf
2019-01-25__17_38_05,reference,ekf2_innovation_bias__2018-12-25__08_44_40__fault,src/modules/gnd_att_control,0.0,inf
2019-01-25__17_38_05,reference,ekf2_innovation_bias__2018-12-25__08_44_40__fault,src/modules/gnd_pos_control,0.06618793208612851,8.0
2019-01-25__17_38_05,reference,ekf2_innovation_bias__2018-12-25__08_44_40__fault,src/modules/gpio_led,0.0,inf
2019-01-25__17_38_05,reference,ekf2_innovation_bias__2018-12-25__08_44_40__fault,src/modules/land_detector,0.0,inf
2019-01-25__17_38_05,reference,ekf2_innovation_bias__2018-12-25__08_44_40__fault,src/modules/landing_target_estimator,0.0,inf
2019-01-25__17_38_05,reference,ekf2_innovation_bias__2018-12-25__08_44_40__fault,src/modules/load_mon,0.0,inf
2019-01-25__17_38_05,reference,ekf2_innovation_bias__2018-12-25__08_44_40__fault,src/modules/logger,0.0,inf
2019-01-25__17_38_05,reference,ekf2_innovation_bias__2018-12-25__08_44_40__fault,src/modules/mavlink,12.718358905244475,2.0
2019-01-25__17_38_05,reference,ekf2_innovation_bias__2018-12-25__08_44_40__fault,src/modules/mc_att_control,0.0,inf
2019-01-25__17_38_05,reference,ekf2_innovation_bias__2018-12-25__08_44_40__fault,src/modules/mc_pos_control,0.0,inf
2019-01-25__17_38_05,reference,ekf2_innovation_bias__2018-12-25__08_44_40__fault,src/modules/navigator,0.06618793208612851,8.0
2019-01-25__17_38_05,reference,ekf2_innovation_bias__2018-12-25__08_44_40__fault,src/modules/position_estimator_inav,12.196299228654548,3.0
2019-01-25__17_38_05,reference,ekf2_innovation_bias__2018-12-25__08_44_40__fault,src/modules/replay,0.0,inf
2019-01-25__17_38_05,reference,ekf2_innovation_bias__2018-12-25__08_44_40__fault,src/modules/sdlog2,0.0,inf
2019-01-25__17_38_05,reference,ekf2_innovation_bias__2018-12-25__08_44_40__fault,src/modules/sensors,0.0,inf
2019-01-25__17_38_05,reference,ekf2_innovation_bias__2018-12-25__08_44_40__fault,src/modules/simulator,0.0,inf
2019-01-25__17_38_05,reference,ekf2_innovation_bias__2018-12-25__08_44_40__fault,src/modules/syslink,0.0,inf
2019-01-25__17_38_05,reference,ekf2_innovation_bias__2018-12-25__08_44_40__fault,src/modules/uavcan,0.0,inf
2019-01-25__17_38_05,reference,ekf2_innovation_bias__2018-12-25__08_44_40__fault,src/modules/vtol_att_control,0.06618793208612851,8.0
2019-01-25__17_38_05,reference,ekf2_innovation_bias__2018-12-25__08_44_40__fault,src/modules/wind_estimator,0.0,inf
2019-01-25__17_38_05,reference,ekf2_innovation_bias__2018-12-25__08_44_40__fault,src/platforms/posix/drivers/df_bebop_bus_wrapper,0.0,inf
2019-01-25__17_38_05,reference,ekf2_innovation_bias__2018-12-25__08_44_40__fault,src/platforms/posix/drivers/df_bebop_rangefinder_wrapper,0.0,inf
2019-01-25__17_38_05,reference,ekf2_innovation_bias__2018-12-25__08_44_40__fault,src/platforms/posix/drivers/df_isl29501_wrapper,0.0,inf
2019-01-25__17_38_05,reference,ekf2_innovation_bias__2018-12-25__08_44_40__fault,src/platforms/posix/drivers/df_ltc2946_wrapper,0.0,inf
2019-01-25__17_38_05,reference,ekf2_innovation_bias__2018-12-25__08_44_40__fault,src/platforms/posix/drivers/df_trone_wrapper,0.0,inf
2019-01-25__17_38_05,reference,ekf2_innovation_bias__2018-12-25__08_44_40__fault,src/platforms/qurt/fc_addon/uart_esc,0.0,inf
2019-01-25__17_38_05,reference,ekf2_innovation_bias__2018-12-25__08_44_40__fault,src/platforms/qurt/tests/muorb,0.0,inf
2019-01-25__17_38_05,reference,ekf2_innovation_bias__2018-12-25__08_44_40__fault,src/templates/module,0.0,inf
2019-01-25__17_38_05,reference,inav_local_z_freeze__2018-12-19__07_49_17__fault,src/drivers/batt_smbus,0.0,inf
2019-01-25__17_38_05,reference,inav_local_z_freeze__2018-12-19__07_49_17__fault,src/drivers/blinkm,0.0,inf
2019-01-25__17_38_05,reference,inav_local_z_freeze__2018-12-19__07_49_17__fault,src/drivers/camera_trigger,0.0,inf
2019-01-25__17_38_05,reference,inav_local_z_freeze__2018-12-19__07_49_17__fault,src/drivers/distance_sensor,0.0,inf
2019-01-25__17_38_05,reference,inav_local_z_freeze__2018-12-19__07_49_17__fault,src/drivers/linux_pwm_out,0.0,inf
2019-01-25__17_38_05,reference,inav_local_z_freeze__2018-12-19__07_49_17__fault,src/drivers/mkblctrl,0.0,inf
2019-01-25__17_38_05,reference,inav_local_z_freeze__2018-12-19__07_49_17__fault,src/drivers/pwm_out_sim,0.0,inf
2019-01-25__17_38_05,reference,inav_local_z_freeze__2018-12-19__07_49_17__fault,src/drivers/px4flow,0.0,inf
2019-01-25__17_38_05,reference,inav_local_z_freeze__2018-12-19__07_49_17__fault,src/drivers/px4fmu,0.0,inf
2019-01-25__17_38_05,reference,inav_local_z_freeze__2018-12-19__07_49_17__fault,src/drivers/px4io,0.0,inf
2019-01-25__17_38_05,reference,inav_local_z_freeze__2018-12-19__07_49_17__fault,src/drivers/snapdragon_pwm_out,0.0,inf
2019-01-25__17_38_05,reference,inav_local_z_freeze__2018-12-19__07_49_17__fault,src/drivers/tap_esc,0.0,inf
2019-01-25__17_38_05,reference,inav_local_z_freeze__2018-12-19__07_49_17__fault,src/drivers/telemetry,0.0,inf
2019-01-25__17_38_05,reference,inav_local_z_freeze__2018-12-19__07_49_17__fault,src/drivers/vmount,0.0,inf
2019-01-25__17_38_05,reference,inav_local_z_freeze__2018-12-19__07_49_17__fault,src/examples/fixedwing_control,0.0,inf
2019-01-25__17_38_05,reference,inav_local_z_freeze__2018-12-19__07_49_17__fault,src/examples/hwtest,0.0,inf
2019-01-25__17_38_05,reference,inav_local_z_freeze__2018-12-19__07_49_17__fault,src/examples/px4_simple_app,3.6187109587080224,4.0
2019-01-25__17_38_05,reference,inav_local_z_freeze__2018-12-19__07_49_17__fault,src/examples/rover_steering_control,0.0,inf
2019-01-25__17_38_05,reference,inav_local_z_freeze__2018-12-19__07_49_17__fault,src/examples/uuv_example_app,0.0,inf
2019-01-25__17_38_05,reference,inav_local_z_freeze__2018-12-19__07_49_17__fault,src/modules/attitude_estimator_q,3.6187109587080224,4.0
2019-01-25__17_38_05,reference,inav_local_z_freeze__2018-12-19__07_49_17__fault,src/modules/camera_feedback,0.0,inf
2019-01-25__17_38_05,reference,inav_local_z_freeze__2018-12-19__07_49_17__fault,src/modules/commander,0.0,inf
2019-01-25__17_38_05,reference,inav_local_z_freeze__2018-12-19__07_49_17__fault,src/modules/ekf2,3.6187109587080224,4.0
2019-01-25__17_38_05,reference,inav_local_z_freeze__2018-12-19__07_49_17__fault,src/modules/events,0.0,inf
2019-01-25__17_38_05,reference,inav_local_z_freeze__2018-12-19__07_49_17__fault,src/modules/fw_att_control,0.0,inf
2019-01-25__17_38_05,reference,inav_local_z_freeze__2018-12-19__07_49_17__fault,src/modules/fw_pos_control_l1,0.0,inf
2019-01-25__17_38_05,reference,inav_local_z_freeze__2018-12-19__07_49_17__fault,src/modules/gnd_att_control,0.0,inf
2019-01-25__17_38_05,reference,inav_local_z_freeze__2018-12-19__07_49_17__fault,src/modules/gnd_pos_control,0.0,inf
2019-01-25__17_38_05,reference,inav_local_z_freeze__2018-12-19__07_49_17__fault,src/modules/gpio_led,0.0,inf
2019-01-25__17_38_05,reference,inav_local_z_freeze__2018-12-19__07_49_17__fault,src/modules/land_detector,0.0,inf
2019-01-25__17_38_05,reference,inav_local_z_freeze__2018-12-19__07_49_17__fault,src/modules/landing_target_estimator,0.0,inf
2019-01-25__17_38_05,reference,inav_local_z_freeze__2018-12-19__07_49_17__fault,src/modules/load_mon,0.0,inf
2019-01-25__17_38_05,reference,inav_local_z_freeze__2018-12-19__07_49_17__fault,src/modules/logger,0.0,inf
2019-01-25__17_38_05,reference,inav_local_z_freeze__2018-12-19__07_49_17__fault,src/modules/mavlink,4.287059435012882,1.0
2019-01-25__17_38_05,reference,inav_local_z_freeze__2018-12-19__07_49_17__fault,src/modules/mc_att_control,0.0,inf
2019-01-25__17_38_05,reference,inav_local_z_freeze__2018-12-19__07_49_17__fault,src/modules/mc_pos_control,0.0,inf
2019-01-25__17_38_05,reference,inav_local_z_freeze__2018-12-19__07_49_17__fault,src/modules/navigator,0.0,inf
2019-01-25__17_38_05,reference,inav_local_z_freeze__2018-12-19__07_49_17__fault,src/modules/position_estimator_inav,0.12794987798875318,6.0
2019-01-25__17_38_05,reference,inav_local_z_freeze__2018-12-19__07_49_17__fault,src/modules/replay,0.0,inf
2019-01-25__17_38_05,reference,inav_local_z_freeze__2018-12-19__07_49_17__fault,src/modules/sdlog2,0.0,inf
2019-01-25__17_38_05,reference,inav_local_z_freeze__2018-12-19__07_49_17__fault,src/modules/sensors,0.5403985983161066,5.0
2019-01-25__17_38_05,reference,inav_local_z_freeze__2018-12-19__07_49_17__fault,src/modules/simulator,0.0,inf
2019-01-25__17_38_05,reference,inav_local_z_freeze__2018-12-19__07_49_17__fault,src/modules/syslink,0.0,inf
2019-01-25__17_38_05,reference,inav_local_z_freeze__2018-12-19__07_49_17__fault,src/modules/uavcan,0.0,inf
2019-01-25__17_38_05,reference,inav_local_z_freeze__2018-12-19__07_49_17__fault,src/modules/vtol_att_control,0.0,inf
2019-01-25__17_38_05,reference,inav_local_z_freeze__2018-12-19__07_49_17__fault,src/modules/wind_estimator,0.0,inf
2019-01-25__17_38_05,reference,inav_local_z_freeze__2018-12-19__07_49_17__fault,src/platforms/posix/drivers/df_bebop_bus_wrapper,0.0,inf
2019-01-25__17_38_05,reference,inav_local_z_freeze__2018-12-19__07_49_17__fault,src/platforms/posix/drivers/df_bebop_rangefinder_wrapper,0.0,inf
2019-01-25__17_38_05,reference,inav_local_z_freeze__2018-12-19__07_49_17__fault,src/platforms/posix/drivers/df_isl29501_wrapper,0.0,inf
2019-01-25__17_38_05,reference,inav_local_z_freeze__2018-12-19__07_49_17__fault,src/platforms/posix/drivers/df_ltc2946_wrapper,0.0,inf
2019-01-25__17_38_05,reference,inav_local_z_freeze__2018-12-19__07_49_17__fault,src/platforms/posix/drivers/df_trone_wrapper,0.0,inf
2019-01-25__17_38_05,reference,inav_local_z_freeze__2018-12-19__07_49_17__fault,src/platforms/qurt/fc_addon/uart_esc,0.0,inf
2019-01-25__17_38_05,reference,inav_local_z_freeze__2018-12-19__07_49_17__fault,src/platforms/qurt/tests/muorb,0.0,inf
2019-01-25__17_38_05,reference,inav_local_z_freeze__2018-12-19__07_49_17__fault,src/templates/module,0.0,inf
2019-01-25__17_38_05,reference,inav_local_z_freeze__2018-12-20__07_47_50__fault,src/drivers/batt_smbus,0.0,inf
2019-01-25__17_38_05,reference,inav_local_z_freeze__2018-12-20__07_47_50__fault,src/drivers/blinkm,0.0,inf
2019-01-25__17_38_05,reference,inav_local_z_freeze__2018-12-20__07_47_50__fault,src/drivers/camera_trigger,0.0,inf
2019-01-25__17_38_05,reference,inav_local_z_freeze__2018-12-20__07_47_50__fault,src/drivers/distance_sensor,0.0,inf
2019-01-25__17_38_05,reference,inav_local_z_freeze__2018-12-20__07_47_50__fault,src/drivers/linux_pwm_out,0.0,inf
2019-01-25__17_38_05,reference,inav_local_z_freeze__2018-12-20__07_47_50__fault,src/drivers/mkblctrl,0.0,inf
2019-01-25__17_38_05,reference,inav_local_z_freeze__2018-12-20__07_47_50__fault,src/drivers/pwm_out_sim,0.0,inf
2019-01-25__17_38_05,reference,inav_local_z_freeze__2018-12-20__07_47_50__fault,src/drivers/px4flow,0.0,inf
2019-01-25__17_38_05,reference,inav_local_z_freeze__2018-12-20__07_47_50__fault,src/drivers/px4fmu,0.0,inf
2019-01-25__17_38_05,reference,inav_local_z_freeze__2018-12-20__07_47_50__fault,src/drivers/px4io,0.0,inf
2019-01-25__17_38_05,reference,inav_local_z_freeze__2018-12-20__07_47_50__fault,src/drivers/snapdragon_pwm_out,0.0,inf
2019-01-25__17_38_05,reference,inav_local_z_freeze__2018-12-20__07_47_50__fault,src/drivers/tap_esc,0.0,inf
2019-01-25__17_38_05,reference,inav_local_z_freeze__2018-12-20__07_47_50__fault,src/drivers/telemetry,0.0,inf
2019-01-25__17_38_05,reference,inav_local_z_freeze__2018-12-20__07_47_50__fault,src/drivers/vmount,0.0,inf
2019-01-25__17_38_05,reference,inav_local_z_freeze__2018-12-20__07_47_50__fault,src/examples/fixedwing_control,0.0,inf
2019-01-25__17_38_05,reference,inav_local_z_freeze__2018-12-20__07_47_50__fault,src/examples/hwtest,0.0,inf
2019-01-25__17_38_05,reference,inav_local_z_freeze__2018-12-20__07_47_50__fault,src/examples/px4_simple_app,3.3712270015341685,4.0
2019-01-25__17_38_05,reference,inav_local_z_freeze__2018-12-20__07_47_50__fault,src/examples/rover_steering_control,0.0,inf
2019-01-25__17_38_05,reference,inav_local_z_freeze__2018-12-20__07_47_50__fault,src/examples/uuv_example_app,0.0,inf
2019-01-25__17_38_05,reference,inav_local_z_freeze__2018-12-20__07_47_50__fault,src/modules/attitude_estimator_q,3.3712270015341685,4.0
2019-01-25__17_38_05,reference,inav_local_z_freeze__2018-12-20__07_47_50__fault,src/modules/camera_feedback,0.0,inf
2019-01-25__17_38_05,reference,inav_local_z_freeze__2018-12-20__07_47_50__fault,src/modules/commander,0.0,inf
2019-01-25__17_38_05,reference,inav_local_z_freeze__2018-12-20__07_47_50__fault,src/modules/ekf2,3.3712270015341685,4.0
2019-01-25__17_38_05,reference,inav_local_z_freeze__2018-12-20__07_47_50__fault,src/modules/events,0.0,inf
2019-01-25__17_38_05,reference,inav_local_z_freeze__2018-12-20__07_47_50__fault,src/modules/fw_att_control,0.0,inf
2019-01-25__17_38_05,reference,inav_local_z_freeze__2018-12-20__07_47_50__fault,src/modules/fw_pos_control_l1,0.0,inf
2019-01-25__17_38_05,reference,inav_local_z_freeze__2018-12-20__07_47_50__fault,src/modules/gnd_att_control,0.0,inf
2019-01-25__17_38_05,reference,inav_local_z_freeze__2018-12-20__07_47_50__fault,src/modules/gnd_pos_control,0.0,inf
2019-01-25__17_38_05,reference,inav_local_z_freeze__2018-12-20__07_47_50__fault,src/modules/gpio_led,0.0,inf
2019-01-25__17_38_05,reference,inav_local_z_freeze__2018-12-20__07_47_50__fault,src/modules/land_detector,0.0,inf
2019-01-25__17_38_05,reference,inav_local_z_freeze__2018-12-20__07_47_50__fault,src/modules/landing_target_estimator,0.0,inf
2019-01-25__17_38_05,reference,inav_local_z_freeze__2018-12-20__07_47_50__fault,src/modules/load_mon,0.0,inf
2019-01-25__17_38_05,reference,inav_local_z_freeze__2018-12-20__07_47_50__fault,src/modules/logger,0.0,inf
2019-01-25__17_38_05,reference,inav_local_z_freeze__2018-12-20__07_47_50__fault,src/modules/mavlink,3.661714648882482,1.0
2019-01-25__17_38_05,reference,inav_local_z_freeze__2018-12-20__07_47_50__fault,src/modules/mc_att_control,0.0,inf
2019-01-25__17_38_05,reference,inav_local_z_freeze__2018-12-20__07_47_50__fault,src/modules/mc_pos_control,0.0,inf
2019-01-25__17_38_05,reference,inav_local_z_freeze__2018-12-20__07_47_50__fault,src/modules/navigator,0.0,inf
2019-01-25__17_38_05,reference,inav_local_z_freeze__2018-12-20__07_47_50__fault,src/modules/position_estimator_inav,0.2904876473483131,5.0
2019-01-25__17_38_05,reference,inav_local_z_freeze__2018-12-20__07_47_50__fault,src/modules/replay,0.0,inf
2019-01-25__17_38_05,reference,inav_local_z_freeze__2018-12-20__07_47_50__fault,src/modules/sdlog2,0.0,inf
2019-01-25__17_38_05,reference,inav_local_z_freeze__2018-12-20__07_47_50__fault,src/modules/sensors,0.2146049326012091,7.0
2019-01-25__17_38_05,reference,inav_local_z_freeze__2018-12-20__07_47_50__fault,src/modules/simulator,0.0,inf
2019-01-25__17_38_05,reference,inav_local_z_freeze__2018-12-20__07_47_50__fault,src/modules/syslink,0.0,inf
2019-01-25__17_38_05,reference,inav_local_z_freeze__2018-12-20__07_47_50__fault,src/modules/uavcan,0.0,inf
2019-01-25__17_38_05,reference,inav_local_z_freeze__2018-12-20__07_47_50__fault,src/modules/vtol_att_control,0.0,inf
2019-01-25__17_38_05,reference,inav_local_z_freeze__2018-12-20__07_47_50__fault,src/modules/wind_estimator,0.0,inf
2019-01-25__17_38_05,reference,inav_local_z_freeze__2018-12-20__07_47_50__fault,src/platforms/posix/drivers/df_bebop_bus_wrapper,0.0,inf
2019-01-25__17_38_05,reference,inav_local_z_freeze__2018-12-20__07_47_50__fault,src/platforms/posix/drivers/df_bebop_rangefinder_wrapper,0.0,inf
2019-01-25__17_38_05,reference,inav_local_z_freeze__2018-12-20__07_47_50__fault,src/platforms/posix/drivers/df_isl29501_wrapper,0.0,inf
2019-01-25__17_38_05,reference,inav_local_z_freeze__2018-12-20__07_47_50__fault,src/platforms/posix/drivers/df_ltc2946_wrapper,0.0,inf
2019-01-25__17_38_05,reference,inav_local_z_freeze__2018-12-20__07_47_50__fault,src/platforms/posix/drivers/df_trone_wrapper,0.0,inf
2019-01-25__17_38_05,reference,inav_local_z_freeze__2018-12-20__07_47_50__fault,src/platforms/qurt/fc_addon/uart_esc,0.0,inf
2019-01-25__17_38_05,reference,inav_local_z_freeze__2018-12-20__07_47_50__fault,src/platforms/qurt/tests/muorb,0.2146049326012091,7.0
2019-01-25__17_38_05,reference,inav_local_z_freeze__2018-12-20__07_47_50__fault,src/templates/module,0.0,inf
2019-01-25__17_38_05,reference,inav_local_z_freeze__2018-12-25__08_44_40__fault,src/drivers/batt_smbus,0.0,inf
2019-01-25__17_38_05,reference,inav_local_z_freeze__2018-12-25__08_44_40__fault,src/drivers/blinkm,0.0,inf
2019-01-25__17_38_05,reference,inav_local_z_freeze__2018-12-25__08_44_40__fault,src/drivers/camera_trigger,0.0,inf
2019-01-25__17_38_05,reference,inav_local_z_freeze__2018-12-25__08_44_40__fault,src/drivers/distance_sensor,0.0,inf
2019-01-25__17_38_05,reference,inav_local_z_freeze__2018-12-25__08_44_40__fault,src/drivers/linux_pwm_out,0.0,inf
2019-01-25__17_38_05,reference,inav_local_z_freeze__2018-12-25__08_44_40__fault,src/drivers/mkblctrl,0.0,inf
2019-01-25__17_38_05,reference,inav_local_z_freeze__2018-12-25__08_44_40__fault,src/drivers/pwm_out_sim,0.0,inf
2019-01-25__17_38_05,reference,inav_local_z_freeze__2018-12-25__08_44_40__fault,src/drivers/px4flow,0.0,inf
2019-01-25__17_38_05,reference,inav_local_z_freeze__2018-12-25__08_44_40__fault,src/drivers/px4fmu,0.0,inf
2019-01-25__17_38_05,reference,inav_local_z_freeze__2018-12-25__08_44_40__fault,src/drivers/px4io,0.0,inf
2019-01-25__17_38_05,reference,inav_local_z_freeze__2018-12-25__08_44_40__fault,src/drivers/snapdragon_pwm_out,0.0,inf
2019-01-25__17_38_05,reference,inav_local_z_freeze__2018-12-25__08_44_40__fault,src/drivers/tap_esc,0.0,inf
2019-01-25__17_38_05,reference,inav_local_z_freeze__2018-12-25__08_44_40__fault,src/drivers/telemetry,0.0,inf
2019-01-25__17_38_05,reference,inav_local_z_freeze__2018-12-25__08_44_40__fault,src/drivers/vmount,0.0,inf
2019-01-25__17_38_05,reference,inav_local_z_freeze__2018-12-25__08_44_40__fault,src/examples/fixedwing_control,1.976874307771269,6.0
2019-01-25__17_38_05,reference,inav_local_z_freeze__2018-12-25__08_44_40__fault,src/examples/hwtest,0.0,inf
2019-01-25__17_38_05,reference,inav_local_z_freeze__2018-12-25__08_44_40__fault,src/examples/px4_simple_app,5.324562856013003,4.0
2019-01-25__17_38_05,reference,inav_local_z_freeze__2018-12-25__08_44_40__fault,src/examples/rover_steering_control,0.0,inf
2019-01-25__17_38_05,reference,inav_local_z_freeze__2018-12-25__08_44_40__fault,src/examples/uuv_example_app,0.0,inf
2019-01-25__17_38_05,reference,inav_local_z_freeze__2018-12-25__08_44_40__fault,src/modules/attitude_estimator_q,5.324562856013003,4.0
2019-01-25__17_38_05,reference,inav_local_z_freeze__2018-12-25__08_44_40__fault,src/modules/camera_feedback,0.0,inf
2019-01-25__17_38_05,reference,inav_local_z_freeze__2018-12-25__08_44_40__fault,src/modules/commander,0.0,inf
2019-01-25__17_38_05,reference,inav_local_z_freeze__2018-12-25__08_44_40__fault,src/modules/ekf2,5.324562856013003,4.0
2019-01-25__17_38_05,reference,inav_local_z_freeze__2018-12-25__08_44_40__fault,src/modules/events,0.0,inf
2019-01-25__17_38_05,reference,inav_local_z_freeze__2018-12-25__08_44_40__fault,src/modules/fw_att_control,0.0,inf
2019-01-25__17_38_05,reference,inav_local_z_freeze__2018-12-25__08_44_40__fault,src/modules/fw_pos_control_l1,0.0,inf
2019-01-25__17_38_05,reference,inav_local_z_freeze__2018-12-25__08_44_40__fault,src/modules/gnd_att_control,0.0,inf
2019-01-25__17_38_05,reference,inav_local_z_freeze__2018-12-25__08_44_40__fault,src/modules/gnd_pos_control,0.0,inf
2019-01-25__17_38_05,reference,inav_local_z_freeze__2018-12-25__08_44_40__fault,src/modules/gpio_led,0.0,inf
2019-01-25__17_38_05,reference,inav_local_z_freeze__2018-12-25__08_44_40__fault,src/modules/land_detector,0.0,inf
2019-01-25__17_38_05,reference,inav_local_z_freeze__2018-12-25__08_44_40__fault,src/modules/landing_target_estimator,0.0,inf
2019-01-25__17_38_05,reference,inav_local_z_freeze__2018-12-25__08_44_40__fault,src/modules/load_mon,0.0,inf
2019-01-25__17_38_05,reference,inav_local_z_freeze__2018-12-25__08_44_40__fault,src/modules/logger,0.0,inf
2019-01-25__17_38_05,reference,inav_local_z_freeze__2018-12-25__08_44_40__fault,src/modules/mavlink,9.176445449567334,1.0
2019-01-25__17_38_05,reference,inav_local_z_freeze__2018-12-25__08_44_40__fault,src/modules/mc_att_control,0.0,inf
2019-01-25__17_38_05,reference,inav_local_z_freeze__2018-12-25__08_44_40__fault,src/modules/mc_pos_control,0.0,inf
2019-01-25__17_38_05,reference,inav_local_z_freeze__2018-12-25__08_44_40__fault,src/modules/navigator,0.0,inf
2019-01-25__17_38_05,reference,inav_local_z_freeze__2018-12-25__08_44_40__fault,src/modules/position_estimator_inav,1.8750082857830614,7.0
2019-01-25__17_38_05,reference,inav_local_z_freeze__2018-12-25__08_44_40__fault,src/modules/replay,0.0,inf
2019-01-25__17_38_05,reference,inav_local_z_freeze__2018-12-25__08_44_40__fault,src/modules/sdlog2,0.0,inf
2019-01-25__17_38_05,reference,inav_local_z_freeze__2018-12-25__08_44_40__fault,src/modules/sensors,0.0,inf
2019-01-25__17_38_05,reference,inav_local_z_freeze__2018-12-25__08_44_40__fault,src/modules/simulator,0.0,inf
2019-01-25__17_38_05,reference,inav_local_z_freeze__2018-12-25__08_44_40__fault,src/modules/syslink,0.0,inf
2019-01-25__17_38_05,reference,inav_local_z_freeze__2018-12-25__08_44_40__fault,src/modules/uavcan,0.0,inf
2019-01-25__17_38_05,reference,inav_local_z_freeze__2018-12-25__08_44_40__fault,src/modules/vtol_att_control,1.976874307771269,6.0
2019-01-25__17_38_05,reference,inav_local_z_freeze__2018-12-25__08_44_40__fault,src/modules/wind_estimator,0.0,inf
2019-01-25__17_38_05,reference,inav_local_z_freeze__2018-12-25__08_44_40__fault,src/platforms/posix/drivers/df_bebop_bus_wrapper,0.0,inf
2019-01-25__17_38_05,reference,inav_local_z_freeze__2018-12-25__08_44_40__fault,src/platforms/posix/drivers/df_bebop_rangefinder_wrapper,0.0,inf
2019-01-25__17_38_05,reference,inav_local_z_freeze__2018-12-25__08_44_40__fault,src/platforms/posix/drivers/df_isl29501_wrapper,0.0,inf
2019-01-25__17_38_05,reference,inav_local_z_freeze__2018-12-25__08_44_40__fault,src/platforms/posix/drivers/df_ltc2946_wrapper,0.0,inf
2019-01-25__17_38_05,reference,inav_local_z_freeze__2018-12-25__08_44_40__fault,src/platforms/posix/drivers/df_trone_wrapper,0.0,inf
2019-01-25__17_38_05,reference,inav_local_z_freeze__2018-12-25__08_44_40__fault,src/platforms/qurt/fc_addon/uart_esc,0.0,inf
2019-01-25__17_38_05,reference,inav_local_z_freeze__2018-12-25__08_44_40__fault,src/platforms/qurt/tests/muorb,0.0,inf
2019-01-25__17_38_05,reference,inav_local_z_freeze__2018-12-25__08_44_40__fault,src/templates/module,0.0,inf
2019-01-25__17_38_05,reference,land_detector_state_inversion__2018-12-19__07_49_17__fault,src/drivers/batt_smbus,0.0,inf
2019-01-25__17_38_05,reference,land_detector_state_inversion__2018-12-19__07_49_17__fault,src/drivers/blinkm,0.0,inf
2019-01-25__17_38_05,reference,land_detector_state_inversion__2018-12-19__07_49_17__fault,src/drivers/camera_trigger,0.0,inf
2019-01-25__17_38_05,reference,land_detector_state_inversion__2018-12-19__07_49_17__fault,src/drivers/distance_sensor,0.0,inf
2019-01-25__17_38_05,reference,land_detector_state_inversion__2018-12-19__07_49_17__fault,src/drivers/linux_pwm_out,0.0,inf
2019-01-25__17_38_05,reference,land_detector_state_inversion__2018-12-19__07_49_17__fault,src/drivers/mkblctrl,0.0,inf
2019-01-25__17_38_05,reference,land_detector_state_inversion__2018-12-19__07_49_17__fault,src/drivers/pwm_out_sim,0.0,inf
2019-01-25__17_38_05,reference,land_detector_state_inversion__2018-12-19__07_49_17__fault,src/drivers/px4flow,0.0,inf
2019-01-25__17_38_05,reference,land_detector_state_inversion__2018-12-19__07_49_17__fault,src/drivers/px4fmu,0.0,inf
2019-01-25__17_38_05,reference,land_detector_state_inversion__2018-12-19__07_49_17__fault,src/drivers/px4io,0.0,inf
2019-01-25__17_38_05,reference,land_detector_state_inversion__2018-12-19__07_49_17__fault,src/drivers/snapdragon_pwm_out,0.0,inf
2019-01-25__17_38_05,reference,land_detector_state_inversion__2018-12-19__07_49_17__fault,src/drivers/tap_esc,0.0,inf
2019-01-25__17_38_05,reference,land_detector_state_inversion__2018-12-19__07_49_17__fault,src/drivers/telemetry,0.0,inf
2019-01-25__17_38_05,reference,land_detector_state_inversion__2018-12-19__07_49_17__fault,src/drivers/vmount,0.0,inf
2019-01-25__17_38_05,reference,land_detector_state_inversion__2018-12-19__07_49_17__fault,src/examples/fixedwing_control,0.0,inf
2019-01-25__17_38_05,reference,land_detector_state_inversion__2018-12-19__07_49_17__fault,src/examples/hwtest,0.0,inf
2019-01-25__17_38_05,reference,land_detector_state_inversion__2018-12-19__07_49_17__fault,src/examples/px4_simple_app,2.3180304086249066,5.0
2019-01-25__17_38_05,reference,land_detector_state_inversion__2018-12-19__07_49_17__fault,src/examples/rover_steering_control,0.0,inf
2019-01-25__17_38_05,reference,land_detector_state_inversion__2018-12-19__07_49_17__fault,src/examples/uuv_example_app,0.0,inf
2019-01-25__17_38_05,reference,land_detector_state_inversion__2018-12-19__07_49_17__fault,src/modules/attitude_estimator_q,2.3180304086249066,5.0
2019-01-25__17_38_05,reference,land_detector_state_inversion__2018-12-19__07_49_17__fault,src/modules/camera_feedback,0.0,inf
2019-01-25__17_38_05,reference,land_detector_state_inversion__2018-12-19__07_49_17__fault,src/modules/commander,0.0,inf
2019-01-25__17_38_05,reference,land_detector_state_inversion__2018-12-19__07_49_17__fault,src/modules/ekf2,2.3180304086249066,5.0
2019-01-25__17_38_05,reference,land_detector_state_inversion__2018-12-19__07_49_17__fault,src/modules/events,0.0,inf
2019-01-25__17_38_05,reference,land_detector_state_inversion__2018-12-19__07_49_17__fault,src/modules/fw_att_control,0.0,inf
2019-01-25__17_38_05,reference,land_detector_state_inversion__2018-12-19__07_49_17__fault,src/modules/fw_pos_control_l1,0.0,inf
2019-01-25__17_38_05,reference,land_detector_state_inversion__2018-12-19__07_49_17__fault,src/modules/gnd_att_control,0.0,inf
2019-01-25__17_38_05,reference,land_detector_state_inversion__2018-12-19__07_49_17__fault,src/modules/gnd_pos_control,0.0,inf
2019-01-25__17_38_05,reference,land_detector_state_inversion__2018-12-19__07_49_17__fault,src/modules/gpio_led,0.0,inf
2019-01-25__17_38_05,reference,land_detector_state_inversion__2018-12-19__07_49_17__fault,src/modules/land_detector,66.17585445486066,2.0
2019-01-25__17_38_05,reference,land_detector_state_inversion__2018-12-19__07_49_17__fault,src/modules/landing_target_estimator,0.0,inf
2019-01-25__17_38_05,reference,land_detector_state_inversion__2018-12-19__07_49_17__fault,src/modules/load_mon,0.0,inf
2019-01-25__17_38_05,reference,land_detector_state_inversion__2018-12-19__07_49_17__fault,src/modules/logger,0.0,inf
2019-01-25__17_38_05,reference,land_detector_state_inversion__2018-12-19__07_49_17__fault,src/modules/mavlink,68.49388486348556,1.0
2019-01-25__17_38_05,reference,land_detector_state_inversion__2018-12-19__07_49_17__fault,src/modules/mc_att_control,0.0,inf
2019-01-25__17_38_05,reference,land_detector_state_inversion__2018-12-19__07_49_17__fault,src/modules/mc_pos_control,0.0,inf
2019-01-25__17_38_05,reference,land_detector_state_inversion__2018-12-19__07_49_17__fault,src/modules/navigator,0.0,inf
2019-01-25__17_38_05,reference,land_detector_state_inversion__2018-12-19__07_49_17__fault,src/modules/position_estimator_inav,0.0,inf
2019-01-25__17_38_05,reference,land_detector_state_inversion__2018-12-19__07_49_17__fault,src/modules/replay,0.0,inf
2019-01-25__17_38_05,reference,land_detector_state_inversion__2018-12-19__07_49_17__fault,src/modules/sdlog2,0.0,inf
2019-01-25__17_38_05,reference,land_detector_state_inversion__2018-12-19__07_49_17__fault,src/modules/sensors,0.190088599711052,7.0
2019-01-25__17_38_05,reference,land_detector_state_inversion__2018-12-19__07_49_17__fault,src/modules/simulator,0.0,inf
2019-01-25__17_38_05,reference,land_detector_state_inversion__2018-12-19__07_49_17__fault,src/modules/syslink,0.0,inf
2019-01-25__17_38_05,reference,land_detector_state_inversion__2018-12-19__07_49_17__fault,src/modules/uavcan,0.0,inf
2019-01-25__17_38_05,reference,land_detector_state_inversion__2018-12-19__07_49_17__fault,src/modules/vtol_att_control,0.0,inf
2019-01-25__17_38_05,reference,land_detector_state_inversion__2018-12-19__07_49_17__fault,src/modules/wind_estimator,0.0,inf
2019-01-25__17_38_05,reference,land_detector_state_inversion__2018-12-19__07_49_17__fault,src/platforms/posix/drivers/df_bebop_bus_wrapper,0.0,inf
2019-01-25__17_38_05,reference,land_detector_state_inversion__2018-12-19__07_49_17__fault,src/platforms/posix/drivers/df_bebop_rangefinder_wrapper,0.0,inf
2019-01-25__17_38_05,reference,land_detector_state_inversion__2018-12-19__07_49_17__fault,src/platforms/posix/drivers/df_isl29501_wrapper,0.0,inf
2019-01-25__17_38_05,reference,land_detector_state_inversion__2018-12-19__07_49_17__fault,src/platforms/posix/drivers/df_ltc2946_wrapper,0.0,inf
2019-01-25__17_38_05,reference,land_detector_state_inversion__2018-12-19__07_49_17__fault,src/platforms/posix/drivers/df_trone_wrapper,0.0,inf
2019-01-25__17_38_05,reference,land_detector_state_inversion__2018-12-19__07_49_17__fault,src/platforms/qurt/fc_addon/uart_esc,0.0,inf
2019-01-25__17_38_05,reference,land_detector_state_inversion__2018-12-19__07_49_17__fault,src/platforms/qurt/tests/muorb,0.190088599711052,7.0
2019-01-25__17_38_05,reference,land_detector_state_inversion__2018-12-19__07_49_17__fault,src/templates/module,0.0,inf
2019-01-25__17_38_05,reference,land_detector_state_inversion__2018-12-20__07_47_50__fault,src/drivers/batt_smbus,0.0,inf
2019-01-25__17_38_05,reference,land_detector_state_inversion__2018-12-20__07_47_50__fault,src/drivers/blinkm,0.0,inf
2019-01-25__17_38_05,reference,land_detector_state_inversion__2018-12-20__07_47_50__fault,src/drivers/camera_trigger,0.0,inf
2019-01-25__17_38_05,reference,land_detector_state_inversion__2018-12-20__07_47_50__fault,src/drivers/distance_sensor,0.0,inf
2019-01-25__17_38_05,reference,land_detector_state_inversion__2018-12-20__07_47_50__fault,src/drivers/linux_pwm_out,0.0,inf
2019-01-25__17_38_05,reference,land_detector_state_inversion__2018-12-20__07_47_50__fault,src/drivers/mkblctrl,0.0,inf
2019-01-25__17_38_05,reference,land_detector_state_inversion__2018-12-20__07_47_50__fault,src/drivers/pwm_out_sim,0.0,inf
2019-01-25__17_38_05,reference,land_detector_state_inversion__2018-12-20__07_47_50__fault,src/drivers/px4flow,0.0,inf
2019-01-25__17_38_05,reference,land_detector_state_inversion__2018-12-20__07_47_50__fault,src/drivers/px4fmu,0.0,inf
2019-01-25__17_38_05,reference,land_detector_state_inversion__2018-12-20__07_47_50__fault,src/drivers/px4io,0.0,inf
2019-01-25__17_38_05,reference,land_detector_state_inversion__2018-12-20__07_47_50__fault,src/drivers/snapdragon_pwm_out,0.0,inf
2019-01-25__17_38_05,reference,land_detector_state_inversion__2018-12-20__07_47_50__fault,src/drivers/tap_esc,0.0,inf
2019-01-25__17_38_05,reference,land_detector_state_inversion__2018-12-20__07_47_50__fault,src/drivers/telemetry,0.0,inf
2019-01-25__17_38_05,reference,land_detector_state_inversion__2018-12-20__07_47_50__fault,src/drivers/vmount,0.0,inf
2019-01-25__17_38_05,reference,land_detector_state_inversion__2018-12-20__07_47_50__fault,src/examples/fixedwing_control,0.0,inf
2019-01-25__17_38_05,reference,land_detector_state_inversion__2018-12-20__07_47_50__fault,src/examples/hwtest,0.0,inf
2019-01-25__17_38_05,reference,land_detector_state_inversion__2018-12-20__07_47_50__fault,src/examples/px4_simple_app,0.176454302544985,5.0
2019-01-25__17_38_05,reference,land_detector_state_inversion__2018-12-20__07_47_50__fault,src/examples/rover_steering_control,0.0,inf
2019-01-25__17_38_05,reference,land_detector_state_inversion__2018-12-20__07_47_50__fault,src/examples/uuv_example_app,0.0,inf
2019-01-25__17_38_05,reference,land_detector_state_inversion__2018-12-20__07_47_50__fault,src/modules/attitude_estimator_q,0.176454302544985,5.0
2019-01-25__17_38_05,reference,land_detector_state_inversion__2018-12-20__07_47_50__fault,src/modules/camera_feedback,0.0,inf
2019-01-25__17_38_05,reference,land_detector_state_inversion__2018-12-20__07_47_50__fault,src/modules/commander,0.0,inf
2019-01-25__17_38_05,reference,land_detector_state_inversion__2018-12-20__07_47_50__fault,src/modules/ekf2,0.176454302544985,5.0
2019-01-25__17_38_05,reference,land_detector_state_inversion__2018-12-20__07_47_50__fault,src/modules/events,0.0,inf
2019-01-25__17_38_05,reference,land_detector_state_inversion__2018-12-20__07_47_50__fault,src/modules/fw_att_control,0.0,inf
2019-01-25__17_38_05,reference,land_detector_state_inversion__2018-12-20__07_47_50__fault,src/modules/fw_pos_control_l1,0.0,inf
2019-01-25__17_38_05,reference,land_detector_state_inversion__2018-12-20__07_47_50__fault,src/modules/gnd_att_control,0.0,inf
2019-01-25__17_38_05,reference,land_detector_state_inversion__2018-12-20__07_47_50__fault,src/modules/gnd_pos_control,0.0,inf
2019-01-25__17_38_05,reference,land_detector_state_inversion__2018-12-20__07_47_50__fault,src/modules/gpio_led,0.0,inf
2019-01-25__17_38_05,reference,land_detector_state_inversion__2018-12-20__07_47_50__fault,src/modules/land_detector,74.68418193236086,2.0
2019-01-25__17_38_05,reference,land_detector_state_inversion__2018-12-20__07_47_50__fault,src/modules/landing_target_estimator,0.0,inf
2019-01-25__17_38_05,reference,land_detector_state_inversion__2018-12-20__07_47_50__fault,src/modules/load_mon,0.0,inf
2019-01-25__17_38_05,reference,land_detector_state_inversion__2018-12-20__07_47_50__fault,src/modules/logger,0.0,inf
2019-01-25__17_38_05,reference,land_detector_state_inversion__2018-12-20__07_47_50__fault,src/modules/mavlink,74.86063623490584,1.0
2019-01-25__17_38_05,reference,land_detector_state_inversion__2018-12-20__07_47_50__fault,src/modules/mc_att_control,0.0,inf
2019-01-25__17_38_05,reference,land_detector_state_inversion__2018-12-20__07_47_50__fault,src/modules/mc_pos_control,0.0,inf
2019-01-25__17_38_05,reference,land_detector_state_inversion__2018-12-20__07_47_50__fault,src/modules/navigator,0.0,inf
2019-01-25__17_38_05,reference,land_detector_state_inversion__2018-12-20__07_47_50__fault,src/modules/position_estimator_inav,0.0,inf
2019-01-25__17_38_05,reference,land_detector_state_inversion__2018-12-20__07_47_50__fault,src/modules/replay,0.0,inf
2019-01-25__17_38_05,reference,land_detector_state_inversion__2018-12-20__07_47_50__fault,src/modules/sdlog2,0.0,inf
2019-01-25__17_38_05,reference,land_detector_state_inversion__2018-12-20__07_47_50__fault,src/modules/sensors,0.0,inf
2019-01-25__17_38_05,reference,land_detector_state_inversion__2018-12-20__07_47_50__fault,src/modules/simulator,0.0,inf
2019-01-25__17_38_05,reference,land_detector_state_inversion__2018-12-20__07_47_50__fault,src/modules/syslink,0.0,inf
2019-01-25__17_38_05,reference,land_detector_state_inversion__2018-12-20__07_47_50__fault,src/modules/uavcan,0.0,inf
2019-01-25__17_38_05,reference,land_detector_state_inversion__2018-12-20__07_47_50__fault,src/modules/vtol_att_control,0.0,inf
2019-01-25__17_38_05,reference,land_detector_state_inversion__2018-12-20__07_47_50__fault,src/modules/wind_estimator,0.0,inf
2019-01-25__17_38_05,reference,land_detector_state_inversion__2018-12-20__07_47_50__fault,src/platforms/posix/drivers/df_bebop_bus_wrapper,0.0,inf
2019-01-25__17_38_05,reference,land_detector_state_inversion__2018-12-20__07_47_50__fault,src/platforms/posix/drivers/df_bebop_rangefinder_wrapper,0.0,inf
2019-01-25__17_38_05,reference,land_detector_state_inversion__2018-12-20__07_47_50__fault,src/platforms/posix/drivers/df_isl29501_wrapper,0.0,inf
2019-01-25__17_38_05,reference,land_detector_state_inversion__2018-12-20__07_47_50__fault,src/platforms/posix/drivers/df_ltc2946_wrapper,0.0,inf
2019-01-25__17_38_05,reference,land_detector_state_inversion__2018-12-20__07_47_50__fault,src/platforms/posix/drivers/df_trone_wrapper,0.0,inf
2019-01-25__17_38_05,reference,land_detector_state_inversion__2018-12-20__07_47_50__fault,src/platforms/qurt/fc_addon/uart_esc,0.0,inf
2019-01-25__17_38_05,reference,land_detector_state_inversion__2018-12-20__07_47_50__fault,src/platforms/qurt/tests/muorb,0.0,inf
2019-01-25__17_38_05,reference,land_detector_state_inversion__2018-12-20__07_47_50__fault,src/templates/module,0.0,inf
2019-01-25__17_38_05,reference,land_detector_state_inversion__2018-12-25__08_44_40__fault,src/drivers/batt_smbus,0.0,inf
2019-01-25__17_38_05,reference,land_detector_state_inversion__2018-12-25__08_44_40__fault,src/drivers/blinkm,0.0,inf
2019-01-25__17_38_05,reference,land_detector_state_inversion__2018-12-25__08_44_40__fault,src/drivers/camera_trigger,0.0,inf
2019-01-25__17_38_05,reference,land_detector_state_inversion__2018-12-25__08_44_40__fault,src/drivers/distance_sensor,0.0,inf
2019-01-25__17_38_05,reference,land_detector_state_inversion__2018-12-25__08_44_40__fault,src/drivers/linux_pwm_out,0.0,inf
2019-01-25__17_38_05,reference,land_detector_state_inversion__2018-12-25__08_44_40__fault,src/drivers/mkblctrl,0.0,inf
2019-01-25__17_38_05,reference,land_detector_state_inversion__2018-12-25__08_44_40__fault,src/drivers/pwm_out_sim,0.0,inf
2019-01-25__17_38_05,reference,land_detector_state_inversion__2018-12-25__08_44_40__fault,src/drivers/px4flow,0.0,inf
2019-01-25__17_38_05,reference,land_detector_state_inversion__2018-12-25__08_44_40__fault,src/drivers/px4fmu,0.0,inf
2019-01-25__17_38_05,reference,land_detector_state_inversion__2018-12-25__08_44_40__fault,src/drivers/px4io,0.0,inf
2019-01-25__17_38_05,reference,land_detector_state_inversion__2018-12-25__08_44_40__fault,src/drivers/snapdragon_pwm_out,0.0,inf
2019-01-25__17_38_05,reference,land_detector_state_inversion__2018-12-25__08_44_40__fault,src/drivers/tap_esc,0.0,inf
2019-01-25__17_38_05,reference,land_detector_state_inversion__2018-12-25__08_44_40__fault,src/drivers/telemetry,0.0,inf
2019-01-25__17_38_05,reference,land_detector_state_inversion__2018-12-25__08_44_40__fault,src/drivers/vmount,0.0,inf
2019-01-25__17_38_05,reference,land_detector_state_inversion__2018-12-25__08_44_40__fault,src/examples/fixedwing_control,0.0,inf
2019-01-25__17_38_05,reference,land_detector_state_inversion__2018-12-25__08_44_40__fault,src/examples/hwtest,0.0,inf
2019-01-25__17_38_05,reference,land_detector_state_inversion__2018-12-25__08_44_40__fault,src/examples/px4_simple_app,1.0803792719436258,5.0
2019-01-25__17_38_05,reference,land_detector_state_inversion__2018-12-25__08_44_40__fault,src/examples/rover_steering_control,0.0,inf
2019-01-25__17_38_05,reference,land_detector_state_inversion__2018-12-25__08_44_40__fault,src/examples/uuv_example_app,0.0,inf
2019-01-25__17_38_05,reference,land_detector_state_inversion__2018-12-25__08_44_40__fault,src/modules/attitude_estimator_q,1.0803792719436258,5.0
2019-01-25__17_38_05,reference,land_detector_state_inversion__2018-12-25__08_44_40__fault,src/modules/camera_feedback,0.0,inf
2019-01-25__17_38_05,reference,land_detector_state_inversion__2018-12-25__08_44_40__fault,src/modules/commander,0.0,inf
2019-01-25__17_38_05,reference,land_detector_state_inversion__2018-12-25__08_44_40__fault,src/modules/ekf2,1.0803792719436258,5.0
2019-01-25__17_38_05,reference,land_detector_state_inversion__2018-12-25__08_44_40__fault,src/modules/events,0.0,inf
2019-01-25__17_38_05,reference,land_detector_state_inversion__2018-12-25__08_44_40__fault,src/modules/fw_att_control,0.0,inf
2019-01-25__17_38_05,reference,land_detector_state_inversion__2018-12-25__08_44_40__fault,src/modules/fw_pos_control_l1,0.0,inf
2019-01-25__17_38_05,reference,land_detector_state_inversion__2018-12-25__08_44_40__fault,src/modules/gnd_att_control,0.0,inf
2019-01-25__17_38_05,reference,land_detector_state_inversion__2018-12-25__08_44_40__fault,src/modules/gnd_pos_control,0.0,inf
2019-01-25__17_38_05,reference,land_detector_state_inversion__2018-12-25__08_44_40__fault,src/modules/gpio_led,0.0,inf
2019-01-25__17_38_05,reference,land_detector_state_inversion__2018-12-25__08_44_40__fault,src/modules/land_detector,74.68418252764155,2.0
2019-01-25__17_38_05,reference,land_detector_state_inversion__2018-12-25__08_44_40__fault,src/modules/landing_target_estimator,0.0,inf
2019-01-25__17_38_05,reference,land_detector_state_inversion__2018-12-25__08_44_40__fault,src/modules/load_mon,0.0,inf
2019-01-25__17_38_05,reference,land_detector_state_inversion__2018-12-25__08_44_40__fault,src/modules/logger,0.0,inf
2019-01-25__17_38_05,reference,land_detector_state_inversion__2018-12-25__08_44_40__fault,src/modules/mavlink,75.76456179958518,1.0
2019-01-25__17_38_05,reference,land_detector_state_inversion__2018-12-25__08_44_40__fault,src/modules/mc_att_control,0.0,inf
2019-01-25__17_38_05,reference,land_detector_state_inversion__2018-12-25__08_44_40__fault,src/modules/mc_pos_control,0.0,inf
2019-01-25__17_38_05,reference,land_detector_state_inversion__2018-12-25__08_44_40__fault,src/modules/navigator,0.0,inf
2019-01-25__17_38_05,reference,land_detector_state_inversion__2018-12-25__08_44_40__fault,src/modules/position_estimator_inav,0.0,inf
2019-01-25__17_38_05,reference,land_detector_state_inversion__2018-12-25__08_44_40__fault,src/modules/replay,0.0,inf
2019-01-25__17_38_05,reference,land_detector_state_inversion__2018-12-25__08_44_40__fault,src/modules/sdlog2,0.0,inf
2019-01-25__17_38_05,reference,land_detector_state_inversion__2018-12-25__08_44_40__fault,src/modules/sensors,0.11495165570796136,7.0
2019-01-25__17_38_05,reference,land_detector_state_inversion__2018-12-25__08_44_40__fault,src/modules/simulator,0.0,inf
2019-01-25__17_38_05,reference,land_detector_state_inversion__2018-12-25__08_44_40__fault,src/modules/syslink,0.0,inf
2019-01-25__17_38_05,reference,land_detector_state_inversion__2018-12-25__08_44_40__fault,src/modules/uavcan,0.0,inf
2019-01-25__17_38_05,reference,land_detector_state_inversion__2018-12-25__08_44_40__fault,src/modules/vtol_att_control,0.0,inf
2019-01-25__17_38_05,reference,land_detector_state_inversion__2018-12-25__08_44_40__fault,src/modules/wind_estimator,0.0,inf
2019-01-25__17_38_05,reference,land_detector_state_inversion__2018-12-25__08_44_40__fault,src/platforms/posix/drivers/df_bebop_bus_wrapper,0.0,inf
2019-01-25__17_38_05,reference,land_detector_state_inversion__2018-12-25__08_44_40__fault,src/platforms/posix/drivers/df_bebop_rangefinder_wrapper,0.0,inf
2019-01-25__17_38_05,reference,land_detector_state_inversion__2018-12-25__08_44_40__fault,src/platforms/posix/drivers/df_isl29501_wrapper,0.0,inf
2019-01-25__17_38_05,reference,land_detector_state_inversion__2018-12-25__08_44_40__fault,src/platforms/posix/drivers/df_ltc2946_wrapper,0.0,inf
2019-01-25__17_38_05,reference,land_detector_state_inversion__2018-12-25__08_44_40__fault,src/platforms/posix/drivers/df_trone_wrapper,0.0,inf
2019-01-25__17_38_05,reference,land_detector_state_inversion__2018-12-25__08_44_40__fault,src/platforms/qurt/fc_addon/uart_esc,0.0,inf
2019-01-25__17_38_05,reference,land_detector_state_inversion__2018-12-25__08_44_40__fault,src/platforms/qurt/tests/muorb,0.11495165570796136,7.0
2019-01-25__17_38_05,reference,land_detector_state_inversion__2018-12-25__08_44_40__fault,src/templates/module,0.0,inf
2019-01-25__17_38_05,normal,commander_nav_state_override__2018-12-19__07_49_17__baseline,src/drivers/batt_smbus,0.0,inf
2019-01-25__17_38_05,normal,commander_nav_state_override__2018-12-19__07_49_17__baseline,src/drivers/blinkm,0.0,inf
2019-01-25__17_38_05,normal,commander_nav_state_override__2018-12-19__07_49_17__baseline,src/drivers/camera_trigger,0.0,inf
2019-01-25__17_38_05,normal,commander_nav_state_override__2018-12-19__07_49_17__baseline,src/drivers/distance_sensor,0.0,inf
2019-01-25__17_38_05,normal,commander_nav_state_override__2018-12-19__07_49_17__baseline,src/drivers/linux_pwm_out,0.0,inf
2019-01-25__17_38_05,normal,commander_nav_state_override__2018-12-19__07_49_17__baseline,src/drivers/mkblctrl,0.0,inf
2019-01-25__17_38_05,normal,commander_nav_state_override__2018-12-19__07_49_17__baseline,src/drivers/pwm_out_sim,0.0,inf
2019-01-25__17_38_05,normal,commander_nav_state_override__2018-12-19__07_49_17__baseline,src/drivers/px4flow,0.0,inf
2019-01-25__17_38_05,normal,commander_nav_state_override__2018-12-19__07_49_17__baseline,src/drivers/px4fmu,0.0,inf
2019-01-25__17_38_05,normal,commander_nav_state_override__2018-12-19__07_49_17__baseline,src/drivers/px4io,0.0,inf
2019-01-25__17_38_05,normal,commander_nav_state_override__2018-12-19__07_49_17__baseline,src/drivers/snapdragon_pwm_out,0.0,inf
2019-01-25__17_38_05,normal,commander_nav_state_override__2018-12-19__07_49_17__baseline,src/drivers/tap_esc,0.0,inf
2019-01-25__17_38_05,normal,commander_nav_state_override__2018-12-19__07_49_17__baseline,src/drivers/telemetry,0.0,inf
2019-01-25__17_38_05,normal,commander_nav_state_override__2018-12-19__07_49_17__baseline,src/drivers/vmount,0.0,inf
2019-01-25__17_38_05,normal,commander_nav_state_override__2018-12-19__07_49_17__baseline,src/examples/fixedwing_control,0.0,inf
2019-01-25__17_38_05,normal,commander_nav_state_override__2018-12-19__07_49_17__baseline,src/examples/hwtest,0.0,inf
2019-01-25__17_38_05,normal,commander_nav_state_override__2018-12-19__07_49_17__baseline,src/examples/px4_simple_app,10.558088198375772,4.0
2019-01-25__17_38_05,normal,commander_nav_state_override__2018-12-19__07_49_17__baseline,src/examples/rover_steering_control,0.0,inf
2019-01-25__17_38_05,normal,commander_nav_state_override__2018-12-19__07_49_17__baseline,src/examples/uuv_example_app,0.0,inf
2019-01-25__17_38_05,normal,commander_nav_state_override__2018-12-19__07_49_17__baseline,src/modules/attitude_estimator_q,10.558088198375772,4.0
2019-01-25__17_38_05,normal,commander_nav_state_override__2018-12-19__07_49_17__baseline,src/modules/camera_feedback,0.0,inf
2019-01-25__17_38_05,normal,commander_nav_state_override__2018-12-19__07_49_17__baseline,src/modules/commander,0.0,inf
2019-01-25__17_38_05,normal,commander_nav_state_override__2018-12-19__07_49_17__baseline,src/modules/ekf2,10.558088198375772,4.0
2019-01-25__17_38_05,normal,commander_nav_state_override__2018-12-19__07_49_17__baseline,src/modules/events,0.0,inf
2019-01-25__17_38_05,normal,commander_nav_state_override__2018-12-19__07_49_17__baseline,src/modules/fw_att_control,0.0,inf
2019-01-25__17_38_05,normal,commander_nav_state_override__2018-12-19__07_49_17__baseline,src/modules/fw_pos_control_l1,0.0,inf
2019-01-25__17_38_05,normal,commander_nav_state_override__2018-12-19__07_49_17__baseline,src/modules/gnd_att_control,0.0,inf
2019-01-25__17_38_05,normal,commander_nav_state_override__2018-12-19__07_49_17__baseline,src/modules/gnd_pos_control,0.0,inf
2019-01-25__17_38_05,normal,commander_nav_state_override__2018-12-19__07_49_17__baseline,src/modules/gpio_led,0.0,inf
2019-01-25__17_38_05,normal,commander_nav_state_override__2018-12-19__07_49_17__baseline,src/modules/land_detector,0.0,inf
2019-01-25__17_38_05,normal,commander_nav_state_override__2018-12-19__07_49_17__baseline,src/modules/landing_target_estimator,0.0,inf
2019-01-25__17_38_05,normal,commander_nav_state_override__2018-12-19__07_49_17__baseline,src/modules/load_mon,0.0,inf
2019-01-25__17_38_05,normal,commander_nav_state_override__2018-12-19__07_49_17__baseline,src/modules/logger,0.0,inf
2019-01-25__17_38_05,normal,commander_nav_state_override__2018-12-19__07_49_17__baseline,src/modules/mavlink,10.558088198375772,4.0
2019-01-25__17_38_05,normal,commander_nav_state_override__2018-12-19__07_49_17__baseline,src/modules/mc_att_control,0.0,inf
2019-01-25__17_38_05,normal,commander_nav_state_override__2018-12-19__07_49_17__baseline,src/modules/mc_pos_control,0.0,inf
2019-01-25__17_38_05,normal,commander_nav_state_override__2018-12-19__07_49_17__baseline,src/modules/navigator,0.0,inf
2019-01-25__17_38_05,normal,commander_nav_state_override__2018-12-19__07_49_17__baseline,src/modules/position_estimator_inav,0.0,inf
2019-01-25__17_38_05,normal,commander_nav_state_override__2018-12-19__07_49_17__baseline,src/modules/replay,0.0,inf
2019-01-25__17_38_05,normal,commander_nav_state_override__2018-12-19__07_49_17__baseline,src/modules/sdlog2,0.0,inf
2019-01-25__17_38_05,normal,commander_nav_state_override__2018-12-19__07_49_17__baseline,src/modules/sensors,0.2505731794126388,6.0
2019-01-25__17_38_05,normal,commander_nav_state_override__2018-12-19__07_49_17__baseline,src/modules/simulator,0.0,inf
2019-01-25__17_38_05,normal,commander_nav_state_override__2018-12-19__07_49_17__baseline,src/modules/syslink,0.0,inf
2019-01-25__17_38_05,normal,commander_nav_state_override__2018-12-19__07_49_17__baseline,src/modules/uavcan,0.0,inf
2019-01-25__17_38_05,normal,commander_nav_state_override__2018-12-19__07_49_17__baseline,src/modules/vtol_att_control,0.0,inf
2019-01-25__17_38_05,normal,commander_nav_state_override__2018-12-19__07_49_17__baseline,src/modules/wind_estimator,0.0,inf
2019-01-25__17_38_05,normal,commander_nav_state_override__2018-12-19__07_49_17__baseline,src/platforms/posix/drivers/df_bebop_bus_wrapper,0.0,inf
2019-01-25__17_38_05,normal,commander_nav_state_override__2018-12-19__07_49_17__baseline,src/platforms/posix/drivers/df_bebop_rangefinder_wrapper,0.0,inf
2019-01-25__17_38_05,normal,commander_nav_state_override__2018-12-19__07_49_17__baseline,src/platforms/posix/drivers/df_isl29501_wrapper,0.0,inf
2019-01-25__17_38_05,normal,commander_nav_state_override__2018-12-19__07_49_17__baseline,src/platforms/posix/drivers/df_ltc2946_wrapper,0.0,inf
2019-01-25__17_38_05,normal,commander_nav_state_override__2018-12-19__07_49_17__baseline,src/platforms/posix/drivers/df_trone_wrapper,0.0,inf
2019-01-25__17_38_05,normal,commander_nav_state_override__2018-12-19__07_49_17__baseline,src/platforms/qurt/fc_addon/uart_esc,0.0,inf
2019-01-25__17_38_05,normal,commander_nav_state_override__2018-12-19__07_49_17__baseline,src/platforms/qurt/tests/muorb,0.2505731794126388,6.0
2019-01-25__17_38_05,normal,commander_nav_state_override__2018-12-19__07_49_17__baseline,src/templates/module,0.0,inf
2019-01-25__17_38_05,normal,commander_nav_state_override__2018-12-20__07_47_50__baseline,src/drivers/batt_smbus,0.0,inf
2019-01-25__17_38_05,normal,commander_nav_state_override__2018-12-20__07_47_50__baseline,src/drivers/blinkm,0.0,inf
2019-01-25__17_38_05,normal,commander_nav_state_override__2018-12-20__07_47_50__baseline,src/drivers/camera_trigger,0.0,inf
2019-01-25__17_38_05,normal,commander_nav_state_override__2018-12-20__07_47_50__baseline,src/drivers/distance_sensor,0.0,inf
2019-01-25__17_38_05,normal,commander_nav_state_override__2018-12-20__07_47_50__baseline,src/drivers/linux_pwm_out,0.0,inf
2019-01-25__17_38_05,normal,commander_nav_state_override__2018-12-20__07_47_50__baseline,src/drivers/mkblctrl,0.0,inf
2019-01-25__17_38_05,normal,commander_nav_state_override__2018-12-20__07_47_50__baseline,src/drivers/pwm_out_sim,0.0,inf
2019-01-25__17_38_05,normal,commander_nav_state_override__2018-12-20__07_47_50__baseline,src/drivers/px4flow,0.0,inf
2019-01-25__17_38_05,normal,commander_nav_state_override__2018-12-20__07_47_50__baseline,src/drivers/px4fmu,0.0,inf
2019-01-25__17_38_05,normal,commander_nav_state_override__2018-12-20__07_47_50__baseline,src/drivers/px4io,0.0,inf
2019-01-25__17_38_05,normal,commander_nav_state_override__2018-12-20__07_47_50__baseline,src/drivers/snapdragon_pwm_out,0.0,inf
2019-01-25__17_38_05,normal,commander_nav_state_override__2018-12-20__07_47_50__baseline,src/drivers/tap_esc,0.0,inf
2019-01-25__17_38_05,normal,commander_nav_state_override__2018-12-20__07_47_50__baseline,src/drivers/telemetry,0.0,inf
2019-01-25__17_38_05,normal,commander_nav_state_override__2018-12-20__07_47_50__baseline,src/drivers/vmount,0.0,inf
2019-01-25__17_38_05,normal,commander_nav_state_override__2018-12-20__07_47_50__baseline,src/examples/fixedwing_control,0.0,inf
2019-01-25__17_38_05,normal,commander_nav_state_override__2018-12-20__07_47_50__baseline,src/examples/hwtest,0.0,inf
2019-01-25__17_38_05,normal,commander_nav_state_override__2018-12-20__07_47_50__baseline,src/examples/px4_simple_app,4.385211922603348,4.0
2019-01-25__17_38_05,normal,commander_nav_state_override__2018-12-20__07_47_50__baseline,src/examples/rover_steering_control,0.0,inf
2019-01-25__17_38_05,normal,commander_nav_state_override__2018-12-20__07_47_50__baseline,src/examples/uuv_example_app,0.0,inf
2019-01-25__17_38_05,normal,commander_nav_state_override__2018-12-20__07_47_50__baseline,src/modules/attitude_estimator_q,4.385211922603348,4.0
2019-01-25__17_38_05,normal,commander_nav_state_override__2018-12-20__07_47_50__baseline,src/modules/camera_feedback,0.0,inf
2019-01-25__17_38_05,normal,commander_nav_state_override__2018-12-20__07_47_50__baseline,src/modules/commander,0.0,inf
2019-01-25__17_38_05,normal,commander_nav_state_override__2018-12-20__07_47_50__baseline,src/modules/ekf2,4.385211922603348,4.0
2019-01-25__17_38_05,normal,commander_nav_state_override__2018-12-20__07_47_50__baseline,src/modules/events,0.0,inf
2019-01-25__17_38_05,normal,commander_nav_state_override__2018-12-20__07_47_50__baseline,src/modules/fw_att_control,0.0,inf
2019-01-25__17_38_05,normal,commander_nav_state_override__2018-12-20__07_47_50__baseline,src/modules/fw_pos_control_l1,0.0,inf
2019-01-25__17_38_05,normal,commander_nav_state_override__2018-12-20__07_47_50__baseline,src/modules/gnd_att_control,0.0,inf
2019-01-25__17_38_05,normal,commander_nav_state_override__2018-12-20__07_47_50__baseline,src/modules/gnd_pos_control,0.0,inf
2019-01-25__17_38_05,normal,commander_nav_state_override__2018-12-20__07_47_50__baseline,src/modules/gpio_led,0.0,inf
2019-01-25__17_38_05,normal,commander_nav_state_override__2018-12-20__07_47_50__baseline,src/modules/land_detector,0.0,inf
2019-01-25__17_38_05,normal,commander_nav_state_override__2018-12-20__07_47_50__baseline,src/modules/landing_target_estimator,0.0,inf
2019-01-25__17_38_05,normal,commander_nav_state_override__2018-12-20__07_47_50__baseline,src/modules/load_mon,0.0,inf
2019-01-25__17_38_05,normal,commander_nav_state_override__2018-12-20__07_47_50__baseline,src/modules/logger,0.0,inf
2019-01-25__17_38_05,normal,commander_nav_state_override__2018-12-20__07_47_50__baseline,src/modules/mavlink,4.385211922603348,4.0
2019-01-25__17_38_05,normal,commander_nav_state_override__2018-12-20__07_47_50__baseline,src/modules/mc_att_control,0.0,inf
2019-01-25__17_38_05,normal,commander_nav_state_override__2018-12-20__07_47_50__baseline,src/modules/mc_pos_control,0.0,inf
2019-01-25__17_38_05,normal,commander_nav_state_override__2018-12-20__07_47_50__baseline,src/modules/navigator,0.0,inf
2019-01-25__17_38_05,normal,commander_nav_state_override__2018-12-20__07_47_50__baseline,src/modules/position_estimator_inav,0.0,inf
2019-01-25__17_38_05,normal,commander_nav_state_override__2018-12-20__07_47_50__baseline,src/modules/replay,0.0,inf
2019-01-25__17_38_05,normal,commander_nav_state_override__2018-12-20__07_47_50__baseline,src/modules/sdlog2,0.0,inf
2019-01-25__17_38_05,normal,commander_nav_state_override__2018-12-20__07_47_50__baseline,src/modules/sensors,0.0,inf
2019-01-25__17_38_05,normal,commander_nav_state_override__2018-12-20__07_47_50__baseline,src/modules/simulator,0.0,inf
2019-01-25__17_38_05,normal,commander_nav_state_override__2018-12-20__07_47_50__baseline,src/modules/syslink,0.0,inf
2019-01-25__17_38_05,normal,commander_nav_state_override__2018-12-20__07_47_50__baseline,src/modules/uavcan,0.0,inf
2019-01-25__17_38_05,normal,commander_nav_state_override__2018-12-20__07_47_50__baseline,src/modules/vtol_att_control,0.0,inf
2019-01-25__17_38_05,normal,commander_nav_state_override__2018-12-20__07_47_50__baseline,src/modules/wind_estimator,0.0,inf
2019-01-25__17_38_05,normal,commander_nav_state_override__2018-12-20__07_47_50__baseline,src/platforms/posix/drivers/df_bebop_bus_wrapper,0.0,inf
2019-01-25__17_38_05,normal,commander_nav_state_override__2018-12-20__07_47_50__baseline,src/platforms/posix/drivers/df_bebop_rangefinder_wrapper,0.0,inf
2019-01-25__17_38_05,normal,commander_nav_state_override__2018-12-20__07_47_50__baseline,src/platforms/posix/drivers/df_isl29501_wrapper,0.0,inf
2019-01-25__17_38_05,normal,commander_nav_state_override__2018-12-20__07_47_50__baseline,src/platforms/posix/drivers/df_ltc2946_wrapper,0.0,inf
2019-01-25__17_38_05,normal,commander_nav_state_override__2018-12-20__07_47_50__baseline,src/platforms/posix/drivers/df_trone_wrapper,0.0,inf
2019-01-25__17_38_05,normal,commander_nav_state_override__2018-12-20__07_47_50__baseline,src/platforms/qurt/fc_addon/uart_esc,0.0,inf
2019-01-25__17_38_05,normal,commander_nav_state_override__2018-12-20__07_47_50__baseline,src/platforms/qurt/tests/muorb,0.0,inf
2019-01-25__17_38_05,normal,commander_nav_state_override__2018-12-20__07_47_50__baseline,src/templates/module,0.0,inf
2019-01-25__17_38_05,normal,commander_nav_state_override__2018-12-25__08_44_40__baseline,src/drivers/batt_smbus,0.0,inf
2019-01-25__17_38_05,normal,commander_nav_state_override__2018-12-25__08_44_40__baseline,src/drivers/blinkm,0.0,inf
2019-01-25__17_38_05,normal,commander_nav_state_override__2018-12-25__08_44_40__baseline,src/drivers/camera_trigger,0.0,inf
2019-01-25__17_38_05,normal,commander_nav_state_override__2018-12-25__08_44_40__baseline,src/drivers/distance_sensor,0.0,inf
2019-01-25__17_38_05,normal,commander_nav_state_override__2018-12-25__08_44_40__baseline,src/drivers/linux_pwm_out,0.0,inf
2019-01-25__17_38_05,normal,commander_nav_state_override__2018-12-25__08_44_40__baseline,src/drivers/mkblctrl,0.0,inf
2019-01-25__17_38_05,normal,commander_nav_state_override__2018-12-25__08_44_40__baseline,src/drivers/pwm_out_sim,0.0,inf
2019-01-25__17_38_05,normal,commander_nav_state_override__2018-12-25__08_44_40__baseline,src/drivers/px4flow,0.0,inf
2019-01-25__17_38_05,normal,commander_nav_state_override__2018-12-25__08_44_40__baseline,src/drivers/px4fmu,0.0,inf
2019-01-25__17_38_05,normal,commander_nav_state_override__2018-12-25__08_44_40__baseline,src/drivers/px4io,0.0,inf
2019-01-25__17_38_05,normal,commander_nav_state_override__2018-12-25__08_44_40__baseline,src/drivers/snapdragon_pwm_out,0.0,inf
2019-01-25__17_38_05,normal,commander_nav_state_override__2018-12-25__08_44_40__baseline,src/drivers/tap_esc,0.0,inf
2019-01-25__17_38_05,normal,commander_nav_state_override__2018-12-25__08_44_40__baseline,src/drivers/telemetry,0.0,inf
2019-01-25__17_38_05,normal,commander_nav_state_override__2018-12-25__08_44_40__baseline,src/drivers/vmount,0.0,inf
2019-01-25__17_38_05,normal,commander_nav_state_override__2018-12-25__08_44_40__baseline,src/examples/fixedwing_control,0.0,inf
2019-01-25__17_38_05,normal,commander_nav_state_override__2018-12-25__08_44_40__baseline,src/examples/hwtest,0.0,inf
2019-01-25__17_38_05,normal,commander_nav_state_override__2018-12-25__08_44_40__baseline,src/examples/px4_simple_app,5.373933588171425,4.0
2019-01-25__17_38_05,normal,commander_nav_state_override__2018-12-25__08_44_40__baseline,src/examples/rover_steering_control,0.0,inf
2019-01-25__17_38_05,normal,commander_nav_state_override__2018-12-25__08_44_40__baseline,src/examples/uuv_example_app,0.0,inf
2019-01-25__17_38_05,normal,commander_nav_state_override__2018-12-25__08_44_40__baseline,src/modules/attitude_estimator_q,5.373933588171425,4.0
2019-01-25__17_38_05,normal,commander_nav_state_override__2018-12-25__08_44_40__baseline,src/modules/camera_feedback,0.0,inf
2019-01-25__17_38_05,normal,commander_nav_state_override__2018-12-25__08_44_40__baseline,src/modules/commander,0.0,inf
2019-01-25__17_38_05,normal,commander_nav_state_override__2018-12-25__08_44_40__baseline,src/modules/ekf2,5.373933588171425,4.0
2019-01-25__17_38_05,normal,commander_nav_state_override__2018-12-25__08_44_40__baseline,src/modules/events,0.0,inf
2019-01-25__17_38_05,normal,commander_nav_state_override__2018-12-25__08_44_40__baseline,src/modules/fw_att_control,0.0,inf
2019-01-25__17_38_05,normal,commander_nav_state_override__2018-12-25__08_44_40__baseline,src/modules/fw_pos_control_l1,0.0,inf
2019-01-25__17_38_05,normal,commander_nav_state_override__2018-12-25__08_44_40__baseline,src/modules/gnd_att_control,0.0,inf
2019-01-25__17_38_05,normal,commander_nav_state_override__2018-12-25__08_44_40__baseline,src/modules/gnd_pos_control,0.0,inf
2019-01-25__17_38_05,normal,commander_nav_state_override__2018-12-25__08_44_40__baseline,src/modules/gpio_led,0.0,inf
2019-01-25__17_38_05,normal,commander_nav_state_override__2018-12-25__08_44_40__baseline,src/modules/land_detector,0.0,inf
2019-01-25__17_38_05,normal,commander_nav_state_override__2018-12-25__08_44_40__baseline,src/modules/landing_target_estimator,0.0,inf
2019-01-25__17_38_05,normal,commander_nav_state_override__2018-12-25__08_44_40__baseline,src/modules/load_mon,0.0,inf
2019-01-25__17_38_05,normal,commander_nav_state_override__2018-12-25__08_44_40__baseline,src/modules/logger,0.0,inf
2019-01-25__17_38_05,normal,commander_nav_state_override__2018-12-25__08_44_40__baseline,src/modules/mavlink,5.373933588171425,4.0
2019-01-25__17_38_05,normal,commander_nav_state_override__2018-12-25__08_44_40__baseline,src/modules/mc_att_control,0.0,inf
2019-01-25__17_38_05,normal,commander_nav_state_override__2018-12-25__08_44_40__baseline,src/modules/mc_pos_control,0.0,inf
2019-01-25__17_38_05,normal,commander_nav_state_override__2018-12-25__08_44_40__baseline,src/modules/navigator,0.0,inf
2019-01-25__17_38_05,normal,commander_nav_state_override__2018-12-25__08_44_40__baseline,src/modules/position_estimator_inav,0.0,inf
2019-01-25__17_38_05,normal,commander_nav_state_override__2018-12-25__08_44_40__baseline,src/modules/replay,0.0,inf
2019-01-25__17_38_05,normal,commander_nav_state_override__2018-12-25__08_44_40__baseline,src/modules/sdlog2,0.0,inf
2019-01-25__17_38_05,normal,commander_nav_state_override__2018-12-25__08_44_40__baseline,src/modules/sensors,0.0,inf
2019-01-25__17_38_05,normal,commander_nav_state_override__2018-12-25__08_44_40__baseline,src/modules/simulator,0.0,inf
2019-01-25__17_38_05,normal,commander_nav_state_override__2018-12-25__08_44_40__baseline,src/modules/syslink,0.0,inf
2019-01-25__17_38_05,normal,commander_nav_state_override__2018-12-25__08_44_40__baseline,src/modules/uavcan,0.0,inf
2019-01-25__17_38_05,normal,commander_nav_state_override__2018-12-25__08_44_40__baseline,src/modules/vtol_att_control,0.0,inf
2019-01-25__17_38_05,normal,commander_nav_state_override__2018-12-25__08_44_40__baseline,src/modules/wind_estimator,0.0,inf
2019-01-25__17_38_05,normal,commander_nav_state_override__2018-12-25__08_44_40__baseline,src/platforms/posix/drivers/df_bebop_bus_wrapper,0.0,inf
2019-01-25__17_38_05,normal,commander_nav_state_override__2018-12-25__08_44_40__baseline,src/platforms/posix/drivers/df_bebop_rangefinder_wrapper,0.0,inf
2019-01-25__17_38_05,normal,commander_nav_state_override__2018-12-25__08_44_40__baseline,src/platforms/posix/drivers/df_isl29501_wrapper,0.0,inf
2019-01-25__17_38_05,normal,commander_nav_state_override__2018-12-25__08_44_40__baseline,src/platforms/posix/drivers/df_ltc2946_wrapper,0.0,inf
2019-01-25__17_38_05,normal,commander_nav_state_override__2018-12-25__08_44_40__baseline,src/platforms/posix/drivers/df_trone_wrapper,0.0,inf
2019-01-25__17_38_05,normal,commander_nav_state_override__2018-12-25__08_44_40__baseline,src/platforms/qurt/fc_addon/uart_esc,0.0,inf
2019-01-25__17_38_05,normal,commander_nav_state_override__2018-12-25__08_44_40__baseline,src/platforms/qurt/tests/muorb,0.0,inf
2019-01-25__17_38_05,normal,commander_nav_state_override__2018-12-25__08_44_40__baseline,src/templates/module,0.0,inf
2019-01-25__17_38_05,normal,ekf2_innovation_bias__2018-12-19__07_49_17__baseline,src/drivers/batt_smbus,0.0,inf
2019-01-25__17_38_05,normal,ekf2_innovation_bias__2018-12-19__07_49_17__baseline,src/drivers/blinkm,0.0,inf
2019-01-25__17_38_05,normal,ekf2_innovation_bias__2018-12-19__07_49_17__baseline,src/drivers/camera_trigger,0.0,inf
2019-01-25__17_38_05,normal,ekf2_innovation_bias__2018-12-19__07_49_17__baseline,src/drivers/distance_sensor,0.0,inf
2019-01-25__17_38_05,normal,ekf2_innovation_bias__2018-12-19__07_49_17__baseline,src/drivers/linux_pwm_out,0.0073238060869833385,17.0
2019-01-25__17_38_05,normal,ekf2_innovation_bias__2018-12-19__07_49_17__baseline,src/drivers/mkblctrl,0.0073238060869833385,17.0
2019-01-25__17_38_05,normal,ekf2_innovation_bias__2018-12-19__07_49_17__baseline,src/drivers/pwm_out_sim,0.0073238060869833385,17.0
2019-01-25__17_38_05,normal,ekf2_innovation_bias__2018-12-19__07_49_17__baseline,src/drivers/px4flow,0.0,inf
2019-01-25__17_38_05,normal,ekf2_innovation_bias__2018-12-19__07_49_17__baseline,src/drivers/px4fmu,0.0073238060869833385,17.0
2019-01-25__17_38_05,normal,ekf2_innovation_bias__2018-12-19__07_49_17__baseline,src/drivers/px4io,0.0073238060869833385,17.0
2019-01-25__17_38_05,normal,ekf2_innovation_bias__2018-12-19__07_49_17__baseline,src/drivers/snapdragon_pwm_out,0.0073238060869833385,17.0
2019-01-25__17_38_05,normal,ekf2_innovation_bias__2018-12-19__07_49_17__baseline,src/drivers/tap_esc,0.0073238060869833385,17.0
2019-01-25__17_38_05,normal,ekf2_innovation_bias__2018-12-19__07_49_17__baseline,src/drivers/telemetry,0.0,inf
2019-01-25__17_38_05,normal,ekf2_innovation_bias__2018-12-19__07_49_17__baseline,src/drivers/vmount,0.0,inf
2019-01-25__17_38_05,normal,ekf2_innovation_bias__2018-12-19__07_49_17__baseline,src/examples/fixedwing_control,0.0,inf
2019-01-25__17_38_05,normal,ekf2_innovation_bias__2018-12-19__07_49_17__baseline,src/examples/hwtest,0.0,inf
2019-01-25__17_38_05,normal,ekf2_innovation_bias__2018-12-19__07_49_17__baseline,src/examples/px4_simple_app,10.908371877941116,4.0
2019-01-25__17_38_05,normal,ekf2_innovation_bias__2018-12-19__07_49_17__baseline,src/examples/rover_steering_control,0.0,inf
2019-01-25__17_38_05,normal,ekf2_innovation_bias__2018-12-19__07_49_17__baseline,src/examples/uuv_example_app,0.0,inf
2019-01-25__17_38_05,normal,ekf2_innovation_bias__2018-12-19__07_49_17__baseline,src/modules/attitude_estimator_q,10.908371877941116,4.0
2019-01-25__17_38_05,normal,ekf2_innovation_bias__2018-12-19__07_49_17__baseline,src/modules/camera_feedback,0.0,inf
2019-01-25__17_38_05,normal,ekf2_innovation_bias__2018-12-19__07_49_17__baseline,src/modules/commander,0.0,inf
2019-01-25__17_38_05,normal,ekf2_innovation_bias__2018-12-19__07_49_17__baseline,src/modules/ekf2,415.942498032991,1.0
2019-01-25__17_38_05,normal,ekf2_innovation_bias__2018-12-19__07_49_17__baseline,src/modules/events,0.0,inf
2019-01-25__17_38_05,normal,ekf2_innovation_bias__2018-12-19__07_49_17__baseline,src/modules/fw_att_control,0.0,inf
2019-01-25__17_38_05,normal,ekf2_innovation_bias__2018-12-19__07_49_17__baseline,src/modules/fw_pos_control_l1,0.0,inf
2019-01-25__17_38_05,normal,ekf2_innovation_bias__2018-12-19__07_49_17__baseline,src/modules/gnd_att_control,0.0,inf
2019-01-25__17_38_05,normal,ekf2_innovation_bias__2018-12-19__07_49_17__baseline,src/modules/gnd_pos_control,0.0,inf
2019-01-25__17_38_05,normal,ekf2_innovation_bias__2018-12-19__07_49_17__baseline,src/modules/gpio_led,0.0,inf
2019-01-25__17_38_05,normal,ekf2_innovation_bias__2018-12-19__07_49_17__baseline,src/modules/land_detector,0.0,inf
2019-01-25__17_38_05,normal,ekf2_innovation_bias__2018-12-19__07_49_17__baseline,src/modules/landing_target_estimator,0.0,inf
2019-01-25__17_38_05,normal,ekf2_innovation_bias__2018-12-19__07_49_17__baseline,src/modules/load_mon,0.0,inf
2019-01-25__17_38_05,normal,ekf2_innovation_bias__2018-12-19__07_49_17__baseline,src/modules/logger,0.0,inf
2019-01-25__17_38_05,normal,ekf2_innovation_bias__2018-12-19__07_49_17__baseline,src/modules/mavlink,18.38135593762193,2.0
2019-01-25__17_38_05,normal,ekf2_innovation_bias__2018-12-19__07_49_17__baseline,src/modules/mc_att_control,0.0,inf
2019-01-25__17_38_05,normal,ekf2_innovation_bias__2018-12-19__07_49_17__baseline,src/modules/mc_pos_control,0.0,inf
2019-01-25__17_38_05,normal,ekf2_innovation_bias__2018-12-19__07_49_17__baseline,src/modules/navigator,0.0,inf
2019-01-25__17_38_05,normal,ekf2_innovation_bias__2018-12-19__07_49_17__baseline,src/modules/position_estimator_inav,7.363754555765857,5.0
2019-01-25__17_38_05,normal,ekf2_innovation_bias__2018-12-19__07_49_17__baseline,src/modules/replay,0.0,inf
2019-01-25__17_38_05,normal,ekf2_innovation_bias__2018-12-19__07_49_17__baseline,src/modules/sdlog2,0.0,inf
2019-01-25__17_38_05,normal,ekf2_innovation_bias__2018-12-19__07_49_17__baseline,src/modules/sensors,0.1308160336871722,6.0
2019-01-25__17_38_05,normal,ekf2_innovation_bias__2018-12-19__07_49_17__baseline,src/modules/simulator,0.0,inf
2019-01-25__17_38_05,normal,ekf2_innovation_bias__2018-12-19__07_49_17__baseline,src/modules/syslink,0.0,inf
2019-01-25__17_38_05,normal,ekf2_innovation_bias__2018-12-19__07_49_17__baseline,src/modules/uavcan,0.0073238060869833385,17.0
2019-01-25__17_38_05,normal,ekf2_innovation_bias__2018-12-19__07_49_17__baseline,src/modules/vtol_att_control,0.0,inf
2019-01-25__17_38_05,normal,ekf2_innovation_bias__2018-12-19__07_49_17__baseline,src/modules/wind_estimator,0.0,inf
2019-01-25__17_38_05,normal,ekf2_innovation_bias__2018-12-19__07_49_17__baseline,src/platforms/posix/drivers/df_bebop_bus_wrapper,0.0073238060869833385,17.0
2019-01-25__17_38_05,normal,ekf2_innovation_bias__2018-12-19__07_49_17__baseline,src/platforms/posix/drivers/df_bebop_rangefinder_wrapper,0.0,inf
2019-01-25__17_38_05,normal,ekf2_innovation_bias__2018-12-19__07_49_17__baseline,src/platforms/posix/drivers/df_isl29501_wrapper,0.0,inf
2019-01-25__17_38_05,normal,ekf2_innovation_bias__2018-12-19__07_49_17__baseline,src/platforms/posix/drivers/df_ltc2946_wrapper,0.0,inf
2019-01-25__17_38_05,normal,ekf2_innovation_bias__2018-12-19__07_49_17__baseline,src/platforms/posix/drivers/df_trone_wrapper,0.0,inf
2019-01-25__17_38_05,normal,ekf2_innovation_bias__2018-12-19__07_49_17__baseline,src/platforms/qurt/fc_addon/uart_esc,0.0073238060869833385,17.0
2019-01-25__17_38_05,normal,ekf2_innovation_bias__2018-12-19__07_49_17__baseline,src/platforms/qurt/tests/muorb,0.021586529772214494,7.0
2019-01-25__17_38_05,normal,ekf2_innovation_bias__2018-12-19__07_49_17__baseline,src/templates/module,0.0,inf
2019-01-25__17_38_05,normal,ekf2_innovation_bias__2018-12-20__07_47_50__baseline,src/drivers/batt_smbus,0.0,inf
2019-01-25__17_38_05,normal,ekf2_innovation_bias__2018-12-20__07_47_50__baseline,src/drivers/blinkm,0.0,inf
2019-01-25__17_38_05,normal,ekf2_innovation_bias__2018-12-20__07_47_50__baseline,src/drivers/camera_trigger,0.0,inf
2019-01-25__17_38_05,normal,ekf2_innovation_bias__2018-12-20__07_47_50__baseline,src/drivers/distance_sensor,0.0,inf
2019-01-25__17_38_05,normal,ekf2_innovation_bias__2018-12-20__07_47_50__baseline,src/drivers/linux_pwm_out,0.0,inf
2019-01-25__17_38_05,normal,ekf2_innovation_bias__2018-12-20__07_47_50__baseline,src/drivers/mkblctrl,0.0,inf
2019-01-25__17_38_05,normal,ekf2_innovation_bias__2018-12-20__07_47_50__baseline,src/drivers/pwm_out_sim,0.0,inf
2019-01-25__17_38_05,normal,ekf2_innovation_bias__2018-12-20__07_47_50__baseline,src/drivers/px4flow,0.0,inf
2019-01-25__17_38_05,normal,ekf2_innovation_bias__2018-12-20__07_47_50__baseline,src/drivers/px4fmu,0.0,inf
2019-01-25__17_38_05,normal,ekf2_innovation_bias__2018-12-20__07_47_50__baseline,src/drivers/px4io,0.0,inf
2019-01-25__17_38_05,normal,ekf2_innovation_bias__2018-12-20__07_47_50__baseline,src/drivers/snapdragon_pwm_out,0.0,inf
2019-01-25__17_38_05,normal,ekf2_innovation_bias__2018-12-20__07_47_50__baseline,src/drivers/tap_esc,0.0,inf
2019-01-25__17_38_05,normal,ekf2_innovation_bias__2018-12-20__07_47_50__baseline,src/drivers/telemetry,0.0,inf
2019-01-25__17_38_05,normal,ekf2_innovation_bias__2018-12-20__07_47_50__baseline,src/drivers/vmount,0.0,inf
2019-01-25__17_38_05,normal,ekf2_innovation_bias__2018-12-20__07_47_50__baseline,src/examples/fixedwing_control,0.0,inf
2019-01-25__17_38_05,normal,ekf2_innovation_bias__2018-12-20__07_47_50__baseline,src/examples/hwtest,0.0,inf
2019-01-25__17_38_05,normal,ekf2_innovation_bias__2018-12-20__07_47_50__baseline,src/examples/px4_simple_app,10.786753840194182,5.0
2019-01-25__17_38_05,normal,ekf2_innovation_bias__2018-12-20__07_47_50__baseline,src/examples/rover_steering_control,0.0,inf
2019-01-25__17_38_05,normal,ekf2_innovation_bias__2018-12-20__07_47_50__baseline,src/examples/uuv_example_app,0.0,inf
2019-01-25__17_38_05,normal,ekf2_innovation_bias__2018-12-20__07_47_50__baseline,src/modules/attitude_estimator_q,10.786753840194182,5.0
2019-01-25__17_38_05,normal,ekf2_innovation_bias__2018-12-20__07_47_50__baseline,src/modules/camera_feedback,0.0,inf
2019-01-25__17_38_05,normal,ekf2_innovation_bias__2018-12-20__07_47_50__baseline,src/modules/commander,0.0,inf
2019-01-25__17_38_05,normal,ekf2_innovation_bias__2018-12-20__07_47_50__baseline,src/modules/ekf2,366.9072118149752,1.0
2019-01-25__17_38_05,normal,ekf2_innovation_bias__2018-12-20__07_47_50__baseline,src/modules/events,0.0,inf
2019-01-25__17_38_05,normal,ekf2_innovation_bias__2018-12-20__07_47_50__baseline,src/modules/fw_att_control,0.0,inf
2019-01-25__17_38_05,normal,ekf2_innovation_bias__2018-12-20__07_47_50__baseline,src/modules/fw_pos_control_l1,0.0,inf
2019-01-25__17_38_05,normal,ekf2_innovation_bias__2018-12-20__07_47_50__baseline,src/modules/gnd_att_control,0.0,inf
2019-01-25__17_38_05,normal,ekf2_innovation_bias__2018-12-20__07_47_50__baseline,src/modules/gnd_pos_control,0.0,inf
2019-01-25__17_38_05,normal,ekf2_innovation_bias__2018-12-20__07_47_50__baseline,src/modules/gpio_led,0.0,inf
2019-01-25__17_38_05,normal,ekf2_innovation_bias__2018-12-20__07_47_50__baseline,src/modules/land_detector,0.0,inf
2019-01-25__17_38_05,normal,ekf2_innovation_bias__2018-12-20__07_47_50__baseline,src/modules/landing_target_estimator,0.0,inf
2019-01-25__17_38_05,normal,ekf2_innovation_bias__2018-12-20__07_47_50__baseline,src/modules/load_mon,0.0,inf
2019-01-25__17_38_05,normal,ekf2_innovation_bias__2018-12-20__07_47_50__baseline,src/modules/logger,0.0,inf
2019-01-25__17_38_05,normal,ekf2_innovation_bias__2018-12-20__07_47_50__baseline,src/modules/mavlink,29.322153303822432,2.0
2019-01-25__17_38_05,normal,ekf2_innovation_bias__2018-12-20__07_47_50__baseline,src/modules/mc_att_control,0.0,inf
2019-01-25__17_38_05,normal,ekf2_innovation_bias__2018-12-20__07_47_50__baseline,src/modules/mc_pos_control,0.0,inf
2019-01-25__17_38_05,normal,ekf2_innovation_bias__2018-12-20__07_47_50__baseline,src/modules/navigator,0.0,inf
2019-01-25__17_38_05,normal,ekf2_innovation_bias__2018-12-20__07_47_50__baseline,src/modules/position_estimator_inav,18.535399463628252,3.0
2019-01-25__17_38_05,normal,ekf2_innovation_bias__2018-12-20__07_47_50__baseline,src/modules/replay,0.0,inf
2019-01-25__17_38_05,normal,ekf2_innovation_bias__2018-12-20__07_47_50__baseline,src/modules/sdlog2,0.0,inf
2019-01-25__17_38_05,normal,ekf2_innovation_bias__2018-12-20__07_47_50__baseline,src/modules/sensors,0.0,inf
2019-01-25__17_38_05,normal,ekf2_innovation_bias__2018-12-20__07_47_50__baseline,src/modules/simulator,0.0,inf
2019-01-25__17_38_05,normal,ekf2_innovation_bias__2018-12-20__07_47_50__baseline,src/modules/syslink,0.0,inf
2019-01-25__17_38_05,normal,ekf2_innovation_bias__2018-12-20__07_47_50__baseline,src/modules/uavcan,0.0,inf
2019-01-25__17_38_05,normal,ekf2_innovation_bias__2018-12-20__07_47_50__baseline,src/modules/vtol_att_control,0.0,inf
2019-01-25__17_38_05,normal,ekf2_innovation_bias__2018-12-20__07_47_50__baseline,src/modules/wind_estimator,0.0,inf
2019-01-25__17_38_05,normal,ekf2_innovation_bias__2018-12-20__07_47_50__baseline,src/platforms/posix/drivers/df_bebop_bus_wrapper,0.0,inf
2019-01-25__17_38_05,normal,ekf2_innovation_bias__2018-12-20__07_47_50__baseline,src/platforms/posix/drivers/df_bebop_rangefinder_wrapper,0.0,inf
2019-01-25__17_38_05,normal,ekf2_innovation_bias__2018-12-20__07_47_50__baseline,src/platforms/posix/drivers/df_isl29501_wrapper,0.0,inf
2019-01-25__17_38_05,normal,ekf2_innovation_bias__2018-12-20__07_47_50__baseline,src/platforms/posix/drivers/df_ltc2946_wrapper,0.0,inf
2019-01-25__17_38_05,normal,ekf2_innovation_bias__2018-12-20__07_47_50__baseline,src/platforms/posix/drivers/df_trone_wrapper,0.0,inf
2019-01-25__17_38_05,normal,ekf2_innovation_bias__2018-12-20__07_47_50__baseline,src/platforms/qurt/fc_addon/uart_esc,0.0,inf
2019-01-25__17_38_05,normal,ekf2_innovation_bias__2018-12-20__07_47_50__baseline,src/platforms/qurt/tests/muorb,0.0,inf
2019-01-25__17_38_05,normal,ekf2_innovation_bias__2018-12-20__07_47_50__baseline,src/templates/module,0.0,inf
2019-01-25__17_38_05,normal,ekf2_innovation_bias__2018-12-25__08_44_40__baseline,src/drivers/batt_smbus,0.0,inf
2019-01-25__17_38_05,normal,ekf2_innovation_bias__2018-12-25__08_44_40__baseline,src/drivers/blinkm,0.0,inf
2019-01-25__17_38_05,normal,ekf2_innovation_bias__2018-12-25__08_44_40__baseline,src/drivers/camera_trigger,0.0,inf
2019-01-25__17_38_05,normal,ekf2_innovation_bias__2018-12-25__08_44_40__baseline,src/drivers/distance_sensor,0.0,inf
2019-01-25__17_38_05,normal,ekf2_innovation_bias__2018-12-25__08_44_40__baseline,src/drivers/linux_pwm_out,0.0,inf
2019-01-25__17_38_05,normal,ekf2_innovation_bias__2018-12-25__08_44_40__baseline,src/drivers/mkblctrl,0.0,inf
2019-01-25__17_38_05,normal,ekf2_innovation_bias__2018-12-25__08_44_40__baseline,src/drivers/pwm_out_sim,0.0,inf
2019-01-25__17_38_05,normal,ekf2_innovation_bias__2018-12-25__08_44_40__baseline,src/drivers/px4flow,0.0,inf
2019-01-25__17_38_05,normal,ekf2_innovation_bias__2018-12-25__08_44_40__baseline,src/drivers/px4fmu,0.0,inf
2019-01-25__17_38_05,normal,ekf2_innovation_bias__2018-12-25__08_44_40__baseline,src/drivers/px4io,0.0,inf
2019-01-25__17_38_05,normal,ekf2_innovation_bias__2018-12-25__08_44_40__baseline,src/drivers/snapdragon_pwm_out,0.0,inf
2019-01-25__17_38_05,normal,ekf2_innovation_bias__2018-12-25__08_44_40__baseline,src/drivers/tap_esc,0.0,inf
2019-01-25__17_38_05,normal,ekf2_innovation_bias__2018-12-25__08_44_40__baseline,src/drivers/telemetry,0.0,inf
2019-01-25__17_38_05,normal,ekf2_innovation_bias__2018-12-25__08_44_40__baseline,src/drivers/vmount,0.0,inf
2019-01-25__17_38_05,normal,ekf2_innovation_bias__2018-12-25__08_44_40__baseline,src/examples/fixedwing_control,0.0,inf
2019-01-25__17_38_05,normal,ekf2_innovation_bias__2018-12-25__08_44_40__baseline,src/examples/hwtest,0.0,inf
2019-01-25__17_38_05,normal,ekf2_innovation_bias__2018-12-25__08_44_40__baseline,src/examples/px4_simple_app,0.7318991054900819,5.0
2019-01-25__17_38_05,normal,ekf2_innovation_bias__2018-12-25__08_44_40__baseline,src/examples/rover_steering_control,0.0,inf
2019-01-25__17_38_05,normal,ekf2_innovation_bias__2018-12-25__08_44_40__baseline,src/examples/uuv_example_app,0.0,inf
2019-01-25__17_38_05,normal,ekf2_innovation_bias__2018-12-25__08_44_40__baseline,src/modules/attitude_estimator_q,0.7318991054900819,5.0
2019-01-25__17_38_05,normal,ekf2_innovation_bias__2018-12-25__08_44_40__baseline,src/modules/camera_feedback,0.0,inf
2019-01-25__17_38_05,normal,ekf2_innovation_bias__2018-12-25__08_44_40__baseline,src/modules/commander,0.0,inf
2019-01-25__17_38_05,normal,ekf2_innovation_bias__2018-12-25__08_44_40__baseline,src/modules/ekf2,0.7318991054900819,5.0
2019-01-25__17_38_05,normal,ekf2_innovation_bias__2018-12-25__08_44_40__baseline,src/modules/events,0.0,inf
2019-01-25__17_38_05,normal,ekf2_innovation_bias__2018-12-25__08_44_40__baseline,src/modules/fw_att_control,0.0,inf
2019-01-25__17_38_05,normal,ekf2_innovation_bias__2018-12-25__08_44_40__baseline,src/modules/fw_pos_control_l1,0.0,inf
2019-01-25__17_38_05,normal,ekf2_innovation_bias__2018-12-25__08_44_40__baseline,src/modules/gnd_att_control,0.0,inf
2019-01-25__17_38_05,normal,ekf2_innovation_bias__2018-12-25__08_44_40__baseline,src/modules/gnd_pos_control,0.0,inf
2019-01-25__17_38_05,normal,ekf2_innovation_bias__2018-12-25__08_44_40__baseline,src/modules/gpio_led,0.0,inf
2019-01-25__17_38_05,normal,ekf2_innovation_bias__2018-12-25__08_44_40__baseline,src/modules/land_detector,0.0,inf
2019-01-25__17_38_05,normal,ekf2_innovation_bias__2018-12-25__08_44_40__baseline,src/modules/landing_target_estimator,0.0,inf
2019-01-25__17_38_05,normal,ekf2_innovation_bias__2018-12-25__08_44_40__baseline,src/modules/load_mon,0.0,inf
2019-01-25__17_38_05,normal,ekf2_innovation_bias__2018-12-25__08_44_40__baseline,src/modules/logger,0.0,inf
2019-01-25__17_38_05,normal,ekf2_innovation_bias__2018-12-25__08_44_40__baseline,src/modules/mavlink,9.65726525152057,1.0
2019-01-25__17_38_05,normal,ekf2_innovation_bias__2018-12-25__08_44_40__baseline,src/modules/mc_att_control,0.0,inf
2019-01-25__17_38_05,normal,ekf2_innovation_bias__2018-12-25__08_44_40__baseline,src/modules/mc_pos_control,0.0,inf
2019-01-25__17_38_05,normal,ekf2_innovation_bias__2018-12-25__08_44_40__baseline,src/modules/navigator,0.0,inf
2019-01-25__17_38_05,normal,ekf2_innovation_bias__2018-12-25__08_44_40__baseline,src/modules/position_estimator_inav,8.92536614603049,2.0
2019-01-25__17_38_05,normal,ekf2_innovation_bias__2018-12-25__08_44_40__baseline,src/modules/replay,0.0,inf
2019-01-25__17_38_05,normal,ekf2_innovation_bias__2018-12-25__08_44_40__baseline,src/modules/sdlog2,0.0,inf
2019-01-25__17_38_05,normal,ekf2_innovation_bias__2018-12-25__08_44_40__baseline,src/modules/sensors,0.0,inf
2019-01-25__17_38_05,normal,ekf2_innovation_bias__2018-12-25__08_44_40__baseline,src/modules/simulator,0.0,inf
2019-01-25__17_38_05,normal,ekf2_innovation_bias__2018-12-25__08_44_40__baseline,src/modules/syslink,0.0,inf
2019-01-25__17_38_05,normal,ekf2_innovation_bias__2018-12-25__08_44_40__baseline,src/modules/uavcan,0.0,inf
2019-01-25__17_38_05,normal,ekf2_innovation_bias__2018-12-25__08_44_40__baseline,src/modules/vtol_att_control,0.0,inf
2019-01-25__17_38_05,normal,ekf2_innovation_bias__2018-12-25__08_44_40__baseline,src/modules/wind_estimator,0.0,inf
2019-01-25__17_38_05,normal,ekf2_innovation_bias__2018-12-25__08_44_40__baseline,src/platforms/posix/drivers/df_bebop_bus_wrapper,0.0,inf
2019-01-25__17_38_05,normal,ekf2_innovation_bias__2018-12-25__08_44_40__baseline,src/platforms/posix/drivers/df_bebop_rangefinder_wrapper,0.0,inf
2019-01-25__17_38_05,normal,ekf2_innovation_bias__2018-12-25__08_44_40__baseline,src/platforms/posix/drivers/df_isl29501_wrapper,0.0,inf
2019-01-25__17_38_05,normal,ekf2_innovation_bias__2018-12-25__08_44_40__baseline,src/platforms/posix/drivers/df_ltc2946_wrapper,0.0,inf
2019-01-25__17_38_05,normal,ekf2_innovation_bias__2018-12-25__08_44_40__baseline,src/platforms/posix/drivers/df_trone_wrapper,0.0,inf
2019-01-25__17_38_05,normal,ekf2_innovation_bias__2018-12-25__08_44_40__baseline,src/platforms/qurt/fc_addon/uart_esc,0.0,inf
2019-01-25__17_38_05,normal,ekf2_innovation_bias__2018-12-25__08_44_40__baseline,src/platforms/qurt/tests/muorb,0.0,inf
2019-01-25__17_38_05,normal,ekf2_innovation_bias__2018-12-25__08_44_40__baseline,src/templates/module,0.0,inf
2019-01-25__17_38_05,normal,inav_local_z_freeze__2018-12-19__07_49_17__baseline,src/drivers/batt_smbus,0.0,inf
2019-01-25__17_38_05,normal,inav_local_z_freeze__2018-12-19__07_49_17__baseline,src/drivers/blinkm,0.0,inf
2019-01-25__17_38_05,normal,inav_local_z_freeze__2018-12-19__07_49_17__baseline,src/drivers/camera_trigger,0.0,inf
2019-01-25__17_38_05,normal,inav_local_z_freeze__2018-12-19__07_49_17__baseline,src/drivers/distance_sensor,0.0,inf
2019-01-25__17_38_05,normal,inav_local_z_freeze__2018-12-19__07_49_17__baseline,src/drivers/linux_pwm_out,0.0,inf
2019-01-25__17_38_05,normal,inav_local_z_freeze__2018-12-19__07_49_17__baseline,src/drivers/mkblctrl,0.0,inf
2019-01-25__17_38_05,normal,inav_local_z_freeze__2018-12-19__07_49_17__baseline,src/drivers/pwm_out_sim,0.0,inf
2019-01-25__17_38_05,normal,inav_local_z_freeze__2018-12-19__07_49_17__baseline,src/drivers/px4flow,0.0,inf
2019-01-25__17_38_05,normal,inav_local_z_freeze__2018-12-19__07_49_17__baseline,src/drivers/px4fmu,0.0,inf
2019-01-25__17_38_05,normal,inav_local_z_freeze__2018-12-19__07_49_17__baseline,src/drivers/px4io,0.0,inf
2019-01-25__17_38_05,normal,inav_local_z_freeze__2018-12-19__07_49_17__baseline,src/drivers/snapdragon_pwm_out,0.0,inf
2019-01-25__17_38_05,normal,inav_local_z_freeze__2018-12-19__07_49_17__baseline,src/drivers/tap_esc,0.0,inf
2019-01-25__17_38_05,normal,inav_local_z_freeze__2018-12-19__07_49_17__baseline,src/drivers/telemetry,0.0,inf
2019-01-25__17_38_05,normal,inav_local_z_freeze__2018-12-19__07_49_17__baseline,src/drivers/vmount,0.0,inf
2019-01-25__17_38_05,normal,inav_local_z_freeze__2018-12-19__07_49_17__baseline,src/examples/fixedwing_control,0.0,inf
2019-01-25__17_38_05,normal,inav_local_z_freeze__2018-12-19__07_49_17__baseline,src/examples/hwtest,0.0,inf
2019-01-25__17_38_05,normal,inav_local_z_freeze__2018-12-19__07_49_17__baseline,src/examples/px4_simple_app,7.4197352359771696,4.0
2019-01-25__17_38_05,normal,inav_local_z_freeze__2018-12-19__07_49_17__baseline,src/examples/rover_steering_control,0.0,inf
2019-01-25__17_38_05,normal,inav_local_z_freeze__2018-12-19__07_49_17__baseline,src/examples/uuv_example_app,0.0,inf
2019-01-25__17_38_05,normal,inav_local_z_freeze__2018-12-19__07_49_17__baseline,src/modules/attitude_estimator_q,7.4197352359771696,4.0
2019-01-25__17_38_05,normal,inav_local_z_freeze__2018-12-19__07_49_17__baseline,src/modules/camera_feedback,0.0,inf
2019-01-25__17_38_05,normal,inav_local_z_freeze__2018-12-19__07_49_17__baseline,src/modules/commander,0.0,inf
2019-01-25__17_38_05,normal,inav_local_z_freeze__2018-12-19__07_49_17__baseline,src/modules/ekf2,7.4197352359771696,4.0
2019-01-25__17_38_05,normal,inav_local_z_freeze__2018-12-19__07_49_17__baseline,src/modules/events,0.0,inf
2019-01-25__17_38_05,normal,inav_local_z_freeze__2018-12-19__07_49_17__baseline,src/modules/fw_att_control,0.0,inf
2019-01-25__17_38_05,normal,inav_local_z_freeze__2018-12-19__07_49_17__baseline,src/modules/fw_pos_control_l1,0.0,inf
2019-01-25__17_38_05,normal,inav_local_z_freeze__2018-12-19__07_49_17__baseline,src/modules/gnd_att_control,0.0,inf
2019-01-25__17_38_05,normal,inav_local_z_freeze__2018-12-19__07_49_17__baseline,src/modules/gnd_pos_control,0.0,inf
2019-01-25__17_38_05,normal,inav_local_z_freeze__2018-12-19__07_49_17__baseline,src/modules/gpio_led,0.0,inf
2019-01-25__17_38_05,normal,inav_local_z_freeze__2018-12-19__07_49_17__baseline,src/modules/land_detector,0.0,inf
2019-01-25__17_38_05,normal,inav_local_z_freeze__2018-12-19__07_49_17__baseline,src/modules/landing_target_estimator,0.0,inf
2019-01-25__17_38_05,normal,inav_local_z_freeze__2018-12-19__07_49_17__baseline,src/modules/load_mon,0.0,inf
2019-01-25__17_38_05,normal,inav_local_z_freeze__2018-12-19__07_49_17__baseline,src/modules/logger,0.0,inf
2019-01-25__17_38_05,normal,inav_local_z_freeze__2018-12-19__07_49_17__baseline,src/modules/mavlink,7.784143806060048,1.0
2019-01-25__17_38_05,normal,inav_local_z_freeze__2018-12-19__07_49_17__baseline,src/modules/mc_att_control,0.0,inf
2019-01-25__17_38_05,normal,inav_local_z_freeze__2018-12-19__07_49_17__baseline,src/modules/mc_pos_control,0.0,inf
2019-01-25__17_38_05,normal,inav_local_z_freeze__2018-12-19__07_49_17__baseline,src/modules/navigator,0.0,inf
2019-01-25__17_38_05,normal,inav_local_z_freeze__2018-12-19__07_49_17__baseline,src/modules/position_estimator_inav,0.0,inf
2019-01-25__17_38_05,normal,inav_local_z_freeze__2018-12-19__07_49_17__baseline,src/modules/replay,0.0,inf
2019-01-25__17_38_05,normal,inav_local_z_freeze__2018-12-19__07_49_17__baseline,src/modules/sdlog2,0.0,inf
2019-01-25__17_38_05,normal,inav_local_z_freeze__2018-12-19__07_49_17__baseline,src/modules/sensors,0.6732124394313073,5.0
2019-01-25__17_38_05,normal,inav_local_z_freeze__2018-12-19__07_49_17__baseline,src/modules/simulator,0.0,inf
2019-01-25__17_38_05,normal,inav_local_z_freeze__2018-12-19__07_49_17__baseline,src/modules/syslink,0.0,inf
2019-01-25__17_38_05,normal,inav_local_z_freeze__2018-12-19__07_49_17__baseline,src/modules/uavcan,0.0,inf
2019-01-25__17_38_05,normal,inav_local_z_freeze__2018-12-19__07_49_17__baseline,src/modules/vtol_att_control,0.0,inf
2019-01-25__17_38_05,normal,inav_local_z_freeze__2018-12-19__07_49_17__baseline,src/modules/wind_estimator,0.0,inf
2019-01-25__17_38_05,normal,inav_local_z_freeze__2018-12-19__07_49_17__baseline,src/platforms/posix/drivers/df_bebop_bus_wrapper,0.0,inf
2019-01-25__17_38_05,normal,inav_local_z_freeze__2018-12-19__07_49_17__baseline,src/platforms/posix/drivers/df_bebop_rangefinder_wrapper,0.0,inf
2019-01-25__17_38_05,normal,inav_local_z_freeze__2018-12-19__07_49_17__baseline,src/platforms/posix/drivers/df_isl29501_wrapper,0.0,inf
2019-01-25__17_38_05,normal,inav_local_z_freeze__2018-12-19__07_49_17__baseline,src/platforms/posix/drivers/df_ltc2946_wrapper,0.0,inf
2019-01-25__17_38_05,normal,inav_local_z_freeze__2018-12-19__07_49_17__baseline,src/platforms/posix/drivers/df_trone_wrapper,0.0,inf
2019-01-25__17_38_05,normal,inav_local_z_freeze__2018-12-19__07_49_17__baseline,src/platforms/qurt/fc_addon/uart_esc,0.0,inf
2019-01-25__17_38_05,normal,inav_local_z_freeze__2018-12-19__07_49_17__baseline,src/platforms/qurt/tests/muorb,0.3088038693484287,6.0
2019-01-25__17_38_05,normal,inav_local_z_freeze__2018-12-19__07_49_17__baseline,src/templates/module,0.0,inf
2019-01-25__17_38_05,normal,inav_local_z_freeze__2018-12-20__07_47_50__baseline,src/drivers/batt_smbus,0.0,inf
2019-01-25__17_38_05,normal,inav_local_z_freeze__2018-12-20__07_47_50__baseline,src/drivers/blinkm,0.0,inf
2019-01-25__17_38_05,normal,inav_local_z_freeze__2018-12-20__07_47_50__baseline,src/drivers/camera_trigger,0.0,inf
2019-01-25__17_38_05,normal,inav_local_z_freeze__2018-12-20__07_47_50__baseline,src/drivers/distance_sensor,0.0,inf
2019-01-25__17_38_05,normal,inav_local_z_freeze__2018-12-20__07_47_50__baseline,src/drivers/linux_pwm_out,0.0,inf
2019-01-25__17_38_05,normal,inav_local_z_freeze__2018-12-20__07_47_50__baseline,src/drivers/mkblctrl,0.0,inf
2019-01-25__17_38_05,normal,inav_local_z_freeze__2018-12-20__07_47_50__baseline,src/drivers/pwm_out_sim,0.0,inf
2019-01-25__17_38_05,normal,inav_local_z_freeze__2018-12-20__07_47_50__baseline,src/drivers/px4flow,0.0,inf
2019-01-25__17_38_05,normal,inav_local_z_freeze__2018-12-20__07_47_50__baseline,src/drivers/px4fmu,0.0,inf
2019-01-25__17_38_05,normal,inav_local_z_freeze__2018-12-20__07_47_50__baseline,src/drivers/px4io,0.0,inf
2019-01-25__17_38_05,normal,inav_local_z_freeze__2018-12-20__07_47_50__baseline,src/drivers/snapdragon_pwm_out,0.0,inf
2019-01-25__17_38_05,normal,inav_local_z_freeze__2018-12-20__07_47_50__baseline,src/drivers/tap_esc,0.0,inf
2019-01-25__17_38_05,normal,inav_local_z_freeze__2018-12-20__07_47_50__baseline,src/drivers/telemetry,0.0,inf
2019-01-25__17_38_05,normal,inav_local_z_freeze__2018-12-20__07_47_50__baseline,src/drivers/vmount,0.0,inf
2019-01-25__17_38_05,normal,inav_local_z_freeze__2018-12-20__07_47_50__baseline,src/examples/fixedwing_control,0.0,inf
2019-01-25__17_38_05,normal,inav_local_z_freeze__2018-12-20__07_47_50__baseline,src/examples/hwtest,0.0,inf
2019-01-25__17_38_05,normal,inav_local_z_freeze__2018-12-20__07_47_50__baseline,src/examples/px4_simple_app,4.160709967260889,4.0
2019-01-25__17_38_05,normal,inav_local_z_freeze__2018-12-20__07_47_50__baseline,src/examples/rover_steering_control,0.0,inf
2019-01-25__17_38_05,normal,inav_local_z_freeze__2018-12-20__07_47_50__baseline,src/examples/uuv_example_app,0.0,inf
2019-01-25__17_38_05,normal,inav_local_z_freeze__2018-12-20__07_47_50__baseline,src/modules/attitude_estimator_q,4.160709967260889,4.0
2019-01-25__17_38_05,normal,inav_local_z_freeze__2018-12-20__07_47_50__baseline,src/modules/camera_feedback,0.0,inf
2019-01-25__17_38_05,normal,inav_local_z_freeze__2018-12-20__07_47_50__baseline,src/modules/commander,0.0,inf
2019-01-25__17_38_05,normal,inav_local_z_freeze__2018-12-20__07_47_50__baseline,src/modules/ekf2,4.160709967260889,4.0
2019-01-25__17_38_05,normal,inav_local_z_freeze__2018-12-20__07_47_50__baseline,src/modules/events,0.0,inf
2019-01-25__17_38_05,normal,inav_local_z_freeze__2018-12-20__07_47_50__baseline,src/modules/fw_att_control,0.0,inf
2019-01-25__17_38_05,normal,inav_local_z_freeze__2018-12-20__07_47_50__baseline,src/modules/fw_pos_control_l1,0.0,inf
2019-01-25__17_38_05,normal,inav_local_z_freeze__2018-12-20__07_47_50__baseline,src/modules/gnd_att_control,0.0,inf
2019-01-25__17_38_05,normal,inav_local_z_freeze__2018-12-20__07_47_50__baseline,src/modules/gnd_pos_control,0.0,inf
2019-01-25__17_38_05,normal,inav_local_z_freeze__2018-12-20__07_47_50__baseline,src/modules/gpio_led,0.0,inf
2019-01-25__17_38_05,normal,inav_local_z_freeze__2018-12-20__07_47_50__baseline,src/modules/land_detector,0.0,inf
2019-01-25__17_38_05,normal,inav_local_z_freeze__2018-12-20__07_47_50__baseline,src/modules/landing_target_estimator,0.0,inf
2019-01-25__17_38_05,normal,inav_local_z_freeze__2018-12-20__07_47_50__baseline,src/modules/load_mon,0.0,inf
2019-01-25__17_38_05,normal,inav_local_z_freeze__2018-12-20__07_47_50__baseline,src/modules/logger,0.0,inf
2019-01-25__17_38_05,normal,inav_local_z_freeze__2018-12-20__07_47_50__baseline,src/modules/mavlink,4.160709967260889,4.0
2019-01-25__17_38_05,normal,inav_local_z_freeze__2018-12-20__07_47_50__baseline,src/modules/mc_att_control,0.0,inf
2019-01-25__17_38_05,normal,inav_local_z_freeze__2018-12-20__07_47_50__baseline,src/modules/mc_pos_control,0.0,inf
2019-01-25__17_38_05,normal,inav_local_z_freeze__2018-12-20__07_47_50__baseline,src/modules/navigator,0.0,inf
2019-01-25__17_38_05,normal,inav_local_z_freeze__2018-12-20__07_47_50__baseline,src/modules/position_estimator_inav,0.0,inf
2019-01-25__17_38_05,normal,inav_local_z_freeze__2018-12-20__07_47_50__baseline,src/modules/replay,0.0,inf
2019-01-25__17_38_05,normal,inav_local_z_freeze__2018-12-20__07_47_50__baseline,src/modules/sdlog2,0.0,inf
2019-01-25__17_38_05,normal,inav_local_z_freeze__2018-12-20__07_47_50__baseline,src/modules/sensors,0.0,inf
2019-01-25__17_38_05,normal,inav_local_z_freeze__2018-12-20__07_47_50__baseline,src/modules/simulator,0.0,inf
2019-01-25__17_38_05,normal,inav_local_z_freeze__2018-12-20__07_47_50__baseline,src/modules/syslink,0.0,inf
2019-01-25__17_38_05,normal,inav_local_z_freeze__2018-12-20__07_47_50__baseline,src/modules/uavcan,0.0,inf
2019-01-25__17_38_05,normal,inav_local_z_freeze__2018-12-20__07_47_50__baseline,src/modules/vtol_att_control,0.0,inf
2019-01-25__17_38_05,normal,inav_local_z_freeze__2018-12-20__07_47_50__baseline,src/modules/wind_estimator,0.0,inf
2019-01-25__17_38_05,normal,inav_local_z_freeze__2018-12-20__07_47_50__baseline,src/platforms/posix/drivers/df_bebop_bus_wrapper,0.0,inf
2019-01-25__17_38_05,normal,inav_local_z_freeze__2018-12-20__07_47_50__baseline,src/platforms/posix/drivers/df_bebop_rangefinder_wrapper,0.0,inf
2019-01-25__17_38_05,normal,inav_local_z_freeze__2018-12-20__07_47_50__baseline,src/platforms/posix/drivers/df_isl29501_wrapper,0.0,inf
2019-01-25__17_38_05,normal,inav_local_z_freeze__2018-12-20__07_47_50__baseline,src/platforms/posix/drivers/df_ltc2946_wrapper,0.0,inf
2019-01-25__17_38_05,normal,inav_local_z_freeze__2018-12-20__07_47_50__baseline,src/platforms/posix/drivers/df_trone_wrapper,0.0,inf
2019-01-25__17_38_05,normal,inav_local_z_freeze__2018-12-20__07_47_50__baseline,src/platforms/qurt/fc_addon/uart_esc,0.0,inf
2019-01-25__17_38_05,normal,inav_local_z_freeze__2018-12-20__07_47_50__baseline,src/platforms/qurt/tests/muorb,0.0,inf
2019-01-25__17_38_05,normal,inav_local_z_freeze__2018-12-20__07_47_50__baseline,src/templates/module,0.0,inf
2019-01-25__17_38_05,normal,inav_local_z_freeze__2018-12-25__08_44_40__baseline,src/drivers/batt_smbus,0.0,inf
2019-01-25__17_38_05,normal,inav_local_z_freeze__2018-12-25__08_44_40__baseline,src/drivers/blinkm,0.0,inf
2019-01-25__17_38_05,normal,inav_local_z_freeze__2018-12-25__08_44_40__baseline,src/drivers/camera_trigger,0.0,inf
2019-01-25__17_38_05,normal,inav_local_z_freeze__2018-12-25__08_44_40__baseline,src/drivers/distance_sensor,0.0,inf
2019-01-25__17_38_05,normal,inav_local_z_freeze__2018-12-25__08_44_40__baseline,src/drivers/linux_pwm_out,0.0,inf
2019-01-25__17_38_05,normal,inav_local_z_freeze__2018-12-25__08_44_40__baseline,src/drivers/mkblctrl,0.0,inf
2019-01-25__17_38_05,normal,inav_local_z_freeze__2018-12-25__08_44_40__baseline,src/drivers/pwm_out_sim,0.0,inf
2019-01-25__17_38_05,normal,inav_local_z_freeze__2018-12-25__08_44_40__baseline,src/drivers/px4flow,0.0,inf
2019-01-25__17_38_05,normal,inav_local_z_freeze__2018-12-25__08_44_40__baseline,src/drivers/px4fmu,0.0,inf
2019-01-25__17_38_05,normal,inav_local_z_freeze__2018-12-25__08_44_40__baseline,src/drivers/px4io,0.0,inf
2019-01-25__17_38_05,normal,inav_local_z_freeze__2018-12-25__08_44_40__baseline,src/drivers/snapdragon_pwm_out,0.0,inf
2019-01-25__17_38_05,normal,inav_local_z_freeze__2018-12-25__08_44_40__baseline,src/drivers/tap_esc,0.0,inf
2019-01-25__17_38_05,normal,inav_local_z_freeze__2018-12-25__08_44_40__baseline,src/drivers/telemetry,0.0,inf
2019-01-25__17_38_05,normal,inav_local_z_freeze__2018-12-25__08_44_40__baseline,src/drivers/vmount,0.0,inf
2019-01-25__17_38_05,normal,inav_local_z_freeze__2018-12-25__08_44_40__baseline,src/examples/fixedwing_control,0.0,inf
2019-01-25__17_38_05,normal,inav_local_z_freeze__2018-12-25__08_44_40__baseline,src/examples/hwtest,0.0,inf
2019-01-25__17_38_05,normal,inav_local_z_freeze__2018-12-25__08_44_40__baseline,src/examples/px4_simple_app,0.041644752973738264,8.0
2019-01-25__17_38_05,normal,inav_local_z_freeze__2018-12-25__08_44_40__baseline,src/examples/rover_steering_control,0.0,inf
2019-01-25__17_38_05,normal,inav_local_z_freeze__2018-12-25__08_44_40__baseline,src/examples/uuv_example_app,0.0,inf
2019-01-25__17_38_05,normal,inav_local_z_freeze__2018-12-25__08_44_40__baseline,src/modules/attitude_estimator_q,0.041644752973738264,8.0
2019-01-25__17_38_05,normal,inav_local_z_freeze__2018-12-25__08_44_40__baseline,src/modules/camera_feedback,0.0,inf
2019-01-25__17_38_05,normal,inav_local_z_freeze__2018-12-25__08_44_40__baseline,src/modules/commander,0.0,inf
2019-01-25__17_38_05,normal,inav_local_z_freeze__2018-12-25__08_44_40__baseline,src/modules/ekf2,0.041644752973738264,8.0
2019-01-25__17_38_05,normal,inav_local_z_freeze__2018-12-25__08_44_40__baseline,src/modules/events,0.0,inf
2019-01-25__17_38_05,normal,inav_local_z_freeze__2018-12-25__08_44_40__baseline,src/modules/fw_att_control,0.0,inf
2019-01-25__17_38_05,normal,inav_local_z_freeze__2018-12-25__08_44_40__baseline,src/modules/fw_pos_control_l1,0.0,inf
2019-01-25__17_38_05,normal,inav_local_z_freeze__2018-12-25__08_44_40__baseline,src/modules/gnd_att_control,0.0,inf
2019-01-25__17_38_05,normal,inav_local_z_freeze__2018-12-25__08_44_40__baseline,src/modules/gnd_pos_control,0.409423367137137,5.0
2019-01-25__17_38_05,normal,inav_local_z_freeze__2018-12-25__08_44_40__baseline,src/modules/gpio_led,0.0,inf
2019-01-25__17_38_05,normal,inav_local_z_freeze__2018-12-25__08_44_40__baseline,src/modules/land_detector,0.0,inf
2019-01-25__17_38_05,normal,inav_local_z_freeze__2018-12-25__08_44_40__baseline,src/modules/landing_target_estimator,0.0,inf
2019-01-25__17_38_05,normal,inav_local_z_freeze__2018-12-25__08_44_40__baseline,src/modules/load_mon,0.0,inf
2019-01-25__17_38_05,normal,inav_local_z_freeze__2018-12-25__08_44_40__baseline,src/modules/logger,0.0,inf
2019-01-25__17_38_05,normal,inav_local_z_freeze__2018-12-25__08_44_40__baseline,src/modules/mavlink,5.42461951456238,1.0
2019-01-25__17_38_05,normal,inav_local_z_freeze__2018-12-25__08_44_40__baseline,src/modules/mc_att_control,0.0,inf
2019-01-25__17_38_05,normal,inav_local_z_freeze__2018-12-25__08_44_40__baseline,src/modules/mc_pos_control,0.0,inf
2019-01-25__17_38_05,normal,inav_local_z_freeze__2018-12-25__08_44_40__baseline,src/modules/navigator,0.409423367137137,5.0
2019-01-25__17_38_05,normal,inav_local_z_freeze__2018-12-25__08_44_40__baseline,src/modules/position_estimator_inav,0.0,inf
2019-01-25__17_38_05,normal,inav_local_z_freeze__2018-12-25__08_44_40__baseline,src/modules/replay,0.0,inf
2019-01-25__17_38_05,normal,inav_local_z_freeze__2018-12-25__08_44_40__baseline,src/modules/sdlog2,0.0,inf
2019-01-25__17_38_05,normal,inav_local_z_freeze__2018-12-25__08_44_40__baseline,src/modules/sensors,4.973551394451505,2.0
2019-01-25__17_38_05,normal,inav_local_z_freeze__2018-12-25__08_44_40__baseline,src/modules/simulator,0.0,inf
2019-01-25__17_38_05,normal,inav_local_z_freeze__2018-12-25__08_44_40__baseline,src/modules/syslink,0.0,inf
2019-01-25__17_38_05,normal,inav_local_z_freeze__2018-12-25__08_44_40__baseline,src/modules/uavcan,0.0,inf
2019-01-25__17_38_05,normal,inav_local_z_freeze__2018-12-25__08_44_40__baseline,src/modules/vtol_att_control,0.409423367137137,5.0
2019-01-25__17_38_05,normal,inav_local_z_freeze__2018-12-25__08_44_40__baseline,src/modules/wind_estimator,0.0,inf
2019-01-25__17_38_05,normal,inav_local_z_freeze__2018-12-25__08_44_40__baseline,src/platforms/posix/drivers/df_bebop_bus_wrapper,0.0,inf
2019-01-25__17_38_05,normal,inav_local_z_freeze__2018-12-25__08_44_40__baseline,src/platforms/posix/drivers/df_bebop_rangefinder_wrapper,0.0,inf
2019-01-25__17_38_05,normal,inav_local_z_freeze__2018-12-25__08_44_40__baseline,src/platforms/posix/drivers/df_isl29501_wrapper,0.0,inf
2019-01-25__17_38_05,normal,inav_local_z_freeze__2018-12-25__08_44_40__baseline,src/platforms/posix/drivers/df_ltc2946_wrapper,0.0,inf
2019-01-25__17_38_05,normal,inav_local_z_freeze__2018-12-25__08_44_40__baseline,src/platforms/posix/drivers/df_trone_wrapper,0.0,inf
2019-01-25__17_38_05,normal,inav_local_z_freeze__2018-12-25__08_44_40__baseline,src/platforms/qurt/fc_addon/uart_esc,0.0,inf
2019-01-25__17_38_05,normal,inav_local_z_freeze__2018-12-25__08_44_40__baseline,src/platforms/qurt/tests/muorb,0.0,inf
2019-01-25__17_38_05,normal,inav_local_z_freeze__2018-12-25__08_44_40__baseline,src/templates/module,0.0,inf
2019-01-25__17_38_05,normal,land_detector_state_inversion__2018-12-19__07_49_17__baseline,src/drivers/batt_smbus,0.0,inf
2019-01-25__17_38_05,normal,land_detector_state_inversion__2018-12-19__07_49_17__baseline,src/drivers/blinkm,0.0,inf
2019-01-25__17_38_05,normal,land_detector_state_inversion__2018-12-19__07_49_17__baseline,src/drivers/camera_trigger,0.0,inf
2019-01-25__17_38_05,normal,land_detector_state_inversion__2018-12-19__07_49_17__baseline,src/drivers/distance_sensor,0.0,inf
2019-01-25__17_38_05,normal,land_detector_state_inversion__2018-12-19__07_49_17__baseline,src/drivers/linux_pwm_out,0.0,inf
2019-01-25__17_38_05,normal,land_detector_state_inversion__2018-12-19__07_49_17__baseline,src/drivers/mkblctrl,0.0,inf
2019-01-25__17_38_05,normal,land_detector_state_inversion__2018-12-19__07_49_17__baseline,src/drivers/pwm_out_sim,0.0,inf
2019-01-25__17_38_05,normal,land_detector_state_inversion__2018-12-19__07_49_17__baseline,src/drivers/px4flow,0.0,inf
2019-01-25__17_38_05,normal,land_detector_state_inversion__2018-12-19__07_49_17__baseline,src/drivers/px4fmu,0.0,inf
2019-01-25__17_38_05,normal,land_detector_state_inversion__2018-12-19__07_49_17__baseline,src/drivers/px4io,0.0,inf
2019-01-25__17_38_05,normal,land_detector_state_inversion__2018-12-19__07_49_17__baseline,src/drivers/snapdragon_pwm_out,0.0,inf
2019-01-25__17_38_05,normal,land_detector_state_inversion__2018-12-19__07_49_17__baseline,src/drivers/tap_esc,0.0,inf
2019-01-25__17_38_05,normal,land_detector_state_inversion__2018-12-19__07_49_17__baseline,src/drivers/telemetry,0.0,inf
2019-01-25__17_38_05,normal,land_detector_state_inversion__2018-12-19__07_49_17__baseline,src/drivers/vmount,0.0,inf
2019-01-25__17_38_05,normal,land_detector_state_inversion__2018-12-19__07_49_17__baseline,src/examples/fixedwing_control,0.0,inf
2019-01-25__17_38_05,normal,land_detector_state_inversion__2018-12-19__07_49_17__baseline,src/examples/hwtest,0.0,inf
2019-01-25__17_38_05,normal,land_detector_state_inversion__2018-12-19__07_49_17__baseline,src/examples/px4_simple_app,7.200907144833808,4.0
2019-01-25__17_38_05,normal,land_detector_state_inversion__2018-12-19__07_49_17__baseline,src/examples/rover_steering_control,0.0,inf
2019-01-25__17_38_05,normal,land_detector_state_inversion__2018-12-19__07_49_17__baseline,src/examples/uuv_example_app,0.0,inf
2019-01-25__17_38_05,normal,land_detector_state_inversion__2018-12-19__07_49_17__baseline,src/modules/attitude_estimator_q,7.200907144833808,4.0
2019-01-25__17_38_05,normal,land_detector_state_inversion__2018-12-19__07_49_17__baseline,src/modules/camera_feedback,0.0,inf
2019-01-25__17_38_05,normal,land_detector_state_inversion__2018-12-19__07_49_17__baseline,src/modules/commander,0.0,inf
2019-01-25__17_38_05,normal,land_detector_state_inversion__2018-12-19__07_49_17__baseline,src/modules/ekf2,7.200907144833808,4.0
2019-01-25__17_38_05,normal,land_detector_state_inversion__2018-12-19__07_49_17__baseline,src/modules/events,0.0,inf
2019-01-25__17_38_05,normal,land_detector_state_inversion__2018-12-19__07_49_17__baseline,src/modules/fw_att_control,0.0,inf
2019-01-25__17_38_05,normal,land_detector_state_inversion__2018-12-19__07_49_17__baseline,src/modules/fw_pos_control_l1,0.0,inf
2019-01-25__17_38_05,normal,land_detector_state_inversion__2018-12-19__07_49_17__baseline,src/modules/gnd_att_control,0.0,inf
2019-01-25__17_38_05,normal,land_detector_state_inversion__2018-12-19__07_49_17__baseline,src/modules/gnd_pos_control,0.0,inf
2019-01-25__17_38_05,normal,land_detector_state_inversion__2018-12-19__07_49_17__baseline,src/modules/gpio_led,0.0,inf
2019-01-25__17_38_05,normal,land_detector_state_inversion__2018-12-19__07_49_17__baseline,src/modules/land_detector,0.0,inf
2019-01-25__17_38_05,normal,land_detector_state_inversion__2018-12-19__07_49_17__baseline,src/modules/landing_target_estimator,0.0,inf
2019-01-25__17_38_05,normal,land_detector_state_inversion__2018-12-19__07_49_17__baseline,src/modules/load_mon,0.0,inf
2019-01-25__17_38_05,normal,land_detector_state_inversion__2018-12-19__07_49_17__baseline,src/modules/logger,0.0,inf
2019-01-25__17_38_05,normal,land_detector_state_inversion__2018-12-19__07_49_17__baseline,src/modules/mavlink,7.200907144833808,4.0
2019-01-25__17_38_05,normal,land_detector_state_inversion__2018-12-19__07_49_17__baseline,src/modules/mc_att_control,0.0,inf
2019-01-25__17_38_05,normal,land_detector_state_inversion__2018-12-19__07_49_17__baseline,src/modules/mc_pos_control,0.0,inf
2019-01-25__17_38_05,normal,land_detector_state_inversion__2018-12-19__07_49_17__baseline,src/modules/navigator,0.0,inf
2019-01-25__17_38_05,normal,land_detector_state_inversion__2018-12-19__07_49_17__baseline,src/modules/position_estimator_inav,0.0,inf
2019-01-25__17_38_05,normal,land_detector_state_inversion__2018-12-19__07_49_17__baseline,src/modules/replay,0.0,inf
2019-01-25__17_38_05,normal,land_detector_state_inversion__2018-12-19__07_49_17__baseline,src/modules/sdlog2,0.0,inf
2019-01-25__17_38_05,normal,land_detector_state_inversion__2018-12-19__07_49_17__baseline,src/modules/sensors,0.0,inf
2019-01-25__17_38_05,normal,land_detector_state_inversion__2018-12-19__07_49_17__baseline,src/modules/simulator,0.0,inf
2019-01-25__17_38_05,normal,land_detector_state_inversion__2018-12-19__07_49_17__baseline,src/modules/syslink,0.0,inf
2019-01-25__17_38_05,normal,land_detector_state_inversion__2018-12-19__07_49_17__baseline,src/modules/uavcan,0.0,inf
2019-01-25__17_38_05,normal,land_detector_state_inversion__2018-12-19__07_49_17__baseline,src/modules/vtol_att_control,0.0,inf
2019-01-25__17_38_05,normal,land_detector_state_inversion__2018-12-19__07_49_17__baseline,src/modules/wind_estimator,0.0,inf
2019-01-25__17_38_05,normal,land_detector_state_inversion__2018-12-19__07_49_17__baseline,src/platforms/posix/drivers/df_bebop_bus_wrapper,0.0,inf
2019-01-25__17_38_05,normal,land_detector_state_inversion__2018-12-19__07_49_17__baseline,src/platforms/posix/drivers/df_bebop_rangefinder_wrapper,0.0,inf
2019-01-25__17_38_05,normal,land_detector_state_inversion__2018-12-19__07_49_17__baseline,src/platforms/posix/drivers/df_isl29501_wrapper,0.0,inf
2019-01-25__17_38_05,normal,land_detector_state_inversion__2018-12-19__07_49_17__baseline,src/platforms/posix/drivers/df_ltc2946_wrapper,0.0,inf
2019-01-25__17_38_05,normal,land_detector_state_inversion__2018-12-19__07_49_17__baseline,src/platforms/posix/drivers/df_trone_wrapper,0.0,inf
2019-01-25__17_38_05,normal,land_detector_state_inversion__2018-12-19__07_49_17__baseline,src/platforms/qurt/fc_addon/uart_esc,0.0,inf
2019-01-25__17_38_05,normal,land_detector_state_inversion__2018-12-19__07_49_17__baseline,src/platforms/qurt/tests/muorb,0.0,inf
2019-01-25__17_38_05,normal,land_detector_state_inversion__2018-12-19__07_49_17__baseline,src/templates/module,0.0,inf
2019-01-25__17_38_05,normal,land_detector_state_inversion__2018-12-20__07_47_50__baseline,src/drivers/batt_smbus,0.0,inf
2019-01-25__17_38_05,normal,land_detector_state_inversion__2018-12-20__07_47_50__baseline,src/drivers/blinkm,0.0,inf
2019-01-25__17_38_05,normal,land_detector_state_inversion__2018-12-20__07_47_50__baseline,src/drivers/camera_trigger,0.0,inf
2019-01-25__17_38_05,normal,land_detector_state_inversion__2018-12-20__07_47_50__baseline,src/drivers/distance_sensor,0.0,inf
2019-01-25__17_38_05,normal,land_detector_state_inversion__2018-12-20__07_47_50__baseline,src/drivers/linux_pwm_out,0.0,inf
2019-01-25__17_38_05,normal,land_detector_state_inversion__2018-12-20__07_47_50__baseline,src/drivers/mkblctrl,0.0,inf
2019-01-25__17_38_05,normal,land_detector_state_inversion__2018-12-20__07_47_50__baseline,src/drivers/pwm_out_sim,0.0,inf
2019-01-25__17_38_05,normal,land_detector_state_inversion__2018-12-20__07_47_50__baseline,src/drivers/px4flow,0.0,inf
2019-01-25__17_38_05,normal,land_detector_state_inversion__2018-12-20__07_47_50__baseline,src/drivers/px4fmu,0.0,inf
2019-01-25__17_38_05,normal,land_detector_state_inversion__2018-12-20__07_47_50__baseline,src/drivers/px4io,0.0,inf
2019-01-25__17_38_05,normal,land_detector_state_inversion__2018-12-20__07_47_50__baseline,src/drivers/snapdragon_pwm_out,0.0,inf
2019-01-25__17_38_05,normal,land_detector_state_inversion__2018-12-20__07_47_50__baseline,src/drivers/tap_esc,0.0,inf
2019-01-25__17_38_05,normal,land_detector_state_inversion__2018-12-20__07_47_50__baseline,src/drivers/telemetry,0.0,inf
2019-01-25__17_38_05,normal,land_detector_state_inversion__2018-12-20__07_47_50__baseline,src/drivers/vmount,0.0,inf
2019-01-25__17_38_05,normal,land_detector_state_inversion__2018-12-20__07_47_50__baseline,src/examples/fixedwing_control,0.0,inf
2019-01-25__17_38_05,normal,land_detector_state_inversion__2018-12-20__07_47_50__baseline,src/examples/hwtest,0.0,inf
2019-01-25__17_38_05,normal,land_detector_state_inversion__2018-12-20__07_47_50__baseline,src/examples/px4_simple_app,0.0,inf
2019-01-25__17_38_05,normal,land_detector_state_inversion__2018-12-20__07_47_50__baseline,src/examples/rover_steering_control,0.0,inf
2019-01-25__17_38_05,normal,land_detector_state_inversion__2018-12-20__07_47_50__baseline,src/examples/uuv_example_app,0.0,inf
2019-01-25__17_38_05,normal,land_detector_state_inversion__2018-12-20__07_47_50__baseline,src/modules/attitude_estimator_q,0.0,inf
2019-01-25__17_38_05,normal,land_detector_state_inversion__2018-12-20__07_47_50__baseline,src/modules/camera_feedback,0.0,inf
2019-01-25__17_38_05,normal,land_detector_state_inversion__2018-12-20__07_47_50__baseline,src/modules/commander,0.0,inf
2019-01-25__17_38_05,normal,land_detector_state_inversion__2018-12-20__07_47_50__baseline,src/modules/ekf2,0.0,inf
2019-01-25__17_38_05,normal,land_detector_state_inversion__2018-12-20__07_47_50__baseline,src/modules/events,0.0,inf
2019-01-25__17_38_05,normal,land_detector_state_inversion__2018-12-20__07_47_50__baseline,src/modules/fw_att_control,0.0,inf
2019-01-25__17_38_05,normal,land_detector_state_inversion__2018-12-20__07_47_50__baseline,src/modules/fw_pos_control_l1,0.0,inf
2019-01-25__17_38_05,normal,land_detector_state_inversion__2018-12-20__07_47_50__baseline,src/modules/gnd_att_control,0.0,inf
2019-01-25__17_38_05,normal,land_detector_state_inversion__2018-12-20__07_47_50__baseline,src/modules/gnd_pos_control,0.0,inf
2019-01-25__17_38_05,normal,land_detector_state_inversion__2018-12-20__07_47_50__baseline,src/modules/gpio_led,0.0,inf
2019-01-25__17_38_05,normal,land_detector_state_inversion__2018-12-20__07_47_50__baseline,src/modules/land_detector,0.0,inf
2019-01-25__17_38_05,normal,land_detector_state_inversion__2018-12-20__07_47_50__baseline,src/modules/landing_target_estimator,0.0,inf
2019-01-25__17_38_05,normal,land_detector_state_inversion__2018-12-20__07_47_50__baseline,src/modules/load_mon,0.0,inf
2019-01-25__17_38_05,normal,land_detector_state_inversion__2018-12-20__07_47_50__baseline,src/modules/logger,0.0,inf
2019-01-25__17_38_05,normal,land_detector_state_inversion__2018-12-20__07_47_50__baseline,src/modules/mavlink,0.0,inf
2019-01-25__17_38_05,normal,land_detector_state_inversion__2018-12-20__07_47_50__baseline,src/modules/mc_att_control,0.0,inf
2019-01-25__17_38_05,normal,land_detector_state_inversion__2018-12-20__07_47_50__baseline,src/modules/mc_pos_control,0.0,inf
2019-01-25__17_38_05,normal,land_detector_state_inversion__2018-12-20__07_47_50__baseline,src/modules/navigator,0.0,inf
2019-01-25__17_38_05,normal,land_detector_state_inversion__2018-12-20__07_47_50__baseline,src/modules/position_estimator_inav,0.0,inf
2019-01-25__17_38_05,normal,land_detector_state_inversion__2018-12-20__07_47_50__baseline,src/modules/replay,0.0,inf
2019-01-25__17_38_05,normal,land_detector_state_inversion__2018-12-20__07_47_50__baseline,src/modules/sdlog2,0.0,inf
2019-01-25__17_38_05,normal,land_detector_state_inversion__2018-12-20__07_47_50__baseline,src/modules/sensors,0.0,inf
2019-01-25__17_38_05,normal,land_detector_state_inversion__2018-12-20__07_47_50__baseline,src/modules/simulator,0.0,inf
2019-01-25__17_38_05,normal,land_detector_state_inversion__2018-12-20__07_47_50__baseline,src/modules/syslink,0.0,inf
2019-01-25__17_38_05,normal,land_detector_state_inversion__2018-12-20__07_47_50__baseline,src/modules/uavcan,0.0,inf
2019-01-25__17_38_05,normal,land_detector_state_inversion__2018-12-20__07_47_50__baseline,src/modules/vtol_att_control,0.0,inf
2019-01-25__17_38_05,normal,land_detector_state_inversion__2018-12-20__07_47_50__baseline,src/modules/wind_estimator,0.0,inf
2019-01-25__17_38_05,normal,land_detector_state_inversion__2018-12-20__07_47_50__baseline,src/platforms/posix/drivers/df_bebop_bus_wrapper,0.0,inf
2019-01-25__17_38_05,normal,land_detector_state_inversion__2018-12-20__07_47_50__baseline,src/platforms/posix/drivers/df_bebop_rangefinder_wrapper,0.0,inf
2019-01-25__17_38_05,normal,land_detector_state_inversion__2018-12-20__07_47_50__baseline,src/platforms/posix/drivers/df_isl29501_wrapper,0.0,inf
2019-01-25__17_38_05,normal,land_detector_state_inversion__2018-12-20__07_47_50__baseline,src/platforms/posix/drivers/df_ltc2946_wrapper,0.0,inf
2019-01-25__17_38_05,normal,land_detector_state_inversion__2018-12-20__07_47_50__baseline,src/platforms/posix/drivers/df_trone_wrapper,0.0,inf
2019-01-25__17_38_05,normal,land_detector_state_inversion__2018-12-20__07_47_50__baseline,src/platforms/qurt/fc_addon/uart_esc,0.0,inf
2019-01-25__17_38_05,normal,land_detector_state_inversion__2018-12-20__07_47_50__baseline,src/platforms/qurt/tests/muorb,0.0,inf
2019-01-25__17_38_05,normal,land_detector_state_inversion__2018-12-20__07_47_50__baseline,src/templates/module,0.0,inf
2019-01-25__17_38_05,normal,land_detector_state_inversion__2018-12-25__08_44_40__baseline,src/drivers/batt_smbus,0.0,inf
2019-01-25__17_38_05,normal,land_detector_state_inversion__2018-12-25__08_44_40__baseline,src/drivers/blinkm,0.0,inf
2019-01-25__17_38_05,normal,land_detector_state_inversion__2018-12-25__08_44_40__baseline,src/drivers/camera_trigger,0.0,inf
2019-01-25__17_38_05,normal,land_detector_state_inversion__2018-12-25__08_44_40__baseline,src/drivers/distance_sensor,0.0,inf
2019-01-25__17_38_05,normal,land_detector_state_inversion__2018-12-25__08_44_40__baseline,src/drivers/linux_pwm_out,0.0,inf
2019-01-25__17_38_05,normal,land_detector_state_inversion__2018-12-25__08_44_40__baseline,src/drivers/mkblctrl,0.0,inf
2019-01-25__17_38_05,normal,land_detector_state_inversion__2018-12-25__08_44_40__baseline,src/drivers/pwm_out_sim,0.0,inf
2019-01-25__17_38_05,normal,land_detector_state_inversion__2018-12-25__08_44_40__baseline,src/drivers/px4flow,0.0,inf
2019-01-25__17_38_05,normal,land_detector_state_inversion__2018-12-25__08_44_40__baseline,src/drivers/px4fmu,0.0,inf
2019-01-25__17_38_05,normal,land_detector_state_inversion__2018-12-25__08_44_40__baseline,src/drivers/px4io,0.0,inf
2019-01-25__17_38_05,normal,land_detector_state_inversion__2018-12-25__08_44_40__baseline,src/drivers/snapdragon_pwm_out,0.0,inf
2019-01-25__17_38_05,normal,land_detector_state_inversion__2018-12-25__08_44_40__baseline,src/drivers/tap_esc,0.0,inf
2019-01-25__17_38_05,normal,land_detector_state_inversion__2018-12-25__08_44_40__baseline,src/drivers/telemetry,0.0,inf
2019-01-25__17_38_05,normal,land_detector_state_inversion__2018-12-25__08_44_40__baseline,src/drivers/vmount,0.0,inf
2019-01-25__17_38_05,normal,land_detector_state_inversion__2018-12-25__08_44_40__baseline,src/examples/fixedwing_control,0.0,inf
2019-01-25__17_38_05,normal,land_detector_state_inversion__2018-12-25__08_44_40__baseline,src/examples/hwtest,0.0,inf
2019-01-25__17_38_05,normal,land_detector_state_inversion__2018-12-25__08_44_40__baseline,src/examples/px4_simple_app,7.871842244789851,4.0
2019-01-25__17_38_05,normal,land_detector_state_inversion__2018-12-25__08_44_40__baseline,src/examples/rover_steering_control,0.0,inf
2019-01-25__17_38_05,normal,land_detector_state_inversion__2018-12-25__08_44_40__baseline,src/examples/uuv_example_app,0.0,inf
2019-01-25__17_38_05,normal,land_detector_state_inversion__2018-12-25__08_44_40__baseline,src/modules/attitude_estimator_q,7.871842244789851,4.0
2019-01-25__17_38_05,normal,land_detector_state_inversion__2018-12-25__08_44_40__baseline,src/modules/camera_feedback,0.0,inf
2019-01-25__17_38_05,normal,land_detector_state_inversion__2018-12-25__08_44_40__baseline,src/modules/commander,0.0,inf
2019-01-25__17_38_05,normal,land_detector_state_inversion__2018-12-25__08_44_40__baseline,src/modules/ekf2,7.871842244789851,4.0
2019-01-25__17_38_05,normal,land_detector_state_inversion__2018-12-25__08_44_40__baseline,src/modules/events,0.0,inf
2019-01-25__17_38_05,normal,land_detector_state_inversion__2018-12-25__08_44_40__baseline,src/modules/fw_att_control,0.0,inf
2019-01-25__17_38_05,normal,land_detector_state_inversion__2018-12-25__08_44_40__baseline,src/modules/fw_pos_control_l1,0.0,inf
2019-01-25__17_38_05,normal,land_detector_state_inversion__2018-12-25__08_44_40__baseline,src/modules/gnd_att_control,0.0,inf
2019-01-25__17_38_05,normal,land_detector_state_inversion__2018-12-25__08_44_40__baseline,src/modules/gnd_pos_control,0.0,inf
2019-01-25__17_38_05,normal,land_detector_state_inversion__2018-12-25__08_44_40__baseline,src/modules/gpio_led,0.0,inf
2019-01-25__17_38_05,normal,land_detector_state_inversion__2018-12-25__08_44_40__baseline,src/modules/land_detector,0.0,inf
2019-01-25__17_38_05,normal,land_detector_state_inversion__2018-12-25__08_44_40__baseline,src/modules/landing_target_estimator,0.0,inf
2019-01-25__17_38_05,normal,land_detector_state_inversion__2018-12-25__08_44_40__baseline,src/modules/load_mon,0.0,inf
2019-01-25__17_38_05,normal,land_detector_state_inversion__2018-12-25__08_44_40__baseline,src/modules/logger,0.0,inf
2019-01-25__17_38_05,normal,land_detector_state_inversion__2018-12-25__08_44_40__baseline,src/modules/mavlink,7.871842244789851,4.0
2019-01-25__17_38_05,normal,land_detector_state_inversion__2018-12-25__08_44_40__baseline,src/modules/mc_att_control,0.0,inf
2019-01-25__17_38_05,normal,land_detector_state_inversion__2018-12-25__08_44_40__baseline,src/modules/mc_pos_control,0.0,inf
2019-01-25__17_38_05,normal,land_detector_state_inversion__2018-12-25__08_44_40__baseline,src/modules/navigator,0.0,inf
2019-01-25__17_38_05,normal,land_detector_state_inversion__2018-12-25__08_44_40__baseline,src/modules/position_estimator_inav,0.0,inf
2019-01-25__17_38_05,normal,land_detector_state_inversion__2018-12-25__08_44_40__baseline,src/modules/replay,0.0,inf
2019-01-25__17_38_05,normal,land_detector_state_inversion__2018-12-25__08_44_40__baseline,src/modules/sdlog2,0.0,inf
2019-01-25__17_38_05,normal,land_detector_state_inversion__2018-12-25__08_44_40__baseline,src/modules/sensors,0.0,inf
2019-01-25__17_38_05,normal,land_detector_state_inversion__2018-12-25__08_44_40__baseline,src/modules/simulator,0.0,inf
2019-01-25__17_38_05,normal,land_detector_state_inversion__2018-12-25__08_44_40__baseline,src/modules/syslink,0.0,inf
2019-01-25__17_38_05,normal,land_detector_state_inversion__2018-12-25__08_44_40__baseline,src/modules/uavcan,0.0,inf
2019-01-25__17_38_05,normal,land_detector_state_inversion__2018-12-25__08_44_40__baseline,src/modules/vtol_att_control,0.0,inf
2019-01-25__17_38_05,normal,land_detector_state_inversion__2018-12-25__08_44_40__baseline,src/modules/wind_estimator,0.0,inf
2019-01-25__17_38_05,normal,land_detector_state_inversion__2018-12-25__08_44_40__baseline,src/platforms/posix/drivers/df_bebop_bus_wrapper,0.0,inf
2019-01-25__17_38_05,normal,land_detector_state_inversion__2018-12-25__08_44_40__baseline,src/platforms/posix/drivers/df_bebop_rangefinder_wrapper,0.0,inf
2019-01-25__17_38_05,normal,land_detector_state_inversion__2018-12-25__08_44_40__baseline,src/platforms/posix/drivers/df_isl29501_wrapper,0.0,inf
2019-01-25__17_38_05,normal,land_detector_state_inversion__2018-12-25__08_44_40__baseline,src/platforms/posix/drivers/df_ltc2946_wrapper,0.0,inf
2019-01-25__17_38_05,normal,land_detector_state_inversion__2018-12-25__08_44_40__baseline,src/platforms/posix/drivers/df_trone_wrapper,0.0,inf
2019-01-25__17_38_05,normal,land_detector_state_inversion__2018-12-25__08_44_40__baseline,src/platforms/qurt/fc_addon/uart_esc,0.0,inf
2019-01-25__17_38_05,normal,land_detector_state_inversion__2018-12-25__08_44_40__baseline,src/platforms/qurt/tests/muorb,0.0,inf
2019-01-25__17_38_05,normal,land_detector_state_inversion__2018-12-25__08_44_40__baseline,src/templates/module,0.0,inf
2019-03-06__08_02_26,reference,commander_nav_state_override__2018-12-19__07_49_17__fault,src/drivers/batt_smbus,0.0,inf
2019-03-06__08_02_26,reference,commander_nav_state_override__2018-12-19__07_49_17__fault,src/drivers/blinkm,0.0,inf
2019-03-06__08_02_26,reference,commander_nav_state_override__2018-12-19__07_49_17__fault,src/drivers/camera_trigger,0.0,inf
2019-03-06__08_02_26,reference,commander_nav_state_override__2018-12-19__07_49_17__fault,src/drivers/distance_sensor,0.0,inf
2019-03-06__08_02_26,reference,commander_nav_state_override__2018-12-19__07_49_17__fault,src/drivers/linux_pwm_out,0.002735211815632565,17.0
2019-03-06__08_02_26,reference,commander_nav_state_override__2018-12-19__07_49_17__fault,src/drivers/mkblctrl,0.002735211815632565,17.0
2019-03-06__08_02_26,reference,commander_nav_state_override__2018-12-19__07_49_17__fault,src/drivers/pwm_out_sim,0.002735211815632565,17.0
2019-03-06__08_02_26,reference,commander_nav_state_override__2018-12-19__07_49_17__fault,src/drivers/px4flow,0.0,inf
2019-03-06__08_02_26,reference,commander_nav_state_override__2018-12-19__07_49_17__fault,src/drivers/px4fmu,0.002735211815632565,17.0
2019-03-06__08_02_26,reference,commander_nav_state_override__2018-12-19__07_49_17__fault,src/drivers/px4io,0.002735211815632565,17.0
2019-03-06__08_02_26,reference,commander_nav_state_override__2018-12-19__07_49_17__fault,src/drivers/snapdragon_pwm_out,0.002735211815632565,17.0
2019-03-06__08_02_26,reference,commander_nav_state_override__2018-12-19__07_49_17__fault,src/drivers/tap_esc,0.002735211815632565,17.0
2019-03-06__08_02_26,reference,commander_nav_state_override__2018-12-19__07_49_17__fault,src/drivers/telemetry,0.0,inf
2019-03-06__08_02_26,reference,commander_nav_state_override__2018-12-19__07_49_17__fault,src/drivers/vmount,0.0,inf
2019-03-06__08_02_26,reference,commander_nav_state_override__2018-12-19__07_49_17__fault,src/examples/fixedwing_control,0.0,inf
2019-03-06__08_02_26,reference,commander_nav_state_override__2018-12-19__07_49_17__fault,src/examples/hwtest,0.0,inf
2019-03-06__08_02_26,reference,commander_nav_state_override__2018-12-19__07_49_17__fault,src/examples/px4_simple_app,0.38462008058507496,7.0
2019-03-06__08_02_26,reference,commander_nav_state_override__2018-12-19__07_49_17__fault,src/examples/rover_steering_control,0.0,inf
2019-03-06__08_02_26,reference,commander_nav_state_override__2018-12-19__07_49_17__fault,src/examples/uuv_example_app,0.0,inf
2019-03-06__08_02_26,reference,commander_nav_state_override__2018-12-19__07_49_17__fault,src/modules/attitude_estimator_q,0.38462008058507496,7.0
2019-03-06__08_02_26,reference,commander_nav_state_override__2018-12-19__07_49_17__fault,src/modules/camera_feedback,0.0,inf
2019-03-06__08_02_26,reference,commander_nav_state_override__2018-12-19__07_49_17__fault,src/modules/commander,48.43085765838623,1.0
2019-03-06__08_02_26,reference,commander_nav_state_override__2018-12-19__07_49_17__fault,src/modules/ekf2,0.38462008058507496,7.0
2019-03-06__08_02_26,reference,commander_nav_state_override__2018-12-19__07_49_17__fault,src/modules/events,0.0,inf
2019-03-06__08_02_26,reference,commander_nav_state_override__2018-12-19__07_49_17__fault,src/modules/fw_att_control,0.0,inf
2019-03-06__08_02_26,reference,commander_nav_state_override__2018-12-19__07_49_17__fault,src/modules/fw_pos_control_l1,0.0,inf
2019-03-06__08_02_26,reference,commander_nav_state_override__2018-12-19__07_49_17__fault,src/modules/gnd_att_control,0.0,inf
2019-03-06__08_02_26,reference,commander_nav_state_override__2018-12-19__07_49_17__fault,src/modules/gnd_pos_control,0.0,inf
2019-03-06__08_02_26,reference,commander_nav_state_override__2018-12-19__07_49_17__fault,src/modules/gpio_led,0.0,inf
2019-03-06__08_02_26,reference,commander_nav_state_override__2018-12-19__07_49_17__fault,src/modules/land_detector,0.0,inf
2019-03-06__08_02_26,reference,commander_nav_state_override__2018-12-19__07_49_17__fault,src/modules/landing_target_estimator,0.0,inf
2019-03-06__08_02_26,reference,commander_nav_state_override__2018-12-19__07_49_17__fault,src/modules/load_mon,0.0,inf
2019-03-06__08_02_26,reference,commander_nav_state_override__2018-12-19__07_49_17__fault,src/modules/logger,0.0,inf
2019-03-06__08_02_26,reference,commander_nav_state_override__2018-12-19__07_49_17__fault,src/modules/mavlink,0.38462008058507496,7.0
2019-03-06__08_02_26,reference,commander_nav_state_override__2018-12-19__07_49_17__fault,src/modules/mc_att_control,0.0,inf
2019-03-06__08_02_26,reference,commander_nav_state_override__2018-12-19__07_49_17__fault,src/modules/mc_pos_control,0.0,inf
2019-03-06__08_02_26,reference,commander_nav_state_override__2018-12-19__07_49_17__fault,src/modules/navigator,0.0,inf
2019-03-06__08_02_26,reference,commander_nav_state_override__2018-12-19__07_49_17__fault,src/modules/position_estimator_inav,0.0,inf
2019-03-06__08_02_26,reference,commander_nav_state_override__2018-12-19__07_49_17__fault,src/modules/replay,0.0,inf
2019-03-06__08_02_26,reference,commander_nav_state_override__2018-12-19__07_49_17__fault,src/modules/sdlog2,0.0,inf
2019-03-06__08_02_26,reference,commander_nav_state_override__2018-12-19__07_49_17__fault,src/modules/sensors,0.4469517167185394,3.0
2019-03-06__08_02_26,reference,commander_nav_state_override__2018-12-19__07_49_17__fault,src/modules/simulator,0.0,inf
2019-03-06__08_02_26,reference,commander_nav_state_override__2018-12-19__07_49_17__fault,src/modules/syslink,0.0,inf
2019-03-06__08_02_26,reference,commander_nav_state_override__2018-12-19__07_49_17__fault,src/modules/uavcan,0.002735211815632565,17.0
2019-03-06__08_02_26,reference,commander_nav_state_override__2018-12-19__07_49_17__fault,src/modules/vtol_att_control,0.0,inf
2019-03-06__08_02_26,reference,commander_nav_state_override__2018-12-19__07_49_17__fault,src/modules/wind_estimator,0.0,inf
2019-03-06__08_02_26,reference,commander_nav_state_override__2018-12-19__07_49_17__fault,src/platforms/posix/drivers/df_bebop_bus_wrapper,0.002735211815632565,17.0
2019-03-06__08_02_26,reference,commander_nav_state_override__2018-12-19__07_49_17__fault,src/platforms/posix/drivers/df_bebop_rangefinder_wrapper,0.0,inf
2019-03-06__08_02_26,reference,commander_nav_state_override__2018-12-19__07_49_17__fault,src/platforms/posix/drivers/df_isl29501_wrapper,0.0,inf
2019-03-06__08_02_26,reference,commander_nav_state_override__2018-12-19__07_49_17__fault,src/platforms/posix/drivers/df_ltc2946_wrapper,0.0,inf
2019-03-06__08_02_26,reference,commander_nav_state_override__2018-12-19__07_49_17__fault,src/platforms/posix/drivers/df_trone_wrapper,0.0,inf
2019-03-06__08_02_26,reference,commander_nav_state_override__2018-12-19__07_49_17__fault,src/platforms/qurt/fc_addon/uart_esc,0.002735211815632565,17.0
2019-03-06__08_02_26,reference,commander_nav_state_override__2018-12-19__07_49_17__fault,src/platforms/qurt/tests/muorb,0.4469517167185394,3.0
2019-03-06__08_02_26,reference,commander_nav_state_override__2018-12-19__07_49_17__fault,src/templates/module,0.0,inf
2019-03-06__08_02_26,reference,commander_nav_state_override__2018-12-20__07_47_50__fault,src/drivers/batt_smbus,0.0,inf
2019-03-06__08_02_26,reference,commander_nav_state_override__2018-12-20__07_47_50__fault,src/drivers/blinkm,0.0,inf
2019-03-06__08_02_26,reference,commander_nav_state_override__2018-12-20__07_47_50__fault,src/drivers/camera_trigger,0.0,inf
2019-03-06__08_02_26,reference,commander_nav_state_override__2018-12-20__07_47_50__fault,src/drivers/distance_sensor,0.0,inf
2019-03-06__08_02_26,reference,commander_nav_state_override__2018-12-20__07_47_50__fault,src/drivers/linux_pwm_out,0.0,inf
2019-03-06__08_02_26,reference,commander_nav_state_override__2018-12-20__07_47_50__fault,src/drivers/mkblctrl,0.0,inf
2019-03-06__08_02_26,reference,commander_nav_state_override__2018-12-20__07_47_50__fault,src/drivers/pwm_out_sim,0.0,inf
2019-03-06__08_02_26,reference,commander_nav_state_override__2018-12-20__07_47_50__fault,src/drivers/px4flow,0.0,inf
2019-03-06__08_02_26,reference,commander_nav_state_override__2018-12-20__07_47_50__fault,src/drivers/px4fmu,0.0,inf
2019-03-06__08_02_26,reference,commander_nav_state_override__2018-12-20__07_47_50__fault,src/drivers/px4io,0.0,inf
2019-03-06__08_02_26,reference,commander_nav_state_override__2018-12-20__07_47_50__fault,src/drivers/snapdragon_pwm_out,0.0,inf
2019-03-06__08_02_26,reference,commander_nav_state_override__2018-12-20__07_47_50__fault,src/drivers/tap_esc,0.0,inf
2019-03-06__08_02_26,reference,commander_nav_state_override__2018-12-20__07_47_50__fault,src/drivers/telemetry,0.0,inf
2019-03-06__08_02_26,reference,commander_nav_state_override__2018-12-20__07_47_50__fault,src/drivers/vmount,0.0,inf
2019-03-06__08_02_26,reference,commander_nav_state_override__2018-12-20__07_47_50__fault,src/examples/fixedwing_control,0.07722163506043263,7.0
2019-03-06__08_02_26,reference,commander_nav_state_override__2018-12-20__07_47_50__fault,src/examples/hwtest,0.0,inf
2019-03-06__08_02_26,reference,commander_nav_state_override__2018-12-20__07_47_50__fault,src/examples/px4_simple_app,4.228167494096788,5.0
2019-03-06__08_02_26,reference,commander_nav_state_override__2018-12-20__07_47_50__fault,src/examples/rover_steering_control,0.0,inf
2019-03-06__08_02_26,reference,commander_nav_state_override__2018-12-20__07_47_50__fault,src/examples/uuv_example_app,0.0,inf
2019-03-06__08_02_26,reference,commander_nav_state_override__2018-12-20__07_47_50__fault,src/modules/attitude_estimator_q,4.228167494096788,5.0
2019-03-06__08_02_26,reference,commander_nav_state_override__2018-12-20__07_47_50__fault,src/modules/camera_feedback,0.0,inf
2019-03-06__08_02_26,reference,commander_nav_state_override__2018-12-20__07_47_50__fault,src/modules/commander,43.60464592853308,1.0
2019-03-06__08_02_26,reference,commander_nav_state_override__2018-12-20__07_47_50__fault,src/modules/ekf2,4.228167494096788,5.0
2019-03-06__08_02_26,reference,commander_nav_state_override__2018-12-20__07_47_50__fault,src/modules/events,0.0,inf
2019-03-06__08_02_26,reference,commander_nav_state_override__2018-12-20__07_47_50__fault,src/modules/fw_att_control,0.0,inf
2019-03-06__08_02_26,reference,commander_nav_state_override__2018-12-20__07_47_50__fault,src/modules/fw_pos_control_l1,0.0,inf
2019-03-06__08_02_26,reference,commander_nav_state_override__2018-12-20__07_47_50__fault,src/modules/gnd_att_control,0.0,inf
2019-03-06__08_02_26,reference,commander_nav_state_override__2018-12-20__07_47_50__fault,src/modules/gnd_pos_control,0.013181358575820923,11.0
2019-03-06__08_02_26,reference,commander_nav_state_override__2018-12-20__07_47_50__fault,src/modules/gpio_led,0.0,inf
2019-03-06__08_02_26,reference,commander_nav_state_override__2018-12-20__07_47_50__fault,src/modules/land_detector,0.0,inf
2019-03-06__08_02_26,reference,commander_nav_state_override__2018-12-20__07_47_50__fault,src/modules/landing_target_estimator,0.0,inf
2019-03-06__08_02_26,reference,commander_nav_state_override__2018-12-20__07_47_50__fault,src/modules/load_mon,0.0,inf
2019-03-06__08_02_26,reference,commander_nav_state_override__2018-12-20__07_47_50__fault,src/modules/logger,0.0,inf
2019-03-06__08_02_26,reference,commander_nav_state_override__2018-12-20__07_47_50__fault,src/modules/mavlink,4.331273319588229,2.0
2019-03-06__08_02_26,reference,commander_nav_state_override__2018-12-20__07_47_50__fault,src/modules/mc_att_control,0.0,inf
2019-03-06__08_02_26,reference,commander_nav_state_override__2018-12-20__07_47_50__fault,src/modules/mc_pos_control,0.0,inf
2019-03-06__08_02_26,reference,commander_nav_state_override__2018-12-20__07_47_50__fault,src/modules/navigator,0.013181358575820923,11.0
2019-03-06__08_02_26,reference,commander_nav_state_override__2018-12-20__07_47_50__fault,src/modules/position_estimator_inav,0.0,inf
2019-03-06__08_02_26,reference,commander_nav_state_override__2018-12-20__07_47_50__fault,src/modules/replay,0.0,inf
2019-03-06__08_02_26,reference,commander_nav_state_override__2018-12-20__07_47_50__fault,src/modules/sdlog2,0.0,inf
2019-03-06__08_02_26,reference,commander_nav_state_override__2018-12-20__07_47_50__fault,src/modules/sensors,0.07624003978875966,8.0
2019-03-06__08_02_26,reference,commander_nav_state_override__2018-12-20__07_47_50__fault,src/modules/simulator,0.0,inf
2019-03-06__08_02_26,reference,commander_nav_state_override__2018-12-20__07_47_50__fault,src/modules/syslink,0.0,inf
2019-03-06__08_02_26,reference,commander_nav_state_override__2018-12-20__07_47_50__fault,src/modules/uavcan,0.0,inf
2019-03-06__08_02_26,reference,commander_nav_state_override__2018-12-20__07_47_50__fault,src/modules/vtol_att_control,0.09040299363625355,6.0
2019-03-06__08_02_26,reference,commander_nav_state_override__2018-12-20__07_47_50__fault,src/modules/wind_estimator,0.0,inf
2019-03-06__08_02_26,reference,commander_nav_state_override__2018-12-20__07_47_50__fault,src/platforms/posix/drivers/df_bebop_bus_wrapper,0.0,inf
2019-03-06__08_02_26,reference,commander_nav_state_override__2018-12-20__07_47_50__fault,src/platforms/posix/drivers/df_bebop_rangefinder_wrapper,0.0,inf
2019-03-06__08_02_26,reference,commander_nav_state_override__2018-12-20__07_47_50__fault,src/platforms/posix/drivers/df_isl29501_wrapper,0.0,inf
2019-03-06__08_02_26,reference,commander_nav_state_override__2018-12-20__07_47_50__fault,src/platforms/posix/drivers/df_ltc2946_wrapper,0.0,inf
2019-03-06__08_02_26,reference,commander_nav_state_override__2018-12-20__07_47_50__fault,src/platforms/posix/drivers/df_trone_wrapper,0.0,inf
2019-03-06__08_02_26,reference,commander_nav_state_override__2018-12-20__07_47_50__fault,src/platforms/qurt/fc_addon/uart_esc,0.0,inf
2019-03-06__08_02_26,reference,commander_nav_state_override__2018-12-20__07_47_50__fault,src/platforms/qurt/tests/muorb,0.06353720793357262,9.0
2019-03-06__08_02_26,reference,commander_nav_state_override__2018-12-20__07_47_50__fault,src/templates/module,0.0,inf
2019-03-06__08_02_26,reference,commander_nav_state_override__2018-12-25__08_44_40__fault,src/drivers/batt_smbus,0.0,inf
2019-03-06__08_02_26,reference,commander_nav_state_override__2018-12-25__08_44_40__fault,src/drivers/blinkm,0.0,inf
2019-03-06__08_02_26,reference,commander_nav_state_override__2018-12-25__08_44_40__fault,src/drivers/camera_trigger,0.0,inf
2019-03-06__08_02_26,reference,commander_nav_state_override__2018-12-25__08_44_40__fault,src/drivers/distance_sensor,0.0,inf
2019-03-06__08_02_26,reference,commander_nav_state_override__2018-12-25__08_44_40__fault,src/drivers/linux_pwm_out,0.0,inf
2019-03-06__08_02_26,reference,commander_nav_state_override__2018-12-25__08_44_40__fault,src/drivers/mkblctrl,0.0,inf
2019-03-06__08_02_26,reference,commander_nav_state_override__2018-12-25__08_44_40__fault,src/drivers/pwm_out_sim,0.0,inf
2019-03-06__08_02_26,reference,commander_nav_state_override__2018-12-25__08_44_40__fault,src/drivers/px4flow,0.0,inf
2019-03-06__08_02_26,reference,commander_nav_state_override__2018-12-25__08_44_40__fault,src/drivers/px4fmu,0.0,inf
2019-03-06__08_02_26,reference,commander_nav_state_override__2018-12-25__08_44_40__fault,src/drivers/px4io,0.0,inf
2019-03-06__08_02_26,reference,commander_nav_state_override__2018-12-25__08_44_40__fault,src/drivers/snapdragon_pwm_out,0.0,inf
2019-03-06__08_02_26,reference,commander_nav_state_override__2018-12-25__08_44_40__fault,src/drivers/tap_esc,0.0,inf
2019-03-06__08_02_26,reference,commander_nav_state_override__2018-12-25__08_44_40__fault,src/drivers/telemetry,0.0,inf
2019-03-06__08_02_26,reference,commander_nav_state_override__2018-12-25__08_44_40__fault,src/drivers/vmount,0.0,inf
2019-03-06__08_02_26,reference,commander_nav_state_override__2018-12-25__08_44_40__fault,src/examples/fixedwing_control,0.006393334815199946,9.0
2019-03-06__08_02_26,reference,commander_nav_state_override__2018-12-25__08_44_40__fault,src/examples/hwtest,0.0,inf
2019-03-06__08_02_26,reference,commander_nav_state_override__2018-12-25__08_44_40__fault,src/examples/px4_simple_app,1.9525720002031934,5.0
2019-03-06__08_02_26,reference,commander_nav_state_override__2018-12-25__08_44_40__fault,src/examples/rover_steering_control,0.0,inf
2019-03-06__08_02_26,reference,commander_nav_state_override__2018-12-25__08_44_40__fault,src/examples/uuv_example_app,0.0,inf
2019-03-06__08_02_26,reference,commander_nav_state_override__2018-12-25__08_44_40__fault,src/modules/attitude_estimator_q,1.9525720002031934,5.0
2019-03-06__08_02_26,reference,commander_nav_state_override__2018-12-25__08_44_40__fault,src/modules/camera_feedback,0.0,inf
2019-03-06__08_02_26,reference,commander_nav_state_override__2018-12-25__08_44_40__fault,src/modules/commander,47.066608146882395,1.0
2019-03-06__08_02_26,reference,commander_nav_state_override__2018-12-25__08_44_40__fault,src/modules/ekf2,1.9525720002031934,5.0
2019-03-06__08_02_26,reference,commander_nav_state_override__2018-12-25__08_44_40__fault,src/modules/events,0.0,inf
2019-03-06__08_02_26,reference,commander_nav_state_override__2018-12-25__08_44_40__fault,src/modules/fw_att_control,0.0,inf
2019-03-06__08_02_26,reference,commander_nav_state_override__2018-12-25__08_44_40__fault,src/modules/fw_pos_control_l1,0.0,inf
2019-03-06__08_02_26,reference,commander_nav_state_override__2018-12-25__08_44_40__fault,src/modules/gnd_att_control,0.0,inf
2019-03-06__08_02_26,reference,commander_nav_state_override__2018-12-25__08_44_40__fault,src/modules/gnd_pos_control,0.0,inf
2019-03-06__08_02_26,reference,commander_nav_state_override__2018-12-25__08_44_40__fault,src/modules/gpio_led,0.0,inf
2019-03-06__08_02_26,reference,commander_nav_state_override__2018-12-25__08_44_40__fault,src/modules/land_detector,0.0,inf
2019-03-06__08_02_26,reference,commander_nav_state_override__2018-12-25__08_44_40__fault,src/modules/landing_target_estimator,0.0,inf
2019-03-06__08_02_26,reference,commander_nav_state_override__2018-12-25__08_44_40__fault,src/modules/load_mon,0.0,inf
2019-03-06__08_02_26,reference,commander_nav_state_override__2018-12-25__08_44_40__fault,src/modules/logger,0.0,inf
2019-03-06__08_02_26,reference,commander_nav_state_override__2018-12-25__08_44_40__fault,src/modules/mavlink,1.9589653350183933,2.0
2019-03-06__08_02_26,reference,commander_nav_state_override__2018-12-25__08_44_40__fault,src/modules/mc_att_control,0.0,inf
2019-03-06__08_02_26,reference,commander_nav_state_override__2018-12-25__08_44_40__fault,src/modules/mc_pos_control,0.0,inf
2019-03-06__08_02_26,reference,commander_nav_state_override__2018-12-25__08_44_40__fault,src/modules/navigator,0.0,inf
2019-03-06__08_02_26,reference,commander_nav_state_override__2018-12-25__08_44_40__fault,src/modules/position_estimator_inav,0.0,inf
2019-03-06__08_02_26,reference,commander_nav_state_override__2018-12-25__08_44_40__fault,src/modules/replay,0.0,inf
2019-03-06__08_02_26,reference,commander_nav_state_override__2018-12-25__08_44_40__fault,src/modules/sdlog2,0.0,inf
2019-03-06__08_02_26,reference,commander_nav_state_override__2018-12-25__08_44_40__fault,src/modules/sensors,0.1177543947394465,7.0
2019-03-06__08_02_26,reference,commander_nav_state_override__2018-12-25__08_44_40__fault,src/modules/simulator,0.0,inf
2019-03-06__08_02_26,reference,commander_nav_state_override__2018-12-25__08_44_40__fault,src/modules/syslink,0.0,inf
2019-03-06__08_02_26,reference,commander_nav_state_override__2018-12-25__08_44_40__fault,src/modules/uavcan,0.0,inf
2019-03-06__08_02_26,reference,commander_nav_state_override__2018-12-25__08_44_40__fault,src/modules/vtol_att_control,0.006393334815199946,9.0
2019-03-06__08_02_26,reference,commander_nav_state_override__2018-12-25__08_44_40__fault,src/modules/wind_estimator,0.0,inf
2019-03-06__08_02_26,reference,commander_nav_state_override__2018-12-25__08_44_40__fault,src/platforms/posix/drivers/df_bebop_bus_wrapper,0.0,inf
2019-03-06__08_02_26,reference,commander_nav_state_override__2018-12-25__08_44_40__fault,src/platforms/posix/drivers/df_bebop_rangefinder_wrapper,0.0,inf
2019-03-06__08_02_26,reference,commander_nav_state_override__2018-12-25__08_44_40__fault,src/platforms/posix/drivers/df_isl29501_wrapper,0.0,inf
2019-03-06__08_02_26,reference,commander_nav_state_override__2018-12-25__08_44_40__fault,src/platforms/posix/drivers/df_ltc2946_wrapper,0.0,inf
2019-03-06__08_02_26,reference,commander_nav_state_override__2018-12-25__08_44_40__fault,src/platforms/posix/drivers/df_trone_wrapper,0.0,inf
2019-03-06__08_02_26,reference,commander_nav_state_override__2018-12-25__08_44_40__fault,src/platforms/qurt/fc_addon/uart_esc,0.0,inf
2019-03-06__08_02_26,reference,commander_nav_state_override__2018-12-25__08_44_40__fault,src/platforms/qurt/tests/muorb,0.1177543947394465,7.0
2019-03-06__08_02_26,reference,commander_nav_state_override__2018-12-25__08_44_40__fault,src/templates/module,0.0,inf
2019-03-06__08_02_26,reference,ekf2_innovation_bias__2018-12-19__07_49_17__fault,src/drivers/batt_smbus,0.0,inf
2019-03-06__08_02_26,reference,ekf2_innovation_bias__2018-12-19__07_49_17__fault,src/drivers/blinkm,0.0,inf
2019-03-06__08_02_26,reference,ekf2_innovation_bias__2018-12-19__07_49_17__fault,src/drivers/camera_trigger,0.0,inf
2019-03-06__08_02_26,reference,ekf2_innovation_bias__2018-12-19__07_49_17__fault,src/drivers/distance_sensor,0.0,inf
2019-03-06__08_02_26,reference,ekf2_innovation_bias__2018-12-19__07_49_17__fault,src/drivers/linux_pwm_out,0.012900703831722864,20.0
2019-03-06__08_02_26,reference,ekf2_innovation_bias__2018-12-19__07_49_17__fault,src/drivers/mkblctrl,0.012900703831722864,20.0
2019-03-06__08_02_26,reference,ekf2_innovation_bias__2018-12-19__07_49_17__fault,src/drivers/pwm_out_sim,0.012900703831722864,20.0
2019-03-06__08_02_26,reference,ekf2_innovation_bias__2018-12-19__07_49_17__fault,src/drivers/px4flow,0.0,inf
2019-03-06__08_02_26,reference,ekf2_innovation_bias__2018-12-19__07_49_17__fault,src/drivers/px4fmu,0.012900703831722864,20.0
2019-03-06__08_02_26,reference,ekf2_innovation_bias__2018-12-19__07_49_17__fault,src/drivers/px4io,0.012900703831722864,20.0
2019-03-06__08_02_26,reference,ekf2_innovation_bias__2018-12-19__07_49_17__fault,src/drivers/snapdragon_pwm_out,0.012900703831722864,20.0
2019-03-06__08_02_26,reference,ekf2_innovation_bias__2018-12-19__07_49_17__fault,src/drivers/tap_esc,0.012900703831722864,20.0
2019-03-06__08_02_26,reference,ekf2_innovation_bias__2018-12-19__07_49_17__fault,src/drivers/telemetry,0.0,inf
2019-03-06__08_02_26,reference,ekf2_innovation_bias__2018-12-19__07_49_17__fault,src/drivers/vmount,0.0,inf
2019-03-06__08_02_26,reference,ekf2_innovation_bias__2018-12-19__07_49_17__fault,src/examples/fixedwing_control,0.0,inf
2019-03-06__08_02_26,reference,ekf2_innovation_bias__2018-12-19__07_49_17__fault,src/examples/hwtest,0.0,inf
2019-03-06__08_02_26,reference,ekf2_innovation_bias__2018-12-19__07_49_17__fault,src/examples/px4_simple_app,6.753515095658685,4.0
2019-03-06__08_02_26,reference,ekf2_innovation_bias__2018-12-19__07_49_17__fault,src/examples/rover_steering_control,0.0,inf
2019-03-06__08_02_26,reference,ekf2_innovation_bias__2018-12-19__07_49_17__fault,src/examples/uuv_example_app,0.0,inf
2019-03-06__08_02_26,reference,ekf2_innovation_bias__2018-12-19__07_49_17__fault,src/modules/attitude_estimator_q,6.753515095658685,4.0
2019-03-06__08_02_26,reference,ekf2_innovation_bias__2018-12-19__07_49_17__fault,src/modules/camera_feedback,0.0,inf
2019-03-06__08_02_26,reference,ekf2_innovation_bias__2018-12-19__07_49_17__fault,src/modules/commander,0.0,inf
2019-03-06__08_02_26,reference,ekf2_innovation_bias__2018-12-19__07_49_17__fault,src/modules/ekf2,238.34375455493668,1.0
2019-03-06__08_02_26,reference,ekf2_innovation_bias__2018-12-19__07_49_17__fault,src/modules/events,0.0,inf
2019-03-06__08_02_26,reference,ekf2_innovation_bias__2018-12-19__07_49_17__fault,src/modules/fw_att_control,0.0,inf
2019-03-06__08_02_26,reference,ekf2_innovation_bias__2018-12-19__07_49_17__fault,src/modules/fw_pos_control_l1,0.0,inf
2019-03-06__08_02_26,reference,ekf2_innovation_bias__2018-12-19__07_49_17__fault,src/modules/gnd_att_control,0.0,inf
2019-03-06__08_02_26,reference,ekf2_innovation_bias__2018-12-19__07_49_17__fault,src/modules/gnd_pos_control,0.14173281820196854,9.0
2019-03-06__08_02_26,reference,ekf2_innovation_bias__2018-12-19__07_49_17__fault,src/modules/gpio_led,0.0,inf
2019-03-06__08_02_26,reference,ekf2_innovation_bias__2018-12-19__07_49_17__fault,src/modules/land_detector,0.0,inf
2019-03-06__08_02_26,reference,ekf2_innovation_bias__2018-12-19__07_49_17__fault,src/modules/landing_target_estimator,0.0,inf
2019-03-06__08_02_26,reference,ekf2_innovation_bias__2018-12-19__07_49_17__fault,src/modules/load_mon,0.0,inf
2019-03-06__08_02_26,reference,ekf2_innovation_bias__2018-12-19__07_49_17__fault,src/modules/logger,0.0,inf
2019-03-06__08_02_26,reference,ekf2_innovation_bias__2018-12-19__07_49_17__fault,src/modules/mavlink,13.023194937881364,2.0
2019-03-06__08_02_26,reference,ekf2_innovation_bias__2018-12-19__07_49_17__fault,src/modules/mc_att_control,0.0,inf
2019-03-06__08_02_26,reference,ekf2_innovation_bias__2018-12-19__07_49_17__fault,src/modules/mc_pos_control,0.0,inf
2019-03-06__08_02_26,reference,ekf2_innovation_bias__2018-12-19__07_49_17__fault,src/modules/navigator,0.14173281820196854,9.0
2019-03-06__08_02_26,reference,ekf2_innovation_bias__2018-12-19__07_49_17__fault,src/modules/position_estimator_inav,5.834603969399867,5.0
2019-03-06__08_02_26,reference,ekf2_innovation_bias__2018-12-19__07_49_17__fault,src/modules/replay,0.0,inf
2019-03-06__08_02_26,reference,ekf2_innovation_bias__2018-12-19__07_49_17__fault,src/modules/sdlog2,0.0,inf
2019-03-06__08_02_26,reference,ekf2_innovation_bias__2018-12-19__07_49_17__fault,src/modules/sensors,0.36946546403985275,6.0
2019-03-06__08_02_26,reference,ekf2_innovation_bias__2018-12-19__07_49_17__fault,src/modules/simulator,0.0,inf
2019-03-06__08_02_26,reference,ekf2_innovation_bias__2018-12-19__07_49_17__fault,src/modules/syslink,0.0,inf
2019-03-06__08_02_26,reference,ekf2_innovation_bias__2018-12-19__07_49_17__fault,src/modules/uavcan,0.012900703831722864,20.0
2019-03-06__08_02_26,reference,ekf2_innovation_bias__2018-12-19__07_49_17__fault,src/modules/vtol_att_control,0.14173281820196854,9.0
2019-03-06__08_02_26,reference,ekf2_innovation_bias__2018-12-19__07_49_17__fault,src/modules/wind_estimator,0.0,inf
2019-03-06__08_02_26,reference,ekf2_innovation_bias__2018-12-19__07_49_17__fault,src/platforms/posix/drivers/df_bebop_bus_wrapper,0.012900703831722864,20.0
2019-03-06__08_02_26,reference,ekf2_innovation_bias__2018-12-19__07_49_17__fault,src/platforms/posix/drivers/df_bebop_rangefinder_wrapper,0.0,inf
2019-03-06__08_02_26,reference,ekf2_innovation_bias__2018-12-19__07_49_17__fault,src/platforms/posix/drivers/df_isl29501_wrapper,0.0,inf
2019-03-06__08_02_26,reference,ekf2_innovation_bias__2018-12-19__07_49_17__fault,src/platforms/posix/drivers/df_ltc2946_wrapper,0.0,inf
2019-03-06__08_02_26,reference,ekf2_innovation_bias__2018-12-19__07_49_17__fault,src/platforms/posix/drivers/df_trone_wrapper,0.0,inf
2019-03-06__08_02_26,reference,ekf2_innovation_bias__2018-12-19__07_49_17__fault,src/platforms/qurt/fc_addon/uart_esc,0.012900703831722864,20.0
2019-03-06__08_02_26,reference,ekf2_innovation_bias__2018-12-19__07_49_17__fault,src/platforms/qurt/tests/muorb,0.07612240941900957,10.0
2019-03-06__08_02_26,reference,ekf2_innovation_bias__2018-12-19__07_49_17__fault,src/templates/module,0.0,inf
2019-03-06__08_02_26,reference,ekf2_innovation_bias__2018-12-20__07_47_50__fault,src/drivers/batt_smbus,0.0,inf
2019-03-06__08_02_26,reference,ekf2_innovation_bias__2018-12-20__07_47_50__fault,src/drivers/blinkm,0.0,inf
2019-03-06__08_02_26,reference,ekf2_innovation_bias__2018-12-20__07_47_50__fault,src/drivers/camera_trigger,0.0,inf
2019-03-06__08_02_26,reference,ekf2_innovation_bias__2018-12-20__07_47_50__fault,src/drivers/distance_sensor,0.0,inf
2019-03-06__08_02_26,reference,ekf2_innovation_bias__2018-12-20__07_47_50__fault,src/drivers/linux_pwm_out,0.0,inf
2019-03-06__08_02_26,reference,ekf2_innovation_bias__2018-12-20__07_47_50__fault,src/drivers/mkblctrl,0.0,inf
2019-03-06__08_02_26,reference,ekf2_innovation_bias__2018-12-20__07_47_50__fault,src/drivers/pwm_out_sim,0.0,inf
2019-03-06__08_02_26,reference,ekf2_innovation_bias__2018-12-20__07_47_50__fault,src/drivers/px4flow,0.0,inf
2019-03-06__08_02_26,reference,ekf2_innovation_bias__2018-12-20__07_47_50__fault,src/drivers/px4fmu,0.0,inf
2019-03-06__08_02_26,reference,ekf2_innovation_bias__2018-12-20__07_47_50__fault,src/drivers/px4io,0.0,inf
2019-03-06__08_02_26,reference,ekf2_innovation_bias__2018-12-20__07_47_50__fault,src/drivers/snapdragon_pwm_out,0.0,inf
2019-03-06__08_02_26,reference,ekf2_innovation_bias__2018-12-20__07_47_50__fault,src/drivers/tap_esc,0.0,inf
2019-03-06__08_02_26,reference,ekf2_innovation_bias__2018-12-20__07_47_50__fault,src/drivers/telemetry,0.0,inf
2019-03-06__08_02_26,reference,ekf2_innovation_bias__2018-12-20__07_47_50__fault,src/drivers/vmount,0.0,inf
2019-03-06__08_02_26,reference,ekf2_innovation_bias__2018-12-20__07_47_50__fault,src/examples/fixedwing_control,0.0,inf
2019-03-06__08_02_26,reference,ekf2_innovation_bias__2018-12-20__07_47_50__fault,src/examples/hwtest,0.0,inf
2019-03-06__08_02_26,reference,ekf2_innovation_bias__2018-12-20__07_47_50__fault,src/examples/px4_simple_app,11.671925755427052,5.0
2019-03-06__08_02_26,reference,ekf2_innovation_bias__2018-12-20__07_47_50__fault,src/examples/rover_steering_control,0.0,inf
2019-03-06__08_02_26,reference,ekf2_innovation_bias__2018-12-20__07_47_50__fault,src/examples/uuv_example_app,0.0,inf
2019-03-06__08_02_26,reference,ekf2_innovation_bias__2018-12-20__07_47_50__fault,src/modules/attitude_estimator_q,11.671925755427052,5.0
2019-03-06__08_02_26,reference,ekf2_innovation_bias__2018-12-20__07_47_50__fault,src/modules/camera_feedback,0.0,inf
2019-03-06__08_02_26,reference,ekf2_innovation_bias__2018-12-20__07_47_50__fault,src/modules/commander,0.0,inf
2019-03-06__08_02_26,reference,ekf2_innovation_bias__2018-12-20__07_47_50__fault,src/modules/ekf2,393.95423873708705,1.0
2019-03-06__08_02_26,reference,ekf2_innovation_bias__2018-12-20__07_47_50__fault,src/modules/events,0.0,inf
2019-03-06__08_02_26,reference,ekf2_innovation_bias__2018-12-20__07_47_50__fault,src/modules/fw_att_control,0.0,inf
2019-03-06__08_02_26,reference,ekf2_innovation_bias__2018-12-20__07_47_50__fault,src/modules/fw_pos_control_l1,0.0,inf
2019-03-06__08_02_26,reference,ekf2_innovation_bias__2018-12-20__07_47_50__fault,src/modules/gnd_att_control,0.0,inf
2019-03-06__08_02_26,reference,ekf2_innovation_bias__2018-12-20__07_47_50__fault,src/modules/gnd_pos_control,0.0,inf
2019-03-06__08_02_26,reference,ekf2_innovation_bias__2018-12-20__07_47_50__fault,src/modules/gpio_led,0.0,inf
2019-03-06__08_02_26,reference,ekf2_innovation_bias__2018-12-20__07_47_50__fault,src/modules/land_detector,0.0,inf
2019-03-06__08_02_26,reference,ekf2_innovation_bias__2018-12-20__07_47_50__fault,src/modules/landing_target_estimator,0.0,inf
2019-03-06__08_02_26,reference,ekf2_innovation_bias__2018-12-20__07_47_50__fault,src/modules/load_mon,0.0,inf
2019-03-06__08_02_26,reference,ekf2_innovation_bias__2018-12-20__07_47_50__fault,src/modules/logger,0.0,inf
2019-03-06__08_02_26,reference,ekf2_innovation_bias__2018-12-20__07_47_50__fault,src/modules/mavlink,33.214820198565654,2.0
2019-03-06__08_02_26,reference,ekf2_innovation_bias__2018-12-20__07_47_50__fault,src/modules/mc_att_control,0.0,inf
2019-03-06__08_02_26,reference,ekf2_innovation_bias__2018-12-20__07_47_50__fault,src/modules/mc_pos_control,0.0,inf
2019-03-06__08_02_26,reference,ekf2_innovation_bias__2018-12-20__07_47_50__fault,src/modules/navigator,0.0,inf
2019-03-06__08_02_26,reference,ekf2_innovation_bias__2018-12-20__07_47_50__fault,src/modules/position_estimator_inav,21.542894443138604,3.0
2019-03-06__08_02_26,reference,ekf2_innovation_bias__2018-12-20__07_47_50__fault,src/modules/replay,0.0,inf
2019-03-06__08_02_26,reference,ekf2_innovation_bias__2018-12-20__07_47_50__fault,src/modules/sdlog2,0.0,inf
2019-03-06__08_02_26,reference,ekf2_innovation_bias__2018-12-20__07_47_50__fault,src/modules/sensors,0.10743734004686205,7.0
2019-03-06__08_02_26,reference,ekf2_innovation_bias__2018-12-20__07_47_50__fault,src/modules/simulator,0.0,inf
2019-03-06__08_02_26,reference,ekf2_innovation_bias__2018-12-20__07_47_50__fault,src/modules/syslink,0.0,inf
2019-03-06__08_02_26,reference,ekf2_innovation_bias__2018-12-20__07_47_50__fault,src/modules/uavcan,0.0,inf
2019-03-06__08_02_26,reference,ekf2_innovation_bias__2018-12-20__07_47_50__fault,src/modules/vtol_att_control,0.0,inf
2019-03-06__08_02_26,reference,ekf2_innovation_bias__2018-12-20__07_47_50__fault,src/modules/wind_estimator,0.0,inf
2019-03-06__08_02_26,reference,ekf2_innovation_bias__2018-12-20__07_47_50__fault,src/platforms/posix/drivers/df_bebop_bus_wrapper,0.0,inf
2019-03-06__08_02_26,reference,ekf2_innovation_bias__2018-12-20__07_47_50__fault,src/platforms/posix/drivers/df_bebop_rangefinder_wrapper,0.0,inf
2019-03-06__08_02_26,reference,ekf2_innovation_bias__2018-12-20__07_47_50__fault,src/platforms/posix/drivers/df_isl29501_wrapper,0.0,inf
2019-03-06__08_02_26,reference,ekf2_innovation_bias__2018-12-20__07_47_50__fault,src/platforms/posix/drivers/df_ltc2946_wrapper,0.0,inf
2019-03-06__08_02_26,reference,ekf2_innovation_bias__2018-12-20__07_47_50__fault,src/platforms/posix/drivers/df_trone_wrapper,0.0,inf
2019-03-06__08_02_26,reference,ekf2_innovation_bias__2018-12-20__07_47_50__fault,src/platforms/qurt/fc_addon/uart_esc,0.0,inf
2019-03-06__08_02_26,reference,ekf2_innovation_bias__2018-12-20__07_47_50__fault,src/platforms/qurt/tests/muorb,0.10743734004686205,7.0
2019-03-06__08_02_26,reference,ekf2_innovation_bias__2018-12-20__07_47_50__fault,src/templates/module,0.0,inf
2019-03-06__08_02_26,reference,ekf2_innovation_bias__2018-12-25__08_44_40__fault,src/drivers/batt_smbus,0.0,inf
2019-03-06__08_02_26,reference,ekf2_innovation_bias__2018-12-25__08_44_40__fault,src/drivers/blinkm,0.0,inf
2019-03-06__08_02_26,reference,ekf2_innovation_bias__2018-12-25__08_44_40__fault,src/drivers/camera_trigger,0.0,inf
2019-03-06__08_02_26,reference,ekf2_innovation_bias__2018-12-25__08_44_40__fault,src/drivers/distance_sensor,0.0,inf
2019-03-06__08_02_26,reference,ekf2_innovation_bias__2018-12-25__08_44_40__fault,src/drivers/linux_pwm_out,0.0,inf
2019-03-06__08_02_26,reference,ekf2_innovation_bias__2018-12-25__08_44_40__fault,src/drivers/mkblctrl,0.0,inf
2019-03-06__08_02_26,reference,ekf2_innovation_bias__2018-12-25__08_44_40__fault,src/drivers/pwm_out_sim,0.0,inf
2019-03-06__08_02_26,reference,ekf2_innovation_bias__2018-12-25__08_44_40__fault,src/drivers/px4flow,0.0,inf
2019-03-06__08_02_26,reference,ekf2_innovation_bias__2018-12-25__08_44_40__fault,src/drivers/px4fmu,0.0,inf
2019-03-06__08_02_26,reference,ekf2_innovation_bias__2018-12-25__08_44_40__fault,src/drivers/px4io,0.0,inf
2019-03-06__08_02_26,reference,ekf2_innovation_bias__2018-12-25__08_44_40__fault,src/drivers/snapdragon_pwm_out,0.0,inf
2019-03-06__08_02_26,reference,ekf2_innovation_bias__2018-12-25__08_44_40__fault,src/drivers/tap_esc,0.0,inf
2019-03-06__08_02_26,reference,ekf2_innovation_bias__2018-12-25__08_44_40__fault,src/drivers/telemetry,0.0,inf
2019-03-06__08_02_26,reference,ekf2_innovation_bias__2018-12-25__08_44_40__fault,src/drivers/vmount,0.0,inf
2019-03-06__08_02_26,reference,ekf2_innovation_bias__2018-12-25__08_44_40__fault,src/examples/fixedwing_control,0.0,inf
2019-03-06__08_02_26,reference,ekf2_innovation_bias__2018-12-25__08_44_40__fault,src/examples/hwtest,0.003370254388557371,10.0
2019-03-06__08_02_26,reference,ekf2_innovation_bias__2018-12-25__08_44_40__fault,src/examples/px4_simple_app,0.8457024609366117,5.0
2019-03-06__08_02_26,reference,ekf2_innovation_bias__2018-12-25__08_44_40__fault,src/examples/rover_steering_control,0.0,inf
2019-03-06__08_02_26,reference,ekf2_innovation_bias__2018-12-25__08_44_40__fault,src/examples/uuv_example_app,0.003370254388557371,10.0
2019-03-06__08_02_26,reference,ekf2_innovation_bias__2018-12-25__08_44_40__fault,src/modules/attitude_estimator_q,0.8457024609366117,5.0
2019-03-06__08_02_26,reference,ekf2_innovation_bias__2018-12-25__08_44_40__fault,src/modules/camera_feedback,0.0,inf
2019-03-06__08_02_26,reference,ekf2_innovation_bias__2018-12-25__08_44_40__fault,src/modules/commander,0.0,inf
2019-03-06__08_02_26,reference,ekf2_innovation_bias__2018-12-25__08_44_40__fault,src/modules/ekf2,16.43361699341395,1.0
2019-03-06__08_02_26,reference,ekf2_innovation_bias__2018-12-25__08_44_40__fault,src/modules/events,0.0,inf
2019-03-06__08_02_26,reference,ekf2_innovation_bias__2018-12-25__08_44_40__fault,src/modules/fw_att_control,0.0,inf
2019-03-06__08_02_26,reference,ekf2_innovation_bias__2018-12-25__08_44_40__fault,src/modules/fw_pos_control_l1,0.0,inf
2019-03-06__08_02_26,reference,ekf2_innovation_bias__2018-12-25__08_44_40__fault,src/modules/gnd_att_control,0.0,inf
2019-03-06__08_02_26,reference,ekf2_innovation_bias__2018-12-25__08_44_40__fault,src/modules/gnd_pos_control,0.0658819330977155,8.0
2019-03-06__08_02_26,reference,ekf2_innovation_bias__2018-12-25__08_44_40__fault,src/modules/gpio_led,0.0,inf
2019-03-06__08_02_26,reference,ekf2_innovation_bias__2018-12-25__08_44_40__fault,src/modules/land_detector,0.0,inf
2019-03-06__08_02_26,reference,ekf2_innovation_bias__2018-12-25__08_44_40__fault,src/modules/landing_target_estimator,0.0,inf
2019-03-06__08_02_26,reference,ekf2_innovation_bias__2018-12-25__08_44_40__fault,src/modules/load_mon,0.0,inf
2019-03-06__08_02_26,reference,ekf2_innovation_bias__2018-12-25__08_44_40__fault,src/modules/logger,0.0,inf
2019-03-06__08_02_26,reference,ekf2_innovation_bias__2018-12-25__08_44_40__fault,src/modules/mavlink,15.223231770349361,2.0
2019-03-06__08_02_26,reference,ekf2_innovation_bias__2018-12-25__08_44_40__fault,src/modules/mc_att_control,0.0,inf
2019-03-06__08_02_26,reference,ekf2_innovation_bias__2018-12-25__08_44_40__fault,src/modules/mc_pos_control,0.0,inf
2019-03-06__08_02_26,reference,ekf2_innovation_bias__2018-12-25__08_44_40__fault,src/modules/navigator,0.0658819330977155,8.0
2019-03-06__08_02_26,reference,ekf2_innovation_bias__2018-12-25__08_44_40__fault,src/modules/position_estimator_inav,14.308277121926476,3.0
2019-03-06__08_02_26,reference,ekf2_innovation_bias__2018-12-25__08_44_40__fault,src/modules/replay,0.0,inf
2019-03-06__08_02_26,reference,ekf2_innovation_bias__2018-12-25__08_44_40__fault,src/modules/sdlog2,0.0,inf
2019-03-06__08_02_26,reference,ekf2_innovation_bias__2018-12-25__08_44_40__fault,src/modules/sensors,0.0,inf
2019-03-06__08_02_26,reference,ekf2_innovation_bias__2018-12-25__08_44_40__fault,src/modules/simulator,0.0,inf
2019-03-06__08_02_26,reference,ekf2_innovation_bias__2018-12-25__08_44_40__fault,src/modules/syslink,0.0,inf
2019-03-06__08_02_26,reference,ekf2_innovation_bias__2018-12-25__08_44_40__fault,src/modules/uavcan,0.0,inf
2019-03-06__08_02_26,reference,ekf2_innovation_bias__2018-12-25__08_44_40__fault,src/modules/vtol_att_control,0.06925218748627288,6.0
2019-03-06__08_02_26,reference,ekf2_innovation_bias__2018-12-25__08_44_40__fault,src/modules/wind_estimator,0.0,inf
2019-03-06__08_02_26,reference,ekf2_innovation_bias__2018-12-25__08_44_40__fault,src/platforms/posix/drivers/df_bebop_bus_wrapper,0.0,inf
2019-03-06__08_02_26,reference,ekf2_innovation_bias__2018-12-25__08_44_40__fault,src/platforms/posix/drivers/df_bebop_rangefinder_wrapper,0.0,inf
2019-03-06__08_02_26,reference,ekf2_innovation_bias__2018-12-25__08_44_40__fault,src/platforms/posix/drivers/df_isl29501_wrapper,0.0,inf
2019-03-06__08_02_26,reference,ekf2_innovation_bias__2018-12-25__08_44_40__fault,src/platforms/posix/drivers/df_ltc2946_wrapper,0.0,inf
2019-03-06__08_02_26,reference,ekf2_innovation_bias__2018-12-25__08_44_40__fault,src/platforms/posix/drivers/df_trone_wrapper,0.0,inf
2019-03-06__08_02_26,reference,ekf2_innovation_bias__2018-12-25__08_44_40__fault,src/platforms/qurt/fc_addon/uart_esc,0.0,inf
2019-03-06__08_02_26,reference,ekf2_innovation_bias__2018-12-25__08_44_40__fault,src/platforms/qurt/tests/muorb,0.0,inf
2019-03-06__08_02_26,reference,ekf2_innovation_bias__2018-12-25__08_44_40__fault,src/templates/module,0.0,inf
2019-03-06__08_02_26,reference,inav_local_z_freeze__2018-12-19__07_49_17__fault,src/drivers/batt_smbus,0.0,inf
2019-03-06__08_02_26,reference,inav_local_z_freeze__2018-12-19__07_49_17__fault,src/drivers/blinkm,0.0,inf
2019-03-06__08_02_26,reference,inav_local_z_freeze__2018-12-19__07_49_17__fault,src/drivers/camera_trigger,0.0,inf
2019-03-06__08_02_26,reference,inav_local_z_freeze__2018-12-19__07_49_17__fault,src/drivers/distance_sensor,0.0,inf
2019-03-06__08_02_26,reference,inav_local_z_freeze__2018-12-19__07_49_17__fault,src/drivers/linux_pwm_out,0.002703113555908203,17.0
2019-03-06__08_02_26,reference,inav_local_z_freeze__2018-12-19__07_49_17__fault,src/drivers/mkblctrl,0.002703113555908203,17.0
2019-03-06__08_02_26,reference,inav_local_z_freeze__2018-12-19__07_49_17__fault,src/drivers/pwm_out_sim,0.002703113555908203,17.0
2019-03-06__08_02_26,reference,inav_local_z_freeze__2018-12-19__07_49_17__fault,src/drivers/px4flow,0.0,inf
2019-03-06__08_02_26,reference,inav_local_z_freeze__2018-12-19__07_49_17__fault,src/drivers/px4fmu,0.002703113555908203,17.0
2019-03-06__08_02_26,reference,inav_local_z_freeze__2018-12-19__07_49_17__fault,src/drivers/px4io,0.002703113555908203,17.0
2019-03-06__08_02_26,reference,inav_local_z_freeze__2018-12-19__07_49_17__fault,src/drivers/snapdragon_pwm_out,0.002703113555908203,17.0
2019-03-06__08_02_26,reference,inav_local_z_freeze__2018-12-19__07_49_17__fault,src/drivers/tap_esc,0.002703113555908203,17.0
2019-03-06__08_02_26,reference,inav_local_z_freeze__2018-12-19__07_49_17__fault,src/drivers/telemetry,0.0,inf
2019-03-06__08_02_26,reference,inav_local_z_freeze__2018-12-19__07_49_17__fault,src/drivers/vmount,0.0,inf
2019-03-06__08_02_26,reference,inav_local_z_freeze__2018-12-19__07_49_17__fault,src/examples/fixedwing_control,0.0,inf
2019-03-06__08_02_26,reference,inav_local_z_freeze__2018-12-19__07_49_17__fault,src/examples/hwtest,0.0,inf
2019-03-06__08_02_26,reference,inav_local_z_freeze__2018-12-19__07_49_17__fault,src/examples/px4_simple_app,2.5829279809130417,4.0
2019-03-06__08_02_26,reference,inav_local_z_freeze__2018-12-19__07_49_17__fault,src/examples/rover_steering_control,0.0,inf
2019-03-06__08_02_26,reference,inav_local_z_freeze__2018-12-19__07_49_17__fault,src/examples/uuv_example_app,0.0,inf
2019-03-06__08_02_26,reference,inav_local_z_freeze__2018-12-19__07_49_17__fault,src/modules/attitude_estimator_q,2.5829279809130417,4.0
2019-03-06__08_02_26,reference,inav_local_z_freeze__2018-12-19__07_49_17__fault,src/modules/camera_feedback,0.0,inf
2019-03-06__08_02_26,reference,inav_local_z_freeze__2018-12-19__07_49_17__fault,src/modules/commander,0.0,inf
2019-03-06__08_02_26,reference,inav_local_z_freeze__2018-12-19__07_49_17__fault,src/modules/ekf2,2.5829279809130417,4.0
2019-03-06__08_02_26,reference,inav_local_z_freeze__2018-12-19__07_49_17__fault,src/modules/events,0.0,inf
2019-03-06__08_02_26,reference,inav_local_z_freeze__2018-12-19__07_49_17__fault,src/modules/fw_att_control,0.0,inf
2019-03-06__08_02_26,reference,inav_local_z_freeze__2018-12-19__07_49_17__fault,src/modules/fw_pos_control_l1,0.0,inf
2019-03-06__08_02_26,reference,inav_local_z_freeze__2018-12-19__07_49_17__fault,src/modules/gnd_att_control,0.0,inf
2019-03-06__08_02_26,reference,inav_local_z_freeze__2018-12-19__07_49_17__fault,src/modules/gnd_pos_control,0.0,inf
2019-03-06__08_02_26,reference,inav_local_z_freeze__2018-12-19__07_49_17__fault,src/modules/gpio_led,0.0,inf
2019-03-06__08_02_26,reference,inav_local_z_freeze__2018-12-19__07_49_17__fault,src/modules/land_detector,0.0,inf
2019-03-06__08_02_26,reference,inav_local_z_freeze__2018-12-19__07_49_17__fault,src/modules/landing_target_estimator,0.0,inf
2019-03-06__08_02_26,reference,inav_local_z_freeze__2018-12-19__07_49_17__fault,src/modules/load_mon,0.0,inf
2019-03-06__08_02_26,reference,inav_local_z_freeze__2018-12-19__07_49_17__fault,src/modules/logger,0.0,inf
2019-03-06__08_02_26,reference,inav_local_z_freeze__2018-12-19__07_49_17__fault,src/modules/mavlink,4.140424083925587,1.0
2019-03-06__08_02_26,reference,inav_local_z_freeze__2018-12-19__07_49_17__fault,src/modules/mc_att_control,0.0,inf
2019-03-06__08_02_26,reference,inav_local_z_freeze__2018-12-19__07_49_17__fault,src/modules/mc_pos_control,0.0,inf
2019-03-06__08_02_26,reference,inav_local_z_freeze__2018-12-19__07_49_17__fault,src/modules/navigator,0.0,inf
2019-03-06__08_02_26,reference,inav_local_z_freeze__2018-12-19__07_49_17__fault,src/modules/position_estimator_inav,1.1923668547113568,5.0
2019-03-06__08_02_26,reference,inav_local_z_freeze__2018-12-19__07_49_17__fault,src/modules/replay,0.0,inf
2019-03-06__08_02_26,reference,inav_local_z_freeze__2018-12-19__07_49_17__fault,src/modules/sdlog2,0.0,inf
2019-03-06__08_02_26,reference,inav_local_z_freeze__2018-12-19__07_49_17__fault,src/modules/sensors,0.5541561603546142,6.0
2019-03-06__08_02_26,reference,inav_local_z_freeze__2018-12-19__07_49_17__fault,src/modules/simulator,0.0,inf
2019-03-06__08_02_26,reference,inav_local_z_freeze__2018-12-19__07_49_17__fault,src/modules/syslink,0.0,inf
2019-03-06__08_02_26,reference,inav_local_z_freeze__2018-12-19__07_49_17__fault,src/modules/uavcan,0.002703113555908203,17.0
2019-03-06__08_02_26,reference,inav_local_z_freeze__2018-12-19__07_49_17__fault,src/modules/vtol_att_control,0.0,inf
2019-03-06__08_02_26,reference,inav_local_z_freeze__2018-12-19__07_49_17__fault,src/modules/wind_estimator,0.0,inf
2019-03-06__08_02_26,reference,inav_local_z_freeze__2018-12-19__07_49_17__fault,src/platforms/posix/drivers/df_bebop_bus_wrapper,0.002703113555908203,17.0
2019-03-06__08_02_26,reference,inav_local_z_freeze__2018-12-19__07_49_17__fault,src/platforms/posix/drivers/df_bebop_rangefinder_wrapper,0.0,inf
2019-03-06__08_02_26,reference,inav_local_z_freeze__2018-12-19__07_49_17__fault,src/platforms/posix/drivers/df_isl29501_wrapper,0.0,inf
2019-03-06__08_02_26,reference,inav_local_z_freeze__2018-12-19__07_49_17__fault,src/platforms/posix/drivers/df_ltc2946_wrapper,0.0,inf
2019-03-06__08_02_26,reference,inav_local_z_freeze__2018-12-19__07_49_17__fault,src/platforms/posix/drivers/df_trone_wrapper,0.0,inf
2019-03-06__08_02_26,reference,inav_local_z_freeze__2018-12-19__07_49_17__fault,src/platforms/qurt/fc_addon/uart_esc,0.002703113555908203,17.0
2019-03-06__08_02_26,reference,inav_local_z_freeze__2018-12-19__07_49_17__fault,src/platforms/qurt/tests/muorb,0.18902691205342612,7.0
2019-03-06__08_02_26,reference,inav_local_z_freeze__2018-12-19__07_49_17__fault,src/templates/module,0.0,inf
2019-03-06__08_02_26,reference,inav_local_z_freeze__2018-12-20__07_47_50__fault,src/drivers/batt_smbus,0.0,inf
2019-03-06__08_02_26,reference,inav_local_z_freeze__2018-12-20__07_47_50__fault,src/drivers/blinkm,0.0,inf
2019-03-06__08_02_26,reference,inav_local_z_freeze__2018-12-20__07_47_50__fault,src/drivers/camera_trigger,0.0,inf
2019-03-06__08_02_26,reference,inav_local_z_freeze__2018-12-20__07_47_50__fault,src/drivers/distance_sensor,0.0,inf
2019-03-06__08_02_26,reference,inav_local_z_freeze__2018-12-20__07_47_50__fault,src/drivers/linux_pwm_out,0.0,inf
2019-03-06__08_02_26,reference,inav_local_z_freeze__2018-12-20__07_47_50__fault,src/drivers/mkblctrl,0.0,inf
2019-03-06__08_02_26,reference,inav_local_z_freeze__2018-12-20__07_47_50__fault,src/drivers/pwm_out_sim,0.0,inf
2019-03-06__08_02_26,reference,inav_local_z_freeze__2018-12-20__07_47_50__fault,src/drivers/px4flow,0.0,inf
2019-03-06__08_02_26,reference,inav_local_z_freeze__2018-12-20__07_47_50__fault,src/drivers/px4fmu,0.0,inf
2019-03-06__08_02_26,reference,inav_local_z_freeze__2018-12-20__07_47_50__fault,src/drivers/px4io,0.0,inf
2019-03-06__08_02_26,reference,inav_local_z_freeze__2018-12-20__07_47_50__fault,src/drivers/snapdragon_pwm_out,0.0,inf
2019-03-06__08_02_26,reference,inav_local_z_freeze__2018-12-20__07_47_50__fault,src/drivers/tap_esc,0.0,inf
2019-03-06__08_02_26,reference,inav_local_z_freeze__2018-12-20__07_47_50__fault,src/drivers/telemetry,0.0,inf
2019-03-06__08_02_26,reference,inav_local_z_freeze__2018-12-20__07_47_50__fault,src/drivers/vmount,0.0,inf
2019-03-06__08_02_26,reference,inav_local_z_freeze__2018-12-20__07_47_50__fault,src/examples/fixedwing_control,0.03299674095466123,9.0
2019-03-06__08_02_26,reference,inav_local_z_freeze__2018-12-20__07_47_50__fault,src/examples/hwtest,0.0,inf
2019-03-06__08_02_26,reference,inav_local_z_freeze__2018-12-20__07_47_50__fault,src/examples/px4_simple_app,1.564047661854131,4.0
2019-03-06__08_02_26,reference,inav_local_z_freeze__2018-12-20__07_47_50__fault,src/examples/rover_steering_control,0.0,inf
2019-03-06__08_02_26,reference,inav_local_z_freeze__2018-12-20__07_47_50__fault,src/examples/uuv_example_app,0.0,inf
2019-03-06__08_02_26,reference,inav_local_z_freeze__2018-12-20__07_47_50__fault,src/modules/attitude_estimator_q,1.564047661854131,4.0
2019-03-06__08_02_26,reference,inav_local_z_freeze__2018-12-20__07_47_50__fault,src/modules/camera_feedback,0.0,inf
2019-03-06__08_02_26,reference,inav_local_z_freeze__2018-12-20__07_47_50__fault,src/modules/commander,0.0,inf
2019-03-06__08_02_26,reference,inav_local_z_freeze__2018-12-20__07_47_50__fault,src/modules/ekf2,1.564047661854131,4.0
2019-03-06__08_02_26,reference,inav_local_z_freeze__2018-12-20__07_47_50__fault,src/modules/events,0.0,inf
2019-03-06__08_02_26,reference,inav_local_z_freeze__2018-12-20__07_47_50__fault,src/modules/fw_att_control,0.0,inf
2019-03-06__08_02_26,reference,inav_local_z_freeze__2018-12-20__07_47_50__fault,src/modules/fw_pos_control_l1,0.0,inf
2019-03-06__08_02_26,reference,inav_local_z_freeze__2018-12-20__07_47_50__fault,src/modules/gnd_att_control,0.0,inf
2019-03-06__08_02_26,reference,inav_local_z_freeze__2018-12-20__07_47_50__fault,src/modules/gnd_pos_control,0.0,inf
2019-03-06__08_02_26,reference,inav_local_z_freeze__2018-12-20__07_47_50__fault,src/modules/gpio_led,0.0,inf
2019-03-06__08_02_26,reference,inav_local_z_freeze__2018-12-20__07_47_50__fault,src/modules/land_detector,0.0,inf
2019-03-06__08_02_26,reference,inav_local_z_freeze__2018-12-20__07_47_50__fault,src/modules/landing_target_estimator,0.0,inf
2019-03-06__08_02_26,reference,inav_local_z_freeze__2018-12-20__07_47_50__fault,src/modules/load_mon,0.0,inf
2019-03-06__08_02_26,reference,inav_local_z_freeze__2018-12-20__07_47_50__fault,src/modules/logger,0.0,inf
2019-03-06__08_02_26,reference,inav_local_z_freeze__2018-12-20__07_47_50__fault,src/modules/mavlink,2.96880489355105,1.0
2019-03-06__08_02_26,reference,inav_local_z_freeze__2018-12-20__07_47_50__fault,src/modules/mc_att_control,0.0,inf
2019-03-06__08_02_26,reference,inav_local_z_freeze__2018-12-20__07_47_50__fault,src/modules/mc_pos_control,0.0,inf
2019-03-06__08_02_26,reference,inav_local_z_freeze__2018-12-20__07_47_50__fault,src/modules/navigator,0.0,inf
2019-03-06__08_02_26,reference,inav_local_z_freeze__2018-12-20__07_47_50__fault,src/modules/position_estimator_inav,1.3717604907422578,5.0
2019-03-06__08_02_26,reference,inav_local_z_freeze__2018-12-20__07_47_50__fault,src/modules/replay,0.0,inf
2019-03-06__08_02_26,reference,inav_local_z_freeze__2018-12-20__07_47_50__fault,src/modules/sdlog2,0.0,inf
2019-03-06__08_02_26,reference,inav_local_z_freeze__2018-12-20__07_47_50__fault,src/modules/sensors,0.36524318027914615,7.0
2019-03-06__08_02_26,reference,inav_local_z_freeze__2018-12-20__07_47_50__fault,src/modules/simulator,0.0,inf
2019-03-06__08_02_26,reference,inav_local_z_freeze__2018-12-20__07_47_50__fault,src/modules/syslink,0.0,inf
2019-03-06__08_02_26,reference,inav_local_z_freeze__2018-12-20__07_47_50__fault,src/modules/uavcan,0.0,inf
2019-03-06__08_02_26,reference,inav_local_z_freeze__2018-12-20__07_47_50__fault,src/modules/vtol_att_control,0.03299674095466123,9.0
2019-03-06__08_02_26,reference,inav_local_z_freeze__2018-12-20__07_47_50__fault,src/modules/wind_estimator,0.0,inf
2019-03-06__08_02_26,reference,inav_local_z_freeze__2018-12-20__07_47_50__fault,src/platforms/posix/drivers/df_bebop_bus_wrapper,0.0,inf
2019-03-06__08_02_26,reference,inav_local_z_freeze__2018-12-20__07_47_50__fault,src/platforms/posix/drivers/df_bebop_rangefinder_wrapper,0.0,inf
2019-03-06__08_02_26,reference,inav_local_z_freeze__2018-12-20__07_47_50__fault,src/platforms/posix/drivers/df_isl29501_wrapper,0.0,inf
2019-03-06__08_02_26,reference,inav_local_z_freeze__2018-12-20__07_47_50__fault,src/platforms/posix/drivers/df_ltc2946_wrapper,0.0,inf
2019-03-06__08_02_26,reference,inav_local_z_freeze__2018-12-20__07_47_50__fault,src/platforms/posix/drivers/df_trone_wrapper,0.0,inf
2019-03-06__08_02_26,reference,inav_local_z_freeze__2018-12-20__07_47_50__fault,src/platforms/qurt/fc_addon/uart_esc,0.0,inf
2019-03-06__08_02_26,reference,inav_local_z_freeze__2018-12-20__07_47_50__fault,src/platforms/qurt/tests/muorb,0.36524318027914615,7.0
2019-03-06__08_02_26,reference,inav_local_z_freeze__2018-12-20__07_47_50__fault,src/templates/module,0.0,inf
2019-03-06__08_02_26,reference,inav_local_z_freeze__2018-12-25__08_44_40__fault,src/drivers/batt_smbus,0.0,inf
2019-03-06__08_02_26,reference,inav_local_z_freeze__2018-12-25__08_44_40__fault,src/drivers/blinkm,0.0,inf
2019-03-06__08_02_26,reference,inav_local_z_freeze__2018-12-25__08_44_40__fault,src/drivers/camera_trigger,0.0,inf
2019-03-06__08_02_26,reference,inav_local_z_freeze__2018-12-25__08_44_40__fault,src/drivers/distance_sensor,0.0,inf
2019-03-06__08_02_26,reference,inav_local_z_freeze__2018-12-25__08_44_40__fault,src/drivers/linux_pwm_out,0.0,inf
2019-03-06__08_02_26,reference,inav_local_z_freeze__2018-12-25__08_44_40__fault,src/drivers/mkblctrl,0.0,inf
2019-03-06__08_02_26,reference,inav_local_z_freeze__2018-12-25__08_44_40__fault,src/drivers/pwm_out_sim,0.0,inf
2019-03-06__08_02_26,reference,inav_local_z_freeze__2018-12-25__08_44_40__fault,src/drivers/px4flow,0.0,inf
2019-03-06__08_02_26,reference,inav_local_z_freeze__2018-12-25__08_44_40__fault,src/drivers/px4fmu,0.0,inf
2019-03-06__08_02_26,reference,inav_local_z_freeze__2018-12-25__08_44_40__fault,src/drivers/px4io,0.0,inf
2019-03-06__08_02_26,reference,inav_local_z_freeze__2018-12-25__08_44_40__fault,src/drivers/snapdragon_pwm_out,0.0,inf
2019-03-06__08_02_26,reference,inav_local_z_freeze__2018-12-25__08_44_40__fault,src/drivers/tap_esc,0.0,inf
2019-03-06__08_02_26,reference,inav_local_z_freeze__2018-12-25__08_44_40__fault,src/drivers/telemetry,0.0,inf
2019-03-06__08_02_26,reference,inav_local_z_freeze__2018-12-25__08_44_40__fault,src/drivers/vmount,0.0,inf
2019-03-06__08_02_26,reference,inav_local_z_freeze__2018-12-25__08_44_40__fault,src/examples/fixedwing_control,0.341112441291996,7.0
2019-03-06__08_02_26,reference,inav_local_z_freeze__2018-12-25__08_44_40__fault,src/examples/hwtest,0.0,inf
2019-03-06__08_02_26,reference,inav_local_z_freeze__2018-12-25__08_44_40__fault,src/examples/px4_simple_app,2.362878053850389,4.0
2019-03-06__08_02_26,reference,inav_local_z_freeze__2018-12-25__08_44_40__fault,src/examples/rover_steering_control,0.0,inf
2019-03-06__08_02_26,reference,inav_local_z_freeze__2018-12-25__08_44_40__fault,src/examples/uuv_example_app,0.0,inf
2019-03-06__08_02_26,reference,inav_local_z_freeze__2018-12-25__08_44_40__fault,src/modules/attitude_estimator_q,2.362878053850389,4.0
2019-03-06__08_02_26,reference,inav_local_z_freeze__2018-12-25__08_44_40__fault,src/modules/camera_feedback,0.0,inf
2019-03-06__08_02_26,reference,inav_local_z_freeze__2018-12-25__08_44_40__fault,src/modules/commander,0.0,inf
2019-03-06__08_02_26,reference,inav_local_z_freeze__2018-12-25__08_44_40__fault,src/modules/ekf2,2.362878053850389,4.0
2019-03-06__08_02_26,reference,inav_local_z_freeze__2018-12-25__08_44_40__fault,src/modules/events,0.0,inf
2019-03-06__08_02_26,reference,inav_local_z_freeze__2018-12-25__08_44_40__fault,src/modules/fw_att_control,0.0,inf
2019-03-06__08_02_26,reference,inav_local_z_freeze__2018-12-25__08_44_40__fault,src/modules/fw_pos_control_l1,0.0,inf
2019-03-06__08_02_26,reference,inav_local_z_freeze__2018-12-25__08_44_40__fault,src/modules/gnd_att_control,0.0,inf
2019-03-06__08_02_26,reference,inav_local_z_freeze__2018-12-25__08_44_40__fault,src/modules/gnd_pos_control,0.0,inf
2019-03-06__08_02_26,reference,inav_local_z_freeze__2018-12-25__08_44_40__fault,src/modules/gpio_led,0.0,inf
2019-03-06__08_02_26,reference,inav_local_z_freeze__2018-12-25__08_44_40__fault,src/modules/land_detector,0.0,inf
2019-03-06__08_02_26,reference,inav_local_z_freeze__2018-12-25__08_44_40__fault,src/modules/landing_target_estimator,0.0,inf
2019-03-06__08_02_26,reference,inav_local_z_freeze__2018-12-25__08_44_40__fault,src/modules/load_mon,0.0,inf
2019-03-06__08_02_26,reference,inav_local_z_freeze__2018-12-25__08_44_40__fault,src/modules/logger,0.0,inf
2019-03-06__08_02_26,reference,inav_local_z_freeze__2018-12-25__08_44_40__fault,src/modules/mavlink,4.372236862162763,1.0
2019-03-06__08_02_26,reference,inav_local_z_freeze__2018-12-25__08_44_40__fault,src/modules/mc_att_control,0.0,inf
2019-03-06__08_02_26,reference,inav_local_z_freeze__2018-12-25__08_44_40__fault,src/modules/mc_pos_control,0.0,inf
2019-03-06__08_02_26,reference,inav_local_z_freeze__2018-12-25__08_44_40__fault,src/modules/navigator,0.0,inf
2019-03-06__08_02_26,reference,inav_local_z_freeze__2018-12-25__08_44_40__fault,src/modules/position_estimator_inav,1.6682463670203789,5.0
2019-03-06__08_02_26,reference,inav_local_z_freeze__2018-12-25__08_44_40__fault,src/modules/replay,0.0,inf
2019-03-06__08_02_26,reference,inav_local_z_freeze__2018-12-25__08_44_40__fault,src/modules/sdlog2,0.0,inf
2019-03-06__08_02_26,reference,inav_local_z_freeze__2018-12-25__08_44_40__fault,src/modules/sensors,0.05276297712150742,9.0
2019-03-06__08_02_26,reference,inav_local_z_freeze__2018-12-25__08_44_40__fault,src/modules/simulator,0.0,inf
2019-03-06__08_02_26,reference,inav_local_z_freeze__2018-12-25__08_44_40__fault,src/modules/syslink,0.0,inf
2019-03-06__08_02_26,reference,inav_local_z_freeze__2018-12-25__08_44_40__fault,src/modules/uavcan,0.0,inf
2019-03-06__08_02_26,reference,inav_local_z_freeze__2018-12-25__08_44_40__fault,src/modules/vtol_att_control,0.341112441291996,7.0
2019-03-06__08_02_26,reference,inav_local_z_freeze__2018-12-25__08_44_40__fault,src/modules/wind_estimator,0.0,inf
2019-03-06__08_02_26,reference,inav_local_z_freeze__2018-12-25__08_44_40__fault,src/platforms/posix/drivers/df_bebop_bus_wrapper,0.0,inf
2019-03-06__08_02_26,reference,inav_local_z_freeze__2018-12-25__08_44_40__fault,src/platforms/posix/drivers/df_bebop_rangefinder_wrapper,0.0,inf
2019-03-06__08_02_26,reference,inav_local_z_freeze__2018-12-25__08_44_40__fault,src/platforms/posix/drivers/df_isl29501_wrapper,0.0,inf
2019-03-06__08_02_26,reference,inav_local_z_freeze__2018-12-25__08_44_40__fault,src/platforms/posix/drivers/df_ltc2946_wrapper,0.0,inf
2019-03-06__08_02_26,reference,inav_local_z_freeze__2018-12-25__08_44_40__fault,src/platforms/posix/drivers/df_trone_wrapper,0.0,inf
2019-03-06__08_02_26,reference,inav_local_z_freeze__2018-12-25__08_44_40__fault,src/platforms/qurt/fc_addon/uart_esc,0.0,inf
2019-03-06__08_02_26,reference,inav_local_z_freeze__2018-12-25__08_44_40__fault,src/platforms/qurt/tests/muorb,0.05276297712150742,9.0
2019-03-06__08_02_26,reference,inav_local_z_freeze__2018-12-25__08_44_40__fault,src/templates/module,0.0,inf
2019-03-06__08_02_26,reference,land_detector_state_inversion__2018-12-19__07_49_17__fault,src/drivers/batt_smbus,0.0,inf
2019-03-06__08_02_26,reference,land_detector_state_inversion__2018-12-19__07_49_17__fault,src/drivers/blinkm,0.0,inf
2019-03-06__08_02_26,reference,land_detector_state_inversion__2018-12-19__07_49_17__fault,src/drivers/camera_trigger,0.0,inf
2019-03-06__08_02_26,reference,land_detector_state_inversion__2018-12-19__07_49_17__fault,src/drivers/distance_sensor,0.0,inf
2019-03-06__08_02_26,reference,land_detector_state_inversion__2018-12-19__07_49_17__fault,src/drivers/linux_pwm_out,0.0,inf
2019-03-06__08_02_26,reference,land_detector_state_inversion__2018-12-19__07_49_17__fault,src/drivers/mkblctrl,0.0,inf
2019-03-06__08_02_26,reference,land_detector_state_inversion__2018-12-19__07_49_17__fault,src/drivers/pwm_out_sim,0.0,inf
2019-03-06__08_02_26,reference,land_detector_state_inversion__2018-12-19__07_49_17__fault,src/drivers/px4flow,0.0,inf
2019-03-06__08_02_26,reference,land_detector_state_inversion__2018-12-19__07_49_17__fault,src/drivers/px4fmu,0.0,inf
2019-03-06__08_02_26,reference,land_detector_state_inversion__2018-12-19__07_49_17__fault,src/drivers/px4io,0.0,inf
2019-03-06__08_02_26,reference,land_detector_state_inversion__2018-12-19__07_49_17__fault,src/drivers/snapdragon_pwm_out,0.0,inf
2019-03-06__08_02_26,reference,land_detector_state_inversion__2018-12-19__07_49_17__fault,src/drivers/tap_esc,0.0,inf
2019-03-06__08_02_26,reference,land_detector_state_inversion__2018-12-19__07_49_17__fault,src/drivers/telemetry,0.0,inf
2019-03-06__08_02_26,reference,land_detector_state_inversion__2018-12-19__07_49_17__fault,src/drivers/vmount,0.0,inf
2019-03-06__08_02_26,reference,land_detector_state_inversion__2018-12-19__07_49_17__fault,src/examples/fixedwing_control,0.0,inf
2019-03-06__08_02_26,reference,land_detector_state_inversion__2018-12-19__07_49_17__fault,src/examples/hwtest,0.0,inf
2019-03-06__08_02_26,reference,land_detector_state_inversion__2018-12-19__07_49_17__fault,src/examples/px4_simple_app,3.737930189057423,5.0
2019-03-06__08_02_26,reference,land_detector_state_inversion__2018-12-19__07_49_17__fault,src/examples/rover_steering_control,0.0,inf
2019-03-06__08_02_26,reference,land_detector_state_inversion__2018-12-19__07_49_17__fault,src/examples/uuv_example_app,0.0,inf
2019-03-06__08_02_26,reference,land_detector_state_inversion__2018-12-19__07_49_17__fault,src/modules/attitude_estimator_q,3.737930189057423,5.0
2019-03-06__08_02_26,reference,land_detector_state_inversion__2018-12-19__07_49_17__fault,src/modules/camera_feedback,0.0,inf
2019-03-06__08_02_26,reference,land_detector_state_inversion__2018-12-19__07_49_17__fault,src/modules/commander,0.0,inf
2019-03-06__08_02_26,reference,land_detector_state_inversion__2018-12-19__07_49_17__fault,src/modules/ekf2,3.737930189057423,5.0
2019-03-06__08_02_26,reference,land_detector_state_inversion__2018-12-19__07_49_17__fault,src/modules/events,0.0,inf
2019-03-06__08_02_26,reference,land_detector_state_inversion__2018-12-19__07_49_17__fault,src/modules/fw_att_control,0.0,inf
2019-03-06__08_02_26,reference,land_detector_state_inversion__2018-12-19__07_49_17__fault,src/modules/fw_pos_control_l1,0.0,inf
2019-03-06__08_02_26,reference,land_detector_state_inversion__2018-12-19__07_49_17__fault,src/modules/gnd_att_control,0.0,inf
2019-03-06__08_02_26,reference,land_detector_state_inversion__2018-12-19__07_49_17__fault,src/modules/gnd_pos_control,0.0,inf
2019-03-06__08_02_26,reference,land_detector_state_inversion__2018-12-19__07_49_17__fault,src/modules/gpio_led,0.0,inf
2019-03-06__08_02_26,reference,land_detector_state_inversion__2018-12-19__07_49_17__fault,src/modules/land_detector,67.817993360905,2.0
2019-03-06__08_02_26,reference,land_detector_state_inversion__2018-12-19__07_49_17__fault,src/modules/landing_target_estimator,0.0,inf
2019-03-06__08_02_26,reference,land_detector_state_inversion__2018-12-19__07_49_17__fault,src/modules/load_mon,0.0,inf
2019-03-06__08_02_26,reference,land_detector_state_inversion__2018-12-19__07_49_17__fault,src/modules/logger,0.0,inf
2019-03-06__08_02_26,reference,land_detector_state_inversion__2018-12-19__07_49_17__fault,src/modules/mavlink,71.55592354996243,1.0
2019-03-06__08_02_26,reference,land_detector_state_inversion__2018-12-19__07_49_17__fault,src/modules/mc_att_control,0.0,inf
2019-03-06__08_02_26,reference,land_detector_state_inversion__2018-12-19__07_49_17__fault,src/modules/mc_pos_control,0.0,inf
2019-03-06__08_02_26,reference,land_detector_state_inversion__2018-12-19__07_49_17__fault,src/modules/navigator,0.0,inf
2019-03-06__08_02_26,reference,land_detector_state_inversion__2018-12-19__07_49_17__fault,src/modules/position_estimator_inav,0.0,inf
2019-03-06__08_02_26,reference,land_detector_state_inversion__2018-12-19__07_49_17__fault,src/modules/replay,0.0,inf
2019-03-06__08_02_26,reference,land_detector_state_inversion__2018-12-19__07_49_17__fault,src/modules/sdlog2,0.0,inf
2019-03-06__08_02_26,reference,land_detector_state_inversion__2018-12-19__07_49_17__fault,src/modules/sensors,0.5939421903939894,7.0
2019-03-06__08_02_26,reference,land_detector_state_inversion__2018-12-19__07_49_17__fault,src/modules/simulator,0.0,inf
2019-03-06__08_02_26,reference,land_detector_state_inversion__2018-12-19__07_49_17__fault,src/modules/syslink,0.0,inf
2019-03-06__08_02_26,reference,land_detector_state_inversion__2018-12-19__07_49_17__fault,src/modules/uavcan,0.0,inf
2019-03-06__08_02_26,reference,land_detector_state_inversion__2018-12-19__07_49_17__fault,src/modules/vtol_att_control,0.0,inf
2019-03-06__08_02_26,reference,land_detector_state_inversion__2018-12-19__07_49_17__fault,src/modules/wind_estimator,0.0,inf
2019-03-06__08_02_26,reference,land_detector_state_inversion__2018-12-19__07_49_17__fault,src/platforms/posix/drivers/df_bebop_bus_wrapper,0.0,inf
2019-03-06__08_02_26,reference,land_detector_state_inversion__2018-12-19__07_49_17__fault,src/platforms/posix/drivers/df_bebop_rangefinder_wrapper,0.0,inf
2019-03-06__08_02_26,reference,land_detector_state_inversion__2018-12-19__07_49_17__fault,src/platforms/posix/drivers/df_isl29501_wrapper,0.0,inf
2019-03-06__08_02_26,reference,land_detector_state_inversion__2018-12-19__07_49_17__fault,src/platforms/posix/drivers/df_ltc2946_wrapper,0.0,inf
2019-03-06__08_02_26,reference,land_detector_state_inversion__2018-12-19__07_49_17__fault,src/platforms/posix/drivers/df_trone_wrapper,0.0,inf
2019-03-06__08_02_26,reference,land_detector_state_inversion__2018-12-19__07_49_17__fault,src/platforms/qurt/fc_addon/uart_esc,0.0,inf
2019-03-06__08_02_26,reference,land_detector_state_inversion__2018-12-19__07_49_17__fault,src/platforms/qurt/tests/muorb,0.5939421903939894,7.0
2019-03-06__08_02_26,reference,land_detector_state_inversion__2018-12-19__07_49_17__fault,src/templates/module,0.0,inf
2019-03-06__08_02_26,reference,land_detector_state_inversion__2018-12-20__07_47_50__fault,src/drivers/batt_smbus,0.0,inf
2019-03-06__08_02_26,reference,land_detector_state_inversion__2018-12-20__07_47_50__fault,src/drivers/blinkm,0.0,inf
2019-03-06__08_02_26,reference,land_detector_state_inversion__2018-12-20__07_47_50__fault,src/drivers/camera_trigger,0.0,inf
2019-03-06__08_02_26,reference,land_detector_state_inversion__2018-12-20__07_47_50__fault,src/drivers/distance_sensor,0.0,inf
2019-03-06__08_02_26,reference,land_detector_state_inversion__2018-12-20__07_47_50__fault,src/drivers/linux_pwm_out,0.0,inf
2019-03-06__08_02_26,reference,land_detector_state_inversion__2018-12-20__07_47_50__fault,src/drivers/mkblctrl,0.0,inf
2019-03-06__08_02_26,reference,land_detector_state_inversion__2018-12-20__07_47_50__fault,src/drivers/pwm_out_sim,0.0,inf
2019-03-06__08_02_26,reference,land_detector_state_inversion__2018-12-20__07_47_50__fault,src/drivers/px4flow,0.0,inf
2019-03-06__08_02_26,reference,land_detector_state_inversion__2018-12-20__07_47_50__fault,src/drivers/px4fmu,0.0,inf
2019-03-06__08_02_26,reference,land_detector_state_inversion__2018-12-20__07_47_50__fault,src/drivers/px4io,0.0,inf
2019-03-06__08_02_26,reference,land_detector_state_inversion__2018-12-20__07_47_50__fault,src/drivers/snapdragon_pwm_out,0.0,inf
2019-03-06__08_02_26,reference,land_detector_state_inversion__2018-12-20__07_47_50__fault,src/drivers/tap_esc,0.0,inf
2019-03-06__08_02_26,reference,land_detector_state_inversion__2018-12-20__07_47_50__fault,src/drivers/telemetry,0.0,inf
2019-03-06__08_02_26,reference,land_detector_state_inversion__2018-12-20__07_47_50__fault,src/drivers/vmount,0.0,inf
2019-03-06__08_02_26,reference,land_detector_state_inversion__2018-12-20__07_47_50__fault,src/examples/fixedwing_control,0.0,inf
2019-03-06__08_02_26,reference,land_detector_state_inversion__2018-12-20__07_47_50__fault,src/examples/hwtest,0.0,inf
2019-03-06__08_02_26,reference,land_detector_state_inversion__2018-12-20__07_47_50__fault,src/examples/px4_simple_app,0.41175141680140454,5.0
2019-03-06__08_02_26,reference,land_detector_state_inversion__2018-12-20__07_47_50__fault,src/examples/rover_steering_control,0.0,inf
2019-03-06__08_02_26,reference,land_detector_state_inversion__2018-12-20__07_47_50__fault,src/examples/uuv_example_app,0.0,inf
2019-03-06__08_02_26,reference,land_detector_state_inversion__2018-12-20__07_47_50__fault,src/modules/attitude_estimator_q,0.41175141680140454,5.0
2019-03-06__08_02_26,reference,land_detector_state_inversion__2018-12-20__07_47_50__fault,src/modules/camera_feedback,0.0,inf
2019-03-06__08_02_26,reference,land_detector_state_inversion__2018-12-20__07_47_50__fault,src/modules/commander,0.0,inf
2019-03-06__08_02_26,reference,land_detector_state_inversion__2018-12-20__07_47_50__fault,src/modules/ekf2,0.41175141680140454,5.0
2019-03-06__08_02_26,reference,land_detector_state_inversion__2018-12-20__07_47_50__fault,src/modules/events,0.0,inf
2019-03-06__08_02_26,reference,land_detector_state_inversion__2018-12-20__07_47_50__fault,src/modules/fw_att_control,0.0,inf
2019-03-06__08_02_26,reference,land_detector_state_inversion__2018-12-20__07_47_50__fault,src/modules/fw_pos_control_l1,0.0,inf
2019-03-06__08_02_26,reference,land_detector_state_inversion__2018-12-20__07_47_50__fault,src/modules/gnd_att_control,0.0,inf
2019-03-06__08_02_26,reference,land_detector_state_inversion__2018-12-20__07_47_50__fault,src/modules/gnd_pos_control,0.0,inf
2019-03-06__08_02_26,reference,land_detector_state_inversion__2018-12-20__07_47_50__fault,src/modules/gpio_led,0.0,inf
2019-03-06__08_02_26,reference,land_detector_state_inversion__2018-12-20__07_47_50__fault,src/modules/land_detector,74.11899430786862,2.0
2019-03-06__08_02_26,reference,land_detector_state_inversion__2018-12-20__07_47_50__fault,src/modules/landing_target_estimator,0.0,inf
2019-03-06__08_02_26,reference,land_detector_state_inversion__2018-12-20__07_47_50__fault,src/modules/load_mon,0.0,inf
2019-03-06__08_02_26,reference,land_detector_state_inversion__2018-12-20__07_47_50__fault,src/modules/logger,0.0,inf
2019-03-06__08_02_26,reference,land_detector_state_inversion__2018-12-20__07_47_50__fault,src/modules/mavlink,74.53074572467003,1.0
2019-03-06__08_02_26,reference,land_detector_state_inversion__2018-12-20__07_47_50__fault,src/modules/mc_att_control,0.0,inf
2019-03-06__08_02_26,reference,land_detector_state_inversion__2018-12-20__07_47_50__fault,src/modules/mc_pos_control,0.0,inf
2019-03-06__08_02_26,reference,land_detector_state_inversion__2018-12-20__07_47_50__fault,src/modules/navigator,0.0,inf
2019-03-06__08_02_26,reference,land_detector_state_inversion__2018-12-20__07_47_50__fault,src/modules/position_estimator_inav,0.0,inf
2019-03-06__08_02_26,reference,land_detector_state_inversion__2018-12-20__07_47_50__fault,src/modules/replay,0.0,inf
2019-03-06__08_02_26,reference,land_detector_state_inversion__2018-12-20__07_47_50__fault,src/modules/sdlog2,0.0,inf
2019-03-06__08_02_26,reference,land_detector_state_inversion__2018-12-20__07_47_50__fault,src/modules/sensors,0.0030488927825158382,7.0
2019-03-06__08_02_26,reference,land_detector_state_inversion__2018-12-20__07_47_50__fault,src/modules/simulator,0.0,inf
2019-03-06__08_02_26,reference,land_detector_state_inversion__2018-12-20__07_47_50__fault,src/modules/syslink,0.0,inf
2019-03-06__08_02_26,reference,land_detector_state_inversion__2018-12-20__07_47_50__fault,src/modules/uavcan,0.0,inf
2019-03-06__08_02_26,reference,land_detector_state_inversion__2018-12-20__07_47_50__fault,src/modules/vtol_att_control,0.0,inf
2019-03-06__08_02_26,reference,land_detector_state_inversion__2018-12-20__07_47_50__fault,src/modules/wind_estimator,0.0,inf
2019-03-06__08_02_26,reference,land_detector_state_inversion__2018-12-20__07_47_50__fault,src/platforms/posix/drivers/df_bebop_bus_wrapper,0.0,inf
2019-03-06__08_02_26,reference,land_detector_state_inversion__2018-12-20__07_47_50__fault,src/platforms/posix/drivers/df_bebop_rangefinder_wrapper,0.0,inf
2019-03-06__08_02_26,reference,land_detector_state_inversion__2018-12-20__07_47_50__fault,src/platforms/posix/drivers/df_isl29501_wrapper,0.0,inf
2019-03-06__08_02_26,reference,land_detector_state_inversion__2018-12-20__07_47_50__fault,src/platforms/posix/drivers/df_ltc2946_wrapper,0.0,inf
2019-03-06__08_02_26,reference,land_detector_state_inversion__2018-12-20__07_47_50__fault,src/platforms/posix/drivers/df_trone_wrapper,0.0,inf
2019-03-06__08_02_26,reference,land_detector_state_inversion__2018-12-20__07_47_50__fault,src/platforms/qurt/fc_addon/uart_esc,0.0,inf
2019-03-06__08_02_26,reference,land_detector_state_inversion__2018-12-20__07_47_50__fault,src/platforms/qurt/tests/muorb,0.0030488927825158382,7.0
2019-03-06__08_02_26,reference,land_detector_state_inversion__2018-12-20__07_47_50__fault,src/templates/module,0.0,inf
2019-03-06__08_02_26,reference,land_detector_state_inversion__2018-12-25__08_44_40__fault,src/drivers/batt_smbus,0.0,inf
2019-03-06__08_02_26,reference,land_detector_state_inversion__2018-12-25__08_44_40__fault,src/drivers/blinkm,0.0,inf
2019-03-06__08_02_26,reference,land_detector_state_inversion__2018-12-25__08_44_40__fault,src/drivers/camera_trigger,0.0,inf
2019-03-06__08_02_26,reference,land_detector_state_inversion__2018-12-25__08_44_40__fault,src/drivers/distance_sensor,0.0,inf
2019-03-06__08_02_26,reference,land_detector_state_inversion__2018-12-25__08_44_40__fault,src/drivers/linux_pwm_out,0.0,inf
2019-03-06__08_02_26,reference,land_detector_state_inversion__2018-12-25__08_44_40__fault,src/drivers/mkblctrl,0.0,inf
2019-03-06__08_02_26,reference,land_detector_state_inversion__2018-12-25__08_44_40__fault,src/drivers/pwm_out_sim,0.0,inf
2019-03-06__08_02_26,reference,land_detector_state_inversion__2018-12-25__08_44_40__fault,src/drivers/px4flow,0.0,inf
2019-03-06__08_02_26,reference,land_detector_state_inversion__2018-12-25__08_44_40__fault,src/drivers/px4fmu,0.0,inf
2019-03-06__08_02_26,reference,land_detector_state_inversion__2018-12-25__08_44_40__fault,src/drivers/px4io,0.0,inf
2019-03-06__08_02_26,reference,land_detector_state_inversion__2018-12-25__08_44_40__fault,src/drivers/snapdragon_pwm_out,0.0,inf
2019-03-06__08_02_26,reference,land_detector_state_inversion__2018-12-25__08_44_40__fault,src/drivers/tap_esc,0.0,inf
2019-03-06__08_02_26,reference,land_detector_state_inversion__2018-12-25__08_44_40__fault,src/drivers/telemetry,0.0,inf
2019-03-06__08_02_26,reference,land_detector_state_inversion__2018-12-25__08_44_40__fault,src/drivers/vmount,0.0,inf
2019-03-06__08_02_26,reference,land_detector_state_inversion__2018-12-25__08_44_40__fault,src/examples/fixedwing_control,0.0002843696495582317,9.0
2019-03-06__08_02_26,reference,land_detector_state_inversion__2018-12-25__08_44_40__fault,src/examples/hwtest,0.0,inf
2019-03-06__08_02_26,reference,land_detector_state_inversion__2018-12-25__08_44_40__fault,src/examples/px4_simple_app,2.1346332994453343,5.0
2019-03-06__08_02_26,reference,land_detector_state_inversion__2018-12-25__08_44_40__fault,src/examples/rover_steering_control,0.0,inf
2019-03-06__08_02_26,reference,land_detector_state_inversion__2018-12-25__08_44_40__fault,src/examples/uuv_example_app,0.0,inf
2019-03-06__08_02_26,reference,land_detector_state_inversion__2018-12-25__08_44_40__fault,src/modules/attitude_estimator_q,2.1346332994453343,5.0
2019-03-06__08_02_26,reference,land_detector_state_inversion__2018-12-25__08_44_40__fault,src/modules/camera_feedback,0.0,inf
2019-03-06__08_02_26,reference,land_detector_state_inversion__2018-12-25__08_44_40__fault,src/modules/commander,0.0,inf
2019-03-06__08_02_26,reference,land_detector_state_inversion__2018-12-25__08_44_40__fault,src/modules/ekf2,2.1346332994453343,5.0
2019-03-06__08_02_26,reference,land_detector_state_inversion__2018-12-25__08_44_40__fault,src/modules/events,0.0,inf
2019-03-06__08_02_26,reference,land_detector_state_inversion__2018-12-25__08_44_40__fault,src/modules/fw_att_control,0.0,inf
2019-03-06__08_02_26,reference,land_detector_state_inversion__2018-12-25__08_44_40__fault,src/modules/fw_pos_control_l1,0.0,inf
2019-03-06__08_02_26,reference,land_detector_state_inversion__2018-12-25__08_44_40__fault,src/modules/gnd_att_control,0.0,inf
2019-03-06__08_02_26,reference,land_detector_state_inversion__2018-12-25__08_44_40__fault,src/modules/gnd_pos_control,0.0,inf
2019-03-06__08_02_26,reference,land_detector_state_inversion__2018-12-25__08_44_40__fault,src/modules/gpio_led,0.0,inf
2019-03-06__08_02_26,reference,land_detector_state_inversion__2018-12-25__08_44_40__fault,src/modules/land_detector,74.90750317840741,2.0
2019-03-06__08_02_26,reference,land_detector_state_inversion__2018-12-25__08_44_40__fault,src/modules/landing_target_estimator,0.0,inf
2019-03-06__08_02_26,reference,land_detector_state_inversion__2018-12-25__08_44_40__fault,src/modules/load_mon,0.0,inf
2019-03-06__08_02_26,reference,land_detector_state_inversion__2018-12-25__08_44_40__fault,src/modules/logger,0.0,inf
2019-03-06__08_02_26,reference,land_detector_state_inversion__2018-12-25__08_44_40__fault,src/modules/mavlink,77.04242084750231,1.0
2019-03-06__08_02_26,reference,land_detector_state_inversion__2018-12-25__08_44_40__fault,src/modules/mc_att_control,0.0,inf
2019-03-06__08_02_26,reference,land_detector_state_inversion__2018-12-25__08_44_40__fault,src/modules/mc_pos_control,0.0,inf
2019-03-06__08_02_26,reference,land_detector_state_inversion__2018-12-25__08_44_40__fault,src/modules/navigator,0.0,inf
2019-03-06__08_02_26,reference,land_detector_state_inversion__2018-12-25__08_44_40__fault,src/modules/position_estimator_inav,0.0,inf
2019-03-06__08_02_26,reference,land_detector_state_inversion__2018-12-25__08_44_40__fault,src/modules/replay,0.0,inf
2019-03-06__08_02_26,reference,land_detector_state_inversion__2018-12-25__08_44_40__fault,src/modules/sdlog2,0.0,inf
2019-03-06__08_02_26,reference,land_detector_state_inversion__2018-12-25__08_44_40__fault,src/modules/sensors,0.2899347235416544,7.0
2019-03-06__08_02_26,reference,land_detector_state_inversion__2018-12-25__08_44_40__fault,src/modules/simulator,0.0,inf
2019-03-06__08_02_26,reference,land_detector_state_inversion__2018-12-25__08_44_40__fault,src/modules/syslink,0.0,inf
2019-03-06__08_02_26,reference,land_detector_state_inversion__2018-12-25__08_44_40__fault,src/modules/uavcan,0.0,inf
2019-03-06__08_02_26,reference,land_detector_state_inversion__2018-12-25__08_44_40__fault,src/modules/vtol_att_control,0.0002843696495582317,9.0
2019-03-06__08_02_26,reference,land_detector_state_inversion__2018-12-25__08_44_40__fault,src/modules/wind_estimator,0.0,inf
2019-03-06__08_02_26,reference,land_detector_state_inversion__2018-12-25__08_44_40__fault,src/platforms/posix/drivers/df_bebop_bus_wrapper,0.0,inf
2019-03-06__08_02_26,reference,land_detector_state_inversion__2018-12-25__08_44_40__fault,src/platforms/posix/drivers/df_bebop_rangefinder_wrapper,0.0,inf
2019-03-06__08_02_26,reference,land_detector_state_inversion__2018-12-25__08_44_40__fault,src/platforms/posix/drivers/df_isl29501_wrapper,0.0,inf
2019-03-06__08_02_26,reference,land_detector_state_inversion__2018-12-25__08_44_40__fault,src/platforms/posix/drivers/df_ltc2946_wrapper,0.0,inf
2019-03-06__08_02_26,reference,land_detector_state_inversion__2018-12-25__08_44_40__fault,src/platforms/posix/drivers/df_trone_wrapper,0.0,inf
2019-03-06__08_02_26,reference,land_detector_state_inversion__2018-12-25__08_44_40__fault,src/platforms/qurt/fc_addon/uart_esc,0.0,inf
2019-03-06__08_02_26,reference,land_detector_state_inversion__2018-12-25__08_44_40__fault,src/platforms/qurt/tests/muorb,0.2899347235416544,7.0
2019-03-06__08_02_26,reference,land_detector_state_inversion__2018-12-25__08_44_40__fault,src/templates/module,0.0,inf
2019-03-06__08_02_26,normal,commander_nav_state_override__2018-12-19__07_49_17__baseline,src/drivers/batt_smbus,0.0,inf
2019-03-06__08_02_26,normal,commander_nav_state_override__2018-12-19__07_49_17__baseline,src/drivers/blinkm,0.0,inf
2019-03-06__08_02_26,normal,commander_nav_state_override__2018-12-19__07_49_17__baseline,src/drivers/camera_trigger,0.0,inf
2019-03-06__08_02_26,normal,commander_nav_state_override__2018-12-19__07_49_17__baseline,src/drivers/distance_sensor,0.0,inf
2019-03-06__08_02_26,normal,commander_nav_state_override__2018-12-19__07_49_17__baseline,src/drivers/linux_pwm_out,0.0,inf
2019-03-06__08_02_26,normal,commander_nav_state_override__2018-12-19__07_49_17__baseline,src/drivers/mkblctrl,0.0,inf
2019-03-06__08_02_26,normal,commander_nav_state_override__2018-12-19__07_49_17__baseline,src/drivers/pwm_out_sim,0.0,inf
2019-03-06__08_02_26,normal,commander_nav_state_override__2018-12-19__07_49_17__baseline,src/drivers/px4flow,0.0,inf
2019-03-06__08_02_26,normal,commander_nav_state_override__2018-12-19__07_49_17__baseline,src/drivers/px4fmu,0.0,inf
2019-03-06__08_02_26,normal,commander_nav_state_override__2018-12-19__07_49_17__baseline,src/drivers/px4io,0.0,inf
2019-03-06__08_02_26,normal,commander_nav_state_override__2018-12-19__07_49_17__baseline,src/drivers/snapdragon_pwm_out,0.0,inf
2019-03-06__08_02_26,normal,commander_nav_state_override__2018-12-19__07_49_17__baseline,src/drivers/tap_esc,0.0,inf
2019-03-06__08_02_26,normal,commander_nav_state_override__2018-12-19__07_49_17__baseline,src/drivers/telemetry,0.0,inf
2019-03-06__08_02_26,normal,commander_nav_state_override__2018-12-19__07_49_17__baseline,src/drivers/vmount,0.0,inf
2019-03-06__08_02_26,normal,commander_nav_state_override__2018-12-19__07_49_17__baseline,src/examples/fixedwing_control,0.0,inf
2019-03-06__08_02_26,normal,commander_nav_state_override__2018-12-19__07_49_17__baseline,src/examples/hwtest,0.0,inf
2019-03-06__08_02_26,normal,commander_nav_state_override__2018-12-19__07_49_17__baseline,src/examples/px4_simple_app,4.438424221034428,4.0
2019-03-06__08_02_26,normal,commander_nav_state_override__2018-12-19__07_49_17__baseline,src/examples/rover_steering_control,0.0,inf
2019-03-06__08_02_26,normal,commander_nav_state_override__2018-12-19__07_49_17__baseline,src/examples/uuv_example_app,0.0,inf
2019-03-06__08_02_26,normal,commander_nav_state_override__2018-12-19__07_49_17__baseline,src/modules/attitude_estimator_q,4.438424221034428,4.0
2019-03-06__08_02_26,normal,commander_nav_state_override__2018-12-19__07_49_17__baseline,src/modules/camera_feedback,0.0,inf
2019-03-06__08_02_26,normal,commander_nav_state_override__2018-12-19__07_49_17__baseline,src/modules/commander,0.0,inf
2019-03-06__08_02_26,normal,commander_nav_state_override__2018-12-19__07_49_17__baseline,src/modules/ekf2,4.438424221034428,4.0
2019-03-06__08_02_26,normal,commander_nav_state_override__2018-12-19__07_49_17__baseline,src/modules/events,0.0,inf
2019-03-06__08_02_26,normal,commander_nav_state_override__2018-12-19__07_49_17__baseline,src/modules/fw_att_control,0.0,inf
2019-03-06__08_02_26,normal,commander_nav_state_override__2018-12-19__07_49_17__baseline,src/modules/fw_pos_control_l1,0.0,inf
2019-03-06__08_02_26,normal,commander_nav_state_override__2018-12-19__07_49_17__baseline,src/modules/gnd_att_control,0.0,inf
2019-03-06__08_02_26,normal,commander_nav_state_override__2018-12-19__07_49_17__baseline,src/modules/gnd_pos_control,0.0,inf
2019-03-06__08_02_26,normal,commander_nav_state_override__2018-12-19__07_49_17__baseline,src/modules/gpio_led,0.0,inf
2019-03-06__08_02_26,normal,commander_nav_state_override__2018-12-19__07_49_17__baseline,src/modules/land_detector,0.0,inf
2019-03-06__08_02_26,normal,commander_nav_state_override__2018-12-19__07_49_17__baseline,src/modules/landing_target_estimator,0.0,inf
2019-03-06__08_02_26,normal,commander_nav_state_override__2018-12-19__07_49_17__baseline,src/modules/load_mon,0.0,inf
2019-03-06__08_02_26,normal,commander_nav_state_override__2018-12-19__07_49_17__baseline,src/modules/logger,0.0,inf
2019-03-06__08_02_26,normal,commander_nav_state_override__2018-12-19__07_49_17__baseline,src/modules/mavlink,4.438424221034428,4.0
2019-03-06__08_02_26,normal,commander_nav_state_override__2018-12-19__07_49_17__baseline,src/modules/mc_att_control,0.0,inf
2019-03-06__08_02_26,normal,commander_nav_state_override__2018-12-19__07_49_17__baseline,src/modules/mc_pos_control,0.0,inf
2019-03-06__08_02_26,normal,commander_nav_state_override__2018-12-19__07_49_17__baseline,src/modules/navigator,0.0,inf
2019-03-06__08_02_26,normal,commander_nav_state_override__2018-12-19__07_49_17__baseline,src/modules/position_estimator_inav,0.0,inf
2019-03-06__08_02_26,normal,commander_nav_state_override__2018-12-19__07_49_17__baseline,src/modules/replay,0.0,inf
2019-03-06__08_02_26,normal,commander_nav_state_override__2018-12-19__07_49_17__baseline,src/modules/sdlog2,0.0,inf
2019-03-06__08_02_26,normal,commander_nav_state_override__2018-12-19__07_49_17__baseline,src/modules/sensors,0.22029438521713018,6.0
2019-03-06__08_02_26,normal,commander_nav_state_override__2018-12-19__07_49_17__baseline,src/modules/simulator,0.0,inf
2019-03-06__08_02_26,normal,commander_nav_state_override__2018-12-19__07_49_17__baseline,src/modules/syslink,0.0,inf
2019-03-06__08_02_26,normal,commander_nav_state_override__2018-12-19__07_49_17__baseline,src/modules/uavcan,0.0,inf
2019-03-06__08_02_26,normal,commander_nav_state_override__2018-12-19__07_49_17__baseline,src/modules/vtol_att_control,0.0,inf
2019-03-06__08_02_26,normal,commander_nav_state_override__2018-12-19__07_49_17__baseline,src/modules/wind_estimator,0.0,inf
2019-03-06__08_02_26,normal,commander_nav_state_override__2018-12-19__07_49_17__baseline,src/platforms/posix/drivers/df_bebop_bus_wrapper,0.0,inf
2019-03-06__08_02_26,normal,commander_nav_state_override__2018-12-19__07_49_17__baseline,src/platforms/posix/drivers/df_bebop_rangefinder_wrapper,0.0,inf
2019-03-06__08_02_26,normal,commander_nav_state_override__2018-12-19__07_49_17__baseline,src/platforms/posix/drivers/df_isl29501_wrapper,0.0,inf
2019-03-06__08_02_26,normal,commander_nav_state_override__2018-12-19__07_49_17__baseline,src/platforms/posix/drivers/df_ltc2946_wrapper,0.0,inf
2019-03-06__08_02_26,normal,commander_nav_state_override__2018-12-19__07_49_17__baseline,src/platforms/posix/drivers/df_trone_wrapper,0.0,inf
2019-03-06__08_02_26,normal,commander_nav_state_override__2018-12-19__07_49_17__baseline,src/platforms/qurt/fc_addon/uart_esc,0.0,inf
2019-03-06__08_02_26,normal,commander_nav_state_override__2018-12-19__07_49_17__baseline,src/platforms/qurt/tests/muorb,0.22029438521713018,6.0
2019-03-06__08_02_26,normal,commander_nav_state_override__2018-12-19__07_49_17__baseline,src/templates/module,0.0,inf
2019-03-06__08_02_26,normal,commander_nav_state_override__2018-12-20__07_47_50__baseline,src/drivers/batt_smbus,0.0,inf
2019-03-06__08_02_26,normal,commander_nav_state_override__2018-12-20__07_47_50__baseline,src/drivers/blinkm,0.0,inf
2019-03-06__08_02_26,normal,commander_nav_state_override__2018-12-20__07_47_50__baseline,src/drivers/camera_trigger,0.0,inf
2019-03-06__08_02_26,normal,commander_nav_state_override__2018-12-20__07_47_50__baseline,src/drivers/distance_sensor,0.0,inf
2019-03-06__08_02_26,normal,commander_nav_state_override__2018-12-20__07_47_50__baseline,src/drivers/linux_pwm_out,0.0,inf
2019-03-06__08_02_26,normal,commander_nav_state_override__2018-12-20__07_47_50__baseline,src/drivers/mkblctrl,0.0,inf
2019-03-06__08_02_26,normal,commander_nav_state_override__2018-12-20__07_47_50__baseline,src/drivers/pwm_out_sim,0.0,inf
2019-03-06__08_02_26,normal,commander_nav_state_override__2018-12-20__07_47_50__baseline,src/drivers/px4flow,0.0,inf
2019-03-06__08_02_26,normal,commander_nav_state_override__2018-12-20__07_47_50__baseline,src/drivers/px4fmu,0.0,inf
2019-03-06__08_02_26,normal,commander_nav_state_override__2018-12-20__07_47_50__baseline,src/drivers/px4io,0.0,inf
2019-03-06__08_02_26,normal,commander_nav_state_override__2018-12-20__07_47_50__baseline,src/drivers/snapdragon_pwm_out,0.0,inf
2019-03-06__08_02_26,normal,commander_nav_state_override__2018-12-20__07_47_50__baseline,src/drivers/tap_esc,0.0,inf
2019-03-06__08_02_26,normal,commander_nav_state_override__2018-12-20__07_47_50__baseline,src/drivers/telemetry,0.0,inf
2019-03-06__08_02_26,normal,commander_nav_state_override__2018-12-20__07_47_50__baseline,src/drivers/vmount,0.0,inf
2019-03-06__08_02_26,normal,commander_nav_state_override__2018-12-20__07_47_50__baseline,src/examples/fixedwing_control,0.0,inf
2019-03-06__08_02_26,normal,commander_nav_state_override__2018-12-20__07_47_50__baseline,src/examples/hwtest,0.0,inf
2019-03-06__08_02_26,normal,commander_nav_state_override__2018-12-20__07_47_50__baseline,src/examples/px4_simple_app,5.549380906990597,4.0
2019-03-06__08_02_26,normal,commander_nav_state_override__2018-12-20__07_47_50__baseline,src/examples/rover_steering_control,0.0,inf
2019-03-06__08_02_26,normal,commander_nav_state_override__2018-12-20__07_47_50__baseline,src/examples/uuv_example_app,0.0,inf
2019-03-06__08_02_26,normal,commander_nav_state_override__2018-12-20__07_47_50__baseline,src/modules/attitude_estimator_q,5.549380906990597,4.0
2019-03-06__08_02_26,normal,commander_nav_state_override__2018-12-20__07_47_50__baseline,src/modules/camera_feedback,0.0,inf
2019-03-06__08_02_26,normal,commander_nav_state_override__2018-12-20__07_47_50__baseline,src/modules/commander,0.0,inf
2019-03-06__08_02_26,normal,commander_nav_state_override__2018-12-20__07_47_50__baseline,src/modules/ekf2,5.549380906990597,4.0
2019-03-06__08_02_26,normal,commander_nav_state_override__2018-12-20__07_47_50__baseline,src/modules/events,0.0,inf
2019-03-06__08_02_26,normal,commander_nav_state_override__2018-12-20__07_47_50__baseline,src/modules/fw_att_control,0.0,inf
2019-03-06__08_02_26,normal,commander_nav_state_override__2018-12-20__07_47_50__baseline,src/modules/fw_pos_control_l1,0.0,inf
2019-03-06__08_02_26,normal,commander_nav_state_override__2018-12-20__07_47_50__baseline,src/modules/gnd_att_control,0.0,inf
2019-03-06__08_02_26,normal,commander_nav_state_override__2018-12-20__07_47_50__baseline,src/modules/gnd_pos_control,0.0,inf
2019-03-06__08_02_26,normal,commander_nav_state_override__2018-12-20__07_47_50__baseline,src/modules/gpio_led,0.0,inf
2019-03-06__08_02_26,normal,commander_nav_state_override__2018-12-20__07_47_50__baseline,src/modules/land_detector,0.0,inf
2019-03-06__08_02_26,normal,commander_nav_state_override__2018-12-20__07_47_50__baseline,src/modules/landing_target_estimator,0.0,inf
2019-03-06__08_02_26,normal,commander_nav_state_override__2018-12-20__07_47_50__baseline,src/modules/load_mon,0.0,inf
2019-03-06__08_02_26,normal,commander_nav_state_override__2018-12-20__07_47_50__baseline,src/modules/logger,0.0,inf
2019-03-06__08_02_26,normal,commander_nav_state_override__2018-12-20__07_47_50__baseline,src/modules/mavlink,5.549380906990597,4.0
2019-03-06__08_02_26,normal,commander_nav_state_override__2018-12-20__07_47_50__baseline,src/modules/mc_att_control,0.0,inf
2019-03-06__08_02_26,normal,commander_nav_state_override__2018-12-20__07_47_50__baseline,src/modules/mc_pos_control,0.0,inf
2019-03-06__08_02_26,normal,commander_nav_state_override__2018-12-20__07_47_50__baseline,src/modules/navigator,0.0,inf
2019-03-06__08_02_26,normal,commander_nav_state_override__2018-12-20__07_47_50__baseline,src/modules/position_estimator_inav,0.0,inf
2019-03-06__08_02_26,normal,commander_nav_state_override__2018-12-20__07_47_50__baseline,src/modules/replay,0.0,inf
2019-03-06__08_02_26,normal,commander_nav_state_override__2018-12-20__07_47_50__baseline,src/modules/sdlog2,0.0,inf
2019-03-06__08_02_26,normal,commander_nav_state_override__2018-12-20__07_47_50__baseline,src/modules/sensors,0.0,inf
2019-03-06__08_02_26,normal,commander_nav_state_override__2018-12-20__07_47_50__baseline,src/modules/simulator,0.0,inf
2019-03-06__08_02_26,normal,commander_nav_state_override__2018-12-20__07_47_50__baseline,src/modules/syslink,0.0,inf
2019-03-06__08_02_26,normal,commander_nav_state_override__2018-12-20__07_47_50__baseline,src/modules/uavcan,0.0,inf
2019-03-06__08_02_26,normal,commander_nav_state_override__2018-12-20__07_47_50__baseline,src/modules/vtol_att_control,0.0,inf
2019-03-06__08_02_26,normal,commander_nav_state_override__2018-12-20__07_47_50__baseline,src/modules/wind_estimator,0.0,inf
2019-03-06__08_02_26,normal,commander_nav_state_override__2018-12-20__07_47_50__baseline,src/platforms/posix/drivers/df_bebop_bus_wrapper,0.0,inf
2019-03-06__08_02_26,normal,commander_nav_state_override__2018-12-20__07_47_50__baseline,src/platforms/posix/drivers/df_bebop_rangefinder_wrapper,0.0,inf
2019-03-06__08_02_26,normal,commander_nav_state_override__2018-12-20__07_47_50__baseline,src/platforms/posix/drivers/df_isl29501_wrapper,0.0,inf
2019-03-06__08_02_26,normal,commander_nav_state_override__2018-12-20__07_47_50__baseline,src/platforms/posix/drivers/df_ltc2946_wrapper,0.0,inf
2019-03-06__08_02_26,normal,commander_nav_state_override__2018-12-20__07_47_50__baseline,src/platforms/posix/drivers/df_trone_wrapper,0.0,inf
2019-03-06__08_02_26,normal,commander_nav_state_override__2018-12-20__07_47_50__baseline,src/platforms/qurt/fc_addon/uart_esc,0.0,inf
2019-03-06__08_02_26,normal,commander_nav_state_override__2018-12-20__07_47_50__baseline,src/platforms/qurt/tests/muorb,0.0,inf
2019-03-06__08_02_26,normal,commander_nav_state_override__2018-12-20__07_47_50__baseline,src/templates/module,0.0,inf
2019-03-06__08_02_26,normal,commander_nav_state_override__2018-12-25__08_44_40__baseline,src/drivers/batt_smbus,0.0,inf
2019-03-06__08_02_26,normal,commander_nav_state_override__2018-12-25__08_44_40__baseline,src/drivers/blinkm,0.0,inf
2019-03-06__08_02_26,normal,commander_nav_state_override__2018-12-25__08_44_40__baseline,src/drivers/camera_trigger,0.0,inf
2019-03-06__08_02_26,normal,commander_nav_state_override__2018-12-25__08_44_40__baseline,src/drivers/distance_sensor,0.0,inf
2019-03-06__08_02_26,normal,commander_nav_state_override__2018-12-25__08_44_40__baseline,src/drivers/linux_pwm_out,0.0,inf
2019-03-06__08_02_26,normal,commander_nav_state_override__2018-12-25__08_44_40__baseline,src/drivers/mkblctrl,0.0,inf
2019-03-06__08_02_26,normal,commander_nav_state_override__2018-12-25__08_44_40__baseline,src/drivers/pwm_out_sim,0.0,inf
2019-03-06__08_02_26,normal,commander_nav_state_override__2018-12-25__08_44_40__baseline,src/drivers/px4flow,0.0,inf
2019-03-06__08_02_26,normal,commander_nav_state_override__2018-12-25__08_44_40__baseline,src/drivers/px4fmu,0.0,inf
2019-03-06__08_02_26,normal,commander_nav_state_override__2018-12-25__08_44_40__baseline,src/drivers/px4io,0.0,inf
2019-03-06__08_02_26,normal,commander_nav_state_override__2018-12-25__08_44_40__baseline,src/drivers/snapdragon_pwm_out,0.0,inf
2019-03-06__08_02_26,normal,commander_nav_state_override__2018-12-25__08_44_40__baseline,src/drivers/tap_esc,0.0,inf
2019-03-06__08_02_26,normal,commander_nav_state_override__2018-12-25__08_44_40__baseline,src/drivers/telemetry,0.0,inf
2019-03-06__08_02_26,normal,commander_nav_state_override__2018-12-25__08_44_40__baseline,src/drivers/vmount,0.0,inf
2019-03-06__08_02_26,normal,commander_nav_state_override__2018-12-25__08_44_40__baseline,src/examples/fixedwing_control,0.06854715735413307,9.0
2019-03-06__08_02_26,normal,commander_nav_state_override__2018-12-25__08_44_40__baseline,src/examples/hwtest,0.0,inf
2019-03-06__08_02_26,normal,commander_nav_state_override__2018-12-25__08_44_40__baseline,src/examples/px4_simple_app,3.0850672764901894,4.0
2019-03-06__08_02_26,normal,commander_nav_state_override__2018-12-25__08_44_40__baseline,src/examples/rover_steering_control,0.0,inf
2019-03-06__08_02_26,normal,commander_nav_state_override__2018-12-25__08_44_40__baseline,src/examples/uuv_example_app,0.0,inf
2019-03-06__08_02_26,normal,commander_nav_state_override__2018-12-25__08_44_40__baseline,src/modules/attitude_estimator_q,3.0850672764901894,4.0
2019-03-06__08_02_26,normal,commander_nav_state_override__2018-12-25__08_44_40__baseline,src/modules/camera_feedback,0.0,inf
2019-03-06__08_02_26,normal,commander_nav_state_override__2018-12-25__08_44_40__baseline,src/modules/commander,0.12876374083896017,7.0
2019-03-06__08_02_26,normal,commander_nav_state_override__2018-12-25__08_44_40__baseline,src/modules/ekf2,3.0850672764901894,4.0
2019-03-06__08_02_26,normal,commander_nav_state_override__2018-12-25__08_44_40__baseline,src/modules/events,0.0,inf
2019-03-06__08_02_26,normal,commander_nav_state_override__2018-12-25__08_44_40__baseline,src/modules/fw_att_control,0.0,inf
2019-03-06__08_02_26,normal,commander_nav_state_override__2018-12-25__08_44_40__baseline,src/modules/fw_pos_control_l1,0.0,inf
2019-03-06__08_02_26,normal,commander_nav_state_override__2018-12-25__08_44_40__baseline,src/modules/gnd_att_control,0.0,inf
2019-03-06__08_02_26,normal,commander_nav_state_override__2018-12-25__08_44_40__baseline,src/modules/gnd_pos_control,0.0,inf
2019-03-06__08_02_26,normal,commander_nav_state_override__2018-12-25__08_44_40__baseline,src/modules/gpio_led,0.0,inf
2019-03-06__08_02_26,normal,commander_nav_state_override__2018-12-25__08_44_40__baseline,src/modules/land_detector,0.0,inf
2019-03-06__08_02_26,normal,commander_nav_state_override__2018-12-25__08_44_40__baseline,src/modules/landing_target_estimator,0.0,inf
2019-03-06__08_02_26,normal,commander_nav_state_override__2018-12-25__08_44_40__baseline,src/modules/load_mon,0.0,inf
2019-03-06__08_02_26,normal,commander_nav_state_override__2018-12-25__08_44_40__baseline,src/modules/logger,0.0,inf
2019-03-06__08_02_26,normal,commander_nav_state_override__2018-12-25__08_44_40__baseline,src/modules/mavlink,3.1536144338443224,1.0
2019-03-06__08_02_26,normal,commander_nav_state_override__2018-12-25__08_44_40__baseline,src/modules/mc_att_control,0.0,inf
2019-03-06__08_02_26,normal,commander_nav_state_override__2018-12-25__08_44_40__baseline,src/modules/mc_pos_control,0.0,inf
2019-03-06__08_02_26,normal,commander_nav_state_override__2018-12-25__08_44_40__baseline,src/modules/navigator,0.0,inf
2019-03-06__08_02_26,normal,commander_nav_state_override__2018-12-25__08_44_40__baseline,src/modules/position_estimator_inav,0.0,inf
2019-03-06__08_02_26,normal,commander_nav_state_override__2018-12-25__08_44_40__baseline,src/modules/replay,0.0,inf
2019-03-06__08_02_26,normal,commander_nav_state_override__2018-12-25__08_44_40__baseline,src/modules/sdlog2,0.0,inf
2019-03-06__08_02_26,normal,commander_nav_state_override__2018-12-25__08_44_40__baseline,src/modules/sensors,0.3385426138722619,6.0
2019-03-06__08_02_26,normal,commander_nav_state_override__2018-12-25__08_44_40__baseline,src/modules/simulator,0.0,inf
2019-03-06__08_02_26,normal,commander_nav_state_override__2018-12-25__08_44_40__baseline,src/modules/syslink,0.0,inf
2019-03-06__08_02_26,normal,commander_nav_state_override__2018-12-25__08_44_40__baseline,src/modules/uavcan,0.0,inf
2019-03-06__08_02_26,normal,commander_nav_state_override__2018-12-25__08_44_40__baseline,src/modules/vtol_att_control,0.06854715735413307,9.0
2019-03-06__08_02_26,normal,commander_nav_state_override__2018-12-25__08_44_40__baseline,src/modules/wind_estimator,0.0,inf
2019-03-06__08_02_26,normal,commander_nav_state_override__2018-12-25__08_44_40__baseline,src/platforms/posix/drivers/df_bebop_bus_wrapper,0.0,inf
2019-03-06__08_02_26,normal,commander_nav_state_override__2018-12-25__08_44_40__baseline,src/platforms/posix/drivers/df_bebop_rangefinder_wrapper,0.0,inf
2019-03-06__08_02_26,normal,commander_nav_state_override__2018-12-25__08_44_40__baseline,src/platforms/posix/drivers/df_isl29501_wrapper,0.0,inf
2019-03-06__08_02_26,normal,commander_nav_state_override__2018-12-25__08_44_40__baseline,src/platforms/posix/drivers/df_ltc2946_wrapper,0.0,inf
2019-03-06__08_02_26,normal,commander_nav_state_override__2018-12-25__08_44_40__baseline,src/platforms/posix/drivers/df_trone_wrapper,0.0,inf
2019-03-06__08_02_26,normal,commander_nav_state_override__2018-12-25__08_44_40__baseline,src/platforms/qurt/fc_addon/uart_esc,0.0,inf
2019-03-06__08_02_26,normal,commander_nav_state_override__2018-12-25__08_44_40__baseline,src/platforms/qurt/tests/muorb,0.3385426138722619,6.0
2019-03-06__08_02_26,normal,commander_nav_state_override__2018-12-25__08_44_40__baseline,src/templates/module,0.0,inf
2019-03-06__08_02_26,normal,ekf2_innovation_bias__2018-12-19__07_49_17__baseline,src/drivers/batt_smbus,0.0,inf
2019-03-06__08_02_26,normal,ekf2_innovation_bias__2018-12-19__07_49_17__baseline,src/drivers/blinkm,0.0,inf
2019-03-06__08_02_26,normal,ekf2_innovation_bias__2018-12-19__07_49_17__baseline,src/drivers/camera_trigger,0.0,inf
2019-03-06__08_02_26,normal,ekf2_innovation_bias__2018-12-19__07_49_17__baseline,src/drivers/distance_sensor,0.0,inf
2019-03-06__08_02_26,normal,ekf2_innovation_bias__2018-12-19__07_49_17__baseline,src/drivers/linux_pwm_out,0.013037945361847573,20.0
2019-03-06__08_02_26,normal,ekf2_innovation_bias__2018-12-19__07_49_17__baseline,src/drivers/mkblctrl,0.013037945361847573,20.0
2019-03-06__08_02_26,normal,ekf2_innovation_bias__2018-12-19__07_49_17__baseline,src/drivers/pwm_out_sim,0.013037945361847573,20.0
2019-03-06__08_02_26,normal,ekf2_innovation_bias__2018-12-19__07_49_17__baseline,src/drivers/px4flow,0.0,inf
2019-03-06__08_02_26,normal,ekf2_innovation_bias__2018-12-19__07_49_17__baseline,src/drivers/px4fmu,0.013037945361847573,20.0
2019-03-06__08_02_26,normal,ekf2_innovation_bias__2018-12-19__07_49_17__baseline,src/drivers/px4io,0.013037945361847573,20.0
2019-03-06__08_02_26,normal,ekf2_innovation_bias__2018-12-19__07_49_17__baseline,src/drivers/snapdragon_pwm_out,0.013037945361847573,20.0
2019-03-06__08_02_26,normal,ekf2_innovation_bias__2018-12-19__07_49_17__baseline,src/drivers/tap_esc,0.013037945361847573,20.0
2019-03-06__08_02_26,normal,ekf2_innovation_bias__2018-12-19__07_49_17__baseline,src/drivers/telemetry,0.0,inf
2019-03-06__08_02_26,normal,ekf2_innovation_bias__2018-12-19__07_49_17__baseline,src/drivers/vmount,0.0,inf
2019-03-06__08_02_26,normal,ekf2_innovation_bias__2018-12-19__07_49_17__baseline,src/examples/fixedwing_control,0.0,inf
2019-03-06__08_02_26,normal,ekf2_innovation_bias__2018-12-19__07_49_17__baseline,src/examples/hwtest,0.0,inf
2019-03-06__08_02_26,normal,ekf2_innovation_bias__2018-12-19__07_49_17__baseline,src/examples/px4_simple_app,12.268693209417167,4.0
2019-03-06__08_02_26,normal,ekf2_innovation_bias__2018-12-19__07_49_17__baseline,src/examples/rover_steering_control,0.0,inf
2019-03-06__08_02_26,normal,ekf2_innovation_bias__2018-12-19__07_49_17__baseline,src/examples/uuv_example_app,0.0,inf
2019-03-06__08_02_26,normal,ekf2_innovation_bias__2018-12-19__07_49_17__baseline,src/modules/attitude_estimator_q,12.268693209417167,4.0
2019-03-06__08_02_26,normal,ekf2_innovation_bias__2018-12-19__07_49_17__baseline,src/modules/camera_feedback,0.0,inf
2019-03-06__08_02_26,normal,ekf2_innovation_bias__2018-12-19__07_49_17__baseline,src/modules/commander,0.0,inf
2019-03-06__08_02_26,normal,ekf2_innovation_bias__2018-12-19__07_49_17__baseline,src/modules/ekf2,422.78839306833754,1.0
2019-03-06__08_02_26,normal,ekf2_innovation_bias__2018-12-19__07_49_17__baseline,src/modules/events,0.0,inf
2019-03-06__08_02_26,normal,ekf2_innovation_bias__2018-12-19__07_49_17__baseline,src/modules/fw_att_control,0.0,inf
2019-03-06__08_02_26,normal,ekf2_innovation_bias__2018-12-19__07_49_17__baseline,src/modules/fw_pos_control_l1,0.0,inf
2019-03-06__08_02_26,normal,ekf2_innovation_bias__2018-12-19__07_49_17__baseline,src/modules/gnd_att_control,0.0,inf
2019-03-06__08_02_26,normal,ekf2_innovation_bias__2018-12-19__07_49_17__baseline,src/modules/gnd_pos_control,0.14324061414028735,9.0
2019-03-06__08_02_26,normal,ekf2_innovation_bias__2018-12-19__07_49_17__baseline,src/modules/gpio_led,0.0,inf
2019-03-06__08_02_26,normal,ekf2_innovation_bias__2018-12-19__07_49_17__baseline,src/modules/land_detector,0.0,inf
2019-03-06__08_02_26,normal,ekf2_innovation_bias__2018-12-19__07_49_17__baseline,src/modules/landing_target_estimator,0.0,inf
2019-03-06__08_02_26,normal,ekf2_innovation_bias__2018-12-19__07_49_17__baseline,src/modules/load_mon,0.0,inf
2019-03-06__08_02_26,normal,ekf2_innovation_bias__2018-12-19__07_49_17__baseline,src/modules/logger,0.0,inf
2019-03-06__08_02_26,normal,ekf2_innovation_bias__2018-12-19__07_49_17__baseline,src/modules/mavlink,22.14887307126387,2.0
2019-03-06__08_02_26,normal,ekf2_innovation_bias__2018-12-19__07_49_17__baseline,src/modules/mc_att_control,0.0,inf
2019-03-06__08_02_26,normal,ekf2_innovation_bias__2018-12-19__07_49_17__baseline,src/modules/mc_pos_control,0.0,inf
2019-03-06__08_02_26,normal,ekf2_innovation_bias__2018-12-19__07_49_17__baseline,src/modules/navigator,0.14324061414028735,9.0
2019-03-06__08_02_26,normal,ekf2_innovation_bias__2018-12-19__07_49_17__baseline,src/modules/position_estimator_inav,9.440475522291734,5.0
2019-03-06__08_02_26,normal,ekf2_innovation_bias__2018-12-19__07_49_17__baseline,src/modules/replay,0.0,inf
2019-03-06__08_02_26,normal,ekf2_innovation_bias__2018-12-19__07_49_17__baseline,src/modules/sdlog2,0.0,inf
2019-03-06__08_02_26,normal,ekf2_innovation_bias__2018-12-19__07_49_17__baseline,src/modules/sensors,0.34662095156121764,6.0
2019-03-06__08_02_26,normal,ekf2_innovation_bias__2018-12-19__07_49_17__baseline,src/modules/simulator,0.0,inf
2019-03-06__08_02_26,normal,ekf2_innovation_bias__2018-12-19__07_49_17__baseline,src/modules/syslink,0.0,inf
2019-03-06__08_02_26,normal,ekf2_innovation_bias__2018-12-19__07_49_17__baseline,src/modules/uavcan,0.013037945361847573,20.0
2019-03-06__08_02_26,normal,ekf2_innovation_bias__2018-12-19__07_49_17__baseline,src/modules/vtol_att_control,0.14324061414028735,9.0
2019-03-06__08_02_26,normal,ekf2_innovation_bias__2018-12-19__07_49_17__baseline,src/modules/wind_estimator,0.0,inf
2019-03-06__08_02_26,normal,ekf2_innovation_bias__2018-12-19__07_49_17__baseline,src/platforms/posix/drivers/df_bebop_bus_wrapper,0.013037945361847573,20.0
2019-03-06__08_02_26,normal,ekf2_innovation_bias__2018-12-19__07_49_17__baseline,src/platforms/posix/drivers/df_bebop_rangefinder_wrapper,0.0,inf
2019-03-06__08_02_26,normal,ekf2_innovation_bias__2018-12-19__07_49_17__baseline,src/platforms/posix/drivers/df_isl29501_wrapper,0.0,inf
2019-03-06__08_02_26,normal,ekf2_innovation_bias__2018-12-19__07_49_17__baseline,src/platforms/posix/drivers/df_ltc2946_wrapper,0.0,inf
2019-03-06__08_02_26,normal,ekf2_innovation_bias__2018-12-19__07_49_17__baseline,src/platforms/posix/drivers/df_trone_wrapper,0.0,inf
2019-03-06__08_02_26,normal,ekf2_innovation_bias__2018-12-19__07_49_17__baseline,src/platforms/qurt/fc_addon/uart_esc,0.013037945361847573,20.0
2019-03-06__08_02_26,normal,ekf2_innovation_bias__2018-12-19__07_49_17__baseline,src/platforms/qurt/tests/muorb,0.05015722614653567,10.0
2019-03-06__08_02_26,normal,ekf2_innovation_bias__2018-12-19__07_49_17__baseline,src/templates/module,0.0,inf
2019-03-06__08_02_26,normal,ekf2_innovation_bias__2018-12-20__07_47_50__baseline,src/drivers/batt_smbus,0.0,inf
2019-03-06__08_02_26,normal,ekf2_innovation_bias__2018-12-20__07_47_50__baseline,src/drivers/blinkm,0.0,inf
2019-03-06__08_02_26,normal,ekf2_innovation_bias__2018-12-20__07_47_50__baseline,src/drivers/camera_trigger,0.0,inf
2019-03-06__08_02_26,normal,ekf2_innovation_bias__2018-12-20__07_47_50__baseline,src/drivers/distance_sensor,0.0,inf
2019-03-06__08_02_26,normal,ekf2_innovation_bias__2018-12-20__07_47_50__baseline,src/drivers/linux_pwm_out,0.0,inf
2019-03-06__08_02_26,normal,ekf2_innovation_bias__2018-12-20__07_47_50__baseline,src/drivers/mkblctrl,0.0,inf
2019-03-06__08_02_26,normal,ekf2_innovation_bias__2018-12-20__07_47_50__baseline,src/drivers/pwm_out_sim,0.0,inf
2019-03-06__08_02_26,normal,ekf2_innovation_bias__2018-12-20__07_47_50__baseline,src/drivers/px4flow,0.0,inf
2019-03-06__08_02_26,normal,ekf2_innovation_bias__2018-12-20__07_47_50__baseline,src/drivers/px4fmu,0.0,inf
2019-03-06__08_02_26,normal,ekf2_innovation_bias__2018-12-20__07_47_50__baseline,src/drivers/px4io,0.0,inf
2019-03-06__08_02_26,normal,ekf2_innovation_bias__2018-12-20__07_47_50__baseline,src/drivers/snapdragon_pwm_out,0.0,inf
2019-03-06__08_02_26,normal,ekf2_innovation_bias__2018-12-20__07_47_50__baseline,src/drivers/tap_esc,0.0,inf
2019-03-06__08_02_26,normal,ekf2_innovation_bias__2018-12-20__07_47_50__baseline,src/drivers/telemetry,0.0,inf
2019-03-06__08_02_26,normal,ekf2_innovation_bias__2018-12-20__07_47_50__baseline,src/drivers/vmount,0.0,inf
2019-03-06__08_02_26,normal,ekf2_innovation_bias__2018-12-20__07_47_50__baseline,src/examples/fixedwing_control,0.0,inf
2019-03-06__08_02_26,normal,ekf2_innovation_bias__2018-12-20__07_47_50__baseline,src/examples/hwtest,0.0,inf
2019-03-06__08_02_26,normal,ekf2_innovation_bias__2018-12-20__07_47_50__baseline,src/examples/px4_simple_app,12.050661420141408,5.0
2019-03-06__08_02_26,normal,ekf2_innovation_bias__2018-12-20__07_47_50__baseline,src/examples/rover_steering_control,0.0,inf
2019-03-06__08_02_26,normal,ekf2_innovation_bias__2018-12-20__07_47_50__baseline,src/examples/uuv_example_app,0.0,inf
2019-03-06__08_02_26,normal,ekf2_innovation_bias__2018-12-20__07_47_50__baseline,src/modules/attitude_estimator_q,12.050661420141408,5.0
2019-03-06__08_02_26,normal,ekf2_innovation_bias__2018-12-20__07_47_50__baseline,src/modules/camera_feedback,0.0,inf
2019-03-06__08_02_26,normal,ekf2_innovation_bias__2018-12-20__07_47_50__baseline,src/modules/commander,0.0,inf
2019-03-06__08_02_26,normal,ekf2_innovation_bias__2018-12-20__07_47_50__baseline,src/modules/ekf2,371.2783149160352,1.0
2019-03-06__08_02_26,normal,ekf2_innovation_bias__2018-12-20__07_47_50__baseline,src/modules/events,0.0,inf
2019-03-06__08_02_26,normal,ekf2_innovation_bias__2018-12-20__07_47_50__baseline,src/modules/fw_att_control,0.0,inf
2019-03-06__08_02_26,normal,ekf2_innovation_bias__2018-12-20__07_47_50__baseline,src/modules/fw_pos_control_l1,0.0,inf
2019-03-06__08_02_26,normal,ekf2_innovation_bias__2018-12-20__07_47_50__baseline,src/modules/gnd_att_control,0.0,inf
2019-03-06__08_02_26,normal,ekf2_innovation_bias__2018-12-20__07_47_50__baseline,src/modules/gnd_pos_control,0.0,inf
2019-03-06__08_02_26,normal,ekf2_innovation_bias__2018-12-20__07_47_50__baseline,src/modules/gpio_led,0.0,inf
2019-03-06__08_02_26,normal,ekf2_innovation_bias__2018-12-20__07_47_50__baseline,src/modules/land_detector,0.0,inf
2019-03-06__08_02_26,normal,ekf2_innovation_bias__2018-12-20__07_47_50__baseline,src/modules/landing_target_estimator,0.0,inf
2019-03-06__08_02_26,normal,ekf2_innovation_bias__2018-12-20__07_47_50__baseline,src/modules/load_mon,0.0,inf
2019-03-06__08_02_26,normal,ekf2_innovation_bias__2018-12-20__07_47_50__baseline,src/modules/logger,0.0,inf
2019-03-06__08_02_26,normal,ekf2_innovation_bias__2018-12-20__07_47_50__baseline,src/modules/mavlink,33.160991382336235,2.0
2019-03-06__08_02_26,normal,ekf2_innovation_bias__2018-12-20__07_47_50__baseline,src/modules/mc_att_control,0.0,inf
2019-03-06__08_02_26,normal,ekf2_innovation_bias__2018-12-20__07_47_50__baseline,src/modules/mc_pos_control,0.0,inf
2019-03-06__08_02_26,normal,ekf2_innovation_bias__2018-12-20__07_47_50__baseline,src/modules/navigator,0.0,inf
2019-03-06__08_02_26,normal,ekf2_innovation_bias__2018-12-20__07_47_50__baseline,src/modules/position_estimator_inav,21.110329962194825,3.0
2019-03-06__08_02_26,normal,ekf2_innovation_bias__2018-12-20__07_47_50__baseline,src/modules/replay,0.0,inf
2019-03-06__08_02_26,normal,ekf2_innovation_bias__2018-12-20__07_47_50__baseline,src/modules/sdlog2,0.0,inf
2019-03-06__08_02_26,normal,ekf2_innovation_bias__2018-12-20__07_47_50__baseline,src/modules/sensors,0.10743734004686205,7.0
2019-03-06__08_02_26,normal,ekf2_innovation_bias__2018-12-20__07_47_50__baseline,src/modules/simulator,0.0,inf
2019-03-06__08_02_26,normal,ekf2_innovation_bias__2018-12-20__07_47_50__baseline,src/modules/syslink,0.0,inf
2019-03-06__08_02_26,normal,ekf2_innovation_bias__2018-12-20__07_47_50__baseline,src/modules/uavcan,0.0,inf
2019-03-06__08_02_26,normal,ekf2_innovation_bias__2018-12-20__07_47_50__baseline,src/modules/vtol_att_control,0.0,inf
2019-03-06__08_02_26,normal,ekf2_innovation_bias__2018-12-20__07_47_50__baseline,src/modules/wind_estimator,0.0,inf
2019-03-06__08_02_26,normal,ekf2_innovation_bias__2018-12-20__07_47_50__baseline,src/platforms/posix/drivers/df_bebop_bus_wrapper,0.0,inf
2019-03-06__08_02_26,normal,ekf2_innovation_bias__2018-12-20__07_47_50__baseline,src/platforms/posix/drivers/df_bebop_rangefinder_wrapper,0.0,inf
2019-03-06__08_02_26,normal,ekf2_innovation_bias__2018-12-20__07_47_50__baseline,src/platforms/posix/drivers/df_isl29501_wrapper,0.0,inf
2019-03-06__08_02_26,normal,ekf2_innovation_bias__2018-12-20__07_47_50__baseline,src/platforms/posix/drivers/df_ltc2946_wrapper,0.0,inf
2019-03-06__08_02_26,normal,ekf2_innovation_bias__2018-12-20__07_47_50__baseline,src/platforms/posix/drivers/df_trone_wrapper,0.0,inf
2019-03-06__08_02_26,normal,ekf2_innovation_bias__2018-12-20__07_47_50__baseline,src/platforms/qurt/fc_addon/uart_esc,0.0,inf
2019-03-06__08_02_26,normal,ekf2_innovation_bias__2018-12-20__07_47_50__baseline,src/platforms/qurt/tests/muorb,0.10743734004686205,7.0
2019-03-06__08_02_26,normal,ekf2_innovation_bias__2018-12-20__07_47_50__baseline,src/templates/module,0.0,inf
2019-03-06__08_02_26,normal,ekf2_innovation_bias__2018-12-25__08_44_40__baseline,src/drivers/batt_smbus,0.0,inf
2019-03-06__08_02_26,normal,ekf2_innovation_bias__2018-12-25__08_44_40__baseline,src/drivers/blinkm,0.0,inf
2019-03-06__08_02_26,normal,ekf2_innovation_bias__2018-12-25__08_44_40__baseline,src/drivers/camera_trigger,0.0,inf
2019-03-06__08_02_26,normal,ekf2_innovation_bias__2018-12-25__08_44_40__baseline,src/drivers/distance_sensor,0.0,inf
2019-03-06__08_02_26,normal,ekf2_innovation_bias__2018-12-25__08_44_40__baseline,src/drivers/linux_pwm_out,0.0,inf
2019-03-06__08_02_26,normal,ekf2_innovation_bias__2018-12-25__08_44_40__baseline,src/drivers/mkblctrl,0.0,inf
2019-03-06__08_02_26,normal,ekf2_innovation_bias__2018-12-25__08_44_40__baseline,src/drivers/pwm_out_sim,0.0,inf
2019-03-06__08_02_26,normal,ekf2_innovation_bias__2018-12-25__08_44_40__baseline,src/drivers/px4flow,0.0,inf
2019-03-06__08_02_26,normal,ekf2_innovation_bias__2018-12-25__08_44_40__baseline,src/drivers/px4fmu,0.0,inf
2019-03-06__08_02_26,normal,ekf2_innovation_bias__2018-12-25__08_44_40__baseline,src/drivers/px4io,0.0,inf
2019-03-06__08_02_26,normal,ekf2_innovation_bias__2018-12-25__08_44_40__baseline,src/drivers/snapdragon_pwm_out,0.0,inf
2019-03-06__08_02_26,normal,ekf2_innovation_bias__2018-12-25__08_44_40__baseline,src/drivers/tap_esc,0.0,inf
2019-03-06__08_02_26,normal,ekf2_innovation_bias__2018-12-25__08_44_40__baseline,src/drivers/telemetry,0.0,inf
2019-03-06__08_02_26,normal,ekf2_innovation_bias__2018-12-25__08_44_40__baseline,src/drivers/vmount,0.0,inf
2019-03-06__08_02_26,normal,ekf2_innovation_bias__2018-12-25__08_44_40__baseline,src/examples/fixedwing_control,0.0003782899007884734,9.0
2019-03-06__08_02_26,normal,ekf2_innovation_bias__2018-12-25__08_44_40__baseline,src/examples/hwtest,0.0,inf
2019-03-06__08_02_26,normal,ekf2_innovation_bias__2018-12-25__08_44_40__baseline,src/examples/px4_simple_app,1.5762624071367752,5.0
2019-03-06__08_02_26,normal,ekf2_innovation_bias__2018-12-25__08_44_40__baseline,src/examples/rover_steering_control,0.0,inf
2019-03-06__08_02_26,normal,ekf2_innovation_bias__2018-12-25__08_44_40__baseline,src/examples/uuv_example_app,0.0,inf
2019-03-06__08_02_26,normal,ekf2_innovation_bias__2018-12-25__08_44_40__baseline,src/modules/attitude_estimator_q,1.5762624071367752,5.0
2019-03-06__08_02_26,normal,ekf2_innovation_bias__2018-12-25__08_44_40__baseline,src/modules/camera_feedback,0.0,inf
2019-03-06__08_02_26,normal,ekf2_innovation_bias__2018-12-25__08_44_40__baseline,src/modules/commander,0.0,inf
2019-03-06__08_02_26,normal,ekf2_innovation_bias__2018-12-25__08_44_40__baseline,src/modules/ekf2,1.5762624071367752,5.0
2019-03-06__08_02_26,normal,ekf2_innovation_bias__2018-12-25__08_44_40__baseline,src/modules/events,0.0,inf
2019-03-06__08_02_26,normal,ekf2_innovation_bias__2018-12-25__08_44_40__baseline,src/modules/fw_att_control,0.0,inf
2019-03-06__08_02_26,normal,ekf2_innovation_bias__2018-12-25__08_44_40__baseline,src/modules/fw_pos_control_l1,0.0,inf
2019-03-06__08_02_26,normal,ekf2_innovation_bias__2018-12-25__08_44_40__baseline,src/modules/gnd_att_control,0.0,inf
2019-03-06__08_02_26,normal,ekf2_innovation_bias__2018-12-25__08_44_40__baseline,src/modules/gnd_pos_control,0.0,inf
2019-03-06__08_02_26,normal,ekf2_innovation_bias__2018-12-25__08_44_40__baseline,src/modules/gpio_led,0.0,inf
2019-03-06__08_02_26,normal,ekf2_innovation_bias__2018-12-25__08_44_40__baseline,src/modules/land_detector,0.0,inf
2019-03-06__08_02_26,normal,ekf2_innovation_bias__2018-12-25__08_44_40__baseline,src/modules/landing_target_estimator,0.0,inf
2019-03-06__08_02_26,normal,ekf2_innovation_bias__2018-12-25__08_44_40__baseline,src/modules/load_mon,0.0,inf
2019-03-06__08_02_26,normal,ekf2_innovation_bias__2018-12-25__08_44_40__baseline,src/modules/logger,0.0,inf
2019-03-06__08_02_26,normal,ekf2_innovation_bias__2018-12-25__08_44_40__baseline,src/modules/mavlink,10.619600442857116,1.0
2019-03-06__08_02_26,normal,ekf2_innovation_bias__2018-12-25__08_44_40__baseline,src/modules/mc_att_control,0.0,inf
2019-03-06__08_02_26,normal,ekf2_innovation_bias__2018-12-25__08_44_40__baseline,src/modules/mc_pos_control,0.0,inf
2019-03-06__08_02_26,normal,ekf2_innovation_bias__2018-12-25__08_44_40__baseline,src/modules/navigator,0.0,inf
2019-03-06__08_02_26,normal,ekf2_innovation_bias__2018-12-25__08_44_40__baseline,src/modules/position_estimator_inav,9.042959745819552,2.0
2019-03-06__08_02_26,normal,ekf2_innovation_bias__2018-12-25__08_44_40__baseline,src/modules/replay,0.0,inf
2019-03-06__08_02_26,normal,ekf2_innovation_bias__2018-12-25__08_44_40__baseline,src/modules/sdlog2,0.0,inf
2019-03-06__08_02_26,normal,ekf2_innovation_bias__2018-12-25__08_44_40__baseline,src/modules/sensors,0.16867829982293855,7.0
2019-03-06__08_02_26,normal,ekf2_innovation_bias__2018-12-25__08_44_40__baseline,src/modules/simulator,0.0,inf
2019-03-06__08_02_26,normal,ekf2_innovation_bias__2018-12-25__08_44_40__baseline,src/modules/syslink,0.0,inf
2019-03-06__08_02_26,normal,ekf2_innovation_bias__2018-12-25__08_44_40__baseline,src/modules/uavcan,0.0,inf
2019-03-06__08_02_26,normal,ekf2_innovation_bias__2018-12-25__08_44_40__baseline,src/modules/vtol_att_control,0.0003782899007884734,9.0
2019-03-06__08_02_26,normal,ekf2_innovation_bias__2018-12-25__08_44_40__baseline,src/modules/wind_estimator,0.0,inf
2019-03-06__08_02_26,normal,ekf2_innovation_bias__2018-12-25__08_44_40__baseline,src/platforms/posix/drivers/df_bebop_bus_wrapper,0.0,inf
2019-03-06__08_02_26,normal,ekf2_innovation_bias__2018-12-25__08_44_40__baseline,src/platforms/posix/drivers/df_bebop_rangefinder_wrapper,0.0,inf
2019-03-06__08_02_26,normal,ekf2_innovation_bias__2018-12-25__08_44_40__baseline,src/platforms/posix/drivers/df_isl29501_wrapper,0.0,inf
2019-03-06__08_02_26,normal,ekf2_innovation_bias__2018-12-25__08_44_40__baseline,src/platforms/posix/drivers/df_ltc2946_wrapper,0.0,inf
2019-03-06__08_02_26,normal,ekf2_innovation_bias__2018-12-25__08_44_40__baseline,src/platforms/posix/drivers/df_trone_wrapper,0.0,inf
2019-03-06__08_02_26,normal,ekf2_innovation_bias__2018-12-25__08_44_40__baseline,src/platforms/qurt/fc_addon/uart_esc,0.0,inf
2019-03-06__08_02_26,normal,ekf2_innovation_bias__2018-12-25__08_44_40__baseline,src/platforms/qurt/tests/muorb,0.16867829982293855,7.0
2019-03-06__08_02_26,normal,ekf2_innovation_bias__2018-12-25__08_44_40__baseline,src/templates/module,0.0,inf
2019-03-06__08_02_26,normal,inav_local_z_freeze__2018-12-19__07_49_17__baseline,src/drivers/batt_smbus,0.0,inf
2019-03-06__08_02_26,normal,inav_local_z_freeze__2018-12-19__07_49_17__baseline,src/drivers/blinkm,0.0,inf
2019-03-06__08_02_26,normal,inav_local_z_freeze__2018-12-19__07_49_17__baseline,src/drivers/camera_trigger,0.0,inf
2019-03-06__08_02_26,normal,inav_local_z_freeze__2018-12-19__07_49_17__baseline,src/drivers/distance_sensor,0.0,inf
2019-03-06__08_02_26,normal,inav_local_z_freeze__2018-12-19__07_49_17__baseline,src/drivers/linux_pwm_out,0.0,inf
2019-03-06__08_02_26,normal,inav_local_z_freeze__2018-12-19__07_49_17__baseline,src/drivers/mkblctrl,0.0,inf
2019-03-06__08_02_26,normal,inav_local_z_freeze__2018-12-19__07_49_17__baseline,src/drivers/pwm_out_sim,0.0,inf
2019-03-06__08_02_26,normal,inav_local_z_freeze__2018-12-19__07_49_17__baseline,src/drivers/px4flow,0.0,inf
2019-03-06__08_02_26,normal,inav_local_z_freeze__2018-12-19__07_49_17__baseline,src/drivers/px4fmu,0.0,inf
2019-03-06__08_02_26,normal,inav_local_z_freeze__2018-12-19__07_49_17__baseline,src/drivers/px4io,0.0,inf
2019-03-06__08_02_26,normal,inav_local_z_freeze__2018-12-19__07_49_17__baseline,src/drivers/snapdragon_pwm_out,0.0,inf
2019-03-06__08_02_26,normal,inav_local_z_freeze__2018-12-19__07_49_17__baseline,src/drivers/tap_esc,0.0,inf
2019-03-06__08_02_26,normal,inav_local_z_freeze__2018-12-19__07_49_17__baseline,src/drivers/telemetry,0.0,inf
2019-03-06__08_02_26,normal,inav_local_z_freeze__2018-12-19__07_49_17__baseline,src/drivers/vmount,0.0,inf
2019-03-06__08_02_26,normal,inav_local_z_freeze__2018-12-19__07_49_17__baseline,src/examples/fixedwing_control,0.0,inf
2019-03-06__08_02_26,normal,inav_local_z_freeze__2018-12-19__07_49_17__baseline,src/examples/hwtest,0.0,inf
2019-03-06__08_02_26,normal,inav_local_z_freeze__2018-12-19__07_49_17__baseline,src/examples/px4_simple_app,7.9486432124542095,4.0
2019-03-06__08_02_26,normal,inav_local_z_freeze__2018-12-19__07_49_17__baseline,src/examples/rover_steering_control,0.0,inf
2019-03-06__08_02_26,normal,inav_local_z_freeze__2018-12-19__07_49_17__baseline,src/examples/uuv_example_app,0.0,inf
2019-03-06__08_02_26,normal,inav_local_z_freeze__2018-12-19__07_49_17__baseline,src/modules/attitude_estimator_q,7.9486432124542095,4.0
2019-03-06__08_02_26,normal,inav_local_z_freeze__2018-12-19__07_49_17__baseline,src/modules/camera_feedback,0.0,inf
2019-03-06__08_02_26,normal,inav_local_z_freeze__2018-12-19__07_49_17__baseline,src/modules/commander,0.0,inf
2019-03-06__08_02_26,normal,inav_local_z_freeze__2018-12-19__07_49_17__baseline,src/modules/ekf2,7.9486432124542095,4.0
2019-03-06__08_02_26,normal,inav_local_z_freeze__2018-12-19__07_49_17__baseline,src/modules/events,0.0,inf
2019-03-06__08_02_26,normal,inav_local_z_freeze__2018-12-19__07_49_17__baseline,src/modules/fw_att_control,0.0,inf
2019-03-06__08_02_26,normal,inav_local_z_freeze__2018-12-19__07_49_17__baseline,src/modules/fw_pos_control_l1,0.0,inf
2019-03-06__08_02_26,normal,inav_local_z_freeze__2018-12-19__07_49_17__baseline,src/modules/gnd_att_control,0.0,inf
2019-03-06__08_02_26,normal,inav_local_z_freeze__2018-12-19__07_49_17__baseline,src/modules/gnd_pos_control,0.0,inf
2019-03-06__08_02_26,normal,inav_local_z_freeze__2018-12-19__07_49_17__baseline,src/modules/gpio_led,0.0,inf
2019-03-06__08_02_26,normal,inav_local_z_freeze__2018-12-19__07_49_17__baseline,src/modules/land_detector,0.0,inf
2019-03-06__08_02_26,normal,inav_local_z_freeze__2018-12-19__07_49_17__baseline,src/modules/landing_target_estimator,0.0,inf
2019-03-06__08_02_26,normal,inav_local_z_freeze__2018-12-19__07_49_17__baseline,src/modules/load_mon,0.0,inf
2019-03-06__08_02_26,normal,inav_local_z_freeze__2018-12-19__07_49_17__baseline,src/modules/logger,0.0,inf
2019-03-06__08_02_26,normal,inav_local_z_freeze__2018-12-19__07_49_17__baseline,src/modules/mavlink,8.752189101186671,1.0
2019-03-06__08_02_26,normal,inav_local_z_freeze__2018-12-19__07_49_17__baseline,src/modules/mc_att_control,0.0,inf
2019-03-06__08_02_26,normal,inav_local_z_freeze__2018-12-19__07_49_17__baseline,src/modules/mc_pos_control,0.0,inf
2019-03-06__08_02_26,normal,inav_local_z_freeze__2018-12-19__07_49_17__baseline,src/modules/navigator,0.0,inf
2019-03-06__08_02_26,normal,inav_local_z_freeze__2018-12-19__07_49_17__baseline,src/modules/position_estimator_inav,0.0,inf
2019-03-06__08_02_26,normal,inav_local_z_freeze__2018-12-19__07_49_17__baseline,src/modules/replay,0.0,inf
2019-03-06__08_02_26,normal,inav_local_z_freeze__2018-12-19__07_49_17__baseline,src/modules/sdlog2,0.0,inf
2019-03-06__08_02_26,normal,inav_local_z_freeze__2018-12-19__07_49_17__baseline,src/modules/sensors,1.567988816429587,5.0
2019-03-06__08_02_26,normal,inav_local_z_freeze__2018-12-19__07_49_17__baseline,src/modules/simulator,0.0,inf
2019-03-06__08_02_26,normal,inav_local_z_freeze__2018-12-19__07_49_17__baseline,src/modules/syslink,0.0,inf
2019-03-06__08_02_26,normal,inav_local_z_freeze__2018-12-19__07_49_17__baseline,src/modules/uavcan,0.0,inf
2019-03-06__08_02_26,normal,inav_local_z_freeze__2018-12-19__07_49_17__baseline,src/modules/vtol_att_control,0.0,inf
2019-03-06__08_02_26,normal,inav_local_z_freeze__2018-12-19__07_49_17__baseline,src/modules/wind_estimator,0.0,inf
2019-03-06__08_02_26,normal,inav_local_z_freeze__2018-12-19__07_49_17__baseline,src/platforms/posix/drivers/df_bebop_bus_wrapper,0.0,inf
2019-03-06__08_02_26,normal,inav_local_z_freeze__2018-12-19__07_49_17__baseline,src/platforms/posix/drivers/df_bebop_rangefinder_wrapper,0.0,inf
2019-03-06__08_02_26,normal,inav_local_z_freeze__2018-12-19__07_49_17__baseline,src/platforms/posix/drivers/df_isl29501_wrapper,0.0,inf
2019-03-06__08_02_26,normal,inav_local_z_freeze__2018-12-19__07_49_17__baseline,src/platforms/posix/drivers/df_ltc2946_wrapper,0.0,inf
2019-03-06__08_02_26,normal,inav_local_z_freeze__2018-12-19__07_49_17__baseline,src/platforms/posix/drivers/df_trone_wrapper,0.0,inf
2019-03-06__08_02_26,normal,inav_local_z_freeze__2018-12-19__07_49_17__baseline,src/platforms/qurt/fc_addon/uart_esc,0.0,inf
2019-03-06__08_02_26,normal,inav_local_z_freeze__2018-12-19__07_49_17__baseline,src/platforms/qurt/tests/muorb,0.7644429276971256,6.0
2019-03-06__08_02_26,normal,inav_local_z_freeze__2018-12-19__07_49_17__baseline,src/templates/module,0.0,inf
2019-03-06__08_02_26,normal,inav_local_z_freeze__2018-12-20__07_47_50__baseline,src/drivers/batt_smbus,0.0,inf
2019-03-06__08_02_26,normal,inav_local_z_freeze__2018-12-20__07_47_50__baseline,src/drivers/blinkm,0.0,inf
2019-03-06__08_02_26,normal,inav_local_z_freeze__2018-12-20__07_47_50__baseline,src/drivers/camera_trigger,0.0,inf
2019-03-06__08_02_26,normal,inav_local_z_freeze__2018-12-20__07_47_50__baseline,src/drivers/distance_sensor,0.0,inf
2019-03-06__08_02_26,normal,inav_local_z_freeze__2018-12-20__07_47_50__baseline,src/drivers/linux_pwm_out,0.0,inf
2019-03-06__08_02_26,normal,inav_local_z_freeze__2018-12-20__07_47_50__baseline,src/drivers/mkblctrl,0.0,inf
2019-03-06__08_02_26,normal,inav_local_z_freeze__2018-12-20__07_47_50__baseline,src/drivers/pwm_out_sim,0.0,inf
2019-03-06__08_02_26,normal,inav_local_z_freeze__2018-12-20__07_47_50__baseline,src/drivers/px4flow,0.0,inf
2019-03-06__08_02_26,normal,inav_local_z_freeze__2018-12-20__07_47_50__baseline,src/drivers/px4fmu,0.0,inf
2019-03-06__08_02_26,normal,inav_local_z_freeze__2018-12-20__07_47_50__baseline,src/drivers/px4io,0.0,inf
2019-03-06__08_02_26,normal,inav_local_z_freeze__2018-12-20__07_47_50__baseline,src/drivers/snapdragon_pwm_out,0.0,inf
2019-03-06__08_02_26,normal,inav_local_z_freeze__2018-12-20__07_47_50__baseline,src/drivers/tap_esc,0.0,inf
2019-03-06__08_02_26,normal,inav_local_z_freeze__2018-12-20__07_47_50__baseline,src/drivers/telemetry,0.0,inf
2019-03-06__08_02_26,normal,inav_local_z_freeze__2018-12-20__07_47_50__baseline,src/drivers/vmount,0.0,inf
2019-03-06__08_02_26,normal,inav_local_z_freeze__2018-12-20__07_47_50__baseline,src/examples/fixedwing_control,0.0,inf
2019-03-06__08_02_26,normal,inav_local_z_freeze__2018-12-20__07_47_50__baseline,src/examples/hwtest,0.0,inf
2019-03-06__08_02_26,normal,inav_local_z_freeze__2018-12-20__07_47_50__baseline,src/examples/px4_simple_app,4.579576107193896,4.0
2019-03-06__08_02_26,normal,inav_local_z_freeze__2018-12-20__07_47_50__baseline,src/examples/rover_steering_control,0.0,inf
2019-03-06__08_02_26,normal,inav_local_z_freeze__2018-12-20__07_47_50__baseline,src/examples/uuv_example_app,0.0,inf
2019-03-06__08_02_26,normal,inav_local_z_freeze__2018-12-20__07_47_50__baseline,src/modules/attitude_estimator_q,4.579576107193896,4.0
2019-03-06__08_02_26,normal,inav_local_z_freeze__2018-12-20__07_47_50__baseline,src/modules/camera_feedback,0.0,inf
2019-03-06__08_02_26,normal,inav_local_z_freeze__2018-12-20__07_47_50__baseline,src/modules/commander,0.0,inf
2019-03-06__08_02_26,normal,inav_local_z_freeze__2018-12-20__07_47_50__baseline,src/modules/ekf2,4.579576107193896,4.0
2019-03-06__08_02_26,normal,inav_local_z_freeze__2018-12-20__07_47_50__baseline,src/modules/events,0.0,inf
2019-03-06__08_02_26,normal,inav_local_z_freeze__2018-12-20__07_47_50__baseline,src/modules/fw_att_control,0.0,inf
2019-03-06__08_02_26,normal,inav_local_z_freeze__2018-12-20__07_47_50__baseline,src/modules/fw_pos_control_l1,0.0,inf
2019-03-06__08_02_26,normal,inav_local_z_freeze__2018-12-20__07_47_50__baseline,src/modules/gnd_att_control,0.0,inf
2019-03-06__08_02_26,normal,inav_local_z_freeze__2018-12-20__07_47_50__baseline,src/modules/gnd_pos_control,0.0,inf
2019-03-06__08_02_26,normal,inav_local_z_freeze__2018-12-20__07_47_50__baseline,src/modules/gpio_led,0.0,inf
2019-03-06__08_02_26,normal,inav_local_z_freeze__2018-12-20__07_47_50__baseline,src/modules/land_detector,0.0,inf
2019-03-06__08_02_26,normal,inav_local_z_freeze__2018-12-20__07_47_50__baseline,src/modules/landing_target_estimator,0.0,inf
2019-03-06__08_02_26,normal,inav_local_z_freeze__2018-12-20__07_47_50__baseline,src/modules/load_mon,0.0,inf
2019-03-06__08_02_26,normal,inav_local_z_freeze__2018-12-20__07_47_50__baseline,src/modules/logger,0.0,inf
2019-03-06__08_02_26,normal,inav_local_z_freeze__2018-12-20__07_47_50__baseline,src/modules/mavlink,4.579576107193896,4.0
2019-03-06__08_02_26,normal,inav_local_z_freeze__2018-12-20__07_47_50__baseline,src/modules/mc_att_control,0.0,inf
2019-03-06__08_02_26,normal,inav_local_z_freeze__2018-12-20__07_47_50__baseline,src/modules/mc_pos_control,0.0,inf
2019-03-06__08_02_26,normal,inav_local_z_freeze__2018-12-20__07_47_50__baseline,src/modules/navigator,0.0,inf
2019-03-06__08_02_26,normal,inav_local_z_freeze__2018-12-20__07_47_50__baseline,src/modules/position_estimator_inav,0.0,inf
2019-03-06__08_02_26,normal,inav_local_z_freeze__2018-12-20__07_47_50__baseline,src/modules/replay,0.0,inf
2019-03-06__08_02_26,normal,inav_local_z_freeze__2018-12-20__07_47_50__baseline,src/modules/sdlog2,0.0,inf
2019-03-06__08_02_26,normal,inav_local_z_freeze__2018-12-20__07_47_50__baseline,src/modules/sensors,0.0,inf
2019-03-06__08_02_26,normal,inav_local_z_freeze__2018-12-20__07_47_50__baseline,src/modules/simulator,0.0,inf
2019-03-06__08_02_26,normal,inav_local_z_freeze__2018-12-20__07_47_50__baseline,src/modules/syslink,0.0,inf
2019-03-06__08_02_26,normal,inav_local_z_freeze__2018-12-20__07_47_50__baseline,src/modules/uavcan,0.0,inf
2019-03-06__08_02_26,normal,inav_local_z_freeze__2018-12-20__07_47_50__baseline,src/modules/vtol_att_control,0.0,inf
2019-03-06__08_02_26,normal,inav_local_z_freeze__2018-12-20__07_47_50__baseline,src/modules/wind_estimator,0.0,inf
2019-03-06__08_02_26,normal,inav_local_z_freeze__2018-12-20__07_47_50__baseline,src/platforms/posix/drivers/df_bebop_bus_wrapper,0.0,inf
2019-03-06__08_02_26,normal,inav_local_z_freeze__2018-12-20__07_47_50__baseline,src/platforms/posix/drivers/df_bebop_rangefinder_wrapper,0.0,inf
2019-03-06__08_02_26,normal,inav_local_z_freeze__2018-12-20__07_47_50__baseline,src/platforms/posix/drivers/df_isl29501_wrapper,0.0,inf
2019-03-06__08_02_26,normal,inav_local_z_freeze__2018-12-20__07_47_50__baseline,src/platforms/posix/drivers/df_ltc2946_wrapper,0.0,inf
2019-03-06__08_02_26,normal,inav_local_z_freeze__2018-12-20__07_47_50__baseline,src/platforms/posix/drivers/df_trone_wrapper,0.0,inf
2019-03-06__08_02_26,normal,inav_local_z_freeze__2018-12-20__07_47_50__baseline,src/platforms/qurt/fc_addon/uart_esc,0.0,inf
2019-03-06__08_02_26,normal,inav_local_z_freeze__2018-12-20__07_47_50__baseline,src/platforms/qurt/tests/muorb,0.0,inf
2019-03-06__08_02_26,normal,inav_local_z_freeze__2018-12-20__07_47_50__baseline,src/templates/module,0.0,inf
2019-03-06__08_02_26,normal,inav_local_z_freeze__2018-12-25__08_44_40__baseline,src/drivers/batt_smbus,0.0,inf
2019-03-06__08_02_26,normal,inav_local_z_freeze__2018-12-25__08_44_40__baseline,src/drivers/blinkm,0.0,inf
2019-03-06__08_02_26,normal,inav_local_z_freeze__2018-12-25__08_44_40__baseline,src/drivers/camera_trigger,0.0,inf
2019-03-06__08_02_26,normal,inav_local_z_freeze__2018-12-25__08_44_40__baseline,src/drivers/distance_sensor,0.0,inf
2019-03-06__08_02_26,normal,inav_local_z_freeze__2018-12-25__08_44_40__baseline,src/drivers/linux_pwm_out,0.0,inf
2019-03-06__08_02_26,normal,inav_local_z_freeze__2018-12-25__08_44_40__baseline,src/drivers/mkblctrl,0.0,inf
2019-03-06__08_02_26,normal,inav_local_z_freeze__2018-12-25__08_44_40__baseline,src/drivers/pwm_out_sim,0.0,inf
2019-03-06__08_02_26,normal,inav_local_z_freeze__2018-12-25__08_44_40__baseline,src/drivers/px4flow,0.0,inf
2019-03-06__08_02_26,normal,inav_local_z_freeze__2018-12-25__08_44_40__baseline,src/drivers/px4fmu,0.0,inf
2019-03-06__08_02_26,normal,inav_local_z_freeze__2018-12-25__08_44_40__baseline,src/drivers/px4io,0.0,inf
2019-03-06__08_02_26,normal,inav_local_z_freeze__2018-12-25__08_44_40__baseline,src/drivers/snapdragon_pwm_out,0.0,inf
2019-03-06__08_02_26,normal,inav_local_z_freeze__2018-12-25__08_44_40__baseline,src/drivers/tap_esc,0.0,inf
2019-03-06__08_02_26,normal,inav_local_z_freeze__2018-12-25__08_44_40__baseline,src/drivers/telemetry,0.0,inf
2019-03-06__08_02_26,normal,inav_local_z_freeze__2018-12-25__08_44_40__baseline,src/drivers/vmount,0.0,inf
2019-03-06__08_02_26,normal,inav_local_z_freeze__2018-12-25__08_44_40__baseline,src/examples/fixedwing_control,0.22331301122903824,8.0
2019-03-06__08_02_26,normal,inav_local_z_freeze__2018-12-25__08_44_40__baseline,src/examples/hwtest,0.0,inf
2019-03-06__08_02_26,normal,inav_local_z_freeze__2018-12-25__08_44_40__baseline,src/examples/px4_simple_app,0.8843194274231791,6.0
2019-03-06__08_02_26,normal,inav_local_z_freeze__2018-12-25__08_44_40__baseline,src/examples/rover_steering_control,0.0,inf
2019-03-06__08_02_26,normal,inav_local_z_freeze__2018-12-25__08_44_40__baseline,src/examples/uuv_example_app,0.0,inf
2019-03-06__08_02_26,normal,inav_local_z_freeze__2018-12-25__08_44_40__baseline,src/modules/attitude_estimator_q,0.8843194274231791,6.0
2019-03-06__08_02_26,normal,inav_local_z_freeze__2018-12-25__08_44_40__baseline,src/modules/camera_feedback,0.0,inf
2019-03-06__08_02_26,normal,inav_local_z_freeze__2018-12-25__08_44_40__baseline,src/modules/commander,0.0,inf
2019-03-06__08_02_26,normal,inav_local_z_freeze__2018-12-25__08_44_40__baseline,src/modules/ekf2,0.8843194274231791,6.0
2019-03-06__08_02_26,normal,inav_local_z_freeze__2018-12-25__08_44_40__baseline,src/modules/events,0.0,inf
2019-03-06__08_02_26,normal,inav_local_z_freeze__2018-12-25__08_44_40__baseline,src/modules/fw_att_control,0.0,inf
2019-03-06__08_02_26,normal,inav_local_z_freeze__2018-12-25__08_44_40__baseline,src/modules/fw_pos_control_l1,0.0,inf
2019-03-06__08_02_26,normal,inav_local_z_freeze__2018-12-25__08_44_40__baseline,src/modules/gnd_att_control,0.0,inf
2019-03-06__08_02_26,normal,inav_local_z_freeze__2018-12-25__08_44_40__baseline,src/modules/gnd_pos_control,0.10951538104563951,10.0
2019-03-06__08_02_26,normal,inav_local_z_freeze__2018-12-25__08_44_40__baseline,src/modules/gpio_led,0.0,inf
2019-03-06__08_02_26,normal,inav_local_z_freeze__2018-12-25__08_44_40__baseline,src/modules/land_detector,0.0,inf
2019-03-06__08_02_26,normal,inav_local_z_freeze__2018-12-25__08_44_40__baseline,src/modules/landing_target_estimator,0.0,inf
2019-03-06__08_02_26,normal,inav_local_z_freeze__2018-12-25__08_44_40__baseline,src/modules/load_mon,0.0,inf
2019-03-06__08_02_26,normal,inav_local_z_freeze__2018-12-25__08_44_40__baseline,src/modules/logger,0.0,inf
2019-03-06__08_02_26,normal,inav_local_z_freeze__2018-12-25__08_44_40__baseline,src/modules/mavlink,1.6958476230502129,2.0
2019-03-06__08_02_26,normal,inav_local_z_freeze__2018-12-25__08_44_40__baseline,src/modules/mc_att_control,0.0,inf
2019-03-06__08_02_26,normal,inav_local_z_freeze__2018-12-25__08_44_40__baseline,src/modules/mc_pos_control,0.0,inf
2019-03-06__08_02_26,normal,inav_local_z_freeze__2018-12-25__08_44_40__baseline,src/modules/navigator,0.10951538104563951,10.0
2019-03-06__08_02_26,normal,inav_local_z_freeze__2018-12-25__08_44_40__baseline,src/modules/position_estimator_inav,0.0,inf
2019-03-06__08_02_26,normal,inav_local_z_freeze__2018-12-25__08_44_40__baseline,src/modules/replay,0.0,inf
2019-03-06__08_02_26,normal,inav_local_z_freeze__2018-12-25__08_44_40__baseline,src/modules/sdlog2,0.0,inf
2019-03-06__08_02_26,normal,inav_local_z_freeze__2018-12-25__08_44_40__baseline,src/modules/sensors,1.7497406154870987,1.0
2019-03-06__08_02_26,normal,inav_local_z_freeze__2018-12-25__08_44_40__baseline,src/modules/simulator,0.0,inf
2019-03-06__08_02_26,normal,inav_local_z_freeze__2018-12-25__08_44_40__baseline,src/modules/syslink,0.0,inf
2019-03-06__08_02_26,normal,inav_local_z_freeze__2018-12-25__08_44_40__baseline,src/modules/uavcan,0.0,inf
2019-03-06__08_02_26,normal,inav_local_z_freeze__2018-12-25__08_44_40__baseline,src/modules/vtol_att_control,0.33282839227467775,7.0
2019-03-06__08_02_26,normal,inav_local_z_freeze__2018-12-25__08_44_40__baseline,src/modules/wind_estimator,0.0,inf
2019-03-06__08_02_26,normal,inav_local_z_freeze__2018-12-25__08_44_40__baseline,src/platforms/posix/drivers/df_bebop_bus_wrapper,0.0,inf
2019-03-06__08_02_26,normal,inav_local_z_freeze__2018-12-25__08_44_40__baseline,src/platforms/posix/drivers/df_bebop_rangefinder_wrapper,0.0,inf
2019-03-06__08_02_26,normal,inav_local_z_freeze__2018-12-25__08_44_40__baseline,src/platforms/posix/drivers/df_isl29501_wrapper,0.0,inf
2019-03-06__08_02_26,normal,inav_local_z_freeze__2018-12-25__08_44_40__baseline,src/platforms/posix/drivers/df_ltc2946_wrapper,0.0,inf
2019-03-06__08_02_26,normal,inav_local_z_freeze__2018-12-25__08_44_40__baseline,src/platforms/posix/drivers/df_trone_wrapper,0.0,inf
2019-03-06__08_02_26,normal,inav_local_z_freeze__2018-12-25__08_44_40__baseline,src/platforms/qurt/fc_addon/uart_esc,0.0,inf
2019-03-06__08_02_26,normal,inav_local_z_freeze__2018-12-25__08_44_40__baseline,src/platforms/qurt/tests/muorb,1.2710408121347427,3.0
2019-03-06__08_02_26,normal,inav_local_z_freeze__2018-12-25__08_44_40__baseline,src/templates/module,0.0,inf
2019-03-06__08_02_26,normal,land_detector_state_inversion__2018-12-19__07_49_17__baseline,src/drivers/batt_smbus,0.0,inf
2019-03-06__08_02_26,normal,land_detector_state_inversion__2018-12-19__07_49_17__baseline,src/drivers/blinkm,0.0,inf
2019-03-06__08_02_26,normal,land_detector_state_inversion__2018-12-19__07_49_17__baseline,src/drivers/camera_trigger,0.0,inf
2019-03-06__08_02_26,normal,land_detector_state_inversion__2018-12-19__07_49_17__baseline,src/drivers/distance_sensor,0.0,inf
2019-03-06__08_02_26,normal,land_detector_state_inversion__2018-12-19__07_49_17__baseline,src/drivers/linux_pwm_out,0.0,inf
2019-03-06__08_02_26,normal,land_detector_state_inversion__2018-12-19__07_49_17__baseline,src/drivers/mkblctrl,0.0,inf
2019-03-06__08_02_26,normal,land_detector_state_inversion__2018-12-19__07_49_17__baseline,src/drivers/pwm_out_sim,0.0,inf
2019-03-06__08_02_26,normal,land_detector_state_inversion__2018-12-19__07_49_17__baseline,src/drivers/px4flow,0.0,inf
2019-03-06__08_02_26,normal,land_detector_state_inversion__2018-12-19__07_49_17__baseline,src/drivers/px4fmu,0.0,inf
2019-03-06__08_02_26,normal,land_detector_state_inversion__2018-12-19__07_49_17__baseline,src/drivers/px4io,0.0,inf
2019-03-06__08_02_26,normal,land_detector_state_inversion__2018-12-19__07_49_17__baseline,src/drivers/snapdragon_pwm_out,0.0,inf
2019-03-06__08_02_26,normal,land_detector_state_inversion__2018-12-19__07_49_17__baseline,src/drivers/tap_esc,0.0,inf
2019-03-06__08_02_26,normal,land_detector_state_inversion__2018-12-19__07_49_17__baseline,src/drivers/telemetry,0.0,inf
2019-03-06__08_02_26,normal,land_detector_state_inversion__2018-12-19__07_49_17__baseline,src/drivers/vmount,0.0,inf
2019-03-06__08_02_26,normal,land_detector_state_inversion__2018-12-19__07_49_17__baseline,src/examples/fixedwing_control,0.0,inf
2019-03-06__08_02_26,normal,land_detector_state_inversion__2018-12-19__07_49_17__baseline,src/examples/hwtest,0.0,inf
2019-03-06__08_02_26,normal,land_detector_state_inversion__2018-12-19__07_49_17__baseline,src/examples/px4_simple_app,5.5537317434852564,4.0
2019-03-06__08_02_26,normal,land_detector_state_inversion__2018-12-19__07_49_17__baseline,src/examples/rover_steering_control,0.0,inf
2019-03-06__08_02_26,normal,land_detector_state_inversion__2018-12-19__07_49_17__baseline,src/examples/uuv_example_app,0.0,inf
2019-03-06__08_02_26,normal,land_detector_state_inversion__2018-12-19__07_49_17__baseline,src/modules/attitude_estimator_q,5.5537317434852564,4.0
2019-03-06__08_02_26,normal,land_detector_state_inversion__2018-12-19__07_49_17__baseline,src/modules/camera_feedback,0.0,inf
2019-03-06__08_02_26,normal,land_detector_state_inversion__2018-12-19__07_49_17__baseline,src/modules/commander,0.0,inf
2019-03-06__08_02_26,normal,land_detector_state_inversion__2018-12-19__07_49_17__baseline,src/modules/ekf2,5.5537317434852564,4.0
2019-03-06__08_02_26,normal,land_detector_state_inversion__2018-12-19__07_49_17__baseline,src/modules/events,0.0,inf
2019-03-06__08_02_26,normal,land_detector_state_inversion__2018-12-19__07_49_17__baseline,src/modules/fw_att_control,0.0,inf
2019-03-06__08_02_26,normal,land_detector_state_inversion__2018-12-19__07_49_17__baseline,src/modules/fw_pos_control_l1,0.0,inf
2019-03-06__08_02_26,normal,land_detector_state_inversion__2018-12-19__07_49_17__baseline,src/modules/gnd_att_control,0.0,inf
2019-03-06__08_02_26,normal,land_detector_state_inversion__2018-12-19__07_49_17__baseline,src/modules/gnd_pos_control,0.0,inf
2019-03-06__08_02_26,normal,land_detector_state_inversion__2018-12-19__07_49_17__baseline,src/modules/gpio_led,0.0,inf
2019-03-06__08_02_26,normal,land_detector_state_inversion__2018-12-19__07_49_17__baseline,src/modules/land_detector,0.0,inf
2019-03-06__08_02_26,normal,land_detector_state_inversion__2018-12-19__07_49_17__baseline,src/modules/landing_target_estimator,0.0,inf
2019-03-06__08_02_26,normal,land_detector_state_inversion__2018-12-19__07_49_17__baseline,src/modules/load_mon,0.0,inf
2019-03-06__08_02_26,normal,land_detector_state_inversion__2018-12-19__07_49_17__baseline,src/modules/logger,0.0,inf
2019-03-06__08_02_26,normal,land_detector_state_inversion__2018-12-19__07_49_17__baseline,src/modules/mavlink,5.5537317434852564,4.0
2019-03-06__08_02_26,normal,land_detector_state_inversion__2018-12-19__07_49_17__baseline,src/modules/mc_att_control,0.0,inf
2019-03-06__08_02_26,normal,land_detector_state_inversion__2018-12-19__07_49_17__baseline,src/modules/mc_pos_control,0.0,inf
2019-03-06__08_02_26,normal,land_detector_state_inversion__2018-12-19__07_49_17__baseline,src/modules/navigator,0.0,inf
2019-03-06__08_02_26,normal,land_detector_state_inversion__2018-12-19__07_49_17__baseline,src/modules/position_estimator_inav,0.0,inf
2019-03-06__08_02_26,normal,land_detector_state_inversion__2018-12-19__07_49_17__baseline,src/modules/replay,0.0,inf
2019-03-06__08_02_26,normal,land_detector_state_inversion__2018-12-19__07_49_17__baseline,src/modules/sdlog2,0.0,inf
2019-03-06__08_02_26,normal,land_detector_state_inversion__2018-12-19__07_49_17__baseline,src/modules/sensors,0.12402481266430446,6.0
2019-03-06__08_02_26,normal,land_detector_state_inversion__2018-12-19__07_49_17__baseline,src/modules/simulator,0.0,inf
2019-03-06__08_02_26,normal,land_detector_state_inversion__2018-12-19__07_49_17__baseline,src/modules/syslink,0.0,inf
2019-03-06__08_02_26,normal,land_detector_state_inversion__2018-12-19__07_49_17__baseline,src/modules/uavcan,0.0,inf
2019-03-06__08_02_26,normal,land_detector_state_inversion__2018-12-19__07_49_17__baseline,src/modules/vtol_att_control,0.0,inf
2019-03-06__08_02_26,normal,land_detector_state_inversion__2018-12-19__07_49_17__baseline,src/modules/wind_estimator,0.0,inf
2019-03-06__08_02_26,normal,land_detector_state_inversion__2018-12-19__07_49_17__baseline,src/platforms/posix/drivers/df_bebop_bus_wrapper,0.0,inf
2019-03-06__08_02_26,normal,land_detector_state_inversion__2018-12-19__07_49_17__baseline,src/platforms/posix/drivers/df_bebop_rangefinder_wrapper,0.0,inf
2019-03-06__08_02_26,normal,land_detector_state_inversion__2018-12-19__07_49_17__baseline,src/platforms/posix/drivers/df_isl29501_wrapper,0.0,inf
2019-03-06__08_02_26,normal,land_detector_state_inversion__2018-12-19__07_49_17__baseline,src/platforms/posix/drivers/df_ltc2946_wrapper,0.0,inf
2019-03-06__08_02_26,normal,land_detector_state_inversion__2018-12-19__07_49_17__baseline,src/platforms/posix/drivers/df_trone_wrapper,0.0,inf
2019-03-06__08_02_26,normal,land_detector_state_inversion__2018-12-19__07_49_17__baseline,src/platforms/qurt/fc_addon/uart_esc,0.0,inf
2019-03-06__08_02_26,normal,land_detector_state_inversion__2018-12-19__07_49_17__baseline,src/platforms/qurt/tests/muorb,0.12402481266430446,6.0
2019-03-06__08_02_26,normal,land_detector_state_inversion__2018-12-19__07_49_17__baseline,src/templates/module,0.0,inf
2019-03-06__08_02_26,normal,land_detector_state_inversion__2018-12-20__07_47_50__baseline,src/drivers/batt_smbus,0.0,inf
2019-03-06__08_02_26,normal,land_detector_state_inversion__2018-12-20__07_47_50__baseline,src/drivers/blinkm,0.0,inf
2019-03-06__08_02_26,normal,land_detector_state_inversion__2018-12-20__07_47_50__baseline,src/drivers/camera_trigger,0.0,inf
2019-03-06__08_02_26,normal,land_detector_state_inversion__2018-12-20__07_47_50__baseline,src/drivers/distance_sensor,0.0,inf
2019-03-06__08_02_26,normal,land_detector_state_inversion__2018-12-20__07_47_50__baseline,src/drivers/linux_pwm_out,0.0,inf
2019-03-06__08_02_26,normal,land_detector_state_inversion__2018-12-20__07_47_50__baseline,src/drivers/mkblctrl,0.0,inf
2019-03-06__08_02_26,normal,land_detector_state_inversion__2018-12-20__07_47_50__baseline,src/drivers/pwm_out_sim,0.0,inf
2019-03-06__08_02_26,normal,land_detector_state_inversion__2018-12-20__07_47_50__baseline,src/drivers/px4flow,0.0,inf
2019-03-06__08_02_26,normal,land_detector_state_inversion__2018-12-20__07_47_50__baseline,src/drivers/px4fmu,0.0,inf
2019-03-06__08_02_26,normal,land_detector_state_inversion__2018-12-20__07_47_50__baseline,src/drivers/px4io,0.0,inf
2019-03-06__08_02_26,normal,land_detector_state_inversion__2018-12-20__07_47_50__baseline,src/drivers/snapdragon_pwm_out,0.0,inf
2019-03-06__08_02_26,normal,land_detector_state_inversion__2018-12-20__07_47_50__baseline,src/drivers/tap_esc,0.0,inf
2019-03-06__08_02_26,normal,land_detector_state_inversion__2018-12-20__07_47_50__baseline,src/drivers/telemetry,0.0,inf
2019-03-06__08_02_26,normal,land_detector_state_inversion__2018-12-20__07_47_50__baseline,src/drivers/vmount,0.0,inf
2019-03-06__08_02_26,normal,land_detector_state_inversion__2018-12-20__07_47_50__baseline,src/examples/fixedwing_control,0.0,inf
2019-03-06__08_02_26,normal,land_detector_state_inversion__2018-12-20__07_47_50__baseline,src/examples/hwtest,0.0,inf
2019-03-06__08_02_26,normal,land_detector_state_inversion__2018-12-20__07_47_50__baseline,src/examples/px4_simple_app,0.0,inf
2019-03-06__08_02_26,normal,land_detector_state_inversion__2018-12-20__07_47_50__baseline,src/examples/rover_steering_control,0.0,inf
2019-03-06__08_02_26,normal,land_detector_state_inversion__2018-12-20__07_47_50__baseline,src/examples/uuv_example_app,0.0,inf
2019-03-06__08_02_26,normal,land_detector_state_inversion__2018-12-20__07_47_50__baseline,src/modules/attitude_estimator_q,0.0,inf
2019-03-06__08_02_26,normal,land_detector_state_inversion__2018-12-20__07_47_50__baseline,src/modules/camera_feedback,0.0,inf
2019-03-06__08_02_26,normal,land_detector_state_inversion__2018-12-20__07_47_50__baseline,src/modules/commander,0.0,inf
2019-03-06__08_02_26,normal,land_detector_state_inversion__2018-12-20__07_47_50__baseline,src/modules/ekf2,0.0,inf
2019-03-06__08_02_26,normal,land_detector_state_inversion__2018-12-20__07_47_50__baseline,src/modules/events,0.0,inf
2019-03-06__08_02_26,normal,land_detector_state_inversion__2018-12-20__07_47_50__baseline,src/modules/fw_att_control,0.0,inf
2019-03-06__08_02_26,normal,land_detector_state_inversion__2018-12-20__07_47_50__baseline,src/modules/fw_pos_control_l1,0.0,inf
2019-03-06__08_02_26,normal,land_detector_state_inversion__2018-12-20__07_47_50__baseline,src/modules/gnd_att_control,0.0,inf
2019-03-06__08_02_26,normal,land_detector_state_inversion__2018-12-20__07_47_50__baseline,src/modules/gnd_pos_control,0.0,inf
2019-03-06__08_02_26,normal,land_detector_state_inversion__2018-12-20__07_47_50__baseline,src/modules/gpio_led,0.0,inf
2019-03-06__08_02_26,normal,land_detector_state_inversion__2018-12-20__07_47_50__baseline,src/modules/land_detector,0.0,inf
2019-03-06__08_02_26,normal,land_detector_state_inversion__2018-12-20__07_47_50__baseline,src/modules/landing_target_estimator,0.0,inf
2019-03-06__08_02_26,normal,land_detector_state_inversion__2018-12-20__07_47_50__baseline,src/modules/load_mon,0.0,inf
2019-03-06__08_02_26,normal,land_detector_state_inversion__2018-12-20__07_47_50__baseline,src/modules/logger,0.0,inf
2019-03-06__08_02_26,normal,land_detector_state_inversion__2018-12-20__07_47_50__baseline,src/modules/mavlink,0.0,inf
2019-03-06__08_02_26,normal,land_detector_state_inversion__2018-12-20__07_47_50__baseline,src/modules/mc_att_control,0.0,inf
2019-03-06__08_02_26,normal,land_detector_state_inversion__2018-12-20__07_47_50__baseline,src/modules/mc_pos_control,0.0,inf
2019-03-06__08_02_26,normal,land_detector_state_inversion__2018-12-20__07_47_50__baseline,src/modules/navigator,0.0,inf
2019-03-06__08_02_26,normal,land_detector_state_inversion__2018-12-20__07_47_50__baseline,src/modules/position_estimator_inav,0.0,inf
2019-03-06__08_02_26,normal,land_detector_state_inversion__2018-12-20__07_47_50__baseline,src/modules/replay,0.0,inf
2019-03-06__08_02_26,normal,land_detector_state_inversion__2018-12-20__07_47_50__baseline,src/modules/sdlog2,0.0,inf
2019-03-06__08_02_26,normal,land_detector_state_inversion__2018-12-20__07_47_50__baseline,src/modules/sensors,0.0,inf
2019-03-06__08_02_26,normal,land_detector_state_inversion__2018-12-20__07_47_50__baseline,src/modules/simulator,0.0,inf
2019-03-06__08_02_26,normal,land_detector_state_inversion__2018-12-20__07_47_50__baseline,src/modules/syslink,0.0,inf
2019-03-06__08_02_26,normal,land_detector_state_inversion__2018-12-20__07_47_50__baseline,src/modules/uavcan,0.0,inf
2019-03-06__08_02_26,normal,land_detector_state_inversion__2018-12-20__07_47_50__baseline,src/modules/vtol_att_control,0.0,inf
2019-03-06__08_02_26,normal,land_detector_state_inversion__2018-12-20__07_47_50__baseline,src/modules/wind_estimator,0.0,inf
2019-03-06__08_02_26,normal,land_detector_state_inversion__2018-12-20__07_47_50__baseline,src/platforms/posix/drivers/df_bebop_bus_wrapper,0.0,inf
2019-03-06__08_02_26,normal,land_detector_state_inversion__2018-12-20__07_47_50__baseline,src/platforms/posix/drivers/df_bebop_rangefinder_wrapper,0.0,inf
2019-03-06__08_02_26,normal,land_detector_state_inversion__2018-12-20__07_47_50__baseline,src/platforms/posix/drivers/df_isl29501_wrapper,0.0,inf
2019-03-06__08_02_26,normal,land_detector_state_inversion__2018-12-20__07_47_50__baseline,src/platforms/posix/drivers/df_ltc2946_wrapper,0.0,inf
2019-03-06__08_02_26,normal,land_detector_state_inversion__2018-12-20__07_47_50__baseline,src/platforms/posix/drivers/df_trone_wrapper,0.0,inf
2019-03-06__08_02_26,normal,land_detector_state_inversion__2018-12-20__07_47_50__baseline,src/platforms/qurt/fc_addon/uart_esc,0.0,inf
2019-03-06__08_02_26,normal,land_detector_state_inversion__2018-12-20__07_47_50__baseline,src/platforms/qurt/tests/muorb,0.0,inf
2019-03-06__08_02_26,normal,land_detector_state_inversion__2018-12-20__07_47_50__baseline,src/templates/module,0.0,inf
2019-03-06__08_02_26,normal,land_detector_state_inversion__2018-12-25__08_44_40__baseline,src/drivers/batt_smbus,0.0,inf
2019-03-06__08_02_26,normal,land_detector_state_inversion__2018-12-25__08_44_40__baseline,src/drivers/blinkm,0.0,inf
2019-03-06__08_02_26,normal,land_detector_state_inversion__2018-12-25__08_44_40__baseline,src/drivers/camera_trigger,0.0,inf
2019-03-06__08_02_26,normal,land_detector_state_inversion__2018-12-25__08_44_40__baseline,src/drivers/distance_sensor,0.0,inf
2019-03-06__08_02_26,normal,land_detector_state_inversion__2018-12-25__08_44_40__baseline,src/drivers/linux_pwm_out,0.0,inf
2019-03-06__08_02_26,normal,land_detector_state_inversion__2018-12-25__08_44_40__baseline,src/drivers/mkblctrl,0.0,inf
2019-03-06__08_02_26,normal,land_detector_state_inversion__2018-12-25__08_44_40__baseline,src/drivers/pwm_out_sim,0.0,inf
2019-03-06__08_02_26,normal,land_detector_state_inversion__2018-12-25__08_44_40__baseline,src/drivers/px4flow,0.0,inf
2019-03-06__08_02_26,normal,land_detector_state_inversion__2018-12-25__08_44_40__baseline,src/drivers/px4fmu,0.0,inf
2019-03-06__08_02_26,normal,land_detector_state_inversion__2018-12-25__08_44_40__baseline,src/drivers/px4io,0.0,inf
2019-03-06__08_02_26,normal,land_detector_state_inversion__2018-12-25__08_44_40__baseline,src/drivers/snapdragon_pwm_out,0.0,inf
2019-03-06__08_02_26,normal,land_detector_state_inversion__2018-12-25__08_44_40__baseline,src/drivers/tap_esc,0.0,inf
2019-03-06__08_02_26,normal,land_detector_state_inversion__2018-12-25__08_44_40__baseline,src/drivers/telemetry,0.0,inf
2019-03-06__08_02_26,normal,land_detector_state_inversion__2018-12-25__08_44_40__baseline,src/drivers/vmount,0.0,inf
2019-03-06__08_02_26,normal,land_detector_state_inversion__2018-12-25__08_44_40__baseline,src/examples/fixedwing_control,0.0,inf
2019-03-06__08_02_26,normal,land_detector_state_inversion__2018-12-25__08_44_40__baseline,src/examples/hwtest,0.0,inf
2019-03-06__08_02_26,normal,land_detector_state_inversion__2018-12-25__08_44_40__baseline,src/examples/px4_simple_app,3.813194425230956,4.0
2019-03-06__08_02_26,normal,land_detector_state_inversion__2018-12-25__08_44_40__baseline,src/examples/rover_steering_control,0.0,inf
2019-03-06__08_02_26,normal,land_detector_state_inversion__2018-12-25__08_44_40__baseline,src/examples/uuv_example_app,0.0,inf
2019-03-06__08_02_26,normal,land_detector_state_inversion__2018-12-25__08_44_40__baseline,src/modules/attitude_estimator_q,3.813194425230956,4.0
2019-03-06__08_02_26,normal,land_detector_state_inversion__2018-12-25__08_44_40__baseline,src/modules/camera_feedback,0.0,inf
2019-03-06__08_02_26,normal,land_detector_state_inversion__2018-12-25__08_44_40__baseline,src/modules/commander,0.0,inf
2019-03-06__08_02_26,normal,land_detector_state_inversion__2018-12-25__08_44_40__baseline,src/modules/ekf2,3.813194425230956,4.0
2019-03-06__08_02_26,normal,land_detector_state_inversion__2018-12-25__08_44_40__baseline,src/modules/events,0.0,inf
2019-03-06__08_02_26,normal,land_detector_state_inversion__2018-12-25__08_44_40__baseline,src/modules/fw_att_control,0.0,inf
2019-03-06__08_02_26,normal,land_detector_state_inversion__2018-12-25__08_44_40__baseline,src/modules/fw_pos_control_l1,0.0,inf
2019-03-06__08_02_26,normal,land_detector_state_inversion__2018-12-25__08_44_40__baseline,src/modules/gnd_att_control,0.0,inf
2019-03-06__08_02_26,normal,land_detector_state_inversion__2018-12-25__08_44_40__baseline,src/modules/gnd_pos_control,0.0,inf
2019-03-06__08_02_26,normal,land_detector_state_inversion__2018-12-25__08_44_40__baseline,src/modules/gpio_led,0.0,inf
2019-03-06__08_02_26,normal,land_detector_state_inversion__2018-12-25__08_44_40__baseline,src/modules/land_detector,0.0,inf
2019-03-06__08_02_26,normal,land_detector_state_inversion__2018-12-25__08_44_40__baseline,src/modules/landing_target_estimator,0.0,inf
2019-03-06__08_02_26,normal,land_detector_state_inversion__2018-12-25__08_44_40__baseline,src/modules/load_mon,0.0,inf
2019-03-06__08_02_26,normal,land_detector_state_inversion__2018-12-25__08_44_40__baseline,src/modules/logger,0.0,inf
2019-03-06__08_02_26,normal,land_detector_state_inversion__2018-12-25__08_44_40__baseline,src/modules/mavlink,3.813194425230956,4.0
2019-03-06__08_02_26,normal,land_detector_state_inversion__2018-12-25__08_44_40__baseline,src/modules/mc_att_control,0.0,inf
2019-03-06__08_02_26,normal,land_detector_state_inversion__2018-12-25__08_44_40__baseline,src/modules/mc_pos_control,0.0,inf
2019-03-06__08_02_26,normal,land_detector_state_inversion__2018-12-25__08_44_40__baseline,src/modules/navigator,0.0,inf
2019-03-06__08_02_26,normal,land_detector_state_inversion__2018-12-25__08_44_40__baseline,src/modules/position_estimator_inav,0.0,inf
2019-03-06__08_02_26,normal,land_detector_state_inversion__2018-12-25__08_44_40__baseline,src/modules/replay,0.0,inf
2019-03-06__08_02_26,normal,land_detector_state_inversion__2018-12-25__08_44_40__baseline,src/modules/sdlog2,0.0,inf
2019-03-06__08_02_26,normal,land_detector_state_inversion__2018-12-25__08_44_40__baseline,src/modules/sensors,1.057807993557718,6.0
2019-03-06__08_02_26,normal,land_detector_state_inversion__2018-12-25__08_44_40__baseline,src/modules/simulator,0.0,inf
2019-03-06__08_02_26,normal,land_detector_state_inversion__2018-12-25__08_44_40__baseline,src/modules/syslink,0.0,inf
2019-03-06__08_02_26,normal,land_detector_state_inversion__2018-12-25__08_44_40__baseline,src/modules/uavcan,0.0,inf
2019-03-06__08_02_26,normal,land_detector_state_inversion__2018-12-25__08_44_40__baseline,src/modules/vtol_att_control,0.0,inf
2019-03-06__08_02_26,normal,land_detector_state_inversion__2018-12-25__08_44_40__baseline,src/modules/wind_estimator,0.0,inf
2019-03-06__08_02_26,normal,land_detector_state_inversion__2018-12-25__08_44_40__baseline,src/platforms/posix/drivers/df_bebop_bus_wrapper,0.0,inf
2019-03-06__08_02_26,normal,land_detector_state_inversion__2018-12-25__08_44_40__baseline,src/platforms/posix/drivers/df_bebop_rangefinder_wrapper,0.0,inf
2019-03-06__08_02_26,normal,land_detector_state_inversion__2018-12-25__08_44_40__baseline,src/platforms/posix/drivers/df_isl29501_wrapper,0.0,inf
2019-03-06__08_02_26,normal,land_detector_state_inversion__2018-12-25__08_44_40__baseline,src/platforms/posix/drivers/df_ltc2946_wrapper,0.0,inf
2019-03-06__08_02_26,normal,land_detector_state_inversion__2018-12-25__08_44_40__baseline,src/platforms/posix/drivers/df_trone_wrapper,0.0,inf
2019-03-06__08_02_26,normal,land_detector_state_inversion__2018-12-25__08_44_40__baseline,src/platforms/qurt/fc_addon/uart_esc,0.0,inf
2019-03-06__08_02_26,normal,land_detector_state_inversion__2018-12-25__08_44_40__baseline,src/platforms/qurt/tests/muorb,1.057807993557718,6.0
2019-03-06__08_02_26,normal,land_detector_state_inversion__2018-12-25__08_44_40__baseline,src/templates/module,0.0,inf
