mode,run_id,module,score,rank
fixed_all,commander_nav_state_override__2019-01-18__08_39_38__baseline,src/drivers/batt_smbus,0.0,
fixed_all,commander_nav_state_override__2019-01-18__08_39_38__baseline,src/drivers/blinkm,0.0,
fixed_all,commander_nav_state_override__2019-01-18__08_39_38__baseline,src/drivers/camera_trigger,0.0,
fixed_all,commander_nav_state_override__2019-01-18__08_39_38__baseline,src/drivers/distance_sensor,0.0,
fixed_all,commander_nav_state_override__2019-01-18__08_39_38__baseline,src/drivers/linux_pwm_out,0.0,
fixed_all,commander_nav_state_override__2019-01-18__08_39_38__baseline,src/drivers/mkblctrl,0.0,
fixed_all,commander_nav_state_override__2019-01-18__08_39_38__baseline,src/drivers/pwm_out_sim,0.0,
fixed_all,commander_nav_state_override__2019-01-18__08_39_38__baseline,src/drivers/px4flow,0.0,
fixed_all,commander_nav_state_override__2019-01-18__08_39_38__baseline,src/drivers/px4fmu,0.0,
fixed_all,commander_nav_state_override__2019-01-18__08_39_38__baseline,src/drivers/px4io,0.0,
fixed_all,commander_nav_state_override__2019-01-18__08_39_38__baseline,src/drivers/snapdragon_pwm_out,0.0,
fixed_all,commander_nav_state_override__2019-01-18__08_39_38__baseline,src/drivers/tap_esc,0.0,
fixed_all,commander_nav_state_override__2019-01-18__08_39_38__baseline,src/drivers/telemetry,0.0,
fixed_all,commander_nav_state_override__2019-01-18__08_39_38__baseline,src/drivers/vmount,0.0,
fixed_all,commander_nav_state_override__2019-01-18__08_39_38__baseline,src/examples/fixedwing_control,0.0,
fixed_all,commander_nav_state_override__2019-01-18__08_39_38__baseline,src/examples/hwtest,0.0,
fixed_all,commander_nav_state_override__2019-01-18__08_39_38__baseline,src/examples/px4_simple_app,0.0,
fixed_all,commander_nav_state_override__2019-01-18__08_39_38__baseline,src/examples/rover_steering_control,0.0,
fixed_all,commander_nav_state_override__2019-01-18__08_39_38__baseline,src/examples/uuv_example_app,0.0,
fixed_all,commander_nav_state_override__2019-01-18__08_39_38__baseline,src/modules/attitude_estimator_q,0.0,
fixed_all,commander_nav_state_override__2019-01-18__08_39_38__baseline,src/modules/camera_feedback,0.0,
fixed_all,commander_nav_state_override__2019-01-18__08_39_38__baseline,src/modules/commander,0.0,
fixed_all,commander_nav_state_override__2019-01-18__08_39_38__baseline,src/modules/ekf2,0.0,
fixed_all,commander_nav_state_override__2019-01-18__08_39_38__baseline,src/modules/events,0.0,
fixed_all,commander_nav_state_override__2019-01-18__08_39_38__baseline,src/modules/fw_att_control,0.0,
fixed_all,commander_nav_state_override__2019-01-18__08_39_38__baseline,src/modules/fw_pos_control_l1,0.0,
fixed_all,commander_nav_state_override__2019-01-18__08_39_38__baseline,src/modules/gnd_att_control,0.0,
fixed_all,commander_nav_state_override__2019-01-18__08_39_38__baseline,src/modules/gnd_pos_control,0.0,
fixed_all,commander_nav_state_override__2019-01-18__08_39_38__baseline,src/modules/gpio_led,0.0,
fixed_all,commander_nav_state_override__2019-01-18__08_39_38__baseline,src/modules/land_detector,0.0,
fixed_all,commander_nav_state_override__2019-01-18__08_39_38__baseline,src/modules/landing_target_estimator,0.0,
fixed_all,commander_nav_state_override__2019-01-18__08_39_38__baseline,src/modules/load_mon,0.0,
fixed_all,commander_nav_state_override__2019-01-18__08_39_38__baseline,src/modules/logger,0.0,
fixed_all,commander_nav_state_override__2019-01-18__08_39_38__baseline,src/modules/mavlink,0.0,
fixed_all,commander_nav_state_override__2019-01-18__08_39_38__baseline,src/modules/mc_att_control,0.0,
fixed_all,commander_nav_state_override__2019-01-18__08_39_38__baseline,src/modules/mc_pos_control,0.0,
fixed_all,commander_nav_state_override__2019-01-18__08_39_38__baseline,src/modules/navigator,0.0,
fixed_all,commander_nav_state_override__2019-01-18__08_39_38__baseline,src/modules/position_estimator_inav,0.0,
fixed_all,commander_nav_state_override__2019-01-18__08_39_38__baseline,src/modules/replay,0.0,
fixed_all,commander_nav_state_override__2019-01-18__08_39_38__baseline,src/modules/sdlog2,0.0,
fixed_all,commander_nav_state_override__2019-01-18__08_39_38__baseline,src/modules/sensors,0.0,
fixed_all,commander_nav_state_override__2019-01-18__08_39_38__baseline,src/modules/simulator,0.0,
fixed_all,commander_nav_state_override__2019-01-18__08_39_38__baseline,src/modules/syslink,0.0,
fixed_all,commander_nav_state_override__2019-01-18__08_39_38__baseline,src/modules/uavcan,0.0,
fixed_all,commander_nav_state_override__2019-01-18__08_39_38__baseline,src/modules/vtol_att_control,0.0,
fixed_all,commander_nav_state_override__2019-01-18__08_39_38__baseline,src/modules/wind_estimator,0.0,
fixed_all,commander_nav_state_override__2019-01-18__08_39_38__baseline,src/platforms/posix/drivers/df_bebop_bus_wrapper,0.0,
fixed_all,commander_nav_state_override__2019-01-18__08_39_38__baseline,src/platforms/posix/drivers/df_bebop_rangefinder_wrapper,0.0,
fixed_all,commander_nav_state_override__2019-01-18__08_39_38__baseline,src/platforms/posix/drivers/df_isl29501_wrapper,0.0,
fixed_all,commander_nav_state_override__2019-01-18__08_39_38__baseline,src/platforms/posix/drivers/df_ltc2946_wrapper,0.0,
fixed_all,commander_nav_state_override__2019-01-18__08_39_38__baseline,src/platforms/posix/drivers/df_trone_wrapper,0.0,
fixed_all,commander_nav_state_override__2019-01-18__08_39_38__baseline,src/platforms/qurt/fc_addon/uart_esc,0.0,
fixed_all,commander_nav_state_override__2019-01-18__08_39_38__baseline,src/platforms/qurt/tests/muorb,0.0,
fixed_all,commander_nav_state_override__2019-01-18__08_39_38__baseline,src/templates/module,0.0,
fixed_all,commander_nav_state_override__2019-01-18__08_39_38__fault,src/drivers/batt_smbus,0.0,
fixed_all,commander_nav_state_override__2019-01-18__08_39_38__fault,src/drivers/blinkm,0.0,
fixed_all,commander_nav_state_override__2019-01-18__08_39_38__fault,src/drivers/camera_trigger,0.0,
fixed_all,commander_nav_state_override__2019-01-18__08_39_38__fault,src/drivers/distance_sensor,3.85297394106487e-05,36.0
fixed_all,commander_nav_state_override__2019-01-18__08_39_38__fault,src/drivers/linux_pwm_out,0.0002879596545388365,21.0
fixed_all,commander_nav_state_override__2019-01-18__08_39_38__fault,src/drivers/mkblctrl,0.0002879596545388365,21.0
fixed_all,commander_nav_state_override__2019-01-18__08_39_38__fault,src/drivers/pwm_out_sim,0.0002879596545388365,21.0
fixed_all,commander_nav_state_override__2019-01-18__08_39_38__fault,src/drivers/px4flow,3.85297394106487e-05,36.0
fixed_all,commander_nav_state_override__2019-01-18__08_39_38__fault,src/drivers/px4fmu,0.0002879596545388365,21.0
fixed_all,commander_nav_state_override__2019-01-18__08_39_38__fault,src/drivers/px4io,0.0002879596545388365,21.0
fixed_all,commander_nav_state_override__2019-01-18__08_39_38__fault,src/drivers/snapdragon_pwm_out,0.0002879596545388365,21.0
fixed_all,commander_nav_state_override__2019-01-18__08_39_38__fault,src/drivers/tap_esc,0.0002879596545388365,21.0
fixed_all,commander_nav_state_override__2019-01-18__08_39_38__fault,src/drivers/telemetry,4.595523761657463e-05,31.0
fixed_all,commander_nav_state_override__2019-01-18__08_39_38__fault,src/drivers/vmount,0.0,
fixed_all,commander_nav_state_override__2019-01-18__08_39_38__fault,src/examples/fixedwing_control,0.00013517920810545244,27.0
fixed_all,commander_nav_state_override__2019-01-18__08_39_38__fault,src/examples/hwtest,0.0001513890123510142,24.0
fixed_all,commander_nav_state_override__2019-01-18__08_39_38__fault,src/examples/px4_simple_app,0.00014963070974863642,26.0
fixed_all,commander_nav_state_override__2019-01-18__08_39_38__fault,src/examples/rover_steering_control,0.0,
fixed_all,commander_nav_state_override__2019-01-18__08_39_38__fault,src/examples/uuv_example_app,0.0001513890123510142,24.0
fixed_all,commander_nav_state_override__2019-01-18__08_39_38__fault,src/modules/attitude_estimator_q,0.00014963070974863642,26.0
fixed_all,commander_nav_state_override__2019-01-18__08_39_38__fault,src/modules/camera_feedback,0.0,
fixed_all,commander_nav_state_override__2019-01-18__08_39_38__fault,src/modules/commander,0.03943586914090522,1.0
fixed_all,commander_nav_state_override__2019-01-18__08_39_38__fault,src/modules/ekf2,0.01601682883518115,2.0
fixed_all,commander_nav_state_override__2019-01-18__08_39_38__fault,src/modules/events,0.0,
fixed_all,commander_nav_state_override__2019-01-18__08_39_38__fault,src/modules/fw_att_control,0.00042256228059850106,11.0
fixed_all,commander_nav_state_override__2019-01-18__08_39_38__fault,src/modules/fw_pos_control_l1,0.0,
fixed_all,commander_nav_state_override__2019-01-18__08_39_38__fault,src/modules/gnd_att_control,0.0,
fixed_all,commander_nav_state_override__2019-01-18__08_39_38__fault,src/modules/gnd_pos_control,0.0005430590550361636,9.0
fixed_all,commander_nav_state_override__2019-01-18__08_39_38__fault,src/modules/gpio_led,0.0,
fixed_all,commander_nav_state_override__2019-01-18__08_39_38__fault,src/modules/land_detector,0.0,
fixed_all,commander_nav_state_override__2019-01-18__08_39_38__fault,src/modules/landing_target_estimator,0.0,
fixed_all,commander_nav_state_override__2019-01-18__08_39_38__fault,src/modules/load_mon,0.007465595590419354,3.0
fixed_all,commander_nav_state_override__2019-01-18__08_39_38__fault,src/modules/logger,0.0,
fixed_all,commander_nav_state_override__2019-01-18__08_39_38__fault,src/modules/mavlink,0.001810651975644042,6.0
fixed_all,commander_nav_state_override__2019-01-18__08_39_38__fault,src/modules/mc_att_control,0.00042256228059850106,11.0
fixed_all,commander_nav_state_override__2019-01-18__08_39_38__fault,src/modules/mc_pos_control,0.0,
fixed_all,commander_nav_state_override__2019-01-18__08_39_38__fault,src/modules/navigator,0.0005430590550361636,9.0
fixed_all,commander_nav_state_override__2019-01-18__08_39_38__fault,src/modules/position_estimator_inav,0.0005673616239893531,7.0
fixed_all,commander_nav_state_override__2019-01-18__08_39_38__fault,src/modules/replay,0.0,
fixed_all,commander_nav_state_override__2019-01-18__08_39_38__fault,src/modules/sdlog2,0.0,
fixed_all,commander_nav_state_override__2019-01-18__08_39_38__fault,src/modules/sensors,0.0021333674874451968,5.0
fixed_all,commander_nav_state_override__2019-01-18__08_39_38__fault,src/modules/simulator,0.00010796316723681588,28.0
fixed_all,commander_nav_state_override__2019-01-18__08_39_38__fault,src/modules/syslink,4.595523761657463e-05,31.0
fixed_all,commander_nav_state_override__2019-01-18__08_39_38__fault,src/modules/uavcan,0.0002879596545388365,21.0
fixed_all,commander_nav_state_override__2019-01-18__08_39_38__fault,src/modules/vtol_att_control,0.00031357463840426815,12.0
fixed_all,commander_nav_state_override__2019-01-18__08_39_38__fault,src/modules/wind_estimator,0.0,
fixed_all,commander_nav_state_override__2019-01-18__08_39_38__fault,src/platforms/posix/drivers/df_bebop_bus_wrapper,0.0002771438081758343,22.0
fixed_all,commander_nav_state_override__2019-01-18__08_39_38__fault,src/platforms/posix/drivers/df_bebop_rangefinder_wrapper,3.85297394106487e-05,36.0
fixed_all,commander_nav_state_override__2019-01-18__08_39_38__fault,src/platforms/posix/drivers/df_isl29501_wrapper,3.85297394106487e-05,36.0
fixed_all,commander_nav_state_override__2019-01-18__08_39_38__fault,src/platforms/posix/drivers/df_ltc2946_wrapper,4.595523761657463e-05,31.0
fixed_all,commander_nav_state_override__2019-01-18__08_39_38__fault,src/platforms/posix/drivers/df_trone_wrapper,3.85297394106487e-05,36.0
fixed_all,commander_nav_state_override__2019-01-18__08_39_38__fault,src/platforms/qurt/fc_addon/uart_esc,0.0002879596545388365,21.0
fixed_all,commander_nav_state_override__2019-01-18__08_39_38__fault,src/platforms/qurt/tests/muorb,0.002239630737606756,4.0
fixed_all,commander_nav_state_override__2019-01-18__08_39_38__fault,src/templates/module,0.0,
fixed_all,commander_nav_state_override__2019-01-25__17_38_05__baseline,src/drivers/batt_smbus,0.0,
fixed_all,commander_nav_state_override__2019-01-25__17_38_05__baseline,src/drivers/blinkm,0.0,
fixed_all,commander_nav_state_override__2019-01-25__17_38_05__baseline,src/drivers/camera_trigger,0.0,
fixed_all,commander_nav_state_override__2019-01-25__17_38_05__baseline,src/drivers/distance_sensor,0.0,
fixed_all,commander_nav_state_override__2019-01-25__17_38_05__baseline,src/drivers/linux_pwm_out,0.0,
fixed_all,commander_nav_state_override__2019-01-25__17_38_05__baseline,src/drivers/mkblctrl,0.0,
fixed_all,commander_nav_state_override__2019-01-25__17_38_05__baseline,src/drivers/pwm_out_sim,0.0,
fixed_all,commander_nav_state_override__2019-01-25__17_38_05__baseline,src/drivers/px4flow,0.0,
fixed_all,commander_nav_state_override__2019-01-25__17_38_05__baseline,src/drivers/px4fmu,0.0,
fixed_all,commander_nav_state_override__2019-01-25__17_38_05__baseline,src/drivers/px4io,0.0,
fixed_all,commander_nav_state_override__2019-01-25__17_38_05__baseline,src/drivers/snapdragon_pwm_out,0.0,
fixed_all,commander_nav_state_override__2019-01-25__17_38_05__baseline,src/drivers/tap_esc,0.0,
fixed_all,commander_nav_state_override__2019-01-25__17_38_05__baseline,src/drivers/telemetry,0.0,
fixed_all,commander_nav_state_override__2019-01-25__17_38_05__baseline,src/drivers/vmount,0.0,
fixed_all,commander_nav_state_override__2019-01-25__17_38_05__baseline,src/examples/fixedwing_control,0.0,
fixed_all,commander_nav_state_override__2019-01-25__17_38_05__baseline,src/examples/hwtest,0.0,
fixed_all,commander_nav_state_override__2019-01-25__17_38_05__baseline,src/examples/px4_simple_app,0.0,
fixed_all,commander_nav_state_override__2019-01-25__17_38_05__baseline,src/examples/rover_steering_control,0.0,
fixed_all,commander_nav_state_override__2019-01-25__17_38_05__baseline,src/examples/uuv_example_app,0.0,
fixed_all,commander_nav_state_override__2019-01-25__17_38_05__baseline,src/modules/attitude_estimator_q,0.0,
fixed_all,commander_nav_state_override__2019-01-25__17_38_05__baseline,src/modules/camera_feedback,0.0,
fixed_all,commander_nav_state_override__2019-01-25__17_38_05__baseline,src/modules/commander,0.0,
fixed_all,commander_nav_state_override__2019-01-25__17_38_05__baseline,src/modules/ekf2,0.0,
fixed_all,commander_nav_state_override__2019-01-25__17_38_05__baseline,src/modules/events,0.0,
fixed_all,commander_nav_state_override__2019-01-25__17_38_05__baseline,src/modules/fw_att_control,0.0,
fixed_all,commander_nav_state_override__2019-01-25__17_38_05__baseline,src/modules/fw_pos_control_l1,0.0,
fixed_all,commander_nav_state_override__2019-01-25__17_38_05__baseline,src/modules/gnd_att_control,0.0,
fixed_all,commander_nav_state_override__2019-01-25__17_38_05__baseline,src/modules/gnd_pos_control,0.0,
fixed_all,commander_nav_state_override__2019-01-25__17_38_05__baseline,src/modules/gpio_led,0.0,
fixed_all,commander_nav_state_override__2019-01-25__17_38_05__baseline,src/modules/land_detector,0.0,
fixed_all,commander_nav_state_override__2019-01-25__17_38_05__baseline,src/modules/landing_target_estimator,0.0,
fixed_all,commander_nav_state_override__2019-01-25__17_38_05__baseline,src/modules/load_mon,0.0,
fixed_all,commander_nav_state_override__2019-01-25__17_38_05__baseline,src/modules/logger,0.0,
fixed_all,commander_nav_state_override__2019-01-25__17_38_05__baseline,src/modules/mavlink,0.0,
fixed_all,commander_nav_state_override__2019-01-25__17_38_05__baseline,src/modules/mc_att_control,0.0,
fixed_all,commander_nav_state_override__2019-01-25__17_38_05__baseline,src/modules/mc_pos_control,0.0,
fixed_all,commander_nav_state_override__2019-01-25__17_38_05__baseline,src/modules/navigator,0.0,
fixed_all,commander_nav_state_override__2019-01-25__17_38_05__baseline,src/modules/position_estimator_inav,0.0,
fixed_all,commander_nav_state_override__2019-01-25__17_38_05__baseline,src/modules/replay,0.0,
fixed_all,commander_nav_state_override__2019-01-25__17_38_05__baseline,src/modules/sdlog2,0.0,
fixed_all,commander_nav_state_override__2019-01-25__17_38_05__baseline,src/modules/sensors,0.0,
fixed_all,commander_nav_state_override__2019-01-25__17_38_05__baseline,src/modules/simulator,0.0,
fixed_all,commander_nav_state_override__2019-01-25__17_38_05__baseline,src/modules/syslink,0.0,
fixed_all,commander_nav_state_override__2019-01-25__17_38_05__baseline,src/modules/uavcan,0.0,
fixed_all,commander_nav_state_override__2019-01-25__17_38_05__baseline,src/modules/vtol_att_control,0.0,
fixed_all,commander_nav_state_override__2019-01-25__17_38_05__baseline,src/modules/wind_estimator,0.0,
fixed_all,commander_nav_state_override__2019-01-25__17_38_05__baseline,src/platforms/posix/drivers/df_bebop_bus_wrapper,0.0,
fixed_all,commander_nav_state_override__2019-01-25__17_38_05__baseline,src/platforms/posix/drivers/df_bebop_rangefinder_wrapper,0.0,
fixed_all,commander_nav_state_override__2019-01-25__17_38_05__baseline,src/platforms/posix/drivers/df_isl29501_wrapper,0.0,
fixed_all,commander_nav_state_override__2019-01-25__17_38_05__baseline,src/platforms/posix/drivers/df_ltc2946_wrapper,0.0,
fixed_all,commander_nav_state_override__2019-01-25__17_38_05__baseline,src/platforms/posix/drivers/df_trone_wrapper,0.0,
fixed_all,commander_nav_state_override__2019-01-25__17_38_05__baseline,src/platforms/qurt/fc_addon/uart_esc,0.0,
fixed_all,commander_nav_state_override__2019-01-25__17_38_05__baseline,src/platforms/qurt/tests/muorb,0.0,
fixed_all,commander_nav_state_override__2019-01-25__17_38_05__baseline,src/templates/module,0.0,
fixed_all,commander_nav_state_override__2019-01-25__17_38_05__fault,src/drivers/batt_smbus,0.0,
fixed_all,commander_nav_state_override__2019-01-25__17_38_05__fault,src/drivers/blinkm,0.0,
fixed_all,commander_nav_state_override__2019-01-25__17_38_05__fault,src/drivers/camera_trigger,0.0,
fixed_all,commander_nav_state_override__2019-01-25__17_38_05__fault,src/drivers/distance_sensor,0.0,
fixed_all,commander_nav_state_override__2019-01-25__17_38_05__fault,src/drivers/linux_pwm_out,0.0,
fixed_all,commander_nav_state_override__2019-01-25__17_38_05__fault,src/drivers/mkblctrl,0.0,
fixed_all,commander_nav_state_override__2019-01-25__17_38_05__fault,src/drivers/pwm_out_sim,0.0,
fixed_all,commander_nav_state_override__2019-01-25__17_38_05__fault,src/drivers/px4flow,0.0,
fixed_all,commander_nav_state_override__2019-01-25__17_38_05__fault,src/drivers/px4fmu,0.0,
fixed_all,commander_nav_state_override__2019-01-25__17_38_05__fault,src/drivers/px4io,0.0,
fixed_all,commander_nav_state_override__2019-01-25__17_38_05__fault,src/drivers/snapdragon_pwm_out,0.0,
fixed_all,commander_nav_state_override__2019-01-25__17_38_05__fault,src/drivers/tap_esc,0.0,
fixed_all,commander_nav_state_override__2019-01-25__17_38_05__fault,src/drivers/telemetry,0.0,
fixed_all,commander_nav_state_override__2019-01-25__17_38_05__fault,src/drivers/vmount,0.0,
fixed_all,commander_nav_state_override__2019-01-25__17_38_05__fault,src/examples/fixedwing_control,1.738121197005932e-05,10.0
fixed_all,commander_nav_state_override__2019-01-25__17_38_05__fault,src/examples/hwtest,0.0,
fixed_all,commander_nav_state_override__2019-01-25__17_38_05__fault,src/examples/px4_simple_app,0.0,
fixed_all,commander_nav_state_override__2019-01-25__17_38_05__fault,src/examples/rover_steering_control,0.0,
fixed_all,commander_nav_state_override__2019-01-25__17_38_05__fault,src/examples/uuv_example_app,0.0,
fixed_all,commander_nav_state_override__2019-01-25__17_38_05__fault,src/modules/attitude_estimator_q,0.0,
fixed_all,commander_nav_state_override__2019-01-25__17_38_05__fault,src/modules/camera_feedback,0.0,
fixed_all,commander_nav_state_override__2019-01-25__17_38_05__fault,src/modules/commander,0.0639653051230283,1.0
fixed_all,commander_nav_state_override__2019-01-25__17_38_05__fault,src/modules/ekf2,0.0,
fixed_all,commander_nav_state_override__2019-01-25__17_38_05__fault,src/modules/events,0.0,
fixed_all,commander_nav_state_override__2019-01-25__17_38_05__fault,src/modules/fw_att_control,7.682071661624958e-05,9.0
fixed_all,commander_nav_state_override__2019-01-25__17_38_05__fault,src/modules/fw_pos_control_l1,0.0,
fixed_all,commander_nav_state_override__2019-01-25__17_38_05__fault,src/modules/gnd_att_control,0.0,
fixed_all,commander_nav_state_override__2019-01-25__17_38_05__fault,src/modules/gnd_pos_control,0.0002540176629566293,4.0
fixed_all,commander_nav_state_override__2019-01-25__17_38_05__fault,src/modules/gpio_led,0.0,
fixed_all,commander_nav_state_override__2019-01-25__17_38_05__fault,src/modules/land_detector,0.0,
fixed_all,commander_nav_state_override__2019-01-25__17_38_05__fault,src/modules/landing_target_estimator,0.0,
fixed_all,commander_nav_state_override__2019-01-25__17_38_05__fault,src/modules/load_mon,0.0021011095541135782,2.0
fixed_all,commander_nav_state_override__2019-01-25__17_38_05__fault,src/modules/logger,0.0,
fixed_all,commander_nav_state_override__2019-01-25__17_38_05__fault,src/modules/mavlink,0.0,
fixed_all,commander_nav_state_override__2019-01-25__17_38_05__fault,src/modules/mc_att_control,7.682071661624958e-05,9.0
fixed_all,commander_nav_state_override__2019-01-25__17_38_05__fault,src/modules/mc_pos_control,0.0,
fixed_all,commander_nav_state_override__2019-01-25__17_38_05__fault,src/modules/navigator,0.0002540176629566293,4.0
fixed_all,commander_nav_state_override__2019-01-25__17_38_05__fault,src/modules/position_estimator_inav,0.0,
fixed_all,commander_nav_state_override__2019-01-25__17_38_05__fault,src/modules/replay,0.0,
fixed_all,commander_nav_state_override__2019-01-25__17_38_05__fault,src/modules/sdlog2,0.0,
fixed_all,commander_nav_state_override__2019-01-25__17_38_05__fault,src/modules/sensors,9.389195718815617e-05,7.0
fixed_all,commander_nav_state_override__2019-01-25__17_38_05__fault,src/modules/simulator,0.0,
fixed_all,commander_nav_state_override__2019-01-25__17_38_05__fault,src/modules/syslink,0.0,
fixed_all,commander_nav_state_override__2019-01-25__17_38_05__fault,src/modules/uavcan,0.0,
fixed_all,commander_nav_state_override__2019-01-25__17_38_05__fault,src/modules/vtol_att_control,0.0002300669871260532,5.0
fixed_all,commander_nav_state_override__2019-01-25__17_38_05__fault,src/modules/wind_estimator,0.0,
fixed_all,commander_nav_state_override__2019-01-25__17_38_05__fault,src/platforms/posix/drivers/df_bebop_bus_wrapper,0.0,
fixed_all,commander_nav_state_override__2019-01-25__17_38_05__fault,src/platforms/posix/drivers/df_bebop_rangefinder_wrapper,0.0,
fixed_all,commander_nav_state_override__2019-01-25__17_38_05__fault,src/platforms/posix/drivers/df_isl29501_wrapper,0.0,
fixed_all,commander_nav_state_override__2019-01-25__17_38_05__fault,src/platforms/posix/drivers/df_ltc2946_wrapper,0.0,
fixed_all,commander_nav_state_override__2019-01-25__17_38_05__fault,src/platforms/posix/drivers/df_trone_wrapper,0.0,
fixed_all,commander_nav_state_override__2019-01-25__17_38_05__fault,src/platforms/qurt/fc_addon/uart_esc,0.0,
fixed_all,commander_nav_state_override__2019-01-25__17_38_05__fault,src/platforms/qurt/tests/muorb,0.0001795396336642177,6.0
fixed_all,commander_nav_state_override__2019-01-25__17_38_05__fault,src/templates/module,0.0,
fixed_all,commander_nav_state_override__2019-03-06__08_02_26__baseline,src/drivers/batt_smbus,0.0,
fixed_all,commander_nav_state_override__2019-03-06__08_02_26__baseline,src/drivers/blinkm,0.0,
fixed_all,commander_nav_state_override__2019-03-06__08_02_26__baseline,src/drivers/camera_trigger,0.0,
fixed_all,commander_nav_state_override__2019-03-06__08_02_26__baseline,src/drivers/distance_sensor,0.0,
fixed_all,commander_nav_state_override__2019-03-06__08_02_26__baseline,src/drivers/linux_pwm_out,0.0,
fixed_all,commander_nav_state_override__2019-03-06__08_02_26__baseline,src/drivers/mkblctrl,0.0,
fixed_all,commander_nav_state_override__2019-03-06__08_02_26__baseline,src/drivers/pwm_out_sim,0.0,
fixed_all,commander_nav_state_override__2019-03-06__08_02_26__baseline,src/drivers/px4flow,0.0,
fixed_all,commander_nav_state_override__2019-03-06__08_02_26__baseline,src/drivers/px4fmu,0.0,
fixed_all,commander_nav_state_override__2019-03-06__08_02_26__baseline,src/drivers/px4io,0.0,
fixed_all,commander_nav_state_override__2019-03-06__08_02_26__baseline,src/drivers/snapdragon_pwm_out,0.0,
fixed_all,commander_nav_state_override__2019-03-06__08_02_26__baseline,src/drivers/tap_esc,0.0,
fixed_all,commander_nav_state_override__2019-03-06__08_02_26__baseline,src/drivers/telemetry,0.0,
fixed_all,commander_nav_state_override__2019-03-06__08_02_26__baseline,src/drivers/vmount,0.0,
fixed_all,commander_nav_state_override__2019-03-06__08_02_26__baseline,src/examples/fixedwing_control,0.0,
fixed_all,commander_nav_state_override__2019-03-06__08_02_26__baseline,src/examples/hwtest,0.0,
fixed_all,commander_nav_state_override__2019-03-06__08_02_26__baseline,src/examples/px4_simple_app,0.0,
fixed_all,commander_nav_state_override__2019-03-06__08_02_26__baseline,src/examples/rover_steering_control,0.0,
fixed_all,commander_nav_state_override__2019-03-06__08_02_26__baseline,src/examples/uuv_example_app,0.0,
fixed_all,commander_nav_state_override__2019-03-06__08_02_26__baseline,src/modules/attitude_estimator_q,0.0,
fixed_all,commander_nav_state_override__2019-03-06__08_02_26__baseline,src/modules/camera_feedback,0.0,
fixed_all,commander_nav_state_override__2019-03-06__08_02_26__baseline,src/modules/commander,0.0,
fixed_all,commander_nav_state_override__2019-03-06__08_02_26__baseline,src/modules/ekf2,0.0,
fixed_all,commander_nav_state_override__2019-03-06__08_02_26__baseline,src/modules/events,0.0,
fixed_all,commander_nav_state_override__2019-03-06__08_02_26__baseline,src/modules/fw_att_control,0.0,
fixed_all,commander_nav_state_override__2019-03-06__08_02_26__baseline,src/modules/fw_pos_control_l1,0.0,
fixed_all,commander_nav_state_override__2019-03-06__08_02_26__baseline,src/modules/gnd_att_control,0.0,
fixed_all,commander_nav_state_override__2019-03-06__08_02_26__baseline,src/modules/gnd_pos_control,0.0,
fixed_all,commander_nav_state_override__2019-03-06__08_02_26__baseline,src/modules/gpio_led,0.0,
fixed_all,commander_nav_state_override__2019-03-06__08_02_26__baseline,src/modules/land_detector,0.0,
fixed_all,commander_nav_state_override__2019-03-06__08_02_26__baseline,src/modules/landing_target_estimator,0.0,
fixed_all,commander_nav_state_override__2019-03-06__08_02_26__baseline,src/modules/load_mon,0.0,
fixed_all,commander_nav_state_override__2019-03-06__08_02_26__baseline,src/modules/logger,0.0,
fixed_all,commander_nav_state_override__2019-03-06__08_02_26__baseline,src/modules/mavlink,0.0,
fixed_all,commander_nav_state_override__2019-03-06__08_02_26__baseline,src/modules/mc_att_control,0.0,
fixed_all,commander_nav_state_override__2019-03-06__08_02_26__baseline,src/modules/mc_pos_control,0.0,
fixed_all,commander_nav_state_override__2019-03-06__08_02_26__baseline,src/modules/navigator,0.0,
fixed_all,commander_nav_state_override__2019-03-06__08_02_26__baseline,src/modules/position_estimator_inav,0.0,
fixed_all,commander_nav_state_override__2019-03-06__08_02_26__baseline,src/modules/replay,0.0,
fixed_all,commander_nav_state_override__2019-03-06__08_02_26__baseline,src/modules/sdlog2,0.0,
fixed_all,commander_nav_state_override__2019-03-06__08_02_26__baseline,src/modules/sensors,0.0,
fixed_all,commander_nav_state_override__2019-03-06__08_02_26__baseline,src/modules/simulator,0.0,
fixed_all,commander_nav_state_override__2019-03-06__08_02_26__baseline,src/modules/syslink,0.0,
fixed_all,commander_nav_state_override__2019-03-06__08_02_26__baseline,src/modules/uavcan,0.0,
fixed_all,commander_nav_state_override__2019-03-06__08_02_26__baseline,src/modules/vtol_att_control,0.0,
fixed_all,commander_nav_state_override__2019-03-06__08_02_26__baseline,src/modules/wind_estimator,0.0,
fixed_all,commander_nav_state_override__2019-03-06__08_02_26__baseline,src/platforms/posix/drivers/df_bebop_bus_wrapper,0.0,
fixed_all,commander_nav_state_override__2019-03-06__08_02_26__baseline,src/platforms/posix/drivers/df_bebop_rangefinder_wrapper,0.0,
fixed_all,commander_nav_state_override__2019-03-06__08_02_26__baseline,src/platforms/posix/drivers/df_isl29501_wrapper,0.0,
fixed_all,commander_nav_state_override__2019-03-06__08_02_26__baseline,src/platforms/posix/drivers/df_ltc2946_wrapper,0.0,
fixed_all,commander_nav_state_override__2019-03-06__08_02_26__baseline,src/platforms/posix/drivers/df_trone_wrapper,0.0,
fixed_all,commander_nav_state_override__2019-03-06__08_02_26__baseline,src/platforms/qurt/fc_addon/uart_esc,0.0,
fixed_all,commander_nav_state_override__2019-03-06__08_02_26__baseline,src/platforms/qurt/tests/muorb,0.0,
fixed_all,commander_nav_state_override__2019-03-06__08_02_26__baseline,src/templates/module,0.0,
fixed_all,commander_nav_state_override__2019-03-06__08_02_26__fault,src/drivers/batt_smbus,0.0,
fixed_all,commander_nav_state_override__2019-03-06__08_02_26__fault,src/drivers/blinkm,0.0,
fixed_all,commander_nav_state_override__2019-03-06__08_02_26__fault,src/drivers/camera_trigger,0.0,
fixed_all,commander_nav_state_override__2019-03-06__08_02_26__fault,src/drivers/distance_sensor,0.0001733875979596082,24.0
fixed_all,commander_nav_state_override__2019-03-06__08_02_26__fault,src/drivers/linux_pwm_out,4.4858799801684134e-05,34.0
fixed_all,commander_nav_state_override__2019-03-06__08_02_26__fault,src/drivers/mkblctrl,4.4858799801684134e-05,34.0
fixed_all,commander_nav_state_override__2019-03-06__08_02_26__fault,src/drivers/pwm_out_sim,4.4858799801684134e-05,34.0
fixed_all,commander_nav_state_override__2019-03-06__08_02_26__fault,src/drivers/px4flow,0.0001733875979596082,24.0
fixed_all,commander_nav_state_override__2019-03-06__08_02_26__fault,src/drivers/px4fmu,4.4858799801684134e-05,34.0
fixed_all,commander_nav_state_override__2019-03-06__08_02_26__fault,src/drivers/px4io,4.4858799801684134e-05,34.0
fixed_all,commander_nav_state_override__2019-03-06__08_02_26__fault,src/drivers/snapdragon_pwm_out,4.4858799801684134e-05,34.0
fixed_all,commander_nav_state_override__2019-03-06__08_02_26__fault,src/drivers/tap_esc,4.4858799801684134e-05,34.0
fixed_all,commander_nav_state_override__2019-03-06__08_02_26__fault,src/drivers/telemetry,0.008382399191196478,10.0
fixed_all,commander_nav_state_override__2019-03-06__08_02_26__fault,src/drivers/vmount,0.0,
fixed_all,commander_nav_state_override__2019-03-06__08_02_26__fault,src/examples/fixedwing_control,0.0007658054544129192,19.0
fixed_all,commander_nav_state_override__2019-03-06__08_02_26__fault,src/examples/hwtest,0.007548656419018848,12.0
fixed_all,commander_nav_state_override__2019-03-06__08_02_26__fault,src/examples/px4_simple_app,0.0012214334355022047,17.0
fixed_all,commander_nav_state_override__2019-03-06__08_02_26__fault,src/examples/rover_steering_control,0.0,
fixed_all,commander_nav_state_override__2019-03-06__08_02_26__fault,src/examples/uuv_example_app,0.007548656419018848,12.0
fixed_all,commander_nav_state_override__2019-03-06__08_02_26__fault,src/modules/attitude_estimator_q,0.0012214334355022047,17.0
fixed_all,commander_nav_state_override__2019-03-06__08_02_26__fault,src/modules/camera_feedback,0.0,
fixed_all,commander_nav_state_override__2019-03-06__08_02_26__fault,src/modules/commander,6.687967443324519e-06,37.0
fixed_all,commander_nav_state_override__2019-03-06__08_02_26__fault,src/modules/ekf2,0.01000751882855836,5.0
fixed_all,commander_nav_state_override__2019-03-06__08_02_26__fault,src/modules/events,0.0,
fixed_all,commander_nav_state_override__2019-03-06__08_02_26__fault,src/modules/fw_att_control,1.4043118963165532e-05,36.0
fixed_all,commander_nav_state_override__2019-03-06__08_02_26__fault,src/modules/fw_pos_control_l1,0.0,
fixed_all,commander_nav_state_override__2019-03-06__08_02_26__fault,src/modules/gnd_att_control,0.0,
fixed_all,commander_nav_state_override__2019-03-06__08_02_26__fault,src/modules/gnd_pos_control,0.0018961106214562436,15.0
fixed_all,commander_nav_state_override__2019-03-06__08_02_26__fault,src/modules/gpio_led,0.0,
fixed_all,commander_nav_state_override__2019-03-06__08_02_26__fault,src/modules/land_detector,0.00011912732844448565,25.0
fixed_all,commander_nav_state_override__2019-03-06__08_02_26__fault,src/modules/landing_target_estimator,0.0,
fixed_all,commander_nav_state_override__2019-03-06__08_02_26__fault,src/modules/load_mon,0.001167470555089519,18.0
fixed_all,commander_nav_state_override__2019-03-06__08_02_26__fault,src/modules/logger,0.0,
fixed_all,commander_nav_state_override__2019-03-06__08_02_26__fault,src/modules/mavlink,0.011323353897610425,4.0
fixed_all,commander_nav_state_override__2019-03-06__08_02_26__fault,src/modules/mc_att_control,1.4043118963165532e-05,36.0
fixed_all,commander_nav_state_override__2019-03-06__08_02_26__fault,src/modules/mc_pos_control,0.0,
fixed_all,commander_nav_state_override__2019-03-06__08_02_26__fault,src/modules/navigator,0.0018961106214562436,15.0
fixed_all,commander_nav_state_override__2019-03-06__08_02_26__fault,src/modules/position_estimator_inav,0.016154788208273235,3.0
fixed_all,commander_nav_state_override__2019-03-06__08_02_26__fault,src/modules/replay,0.0,
fixed_all,commander_nav_state_override__2019-03-06__08_02_26__fault,src/modules/sdlog2,0.0,
fixed_all,commander_nav_state_override__2019-03-06__08_02_26__fault,src/modules/sensors,0.03406292205802776,1.0
fixed_all,commander_nav_state_override__2019-03-06__08_02_26__fault,src/modules/simulator,0.008842083624264419,6.0
fixed_all,commander_nav_state_override__2019-03-06__08_02_26__fault,src/modules/syslink,0.008382399191196478,10.0
fixed_all,commander_nav_state_override__2019-03-06__08_02_26__fault,src/modules/uavcan,4.4858799801684134e-05,34.0
fixed_all,commander_nav_state_override__2019-03-06__08_02_26__fault,src/modules/vtol_att_control,0.008503818652486297,7.0
fixed_all,commander_nav_state_override__2019-03-06__08_02_26__fault,src/modules/wind_estimator,0.0,
fixed_all,commander_nav_state_override__2019-03-06__08_02_26__fault,src/platforms/posix/drivers/df_bebop_bus_wrapper,0.007264155323864683,13.0
fixed_all,commander_nav_state_override__2019-03-06__08_02_26__fault,src/platforms/posix/drivers/df_bebop_rangefinder_wrapper,0.0001733875979596082,24.0
fixed_all,commander_nav_state_override__2019-03-06__08_02_26__fault,src/platforms/posix/drivers/df_isl29501_wrapper,0.0001733875979596082,24.0
fixed_all,commander_nav_state_override__2019-03-06__08_02_26__fault,src/platforms/posix/drivers/df_ltc2946_wrapper,0.008382399191196478,10.0
fixed_all,commander_nav_state_override__2019-03-06__08_02_26__fault,src/platforms/posix/drivers/df_trone_wrapper,0.0001733875979596082,24.0
fixed_all,commander_nav_state_override__2019-03-06__08_02_26__fault,src/platforms/qurt/fc_addon/uart_esc,4.4858799801684134e-05,34.0
fixed_all,commander_nav_state_override__2019-03-06__08_02_26__fault,src/platforms/qurt/tests/muorb,0.019417774782918618,2.0
fixed_all,commander_nav_state_override__2019-03-06__08_02_26__fault,src/templates/module,0.0,
fixed_all,ekf2_innovation_bias__2019-01-18__08_39_38__baseline,src/drivers/batt_smbus,0.0,
fixed_all,ekf2_innovation_bias__2019-01-18__08_39_38__baseline,src/drivers/blinkm,0.0,
fixed_all,ekf2_innovation_bias__2019-01-18__08_39_38__baseline,src/drivers/camera_trigger,0.0,
fixed_all,ekf2_innovation_bias__2019-01-18__08_39_38__baseline,src/drivers/distance_sensor,0.0,
fixed_all,ekf2_innovation_bias__2019-01-18__08_39_38__baseline,src/drivers/linux_pwm_out,0.0,
fixed_all,ekf2_innovation_bias__2019-01-18__08_39_38__baseline,src/drivers/mkblctrl,0.0,
fixed_all,ekf2_innovation_bias__2019-01-18__08_39_38__baseline,src/drivers/pwm_out_sim,0.0,
fixed_all,ekf2_innovation_bias__2019-01-18__08_39_38__baseline,src/drivers/px4flow,0.0,
fixed_all,ekf2_innovation_bias__2019-01-18__08_39_38__baseline,src/drivers/px4fmu,0.0,
fixed_all,ekf2_innovation_bias__2019-01-18__08_39_38__baseline,src/drivers/px4io,0.0,
fixed_all,ekf2_innovation_bias__2019-01-18__08_39_38__baseline,src/drivers/snapdragon_pwm_out,0.0,
fixed_all,ekf2_innovation_bias__2019-01-18__08_39_38__baseline,src/drivers/tap_esc,0.0,
fixed_all,ekf2_innovation_bias__2019-01-18__08_39_38__baseline,src/drivers/telemetry,0.0,
fixed_all,ekf2_innovation_bias__2019-01-18__08_39_38__baseline,src/drivers/vmount,0.0,
fixed_all,ekf2_innovation_bias__2019-01-18__08_39_38__baseline,src/examples/fixedwing_control,0.0,
fixed_all,ekf2_innovation_bias__2019-01-18__08_39_38__baseline,src/examples/hwtest,0.0,
fixed_all,ekf2_innovation_bias__2019-01-18__08_39_38__baseline,src/examples/px4_simple_app,0.0,
fixed_all,ekf2_innovation_bias__2019-01-18__08_39_38__baseline,src/examples/rover_steering_control,0.0,
fixed_all,ekf2_innovation_bias__2019-01-18__08_39_38__baseline,src/examples/uuv_example_app,0.0,
fixed_all,ekf2_innovation_bias__2019-01-18__08_39_38__baseline,src/modules/attitude_estimator_q,0.0,
fixed_all,ekf2_innovation_bias__2019-01-18__08_39_38__baseline,src/modules/camera_feedback,0.0,
fixed_all,ekf2_innovation_bias__2019-01-18__08_39_38__baseline,src/modules/commander,0.0,
fixed_all,ekf2_innovation_bias__2019-01-18__08_39_38__baseline,src/modules/ekf2,0.0,
fixed_all,ekf2_innovation_bias__2019-01-18__08_39_38__baseline,src/modules/events,0.0,
fixed_all,ekf2_innovation_bias__2019-01-18__08_39_38__baseline,src/modules/fw_att_control,0.0,
fixed_all,ekf2_innovation_bias__2019-01-18__08_39_38__baseline,src/modules/fw_pos_control_l1,0.0,
fixed_all,ekf2_innovation_bias__2019-01-18__08_39_38__baseline,src/modules/gnd_att_control,0.0,
fixed_all,ekf2_innovation_bias__2019-01-18__08_39_38__baseline,src/modules/gnd_pos_control,0.0,
fixed_all,ekf2_innovation_bias__2019-01-18__08_39_38__baseline,src/modules/gpio_led,0.0,
fixed_all,ekf2_innovation_bias__2019-01-18__08_39_38__baseline,src/modules/land_detector,0.0,
fixed_all,ekf2_innovation_bias__2019-01-18__08_39_38__baseline,src/modules/landing_target_estimator,0.0,
fixed_all,ekf2_innovation_bias__2019-01-18__08_39_38__baseline,src/modules/load_mon,0.0,
fixed_all,ekf2_innovation_bias__2019-01-18__08_39_38__baseline,src/modules/logger,0.0,
fixed_all,ekf2_innovation_bias__2019-01-18__08_39_38__baseline,src/modules/mavlink,0.0,
fixed_all,ekf2_innovation_bias__2019-01-18__08_39_38__baseline,src/modules/mc_att_control,0.0,
fixed_all,ekf2_innovation_bias__2019-01-18__08_39_38__baseline,src/modules/mc_pos_control,0.0,
fixed_all,ekf2_innovation_bias__2019-01-18__08_39_38__baseline,src/modules/navigator,0.0,
fixed_all,ekf2_innovation_bias__2019-01-18__08_39_38__baseline,src/modules/position_estimator_inav,0.0,
fixed_all,ekf2_innovation_bias__2019-01-18__08_39_38__baseline,src/modules/replay,0.0,
fixed_all,ekf2_innovation_bias__2019-01-18__08_39_38__baseline,src/modules/sdlog2,0.0,
fixed_all,ekf2_innovation_bias__2019-01-18__08_39_38__baseline,src/modules/sensors,0.0,
fixed_all,ekf2_innovation_bias__2019-01-18__08_39_38__baseline,src/modules/simulator,0.0,
fixed_all,ekf2_innovation_bias__2019-01-18__08_39_38__baseline,src/modules/syslink,0.0,
fixed_all,ekf2_innovation_bias__2019-01-18__08_39_38__baseline,src/modules/uavcan,0.0,
fixed_all,ekf2_innovation_bias__2019-01-18__08_39_38__baseline,src/modules/vtol_att_control,0.0,
fixed_all,ekf2_innovation_bias__2019-01-18__08_39_38__baseline,src/modules/wind_estimator,0.0,
fixed_all,ekf2_innovation_bias__2019-01-18__08_39_38__baseline,src/platforms/posix/drivers/df_bebop_bus_wrapper,0.0,
fixed_all,ekf2_innovation_bias__2019-01-18__08_39_38__baseline,src/platforms/posix/drivers/df_bebop_rangefinder_wrapper,0.0,
fixed_all,ekf2_innovation_bias__2019-01-18__08_39_38__baseline,src/platforms/posix/drivers/df_isl29501_wrapper,0.0,
fixed_all,ekf2_innovation_bias__2019-01-18__08_39_38__baseline,src/platforms/posix/drivers/df_ltc2946_wrapper,0.0,
fixed_all,ekf2_innovation_bias__2019-01-18__08_39_38__baseline,src/platforms/posix/drivers/df_trone_wrapper,0.0,
fixed_all,ekf2_innovation_bias__2019-01-18__08_39_38__baseline,src/platforms/qurt/fc_addon/uart_esc,0.0,
fixed_all,ekf2_innovation_bias__2019-01-18__08_39_38__baseline,src/platforms/qurt/tests/muorb,0.0,
fixed_all,ekf2_innovation_bias__2019-01-18__08_39_38__baseline,src/templates/module,0.0,
fixed_all,ekf2_innovation_bias__2019-01-18__08_39_38__fault,src/drivers/batt_smbus,0.0,
fixed_all,ekf2_innovation_bias__2019-01-18__08_39_38__fault,src/drivers/blinkm,0.0,
fixed_all,ekf2_innovation_bias__2019-01-18__08_39_38__fault,src/drivers/camera_trigger,0.0,
fixed_all,ekf2_innovation_bias__2019-01-18__08_39_38__fault,src/drivers/distance_sensor,0.00011696111334163334,37.0
fixed_all,ekf2_innovation_bias__2019-01-18__08_39_38__fault,src/drivers/linux_pwm_out,0.004734375010073361,18.0
fixed_all,ekf2_innovation_bias__2019-01-18__08_39_38__fault,src/drivers/mkblctrl,0.004734375010073361,18.0
fixed_all,ekf2_innovation_bias__2019-01-18__08_39_38__fault,src/drivers/pwm_out_sim,0.004734375010073361,18.0
fixed_all,ekf2_innovation_bias__2019-01-18__08_39_38__fault,src/drivers/px4flow,0.00011696111334163334,37.0
fixed_all,ekf2_innovation_bias__2019-01-18__08_39_38__fault,src/drivers/px4fmu,0.004734375010073361,18.0
fixed_all,ekf2_innovation_bias__2019-01-18__08_39_38__fault,src/drivers/px4io,0.004734375010073361,18.0
fixed_all,ekf2_innovation_bias__2019-01-18__08_39_38__fault,src/drivers/snapdragon_pwm_out,0.004734375010073361,18.0
fixed_all,ekf2_innovation_bias__2019-01-18__08_39_38__fault,src/drivers/tap_esc,0.004734375010073361,18.0
fixed_all,ekf2_innovation_bias__2019-01-18__08_39_38__fault,src/drivers/telemetry,0.001931387785122835,27.0
fixed_all,ekf2_innovation_bias__2019-01-18__08_39_38__fault,src/drivers/vmount,0.0,
fixed_all,ekf2_innovation_bias__2019-01-18__08_39_38__fault,src/examples/fixedwing_control,0.011150539246017681,4.0
fixed_all,ekf2_innovation_bias__2019-01-18__08_39_38__fault,src/examples/hwtest,0.004467806397810074,20.0
fixed_all,ekf2_innovation_bias__2019-01-18__08_39_38__fault,src/examples/px4_simple_app,0.002339065638167548,23.0
fixed_all,ekf2_innovation_bias__2019-01-18__08_39_38__fault,src/examples/rover_steering_control,0.0,
fixed_all,ekf2_innovation_bias__2019-01-18__08_39_38__fault,src/examples/uuv_example_app,0.004467806397810074,20.0
fixed_all,ekf2_innovation_bias__2019-01-18__08_39_38__fault,src/modules/attitude_estimator_q,0.002339065638167548,23.0
fixed_all,ekf2_innovation_bias__2019-01-18__08_39_38__fault,src/modules/camera_feedback,0.0,
fixed_all,ekf2_innovation_bias__2019-01-18__08_39_38__fault,src/modules/commander,0.004377840020960394,21.0
fixed_all,ekf2_innovation_bias__2019-01-18__08_39_38__fault,src/modules/ekf2,0.023791993167249892,2.0
fixed_all,ekf2_innovation_bias__2019-01-18__08_39_38__fault,src/modules/events,0.0,
fixed_all,ekf2_innovation_bias__2019-01-18__08_39_38__fault,src/modules/fw_att_control,0.0008248031875209273,31.0
fixed_all,ekf2_innovation_bias__2019-01-18__08_39_38__fault,src/modules/fw_pos_control_l1,0.0,
fixed_all,ekf2_innovation_bias__2019-01-18__08_39_38__fault,src/modules/gnd_att_control,0.0,
fixed_all,ekf2_innovation_bias__2019-01-18__08_39_38__fault,src/modules/gnd_pos_control,0.0009666542546276962,29.0
fixed_all,ekf2_innovation_bias__2019-01-18__08_39_38__fault,src/modules/gpio_led,0.0,
fixed_all,ekf2_innovation_bias__2019-01-18__08_39_38__fault,src/modules/land_detector,0.0005343839136264646,32.0
fixed_all,ekf2_innovation_bias__2019-01-18__08_39_38__fault,src/modules/landing_target_estimator,0.0,
fixed_all,ekf2_innovation_bias__2019-01-18__08_39_38__fault,src/modules/load_mon,0.005280930665979332,8.0
fixed_all,ekf2_innovation_bias__2019-01-18__08_39_38__fault,src/modules/logger,0.0,
fixed_all,ekf2_innovation_bias__2019-01-18__08_39_38__fault,src/modules/mavlink,0.01936068190014941,3.0
fixed_all,ekf2_innovation_bias__2019-01-18__08_39_38__fault,src/modules/mc_att_control,0.0008248031875209273,31.0
fixed_all,ekf2_innovation_bias__2019-01-18__08_39_38__fault,src/modules/mc_pos_control,0.0,
fixed_all,ekf2_innovation_bias__2019-01-18__08_39_38__fault,src/modules/navigator,0.0009666542546276962,29.0
fixed_all,ekf2_innovation_bias__2019-01-18__08_39_38__fault,src/modules/position_estimator_inav,0.006540012309644895,7.0
fixed_all,ekf2_innovation_bias__2019-01-18__08_39_38__fault,src/modules/replay,0.0,
fixed_all,ekf2_innovation_bias__2019-01-18__08_39_38__fault,src/modules/sdlog2,0.0,
fixed_all,ekf2_innovation_bias__2019-01-18__08_39_38__fault,src/modules/sensors,0.04662144348937968,1.0
fixed_all,ekf2_innovation_bias__2019-01-18__08_39_38__fault,src/modules/simulator,0.007712254261686467,5.0
fixed_all,ekf2_innovation_bias__2019-01-18__08_39_38__fault,src/modules/syslink,0.001931387785122835,27.0
fixed_all,ekf2_innovation_bias__2019-01-18__08_39_38__fault,src/modules/uavcan,0.004734375010073361,18.0
fixed_all,ekf2_innovation_bias__2019-01-18__08_39_38__fault,src/modules/vtol_att_control,0.002065572320447361,24.0
fixed_all,ekf2_innovation_bias__2019-01-18__08_39_38__fault,src/modules/wind_estimator,0.0,
fixed_all,ekf2_innovation_bias__2019-01-18__08_39_38__fault,src/platforms/posix/drivers/df_bebop_bus_wrapper,0.006644771159144049,6.0
fixed_all,ekf2_innovation_bias__2019-01-18__08_39_38__fault,src/platforms/posix/drivers/df_bebop_rangefinder_wrapper,0.00011696111334163334,37.0
fixed_all,ekf2_innovation_bias__2019-01-18__08_39_38__fault,src/platforms/posix/drivers/df_isl29501_wrapper,0.00011696111334163334,37.0
fixed_all,ekf2_innovation_bias__2019-01-18__08_39_38__fault,src/platforms/posix/drivers/df_ltc2946_wrapper,0.001931387785122835,27.0
fixed_all,ekf2_innovation_bias__2019-01-18__08_39_38__fault,src/platforms/posix/drivers/df_trone_wrapper,0.00011696111334163334,37.0
fixed_all,ekf2_innovation_bias__2019-01-18__08_39_38__fault,src/platforms/qurt/fc_addon/uart_esc,0.004734375010073361,18.0
fixed_all,ekf2_innovation_bias__2019-01-18__08_39_38__fault,src/platforms/qurt/tests/muorb,0.00499522057401097,9.0
fixed_all,ekf2_innovation_bias__2019-01-18__08_39_38__fault,src/templates/module,0.0,
fixed_all,ekf2_innovation_bias__2019-01-25__17_38_05__baseline,src/drivers/batt_smbus,0.0,
fixed_all,ekf2_innovation_bias__2019-01-25__17_38_05__baseline,src/drivers/blinkm,0.0,
fixed_all,ekf2_innovation_bias__2019-01-25__17_38_05__baseline,src/drivers/camera_trigger,0.0,
fixed_all,ekf2_innovation_bias__2019-01-25__17_38_05__baseline,src/drivers/distance_sensor,0.0,
fixed_all,ekf2_innovation_bias__2019-01-25__17_38_05__baseline,src/drivers/linux_pwm_out,0.0,
fixed_all,ekf2_innovation_bias__2019-01-25__17_38_05__baseline,src/drivers/mkblctrl,0.0,
fixed_all,ekf2_innovation_bias__2019-01-25__17_38_05__baseline,src/drivers/pwm_out_sim,0.0,
fixed_all,ekf2_innovation_bias__2019-01-25__17_38_05__baseline,src/drivers/px4flow,0.0,
fixed_all,ekf2_innovation_bias__2019-01-25__17_38_05__baseline,src/drivers/px4fmu,0.0,
fixed_all,ekf2_innovation_bias__2019-01-25__17_38_05__baseline,src/drivers/px4io,0.0,
fixed_all,ekf2_innovation_bias__2019-01-25__17_38_05__baseline,src/drivers/snapdragon_pwm_out,0.0,
fixed_all,ekf2_innovation_bias__2019-01-25__17_38_05__baseline,src/drivers/tap_esc,0.0,
fixed_all,ekf2_innovation_bias__2019-01-25__17_38_05__baseline,src/drivers/telemetry,0.0,
fixed_all,ekf2_innovation_bias__2019-01-25__17_38_05__baseline,src/drivers/vmount,0.0,
fixed_all,ekf2_innovation_bias__2019-01-25__17_38_05__baseline,src/examples/fixedwing_control,0.0,
fixed_all,ekf2_innovation_bias__2019-01-25__17_38_05__baseline,src/examples/hwtest,0.0,
fixed_all,ekf2_innovation_bias__2019-01-25__17_38_05__baseline,src/examples/px4_simple_app,0.0,
fixed_all,ekf2_innovation_bias__2019-01-25__17_38_05__baseline,src/examples/rover_steering_control,0.0,
fixed_all,ekf2_innovation_bias__2019-01-25__17_38_05__baseline,src/examples/uuv_example_app,0.0,
fixed_all,ekf2_innovation_bias__2019-01-25__17_38_05__baseline,src/modules/attitude_estimator_q,0.0,
fixed_all,ekf2_innovation_bias__2019-01-25__17_38_05__baseline,src/modules/camera_feedback,0.0,
fixed_all,ekf2_innovation_bias__2019-01-25__17_38_05__baseline,src/modules/commander,0.0,
fixed_all,ekf2_innovation_bias__2019-01-25__17_38_05__baseline,src/modules/ekf2,0.0,
fixed_all,ekf2_innovation_bias__2019-01-25__17_38_05__baseline,src/modules/events,0.0,
fixed_all,ekf2_innovation_bias__2019-01-25__17_38_05__baseline,src/modules/fw_att_control,0.0,
fixed_all,ekf2_innovation_bias__2019-01-25__17_38_05__baseline,src/modules/fw_pos_control_l1,0.0,
fixed_all,ekf2_innovation_bias__2019-01-25__17_38_05__baseline,src/modules/gnd_att_control,0.0,
fixed_all,ekf2_innovation_bias__2019-01-25__17_38_05__baseline,src/modules/gnd_pos_control,0.0,
fixed_all,ekf2_innovation_bias__2019-01-25__17_38_05__baseline,src/modules/gpio_led,0.0,
fixed_all,ekf2_innovation_bias__2019-01-25__17_38_05__baseline,src/modules/land_detector,0.0,
fixed_all,ekf2_innovation_bias__2019-01-25__17_38_05__baseline,src/modules/landing_target_estimator,0.0,
fixed_all,ekf2_innovation_bias__2019-01-25__17_38_05__baseline,src/modules/load_mon,0.0,
fixed_all,ekf2_innovation_bias__2019-01-25__17_38_05__baseline,src/modules/logger,0.0,
fixed_all,ekf2_innovation_bias__2019-01-25__17_38_05__baseline,src/modules/mavlink,0.0,
fixed_all,ekf2_innovation_bias__2019-01-25__17_38_05__baseline,src/modules/mc_att_control,0.0,
fixed_all,ekf2_innovation_bias__2019-01-25__17_38_05__baseline,src/modules/mc_pos_control,0.0,
fixed_all,ekf2_innovation_bias__2019-01-25__17_38_05__baseline,src/modules/navigator,0.0,
fixed_all,ekf2_innovation_bias__2019-01-25__17_38_05__baseline,src/modules/position_estimator_inav,0.0,
fixed_all,ekf2_innovation_bias__2019-01-25__17_38_05__baseline,src/modules/replay,0.0,
fixed_all,ekf2_innovation_bias__2019-01-25__17_38_05__baseline,src/modules/sdlog2,0.0,
fixed_all,ekf2_innovation_bias__2019-01-25__17_38_05__baseline,src/modules/sensors,0.0,
fixed_all,ekf2_innovation_bias__2019-01-25__17_38_05__baseline,src/modules/simulator,0.0,
fixed_all,ekf2_innovation_bias__2019-01-25__17_38_05__baseline,src/modules/syslink,0.0,
fixed_all,ekf2_innovation_bias__2019-01-25__17_38_05__baseline,src/modules/uavcan,0.0,
fixed_all,ekf2_innovation_bias__2019-01-25__17_38_05__baseline,src/modules/vtol_att_control,0.0,
fixed_all,ekf2_innovation_bias__2019-01-25__17_38_05__baseline,src/modules/wind_estimator,0.0,
fixed_all,ekf2_innovation_bias__2019-01-25__17_38_05__baseline,src/platforms/posix/drivers/df_bebop_bus_wrapper,0.0,
fixed_all,ekf2_innovation_bias__2019-01-25__17_38_05__baseline,src/platforms/posix/drivers/df_bebop_rangefinder_wrapper,0.0,
fixed_all,ekf2_innovation_bias__2019-01-25__17_38_05__baseline,src/platforms/posix/drivers/df_isl29501_wrapper,0.0,
fixed_all,ekf2_innovation_bias__2019-01-25__17_38_05__baseline,src/platforms/posix/drivers/df_ltc2946_wrapper,0.0,
fixed_all,ekf2_innovation_bias__2019-01-25__17_38_05__baseline,src/platforms/posix/drivers/df_trone_wrapper,0.0,
fixed_all,ekf2_innovation_bias__2019-01-25__17_38_05__baseline,src/platforms/qurt/fc_addon/uart_esc,0.0,
fixed_all,ekf2_innovation_bias__2019-01-25__17_38_05__baseline,src/platforms/qurt/tests/muorb,0.0,
fixed_all,ekf2_innovation_bias__2019-01-25__17_38_05__baseline,src/templates/module,0.0,
fixed_all,ekf2_innovation_bias__2019-01-25__17_38_05__fault,src/drivers/batt_smbus,0.0,
fixed_all,ekf2_innovation_bias__2019-01-25__17_38_05__fault,src/drivers/blinkm,0.0,
fixed_all,ekf2_innovation_bias__2019-01-25__17_38_05__fault,src/drivers/camera_trigger,0.0,
fixed_all,ekf2_innovation_bias__2019-01-25__17_38_05__fault,src/drivers/distance_sensor,0.0,
fixed_all,ekf2_innovation_bias__2019-01-25__17_38_05__fault,src/drivers/linux_pwm_out,0.0,
fixed_all,ekf2_innovation_bias__2019-01-25__17_38_05__fault,src/drivers/mkblctrl,0.0,
fixed_all,ekf2_innovation_bias__2019-01-25__17_38_05__fault,src/drivers/pwm_out_sim,0.0,
fixed_all,ekf2_innovation_bias__2019-01-25__17_38_05__fault,src/drivers/px4flow,0.0,
fixed_all,ekf2_innovation_bias__2019-01-25__17_38_05__fault,src/drivers/px4fmu,0.0,
fixed_all,ekf2_innovation_bias__2019-01-25__17_38_05__fault,src/drivers/px4io,0.0,
fixed_all,ekf2_innovation_bias__2019-01-25__17_38_05__fault,src/drivers/snapdragon_pwm_out,0.0,
fixed_all,ekf2_innovation_bias__2019-01-25__17_38_05__fault,src/drivers/tap_esc,0.0,
fixed_all,ekf2_innovation_bias__2019-01-25__17_38_05__fault,src/drivers/telemetry,0.0,
fixed_all,ekf2_innovation_bias__2019-01-25__17_38_05__fault,src/drivers/vmount,0.0,
fixed_all,ekf2_innovation_bias__2019-01-25__17_38_05__fault,src/examples/fixedwing_control,0.0,
fixed_all,ekf2_innovation_bias__2019-01-25__17_38_05__fault,src/examples/hwtest,0.0,
fixed_all,ekf2_innovation_bias__2019-01-25__17_38_05__fault,src/examples/px4_simple_app,0.0,
fixed_all,ekf2_innovation_bias__2019-01-25__17_38_05__fault,src/examples/rover_steering_control,0.0,
fixed_all,ekf2_innovation_bias__2019-01-25__17_38_05__fault,src/examples/uuv_example_app,0.0,
fixed_all,ekf2_innovation_bias__2019-01-25__17_38_05__fault,src/modules/attitude_estimator_q,0.0,
fixed_all,ekf2_innovation_bias__2019-01-25__17_38_05__fault,src/modules/camera_feedback,0.0,
fixed_all,ekf2_innovation_bias__2019-01-25__17_38_05__fault,src/modules/commander,0.0,
fixed_all,ekf2_innovation_bias__2019-01-25__17_38_05__fault,src/modules/ekf2,0.0,
fixed_all,ekf2_innovation_bias__2019-01-25__17_38_05__fault,src/modules/events,0.0,
fixed_all,ekf2_innovation_bias__2019-01-25__17_38_05__fault,src/modules/fw_att_control,0.0,
fixed_all,ekf2_innovation_bias__2019-01-25__17_38_05__fault,src/modules/fw_pos_control_l1,0.0,
fixed_all,ekf2_innovation_bias__2019-01-25__17_38_05__fault,src/modules/gnd_att_control,0.0,
fixed_all,ekf2_innovation_bias__2019-01-25__17_38_05__fault,src/modules/gnd_pos_control,0.0,
fixed_all,ekf2_innovation_bias__2019-01-25__17_38_05__fault,src/modules/gpio_led,0.0,
fixed_all,ekf2_innovation_bias__2019-01-25__17_38_05__fault,src/modules/land_detector,0.0,
fixed_all,ekf2_innovation_bias__2019-01-25__17_38_05__fault,src/modules/landing_target_estimator,0.0,
fixed_all,ekf2_innovation_bias__2019-01-25__17_38_05__fault,src/modules/load_mon,0.0,
fixed_all,ekf2_innovation_bias__2019-01-25__17_38_05__fault,src/modules/logger,0.0,
fixed_all,ekf2_innovation_bias__2019-01-25__17_38_05__fault,src/modules/mavlink,0.0,
fixed_all,ekf2_innovation_bias__2019-01-25__17_38_05__fault,src/modules/mc_att_control,0.0,
fixed_all,ekf2_innovation_bias__2019-01-25__17_38_05__fault,src/modules/mc_pos_control,0.0,
fixed_all,ekf2_innovation_bias__2019-01-25__17_38_05__fault,src/modules/navigator,0.0,
fixed_all,ekf2_innovation_bias__2019-01-25__17_38_05__fault,src/modules/position_estimator_inav,0.0,
fixed_all,ekf2_innovation_bias__2019-01-25__17_38_05__fault,src/modules/replay,0.0,
fixed_all,ekf2_innovation_bias__2019-01-25__17_38_05__fault,src/modules/sdlog2,0.0,
fixed_all,ekf2_innovation_bias__2019-01-25__17_38_05__fault,src/modules/sensors,0.0,
fixed_all,ekf2_innovation_bias__2019-01-25__17_38_05__fault,src/modules/simulator,0.0,
fixed_all,ekf2_innovation_bias__2019-01-25__17_38_05__fault,src/modules/syslink,0.0,
fixed_all,ekf2_innovation_bias__2019-01-25__17_38_05__fault,src/modules/uavcan,0.0,
fixed_all,ekf2_innovation_bias__2019-01-25__17_38_05__fault,src/modules/vtol_att_control,0.0,
fixed_all,ekf2_innovation_bias__2019-01-25__17_38_05__fault,src/modules/wind_estimator,0.0,
fixed_all,ekf2_innovation_bias__2019-01-25__17_38_05__fault,src/platforms/posix/drivers/df_bebop_bus_wrapper,0.0,
fixed_all,ekf2_innovation_bias__2019-01-25__17_38_05__fault,src/platforms/posix/drivers/df_bebop_rangefinder_wrapper,0.0,
fixed_all,ekf2_innovation_bias__2019-01-25__17_38_05__fault,src/platforms/posix/drivers/df_isl29501_wrapper,0.0,
fixed_all,ekf2_innovation_bias__2019-01-25__17_38_05__fault,src/platforms/posix/drivers/df_ltc2946_wrapper,0.0,
fixed_all,ekf2_innovation_bias__2019-01-25__17_38_05__fault,src/platforms/posix/drivers/df_trone_wrapper,0.0,
fixed_all,ekf2_innovation_bias__2019-01-25__17_38_05__fault,src/platforms/qurt/fc_addon/uart_esc,0.0,
fixed_all,ekf2_innovation_bias__2019-01-25__17_38_05__fault,src/platforms/qurt/tests/muorb,0.0,
fixed_all,ekf2_innovation_bias__2019-01-25__17_38_05__fault,src/templates/module,0.0,
fixed_all,ekf2_innovation_bias__2019-03-06__08_02_26__baseline,src/drivers/batt_smbus,0.0,
fixed_all,ekf2_innovation_bias__2019-03-06__08_02_26__baseline,src/drivers/blinkm,0.0,
fixed_all,ekf2_innovation_bias__2019-03-06__08_02_26__baseline,src/drivers/camera_trigger,0.0,
fixed_all,ekf2_innovation_bias__2019-03-06__08_02_26__baseline,src/drivers/distance_sensor,0.0,
fixed_all,ekf2_innovation_bias__2019-03-06__08_02_26__baseline,src/drivers/linux_pwm_out,0.0,
fixed_all,ekf2_innovation_bias__2019-03-06__08_02_26__baseline,src/drivers/mkblctrl,0.0,
fixed_all,ekf2_innovation_bias__2019-03-06__08_02_26__baseline,src/drivers/pwm_out_sim,0.0,
fixed_all,ekf2_innovation_bias__2019-03-06__08_02_26__baseline,src/drivers/px4flow,0.0,
fixed_all,ekf2_innovation_bias__2019-03-06__08_02_26__baseline,src/drivers/px4fmu,0.0,
fixed_all,ekf2_innovation_bias__2019-03-06__08_02_26__baseline,src/drivers/px4io,0.0,
fixed_all,ekf2_innovation_bias__2019-03-06__08_02_26__baseline,src/drivers/snapdragon_pwm_out,0.0,
fixed_all,ekf2_innovation_bias__2019-03-06__08_02_26__baseline,src/drivers/tap_esc,0.0,
fixed_all,ekf2_innovation_bias__2019-03-06__08_02_26__baseline,src/drivers/telemetry,0.0,
fixed_all,ekf2_innovation_bias__2019-03-06__08_02_26__baseline,src/drivers/vmount,0.0,
fixed_all,ekf2_innovation_bias__2019-03-06__08_02_26__baseline,src/examples/fixedwing_control,0.0,
fixed_all,ekf2_innovation_bias__2019-03-06__08_02_26__baseline,src/examples/hwtest,0.0,
fixed_all,ekf2_innovation_bias__2019-03-06__08_02_26__baseline,src/examples/px4_simple_app,0.0,
fixed_all,ekf2_innovation_bias__2019-03-06__08_02_26__baseline,src/examples/rover_steering_control,0.0,
fixed_all,ekf2_innovation_bias__2019-03-06__08_02_26__baseline,src/examples/uuv_example_app,0.0,
fixed_all,ekf2_innovation_bias__2019-03-06__08_02_26__baseline,src/modules/attitude_estimator_q,0.0,
fixed_all,ekf2_innovation_bias__2019-03-06__08_02_26__baseline,src/modules/camera_feedback,0.0,
fixed_all,ekf2_innovation_bias__2019-03-06__08_02_26__baseline,src/modules/commander,0.0,
fixed_all,ekf2_innovation_bias__2019-03-06__08_02_26__baseline,src/modules/ekf2,0.0,
fixed_all,ekf2_innovation_bias__2019-03-06__08_02_26__baseline,src/modules/events,0.0,
fixed_all,ekf2_innovation_bias__2019-03-06__08_02_26__baseline,src/modules/fw_att_control,0.0,
fixed_all,ekf2_innovation_bias__2019-03-06__08_02_26__baseline,src/modules/fw_pos_control_l1,0.0,
fixed_all,ekf2_innovation_bias__2019-03-06__08_02_26__baseline,src/modules/gnd_att_control,0.0,
fixed_all,ekf2_innovation_bias__2019-03-06__08_02_26__baseline,src/modules/gnd_pos_control,0.0,
fixed_all,ekf2_innovation_bias__2019-03-06__08_02_26__baseline,src/modules/gpio_led,0.0,
fixed_all,ekf2_innovation_bias__2019-03-06__08_02_26__baseline,src/modules/land_detector,0.0,
fixed_all,ekf2_innovation_bias__2019-03-06__08_02_26__baseline,src/modules/landing_target_estimator,0.0,
fixed_all,ekf2_innovation_bias__2019-03-06__08_02_26__baseline,src/modules/load_mon,0.0,
fixed_all,ekf2_innovation_bias__2019-03-06__08_02_26__baseline,src/modules/logger,0.0,
fixed_all,ekf2_innovation_bias__2019-03-06__08_02_26__baseline,src/modules/mavlink,0.0,
fixed_all,ekf2_innovation_bias__2019-03-06__08_02_26__baseline,src/modules/mc_att_control,0.0,
fixed_all,ekf2_innovation_bias__2019-03-06__08_02_26__baseline,src/modules/mc_pos_control,0.0,
fixed_all,ekf2_innovation_bias__2019-03-06__08_02_26__baseline,src/modules/navigator,0.0,
fixed_all,ekf2_innovation_bias__2019-03-06__08_02_26__baseline,src/modules/position_estimator_inav,0.0,
fixed_all,ekf2_innovation_bias__2019-03-06__08_02_26__baseline,src/modules/replay,0.0,
fixed_all,ekf2_innovation_bias__2019-03-06__08_02_26__baseline,src/modules/sdlog2,0.0,
fixed_all,ekf2_innovation_bias__2019-03-06__08_02_26__baseline,src/modules/sensors,0.0,
fixed_all,ekf2_innovation_bias__2019-03-06__08_02_26__baseline,src/modules/simulator,0.0,
fixed_all,ekf2_innovation_bias__2019-03-06__08_02_26__baseline,src/modules/syslink,0.0,
fixed_all,ekf2_innovation_bias__2019-03-06__08_02_26__baseline,src/modules/uavcan,0.0,
fixed_all,ekf2_innovation_bias__2019-03-06__08_02_26__baseline,src/modules/vtol_att_control,0.0,
fixed_all,ekf2_innovation_bias__2019-03-06__08_02_26__baseline,src/modules/wind_estimator,0.0,
fixed_all,ekf2_innovation_bias__2019-03-06__08_02_26__baseline,src/platforms/posix/drivers/df_bebop_bus_wrapper,0.0,
fixed_all,ekf2_innovation_bias__2019-03-06__08_02_26__baseline,src/platforms/posix/drivers/df_bebop_rangefinder_wrapper,0.0,
fixed_all,ekf2_innovation_bias__2019-03-06__08_02_26__baseline,src/platforms/posix/drivers/df_isl29501_wrapper,0.0,
fixed_all,ekf2_innovation_bias__2019-03-06__08_02_26__baseline,src/platforms/posix/drivers/df_ltc2946_wrapper,0.0,
fixed_all,ekf2_innovation_bias__2019-03-06__08_02_26__baseline,src/platforms/posix/drivers/df_trone_wrapper,0.0,
fixed_all,ekf2_innovation_bias__2019-03-06__08_02_26__baseline,src/platforms/qurt/fc_addon/uart_esc,0.0,
fixed_all,ekf2_innovation_bias__2019-03-06__08_02_26__baseline,src/platforms/qurt/tests/muorb,0.0,
fixed_all,ekf2_innovation_bias__2019-03-06__08_02_26__baseline,src/templates/module,0.0,
fixed_all,ekf2_innovation_bias__2019-03-06__08_02_26__fault,src/drivers/batt_smbus,0.0,
fixed_all,ekf2_innovation_bias__2019-03-06__08_02_26__fault,src/drivers/blinkm,0.0,
fixed_all,ekf2_innovation_bias__2019-03-06__08_02_26__fault,src/drivers/camera_trigger,0.0,
fixed_all,ekf2_innovation_bias__2019-03-06__08_02_26__fault,src/drivers/distance_sensor,0.0001450596301926327,21.0
fixed_all,ekf2_innovation_bias__2019-03-06__08_02_26__fault,src/drivers/linux_pwm_out,0.00014416812763773758,30.0
fixed_all,ekf2_innovation_bias__2019-03-06__08_02_26__fault,src/drivers/mkblctrl,0.00014416812763773758,30.0
fixed_all,ekf2_innovation_bias__2019-03-06__08_02_26__fault,src/drivers/pwm_out_sim,0.00014416812763773758,30.0
fixed_all,ekf2_innovation_bias__2019-03-06__08_02_26__fault,src/drivers/px4flow,0.0001450596301926327,21.0
fixed_all,ekf2_innovation_bias__2019-03-06__08_02_26__fault,src/drivers/px4fmu,0.00014416812763773758,30.0
fixed_all,ekf2_innovation_bias__2019-03-06__08_02_26__fault,src/drivers/px4io,0.00014416812763773758,30.0
fixed_all,ekf2_innovation_bias__2019-03-06__08_02_26__fault,src/drivers/snapdragon_pwm_out,0.00014416812763773758,30.0
fixed_all,ekf2_innovation_bias__2019-03-06__08_02_26__fault,src/drivers/tap_esc,0.00014416812763773758,30.0
fixed_all,ekf2_innovation_bias__2019-03-06__08_02_26__fault,src/drivers/telemetry,0.000377034707861987,15.0
fixed_all,ekf2_innovation_bias__2019-03-06__08_02_26__fault,src/drivers/vmount,0.0,
fixed_all,ekf2_innovation_bias__2019-03-06__08_02_26__fault,src/examples/fixedwing_control,0.0013673515294811386,11.0
fixed_all,ekf2_innovation_bias__2019-03-06__08_02_26__fault,src/examples/hwtest,0.0025449369916095144,6.0
fixed_all,ekf2_innovation_bias__2019-03-06__08_02_26__fault,src/examples/px4_simple_app,0.027099517106838333,3.0
fixed_all,ekf2_innovation_bias__2019-03-06__08_02_26__fault,src/examples/rover_steering_control,0.0,
fixed_all,ekf2_innovation_bias__2019-03-06__08_02_26__fault,src/examples/uuv_example_app,0.0025449369916095144,6.0
fixed_all,ekf2_innovation_bias__2019-03-06__08_02_26__fault,src/modules/attitude_estimator_q,0.027099517106838333,3.0
fixed_all,ekf2_innovation_bias__2019-03-06__08_02_26__fault,src/modules/camera_feedback,0.0,
fixed_all,ekf2_innovation_bias__2019-03-06__08_02_26__fault,src/modules/commander,0.0,
fixed_all,ekf2_innovation_bias__2019-03-06__08_02_26__fault,src/modules/ekf2,0.06398774963728311,1.0
fixed_all,ekf2_innovation_bias__2019-03-06__08_02_26__fault,src/modules/events,0.0,
fixed_all,ekf2_innovation_bias__2019-03-06__08_02_26__fault,src/modules/fw_att_control,2.1140062752521123e-05,36.0
fixed_all,ekf2_innovation_bias__2019-03-06__08_02_26__fault,src/modules/fw_pos_control_l1,0.0,
fixed_all,ekf2_innovation_bias__2019-03-06__08_02_26__fault,src/modules/gnd_att_control,0.0,
fixed_all,ekf2_innovation_bias__2019-03-06__08_02_26__fault,src/modules/gnd_pos_control,9.734080107879805e-05,32.0
fixed_all,ekf2_innovation_bias__2019-03-06__08_02_26__fault,src/modules/gpio_led,0.0,
fixed_all,ekf2_innovation_bias__2019-03-06__08_02_26__fault,src/modules/land_detector,0.00022859092512464302,16.0
fixed_all,ekf2_innovation_bias__2019-03-06__08_02_26__fault,src/modules/landing_target_estimator,0.0,
fixed_all,ekf2_innovation_bias__2019-03-06__08_02_26__fault,src/modules/load_mon,7.416975654968988e-05,34.0
fixed_all,ekf2_innovation_bias__2019-03-06__08_02_26__fault,src/modules/logger,0.0,
fixed_all,ekf2_innovation_bias__2019-03-06__08_02_26__fault,src/modules/mavlink,0.001775549636786187,9.0
fixed_all,ekf2_innovation_bias__2019-03-06__08_02_26__fault,src/modules/mc_att_control,2.1140062752521123e-05,36.0
fixed_all,ekf2_innovation_bias__2019-03-06__08_02_26__fault,src/modules/mc_pos_control,0.0,
fixed_all,ekf2_innovation_bias__2019-03-06__08_02_26__fault,src/modules/navigator,9.734080107879805e-05,32.0
fixed_all,ekf2_innovation_bias__2019-03-06__08_02_26__fault,src/modules/position_estimator_inav,0.002055632001634669,7.0
fixed_all,ekf2_innovation_bias__2019-03-06__08_02_26__fault,src/modules/replay,0.0,
fixed_all,ekf2_innovation_bias__2019-03-06__08_02_26__fault,src/modules/sdlog2,0.0,
fixed_all,ekf2_innovation_bias__2019-03-06__08_02_26__fault,src/modules/sensors,0.005686955337296921,4.0
fixed_all,ekf2_innovation_bias__2019-03-06__08_02_26__fault,src/modules/simulator,0.0014750636441927313,10.0
fixed_all,ekf2_innovation_bias__2019-03-06__08_02_26__fault,src/modules/syslink,0.000377034707861987,15.0
fixed_all,ekf2_innovation_bias__2019-03-06__08_02_26__fault,src/modules/uavcan,0.00014416812763773758,30.0
fixed_all,ekf2_innovation_bias__2019-03-06__08_02_26__fault,src/modules/vtol_att_control,0.0019555984314301974,8.0
fixed_all,ekf2_innovation_bias__2019-03-06__08_02_26__fault,src/modules/wind_estimator,0.0,
fixed_all,ekf2_innovation_bias__2019-03-06__08_02_26__fault,src/platforms/posix/drivers/df_bebop_bus_wrapper,9.279888043649139e-05,33.0
fixed_all,ekf2_innovation_bias__2019-03-06__08_02_26__fault,src/platforms/posix/drivers/df_bebop_rangefinder_wrapper,0.0001450596301926327,21.0
fixed_all,ekf2_innovation_bias__2019-03-06__08_02_26__fault,src/platforms/posix/drivers/df_isl29501_wrapper,0.0001450596301926327,21.0
fixed_all,ekf2_innovation_bias__2019-03-06__08_02_26__fault,src/platforms/posix/drivers/df_ltc2946_wrapper,0.000377034707861987,15.0
fixed_all,ekf2_innovation_bias__2019-03-06__08_02_26__fault,src/platforms/posix/drivers/df_trone_wrapper,0.0001450596301926327,21.0
fixed_all,ekf2_innovation_bias__2019-03-06__08_02_26__fault,src/platforms/qurt/fc_addon/uart_esc,0.00014416812763773758,30.0
fixed_all,ekf2_innovation_bias__2019-03-06__08_02_26__fault,src/platforms/qurt/tests/muorb,0.0009119915909239672,12.0
fixed_all,ekf2_innovation_bias__2019-03-06__08_02_26__fault,src/templates/module,0.0,
fixed_all,inav_local_z_freeze__2019-01-18__08_39_38__baseline,src/drivers/batt_smbus,0.0,
fixed_all,inav_local_z_freeze__2019-01-18__08_39_38__baseline,src/drivers/blinkm,0.0,
fixed_all,inav_local_z_freeze__2019-01-18__08_39_38__baseline,src/drivers/camera_trigger,0.0,
fixed_all,inav_local_z_freeze__2019-01-18__08_39_38__baseline,src/drivers/distance_sensor,0.0,
fixed_all,inav_local_z_freeze__2019-01-18__08_39_38__baseline,src/drivers/linux_pwm_out,0.0,
fixed_all,inav_local_z_freeze__2019-01-18__08_39_38__baseline,src/drivers/mkblctrl,0.0,
fixed_all,inav_local_z_freeze__2019-01-18__08_39_38__baseline,src/drivers/pwm_out_sim,0.0,
fixed_all,inav_local_z_freeze__2019-01-18__08_39_38__baseline,src/drivers/px4flow,0.0,
fixed_all,inav_local_z_freeze__2019-01-18__08_39_38__baseline,src/drivers/px4fmu,0.0,
fixed_all,inav_local_z_freeze__2019-01-18__08_39_38__baseline,src/drivers/px4io,0.0,
fixed_all,inav_local_z_freeze__2019-01-18__08_39_38__baseline,src/drivers/snapdragon_pwm_out,0.0,
fixed_all,inav_local_z_freeze__2019-01-18__08_39_38__baseline,src/drivers/tap_esc,0.0,
fixed_all,inav_local_z_freeze__2019-01-18__08_39_38__baseline,src/drivers/telemetry,0.0,
fixed_all,inav_local_z_freeze__2019-01-18__08_39_38__baseline,src/drivers/vmount,0.0,
fixed_all,inav_local_z_freeze__2019-01-18__08_39_38__baseline,src/examples/fixedwing_control,0.0,
fixed_all,inav_local_z_freeze__2019-01-18__08_39_38__baseline,src/examples/hwtest,0.0,
fixed_all,inav_local_z_freeze__2019-01-18__08_39_38__baseline,src/examples/px4_simple_app,0.0,
fixed_all,inav_local_z_freeze__2019-01-18__08_39_38__baseline,src/examples/rover_steering_control,0.0,
fixed_all,inav_local_z_freeze__2019-01-18__08_39_38__baseline,src/examples/uuv_example_app,0.0,
fixed_all,inav_local_z_freeze__2019-01-18__08_39_38__baseline,src/modules/attitude_estimator_q,0.0,
fixed_all,inav_local_z_freeze__2019-01-18__08_39_38__baseline,src/modules/camera_feedback,0.0,
fixed_all,inav_local_z_freeze__2019-01-18__08_39_38__baseline,src/modules/commander,0.0,
fixed_all,inav_local_z_freeze__2019-01-18__08_39_38__baseline,src/modules/ekf2,0.0,
fixed_all,inav_local_z_freeze__2019-01-18__08_39_38__baseline,src/modules/events,0.0,
fixed_all,inav_local_z_freeze__2019-01-18__08_39_38__baseline,src/modules/fw_att_control,0.0,
fixed_all,inav_local_z_freeze__2019-01-18__08_39_38__baseline,src/modules/fw_pos_control_l1,0.0,
fixed_all,inav_local_z_freeze__2019-01-18__08_39_38__baseline,src/modules/gnd_att_control,0.0,
fixed_all,inav_local_z_freeze__2019-01-18__08_39_38__baseline,src/modules/gnd_pos_control,0.0,
fixed_all,inav_local_z_freeze__2019-01-18__08_39_38__baseline,src/modules/gpio_led,0.0,
fixed_all,inav_local_z_freeze__2019-01-18__08_39_38__baseline,src/modules/land_detector,0.0,
fixed_all,inav_local_z_freeze__2019-01-18__08_39_38__baseline,src/modules/landing_target_estimator,0.0,
fixed_all,inav_local_z_freeze__2019-01-18__08_39_38__baseline,src/modules/load_mon,0.0,
fixed_all,inav_local_z_freeze__2019-01-18__08_39_38__baseline,src/modules/logger,0.0,
fixed_all,inav_local_z_freeze__2019-01-18__08_39_38__baseline,src/modules/mavlink,0.0,
fixed_all,inav_local_z_freeze__2019-01-18__08_39_38__baseline,src/modules/mc_att_control,0.0,
fixed_all,inav_local_z_freeze__2019-01-18__08_39_38__baseline,src/modules/mc_pos_control,0.0,
fixed_all,inav_local_z_freeze__2019-01-18__08_39_38__baseline,src/modules/navigator,0.0,
fixed_all,inav_local_z_freeze__2019-01-18__08_39_38__baseline,src/modules/position_estimator_inav,0.0,
fixed_all,inav_local_z_freeze__2019-01-18__08_39_38__baseline,src/modules/replay,0.0,
fixed_all,inav_local_z_freeze__2019-01-18__08_39_38__baseline,src/modules/sdlog2,0.0,
fixed_all,inav_local_z_freeze__2019-01-18__08_39_38__baseline,src/modules/sensors,0.0,
fixed_all,inav_local_z_freeze__2019-01-18__08_39_38__baseline,src/modules/simulator,0.0,
fixed_all,inav_local_z_freeze__2019-01-18__08_39_38__baseline,src/modules/syslink,0.0,
fixed_all,inav_local_z_freeze__2019-01-18__08_39_38__baseline,src/modules/uavcan,0.0,
fixed_all,inav_local_z_freeze__2019-01-18__08_39_38__baseline,src/modules/vtol_att_control,0.0,
fixed_all,inav_local_z_freeze__2019-01-18__08_39_38__baseline,src/modules/wind_estimator,0.0,
fixed_all,inav_local_z_freeze__2019-01-18__08_39_38__baseline,src/platforms/posix/drivers/df_bebop_bus_wrapper,0.0,
fixed_all,inav_local_z_freeze__2019-01-18__08_39_38__baseline,src/platforms/posix/drivers/df_bebop_rangefinder_wrapper,0.0,
fixed_all,inav_local_z_freeze__2019-01-18__08_39_38__baseline,src/platforms/posix/drivers/df_isl29501_wrapper,0.0,
fixed_all,inav_local_z_freeze__2019-01-18__08_39_38__baseline,src/platforms/posix/drivers/df_ltc2946_wrapper,0.0,
fixed_all,inav_local_z_freeze__2019-01-18__08_39_38__baseline,src/platforms/posix/drivers/df_trone_wrapper,0.0,
fixed_all,inav_local_z_freeze__2019-01-18__08_39_38__baseline,src/platforms/qurt/fc_addon/uart_esc,0.0,
fixed_all,inav_local_z_freeze__2019-01-18__08_39_38__baseline,src/platforms/qurt/tests/muorb,0.0,
fixed_all,inav_local_z_freeze__2019-01-18__08_39_38__baseline,src/templates/module,0.0,
fixed_all,inav_local_z_freeze__2019-01-18__08_39_38__fault,src/drivers/batt_smbus,0.0,
fixed_all,inav_local_z_freeze__2019-01-18__08_39_38__fault,src/drivers/blinkm,0.0,
fixed_all,inav_local_z_freeze__2019-01-18__08_39_38__fault,src/drivers/camera_trigger,0.0,
fixed_all,inav_local_z_freeze__2019-01-18__08_39_38__fault,src/drivers/distance_sensor,3.6648171349724656e-06,35.0
fixed_all,inav_local_z_freeze__2019-01-18__08_39_38__fault,src/drivers/linux_pwm_out,0.0017874392803952745,16.0
fixed_all,inav_local_z_freeze__2019-01-18__08_39_38__fault,src/drivers/mkblctrl,0.0017874392803952745,16.0
fixed_all,inav_local_z_freeze__2019-01-18__08_39_38__fault,src/drivers/pwm_out_sim,0.0017874392803952745,16.0
fixed_all,inav_local_z_freeze__2019-01-18__08_39_38__fault,src/drivers/px4flow,3.6648171349724656e-06,35.0
fixed_all,inav_local_z_freeze__2019-01-18__08_39_38__fault,src/drivers/px4fmu,0.0017874392803952745,16.0
fixed_all,inav_local_z_freeze__2019-01-18__08_39_38__fault,src/drivers/px4io,0.0017874392803952745,16.0
fixed_all,inav_local_z_freeze__2019-01-18__08_39_38__fault,src/drivers/snapdragon_pwm_out,0.0017874392803952745,16.0
fixed_all,inav_local_z_freeze__2019-01-18__08_39_38__fault,src/drivers/tap_esc,0.0017874392803952745,16.0
fixed_all,inav_local_z_freeze__2019-01-18__08_39_38__fault,src/drivers/telemetry,0.00015138710951227835,24.0
fixed_all,inav_local_z_freeze__2019-01-18__08_39_38__fault,src/drivers/vmount,0.0,
fixed_all,inav_local_z_freeze__2019-01-18__08_39_38__fault,src/examples/fixedwing_control,0.00043446959567677244,21.0
fixed_all,inav_local_z_freeze__2019-01-18__08_39_38__fault,src/examples/hwtest,0.0012613963427740341,19.0
fixed_all,inav_local_z_freeze__2019-01-18__08_39_38__fault,src/examples/px4_simple_app,0.0036715804362627987,3.0
fixed_all,inav_local_z_freeze__2019-01-18__08_39_38__fault,src/examples/rover_steering_control,0.0,
fixed_all,inav_local_z_freeze__2019-01-18__08_39_38__fault,src/examples/uuv_example_app,0.0012613963427740341,19.0
fixed_all,inav_local_z_freeze__2019-01-18__08_39_38__fault,src/modules/attitude_estimator_q,0.0036715804362627987,3.0
fixed_all,inav_local_z_freeze__2019-01-18__08_39_38__fault,src/modules/camera_feedback,0.0,
fixed_all,inav_local_z_freeze__2019-01-18__08_39_38__fault,src/modules/commander,9.412768877653064e-06,30.0
fixed_all,inav_local_z_freeze__2019-01-18__08_39_38__fault,src/modules/ekf2,0.0030086504471801075,5.0
fixed_all,inav_local_z_freeze__2019-01-18__08_39_38__fault,src/modules/events,0.0,
fixed_all,inav_local_z_freeze__2019-01-18__08_39_38__fault,src/modules/fw_att_control,4.930168700418146e-05,28.0
fixed_all,inav_local_z_freeze__2019-01-18__08_39_38__fault,src/modules/fw_pos_control_l1,0.0,
fixed_all,inav_local_z_freeze__2019-01-18__08_39_38__fault,src/modules/gnd_att_control,0.0,
fixed_all,inav_local_z_freeze__2019-01-18__08_39_38__fault,src/modules/gnd_pos_control,9.500541421525391e-05,26.0
fixed_all,inav_local_z_freeze__2019-01-18__08_39_38__fault,src/modules/gpio_led,0.0,
fixed_all,inav_local_z_freeze__2019-01-18__08_39_38__fault,src/modules/land_detector,0.0,
fixed_all,inav_local_z_freeze__2019-01-18__08_39_38__fault,src/modules/landing_target_estimator,0.0,
fixed_all,inav_local_z_freeze__2019-01-18__08_39_38__fault,src/modules/load_mon,0.0,
fixed_all,inav_local_z_freeze__2019-01-18__08_39_38__fault,src/modules/logger,0.0,
fixed_all,inav_local_z_freeze__2019-01-18__08_39_38__fault,src/modules/mavlink,0.0036497190039053466,4.0
fixed_all,inav_local_z_freeze__2019-01-18__08_39_38__fault,src/modules/mc_att_control,4.930168700418146e-05,28.0
fixed_all,inav_local_z_freeze__2019-01-18__08_39_38__fault,src/modules/mc_pos_control,0.0,
fixed_all,inav_local_z_freeze__2019-01-18__08_39_38__fault,src/modules/navigator,9.500541421525391e-05,26.0
fixed_all,inav_local_z_freeze__2019-01-18__08_39_38__fault,src/modules/position_estimator_inav,0.022453938404300725,1.0
fixed_all,inav_local_z_freeze__2019-01-18__08_39_38__fault,src/modules/replay,0.0,
fixed_all,inav_local_z_freeze__2019-01-18__08_39_38__fault,src/modules/sdlog2,0.0,
fixed_all,inav_local_z_freeze__2019-01-18__08_39_38__fault,src/modules/sensors,0.0016022230698176957,17.0
fixed_all,inav_local_z_freeze__2019-01-18__08_39_38__fault,src/modules/simulator,9.432590741472028e-06,29.0
fixed_all,inav_local_z_freeze__2019-01-18__08_39_38__fault,src/modules/syslink,0.00015138710951227835,24.0
fixed_all,inav_local_z_freeze__2019-01-18__08_39_38__fault,src/modules/uavcan,0.0017874392803952745,16.0
fixed_all,inav_local_z_freeze__2019-01-18__08_39_38__fault,src/modules/vtol_att_control,0.0010974819702075959,20.0
fixed_all,inav_local_z_freeze__2019-01-18__08_39_38__fault,src/modules/wind_estimator,0.0,
fixed_all,inav_local_z_freeze__2019-01-18__08_39_38__fault,src/platforms/posix/drivers/df_bebop_bus_wrapper,0.0018200474688759372,7.0
fixed_all,inav_local_z_freeze__2019-01-18__08_39_38__fault,src/platforms/posix/drivers/df_bebop_rangefinder_wrapper,3.6648171349724656e-06,35.0
fixed_all,inav_local_z_freeze__2019-01-18__08_39_38__fault,src/platforms/posix/drivers/df_isl29501_wrapper,3.6648171349724656e-06,35.0
fixed_all,inav_local_z_freeze__2019-01-18__08_39_38__fault,src/platforms/posix/drivers/df_ltc2946_wrapper,0.00015138710951227835,24.0
fixed_all,inav_local_z_freeze__2019-01-18__08_39_38__fault,src/platforms/posix/drivers/df_trone_wrapper,3.6648171349724656e-06,35.0
fixed_all,inav_local_z_freeze__2019-01-18__08_39_38__fault,src/platforms/qurt/fc_addon/uart_esc,0.0017874392803952745,16.0
fixed_all,inav_local_z_freeze__2019-01-18__08_39_38__fault,src/platforms/qurt/tests/muorb,0.0019224000803530177,6.0
fixed_all,inav_local_z_freeze__2019-01-18__08_39_38__fault,src/templates/module,0.0,
fixed_all,inav_local_z_freeze__2019-01-25__17_38_05__baseline,src/drivers/batt_smbus,0.0,
fixed_all,inav_local_z_freeze__2019-01-25__17_38_05__baseline,src/drivers/blinkm,0.0,
fixed_all,inav_local_z_freeze__2019-01-25__17_38_05__baseline,src/drivers/camera_trigger,0.0,
fixed_all,inav_local_z_freeze__2019-01-25__17_38_05__baseline,src/drivers/distance_sensor,0.0,
fixed_all,inav_local_z_freeze__2019-01-25__17_38_05__baseline,src/drivers/linux_pwm_out,0.0,
fixed_all,inav_local_z_freeze__2019-01-25__17_38_05__baseline,src/drivers/mkblctrl,0.0,
fixed_all,inav_local_z_freeze__2019-01-25__17_38_05__baseline,src/drivers/pwm_out_sim,0.0,
fixed_all,inav_local_z_freeze__2019-01-25__17_38_05__baseline,src/drivers/px4flow,0.0,
fixed_all,inav_local_z_freeze__2019-01-25__17_38_05__baseline,src/drivers/px4fmu,0.0,
fixed_all,inav_local_z_freeze__2019-01-25__17_38_05__baseline,src/drivers/px4io,0.0,
fixed_all,inav_local_z_freeze__2019-01-25__17_38_05__baseline,src/drivers/snapdragon_pwm_out,0.0,
fixed_all,inav_local_z_freeze__2019-01-25__17_38_05__baseline,src/drivers/tap_esc,0.0,
fixed_all,inav_local_z_freeze__2019-01-25__17_38_05__baseline,src/drivers/telemetry,0.0,
fixed_all,inav_local_z_freeze__2019-01-25__17_38_05__baseline,src/drivers/vmount,0.0,
fixed_all,inav_local_z_freeze__2019-01-25__17_38_05__baseline,src/examples/fixedwing_control,0.0,
fixed_all,inav_local_z_freeze__2019-01-25__17_38_05__baseline,src/examples/hwtest,0.0,
fixed_all,inav_local_z_freeze__2019-01-25__17_38_05__baseline,src/examples/px4_simple_app,0.0,
fixed_all,inav_local_z_freeze__2019-01-25__17_38_05__baseline,src/examples/rover_steering_control,0.0,
fixed_all,inav_local_z_freeze__2019-01-25__17_38_05__baseline,src/examples/uuv_example_app,0.0,
fixed_all,inav_local_z_freeze__2019-01-25__17_38_05__baseline,src/modules/attitude_estimator_q,0.0,
fixed_all,inav_local_z_freeze__2019-01-25__17_38_05__baseline,src/modules/camera_feedback,0.0,
fixed_all,inav_local_z_freeze__2019-01-25__17_38_05__baseline,src/modules/commander,0.0,
fixed_all,inav_local_z_freeze__2019-01-25__17_38_05__baseline,src/modules/ekf2,0.0,
fixed_all,inav_local_z_freeze__2019-01-25__17_38_05__baseline,src/modules/events,0.0,
fixed_all,inav_local_z_freeze__2019-01-25__17_38_05__baseline,src/modules/fw_att_control,0.0,
fixed_all,inav_local_z_freeze__2019-01-25__17_38_05__baseline,src/modules/fw_pos_control_l1,0.0,
fixed_all,inav_local_z_freeze__2019-01-25__17_38_05__baseline,src/modules/gnd_att_control,0.0,
fixed_all,inav_local_z_freeze__2019-01-25__17_38_05__baseline,src/modules/gnd_pos_control,0.0,
fixed_all,inav_local_z_freeze__2019-01-25__17_38_05__baseline,src/modules/gpio_led,0.0,
fixed_all,inav_local_z_freeze__2019-01-25__17_38_05__baseline,src/modules/land_detector,0.0,
fixed_all,inav_local_z_freeze__2019-01-25__17_38_05__baseline,src/modules/landing_target_estimator,0.0,
fixed_all,inav_local_z_freeze__2019-01-25__17_38_05__baseline,src/modules/load_mon,0.0,
fixed_all,inav_local_z_freeze__2019-01-25__17_38_05__baseline,src/modules/logger,0.0,
fixed_all,inav_local_z_freeze__2019-01-25__17_38_05__baseline,src/modules/mavlink,0.0,
fixed_all,inav_local_z_freeze__2019-01-25__17_38_05__baseline,src/modules/mc_att_control,0.0,
fixed_all,inav_local_z_freeze__2019-01-25__17_38_05__baseline,src/modules/mc_pos_control,0.0,
fixed_all,inav_local_z_freeze__2019-01-25__17_38_05__baseline,src/modules/navigator,0.0,
fixed_all,inav_local_z_freeze__2019-01-25__17_38_05__baseline,src/modules/position_estimator_inav,0.0,
fixed_all,inav_local_z_freeze__2019-01-25__17_38_05__baseline,src/modules/replay,0.0,
fixed_all,inav_local_z_freeze__2019-01-25__17_38_05__baseline,src/modules/sdlog2,0.0,
fixed_all,inav_local_z_freeze__2019-01-25__17_38_05__baseline,src/modules/sensors,0.0,
fixed_all,inav_local_z_freeze__2019-01-25__17_38_05__baseline,src/modules/simulator,0.0,
fixed_all,inav_local_z_freeze__2019-01-25__17_38_05__baseline,src/modules/syslink,0.0,
fixed_all,inav_local_z_freeze__2019-01-25__17_38_05__baseline,src/modules/uavcan,0.0,
fixed_all,inav_local_z_freeze__2019-01-25__17_38_05__baseline,src/modules/vtol_att_control,0.0,
fixed_all,inav_local_z_freeze__2019-01-25__17_38_05__baseline,src/modules/wind_estimator,0.0,
fixed_all,inav_local_z_freeze__2019-01-25__17_38_05__baseline,src/platforms/posix/drivers/df_bebop_bus_wrapper,0.0,
fixed_all,inav_local_z_freeze__2019-01-25__17_38_05__baseline,src/platforms/posix/drivers/df_bebop_rangefinder_wrapper,0.0,
fixed_all,inav_local_z_freeze__2019-01-25__17_38_05__baseline,src/platforms/posix/drivers/df_isl29501_wrapper,0.0,
fixed_all,inav_local_z_freeze__2019-01-25__17_38_05__baseline,src/platforms/posix/drivers/df_ltc2946_wrapper,0.0,
fixed_all,inav_local_z_freeze__2019-01-25__17_38_05__baseline,src/platforms/posix/drivers/df_trone_wrapper,0.0,
fixed_all,inav_local_z_freeze__2019-01-25__17_38_05__baseline,src/platforms/qurt/fc_addon/uart_esc,0.0,
fixed_all,inav_local_z_freeze__2019-01-25__17_38_05__baseline,src/platforms/qurt/tests/muorb,0.0,
fixed_all,inav_local_z_freeze__2019-01-25__17_38_05__baseline,src/templates/module,0.0,
fixed_all,inav_local_z_freeze__2019-01-25__17_38_05__fault,src/drivers/batt_smbus,0.0,
fixed_all,inav_local_z_freeze__2019-01-25__17_38_05__fault,src/drivers/blinkm,0.0,
fixed_all,inav_local_z_freeze__2019-01-25__17_38_05__fault,src/drivers/camera_trigger,0.0,
fixed_all,inav_local_z_freeze__2019-01-25__17_38_05__fault,src/drivers/distance_sensor,1.9814148664244418e-05,29.0
fixed_all,inav_local_z_freeze__2019-01-25__17_38_05__fault,src/drivers/linux_pwm_out,0.0032523718156550283,11.0
fixed_all,inav_local_z_freeze__2019-01-25__17_38_05__fault,src/drivers/mkblctrl,0.0032523718156550283,11.0
fixed_all,inav_local_z_freeze__2019-01-25__17_38_05__fault,src/drivers/pwm_out_sim,0.0032523718156550283,11.0
fixed_all,inav_local_z_freeze__2019-01-25__17_38_05__fault,src/drivers/px4flow,1.9814148664244418e-05,29.0
fixed_all,inav_local_z_freeze__2019-01-25__17_38_05__fault,src/drivers/px4fmu,0.0032523718156550283,11.0
fixed_all,inav_local_z_freeze__2019-01-25__17_38_05__fault,src/drivers/px4io,0.0032523718156550283,11.0
fixed_all,inav_local_z_freeze__2019-01-25__17_38_05__fault,src/drivers/snapdragon_pwm_out,0.0032523718156550283,11.0
fixed_all,inav_local_z_freeze__2019-01-25__17_38_05__fault,src/drivers/tap_esc,0.0032523718156550283,11.0
fixed_all,inav_local_z_freeze__2019-01-25__17_38_05__fault,src/drivers/telemetry,0.0,
fixed_all,inav_local_z_freeze__2019-01-25__17_38_05__fault,src/drivers/vmount,0.0,
fixed_all,inav_local_z_freeze__2019-01-25__17_38_05__fault,src/examples/fixedwing_control,0.00022611497905892022,23.0
fixed_all,inav_local_z_freeze__2019-01-25__17_38_05__fault,src/examples/hwtest,0.0004990734618810898,21.0
fixed_all,inav_local_z_freeze__2019-01-25__17_38_05__fault,src/examples/px4_simple_app,0.0008688180049702772,19.0
fixed_all,inav_local_z_freeze__2019-01-25__17_38_05__fault,src/examples/rover_steering_control,0.0,
fixed_all,inav_local_z_freeze__2019-01-25__17_38_05__fault,src/examples/uuv_example_app,0.0004990734618810898,21.0
fixed_all,inav_local_z_freeze__2019-01-25__17_38_05__fault,src/modules/attitude_estimator_q,0.0008688180049702772,19.0
fixed_all,inav_local_z_freeze__2019-01-25__17_38_05__fault,src/modules/camera_feedback,0.0,
fixed_all,inav_local_z_freeze__2019-01-25__17_38_05__fault,src/modules/commander,0.0,
fixed_all,inav_local_z_freeze__2019-01-25__17_38_05__fault,src/modules/ekf2,0.00026506204951182166,22.0
fixed_all,inav_local_z_freeze__2019-01-25__17_38_05__fault,src/modules/events,0.0,
fixed_all,inav_local_z_freeze__2019-01-25__17_38_05__fault,src/modules/fw_att_control,0.0,
fixed_all,inav_local_z_freeze__2019-01-25__17_38_05__fault,src/modules/fw_pos_control_l1,0.0,
fixed_all,inav_local_z_freeze__2019-01-25__17_38_05__fault,src/modules/gnd_att_control,0.0,
fixed_all,inav_local_z_freeze__2019-01-25__17_38_05__fault,src/modules/gnd_pos_control,0.0009804892522462536,17.0
fixed_all,inav_local_z_freeze__2019-01-25__17_38_05__fault,src/modules/gpio_led,0.0,
fixed_all,inav_local_z_freeze__2019-01-25__17_38_05__fault,src/modules/land_detector,4.0215792830240824e-05,24.0
fixed_all,inav_local_z_freeze__2019-01-25__17_38_05__fault,src/modules/landing_target_estimator,0.0,
fixed_all,inav_local_z_freeze__2019-01-25__17_38_05__fault,src/modules/load_mon,0.0022806161187724702,13.0
fixed_all,inav_local_z_freeze__2019-01-25__17_38_05__fault,src/modules/logger,0.0,
fixed_all,inav_local_z_freeze__2019-01-25__17_38_05__fault,src/modules/mavlink,0.0,
fixed_all,inav_local_z_freeze__2019-01-25__17_38_05__fault,src/modules/mc_att_control,0.0,
fixed_all,inav_local_z_freeze__2019-01-25__17_38_05__fault,src/modules/mc_pos_control,0.0,
fixed_all,inav_local_z_freeze__2019-01-25__17_38_05__fault,src/modules/navigator,0.0009804892522462536,17.0
fixed_all,inav_local_z_freeze__2019-01-25__17_38_05__fault,src/modules/position_estimator_inav,0.04113713482036899,1.0
fixed_all,inav_local_z_freeze__2019-01-25__17_38_05__fault,src/modules/replay,0.0,
fixed_all,inav_local_z_freeze__2019-01-25__17_38_05__fault,src/modules/sdlog2,0.0,
fixed_all,inav_local_z_freeze__2019-01-25__17_38_05__fault,src/modules/sensors,0.0,
fixed_all,inav_local_z_freeze__2019-01-25__17_38_05__fault,src/modules/simulator,0.00384209403629044,2.0
fixed_all,inav_local_z_freeze__2019-01-25__17_38_05__fault,src/modules/syslink,0.0,
fixed_all,inav_local_z_freeze__2019-01-25__17_38_05__fault,src/modules/uavcan,0.0032523718156550283,11.0
fixed_all,inav_local_z_freeze__2019-01-25__17_38_05__fault,src/modules/vtol_att_control,0.0016740243277295237,15.0
fixed_all,inav_local_z_freeze__2019-01-25__17_38_05__fault,src/modules/wind_estimator,0.0,
fixed_all,inav_local_z_freeze__2019-01-25__17_38_05__fault,src/platforms/posix/drivers/df_bebop_bus_wrapper,0.002917913254050576,12.0
fixed_all,inav_local_z_freeze__2019-01-25__17_38_05__fault,src/platforms/posix/drivers/df_bebop_rangefinder_wrapper,1.9814148664244418e-05,29.0
fixed_all,inav_local_z_freeze__2019-01-25__17_38_05__fault,src/platforms/posix/drivers/df_isl29501_wrapper,1.9814148664244418e-05,29.0
fixed_all,inav_local_z_freeze__2019-01-25__17_38_05__fault,src/platforms/posix/drivers/df_ltc2946_wrapper,0.0,
fixed_all,inav_local_z_freeze__2019-01-25__17_38_05__fault,src/platforms/posix/drivers/df_trone_wrapper,1.9814148664244418e-05,29.0
fixed_all,inav_local_z_freeze__2019-01-25__17_38_05__fault,src/platforms/qurt/fc_addon/uart_esc,0.0032523718156550283,11.0
fixed_all,inav_local_z_freeze__2019-01-25__17_38_05__fault,src/platforms/qurt/tests/muorb,0.0017199571157994996,14.0
fixed_all,inav_local_z_freeze__2019-01-25__17_38_05__fault,src/templates/module,0.0,
fixed_all,inav_local_z_freeze__2019-03-06__08_02_26__baseline,src/drivers/batt_smbus,0.0,
fixed_all,inav_local_z_freeze__2019-03-06__08_02_26__baseline,src/drivers/blinkm,0.0,
fixed_all,inav_local_z_freeze__2019-03-06__08_02_26__baseline,src/drivers/camera_trigger,0.0,
fixed_all,inav_local_z_freeze__2019-03-06__08_02_26__baseline,src/drivers/distance_sensor,0.0,
fixed_all,inav_local_z_freeze__2019-03-06__08_02_26__baseline,src/drivers/linux_pwm_out,0.0,
fixed_all,inav_local_z_freeze__2019-03-06__08_02_26__baseline,src/drivers/mkblctrl,0.0,
fixed_all,inav_local_z_freeze__2019-03-06__08_02_26__baseline,src/drivers/pwm_out_sim,0.0,
fixed_all,inav_local_z_freeze__2019-03-06__08_02_26__baseline,src/drivers/px4flow,0.0,
fixed_all,inav_local_z_freeze__2019-03-06__08_02_26__baseline,src/drivers/px4fmu,0.0,
fixed_all,inav_local_z_freeze__2019-03-06__08_02_26__baseline,src/drivers/px4io,0.0,
fixed_all,inav_local_z_freeze__2019-03-06__08_02_26__baseline,src/drivers/snapdragon_pwm_out,0.0,
fixed_all,inav_local_z_freeze__2019-03-06__08_02_26__baseline,src/drivers/tap_esc,0.0,
fixed_all,inav_local_z_freeze__2019-03-06__08_02_26__baseline,src/drivers/telemetry,0.0,
fixed_all,inav_local_z_freeze__2019-03-06__08_02_26__baseline,src/drivers/vmount,0.0,
fixed_all,inav_local_z_freeze__2019-03-06__08_02_26__baseline,src/examples/fixedwing_control,0.0,
fixed_all,inav_local_z_freeze__2019-03-06__08_02_26__baseline,src/examples/hwtest,0.0,
fixed_all,inav_local_z_freeze__2019-03-06__08_02_26__baseline,src/examples/px4_simple_app,0.0,
fixed_all,inav_local_z_freeze__2019-03-06__08_02_26__baseline,src/examples/rover_steering_control,0.0,
fixed_all,inav_local_z_freeze__2019-03-06__08_02_26__baseline,src/examples/uuv_example_app,0.0,
fixed_all,inav_local_z_freeze__2019-03-06__08_02_26__baseline,src/modules/attitude_estimator_q,0.0,
fixed_all,inav_local_z_freeze__2019-03-06__08_02_26__baseline,src/modules/camera_feedback,0.0,
fixed_all,inav_local_z_freeze__2019-03-06__08_02_26__baseline,src/modules/commander,0.0,
fixed_all,inav_local_z_freeze__2019-03-06__08_02_26__baseline,src/modules/ekf2,0.0,
fixed_all,inav_local_z_freeze__2019-03-06__08_02_26__baseline,src/modules/events,0.0,
fixed_all,inav_local_z_freeze__2019-03-06__08_02_26__baseline,src/modules/fw_att_control,0.0,
fixed_all,inav_local_z_freeze__2019-03-06__08_02_26__baseline,src/modules/fw_pos_control_l1,0.0,
fixed_all,inav_local_z_freeze__2019-03-06__08_02_26__baseline,src/modules/gnd_att_control,0.0,
fixed_all,inav_local_z_freeze__2019-03-06__08_02_26__baseline,src/modules/gnd_pos_control,0.0,
fixed_all,inav_local_z_freeze__2019-03-06__08_02_26__baseline,src/modules/gpio_led,0.0,
fixed_all,inav_local_z_freeze__2019-03-06__08_02_26__baseline,src/modules/land_detector,0.0,
fixed_all,inav_local_z_freeze__2019-03-06__08_02_26__baseline,src/modules/landing_target_estimator,0.0,
fixed_all,inav_local_z_freeze__2019-03-06__08_02_26__baseline,src/modules/load_mon,0.0,
fixed_all,inav_local_z_freeze__2019-03-06__08_02_26__baseline,src/modules/logger,0.0,
fixed_all,inav_local_z_freeze__2019-03-06__08_02_26__baseline,src/modules/mavlink,0.0,
fixed_all,inav_local_z_freeze__2019-03-06__08_02_26__baseline,src/modules/mc_att_control,0.0,
fixed_all,inav_local_z_freeze__2019-03-06__08_02_26__baseline,src/modules/mc_pos_control,0.0,
fixed_all,inav_local_z_freeze__2019-03-06__08_02_26__baseline,src/modules/navigator,0.0,
fixed_all,inav_local_z_freeze__2019-03-06__08_02_26__baseline,src/modules/position_estimator_inav,0.0,
fixed_all,inav_local_z_freeze__2019-03-06__08_02_26__baseline,src/modules/replay,0.0,
fixed_all,inav_local_z_freeze__2019-03-06__08_02_26__baseline,src/modules/sdlog2,0.0,
fixed_all,inav_local_z_freeze__2019-03-06__08_02_26__baseline,src/modules/sensors,0.0,
fixed_all,inav_local_z_freeze__2019-03-06__08_02_26__baseline,src/modules/simulator,0.0,
fixed_all,inav_local_z_freeze__2019-03-06__08_02_26__baseline,src/modules/syslink,0.0,
fixed_all,inav_local_z_freeze__2019-03-06__08_02_26__baseline,src/modules/uavcan,0.0,
fixed_all,inav_local_z_freeze__2019-03-06__08_02_26__baseline,src/modules/vtol_att_control,0.0,
fixed_all,inav_local_z_freeze__2019-03-06__08_02_26__baseline,src/modules/wind_estimator,0.0,
fixed_all,inav_local_z_freeze__2019-03-06__08_02_26__baseline,src/platforms/posix/drivers/df_bebop_bus_wrapper,0.0,
fixed_all,inav_local_z_freeze__2019-03-06__08_02_26__baseline,src/platforms/posix/drivers/df_bebop_rangefinder_wrapper,0.0,
fixed_all,inav_local_z_freeze__2019-03-06__08_02_26__baseline,src/platforms/posix/drivers/df_isl29501_wrapper,0.0,
fixed_all,inav_local_z_freeze__2019-03-06__08_02_26__baseline,src/platforms/posix/drivers/df_ltc2946_wrapper,0.0,
fixed_all,inav_local_z_freeze__2019-03-06__08_02_26__baseline,src/platforms/posix/drivers/df_trone_wrapper,0.0,
fixed_all,inav_local_z_freeze__2019-03-06__08_02_26__baseline,src/platforms/qurt/fc_addon/uart_esc,0.0,
fixed_all,inav_local_z_freeze__2019-03-06__08_02_26__baseline,src/platforms/qurt/tests/muorb,0.0,
fixed_all,inav_local_z_freeze__2019-03-06__08_02_26__baseline,src/templates/module,0.0,
fixed_all,inav_local_z_freeze__2019-03-06__08_02_26__fault,src/drivers/batt_smbus,0.0,
fixed_all,inav_local_z_freeze__2019-03-06__08_02_26__fault,src/drivers/blinkm,0.0,
fixed_all,inav_local_z_freeze__2019-03-06__08_02_26__fault,src/drivers/camera_trigger,0.0,
fixed_all,inav_local_z_freeze__2019-03-06__08_02_26__fault,src/drivers/distance_sensor,2.9400329309947973e-05,33.0
fixed_all,inav_local_z_freeze__2019-03-06__08_02_26__fault,src/drivers/linux_pwm_out,3.8012057985890396e-05,28.0
fixed_all,inav_local_z_freeze__2019-03-06__08_02_26__fault,src/drivers/mkblctrl,3.8012057985890396e-05,28.0
fixed_all,inav_local_z_freeze__2019-03-06__08_02_26__fault,src/drivers/pwm_out_sim,3.8012057985890396e-05,28.0
fixed_all,inav_local_z_freeze__2019-03-06__08_02_26__fault,src/drivers/px4flow,2.9400329309947973e-05,33.0
fixed_all,inav_local_z_freeze__2019-03-06__08_02_26__fault,src/drivers/px4fmu,3.8012057985890396e-05,28.0
fixed_all,inav_local_z_freeze__2019-03-06__08_02_26__fault,src/drivers/px4io,3.8012057985890396e-05,28.0
fixed_all,inav_local_z_freeze__2019-03-06__08_02_26__fault,src/drivers/snapdragon_pwm_out,3.8012057985890396e-05,28.0
fixed_all,inav_local_z_freeze__2019-03-06__08_02_26__fault,src/drivers/tap_esc,3.8012057985890396e-05,28.0
fixed_all,inav_local_z_freeze__2019-03-06__08_02_26__fault,src/drivers/telemetry,0.0005726816642144206,18.0
fixed_all,inav_local_z_freeze__2019-03-06__08_02_26__fault,src/drivers/vmount,0.0,
fixed_all,inav_local_z_freeze__2019-03-06__08_02_26__fault,src/examples/fixedwing_control,0.0021390147434847294,10.0
fixed_all,inav_local_z_freeze__2019-03-06__08_02_26__fault,src/examples/hwtest,0.013940839357478451,5.0
fixed_all,inav_local_z_freeze__2019-03-06__08_02_26__fault,src/examples/px4_simple_app,0.002015306428611957,12.0
fixed_all,inav_local_z_freeze__2019-03-06__08_02_26__fault,src/examples/rover_steering_control,0.0,
fixed_all,inav_local_z_freeze__2019-03-06__08_02_26__fault,src/examples/uuv_example_app,0.013940839357478451,5.0
fixed_all,inav_local_z_freeze__2019-03-06__08_02_26__fault,src/modules/attitude_estimator_q,0.002015306428611957,12.0
fixed_all,inav_local_z_freeze__2019-03-06__08_02_26__fault,src/modules/camera_feedback,0.0,
fixed_all,inav_local_z_freeze__2019-03-06__08_02_26__fault,src/modules/commander,1.8052918139386377e-05,35.0
fixed_all,inav_local_z_freeze__2019-03-06__08_02_26__fault,src/modules/ekf2,0.0026315934205308014,6.0
fixed_all,inav_local_z_freeze__2019-03-06__08_02_26__fault,src/modules/events,0.0,
fixed_all,inav_local_z_freeze__2019-03-06__08_02_26__fault,src/modules/fw_att_control,1.0340845532109492e-07,37.0
fixed_all,inav_local_z_freeze__2019-03-06__08_02_26__fault,src/modules/fw_pos_control_l1,0.0,
fixed_all,inav_local_z_freeze__2019-03-06__08_02_26__fault,src/modules/gnd_att_control,0.0,
fixed_all,inav_local_z_freeze__2019-03-06__08_02_26__fault,src/modules/gnd_pos_control,0.00216504363133725,9.0
fixed_all,inav_local_z_freeze__2019-03-06__08_02_26__fault,src/modules/gpio_led,0.0,
fixed_all,inav_local_z_freeze__2019-03-06__08_02_26__fault,src/modules/land_detector,2.2916452216749113e-05,34.0
fixed_all,inav_local_z_freeze__2019-03-06__08_02_26__fault,src/modules/landing_target_estimator,0.0,
fixed_all,inav_local_z_freeze__2019-03-06__08_02_26__fault,src/modules/load_mon,0.0006643128804017383,15.0
fixed_all,inav_local_z_freeze__2019-03-06__08_02_26__fault,src/modules/logger,0.0,
fixed_all,inav_local_z_freeze__2019-03-06__08_02_26__fault,src/modules/mavlink,0.0471789522721313,2.0
fixed_all,inav_local_z_freeze__2019-03-06__08_02_26__fault,src/modules/mc_att_control,1.0340845532109492e-07,37.0
fixed_all,inav_local_z_freeze__2019-03-06__08_02_26__fault,src/modules/mc_pos_control,0.0,
fixed_all,inav_local_z_freeze__2019-03-06__08_02_26__fault,src/modules/navigator,0.00216504363133725,9.0
fixed_all,inav_local_z_freeze__2019-03-06__08_02_26__fault,src/modules/position_estimator_inav,0.053111425786439376,1.0
fixed_all,inav_local_z_freeze__2019-03-06__08_02_26__fault,src/modules/replay,0.0,
fixed_all,inav_local_z_freeze__2019-03-06__08_02_26__fault,src/modules/sdlog2,0.0,
fixed_all,inav_local_z_freeze__2019-03-06__08_02_26__fault,src/modules/sensors,0.0016646551384075854,14.0
fixed_all,inav_local_z_freeze__2019-03-06__08_02_26__fault,src/modules/simulator,0.0017125055257171257,13.0
fixed_all,inav_local_z_freeze__2019-03-06__08_02_26__fault,src/modules/syslink,0.0005726816642144206,18.0
fixed_all,inav_local_z_freeze__2019-03-06__08_02_26__fault,src/modules/uavcan,3.8012057985890396e-05,28.0
fixed_all,inav_local_z_freeze__2019-03-06__08_02_26__fault,src/modules/vtol_att_control,0.016023110280044894,3.0
fixed_all,inav_local_z_freeze__2019-03-06__08_02_26__fault,src/modules/wind_estimator,0.0,
fixed_all,inav_local_z_freeze__2019-03-06__08_02_26__fault,src/platforms/posix/drivers/df_bebop_bus_wrapper,0.0004609515927222992,19.0
fixed_all,inav_local_z_freeze__2019-03-06__08_02_26__fault,src/platforms/posix/drivers/df_bebop_rangefinder_wrapper,2.9400329309947973e-05,33.0
fixed_all,inav_local_z_freeze__2019-03-06__08_02_26__fault,src/platforms/posix/drivers/df_isl29501_wrapper,2.9400329309947973e-05,33.0
fixed_all,inav_local_z_freeze__2019-03-06__08_02_26__fault,src/platforms/posix/drivers/df_ltc2946_wrapper,0.0005726816642144206,18.0
fixed_all,inav_local_z_freeze__2019-03-06__08_02_26__fault,src/platforms/posix/drivers/df_trone_wrapper,2.9400329309947973e-05,33.0
fixed_all,inav_local_z_freeze__2019-03-06__08_02_26__fault,src/platforms/qurt/fc_addon/uart_esc,3.8012057985890396e-05,28.0
fixed_all,inav_local_z_freeze__2019-03-06__08_02_26__fault,src/platforms/qurt/tests/muorb,0.0025076607585019215,7.0
fixed_all,inav_local_z_freeze__2019-03-06__08_02_26__fault,src/templates/module,0.0,
fixed_all,land_detector_state_inversion__2019-01-18__08_39_38__baseline,src/drivers/batt_smbus,0.0,
fixed_all,land_detector_state_inversion__2019-01-18__08_39_38__baseline,src/drivers/blinkm,0.0,
fixed_all,land_detector_state_inversion__2019-01-18__08_39_38__baseline,src/drivers/camera_trigger,0.0,
fixed_all,land_detector_state_inversion__2019-01-18__08_39_38__baseline,src/drivers/distance_sensor,0.0,
fixed_all,land_detector_state_inversion__2019-01-18__08_39_38__baseline,src/drivers/linux_pwm_out,0.0,
fixed_all,land_detector_state_inversion__2019-01-18__08_39_38__baseline,src/drivers/mkblctrl,0.0,
fixed_all,land_detector_state_inversion__2019-01-18__08_39_38__baseline,src/drivers/pwm_out_sim,0.0,
fixed_all,land_detector_state_inversion__2019-01-18__08_39_38__baseline,src/drivers/px4flow,0.0,
fixed_all,land_detector_state_inversion__2019-01-18__08_39_38__baseline,src/drivers/px4fmu,0.0,
fixed_all,land_detector_state_inversion__2019-01-18__08_39_38__baseline,src/drivers/px4io,0.0,
fixed_all,land_detector_state_inversion__2019-01-18__08_39_38__baseline,src/drivers/snapdragon_pwm_out,0.0,
fixed_all,land_detector_state_inversion__2019-01-18__08_39_38__baseline,src/drivers/tap_esc,0.0,
fixed_all,land_detector_state_inversion__2019-01-18__08_39_38__baseline,src/drivers/telemetry,0.0,
fixed_all,land_detector_state_inversion__2019-01-18__08_39_38__baseline,src/drivers/vmount,0.0,
fixed_all,land_detector_state_inversion__2019-01-18__08_39_38__baseline,src/examples/fixedwing_control,0.0,
fixed_all,land_detector_state_inversion__2019-01-18__08_39_38__baseline,src/examples/hwtest,0.0,
fixed_all,land_detector_state_inversion__2019-01-18__08_39_38__baseline,src/examples/px4_simple_app,0.0,
fixed_all,land_detector_state_inversion__2019-01-18__08_39_38__baseline,src/examples/rover_steering_control,0.0,
fixed_all,land_detector_state_inversion__2019-01-18__08_39_38__baseline,src/examples/uuv_example_app,0.0,
fixed_all,land_detector_state_inversion__2019-01-18__08_39_38__baseline,src/modules/attitude_estimator_q,0.0,
fixed_all,land_detector_state_inversion__2019-01-18__08_39_38__baseline,src/modules/camera_feedback,0.0,
fixed_all,land_detector_state_inversion__2019-01-18__08_39_38__baseline,src/modules/commander,0.0,
fixed_all,land_detector_state_inversion__2019-01-18__08_39_38__baseline,src/modules/ekf2,0.0,
fixed_all,land_detector_state_inversion__2019-01-18__08_39_38__baseline,src/modules/events,0.0,
fixed_all,land_detector_state_inversion__2019-01-18__08_39_38__baseline,src/modules/fw_att_control,0.0,
fixed_all,land_detector_state_inversion__2019-01-18__08_39_38__baseline,src/modules/fw_pos_control_l1,0.0,
fixed_all,land_detector_state_inversion__2019-01-18__08_39_38__baseline,src/modules/gnd_att_control,0.0,
fixed_all,land_detector_state_inversion__2019-01-18__08_39_38__baseline,src/modules/gnd_pos_control,0.0,
fixed_all,land_detector_state_inversion__2019-01-18__08_39_38__baseline,src/modules/gpio_led,0.0,
fixed_all,land_detector_state_inversion__2019-01-18__08_39_38__baseline,src/modules/land_detector,0.0,
fixed_all,land_detector_state_inversion__2019-01-18__08_39_38__baseline,src/modules/landing_target_estimator,0.0,
fixed_all,land_detector_state_inversion__2019-01-18__08_39_38__baseline,src/modules/load_mon,0.0,
fixed_all,land_detector_state_inversion__2019-01-18__08_39_38__baseline,src/modules/logger,0.0,
fixed_all,land_detector_state_inversion__2019-01-18__08_39_38__baseline,src/modules/mavlink,0.0,
fixed_all,land_detector_state_inversion__2019-01-18__08_39_38__baseline,src/modules/mc_att_control,0.0,
fixed_all,land_detector_state_inversion__2019-01-18__08_39_38__baseline,src/modules/mc_pos_control,0.0,
fixed_all,land_detector_state_inversion__2019-01-18__08_39_38__baseline,src/modules/navigator,0.0,
fixed_all,land_detector_state_inversion__2019-01-18__08_39_38__baseline,src/modules/position_estimator_inav,0.0,
fixed_all,land_detector_state_inversion__2019-01-18__08_39_38__baseline,src/modules/replay,0.0,
fixed_all,land_detector_state_inversion__2019-01-18__08_39_38__baseline,src/modules/sdlog2,0.0,
fixed_all,land_detector_state_inversion__2019-01-18__08_39_38__baseline,src/modules/sensors,0.0,
fixed_all,land_detector_state_inversion__2019-01-18__08_39_38__baseline,src/modules/simulator,0.0,
fixed_all,land_detector_state_inversion__2019-01-18__08_39_38__baseline,src/modules/syslink,0.0,
fixed_all,land_detector_state_inversion__2019-01-18__08_39_38__baseline,src/modules/uavcan,0.0,
fixed_all,land_detector_state_inversion__2019-01-18__08_39_38__baseline,src/modules/vtol_att_control,0.0,
fixed_all,land_detector_state_inversion__2019-01-18__08_39_38__baseline,src/modules/wind_estimator,0.0,
fixed_all,land_detector_state_inversion__2019-01-18__08_39_38__baseline,src/platforms/posix/drivers/df_bebop_bus_wrapper,0.0,
fixed_all,land_detector_state_inversion__2019-01-18__08_39_38__baseline,src/platforms/posix/drivers/df_bebop_rangefinder_wrapper,0.0,
fixed_all,land_detector_state_inversion__2019-01-18__08_39_38__baseline,src/platforms/posix/drivers/df_isl29501_wrapper,0.0,
fixed_all,land_detector_state_inversion__2019-01-18__08_39_38__baseline,src/platforms/posix/drivers/df_ltc2946_wrapper,0.0,
fixed_all,land_detector_state_inversion__2019-01-18__08_39_38__baseline,src/platforms/posix/drivers/df_trone_wrapper,0.0,
fixed_all,land_detector_state_inversion__2019-01-18__08_39_38__baseline,src/platforms/qurt/fc_addon/uart_esc,0.0,
fixed_all,land_detector_state_inversion__2019-01-18__08_39_38__baseline,src/platforms/qurt/tests/muorb,0.0,
fixed_all,land_detector_state_inversion__2019-01-18__08_39_38__baseline,src/templates/module,0.0,
fixed_all,land_detector_state_inversion__2019-01-18__08_39_38__fault,src/drivers/batt_smbus,0.0,
fixed_all,land_detector_state_inversion__2019-01-18__08_39_38__fault,src/drivers/blinkm,0.0,
fixed_all,land_detector_state_inversion__2019-01-18__08_39_38__fault,src/drivers/camera_trigger,0.0,
fixed_all,land_detector_state_inversion__2019-01-18__08_39_38__fault,src/drivers/distance_sensor,1.2077292939765218e-06,35.0
fixed_all,land_detector_state_inversion__2019-01-18__08_39_38__fault,src/drivers/linux_pwm_out,0.00011471911295194979,23.0
fixed_all,land_detector_state_inversion__2019-01-18__08_39_38__fault,src/drivers/mkblctrl,0.00011471911295194979,23.0
fixed_all,land_detector_state_inversion__2019-01-18__08_39_38__fault,src/drivers/pwm_out_sim,0.00011471911295194979,23.0
fixed_all,land_detector_state_inversion__2019-01-18__08_39_38__fault,src/drivers/px4flow,1.2077292939765218e-06,35.0
fixed_all,land_detector_state_inversion__2019-01-18__08_39_38__fault,src/drivers/px4fmu,0.00011471911295194979,23.0
fixed_all,land_detector_state_inversion__2019-01-18__08_39_38__fault,src/drivers/px4io,0.00011471911295194979,23.0
fixed_all,land_detector_state_inversion__2019-01-18__08_39_38__fault,src/drivers/snapdragon_pwm_out,0.00011471911295194979,23.0
fixed_all,land_detector_state_inversion__2019-01-18__08_39_38__fault,src/drivers/tap_esc,0.00011471911295194979,23.0
fixed_all,land_detector_state_inversion__2019-01-18__08_39_38__fault,src/drivers/telemetry,0.00015571368321349886,14.0
fixed_all,land_detector_state_inversion__2019-01-18__08_39_38__fault,src/drivers/vmount,0.0,
fixed_all,land_detector_state_inversion__2019-01-18__08_39_38__fault,src/examples/fixedwing_control,6.353238205928734e-05,28.0
fixed_all,land_detector_state_inversion__2019-01-18__08_39_38__fault,src/examples/hwtest,0.0009910921454596557,7.0
fixed_all,land_detector_state_inversion__2019-01-18__08_39_38__fault,src/examples/px4_simple_app,0.00011173193661108944,25.0
fixed_all,land_detector_state_inversion__2019-01-18__08_39_38__fault,src/examples/rover_steering_control,0.0,
fixed_all,land_detector_state_inversion__2019-01-18__08_39_38__fault,src/examples/uuv_example_app,0.0009910921454596557,7.0
fixed_all,land_detector_state_inversion__2019-01-18__08_39_38__fault,src/modules/attitude_estimator_q,0.00011173193661108944,25.0
fixed_all,land_detector_state_inversion__2019-01-18__08_39_38__fault,src/modules/camera_feedback,0.0,
fixed_all,land_detector_state_inversion__2019-01-18__08_39_38__fault,src/modules/commander,0.0,
fixed_all,land_detector_state_inversion__2019-01-18__08_39_38__fault,src/modules/ekf2,0.010009431592434875,4.0
fixed_all,land_detector_state_inversion__2019-01-18__08_39_38__fault,src/modules/events,0.0,
fixed_all,land_detector_state_inversion__2019-01-18__08_39_38__fault,src/modules/fw_att_control,6.711470239033316e-05,27.0
fixed_all,land_detector_state_inversion__2019-01-18__08_39_38__fault,src/modules/fw_pos_control_l1,0.0,
fixed_all,land_detector_state_inversion__2019-01-18__08_39_38__fault,src/modules/gnd_att_control,0.0,
fixed_all,land_detector_state_inversion__2019-01-18__08_39_38__fault,src/modules/gnd_pos_control,1.4833852575672828e-05,30.0
fixed_all,land_detector_state_inversion__2019-01-18__08_39_38__fault,src/modules/gpio_led,0.0,
fixed_all,land_detector_state_inversion__2019-01-18__08_39_38__fault,src/modules/land_detector,0.0,
fixed_all,land_detector_state_inversion__2019-01-18__08_39_38__fault,src/modules/landing_target_estimator,0.0,
fixed_all,land_detector_state_inversion__2019-01-18__08_39_38__fault,src/modules/load_mon,0.015901616600744607,1.0
fixed_all,land_detector_state_inversion__2019-01-18__08_39_38__fault,src/modules/logger,0.0,
fixed_all,land_detector_state_inversion__2019-01-18__08_39_38__fault,src/modules/mavlink,0.0018100122840605732,5.0
fixed_all,land_detector_state_inversion__2019-01-18__08_39_38__fault,src/modules/mc_att_control,6.711470239033316e-05,27.0
fixed_all,land_detector_state_inversion__2019-01-18__08_39_38__fault,src/modules/mc_pos_control,0.0,
fixed_all,land_detector_state_inversion__2019-01-18__08_39_38__fault,src/modules/navigator,1.4833852575672828e-05,30.0
fixed_all,land_detector_state_inversion__2019-01-18__08_39_38__fault,src/modules/position_estimator_inav,0.0005598269600445197,9.0
fixed_all,land_detector_state_inversion__2019-01-18__08_39_38__fault,src/modules/replay,0.0,
fixed_all,land_detector_state_inversion__2019-01-18__08_39_38__fault,src/modules/sdlog2,0.0,
fixed_all,land_detector_state_inversion__2019-01-18__08_39_38__fault,src/modules/sensors,0.010290704952865848,3.0
fixed_all,land_detector_state_inversion__2019-01-18__08_39_38__fault,src/modules/simulator,0.00019248844016417867,11.0
fixed_all,land_detector_state_inversion__2019-01-18__08_39_38__fault,src/modules/syslink,0.00015571368321349886,14.0
fixed_all,land_detector_state_inversion__2019-01-18__08_39_38__fault,src/modules/uavcan,0.00011471911295194979,23.0
fixed_all,land_detector_state_inversion__2019-01-18__08_39_38__fault,src/modules/vtol_att_control,0.000989275046814593,8.0
fixed_all,land_detector_state_inversion__2019-01-18__08_39_38__fault,src/modules/wind_estimator,0.0,
fixed_all,land_detector_state_inversion__2019-01-18__08_39_38__fault,src/platforms/posix/drivers/df_bebop_bus_wrapper,0.0002603604645114893,10.0
fixed_all,land_detector_state_inversion__2019-01-18__08_39_38__fault,src/platforms/posix/drivers/df_bebop_rangefinder_wrapper,1.2077292939765218e-06,35.0
fixed_all,land_detector_state_inversion__2019-01-18__08_39_38__fault,src/platforms/posix/drivers/df_isl29501_wrapper,1.2077292939765218e-06,35.0
fixed_all,land_detector_state_inversion__2019-01-18__08_39_38__fault,src/platforms/posix/drivers/df_ltc2946_wrapper,0.00015571368321349886,14.0
fixed_all,land_detector_state_inversion__2019-01-18__08_39_38__fault,src/platforms/posix/drivers/df_trone_wrapper,1.2077292939765218e-06,35.0
fixed_all,land_detector_state_inversion__2019-01-18__08_39_38__fault,src/platforms/qurt/fc_addon/uart_esc,0.00011471911295194979,23.0
fixed_all,land_detector_state_inversion__2019-01-18__08_39_38__fault,src/platforms/qurt/tests/muorb,0.010722680732340215,2.0
fixed_all,land_detector_state_inversion__2019-01-18__08_39_38__fault,src/templates/module,0.0,
fixed_all,land_detector_state_inversion__2019-01-25__17_38_05__baseline,src/drivers/batt_smbus,0.0,
fixed_all,land_detector_state_inversion__2019-01-25__17_38_05__baseline,src/drivers/blinkm,0.0,
fixed_all,land_detector_state_inversion__2019-01-25__17_38_05__baseline,src/drivers/camera_trigger,0.0,
fixed_all,land_detector_state_inversion__2019-01-25__17_38_05__baseline,src/drivers/distance_sensor,0.0,
fixed_all,land_detector_state_inversion__2019-01-25__17_38_05__baseline,src/drivers/linux_pwm_out,0.0,
fixed_all,land_detector_state_inversion__2019-01-25__17_38_05__baseline,src/drivers/mkblctrl,0.0,
fixed_all,land_detector_state_inversion__2019-01-25__17_38_05__baseline,src/drivers/pwm_out_sim,0.0,
fixed_all,land_detector_state_inversion__2019-01-25__17_38_05__baseline,src/drivers/px4flow,0.0,
fixed_all,land_detector_state_inversion__2019-01-25__17_38_05__baseline,src/drivers/px4fmu,0.0,
fixed_all,land_detector_state_inversion__2019-01-25__17_38_05__baseline,src/drivers/px4io,0.0,
fixed_all,land_detector_state_inversion__2019-01-25__17_38_05__baseline,src/drivers/snapdragon_pwm_out,0.0,
fixed_all,land_detector_state_inversion__2019-01-25__17_38_05__baseline,src/drivers/tap_esc,0.0,
fixed_all,land_detector_state_inversion__2019-01-25__17_38_05__baseline,src/drivers/telemetry,0.0,
fixed_all,land_detector_state_inversion__2019-01-25__17_38_05__baseline,src/drivers/vmount,0.0,
fixed_all,land_detector_state_inversion__2019-01-25__17_38_05__baseline,src/examples/fixedwing_control,0.0,
fixed_all,land_detector_state_inversion__2019-01-25__17_38_05__baseline,src/examples/hwtest,0.0,
fixed_all,land_detector_state_inversion__2019-01-25__17_38_05__baseline,src/examples/px4_simple_app,0.0,
fixed_all,land_detector_state_inversion__2019-01-25__17_38_05__baseline,src/examples/rover_steering_control,0.0,
fixed_all,land_detector_state_inversion__2019-01-25__17_38_05__baseline,src/examples/uuv_example_app,0.0,
fixed_all,land_detector_state_inversion__2019-01-25__17_38_05__baseline,src/modules/attitude_estimator_q,0.0,
fixed_all,land_detector_state_inversion__2019-01-25__17_38_05__baseline,src/modules/camera_feedback,0.0,
fixed_all,land_detector_state_inversion__2019-01-25__17_38_05__baseline,src/modules/commander,0.0,
fixed_all,land_detector_state_inversion__2019-01-25__17_38_05__baseline,src/modules/ekf2,0.0,
fixed_all,land_detector_state_inversion__2019-01-25__17_38_05__baseline,src/modules/events,0.0,
fixed_all,land_detector_state_inversion__2019-01-25__17_38_05__baseline,src/modules/fw_att_control,0.0,
fixed_all,land_detector_state_inversion__2019-01-25__17_38_05__baseline,src/modules/fw_pos_control_l1,0.0,
fixed_all,land_detector_state_inversion__2019-01-25__17_38_05__baseline,src/modules/gnd_att_control,0.0,
fixed_all,land_detector_state_inversion__2019-01-25__17_38_05__baseline,src/modules/gnd_pos_control,0.0,
fixed_all,land_detector_state_inversion__2019-01-25__17_38_05__baseline,src/modules/gpio_led,0.0,
fixed_all,land_detector_state_inversion__2019-01-25__17_38_05__baseline,src/modules/land_detector,0.0,
fixed_all,land_detector_state_inversion__2019-01-25__17_38_05__baseline,src/modules/landing_target_estimator,0.0,
fixed_all,land_detector_state_inversion__2019-01-25__17_38_05__baseline,src/modules/load_mon,0.0,
fixed_all,land_detector_state_inversion__2019-01-25__17_38_05__baseline,src/modules/logger,0.0,
fixed_all,land_detector_state_inversion__2019-01-25__17_38_05__baseline,src/modules/mavlink,0.0,
fixed_all,land_detector_state_inversion__2019-01-25__17_38_05__baseline,src/modules/mc_att_control,0.0,
fixed_all,land_detector_state_inversion__2019-01-25__17_38_05__baseline,src/modules/mc_pos_control,0.0,
fixed_all,land_detector_state_inversion__2019-01-25__17_38_05__baseline,src/modules/navigator,0.0,
fixed_all,land_detector_state_inversion__2019-01-25__17_38_05__baseline,src/modules/position_estimator_inav,0.0,
fixed_all,land_detector_state_inversion__2019-01-25__17_38_05__baseline,src/modules/replay,0.0,
fixed_all,land_detector_state_inversion__2019-01-25__17_38_05__baseline,src/modules/sdlog2,0.0,
fixed_all,land_detector_state_inversion__2019-01-25__17_38_05__baseline,src/modules/sensors,0.0,
fixed_all,land_detector_state_inversion__2019-01-25__17_38_05__baseline,src/modules/simulator,0.0,
fixed_all,land_detector_state_inversion__2019-01-25__17_38_05__baseline,src/modules/syslink,0.0,
fixed_all,land_detector_state_inversion__2019-01-25__17_38_05__baseline,src/modules/uavcan,0.0,
fixed_all,land_detector_state_inversion__2019-01-25__17_38_05__baseline,src/modules/vtol_att_control,0.0,
fixed_all,land_detector_state_inversion__2019-01-25__17_38_05__baseline,src/modules/wind_estimator,0.0,
fixed_all,land_detector_state_inversion__2019-01-25__17_38_05__baseline,src/platforms/posix/drivers/df_bebop_bus_wrapper,0.0,
fixed_all,land_detector_state_inversion__2019-01-25__17_38_05__baseline,src/platforms/posix/drivers/df_bebop_rangefinder_wrapper,0.0,
fixed_all,land_detector_state_inversion__2019-01-25__17_38_05__baseline,src/platforms/posix/drivers/df_isl29501_wrapper,0.0,
fixed_all,land_detector_state_inversion__2019-01-25__17_38_05__baseline,src/platforms/posix/drivers/df_ltc2946_wrapper,0.0,
fixed_all,land_detector_state_inversion__2019-01-25__17_38_05__baseline,src/platforms/posix/drivers/df_trone_wrapper,0.0,
fixed_all,land_detector_state_inversion__2019-01-25__17_38_05__baseline,src/platforms/qurt/fc_addon/uart_esc,0.0,
fixed_all,land_detector_state_inversion__2019-01-25__17_38_05__baseline,src/platforms/qurt/tests/muorb,0.0,
fixed_all,land_detector_state_inversion__2019-01-25__17_38_05__baseline,src/templates/module,0.0,
fixed_all,land_detector_state_inversion__2019-01-25__17_38_05__fault,src/drivers/batt_smbus,0.0,
fixed_all,land_detector_state_inversion__2019-01-25__17_38_05__fault,src/drivers/blinkm,0.0,
fixed_all,land_detector_state_inversion__2019-01-25__17_38_05__fault,src/drivers/camera_trigger,0.0,
fixed_all,land_detector_state_inversion__2019-01-25__17_38_05__fault,src/drivers/distance_sensor,0.0,
fixed_all,land_detector_state_inversion__2019-01-25__17_38_05__fault,src/drivers/linux_pwm_out,3.5863912279721653e-05,15.0
fixed_all,land_detector_state_inversion__2019-01-25__17_38_05__fault,src/drivers/mkblctrl,3.5863912279721653e-05,15.0
fixed_all,land_detector_state_inversion__2019-01-25__17_38_05__fault,src/drivers/pwm_out_sim,3.5863912279721653e-05,15.0
fixed_all,land_detector_state_inversion__2019-01-25__17_38_05__fault,src/drivers/px4flow,0.0,
fixed_all,land_detector_state_inversion__2019-01-25__17_38_05__fault,src/drivers/px4fmu,3.5863912279721653e-05,15.0
fixed_all,land_detector_state_inversion__2019-01-25__17_38_05__fault,src/drivers/px4io,3.5863912279721653e-05,15.0
fixed_all,land_detector_state_inversion__2019-01-25__17_38_05__fault,src/drivers/snapdragon_pwm_out,3.5863912279721653e-05,15.0
fixed_all,land_detector_state_inversion__2019-01-25__17_38_05__fault,src/drivers/tap_esc,3.5863912279721653e-05,15.0
fixed_all,land_detector_state_inversion__2019-01-25__17_38_05__fault,src/drivers/telemetry,1.0504722931586712e-05,22.0
fixed_all,land_detector_state_inversion__2019-01-25__17_38_05__fault,src/drivers/vmount,0.0,
fixed_all,land_detector_state_inversion__2019-01-25__17_38_05__fault,src/examples/fixedwing_control,2.6227510729250753e-06,23.0
fixed_all,land_detector_state_inversion__2019-01-25__17_38_05__fault,src/examples/hwtest,1.8319685720464645e-05,18.0
fixed_all,land_detector_state_inversion__2019-01-25__17_38_05__fault,src/examples/px4_simple_app,0.00016361475195340638,3.0
fixed_all,land_detector_state_inversion__2019-01-25__17_38_05__fault,src/examples/rover_steering_control,0.0,
fixed_all,land_detector_state_inversion__2019-01-25__17_38_05__fault,src/examples/uuv_example_app,1.8319685720464645e-05,18.0
fixed_all,land_detector_state_inversion__2019-01-25__17_38_05__fault,src/modules/attitude_estimator_q,0.00016361475195340638,3.0
fixed_all,land_detector_state_inversion__2019-01-25__17_38_05__fault,src/modules/camera_feedback,0.0,
fixed_all,land_detector_state_inversion__2019-01-25__17_38_05__fault,src/modules/commander,0.0,
fixed_all,land_detector_state_inversion__2019-01-25__17_38_05__fault,src/modules/ekf2,0.0,
fixed_all,land_detector_state_inversion__2019-01-25__17_38_05__fault,src/modules/events,0.0,
fixed_all,land_detector_state_inversion__2019-01-25__17_38_05__fault,src/modules/fw_att_control,0.0,
fixed_all,land_detector_state_inversion__2019-01-25__17_38_05__fault,src/modules/fw_pos_control_l1,0.0,
fixed_all,land_detector_state_inversion__2019-01-25__17_38_05__fault,src/modules/gnd_att_control,0.0,
fixed_all,land_detector_state_inversion__2019-01-25__17_38_05__fault,src/modules/gnd_pos_control,0.0,
fixed_all,land_detector_state_inversion__2019-01-25__17_38_05__fault,src/modules/gpio_led,0.0,
fixed_all,land_detector_state_inversion__2019-01-25__17_38_05__fault,src/modules/land_detector,0.0,
fixed_all,land_detector_state_inversion__2019-01-25__17_38_05__fault,src/modules/landing_target_estimator,0.0,
fixed_all,land_detector_state_inversion__2019-01-25__17_38_05__fault,src/modules/load_mon,0.0008562810508499682,1.0
fixed_all,land_detector_state_inversion__2019-01-25__17_38_05__fault,src/modules/logger,0.0,
fixed_all,land_detector_state_inversion__2019-01-25__17_38_05__fault,src/modules/mavlink,6.639194413186426e-05,5.0
fixed_all,land_detector_state_inversion__2019-01-25__17_38_05__fault,src/modules/mc_att_control,0.0,
fixed_all,land_detector_state_inversion__2019-01-25__17_38_05__fault,src/modules/mc_pos_control,0.0,
fixed_all,land_detector_state_inversion__2019-01-25__17_38_05__fault,src/modules/navigator,0.0,
fixed_all,land_detector_state_inversion__2019-01-25__17_38_05__fault,src/modules/position_estimator_inav,0.00010382953367388259,4.0
fixed_all,land_detector_state_inversion__2019-01-25__17_38_05__fault,src/modules/replay,0.0,
fixed_all,land_detector_state_inversion__2019-01-25__17_38_05__fault,src/modules/sdlog2,0.0,
fixed_all,land_detector_state_inversion__2019-01-25__17_38_05__fault,src/modules/sensors,0.0,
fixed_all,land_detector_state_inversion__2019-01-25__17_38_05__fault,src/modules/simulator,1.0504722931586422e-05,22.0
fixed_all,land_detector_state_inversion__2019-01-25__17_38_05__fault,src/modules/syslink,1.0504722931586712e-05,22.0
fixed_all,land_detector_state_inversion__2019-01-25__17_38_05__fault,src/modules/uavcan,3.5863912279721653e-05,15.0
fixed_all,land_detector_state_inversion__2019-01-25__17_38_05__fault,src/modules/vtol_att_control,1.8752402267114648e-05,16.0
fixed_all,land_detector_state_inversion__2019-01-25__17_38_05__fault,src/modules/wind_estimator,0.0,
fixed_all,land_detector_state_inversion__2019-01-25__17_38_05__fault,src/platforms/posix/drivers/df_bebop_bus_wrapper,4.6368635211308656e-05,6.0
fixed_all,land_detector_state_inversion__2019-01-25__17_38_05__fault,src/platforms/posix/drivers/df_bebop_rangefinder_wrapper,0.0,
fixed_all,land_detector_state_inversion__2019-01-25__17_38_05__fault,src/platforms/posix/drivers/df_isl29501_wrapper,0.0,
fixed_all,land_detector_state_inversion__2019-01-25__17_38_05__fault,src/platforms/posix/drivers/df_ltc2946_wrapper,1.0504722931586712e-05,22.0
fixed_all,land_detector_state_inversion__2019-01-25__17_38_05__fault,src/platforms/posix/drivers/df_trone_wrapper,0.0,
fixed_all,land_detector_state_inversion__2019-01-25__17_38_05__fault,src/platforms/qurt/fc_addon/uart_esc,3.5863912279721653e-05,15.0
fixed_all,land_detector_state_inversion__2019-01-25__17_38_05__fault,src/platforms/qurt/tests/muorb,0.0,
fixed_all,land_detector_state_inversion__2019-01-25__17_38_05__fault,src/templates/module,0.0,
fixed_all,land_detector_state_inversion__2019-03-06__08_02_26__baseline,src/drivers/batt_smbus,0.0,
fixed_all,land_detector_state_inversion__2019-03-06__08_02_26__baseline,src/drivers/blinkm,0.0,
fixed_all,land_detector_state_inversion__2019-03-06__08_02_26__baseline,src/drivers/camera_trigger,0.0,
fixed_all,land_detector_state_inversion__2019-03-06__08_02_26__baseline,src/drivers/distance_sensor,0.0,
fixed_all,land_detector_state_inversion__2019-03-06__08_02_26__baseline,src/drivers/linux_pwm_out,0.0,
fixed_all,land_detector_state_inversion__2019-03-06__08_02_26__baseline,src/drivers/mkblctrl,0.0,
fixed_all,land_detector_state_inversion__2019-03-06__08_02_26__baseline,src/drivers/pwm_out_sim,0.0,
fixed_all,land_detector_state_inversion__2019-03-06__08_02_26__baseline,src/drivers/px4flow,0.0,
fixed_all,land_detector_state_inversion__2019-03-06__08_02_26__baseline,src/drivers/px4fmu,0.0,
fixed_all,land_detector_state_inversion__2019-03-06__08_02_26__baseline,src/drivers/px4io,0.0,
fixed_all,land_detector_state_inversion__2019-03-06__08_02_26__baseline,src/drivers/snapdragon_pwm_out,0.0,
fixed_all,land_detector_state_inversion__2019-03-06__08_02_26__baseline,src/drivers/tap_esc,0.0,
fixed_all,land_detector_state_inversion__2019-03-06__08_02_26__baseline,src/drivers/telemetry,0.0,
fixed_all,land_detector_state_inversion__2019-03-06__08_02_26__baseline,src/drivers/vmount,0.0,
fixed_all,land_detector_state_inversion__2019-03-06__08_02_26__baseline,src/examples/fixedwing_control,0.0,
fixed_all,land_detector_state_inversion__2019-03-06__08_02_26__baseline,src/examples/hwtest,0.0,
fixed_all,land_detector_state_inversion__2019-03-06__08_02_26__baseline,src/examples/px4_simple_app,0.0,
fixed_all,land_detector_state_inversion__2019-03-06__08_02_26__baseline,src/examples/rover_steering_control,0.0,
fixed_all,land_detector_state_inversion__2019-03-06__08_02_26__baseline,src/examples/uuv_example_app,0.0,
fixed_all,land_detector_state_inversion__2019-03-06__08_02_26__baseline,src/modules/attitude_estimator_q,0.0,
fixed_all,land_detector_state_inversion__2019-03-06__08_02_26__baseline,src/modules/camera_feedback,0.0,
fixed_all,land_detector_state_inversion__2019-03-06__08_02_26__baseline,src/modules/commander,0.0,
fixed_all,land_detector_state_inversion__2019-03-06__08_02_26__baseline,src/modules/ekf2,0.0,
fixed_all,land_detector_state_inversion__2019-03-06__08_02_26__baseline,src/modules/events,0.0,
fixed_all,land_detector_state_inversion__2019-03-06__08_02_26__baseline,src/modules/fw_att_control,0.0,
fixed_all,land_detector_state_inversion__2019-03-06__08_02_26__baseline,src/modules/fw_pos_control_l1,0.0,
fixed_all,land_detector_state_inversion__2019-03-06__08_02_26__baseline,src/modules/gnd_att_control,0.0,
fixed_all,land_detector_state_inversion__2019-03-06__08_02_26__baseline,src/modules/gnd_pos_control,0.0,
fixed_all,land_detector_state_inversion__2019-03-06__08_02_26__baseline,src/modules/gpio_led,0.0,
fixed_all,land_detector_state_inversion__2019-03-06__08_02_26__baseline,src/modules/land_detector,0.0,
fixed_all,land_detector_state_inversion__2019-03-06__08_02_26__baseline,src/modules/landing_target_estimator,0.0,
fixed_all,land_detector_state_inversion__2019-03-06__08_02_26__baseline,src/modules/load_mon,0.0,
fixed_all,land_detector_state_inversion__2019-03-06__08_02_26__baseline,src/modules/logger,0.0,
fixed_all,land_detector_state_inversion__2019-03-06__08_02_26__baseline,src/modules/mavlink,0.0,
fixed_all,land_detector_state_inversion__2019-03-06__08_02_26__baseline,src/modules/mc_att_control,0.0,
fixed_all,land_detector_state_inversion__2019-03-06__08_02_26__baseline,src/modules/mc_pos_control,0.0,
fixed_all,land_detector_state_inversion__2019-03-06__08_02_26__baseline,src/modules/navigator,0.0,
fixed_all,land_detector_state_inversion__2019-03-06__08_02_26__baseline,src/modules/position_estimator_inav,0.0,
fixed_all,land_detector_state_inversion__2019-03-06__08_02_26__baseline,src/modules/replay,0.0,
fixed_all,land_detector_state_inversion__2019-03-06__08_02_26__baseline,src/modules/sdlog2,0.0,
fixed_all,land_detector_state_inversion__2019-03-06__08_02_26__baseline,src/modules/sensors,0.0,
fixed_all,land_detector_state_inversion__2019-03-06__08_02_26__baseline,src/modules/simulator,0.0,
fixed_all,land_detector_state_inversion__2019-03-06__08_02_26__baseline,src/modules/syslink,0.0,
fixed_all,land_detector_state_inversion__2019-03-06__08_02_26__baseline,src/modules/uavcan,0.0,
fixed_all,land_detector_state_inversion__2019-03-06__08_02_26__baseline,src/modules/vtol_att_control,0.0,
fixed_all,land_detector_state_inversion__2019-03-06__08_02_26__baseline,src/modules/wind_estimator,0.0,
fixed_all,land_detector_state_inversion__2019-03-06__08_02_26__baseline,src/platforms/posix/drivers/df_bebop_bus_wrapper,0.0,
fixed_all,land_detector_state_inversion__2019-03-06__08_02_26__baseline,src/platforms/posix/drivers/df_bebop_rangefinder_wrapper,0.0,
fixed_all,land_detector_state_inversion__2019-03-06__08_02_26__baseline,src/platforms/posix/drivers/df_isl29501_wrapper,0.0,
fixed_all,land_detector_state_inversion__2019-03-06__08_02_26__baseline,src/platforms/posix/drivers/df_ltc2946_wrapper,0.0,
fixed_all,land_detector_state_inversion__2019-03-06__08_02_26__baseline,src/platforms/posix/drivers/df_trone_wrapper,0.0,
fixed_all,land_detector_state_inversion__2019-03-06__08_02_26__baseline,src/platforms/qurt/fc_addon/uart_esc,0.0,
fixed_all,land_detector_state_inversion__2019-03-06__08_02_26__baseline,src/platforms/qurt/tests/muorb,0.0,
fixed_all,land_detector_state_inversion__2019-03-06__08_02_26__baseline,src/templates/module,0.0,
fixed_all,land_detector_state_inversion__2019-03-06__08_02_26__fault,src/drivers/batt_smbus,0.0,
fixed_all,land_detector_state_inversion__2019-03-06__08_02_26__fault,src/drivers/blinkm,0.0,
fixed_all,land_detector_state_inversion__2019-03-06__08_02_26__fault,src/drivers/camera_trigger,0.0,
fixed_all,land_detector_state_inversion__2019-03-06__08_02_26__fault,src/drivers/distance_sensor,0.0002594863851262543,32.0
fixed_all,land_detector_state_inversion__2019-03-06__08_02_26__fault,src/drivers/linux_pwm_out,0.011109827560412108,16.0
fixed_all,land_detector_state_inversion__2019-03-06__08_02_26__fault,src/drivers/mkblctrl,0.011109827560412108,16.0
fixed_all,land_detector_state_inversion__2019-03-06__08_02_26__fault,src/drivers/pwm_out_sim,0.011109827560412108,16.0
fixed_all,land_detector_state_inversion__2019-03-06__08_02_26__fault,src/drivers/px4flow,0.0002594863851262543,32.0
fixed_all,land_detector_state_inversion__2019-03-06__08_02_26__fault,src/drivers/px4fmu,0.011109827560412108,16.0
fixed_all,land_detector_state_inversion__2019-03-06__08_02_26__fault,src/drivers/px4io,0.011109827560412108,16.0
fixed_all,land_detector_state_inversion__2019-03-06__08_02_26__fault,src/drivers/snapdragon_pwm_out,0.011109827560412108,16.0
fixed_all,land_detector_state_inversion__2019-03-06__08_02_26__fault,src/drivers/tap_esc,0.011109827560412108,16.0
fixed_all,land_detector_state_inversion__2019-03-06__08_02_26__fault,src/drivers/telemetry,0.009297615489805604,21.0
fixed_all,land_detector_state_inversion__2019-03-06__08_02_26__fault,src/drivers/vmount,0.0,
fixed_all,land_detector_state_inversion__2019-03-06__08_02_26__fault,src/examples/fixedwing_control,0.009606433033714652,18.0
fixed_all,land_detector_state_inversion__2019-03-06__08_02_26__fault,src/examples/hwtest,0.033489602636970504,3.0
fixed_all,land_detector_state_inversion__2019-03-06__08_02_26__fault,src/examples/px4_simple_app,0.0006402036984002553,27.0
fixed_all,land_detector_state_inversion__2019-03-06__08_02_26__fault,src/examples/rover_steering_control,0.0,
fixed_all,land_detector_state_inversion__2019-03-06__08_02_26__fault,src/examples/uuv_example_app,0.033489602636970504,3.0
fixed_all,land_detector_state_inversion__2019-03-06__08_02_26__fault,src/modules/attitude_estimator_q,0.0006402036984002553,27.0
fixed_all,land_detector_state_inversion__2019-03-06__08_02_26__fault,src/modules/camera_feedback,0.0,
fixed_all,land_detector_state_inversion__2019-03-06__08_02_26__fault,src/modules/commander,0.00016291984374891148,33.0
fixed_all,land_detector_state_inversion__2019-03-06__08_02_26__fault,src/modules/ekf2,0.00590396191912624,22.0
fixed_all,land_detector_state_inversion__2019-03-06__08_02_26__fault,src/modules/events,0.0,
fixed_all,land_detector_state_inversion__2019-03-06__08_02_26__fault,src/modules/fw_att_control,1.715026017038512e-05,35.0
fixed_all,land_detector_state_inversion__2019-03-06__08_02_26__fault,src/modules/fw_pos_control_l1,0.0,
fixed_all,land_detector_state_inversion__2019-03-06__08_02_26__fault,src/modules/gnd_att_control,0.0,
fixed_all,land_detector_state_inversion__2019-03-06__08_02_26__fault,src/modules/gnd_pos_control,0.0037213272233771744,24.0
fixed_all,land_detector_state_inversion__2019-03-06__08_02_26__fault,src/modules/gpio_led,0.0,
fixed_all,land_detector_state_inversion__2019-03-06__08_02_26__fault,src/modules/land_detector,0.0,
fixed_all,land_detector_state_inversion__2019-03-06__08_02_26__fault,src/modules/landing_target_estimator,0.0,
fixed_all,land_detector_state_inversion__2019-03-06__08_02_26__fault,src/modules/load_mon,0.003413190486490397,25.0
fixed_all,land_detector_state_inversion__2019-03-06__08_02_26__fault,src/modules/logger,0.0,
fixed_all,land_detector_state_inversion__2019-03-06__08_02_26__fault,src/modules/mavlink,0.0,
fixed_all,land_detector_state_inversion__2019-03-06__08_02_26__fault,src/modules/mc_att_control,1.715026017038512e-05,35.0
fixed_all,land_detector_state_inversion__2019-03-06__08_02_26__fault,src/modules/mc_pos_control,0.0,
fixed_all,land_detector_state_inversion__2019-03-06__08_02_26__fault,src/modules/navigator,0.0037213272233771744,24.0
fixed_all,land_detector_state_inversion__2019-03-06__08_02_26__fault,src/modules/position_estimator_inav,0.02280472088348639,5.0
fixed_all,land_detector_state_inversion__2019-03-06__08_02_26__fault,src/modules/replay,0.0,
fixed_all,land_detector_state_inversion__2019-03-06__08_02_26__fault,src/modules/sdlog2,0.0,
fixed_all,land_detector_state_inversion__2019-03-06__08_02_26__fault,src/modules/sensors,0.02899688638543394,4.0
fixed_all,land_detector_state_inversion__2019-03-06__08_02_26__fault,src/modules/simulator,0.010158660294577338,17.0
fixed_all,land_detector_state_inversion__2019-03-06__08_02_26__fault,src/modules/syslink,0.009297615489805604,21.0
fixed_all,land_detector_state_inversion__2019-03-06__08_02_26__fault,src/modules/uavcan,0.011109827560412108,16.0
fixed_all,land_detector_state_inversion__2019-03-06__08_02_26__fault,src/modules/vtol_att_control,0.04201772342006028,1.0
fixed_all,land_detector_state_inversion__2019-03-06__08_02_26__fault,src/modules/wind_estimator,0.0,
fixed_all,land_detector_state_inversion__2019-03-06__08_02_26__fault,src/platforms/posix/drivers/df_bebop_bus_wrapper,0.019831918323930768,6.0
fixed_all,land_detector_state_inversion__2019-03-06__08_02_26__fault,src/platforms/posix/drivers/df_bebop_rangefinder_wrapper,0.0002594863851262543,32.0
fixed_all,land_detector_state_inversion__2019-03-06__08_02_26__fault,src/platforms/posix/drivers/df_isl29501_wrapper,0.0002594863851262543,32.0
fixed_all,land_detector_state_inversion__2019-03-06__08_02_26__fault,src/platforms/posix/drivers/df_ltc2946_wrapper,0.009297615489805604,21.0
fixed_all,land_detector_state_inversion__2019-03-06__08_02_26__fault,src/platforms/posix/drivers/df_trone_wrapper,0.0002594863851262543,32.0
fixed_all,land_detector_state_inversion__2019-03-06__08_02_26__fault,src/platforms/qurt/fc_addon/uart_esc,0.011109827560412108,16.0
fixed_all,land_detector_state_inversion__2019-03-06__08_02_26__fault,src/platforms/qurt/tests/muorb,0.012783340640605921,7.0
fixed_all,land_detector_state_inversion__2019-03-06__08_02_26__fault,src/templates/module,0.0,
fixed_fresh,commander_nav_state_override__2019-01-18__08_39_38__baseline,src/drivers/batt_smbus,0.0,
fixed_fresh,commander_nav_state_override__2019-01-18__08_39_38__baseline,src/drivers/blinkm,0.0,
fixed_fresh,commander_nav_state_override__2019-01-18__08_39_38__baseline,src/drivers/camera_trigger,0.0,
fixed_fresh,commander_nav_state_override__2019-01-18__08_39_38__baseline,src/drivers/distance_sensor,0.0,
fixed_fresh,commander_nav_state_override__2019-01-18__08_39_38__baseline,src/drivers/linux_pwm_out,0.0,
fixed_fresh,commander_nav_state_override__2019-01-18__08_39_38__baseline,src/drivers/mkblctrl,0.0,
fixed_fresh,commander_nav_state_override__2019-01-18__08_39_38__baseline,src/drivers/pwm_out_sim,0.0,
fixed_fresh,commander_nav_state_override__2019-01-18__08_39_38__baseline,src/drivers/px4flow,0.0,
fixed_fresh,commander_nav_state_override__2019-01-18__08_39_38__baseline,src/drivers/px4fmu,0.0,
fixed_fresh,commander_nav_state_override__2019-01-18__08_39_38__baseline,src/drivers/px4io,0.0,
fixed_fresh,commander_nav_state_override__2019-01-18__08_39_38__baseline,src/drivers/snapdragon_pwm_out,0.0,
fixed_fresh,commander_nav_state_override__2019-01-18__08_39_38__baseline,src/drivers/tap_esc,0.0,
fixed_fresh,commander_nav_state_override__2019-01-18__08_39_38__baseline,src/drivers/telemetry,0.0,
fixed_fresh,commander_nav_state_override__2019-01-18__08_39_38__baseline,src/drivers/vmount,0.0,
fixed_fresh,commander_nav_state_override__2019-01-18__08_39_38__baseline,src/examples/fixedwing_control,0.0,
fixed_fresh,commander_nav_state_override__2019-01-18__08_39_38__baseline,src/examples/hwtest,0.0,
fixed_fresh,commander_nav_state_override__2019-01-18__08_39_38__baseline,src/examples/px4_simple_app,0.0,
fixed_fresh,commander_nav_state_override__2019-01-18__08_39_38__baseline,src/examples/rover_steering_control,0.0,
fixed_fresh,commander_nav_state_override__2019-01-18__08_39_38__baseline,src/examples/uuv_example_app,0.0,
fixed_fresh,commander_nav_state_override__2019-01-18__08_39_38__baseline,src/modules/attitude_estimator_q,0.0,
fixed_fresh,commander_nav_state_override__2019-01-18__08_39_38__baseline,src/modules/camera_feedback,0.0,
fixed_fresh,commander_nav_state_override__2019-01-18__08_39_38__baseline,src/modules/commander,0.0,
fixed_fresh,commander_nav_state_override__2019-01-18__08_39_38__baseline,src/modules/ekf2,0.0,
fixed_fresh,commander_nav_state_override__2019-01-18__08_39_38__baseline,src/modules/events,0.0,
fixed_fresh,commander_nav_state_override__2019-01-18__08_39_38__baseline,src/modules/fw_att_control,0.0,
fixed_fresh,commander_nav_state_override__2019-01-18__08_39_38__baseline,src/modules/fw_pos_control_l1,0.0,
fixed_fresh,commander_nav_state_override__2019-01-18__08_39_38__baseline,src/modules/gnd_att_control,0.0,
fixed_fresh,commander_nav_state_override__2019-01-18__08_39_38__baseline,src/modules/gnd_pos_control,0.0,
fixed_fresh,commander_nav_state_override__2019-01-18__08_39_38__baseline,src/modules/gpio_led,0.0,
fixed_fresh,commander_nav_state_override__2019-01-18__08_39_38__baseline,src/modules/land_detector,0.0,
fixed_fresh,commander_nav_state_override__2019-01-18__08_39_38__baseline,src/modules/landing_target_estimator,0.0,
fixed_fresh,commander_nav_state_override__2019-01-18__08_39_38__baseline,src/modules/load_mon,0.0,
fixed_fresh,commander_nav_state_override__2019-01-18__08_39_38__baseline,src/modules/logger,0.0,
fixed_fresh,commander_nav_state_override__2019-01-18__08_39_38__baseline,src/modules/mavlink,0.0,
fixed_fresh,commander_nav_state_override__2019-01-18__08_39_38__baseline,src/modules/mc_att_control,0.0,
fixed_fresh,commander_nav_state_override__2019-01-18__08_39_38__baseline,src/modules/mc_pos_control,0.0,
fixed_fresh,commander_nav_state_override__2019-01-18__08_39_38__baseline,src/modules/navigator,0.0,
fixed_fresh,commander_nav_state_override__2019-01-18__08_39_38__baseline,src/modules/position_estimator_inav,0.0,
fixed_fresh,commander_nav_state_override__2019-01-18__08_39_38__baseline,src/modules/replay,0.0,
fixed_fresh,commander_nav_state_override__2019-01-18__08_39_38__baseline,src/modules/sdlog2,0.0,
fixed_fresh,commander_nav_state_override__2019-01-18__08_39_38__baseline,src/modules/sensors,0.0,
fixed_fresh,commander_nav_state_override__2019-01-18__08_39_38__baseline,src/modules/simulator,0.0,
fixed_fresh,commander_nav_state_override__2019-01-18__08_39_38__baseline,src/modules/syslink,0.0,
fixed_fresh,commander_nav_state_override__2019-01-18__08_39_38__baseline,src/modules/uavcan,0.0,
fixed_fresh,commander_nav_state_override__2019-01-18__08_39_38__baseline,src/modules/vtol_att_control,0.0,
fixed_fresh,commander_nav_state_override__2019-01-18__08_39_38__baseline,src/modules/wind_estimator,0.0,
fixed_fresh,commander_nav_state_override__2019-01-18__08_39_38__baseline,src/platforms/posix/drivers/df_bebop_bus_wrapper,0.0,
fixed_fresh,commander_nav_state_override__2019-01-18__08_39_38__baseline,src/platforms/posix/drivers/df_bebop_rangefinder_wrapper,0.0,
fixed_fresh,commander_nav_state_override__2019-01-18__08_39_38__baseline,src/platforms/posix/drivers/df_isl29501_wrapper,0.0,
fixed_fresh,commander_nav_state_override__2019-01-18__08_39_38__baseline,src/platforms/posix/drivers/df_ltc2946_wrapper,0.0,
fixed_fresh,commander_nav_state_override__2019-01-18__08_39_38__baseline,src/platforms/posix/drivers/df_trone_wrapper,0.0,
fixed_fresh,commander_nav_state_override__2019-01-18__08_39_38__baseline,src/platforms/qurt/fc_addon/uart_esc,0.0,
fixed_fresh,commander_nav_state_override__2019-01-18__08_39_38__baseline,src/platforms/qurt/tests/muorb,0.0,
fixed_fresh,commander_nav_state_override__2019-01-18__08_39_38__baseline,src/templates/module,0.0,
fixed_fresh,commander_nav_state_override__2019-01-18__08_39_38__fault,src/drivers/batt_smbus,0.0,
fixed_fresh,commander_nav_state_override__2019-01-18__08_39_38__fault,src/drivers/blinkm,0.0,
fixed_fresh,commander_nav_state_override__2019-01-18__08_39_38__fault,src/drivers/camera_trigger,0.0,
fixed_fresh,commander_nav_state_override__2019-01-18__08_39_38__fault,src/drivers/distance_sensor,3.85297394106487e-05,36.0
fixed_fresh,commander_nav_state_override__2019-01-18__08_39_38__fault,src/drivers/linux_pwm_out,0.0002879596545388365,21.0
fixed_fresh,commander_nav_state_override__2019-01-18__08_39_38__fault,src/drivers/mkblctrl,0.0002879596545388365,21.0
fixed_fresh,commander_nav_state_override__2019-01-18__08_39_38__fault,src/drivers/pwm_out_sim,0.0002879596545388365,21.0
fixed_fresh,commander_nav_state_override__2019-01-18__08_39_38__fault,src/drivers/px4flow,3.85297394106487e-05,36.0
fixed_fresh,commander_nav_state_override__2019-01-18__08_39_38__fault,src/drivers/px4fmu,0.0002879596545388365,21.0
fixed_fresh,commander_nav_state_override__2019-01-18__08_39_38__fault,src/drivers/px4io,0.0002879596545388365,21.0
fixed_fresh,commander_nav_state_override__2019-01-18__08_39_38__fault,src/drivers/snapdragon_pwm_out,0.0002879596545388365,21.0
fixed_fresh,commander_nav_state_override__2019-01-18__08_39_38__fault,src/drivers/tap_esc,0.0002879596545388365,21.0
fixed_fresh,commander_nav_state_override__2019-01-18__08_39_38__fault,src/drivers/telemetry,4.595523761657463e-05,31.0
fixed_fresh,commander_nav_state_override__2019-01-18__08_39_38__fault,src/drivers/vmount,0.0,
fixed_fresh,commander_nav_state_override__2019-01-18__08_39_38__fault,src/examples/fixedwing_control,0.00013517920810545244,27.0
fixed_fresh,commander_nav_state_override__2019-01-18__08_39_38__fault,src/examples/hwtest,0.0001513890123510142,24.0
fixed_fresh,commander_nav_state_override__2019-01-18__08_39_38__fault,src/examples/px4_simple_app,0.00014963070974863642,26.0
fixed_fresh,commander_nav_state_override__2019-01-18__08_39_38__fault,src/examples/rover_steering_control,0.0,
fixed_fresh,commander_nav_state_override__2019-01-18__08_39_38__fault,src/examples/uuv_example_app,0.0001513890123510142,24.0
fixed_fresh,commander_nav_state_override__2019-01-18__08_39_38__fault,src/modules/attitude_estimator_q,0.00014963070974863642,26.0
fixed_fresh,commander_nav_state_override__2019-01-18__08_39_38__fault,src/modules/camera_feedback,0.0,
fixed_fresh,commander_nav_state_override__2019-01-18__08_39_38__fault,src/modules/commander,0.03943586914090522,1.0
fixed_fresh,commander_nav_state_override__2019-01-18__08_39_38__fault,src/modules/ekf2,0.01601682883518115,2.0
fixed_fresh,commander_nav_state_override__2019-01-18__08_39_38__fault,src/modules/events,0.0,
fixed_fresh,commander_nav_state_override__2019-01-18__08_39_38__fault,src/modules/fw_att_control,0.00042256228059850106,11.0
fixed_fresh,commander_nav_state_override__2019-01-18__08_39_38__fault,src/modules/fw_pos_control_l1,0.0,
fixed_fresh,commander_nav_state_override__2019-01-18__08_39_38__fault,src/modules/gnd_att_control,0.0,
fixed_fresh,commander_nav_state_override__2019-01-18__08_39_38__fault,src/modules/gnd_pos_control,0.0005430590550361636,9.0
fixed_fresh,commander_nav_state_override__2019-01-18__08_39_38__fault,src/modules/gpio_led,0.0,
fixed_fresh,commander_nav_state_override__2019-01-18__08_39_38__fault,src/modules/land_detector,0.0,
fixed_fresh,commander_nav_state_override__2019-01-18__08_39_38__fault,src/modules/landing_target_estimator,0.0,
fixed_fresh,commander_nav_state_override__2019-01-18__08_39_38__fault,src/modules/load_mon,0.007465595590419354,3.0
fixed_fresh,commander_nav_state_override__2019-01-18__08_39_38__fault,src/modules/logger,0.0,
fixed_fresh,commander_nav_state_override__2019-01-18__08_39_38__fault,src/modules/mavlink,0.001810651975644042,6.0
fixed_fresh,commander_nav_state_override__2019-01-18__08_39_38__fault,src/modules/mc_att_control,0.00042256228059850106,11.0
fixed_fresh,commander_nav_state_override__2019-01-18__08_39_38__fault,src/modules/mc_pos_control,0.0,
fixed_fresh,commander_nav_state_override__2019-01-18__08_39_38__fault,src/modules/navigator,0.0005430590550361636,9.0
fixed_fresh,commander_nav_state_override__2019-01-18__08_39_38__fault,src/modules/position_estimator_inav,0.0005673616239893531,7.0
fixed_fresh,commander_nav_state_override__2019-01-18__08_39_38__fault,src/modules/replay,0.0,
fixed_fresh,commander_nav_state_override__2019-01-18__08_39_38__fault,src/modules/sdlog2,0.0,
fixed_fresh,commander_nav_state_override__2019-01-18__08_39_38__fault,src/modules/sensors,0.0021333674874451968,5.0
fixed_fresh,commander_nav_state_override__2019-01-18__08_39_38__fault,src/modules/simulator,0.00010796316723681588,28.0
fixed_fresh,commander_nav_state_override__2019-01-18__08_39_38__fault,src/modules/syslink,4.595523761657463e-05,31.0
fixed_fresh,commander_nav_state_override__2019-01-18__08_39_38__fault,src/modules/uavcan,0.0002879596545388365,21.0
fixed_fresh,commander_nav_state_override__2019-01-18__08_39_38__fault,src/modules/vtol_att_control,0.00031357463840426815,12.0
fixed_fresh,commander_nav_state_override__2019-01-18__08_39_38__fault,src/modules/wind_estimator,0.0,
fixed_fresh,commander_nav_state_override__2019-01-18__08_39_38__fault,src/platforms/posix/drivers/df_bebop_bus_wrapper,0.0002771438081758343,22.0
fixed_fresh,commander_nav_state_override__2019-01-18__08_39_38__fault,src/platforms/posix/drivers/df_bebop_rangefinder_wrapper,3.85297394106487e-05,36.0
fixed_fresh,commander_nav_state_override__2019-01-18__08_39_38__fault,src/platforms/posix/drivers/df_isl29501_wrapper,3.85297394106487e-05,36.0
fixed_fresh,commander_nav_state_override__2019-01-18__08_39_38__fault,src/platforms/posix/drivers/df_ltc2946_wrapper,4.595523761657463e-05,31.0
fixed_fresh,commander_nav_state_override__2019-01-18__08_39_38__fault,src/platforms/posix/drivers/df_trone_wrapper,3.85297394106487e-05,36.0
fixed_fresh,commander_nav_state_override__2019-01-18__08_39_38__fault,src/platforms/qurt/fc_addon/uart_esc,0.0002879596545388365,21.0
fixed_fresh,commander_nav_state_override__2019-01-18__08_39_38__fault,src/platforms/qurt/tests/muorb,0.002239630737606756,4.0
fixed_fresh,commander_nav_state_override__2019-01-18__08_39_38__fault,src/templates/module,0.0,
fixed_fresh,commander_nav_state_override__2019-01-25__17_38_05__baseline,src/drivers/batt_smbus,0.0,
fixed_fresh,commander_nav_state_override__2019-01-25__17_38_05__baseline,src/drivers/blinkm,0.0,
fixed_fresh,commander_nav_state_override__2019-01-25__17_38_05__baseline,src/drivers/camera_trigger,0.0,
fixed_fresh,commander_nav_state_override__2019-01-25__17_38_05__baseline,src/drivers/distance_sensor,0.0,
fixed_fresh,commander_nav_state_override__2019-01-25__17_38_05__baseline,src/drivers/linux_pwm_out,0.0,
fixed_fresh,commander_nav_state_override__2019-01-25__17_38_05__baseline,src/drivers/mkblctrl,0.0,
fixed_fresh,commander_nav_state_override__2019-01-25__17_38_05__baseline,src/drivers/pwm_out_sim,0.0,
fixed_fresh,commander_nav_state_override__2019-01-25__17_38_05__baseline,src/drivers/px4flow,0.0,
fixed_fresh,commander_nav_state_override__2019-01-25__17_38_05__baseline,src/drivers/px4fmu,0.0,
fixed_fresh,commander_nav_state_override__2019-01-25__17_38_05__baseline,src/drivers/px4io,0.0,
fixed_fresh,commander_nav_state_override__2019-01-25__17_38_05__baseline,src/drivers/snapdragon_pwm_out,0.0,
fixed_fresh,commander_nav_state_override__2019-01-25__17_38_05__baseline,src/drivers/tap_esc,0.0,
fixed_fresh,commander_nav_state_override__2019-01-25__17_38_05__baseline,src/drivers/telemetry,0.0,
fixed_fresh,commander_nav_state_override__2019-01-25__17_38_05__baseline,src/drivers/vmount,0.0,
fixed_fresh,commander_nav_state_override__2019-01-25__17_38_05__baseline,src/examples/fixedwing_control,0.0,
fixed_fresh,commander_nav_state_override__2019-01-25__17_38_05__baseline,src/examples/hwtest,0.0,
fixed_fresh,commander_nav_state_override__2019-01-25__17_38_05__baseline,src/examples/px4_simple_app,0.0,
fixed_fresh,commander_nav_state_override__2019-01-25__17_38_05__baseline,src/examples/rover_steering_control,0.0,
fixed_fresh,commander_nav_state_override__2019-01-25__17_38_05__baseline,src/examples/uuv_example_app,0.0,
fixed_fresh,commander_nav_state_override__2019-01-25__17_38_05__baseline,src/modules/attitude_estimator_q,0.0,
fixed_fresh,commander_nav_state_override__2019-01-25__17_38_05__baseline,src/modules/camera_feedback,0.0,
fixed_fresh,commander_nav_state_override__2019-01-25__17_38_05__baseline,src/modules/commander,0.0,
fixed_fresh,commander_nav_state_override__2019-01-25__17_38_05__baseline,src/modules/ekf2,0.0,
fixed_fresh,commander_nav_state_override__2019-01-25__17_38_05__baseline,src/modules/events,0.0,
fixed_fresh,commander_nav_state_override__2019-01-25__17_38_05__baseline,src/modules/fw_att_control,0.0,
fixed_fresh,commander_nav_state_override__2019-01-25__17_38_05__baseline,src/modules/fw_pos_control_l1,0.0,
fixed_fresh,commander_nav_state_override__2019-01-25__17_38_05__baseline,src/modules/gnd_att_control,0.0,
fixed_fresh,commander_nav_state_override__2019-01-25__17_38_05__baseline,src/modules/gnd_pos_control,0.0,
fixed_fresh,commander_nav_state_override__2019-01-25__17_38_05__baseline,src/modules/gpio_led,0.0,
fixed_fresh,commander_nav_state_override__2019-01-25__17_38_05__baseline,src/modules/land_detector,0.0,
fixed_fresh,commander_nav_state_override__2019-01-25__17_38_05__baseline,src/modules/landing_target_estimator,0.0,
fixed_fresh,commander_nav_state_override__2019-01-25__17_38_05__baseline,src/modules/load_mon,0.0,
fixed_fresh,commander_nav_state_override__2019-01-25__17_38_05__baseline,src/modules/logger,0.0,
fixed_fresh,commander_nav_state_override__2019-01-25__17_38_05__baseline,src/modules/mavlink,0.0,
fixed_fresh,commander_nav_state_override__2019-01-25__17_38_05__baseline,src/modules/mc_att_control,0.0,
fixed_fresh,commander_nav_state_override__2019-01-25__17_38_05__baseline,src/modules/mc_pos_control,0.0,
fixed_fresh,commander_nav_state_override__2019-01-25__17_38_05__baseline,src/modules/navigator,0.0,
fixed_fresh,commander_nav_state_override__2019-01-25__17_38_05__baseline,src/modules/position_estimator_inav,0.0,
fixed_fresh,commander_nav_state_override__2019-01-25__17_38_05__baseline,src/modules/replay,0.0,
fixed_fresh,commander_nav_state_override__2019-01-25__17_38_05__baseline,src/modules/sdlog2,0.0,
fixed_fresh,commander_nav_state_override__2019-01-25__17_38_05__baseline,src/modules/sensors,0.0,
fixed_fresh,commander_nav_state_override__2019-01-25__17_38_05__baseline,src/modules/simulator,0.0,
fixed_fresh,commander_nav_state_override__2019-01-25__17_38_05__baseline,src/modules/syslink,0.0,
fixed_fresh,commander_nav_state_override__2019-01-25__17_38_05__baseline,src/modules/uavcan,0.0,
fixed_fresh,commander_nav_state_override__2019-01-25__17_38_05__baseline,src/modules/vtol_att_control,0.0,
fixed_fresh,commander_nav_state_override__2019-01-25__17_38_05__baseline,src/modules/wind_estimator,0.0,
fixed_fresh,commander_nav_state_override__2019-01-25__17_38_05__baseline,src/platforms/posix/drivers/df_bebop_bus_wrapper,0.0,
fixed_fresh,commander_nav_state_override__2019-01-25__17_38_05__baseline,src/platforms/posix/drivers/df_bebop_rangefinder_wrapper,0.0,
fixed_fresh,commander_nav_state_override__2019-01-25__17_38_05__baseline,src/platforms/posix/drivers/df_isl29501_wrapper,0.0,
fixed_fresh,commander_nav_state_override__2019-01-25__17_38_05__baseline,src/platforms/posix/drivers/df_ltc2946_wrapper,0.0,
fixed_fresh,commander_nav_state_override__2019-01-25__17_38_05__baseline,src/platforms/posix/drivers/df_trone_wrapper,0.0,
fixed_fresh,commander_nav_state_override__2019-01-25__17_38_05__baseline,src/platforms/qurt/fc_addon/uart_esc,0.0,
fixed_fresh,commander_nav_state_override__2019-01-25__17_38_05__baseline,src/platforms/qurt/tests/muorb,0.0,
fixed_fresh,commander_nav_state_override__2019-01-25__17_38_05__baseline,src/templates/module,0.0,
fixed_fresh,commander_nav_state_override__2019-01-25__17_38_05__fault,src/drivers/batt_smbus,0.0,
fixed_fresh,commander_nav_state_override__2019-01-25__17_38_05__fault,src/drivers/blinkm,0.0,
fixed_fresh,commander_nav_state_override__2019-01-25__17_38_05__fault,src/drivers/camera_trigger,0.0,
fixed_fresh,commander_nav_state_override__2019-01-25__17_38_05__fault,src/drivers/distance_sensor,0.0,
fixed_fresh,commander_nav_state_override__2019-01-25__17_38_05__fault,src/drivers/linux_pwm_out,0.0,
fixed_fresh,commander_nav_state_override__2019-01-25__17_38_05__fault,src/drivers/mkblctrl,0.0,
fixed_fresh,commander_nav_state_override__2019-01-25__17_38_05__fault,src/drivers/pwm_out_sim,0.0,
fixed_fresh,commander_nav_state_override__2019-01-25__17_38_05__fault,src/drivers/px4flow,0.0,
fixed_fresh,commander_nav_state_override__2019-01-25__17_38_05__fault,src/drivers/px4fmu,0.0,
fixed_fresh,commander_nav_state_override__2019-01-25__17_38_05__fault,src/drivers/px4io,0.0,
fixed_fresh,commander_nav_state_override__2019-01-25__17_38_05__fault,src/drivers/snapdragon_pwm_out,0.0,
fixed_fresh,commander_nav_state_override__2019-01-25__17_38_05__fault,src/drivers/tap_esc,0.0,
fixed_fresh,commander_nav_state_override__2019-01-25__17_38_05__fault,src/drivers/telemetry,0.0,
fixed_fresh,commander_nav_state_override__2019-01-25__17_38_05__fault,src/drivers/vmount,0.0,
fixed_fresh,commander_nav_state_override__2019-01-25__17_38_05__fault,src/examples/fixedwing_control,1.738121197005932e-05,10.0
fixed_fresh,commander_nav_state_override__2019-01-25__17_38_05__fault,src/examples/hwtest,0.0,
fixed_fresh,commander_nav_state_override__2019-01-25__17_38_05__fault,src/examples/px4_simple_app,0.0,
fixed_fresh,commander_nav_state_override__2019-01-25__17_38_05__fault,src/examples/rover_steering_control,0.0,
fixed_fresh,commander_nav_state_override__2019-01-25__17_38_05__fault,src/examples/uuv_example_app,0.0,
fixed_fresh,commander_nav_state_override__2019-01-25__17_38_05__fault,src/modules/attitude_estimator_q,0.0,
fixed_fresh,commander_nav_state_override__2019-01-25__17_38_05__fault,src/modules/camera_feedback,0.0,
fixed_fresh,commander_nav_state_override__2019-01-25__17_38_05__fault,src/modules/commander,0.0639653051230283,1.0
fixed_fresh,commander_nav_state_override__2019-01-25__17_38_05__fault,src/modules/ekf2,0.0,
fixed_fresh,commander_nav_state_override__2019-01-25__17_38_05__fault,src/modules/events,0.0,
fixed_fresh,commander_nav_state_override__2019-01-25__17_38_05__fault,src/modules/fw_att_control,7.682071661624958e-05,9.0
fixed_fresh,commander_nav_state_override__2019-01-25__17_38_05__fault,src/modules/fw_pos_control_l1,0.0,
fixed_fresh,commander_nav_state_override__2019-01-25__17_38_05__fault,src/modules/gnd_att_control,0.0,
fixed_fresh,commander_nav_state_override__2019-01-25__17_38_05__fault,src/modules/gnd_pos_control,0.0002540176629566293,4.0
fixed_fresh,commander_nav_state_override__2019-01-25__17_38_05__fault,src/modules/gpio_led,0.0,
fixed_fresh,commander_nav_state_override__2019-01-25__17_38_05__fault,src/modules/land_detector,0.0,
fixed_fresh,commander_nav_state_override__2019-01-25__17_38_05__fault,src/modules/landing_target_estimator,0.0,
fixed_fresh,commander_nav_state_override__2019-01-25__17_38_05__fault,src/modules/load_mon,0.0021011095541135782,2.0
fixed_fresh,commander_nav_state_override__2019-01-25__17_38_05__fault,src/modules/logger,0.0,
fixed_fresh,commander_nav_state_override__2019-01-25__17_38_05__fault,src/modules/mavlink,0.0,
fixed_fresh,commander_nav_state_override__2019-01-25__17_38_05__fault,src/modules/mc_att_control,7.682071661624958e-05,9.0
fixed_fresh,commander_nav_state_override__2019-01-25__17_38_05__fault,src/modules/mc_pos_control,0.0,
fixed_fresh,commander_nav_state_override__2019-01-25__17_38_05__fault,src/modules/navigator,0.0002540176629566293,4.0
fixed_fresh,commander_nav_state_override__2019-01-25__17_38_05__fault,src/modules/position_estimator_inav,0.0,
fixed_fresh,commander_nav_state_override__2019-01-25__17_38_05__fault,src/modules/replay,0.0,
fixed_fresh,commander_nav_state_override__2019-01-25__17_38_05__fault,src/modules/sdlog2,0.0,
fixed_fresh,commander_nav_state_override__2019-01-25__17_38_05__fault,src/modules/sensors,9.389195718815617e-05,7.0
fixed_fresh,commander_nav_state_override__2019-01-25__17_38_05__fault,src/modules/simulator,0.0,
fixed_fresh,commander_nav_state_override__2019-01-25__17_38_05__fault,src/modules/syslink,0.0,
fixed_fresh,commander_nav_state_override__2019-01-25__17_38_05__fault,src/modules/uavcan,0.0,
fixed_fresh,commander_nav_state_override__2019-01-25__17_38_05__fault,src/modules/vtol_att_control,0.0002300669871260532,5.0
fixed_fresh,commander_nav_state_override__2019-01-25__17_38_05__fault,src/modules/wind_estimator,0.0,
fixed_fresh,commander_nav_state_override__2019-01-25__17_38_05__fault,src/platforms/posix/drivers/df_bebop_bus_wrapper,0.0,
fixed_fresh,commander_nav_state_override__2019-01-25__17_38_05__fault,src/platforms/posix/drivers/df_bebop_rangefinder_wrapper,0.0,
fixed_fresh,commander_nav_state_override__2019-01-25__17_38_05__fault,src/platforms/posix/drivers/df_isl29501_wrapper,0.0,
fixed_fresh,commander_nav_state_override__2019-01-25__17_38_05__fault,src/platforms/posix/drivers/df_ltc2946_wrapper,0.0,
fixed_fresh,commander_nav_state_override__2019-01-25__17_38_05__fault,src/platforms/posix/drivers/df_trone_wrapper,0.0,
fixed_fresh,commander_nav_state_override__2019-01-25__17_38_05__fault,src/platforms/qurt/fc_addon/uart_esc,0.0,
fixed_fresh,commander_nav_state_override__2019-01-25__17_38_05__fault,src/platforms/qurt/tests/muorb,0.0001795396336642177,6.0
fixed_fresh,commander_nav_state_override__2019-01-25__17_38_05__fault,src/templates/module,0.0,
fixed_fresh,commander_nav_state_override__2019-03-06__08_02_26__baseline,src/drivers/batt_smbus,0.0,
fixed_fresh,commander_nav_state_override__2019-03-06__08_02_26__baseline,src/drivers/blinkm,0.0,
fixed_fresh,commander_nav_state_override__2019-03-06__08_02_26__baseline,src/drivers/camera_trigger,0.0,
fixed_fresh,commander_nav_state_override__2019-03-06__08_02_26__baseline,src/drivers/distance_sensor,0.0,
fixed_fresh,commander_nav_state_override__2019-03-06__08_02_26__baseline,src/drivers/linux_pwm_out,0.0,
fixed_fresh,commander_nav_state_override__2019-03-06__08_02_26__baseline,src/drivers/mkblctrl,0.0,
fixed_fresh,commander_nav_state_override__2019-03-06__08_02_26__baseline,src/drivers/pwm_out_sim,0.0,
fixed_fresh,commander_nav_state_override__2019-03-06__08_02_26__baseline,src/drivers/px4flow,0.0,
fixed_fresh,commander_nav_state_override__2019-03-06__08_02_26__baseline,src/drivers/px4fmu,0.0,
fixed_fresh,commander_nav_state_override__2019-03-06__08_02_26__baseline,src/drivers/px4io,0.0,
fixed_fresh,commander_nav_state_override__2019-03-06__08_02_26__baseline,src/drivers/snapdragon_pwm_out,0.0,
fixed_fresh,commander_nav_state_override__2019-03-06__08_02_26__baseline,src/drivers/tap_esc,0.0,
fixed_fresh,commander_nav_state_override__2019-03-06__08_02_26__baseline,src/drivers/telemetry,0.0,
fixed_fresh,commander_nav_state_override__2019-03-06__08_02_26__baseline,src/drivers/vmount,0.0,
fixed_fresh,commander_nav_state_override__2019-03-06__08_02_26__baseline,src/examples/fixedwing_control,0.0,
fixed_fresh,commander_nav_state_override__2019-03-06__08_02_26__baseline,src/examples/hwtest,0.0,
fixed_fresh,commander_nav_state_override__2019-03-06__08_02_26__baseline,src/examples/px4_simple_app,0.0,
fixed_fresh,commander_nav_state_override__2019-03-06__08_02_26__baseline,src/examples/rover_steering_control,0.0,
fixed_fresh,commander_nav_state_override__2019-03-06__08_02_26__baseline,src/examples/uuv_example_app,0.0,
fixed_fresh,commander_nav_state_override__2019-03-06__08_02_26__baseline,src/modules/attitude_estimator_q,0.0,
fixed_fresh,commander_nav_state_override__2019-03-06__08_02_26__baseline,src/modules/camera_feedback,0.0,
fixed_fresh,commander_nav_state_override__2019-03-06__08_02_26__baseline,src/modules/commander,0.0,
fixed_fresh,commander_nav_state_override__2019-03-06__08_02_26__baseline,src/modules/ekf2,0.0,
fixed_fresh,commander_nav_state_override__2019-03-06__08_02_26__baseline,src/modules/events,0.0,
fixed_fresh,commander_nav_state_override__2019-03-06__08_02_26__baseline,src/modules/fw_att_control,0.0,
fixed_fresh,commander_nav_state_override__2019-03-06__08_02_26__baseline,src/modules/fw_pos_control_l1,0.0,
fixed_fresh,commander_nav_state_override__2019-03-06__08_02_26__baseline,src/modules/gnd_att_control,0.0,
fixed_fresh,commander_nav_state_override__2019-03-06__08_02_26__baseline,src/modules/gnd_pos_control,0.0,
fixed_fresh,commander_nav_state_override__2019-03-06__08_02_26__baseline,src/modules/gpio_led,0.0,
fixed_fresh,commander_nav_state_override__2019-03-06__08_02_26__baseline,src/modules/land_detector,0.0,
fixed_fresh,commander_nav_state_override__2019-03-06__08_02_26__baseline,src/modules/landing_target_estimator,0.0,
fixed_fresh,commander_nav_state_override__2019-03-06__08_02_26__baseline,src/modules/load_mon,0.0,
fixed_fresh,commander_nav_state_override__2019-03-06__08_02_26__baseline,src/modules/logger,0.0,
fixed_fresh,commander_nav_state_override__2019-03-06__08_02_26__baseline,src/modules/mavlink,0.0,
fixed_fresh,commander_nav_state_override__2019-03-06__08_02_26__baseline,src/modules/mc_att_control,0.0,
fixed_fresh,commander_nav_state_override__2019-03-06__08_02_26__baseline,src/modules/mc_pos_control,0.0,
fixed_fresh,commander_nav_state_override__2019-03-06__08_02_26__baseline,src/modules/navigator,0.0,
fixed_fresh,commander_nav_state_override__2019-03-06__08_02_26__baseline,src/modules/position_estimator_inav,0.0,
fixed_fresh,commander_nav_state_override__2019-03-06__08_02_26__baseline,src/modules/replay,0.0,
fixed_fresh,commander_nav_state_override__2019-03-06__08_02_26__baseline,src/modules/sdlog2,0.0,
fixed_fresh,commander_nav_state_override__2019-03-06__08_02_26__baseline,src/modules/sensors,0.0,
fixed_fresh,commander_nav_state_override__2019-03-06__08_02_26__baseline,src/modules/simulator,0.0,
fixed_fresh,commander_nav_state_override__2019-03-06__08_02_26__baseline,src/modules/syslink,0.0,
fixed_fresh,commander_nav_state_override__2019-03-06__08_02_26__baseline,src/modules/uavcan,0.0,
fixed_fresh,commander_nav_state_override__2019-03-06__08_02_26__baseline,src/modules/vtol_att_control,0.0,
fixed_fresh,commander_nav_state_override__2019-03-06__08_02_26__baseline,src/modules/wind_estimator,0.0,
fixed_fresh,commander_nav_state_override__2019-03-06__08_02_26__baseline,src/platforms/posix/drivers/df_bebop_bus_wrapper,0.0,
fixed_fresh,commander_nav_state_override__2019-03-06__08_02_26__baseline,src/platforms/posix/drivers/df_bebop_rangefinder_wrapper,0.0,
fixed_fresh,commander_nav_state_override__2019-03-06__08_02_26__baseline,src/platforms/posix/drivers/df_isl29501_wrapper,0.0,
fixed_fresh,commander_nav_state_override__2019-03-06__08_02_26__baseline,src/platforms/posix/drivers/df_ltc2946_wrapper,0.0,
fixed_fresh,commander_nav_state_override__2019-03-06__08_02_26__baseline,src/platforms/posix/drivers/df_trone_wrapper,0.0,
fixed_fresh,commander_nav_state_override__2019-03-06__08_02_26__baseline,src/platforms/qurt/fc_addon/uart_esc,0.0,
fixed_fresh,commander_nav_state_override__2019-03-06__08_02_26__baseline,src/platforms/qurt/tests/muorb,0.0,
fixed_fresh,commander_nav_state_override__2019-03-06__08_02_26__baseline,src/templates/module,0.0,
fixed_fresh,commander_nav_state_override__2019-03-06__08_02_26__fault,src/drivers/batt_smbus,0.0,
fixed_fresh,commander_nav_state_override__2019-03-06__08_02_26__fault,src/drivers/blinkm,0.0,
fixed_fresh,commander_nav_state_override__2019-03-06__08_02_26__fault,src/drivers/camera_trigger,0.0,
fixed_fresh,commander_nav_state_override__2019-03-06__08_02_26__fault,src/drivers/distance_sensor,0.0001733875979596082,24.0
fixed_fresh,commander_nav_state_override__2019-03-06__08_02_26__fault,src/drivers/linux_pwm_out,4.4858799801684134e-05,34.0
fixed_fresh,commander_nav_state_override__2019-03-06__08_02_26__fault,src/drivers/mkblctrl,4.4858799801684134e-05,34.0
fixed_fresh,commander_nav_state_override__2019-03-06__08_02_26__fault,src/drivers/pwm_out_sim,4.4858799801684134e-05,34.0
fixed_fresh,commander_nav_state_override__2019-03-06__08_02_26__fault,src/drivers/px4flow,0.0001733875979596082,24.0
fixed_fresh,commander_nav_state_override__2019-03-06__08_02_26__fault,src/drivers/px4fmu,4.4858799801684134e-05,34.0
fixed_fresh,commander_nav_state_override__2019-03-06__08_02_26__fault,src/drivers/px4io,4.4858799801684134e-05,34.0
fixed_fresh,commander_nav_state_override__2019-03-06__08_02_26__fault,src/drivers/snapdragon_pwm_out,4.4858799801684134e-05,34.0
fixed_fresh,commander_nav_state_override__2019-03-06__08_02_26__fault,src/drivers/tap_esc,4.4858799801684134e-05,34.0
fixed_fresh,commander_nav_state_override__2019-03-06__08_02_26__fault,src/drivers/telemetry,0.008382399191196478,10.0
fixed_fresh,commander_nav_state_override__2019-03-06__08_02_26__fault,src/drivers/vmount,0.0,
fixed_fresh,commander_nav_state_override__2019-03-06__08_02_26__fault,src/examples/fixedwing_control,0.0007658054544129192,19.0
fixed_fresh,commander_nav_state_override__2019-03-06__08_02_26__fault,src/examples/hwtest,0.007548656419018848,12.0
fixed_fresh,commander_nav_state_override__2019-03-06__08_02_26__fault,src/examples/px4_simple_app,0.0012214334355022047,17.0
fixed_fresh,commander_nav_state_override__2019-03-06__08_02_26__fault,src/examples/rover_steering_control,0.0,
fixed_fresh,commander_nav_state_override__2019-03-06__08_02_26__fault,src/examples/uuv_example_app,0.007548656419018848,12.0
fixed_fresh,commander_nav_state_override__2019-03-06__08_02_26__fault,src/modules/attitude_estimator_q,0.0012214334355022047,17.0
fixed_fresh,commander_nav_state_override__2019-03-06__08_02_26__fault,src/modules/camera_feedback,0.0,
fixed_fresh,commander_nav_state_override__2019-03-06__08_02_26__fault,src/modules/commander,6.687967443324519e-06,37.0
fixed_fresh,commander_nav_state_override__2019-03-06__08_02_26__fault,src/modules/ekf2,0.01000751882855836,5.0
fixed_fresh,commander_nav_state_override__2019-03-06__08_02_26__fault,src/modules/events,0.0,
fixed_fresh,commander_nav_state_override__2019-03-06__08_02_26__fault,src/modules/fw_att_control,1.4043118963165532e-05,36.0
fixed_fresh,commander_nav_state_override__2019-03-06__08_02_26__fault,src/modules/fw_pos_control_l1,0.0,
fixed_fresh,commander_nav_state_override__2019-03-06__08_02_26__fault,src/modules/gnd_att_control,0.0,
fixed_fresh,commander_nav_state_override__2019-03-06__08_02_26__fault,src/modules/gnd_pos_control,0.0018961106214562436,15.0
fixed_fresh,commander_nav_state_override__2019-03-06__08_02_26__fault,src/modules/gpio_led,0.0,
fixed_fresh,commander_nav_state_override__2019-03-06__08_02_26__fault,src/modules/land_detector,0.00011912732844448565,25.0
fixed_fresh,commander_nav_state_override__2019-03-06__08_02_26__fault,src/modules/landing_target_estimator,0.0,
fixed_fresh,commander_nav_state_override__2019-03-06__08_02_26__fault,src/modules/load_mon,0.001167470555089519,18.0
fixed_fresh,commander_nav_state_override__2019-03-06__08_02_26__fault,src/modules/logger,0.0,
fixed_fresh,commander_nav_state_override__2019-03-06__08_02_26__fault,src/modules/mavlink,0.011323353897610425,4.0
fixed_fresh,commander_nav_state_override__2019-03-06__08_02_26__fault,src/modules/mc_att_control,1.4043118963165532e-05,36.0
fixed_fresh,commander_nav_state_override__2019-03-06__08_02_26__fault,src/modules/mc_pos_control,0.0,
fixed_fresh,commander_nav_state_override__2019-03-06__08_02_26__fault,src/modules/navigator,0.0018961106214562436,15.0
fixed_fresh,commander_nav_state_override__2019-03-06__08_02_26__fault,src/modules/position_estimator_inav,0.016154788208273235,3.0
fixed_fresh,commander_nav_state_override__2019-03-06__08_02_26__fault,src/modules/replay,0.0,
fixed_fresh,commander_nav_state_override__2019-03-06__08_02_26__fault,src/modules/sdlog2,0.0,
fixed_fresh,commander_nav_state_override__2019-03-06__08_02_26__fault,src/modules/sensors,0.03406292205802776,1.0
fixed_fresh,commander_nav_state_override__2019-03-06__08_02_26__fault,src/modules/simulator,0.008842083624264419,6.0
fixed_fresh,commander_nav_state_override__2019-03-06__08_02_26__fault,src/modules/syslink,0.008382399191196478,10.0
fixed_fresh,commander_nav_state_override__2019-03-06__08_02_26__fault,src/modules/uavcan,4.4858799801684134e-05,34.0
fixed_fresh,commander_nav_state_override__2019-03-06__08_02_26__fault,src/modules/vtol_att_control,0.008503818652486297,7.0
fixed_fresh,commander_nav_state_override__2019-03-06__08_02_26__fault,src/modules/wind_estimator,0.0,
fixed_fresh,commander_nav_state_override__2019-03-06__08_02_26__fault,src/platforms/posix/drivers/df_bebop_bus_wrapper,0.007264155323864683,13.0
fixed_fresh,commander_nav_state_override__2019-03-06__08_02_26__fault,src/platforms/posix/drivers/df_bebop_rangefinder_wrapper,0.0001733875979596082,24.0
fixed_fresh,commander_nav_state_override__2019-03-06__08_02_26__fault,src/platforms/posix/drivers/df_isl29501_wrapper,0.0001733875979596082,24.0
fixed_fresh,commander_nav_state_override__2019-03-06__08_02_26__fault,src/platforms/posix/drivers/df_ltc2946_wrapper,0.008382399191196478,10.0
fixed_fresh,commander_nav_state_override__2019-03-06__08_02_26__fault,src/platforms/posix/drivers/df_trone_wrapper,0.0001733875979596082,24.0
fixed_fresh,commander_nav_state_override__2019-03-06__08_02_26__fault,src/platforms/qurt/fc_addon/uart_esc,4.4858799801684134e-05,34.0
fixed_fresh,commander_nav_state_override__2019-03-06__08_02_26__fault,src/platforms/qurt/tests/muorb,0.019417774782918618,2.0
fixed_fresh,commander_nav_state_override__2019-03-06__08_02_26__fault,src/templates/module,0.0,
fixed_fresh,ekf2_innovation_bias__2019-01-18__08_39_38__baseline,src/drivers/batt_smbus,0.0,
fixed_fresh,ekf2_innovation_bias__2019-01-18__08_39_38__baseline,src/drivers/blinkm,0.0,
fixed_fresh,ekf2_innovation_bias__2019-01-18__08_39_38__baseline,src/drivers/camera_trigger,0.0,
fixed_fresh,ekf2_innovation_bias__2019-01-18__08_39_38__baseline,src/drivers/distance_sensor,0.0,
fixed_fresh,ekf2_innovation_bias__2019-01-18__08_39_38__baseline,src/drivers/linux_pwm_out,0.0,
fixed_fresh,ekf2_innovation_bias__2019-01-18__08_39_38__baseline,src/drivers/mkblctrl,0.0,
fixed_fresh,ekf2_innovation_bias__2019-01-18__08_39_38__baseline,src/drivers/pwm_out_sim,0.0,
fixed_fresh,ekf2_innovation_bias__2019-01-18__08_39_38__baseline,src/drivers/px4flow,0.0,
fixed_fresh,ekf2_innovation_bias__2019-01-18__08_39_38__baseline,src/drivers/px4fmu,0.0,
fixed_fresh,ekf2_innovation_bias__2019-01-18__08_39_38__baseline,src/drivers/px4io,0.0,
fixed_fresh,ekf2_innovation_bias__2019-01-18__08_39_38__baseline,src/drivers/snapdragon_pwm_out,0.0,
fixed_fresh,ekf2_innovation_bias__2019-01-18__08_39_38__baseline,src/drivers/tap_esc,0.0,
fixed_fresh,ekf2_innovation_bias__2019-01-18__08_39_38__baseline,src/drivers/telemetry,0.0,
fixed_fresh,ekf2_innovation_bias__2019-01-18__08_39_38__baseline,src/drivers/vmount,0.0,
fixed_fresh,ekf2_innovation_bias__2019-01-18__08_39_38__baseline,src/examples/fixedwing_control,0.0,
fixed_fresh,ekf2_innovation_bias__2019-01-18__08_39_38__baseline,src/examples/hwtest,0.0,
fixed_fresh,ekf2_innovation_bias__2019-01-18__08_39_38__baseline,src/examples/px4_simple_app,0.0,
fixed_fresh,ekf2_innovation_bias__2019-01-18__08_39_38__baseline,src/examples/rover_steering_control,0.0,
fixed_fresh,ekf2_innovation_bias__2019-01-18__08_39_38__baseline,src/examples/uuv_example_app,0.0,
fixed_fresh,ekf2_innovation_bias__2019-01-18__08_39_38__baseline,src/modules/attitude_estimator_q,0.0,
fixed_fresh,ekf2_innovation_bias__2019-01-18__08_39_38__baseline,src/modules/camera_feedback,0.0,
fixed_fresh,ekf2_innovation_bias__2019-01-18__08_39_38__baseline,src/modules/commander,0.0,
fixed_fresh,ekf2_innovation_bias__2019-01-18__08_39_38__baseline,src/modules/ekf2,0.0,
fixed_fresh,ekf2_innovation_bias__2019-01-18__08_39_38__baseline,src/modules/events,0.0,
fixed_fresh,ekf2_innovation_bias__2019-01-18__08_39_38__baseline,src/modules/fw_att_control,0.0,
fixed_fresh,ekf2_innovation_bias__2019-01-18__08_39_38__baseline,src/modules/fw_pos_control_l1,0.0,
fixed_fresh,ekf2_innovation_bias__2019-01-18__08_39_38__baseline,src/modules/gnd_att_control,0.0,
fixed_fresh,ekf2_innovation_bias__2019-01-18__08_39_38__baseline,src/modules/gnd_pos_control,0.0,
fixed_fresh,ekf2_innovation_bias__2019-01-18__08_39_38__baseline,src/modules/gpio_led,0.0,
fixed_fresh,ekf2_innovation_bias__2019-01-18__08_39_38__baseline,src/modules/land_detector,0.0,
fixed_fresh,ekf2_innovation_bias__2019-01-18__08_39_38__baseline,src/modules/landing_target_estimator,0.0,
fixed_fresh,ekf2_innovation_bias__2019-01-18__08_39_38__baseline,src/modules/load_mon,0.0,
fixed_fresh,ekf2_innovation_bias__2019-01-18__08_39_38__baseline,src/modules/logger,0.0,
fixed_fresh,ekf2_innovation_bias__2019-01-18__08_39_38__baseline,src/modules/mavlink,0.0,
fixed_fresh,ekf2_innovation_bias__2019-01-18__08_39_38__baseline,src/modules/mc_att_control,0.0,
fixed_fresh,ekf2_innovation_bias__2019-01-18__08_39_38__baseline,src/modules/mc_pos_control,0.0,
fixed_fresh,ekf2_innovation_bias__2019-01-18__08_39_38__baseline,src/modules/navigator,0.0,
fixed_fresh,ekf2_innovation_bias__2019-01-18__08_39_38__baseline,src/modules/position_estimator_inav,0.0,
fixed_fresh,ekf2_innovation_bias__2019-01-18__08_39_38__baseline,src/modules/replay,0.0,
fixed_fresh,ekf2_innovation_bias__2019-01-18__08_39_38__baseline,src/modules/sdlog2,0.0,
fixed_fresh,ekf2_innovation_bias__2019-01-18__08_39_38__baseline,src/modules/sensors,0.0,
fixed_fresh,ekf2_innovation_bias__2019-01-18__08_39_38__baseline,src/modules/simulator,0.0,
fixed_fresh,ekf2_innovation_bias__2019-01-18__08_39_38__baseline,src/modules/syslink,0.0,
fixed_fresh,ekf2_innovation_bias__2019-01-18__08_39_38__baseline,src/modules/uavcan,0.0,
fixed_fresh,ekf2_innovation_bias__2019-01-18__08_39_38__baseline,src/modules/vtol_att_control,0.0,
fixed_fresh,ekf2_innovation_bias__2019-01-18__08_39_38__baseline,src/modules/wind_estimator,0.0,
fixed_fresh,ekf2_innovation_bias__2019-01-18__08_39_38__baseline,src/platforms/posix/drivers/df_bebop_bus_wrapper,0.0,
fixed_fresh,ekf2_innovation_bias__2019-01-18__08_39_38__baseline,src/platforms/posix/drivers/df_bebop_rangefinder_wrapper,0.0,
fixed_fresh,ekf2_innovation_bias__2019-01-18__08_39_38__baseline,src/platforms/posix/drivers/df_isl29501_wrapper,0.0,
fixed_fresh,ekf2_innovation_bias__2019-01-18__08_39_38__baseline,src/platforms/posix/drivers/df_ltc2946_wrapper,0.0,
fixed_fresh,ekf2_innovation_bias__2019-01-18__08_39_38__baseline,src/platforms/posix/drivers/df_trone_wrapper,0.0,
fixed_fresh,ekf2_innovation_bias__2019-01-18__08_39_38__baseline,src/platforms/qurt/fc_addon/uart_esc,0.0,
fixed_fresh,ekf2_innovation_bias__2019-01-18__08_39_38__baseline,src/platforms/qurt/tests/muorb,0.0,
fixed_fresh,ekf2_innovation_bias__2019-01-18__08_39_38__baseline,src/templates/module,0.0,
fixed_fresh,ekf2_innovation_bias__2019-01-18__08_39_38__fault,src/drivers/batt_smbus,0.0,
fixed_fresh,ekf2_innovation_bias__2019-01-18__08_39_38__fault,src/drivers/blinkm,0.0,
fixed_fresh,ekf2_innovation_bias__2019-01-18__08_39_38__fault,src/drivers/camera_trigger,0.0,
fixed_fresh,ekf2_innovation_bias__2019-01-18__08_39_38__fault,src/drivers/distance_sensor,0.00011696111334163334,37.0
fixed_fresh,ekf2_innovation_bias__2019-01-18__08_39_38__fault,src/drivers/linux_pwm_out,0.004734375010073361,18.0
fixed_fresh,ekf2_innovation_bias__2019-01-18__08_39_38__fault,src/drivers/mkblctrl,0.004734375010073361,18.0
fixed_fresh,ekf2_innovation_bias__2019-01-18__08_39_38__fault,src/drivers/pwm_out_sim,0.004734375010073361,18.0
fixed_fresh,ekf2_innovation_bias__2019-01-18__08_39_38__fault,src/drivers/px4flow,0.00011696111334163334,37.0
fixed_fresh,ekf2_innovation_bias__2019-01-18__08_39_38__fault,src/drivers/px4fmu,0.004734375010073361,18.0
fixed_fresh,ekf2_innovation_bias__2019-01-18__08_39_38__fault,src/drivers/px4io,0.004734375010073361,18.0
fixed_fresh,ekf2_innovation_bias__2019-01-18__08_39_38__fault,src/drivers/snapdragon_pwm_out,0.004734375010073361,18.0
fixed_fresh,ekf2_innovation_bias__2019-01-18__08_39_38__fault,src/drivers/tap_esc,0.004734375010073361,18.0
fixed_fresh,ekf2_innovation_bias__2019-01-18__08_39_38__fault,src/drivers/telemetry,0.001931387785122835,27.0
fixed_fresh,ekf2_innovation_bias__2019-01-18__08_39_38__fault,src/drivers/vmount,0.0,
fixed_fresh,ekf2_innovation_bias__2019-01-18__08_39_38__fault,src/examples/fixedwing_control,0.011150539246017681,4.0
fixed_fresh,ekf2_innovation_bias__2019-01-18__08_39_38__fault,src/examples/hwtest,0.004467806397810074,20.0
fixed_fresh,ekf2_innovation_bias__2019-01-18__08_39_38__fault,src/examples/px4_simple_app,0.002339065638167548,23.0
fixed_fresh,ekf2_innovation_bias__2019-01-18__08_39_38__fault,src/examples/rover_steering_control,0.0,
fixed_fresh,ekf2_innovation_bias__2019-01-18__08_39_38__fault,src/examples/uuv_example_app,0.004467806397810074,20.0
fixed_fresh,ekf2_innovation_bias__2019-01-18__08_39_38__fault,src/modules/attitude_estimator_q,0.002339065638167548,23.0
fixed_fresh,ekf2_innovation_bias__2019-01-18__08_39_38__fault,src/modules/camera_feedback,0.0,
fixed_fresh,ekf2_innovation_bias__2019-01-18__08_39_38__fault,src/modules/commander,0.004377840020960394,21.0
fixed_fresh,ekf2_innovation_bias__2019-01-18__08_39_38__fault,src/modules/ekf2,0.023791993167249892,2.0
fixed_fresh,ekf2_innovation_bias__2019-01-18__08_39_38__fault,src/modules/events,0.0,
fixed_fresh,ekf2_innovation_bias__2019-01-18__08_39_38__fault,src/modules/fw_att_control,0.0008248031875209273,31.0
fixed_fresh,ekf2_innovation_bias__2019-01-18__08_39_38__fault,src/modules/fw_pos_control_l1,0.0,
fixed_fresh,ekf2_innovation_bias__2019-01-18__08_39_38__fault,src/modules/gnd_att_control,0.0,
fixed_fresh,ekf2_innovation_bias__2019-01-18__08_39_38__fault,src/modules/gnd_pos_control,0.0009666542546276962,29.0
fixed_fresh,ekf2_innovation_bias__2019-01-18__08_39_38__fault,src/modules/gpio_led,0.0,
fixed_fresh,ekf2_innovation_bias__2019-01-18__08_39_38__fault,src/modules/land_detector,0.0005343839136264646,32.0
fixed_fresh,ekf2_innovation_bias__2019-01-18__08_39_38__fault,src/modules/landing_target_estimator,0.0,
fixed_fresh,ekf2_innovation_bias__2019-01-18__08_39_38__fault,src/modules/load_mon,0.005280930665979332,8.0
fixed_fresh,ekf2_innovation_bias__2019-01-18__08_39_38__fault,src/modules/logger,0.0,
fixed_fresh,ekf2_innovation_bias__2019-01-18__08_39_38__fault,src/modules/mavlink,0.01936068190014941,3.0
fixed_fresh,ekf2_innovation_bias__2019-01-18__08_39_38__fault,src/modules/mc_att_control,0.0008248031875209273,31.0
fixed_fresh,ekf2_innovation_bias__2019-01-18__08_39_38__fault,src/modules/mc_pos_control,0.0,
fixed_fresh,ekf2_innovation_bias__2019-01-18__08_39_38__fault,src/modules/navigator,0.0009666542546276962,29.0
fixed_fresh,ekf2_innovation_bias__2019-01-18__08_39_38__fault,src/modules/position_estimator_inav,0.006540012309644895,7.0
fixed_fresh,ekf2_innovation_bias__2019-01-18__08_39_38__fault,src/modules/replay,0.0,
fixed_fresh,ekf2_innovation_bias__2019-01-18__08_39_38__fault,src/modules/sdlog2,0.0,
fixed_fresh,ekf2_innovation_bias__2019-01-18__08_39_38__fault,src/modules/sensors,0.04662144348937968,1.0
fixed_fresh,ekf2_innovation_bias__2019-01-18__08_39_38__fault,src/modules/simulator,0.007712254261686467,5.0
fixed_fresh,ekf2_innovation_bias__2019-01-18__08_39_38__fault,src/modules/syslink,0.001931387785122835,27.0
fixed_fresh,ekf2_innovation_bias__2019-01-18__08_39_38__fault,src/modules/uavcan,0.004734375010073361,18.0
fixed_fresh,ekf2_innovation_bias__2019-01-18__08_39_38__fault,src/modules/vtol_att_control,0.002065572320447361,24.0
fixed_fresh,ekf2_innovation_bias__2019-01-18__08_39_38__fault,src/modules/wind_estimator,0.0,
fixed_fresh,ekf2_innovation_bias__2019-01-18__08_39_38__fault,src/platforms/posix/drivers/df_bebop_bus_wrapper,0.006644771159144049,6.0
fixed_fresh,ekf2_innovation_bias__2019-01-18__08_39_38__fault,src/platforms/posix/drivers/df_bebop_rangefinder_wrapper,0.00011696111334163334,37.0
fixed_fresh,ekf2_innovation_bias__2019-01-18__08_39_38__fault,src/platforms/posix/drivers/df_isl29501_wrapper,0.00011696111334163334,37.0
fixed_fresh,ekf2_innovation_bias__2019-01-18__08_39_38__fault,src/platforms/posix/drivers/df_ltc2946_wrapper,0.001931387785122835,27.0
fixed_fresh,ekf2_innovation_bias__2019-01-18__08_39_38__fault,src/platforms/posix/drivers/df_trone_wrapper,0.00011696111334163334,37.0
fixed_fresh,ekf2_innovation_bias__2019-01-18__08_39_38__fault,src/platforms/qurt/fc_addon/uart_esc,0.004734375010073361,18.0
fixed_fresh,ekf2_innovation_bias__2019-01-18__08_39_38__fault,src/platforms/qurt/tests/muorb,0.00499522057401097,9.0
fixed_fresh,ekf2_innovation_bias__2019-01-18__08_39_38__fault,src/templates/module,0.0,
fixed_fresh,ekf2_innovation_bias__2019-01-25__17_38_05__baseline,src/drivers/batt_smbus,0.0,
fixed_fresh,ekf2_innovation_bias__2019-01-25__17_38_05__baseline,src/drivers/blinkm,0.0,
fixed_fresh,ekf2_innovation_bias__2019-01-25__17_38_05__baseline,src/drivers/camera_trigger,0.0,
fixed_fresh,ekf2_innovation_bias__2019-01-25__17_38_05__baseline,src/drivers/distance_sensor,0.0,
fixed_fresh,ekf2_innovation_bias__2019-01-25__17_38_05__baseline,src/drivers/linux_pwm_out,0.0,
fixed_fresh,ekf2_innovation_bias__2019-01-25__17_38_05__baseline,src/drivers/mkblctrl,0.0,
fixed_fresh,ekf2_innovation_bias__2019-01-25__17_38_05__baseline,src/drivers/pwm_out_sim,0.0,
fixed_fresh,ekf2_innovation_bias__2019-01-25__17_38_05__baseline,src/drivers/px4flow,0.0,
fixed_fresh,ekf2_innovation_bias__2019-01-25__17_38_05__baseline,src/drivers/px4fmu,0.0,
fixed_fresh,ekf2_innovation_bias__2019-01-25__17_38_05__baseline,src/drivers/px4io,0.0,
fixed_fresh,ekf2_innovation_bias__2019-01-25__17_38_05__baseline,src/drivers/snapdragon_pwm_out,0.0,
fixed_fresh,ekf2_innovation_bias__2019-01-25__17_38_05__baseline,src/drivers/tap_esc,0.0,
fixed_fresh,ekf2_innovation_bias__2019-01-25__17_38_05__baseline,src/drivers/telemetry,0.0,
fixed_fresh,ekf2_innovation_bias__2019-01-25__17_38_05__baseline,src/drivers/vmount,0.0,
fixed_fresh,ekf2_innovation_bias__2019-01-25__17_38_05__baseline,src/examples/fixedwing_control,0.0,
fixed_fresh,ekf2_innovation_bias__2019-01-25__17_38_05__baseline,src/examples/hwtest,0.0,
fixed_fresh,ekf2_innovation_bias__2019-01-25__17_38_05__baseline,src/examples/px4_simple_app,0.0,
fixed_fresh,ekf2_innovation_bias__2019-01-25__17_38_05__baseline,src/examples/rover_steering_control,0.0,
fixed_fresh,ekf2_innovation_bias__2019-01-25__17_38_05__baseline,src/examples/uuv_example_app,0.0,
fixed_fresh,ekf2_innovation_bias__2019-01-25__17_38_05__baseline,src/modules/attitude_estimator_q,0.0,
fixed_fresh,ekf2_innovation_bias__2019-01-25__17_38_05__baseline,src/modules/camera_feedback,0.0,
fixed_fresh,ekf2_innovation_bias__2019-01-25__17_38_05__baseline,src/modules/commander,0.0,
fixed_fresh,ekf2_innovation_bias__2019-01-25__17_38_05__baseline,src/modules/ekf2,0.0,
fixed_fresh,ekf2_innovation_bias__2019-01-25__17_38_05__baseline,src/modules/events,0.0,
fixed_fresh,ekf2_innovation_bias__2019-01-25__17_38_05__baseline,src/modules/fw_att_control,0.0,
fixed_fresh,ekf2_innovation_bias__2019-01-25__17_38_05__baseline,src/modules/fw_pos_control_l1,0.0,
fixed_fresh,ekf2_innovation_bias__2019-01-25__17_38_05__baseline,src/modules/gnd_att_control,0.0,
fixed_fresh,ekf2_innovation_bias__2019-01-25__17_38_05__baseline,src/modules/gnd_pos_control,0.0,
fixed_fresh,ekf2_innovation_bias__2019-01-25__17_38_05__baseline,src/modules/gpio_led,0.0,
fixed_fresh,ekf2_innovation_bias__2019-01-25__17_38_05__baseline,src/modules/land_detector,0.0,
fixed_fresh,ekf2_innovation_bias__2019-01-25__17_38_05__baseline,src/modules/landing_target_estimator,0.0,
fixed_fresh,ekf2_innovation_bias__2019-01-25__17_38_05__baseline,src/modules/load_mon,0.0,
fixed_fresh,ekf2_innovation_bias__2019-01-25__17_38_05__baseline,src/modules/logger,0.0,
fixed_fresh,ekf2_innovation_bias__2019-01-25__17_38_05__baseline,src/modules/mavlink,0.0,
fixed_fresh,ekf2_innovation_bias__2019-01-25__17_38_05__baseline,src/modules/mc_att_control,0.0,
fixed_fresh,ekf2_innovation_bias__2019-01-25__17_38_05__baseline,src/modules/mc_pos_control,0.0,
fixed_fresh,ekf2_innovation_bias__2019-01-25__17_38_05__baseline,src/modules/navigator,0.0,
fixed_fresh,ekf2_innovation_bias__2019-01-25__17_38_05__baseline,src/modules/position_estimator_inav,0.0,
fixed_fresh,ekf2_innovation_bias__2019-01-25__17_38_05__baseline,src/modules/replay,0.0,
fixed_fresh,ekf2_innovation_bias__2019-01-25__17_38_05__baseline,src/modules/sdlog2,0.0,
fixed_fresh,ekf2_innovation_bias__2019-01-25__17_38_05__baseline,src/modules/sensors,0.0,
fixed_fresh,ekf2_innovation_bias__2019-01-25__17_38_05__baseline,src/modules/simulator,0.0,
fixed_fresh,ekf2_innovation_bias__2019-01-25__17_38_05__baseline,src/modules/syslink,0.0,
fixed_fresh,ekf2_innovation_bias__2019-01-25__17_38_05__baseline,src/modules/uavcan,0.0,
fixed_fresh,ekf2_innovation_bias__2019-01-25__17_38_05__baseline,src/modules/vtol_att_control,0.0,
fixed_fresh,ekf2_innovation_bias__2019-01-25__17_38_05__baseline,src/modules/wind_estimator,0.0,
fixed_fresh,ekf2_innovation_bias__2019-01-25__17_38_05__baseline,src/platforms/posix/drivers/df_bebop_bus_wrapper,0.0,
fixed_fresh,ekf2_innovation_bias__2019-01-25__17_38_05__baseline,src/platforms/posix/drivers/df_bebop_rangefinder_wrapper,0.0,
fixed_fresh,ekf2_innovation_bias__2019-01-25__17_38_05__baseline,src/platforms/posix/drivers/df_isl29501_wrapper,0.0,
fixed_fresh,ekf2_innovation_bias__2019-01-25__17_38_05__baseline,src/platforms/posix/drivers/df_ltc2946_wrapper,0.0,
fixed_fresh,ekf2_innovation_bias__2019-01-25__17_38_05__baseline,src/platforms/posix/drivers/df_trone_wrapper,0.0,
fixed_fresh,ekf2_innovation_bias__2019-01-25__17_38_05__baseline,src/platforms/qurt/fc_addon/uart_esc,0.0,
fixed_fresh,ekf2_innovation_bias__2019-01-25__17_38_05__baseline,src/platforms/qurt/tests/muorb,0.0,
fixed_fresh,ekf2_innovation_bias__2019-01-25__17_38_05__baseline,src/templates/module,0.0,
fixed_fresh,ekf2_innovation_bias__2019-01-25__17_38_05__fault,src/drivers/batt_smbus,0.0,
fixed_fresh,ekf2_innovation_bias__2019-01-25__17_38_05__fault,src/drivers/blinkm,0.0,
fixed_fresh,ekf2_innovation_bias__2019-01-25__17_38_05__fault,src/drivers/camera_trigger,0.0,
fixed_fresh,ekf2_innovation_bias__2019-01-25__17_38_05__fault,src/drivers/distance_sensor,0.0,
fixed_fresh,ekf2_innovation_bias__2019-01-25__17_38_05__fault,src/drivers/linux_pwm_out,0.0,
fixed_fresh,ekf2_innovation_bias__2019-01-25__17_38_05__fault,src/drivers/mkblctrl,0.0,
fixed_fresh,ekf2_innovation_bias__2019-01-25__17_38_05__fault,src/drivers/pwm_out_sim,0.0,
fixed_fresh,ekf2_innovation_bias__2019-01-25__17_38_05__fault,src/drivers/px4flow,0.0,
fixed_fresh,ekf2_innovation_bias__2019-01-25__17_38_05__fault,src/drivers/px4fmu,0.0,
fixed_fresh,ekf2_innovation_bias__2019-01-25__17_38_05__fault,src/drivers/px4io,0.0,
fixed_fresh,ekf2_innovation_bias__2019-01-25__17_38_05__fault,src/drivers/snapdragon_pwm_out,0.0,
fixed_fresh,ekf2_innovation_bias__2019-01-25__17_38_05__fault,src/drivers/tap_esc,0.0,
fixed_fresh,ekf2_innovation_bias__2019-01-25__17_38_05__fault,src/drivers/telemetry,0.0,
fixed_fresh,ekf2_innovation_bias__2019-01-25__17_38_05__fault,src/drivers/vmount,0.0,
fixed_fresh,ekf2_innovation_bias__2019-01-25__17_38_05__fault,src/examples/fixedwing_control,0.0,
fixed_fresh,ekf2_innovation_bias__2019-01-25__17_38_05__fault,src/examples/hwtest,0.0,
fixed_fresh,ekf2_innovation_bias__2019-01-25__17_38_05__fault,src/examples/px4_simple_app,0.0,
fixed_fresh,ekf2_innovation_bias__2019-01-25__17_38_05__fault,src/examples/rover_steering_control,0.0,
fixed_fresh,ekf2_innovation_bias__2019-01-25__17_38_05__fault,src/examples/uuv_example_app,0.0,
fixed_fresh,ekf2_innovation_bias__2019-01-25__17_38_05__fault,src/modules/attitude_estimator_q,0.0,
fixed_fresh,ekf2_innovation_bias__2019-01-25__17_38_05__fault,src/modules/camera_feedback,0.0,
fixed_fresh,ekf2_innovation_bias__2019-01-25__17_38_05__fault,src/modules/commander,0.0,
fixed_fresh,ekf2_innovation_bias__2019-01-25__17_38_05__fault,src/modules/ekf2,0.0,
fixed_fresh,ekf2_innovation_bias__2019-01-25__17_38_05__fault,src/modules/events,0.0,
fixed_fresh,ekf2_innovation_bias__2019-01-25__17_38_05__fault,src/modules/fw_att_control,0.0,
fixed_fresh,ekf2_innovation_bias__2019-01-25__17_38_05__fault,src/modules/fw_pos_control_l1,0.0,
fixed_fresh,ekf2_innovation_bias__2019-01-25__17_38_05__fault,src/modules/gnd_att_control,0.0,
fixed_fresh,ekf2_innovation_bias__2019-01-25__17_38_05__fault,src/modules/gnd_pos_control,0.0,
fixed_fresh,ekf2_innovation_bias__2019-01-25__17_38_05__fault,src/modules/gpio_led,0.0,
fixed_fresh,ekf2_innovation_bias__2019-01-25__17_38_05__fault,src/modules/land_detector,0.0,
fixed_fresh,ekf2_innovation_bias__2019-01-25__17_38_05__fault,src/modules/landing_target_estimator,0.0,
fixed_fresh,ekf2_innovation_bias__2019-01-25__17_38_05__fault,src/modules/load_mon,0.0,
fixed_fresh,ekf2_innovation_bias__2019-01-25__17_38_05__fault,src/modules/logger,0.0,
fixed_fresh,ekf2_innovation_bias__2019-01-25__17_38_05__fault,src/modules/mavlink,0.0,
fixed_fresh,ekf2_innovation_bias__2019-01-25__17_38_05__fault,src/modules/mc_att_control,0.0,
fixed_fresh,ekf2_innovation_bias__2019-01-25__17_38_05__fault,src/modules/mc_pos_control,0.0,
fixed_fresh,ekf2_innovation_bias__2019-01-25__17_38_05__fault,src/modules/navigator,0.0,
fixed_fresh,ekf2_innovation_bias__2019-01-25__17_38_05__fault,src/modules/position_estimator_inav,0.0,
fixed_fresh,ekf2_innovation_bias__2019-01-25__17_38_05__fault,src/modules/replay,0.0,
fixed_fresh,ekf2_innovation_bias__2019-01-25__17_38_05__fault,src/modules/sdlog2,0.0,
fixed_fresh,ekf2_innovation_bias__2019-01-25__17_38_05__fault,src/modules/sensors,0.0,
fixed_fresh,ekf2_innovation_bias__2019-01-25__17_38_05__fault,src/modules/simulator,0.0,
fixed_fresh,ekf2_innovation_bias__2019-01-25__17_38_05__fault,src/modules/syslink,0.0,
fixed_fresh,ekf2_innovation_bias__2019-01-25__17_38_05__fault,src/modules/uavcan,0.0,
fixed_fresh,ekf2_innovation_bias__2019-01-25__17_38_05__fault,src/modules/vtol_att_control,0.0,
fixed_fresh,ekf2_innovation_bias__2019-01-25__17_38_05__fault,src/modules/wind_estimator,0.0,
fixed_fresh,ekf2_innovation_bias__2019-01-25__17_38_05__fault,src/platforms/posix/drivers/df_bebop_bus_wrapper,0.0,
fixed_fresh,ekf2_innovation_bias__2019-01-25__17_38_05__fault,src/platforms/posix/drivers/df_bebop_rangefinder_wrapper,0.0,
fixed_fresh,ekf2_innovation_bias__2019-01-25__17_38_05__fault,src/platforms/posix/drivers/df_isl29501_wrapper,0.0,
fixed_fresh,ekf2_innovation_bias__2019-01-25__17_38_05__fault,src/platforms/posix/drivers/df_ltc2946_wrapper,0.0,
fixed_fresh,ekf2_innovation_bias__2019-01-25__17_38_05__fault,src/platforms/posix/drivers/df_trone_wrapper,0.0,
fixed_fresh,ekf2_innovation_bias__2019-01-25__17_38_05__fault,src/platforms/qurt/fc_addon/uart_esc,0.0,
fixed_fresh,ekf2_innovation_bias__2019-01-25__17_38_05__fault,src/platforms/qurt/tests/muorb,0.0,
fixed_fresh,ekf2_innovation_bias__2019-01-25__17_38_05__fault,src/templates/module,0.0,
fixed_fresh,ekf2_innovation_bias__2019-03-06__08_02_26__baseline,src/drivers/batt_smbus,0.0,
fixed_fresh,ekf2_innovation_bias__2019-03-06__08_02_26__baseline,src/drivers/blinkm,0.0,
fixed_fresh,ekf2_innovation_bias__2019-03-06__08_02_26__baseline,src/drivers/camera_trigger,0.0,
fixed_fresh,ekf2_innovation_bias__2019-03-06__08_02_26__baseline,src/drivers/distance_sensor,0.0,
fixed_fresh,ekf2_innovation_bias__2019-03-06__08_02_26__baseline,src/drivers/linux_pwm_out,0.0,
fixed_fresh,ekf2_innovation_bias__2019-03-06__08_02_26__baseline,src/drivers/mkblctrl,0.0,
fixed_fresh,ekf2_innovation_bias__2019-03-06__08_02_26__baseline,src/drivers/pwm_out_sim,0.0,
fixed_fresh,ekf2_innovation_bias__2019-03-06__08_02_26__baseline,src/drivers/px4flow,0.0,
fixed_fresh,ekf2_innovation_bias__2019-03-06__08_02_26__baseline,src/drivers/px4fmu,0.0,
fixed_fresh,ekf2_innovation_bias__2019-03-06__08_02_26__baseline,src/drivers/px4io,0.0,
fixed_fresh,ekf2_innovation_bias__2019-03-06__08_02_26__baseline,src/drivers/snapdragon_pwm_out,0.0,
fixed_fresh,ekf2_innovation_bias__2019-03-06__08_02_26__baseline,src/drivers/tap_esc,0.0,
fixed_fresh,ekf2_innovation_bias__2019-03-06__08_02_26__baseline,src/drivers/telemetry,0.0,
fixed_fresh,ekf2_innovation_bias__2019-03-06__08_02_26__baseline,src/drivers/vmount,0.0,
fixed_fresh,ekf2_innovation_bias__2019-03-06__08_02_26__baseline,src/examples/fixedwing_control,0.0,
fixed_fresh,ekf2_innovation_bias__2019-03-06__08_02_26__baseline,src/examples/hwtest,0.0,
fixed_fresh,ekf2_innovation_bias__2019-03-06__08_02_26__baseline,src/examples/px4_simple_app,0.0,
fixed_fresh,ekf2_innovation_bias__2019-03-06__08_02_26__baseline,src/examples/rover_steering_control,0.0,
fixed_fresh,ekf2_innovation_bias__2019-03-06__08_02_26__baseline,src/examples/uuv_example_app,0.0,
fixed_fresh,ekf2_innovation_bias__2019-03-06__08_02_26__baseline,src/modules/attitude_estimator_q,0.0,
fixed_fresh,ekf2_innovation_bias__2019-03-06__08_02_26__baseline,src/modules/camera_feedback,0.0,
fixed_fresh,ekf2_innovation_bias__2019-03-06__08_02_26__baseline,src/modules/commander,0.0,
fixed_fresh,ekf2_innovation_bias__2019-03-06__08_02_26__baseline,src/modules/ekf2,0.0,
fixed_fresh,ekf2_innovation_bias__2019-03-06__08_02_26__baseline,src/modules/events,0.0,
fixed_fresh,ekf2_innovation_bias__2019-03-06__08_02_26__baseline,src/modules/fw_att_control,0.0,
fixed_fresh,ekf2_innovation_bias__2019-03-06__08_02_26__baseline,src/modules/fw_pos_control_l1,0.0,
fixed_fresh,ekf2_innovation_bias__2019-03-06__08_02_26__baseline,src/modules/gnd_att_control,0.0,
fixed_fresh,ekf2_innovation_bias__2019-03-06__08_02_26__baseline,src/modules/gnd_pos_control,0.0,
fixed_fresh,ekf2_innovation_bias__2019-03-06__08_02_26__baseline,src/modules/gpio_led,0.0,
fixed_fresh,ekf2_innovation_bias__2019-03-06__08_02_26__baseline,src/modules/land_detector,0.0,
fixed_fresh,ekf2_innovation_bias__2019-03-06__08_02_26__baseline,src/modules/landing_target_estimator,0.0,
fixed_fresh,ekf2_innovation_bias__2019-03-06__08_02_26__baseline,src/modules/load_mon,0.0,
fixed_fresh,ekf2_innovation_bias__2019-03-06__08_02_26__baseline,src/modules/logger,0.0,
fixed_fresh,ekf2_innovation_bias__2019-03-06__08_02_26__baseline,src/modules/mavlink,0.0,
fixed_fresh,ekf2_innovation_bias__2019-03-06__08_02_26__baseline,src/modules/mc_att_control,0.0,
fixed_fresh,ekf2_innovation_bias__2019-03-06__08_02_26__baseline,src/modules/mc_pos_control,0.0,
fixed_fresh,ekf2_innovation_bias__2019-03-06__08_02_26__baseline,src/modules/navigator,0.0,
fixed_fresh,ekf2_innovation_bias__2019-03-06__08_02_26__baseline,src/modules/position_estimator_inav,0.0,
fixed_fresh,ekf2_innovation_bias__2019-03-06__08_02_26__baseline,src/modules/replay,0.0,
fixed_fresh,ekf2_innovation_bias__2019-03-06__08_02_26__baseline,src/modules/sdlog2,0.0,
fixed_fresh,ekf2_innovation_bias__2019-03-06__08_02_26__baseline,src/modules/sensors,0.0,
fixed_fresh,ekf2_innovation_bias__2019-03-06__08_02_26__baseline,src/modules/simulator,0.0,
fixed_fresh,ekf2_innovation_bias__2019-03-06__08_02_26__baseline,src/modules/syslink,0.0,
fixed_fresh,ekf2_innovation_bias__2019-03-06__08_02_26__baseline,src/modules/uavcan,0.0,
fixed_fresh,ekf2_innovation_bias__2019-03-06__08_02_26__baseline,src/modules/vtol_att_control,0.0,
fixed_fresh,ekf2_innovation_bias__2019-03-06__08_02_26__baseline,src/modules/wind_estimator,0.0,
fixed_fresh,ekf2_innovation_bias__2019-03-06__08_02_26__baseline,src/platforms/posix/drivers/df_bebop_bus_wrapper,0.0,
fixed_fresh,ekf2_innovation_bias__2019-03-06__08_02_26__baseline,src/platforms/posix/drivers/df_bebop_rangefinder_wrapper,0.0,
fixed_fresh,ekf2_innovation_bias__2019-03-06__08_02_26__baseline,src/platforms/posix/drivers/df_isl29501_wrapper,0.0,
fixed_fresh,ekf2_innovation_bias__2019-03-06__08_02_26__baseline,src/platforms/posix/drivers/df_ltc2946_wrapper,0.0,
fixed_fresh,ekf2_innovation_bias__2019-03-06__08_02_26__baseline,src/platforms/posix/drivers/df_trone_wrapper,0.0,
fixed_fresh,ekf2_innovation_bias__2019-03-06__08_02_26__baseline,src/platforms/qurt/fc_addon/uart_esc,0.0,
fixed_fresh,ekf2_innovation_bias__2019-03-06__08_02_26__baseline,src/platforms/qurt/tests/muorb,0.0,
fixed_fresh,ekf2_innovation_bias__2019-03-06__08_02_26__baseline,src/templates/module,0.0,
fixed_fresh,ekf2_innovation_bias__2019-03-06__08_02_26__fault,src/drivers/batt_smbus,0.0,
fixed_fresh,ekf2_innovation_bias__2019-03-06__08_02_26__fault,src/drivers/blinkm,0.0,
fixed_fresh,ekf2_innovation_bias__2019-03-06__08_02_26__fault,src/drivers/camera_trigger,0.0,
fixed_fresh,ekf2_innovation_bias__2019-03-06__08_02_26__fault,src/drivers/distance_sensor,0.0001450596301926327,21.0
fixed_fresh,ekf2_innovation_bias__2019-03-06__08_02_26__fault,src/drivers/linux_pwm_out,0.00014416812763773758,30.0
fixed_fresh,ekf2_innovation_bias__2019-03-06__08_02_26__fault,src/drivers/mkblctrl,0.00014416812763773758,30.0
fixed_fresh,ekf2_innovation_bias__2019-03-06__08_02_26__fault,src/drivers/pwm_out_sim,0.00014416812763773758,30.0
fixed_fresh,ekf2_innovation_bias__2019-03-06__08_02_26__fault,src/drivers/px4flow,0.0001450596301926327,21.0
fixed_fresh,ekf2_innovation_bias__2019-03-06__08_02_26__fault,src/drivers/px4fmu,0.00014416812763773758,30.0
fixed_fresh,ekf2_innovation_bias__2019-03-06__08_02_26__fault,src/drivers/px4io,0.00014416812763773758,30.0
fixed_fresh,ekf2_innovation_bias__2019-03-06__08_02_26__fault,src/drivers/snapdragon_pwm_out,0.00014416812763773758,30.0
fixed_fresh,ekf2_innovation_bias__2019-03-06__08_02_26__fault,src/drivers/tap_esc,0.00014416812763773758,30.0
fixed_fresh,ekf2_innovation_bias__2019-03-06__08_02_26__fault,src/drivers/telemetry,0.000377034707861987,15.0
fixed_fresh,ekf2_innovation_bias__2019-03-06__08_02_26__fault,src/drivers/vmount,0.0,
fixed_fresh,ekf2_innovation_bias__2019-03-06__08_02_26__fault,src/examples/fixedwing_control,0.0013673515294811386,11.0
fixed_fresh,ekf2_innovation_bias__2019-03-06__08_02_26__fault,src/examples/hwtest,0.0025449369916095144,6.0
fixed_fresh,ekf2_innovation_bias__2019-03-06__08_02_26__fault,src/examples/px4_simple_app,0.027099517106838333,3.0
fixed_fresh,ekf2_innovation_bias__2019-03-06__08_02_26__fault,src/examples/rover_steering_control,0.0,
fixed_fresh,ekf2_innovation_bias__2019-03-06__08_02_26__fault,src/examples/uuv_example_app,0.0025449369916095144,6.0
fixed_fresh,ekf2_innovation_bias__2019-03-06__08_02_26__fault,src/modules/attitude_estimator_q,0.027099517106838333,3.0
fixed_fresh,ekf2_innovation_bias__2019-03-06__08_02_26__fault,src/modules/camera_feedback,0.0,
fixed_fresh,ekf2_innovation_bias__2019-03-06__08_02_26__fault,src/modules/commander,0.0,
fixed_fresh,ekf2_innovation_bias__2019-03-06__08_02_26__fault,src/modules/ekf2,0.06398774963728311,1.0
fixed_fresh,ekf2_innovation_bias__2019-03-06__08_02_26__fault,src/modules/events,0.0,
fixed_fresh,ekf2_innovation_bias__2019-03-06__08_02_26__fault,src/modules/fw_att_control,2.1140062752521123e-05,36.0
fixed_fresh,ekf2_innovation_bias__2019-03-06__08_02_26__fault,src/modules/fw_pos_control_l1,0.0,
fixed_fresh,ekf2_innovation_bias__2019-03-06__08_02_26__fault,src/modules/gnd_att_control,0.0,
fixed_fresh,ekf2_innovation_bias__2019-03-06__08_02_26__fault,src/modules/gnd_pos_control,9.734080107879805e-05,32.0
fixed_fresh,ekf2_innovation_bias__2019-03-06__08_02_26__fault,src/modules/gpio_led,0.0,
fixed_fresh,ekf2_innovation_bias__2019-03-06__08_02_26__fault,src/modules/land_detector,0.00022859092512464302,16.0
fixed_fresh,ekf2_innovation_bias__2019-03-06__08_02_26__fault,src/modules/landing_target_estimator,0.0,
fixed_fresh,ekf2_innovation_bias__2019-03-06__08_02_26__fault,src/modules/load_mon,7.416975654968988e-05,34.0
fixed_fresh,ekf2_innovation_bias__2019-03-06__08_02_26__fault,src/modules/logger,0.0,
fixed_fresh,ekf2_innovation_bias__2019-03-06__08_02_26__fault,src/modules/mavlink,0.001775549636786187,9.0
fixed_fresh,ekf2_innovation_bias__2019-03-06__08_02_26__fault,src/modules/mc_att_control,2.1140062752521123e-05,36.0
fixed_fresh,ekf2_innovation_bias__2019-03-06__08_02_26__fault,src/modules/mc_pos_control,0.0,
fixed_fresh,ekf2_innovation_bias__2019-03-06__08_02_26__fault,src/modules/navigator,9.734080107879805e-05,32.0
fixed_fresh,ekf2_innovation_bias__2019-03-06__08_02_26__fault,src/modules/position_estimator_inav,0.002055632001634669,7.0
fixed_fresh,ekf2_innovation_bias__2019-03-06__08_02_26__fault,src/modules/replay,0.0,
fixed_fresh,ekf2_innovation_bias__2019-03-06__08_02_26__fault,src/modules/sdlog2,0.0,
fixed_fresh,ekf2_innovation_bias__2019-03-06__08_02_26__fault,src/modules/sensors,0.005686955337296921,4.0
fixed_fresh,ekf2_innovation_bias__2019-03-06__08_02_26__fault,src/modules/simulator,0.0014750636441927313,10.0
fixed_fresh,ekf2_innovation_bias__2019-03-06__08_02_26__fault,src/modules/syslink,0.000377034707861987,15.0
fixed_fresh,ekf2_innovation_bias__2019-03-06__08_02_26__fault,src/modules/uavcan,0.00014416812763773758,30.0
fixed_fresh,ekf2_innovation_bias__2019-03-06__08_02_26__fault,src/modules/vtol_att_control,0.0019555984314301974,8.0
fixed_fresh,ekf2_innovation_bias__2019-03-06__08_02_26__fault,src/modules/wind_estimator,0.0,
fixed_fresh,ekf2_innovation_bias__2019-03-06__08_02_26__fault,src/platforms/posix/drivers/df_bebop_bus_wrapper,9.279888043649139e-05,33.0
fixed_fresh,ekf2_innovation_bias__2019-03-06__08_02_26__fault,src/platforms/posix/drivers/df_bebop_rangefinder_wrapper,0.0001450596301926327,21.0
fixed_fresh,ekf2_innovation_bias__2019-03-06__08_02_26__fault,src/platforms/posix/drivers/df_isl29501_wrapper,0.0001450596301926327,21.0
fixed_fresh,ekf2_innovation_bias__2019-03-06__08_02_26__fault,src/platforms/posix/drivers/df_ltc2946_wrapper,0.000377034707861987,15.0
fixed_fresh,ekf2_innovation_bias__2019-03-06__08_02_26__fault,src/platforms/posix/drivers/df_trone_wrapper,0.0001450596301926327,21.0
fixed_fresh,ekf2_innovation_bias__2019-03-06__08_02_26__fault,src/platforms/qurt/fc_addon/uart_esc,0.00014416812763773758,30.0
fixed_fresh,ekf2_innovation_bias__2019-03-06__08_02_26__fault,src/platforms/qurt/tests/muorb,0.0009119915909239672,12.0
fixed_fresh,ekf2_innovation_bias__2019-03-06__08_02_26__fault,src/templates/module,0.0,
fixed_fresh,inav_local_z_freeze__2019-01-18__08_39_38__baseline,src/drivers/batt_smbus,0.0,
fixed_fresh,inav_local_z_freeze__2019-01-18__08_39_38__baseline,src/drivers/blinkm,0.0,
fixed_fresh,inav_local_z_freeze__2019-01-18__08_39_38__baseline,src/drivers/camera_trigger,0.0,
fixed_fresh,inav_local_z_freeze__2019-01-18__08_39_38__baseline,src/drivers/distance_sensor,0.0,
fixed_fresh,inav_local_z_freeze__2019-01-18__08_39_38__baseline,src/drivers/linux_pwm_out,0.0,
fixed_fresh,inav_local_z_freeze__2019-01-18__08_39_38__baseline,src/drivers/mkblctrl,0.0,
fixed_fresh,inav_local_z_freeze__2019-01-18__08_39_38__baseline,src/drivers/pwm_out_sim,0.0,
fixed_fresh,inav_local_z_freeze__2019-01-18__08_39_38__baseline,src/drivers/px4flow,0.0,
fixed_fresh,inav_local_z_freeze__2019-01-18__08_39_38__baseline,src/drivers/px4fmu,0.0,
fixed_fresh,inav_local_z_freeze__2019-01-18__08_39_38__baseline,src/drivers/px4io,0.0,
fixed_fresh,inav_local_z_freeze__2019-01-18__08_39_38__baseline,src/drivers/snapdragon_pwm_out,0.0,
fixed_fresh,inav_local_z_freeze__2019-01-18__08_39_38__baseline,src/drivers/tap_esc,0.0,
fixed_fresh,inav_local_z_freeze__2019-01-18__08_39_38__baseline,src/drivers/telemetry,0.0,
fixed_fresh,inav_local_z_freeze__2019-01-18__08_39_38__baseline,src/drivers/vmount,0.0,
fixed_fresh,inav_local_z_freeze__2019-01-18__08_39_38__baseline,src/examples/fixedwing_control,0.0,
fixed_fresh,inav_local_z_freeze__2019-01-18__08_39_38__baseline,src/examples/hwtest,0.0,
fixed_fresh,inav_local_z_freeze__2019-01-18__08_39_38__baseline,src/examples/px4_simple_app,0.0,
fixed_fresh,inav_local_z_freeze__2019-01-18__08_39_38__baseline,src/examples/rover_steering_control,0.0,
fixed_fresh,inav_local_z_freeze__2019-01-18__08_39_38__baseline,src/examples/uuv_example_app,0.0,
fixed_fresh,inav_local_z_freeze__2019-01-18__08_39_38__baseline,src/modules/attitude_estimator_q,0.0,
fixed_fresh,inav_local_z_freeze__2019-01-18__08_39_38__baseline,src/modules/camera_feedback,0.0,
fixed_fresh,inav_local_z_freeze__2019-01-18__08_39_38__baseline,src/modules/commander,0.0,
fixed_fresh,inav_local_z_freeze__2019-01-18__08_39_38__baseline,src/modules/ekf2,0.0,
fixed_fresh,inav_local_z_freeze__2019-01-18__08_39_38__baseline,src/modules/events,0.0,
fixed_fresh,inav_local_z_freeze__2019-01-18__08_39_38__baseline,src/modules/fw_att_control,0.0,
fixed_fresh,inav_local_z_freeze__2019-01-18__08_39_38__baseline,src/modules/fw_pos_control_l1,0.0,
fixed_fresh,inav_local_z_freeze__2019-01-18__08_39_38__baseline,src/modules/gnd_att_control,0.0,
fixed_fresh,inav_local_z_freeze__2019-01-18__08_39_38__baseline,src/modules/gnd_pos_control,0.0,
fixed_fresh,inav_local_z_freeze__2019-01-18__08_39_38__baseline,src/modules/gpio_led,0.0,
fixed_fresh,inav_local_z_freeze__2019-01-18__08_39_38__baseline,src/modules/land_detector,0.0,
fixed_fresh,inav_local_z_freeze__2019-01-18__08_39_38__baseline,src/modules/landing_target_estimator,0.0,
fixed_fresh,inav_local_z_freeze__2019-01-18__08_39_38__baseline,src/modules/load_mon,0.0,
fixed_fresh,inav_local_z_freeze__2019-01-18__08_39_38__baseline,src/modules/logger,0.0,
fixed_fresh,inav_local_z_freeze__2019-01-18__08_39_38__baseline,src/modules/mavlink,0.0,
fixed_fresh,inav_local_z_freeze__2019-01-18__08_39_38__baseline,src/modules/mc_att_control,0.0,
fixed_fresh,inav_local_z_freeze__2019-01-18__08_39_38__baseline,src/modules/mc_pos_control,0.0,
fixed_fresh,inav_local_z_freeze__2019-01-18__08_39_38__baseline,src/modules/navigator,0.0,
fixed_fresh,inav_local_z_freeze__2019-01-18__08_39_38__baseline,src/modules/position_estimator_inav,0.0,
fixed_fresh,inav_local_z_freeze__2019-01-18__08_39_38__baseline,src/modules/replay,0.0,
fixed_fresh,inav_local_z_freeze__2019-01-18__08_39_38__baseline,src/modules/sdlog2,0.0,
fixed_fresh,inav_local_z_freeze__2019-01-18__08_39_38__baseline,src/modules/sensors,0.0,
fixed_fresh,inav_local_z_freeze__2019-01-18__08_39_38__baseline,src/modules/simulator,0.0,
fixed_fresh,inav_local_z_freeze__2019-01-18__08_39_38__baseline,src/modules/syslink,0.0,
fixed_fresh,inav_local_z_freeze__2019-01-18__08_39_38__baseline,src/modules/uavcan,0.0,
fixed_fresh,inav_local_z_freeze__2019-01-18__08_39_38__baseline,src/modules/vtol_att_control,0.0,
fixed_fresh,inav_local_z_freeze__2019-01-18__08_39_38__baseline,src/modules/wind_estimator,0.0,
fixed_fresh,inav_local_z_freeze__2019-01-18__08_39_38__baseline,src/platforms/posix/drivers/df_bebop_bus_wrapper,0.0,
fixed_fresh,inav_local_z_freeze__2019-01-18__08_39_38__baseline,src/platforms/posix/drivers/df_bebop_rangefinder_wrapper,0.0,
fixed_fresh,inav_local_z_freeze__2019-01-18__08_39_38__baseline,src/platforms/posix/drivers/df_isl29501_wrapper,0.0,
fixed_fresh,inav_local_z_freeze__2019-01-18__08_39_38__baseline,src/platforms/posix/drivers/df_ltc2946_wrapper,0.0,
fixed_fresh,inav_local_z_freeze__2019-01-18__08_39_38__baseline,src/platforms/posix/drivers/df_trone_wrapper,0.0,
fixed_fresh,inav_local_z_freeze__2019-01-18__08_39_38__baseline,src/platforms/qurt/fc_addon/uart_esc,0.0,
fixed_fresh,inav_local_z_freeze__2019-01-18__08_39_38__baseline,src/platforms/qurt/tests/muorb,0.0,
fixed_fresh,inav_local_z_freeze__2019-01-18__08_39_38__baseline,src/templates/module,0.0,
fixed_fresh,inav_local_z_freeze__2019-01-18__08_39_38__fault,src/drivers/batt_smbus,0.0,
fixed_fresh,inav_local_z_freeze__2019-01-18__08_39_38__fault,src/drivers/blinkm,0.0,
fixed_fresh,inav_local_z_freeze__2019-01-18__08_39_38__fault,src/drivers/camera_trigger,0.0,
fixed_fresh,inav_local_z_freeze__2019-01-18__08_39_38__fault,src/drivers/distance_sensor,0.0,
fixed_fresh,inav_local_z_freeze__2019-01-18__08_39_38__fault,src/drivers/linux_pwm_out,1.6825841314221736e-06,30.0
fixed_fresh,inav_local_z_freeze__2019-01-18__08_39_38__fault,src/drivers/mkblctrl,1.6825841314221736e-06,30.0
fixed_fresh,inav_local_z_freeze__2019-01-18__08_39_38__fault,src/drivers/pwm_out_sim,1.6825841314221736e-06,30.0
fixed_fresh,inav_local_z_freeze__2019-01-18__08_39_38__fault,src/drivers/px4flow,0.0,
fixed_fresh,inav_local_z_freeze__2019-01-18__08_39_38__fault,src/drivers/px4fmu,1.6825841314221736e-06,30.0
fixed_fresh,inav_local_z_freeze__2019-01-18__08_39_38__fault,src/drivers/px4io,1.6825841314221736e-06,30.0
fixed_fresh,inav_local_z_freeze__2019-01-18__08_39_38__fault,src/drivers/snapdragon_pwm_out,1.6825841314221736e-06,30.0
fixed_fresh,inav_local_z_freeze__2019-01-18__08_39_38__fault,src/drivers/tap_esc,1.6825841314221736e-06,30.0
fixed_fresh,inav_local_z_freeze__2019-01-18__08_39_38__fault,src/drivers/telemetry,2.5542893986514703e-05,18.0
fixed_fresh,inav_local_z_freeze__2019-01-18__08_39_38__fault,src/drivers/vmount,0.0,
fixed_fresh,inav_local_z_freeze__2019-01-18__08_39_38__fault,src/examples/fixedwing_control,0.00011177350507329547,13.0
fixed_fresh,inav_local_z_freeze__2019-01-18__08_39_38__fault,src/examples/hwtest,0.0016252951233025202,6.0
fixed_fresh,inav_local_z_freeze__2019-01-18__08_39_38__fault,src/examples/px4_simple_app,0.00017688978826295988,10.0
fixed_fresh,inav_local_z_freeze__2019-01-18__08_39_38__fault,src/examples/rover_steering_control,0.0,
fixed_fresh,inav_local_z_freeze__2019-01-18__08_39_38__fault,src/examples/uuv_example_app,0.0016252951233025202,6.0
fixed_fresh,inav_local_z_freeze__2019-01-18__08_39_38__fault,src/modules/attitude_estimator_q,0.00017688978826295988,10.0
fixed_fresh,inav_local_z_freeze__2019-01-18__08_39_38__fault,src/modules/camera_feedback,0.0,
fixed_fresh,inav_local_z_freeze__2019-01-18__08_39_38__fault,src/modules/commander,6.80735552072736e-06,21.0
fixed_fresh,inav_local_z_freeze__2019-01-18__08_39_38__fault,src/modules/ekf2,0.0003154594086185617,8.0
fixed_fresh,inav_local_z_freeze__2019-01-18__08_39_38__fault,src/modules/events,0.0,
fixed_fresh,inav_local_z_freeze__2019-01-18__08_39_38__fault,src/modules/fw_att_control,7.747407957799945e-05,15.0
fixed_fresh,inav_local_z_freeze__2019-01-18__08_39_38__fault,src/modules/fw_pos_control_l1,0.0,
fixed_fresh,inav_local_z_freeze__2019-01-18__08_39_38__fault,src/modules/gnd_att_control,0.0,
fixed_fresh,inav_local_z_freeze__2019-01-18__08_39_38__fault,src/modules/gnd_pos_control,0.00014929422233825616,12.0
fixed_fresh,inav_local_z_freeze__2019-01-18__08_39_38__fault,src/modules/gpio_led,0.0,
fixed_fresh,inav_local_z_freeze__2019-01-18__08_39_38__fault,src/modules/land_detector,0.0,
fixed_fresh,inav_local_z_freeze__2019-01-18__08_39_38__fault,src/modules/landing_target_estimator,0.0,
fixed_fresh,inav_local_z_freeze__2019-01-18__08_39_38__fault,src/modules/load_mon,0.0,
fixed_fresh,inav_local_z_freeze__2019-01-18__08_39_38__fault,src/modules/logger,0.0,
fixed_fresh,inav_local_z_freeze__2019-01-18__08_39_38__fault,src/modules/mavlink,0.002059197577475921,2.0
fixed_fresh,inav_local_z_freeze__2019-01-18__08_39_38__fault,src/modules/mc_att_control,7.747407957799945e-05,15.0
fixed_fresh,inav_local_z_freeze__2019-01-18__08_39_38__fault,src/modules/mc_pos_control,0.0,
fixed_fresh,inav_local_z_freeze__2019-01-18__08_39_38__fault,src/modules/navigator,0.00014929422233825616,12.0
fixed_fresh,inav_local_z_freeze__2019-01-18__08_39_38__fault,src/modules/position_estimator_inav,0.0013702756146682451,7.0
fixed_fresh,inav_local_z_freeze__2019-01-18__08_39_38__fault,src/modules/replay,0.0,
fixed_fresh,inav_local_z_freeze__2019-01-18__08_39_38__fault,src/modules/sdlog2,0.0,
fixed_fresh,inav_local_z_freeze__2019-01-18__08_39_38__fault,src/modules/sensors,0.0025177791097135216,1.0
fixed_fresh,inav_local_z_freeze__2019-01-18__08_39_38__fault,src/modules/simulator,1.4822642593741759e-05,20.0
fixed_fresh,inav_local_z_freeze__2019-01-18__08_39_38__fault,src/modules/syslink,2.5542893986514703e-05,18.0
fixed_fresh,inav_local_z_freeze__2019-01-18__08_39_38__fault,src/modules/uavcan,1.6825841314221736e-06,30.0
fixed_fresh,inav_local_z_freeze__2019-01-18__08_39_38__fault,src/modules/vtol_att_control,0.0017246145246119365,4.0
fixed_fresh,inav_local_z_freeze__2019-01-18__08_39_38__fault,src/modules/wind_estimator,0.0,
fixed_fresh,inav_local_z_freeze__2019-01-18__08_39_38__fault,src/platforms/posix/drivers/df_bebop_bus_wrapper,2.233108419979291e-05,19.0
fixed_fresh,inav_local_z_freeze__2019-01-18__08_39_38__fault,src/platforms/posix/drivers/df_bebop_rangefinder_wrapper,0.0,
fixed_fresh,inav_local_z_freeze__2019-01-18__08_39_38__fault,src/platforms/posix/drivers/df_isl29501_wrapper,0.0,
fixed_fresh,inav_local_z_freeze__2019-01-18__08_39_38__fault,src/platforms/posix/drivers/df_ltc2946_wrapper,2.5542893986514703e-05,18.0
fixed_fresh,inav_local_z_freeze__2019-01-18__08_39_38__fault,src/platforms/posix/drivers/df_trone_wrapper,0.0,
fixed_fresh,inav_local_z_freeze__2019-01-18__08_39_38__fault,src/platforms/qurt/fc_addon/uart_esc,1.6825841314221736e-06,30.0
fixed_fresh,inav_local_z_freeze__2019-01-18__08_39_38__fault,src/platforms/qurt/tests/muorb,0.0017320565274280132,3.0
fixed_fresh,inav_local_z_freeze__2019-01-18__08_39_38__fault,src/templates/module,0.0,
fixed_fresh,inav_local_z_freeze__2019-01-25__17_38_05__baseline,src/drivers/batt_smbus,0.0,
fixed_fresh,inav_local_z_freeze__2019-01-25__17_38_05__baseline,src/drivers/blinkm,0.0,
fixed_fresh,inav_local_z_freeze__2019-01-25__17_38_05__baseline,src/drivers/camera_trigger,0.0,
fixed_fresh,inav_local_z_freeze__2019-01-25__17_38_05__baseline,src/drivers/distance_sensor,0.0,
fixed_fresh,inav_local_z_freeze__2019-01-25__17_38_05__baseline,src/drivers/linux_pwm_out,0.0,
fixed_fresh,inav_local_z_freeze__2019-01-25__17_38_05__baseline,src/drivers/mkblctrl,0.0,
fixed_fresh,inav_local_z_freeze__2019-01-25__17_38_05__baseline,src/drivers/pwm_out_sim,0.0,
fixed_fresh,inav_local_z_freeze__2019-01-25__17_38_05__baseline,src/drivers/px4flow,0.0,
fixed_fresh,inav_local_z_freeze__2019-01-25__17_38_05__baseline,src/drivers/px4fmu,0.0,
fixed_fresh,inav_local_z_freeze__2019-01-25__17_38_05__baseline,src/drivers/px4io,0.0,
fixed_fresh,inav_local_z_freeze__2019-01-25__17_38_05__baseline,src/drivers/snapdragon_pwm_out,0.0,
fixed_fresh,inav_local_z_freeze__2019-01-25__17_38_05__baseline,src/drivers/tap_esc,0.0,
fixed_fresh,inav_local_z_freeze__2019-01-25__17_38_05__baseline,src/drivers/telemetry,0.0,
fixed_fresh,inav_local_z_freeze__2019-01-25__17_38_05__baseline,src/drivers/vmount,0.0,
fixed_fresh,inav_local_z_freeze__2019-01-25__17_38_05__baseline,src/examples/fixedwing_control,0.0,
fixed_fresh,inav_local_z_freeze__2019-01-25__17_38_05__baseline,src/examples/hwtest,0.0,
fixed_fresh,inav_local_z_freeze__2019-01-25__17_38_05__baseline,src/examples/px4_simple_app,0.0,
fixed_fresh,inav_local_z_freeze__2019-01-25__17_38_05__baseline,src/examples/rover_steering_control,0.0,
fixed_fresh,inav_local_z_freeze__2019-01-25__17_38_05__baseline,src/examples/uuv_example_app,0.0,
fixed_fresh,inav_local_z_freeze__2019-01-25__17_38_05__baseline,src/modules/attitude_estimator_q,0.0,
fixed_fresh,inav_local_z_freeze__2019-01-25__17_38_05__baseline,src/modules/camera_feedback,0.0,
fixed_fresh,inav_local_z_freeze__2019-01-25__17_38_05__baseline,src/modules/commander,0.0,
fixed_fresh,inav_local_z_freeze__2019-01-25__17_38_05__baseline,src/modules/ekf2,0.0,
fixed_fresh,inav_local_z_freeze__2019-01-25__17_38_05__baseline,src/modules/events,0.0,
fixed_fresh,inav_local_z_freeze__2019-01-25__17_38_05__baseline,src/modules/fw_att_control,0.0,
fixed_fresh,inav_local_z_freeze__2019-01-25__17_38_05__baseline,src/modules/fw_pos_control_l1,0.0,
fixed_fresh,inav_local_z_freeze__2019-01-25__17_38_05__baseline,src/modules/gnd_att_control,0.0,
fixed_fresh,inav_local_z_freeze__2019-01-25__17_38_05__baseline,src/modules/gnd_pos_control,0.0,
fixed_fresh,inav_local_z_freeze__2019-01-25__17_38_05__baseline,src/modules/gpio_led,0.0,
fixed_fresh,inav_local_z_freeze__2019-01-25__17_38_05__baseline,src/modules/land_detector,0.0,
fixed_fresh,inav_local_z_freeze__2019-01-25__17_38_05__baseline,src/modules/landing_target_estimator,0.0,
fixed_fresh,inav_local_z_freeze__2019-01-25__17_38_05__baseline,src/modules/load_mon,0.0,
fixed_fresh,inav_local_z_freeze__2019-01-25__17_38_05__baseline,src/modules/logger,0.0,
fixed_fresh,inav_local_z_freeze__2019-01-25__17_38_05__baseline,src/modules/mavlink,0.0,
fixed_fresh,inav_local_z_freeze__2019-01-25__17_38_05__baseline,src/modules/mc_att_control,0.0,
fixed_fresh,inav_local_z_freeze__2019-01-25__17_38_05__baseline,src/modules/mc_pos_control,0.0,
fixed_fresh,inav_local_z_freeze__2019-01-25__17_38_05__baseline,src/modules/navigator,0.0,
fixed_fresh,inav_local_z_freeze__2019-01-25__17_38_05__baseline,src/modules/position_estimator_inav,0.0,
fixed_fresh,inav_local_z_freeze__2019-01-25__17_38_05__baseline,src/modules/replay,0.0,
fixed_fresh,inav_local_z_freeze__2019-01-25__17_38_05__baseline,src/modules/sdlog2,0.0,
fixed_fresh,inav_local_z_freeze__2019-01-25__17_38_05__baseline,src/modules/sensors,0.0,
fixed_fresh,inav_local_z_freeze__2019-01-25__17_38_05__baseline,src/modules/simulator,0.0,
fixed_fresh,inav_local_z_freeze__2019-01-25__17_38_05__baseline,src/modules/syslink,0.0,
fixed_fresh,inav_local_z_freeze__2019-01-25__17_38_05__baseline,src/modules/uavcan,0.0,
fixed_fresh,inav_local_z_freeze__2019-01-25__17_38_05__baseline,src/modules/vtol_att_control,0.0,
fixed_fresh,inav_local_z_freeze__2019-01-25__17_38_05__baseline,src/modules/wind_estimator,0.0,
fixed_fresh,inav_local_z_freeze__2019-01-25__17_38_05__baseline,src/platforms/posix/drivers/df_bebop_bus_wrapper,0.0,
fixed_fresh,inav_local_z_freeze__2019-01-25__17_38_05__baseline,src/platforms/posix/drivers/df_bebop_rangefinder_wrapper,0.0,
fixed_fresh,inav_local_z_freeze__2019-01-25__17_38_05__baseline,src/platforms/posix/drivers/df_isl29501_wrapper,0.0,
fixed_fresh,inav_local_z_freeze__2019-01-25__17_38_05__baseline,src/platforms/posix/drivers/df_ltc2946_wrapper,0.0,
fixed_fresh,inav_local_z_freeze__2019-01-25__17_38_05__baseline,src/platforms/posix/drivers/df_trone_wrapper,0.0,
fixed_fresh,inav_local_z_freeze__2019-01-25__17_38_05__baseline,src/platforms/qurt/fc_addon/uart_esc,0.0,
fixed_fresh,inav_local_z_freeze__2019-01-25__17_38_05__baseline,src/platforms/qurt/tests/muorb,0.0,
fixed_fresh,inav_local_z_freeze__2019-01-25__17_38_05__baseline,src/templates/module,0.0,
fixed_fresh,inav_local_z_freeze__2019-01-25__17_38_05__fault,src/drivers/batt_smbus,0.0,
fixed_fresh,inav_local_z_freeze__2019-01-25__17_38_05__fault,src/drivers/blinkm,0.0,
fixed_fresh,inav_local_z_freeze__2019-01-25__17_38_05__fault,src/drivers/camera_trigger,0.0,
fixed_fresh,inav_local_z_freeze__2019-01-25__17_38_05__fault,src/drivers/distance_sensor,0.0,
fixed_fresh,inav_local_z_freeze__2019-01-25__17_38_05__fault,src/drivers/linux_pwm_out,0.0,
fixed_fresh,inav_local_z_freeze__2019-01-25__17_38_05__fault,src/drivers/mkblctrl,0.0,
fixed_fresh,inav_local_z_freeze__2019-01-25__17_38_05__fault,src/drivers/pwm_out_sim,0.0,
fixed_fresh,inav_local_z_freeze__2019-01-25__17_38_05__fault,src/drivers/px4flow,0.0,
fixed_fresh,inav_local_z_freeze__2019-01-25__17_38_05__fault,src/drivers/px4fmu,0.0,
fixed_fresh,inav_local_z_freeze__2019-01-25__17_38_05__fault,src/drivers/px4io,0.0,
fixed_fresh,inav_local_z_freeze__2019-01-25__17_38_05__fault,src/drivers/snapdragon_pwm_out,0.0,
fixed_fresh,inav_local_z_freeze__2019-01-25__17_38_05__fault,src/drivers/tap_esc,0.0,
fixed_fresh,inav_local_z_freeze__2019-01-25__17_38_05__fault,src/drivers/telemetry,0.0,
fixed_fresh,inav_local_z_freeze__2019-01-25__17_38_05__fault,src/drivers/vmount,0.0,
fixed_fresh,inav_local_z_freeze__2019-01-25__17_38_05__fault,src/examples/fixedwing_control,0.0,
fixed_fresh,inav_local_z_freeze__2019-01-25__17_38_05__fault,src/examples/hwtest,0.0,
fixed_fresh,inav_local_z_freeze__2019-01-25__17_38_05__fault,src/examples/px4_simple_app,0.0,
fixed_fresh,inav_local_z_freeze__2019-01-25__17_38_05__fault,src/examples/rover_steering_control,0.0,
fixed_fresh,inav_local_z_freeze__2019-01-25__17_38_05__fault,src/examples/uuv_example_app,0.0,
fixed_fresh,inav_local_z_freeze__2019-01-25__17_38_05__fault,src/modules/attitude_estimator_q,0.0,
fixed_fresh,inav_local_z_freeze__2019-01-25__17_38_05__fault,src/modules/camera_feedback,0.0,
fixed_fresh,inav_local_z_freeze__2019-01-25__17_38_05__fault,src/modules/commander,0.0,
fixed_fresh,inav_local_z_freeze__2019-01-25__17_38_05__fault,src/modules/ekf2,0.0,
fixed_fresh,inav_local_z_freeze__2019-01-25__17_38_05__fault,src/modules/events,0.0,
fixed_fresh,inav_local_z_freeze__2019-01-25__17_38_05__fault,src/modules/fw_att_control,0.0,
fixed_fresh,inav_local_z_freeze__2019-01-25__17_38_05__fault,src/modules/fw_pos_control_l1,0.0,
fixed_fresh,inav_local_z_freeze__2019-01-25__17_38_05__fault,src/modules/gnd_att_control,0.0,
fixed_fresh,inav_local_z_freeze__2019-01-25__17_38_05__fault,src/modules/gnd_pos_control,0.0,
fixed_fresh,inav_local_z_freeze__2019-01-25__17_38_05__fault,src/modules/gpio_led,0.0,
fixed_fresh,inav_local_z_freeze__2019-01-25__17_38_05__fault,src/modules/land_detector,0.0,
fixed_fresh,inav_local_z_freeze__2019-01-25__17_38_05__fault,src/modules/landing_target_estimator,0.0,
fixed_fresh,inav_local_z_freeze__2019-01-25__17_38_05__fault,src/modules/load_mon,0.0,
fixed_fresh,inav_local_z_freeze__2019-01-25__17_38_05__fault,src/modules/logger,0.0,
fixed_fresh,inav_local_z_freeze__2019-01-25__17_38_05__fault,src/modules/mavlink,0.0,
fixed_fresh,inav_local_z_freeze__2019-01-25__17_38_05__fault,src/modules/mc_att_control,0.0,
fixed_fresh,inav_local_z_freeze__2019-01-25__17_38_05__fault,src/modules/mc_pos_control,0.0,
fixed_fresh,inav_local_z_freeze__2019-01-25__17_38_05__fault,src/modules/navigator,0.0,
fixed_fresh,inav_local_z_freeze__2019-01-25__17_38_05__fault,src/modules/position_estimator_inav,0.0,
fixed_fresh,inav_local_z_freeze__2019-01-25__17_38_05__fault,src/modules/replay,0.0,
fixed_fresh,inav_local_z_freeze__2019-01-25__17_38_05__fault,src/modules/sdlog2,0.0,
fixed_fresh,inav_local_z_freeze__2019-01-25__17_38_05__fault,src/modules/sensors,0.0,
fixed_fresh,inav_local_z_freeze__2019-01-25__17_38_05__fault,src/modules/simulator,0.0,
fixed_fresh,inav_local_z_freeze__2019-01-25__17_38_05__fault,src/modules/syslink,0.0,
fixed_fresh,inav_local_z_freeze__2019-01-25__17_38_05__fault,src/modules/uavcan,0.0,
fixed_fresh,inav_local_z_freeze__2019-01-25__17_38_05__fault,src/modules/vtol_att_control,0.0,
fixed_fresh,inav_local_z_freeze__2019-01-25__17_38_05__fault,src/modules/wind_estimator,0.0,
fixed_fresh,inav_local_z_freeze__2019-01-25__17_38_05__fault,src/platforms/posix/drivers/df_bebop_bus_wrapper,0.0,
fixed_fresh,inav_local_z_freeze__2019-01-25__17_38_05__fault,src/platforms/posix/drivers/df_bebop_rangefinder_wrapper,0.0,
fixed_fresh,inav_local_z_freeze__2019-01-25__17_38_05__fault,src/platforms/posix/drivers/df_isl29501_wrapper,0.0,
fixed_fresh,inav_local_z_freeze__2019-01-25__17_38_05__fault,src/platforms/posix/drivers/df_ltc2946_wrapper,0.0,
fixed_fresh,inav_local_z_freeze__2019-01-25__17_38_05__fault,src/platforms/posix/drivers/df_trone_wrapper,0.0,
fixed_fresh,inav_local_z_freeze__2019-01-25__17_38_05__fault,src/platforms/qurt/fc_addon/uart_esc,0.0,
fixed_fresh,inav_local_z_freeze__2019-01-25__17_38_05__fault,src/platforms/qurt/tests/muorb,0.0,
fixed_fresh,inav_local_z_freeze__2019-01-25__17_38_05__fault,src/templates/module,0.0,
fixed_fresh,inav_local_z_freeze__2019-03-06__08_02_26__baseline,src/drivers/batt_smbus,0.0,
fixed_fresh,inav_local_z_freeze__2019-03-06__08_02_26__baseline,src/drivers/blinkm,0.0,
fixed_fresh,inav_local_z_freeze__2019-03-06__08_02_26__baseline,src/drivers/camera_trigger,0.0,
fixed_fresh,inav_local_z_freeze__2019-03-06__08_02_26__baseline,src/drivers/distance_sensor,0.0,
fixed_fresh,inav_local_z_freeze__2019-03-06__08_02_26__baseline,src/drivers/linux_pwm_out,0.0,
fixed_fresh,inav_local_z_freeze__2019-03-06__08_02_26__baseline,src/drivers/mkblctrl,0.0,
fixed_fresh,inav_local_z_freeze__2019-03-06__08_02_26__baseline,src/drivers/pwm_out_sim,0.0,
fixed_fresh,inav_local_z_freeze__2019-03-06__08_02_26__baseline,src/drivers/px4flow,0.0,
fixed_fresh,inav_local_z_freeze__2019-03-06__08_02_26__baseline,src/drivers/px4fmu,0.0,
fixed_fresh,inav_local_z_freeze__2019-03-06__08_02_26__baseline,src/drivers/px4io,0.0,
fixed_fresh,inav_local_z_freeze__2019-03-06__08_02_26__baseline,src/drivers/snapdragon_pwm_out,0.0,
fixed_fresh,inav_local_z_freeze__2019-03-06__08_02_26__baseline,src/drivers/tap_esc,0.0,
fixed_fresh,inav_local_z_freeze__2019-03-06__08_02_26__baseline,src/drivers/telemetry,0.0,
fixed_fresh,inav_local_z_freeze__2019-03-06__08_02_26__baseline,src/drivers/vmount,0.0,
fixed_fresh,inav_local_z_freeze__2019-03-06__08_02_26__baseline,src/examples/fixedwing_control,0.0,
fixed_fresh,inav_local_z_freeze__2019-03-06__08_02_26__baseline,src/examples/hwtest,0.0,
fixed_fresh,inav_local_z_freeze__2019-03-06__08_02_26__baseline,src/examples/px4_simple_app,0.0,
fixed_fresh,inav_local_z_freeze__2019-03-06__08_02_26__baseline,src/examples/rover_steering_control,0.0,
fixed_fresh,inav_local_z_freeze__2019-03-06__08_02_26__baseline,src/examples/uuv_example_app,0.0,
fixed_fresh,inav_local_z_freeze__2019-03-06__08_02_26__baseline,src/modules/attitude_estimator_q,0.0,
fixed_fresh,inav_local_z_freeze__2019-03-06__08_02_26__baseline,src/modules/camera_feedback,0.0,
fixed_fresh,inav_local_z_freeze__2019-03-06__08_02_26__baseline,src/modules/commander,0.0,
fixed_fresh,inav_local_z_freeze__2019-03-06__08_02_26__baseline,src/modules/ekf2,0.0,
fixed_fresh,inav_local_z_freeze__2019-03-06__08_02_26__baseline,src/modules/events,0.0,
fixed_fresh,inav_local_z_freeze__2019-03-06__08_02_26__baseline,src/modules/fw_att_control,0.0,
fixed_fresh,inav_local_z_freeze__2019-03-06__08_02_26__baseline,src/modules/fw_pos_control_l1,0.0,
fixed_fresh,inav_local_z_freeze__2019-03-06__08_02_26__baseline,src/modules/gnd_att_control,0.0,
fixed_fresh,inav_local_z_freeze__2019-03-06__08_02_26__baseline,src/modules/gnd_pos_control,0.0,
fixed_fresh,inav_local_z_freeze__2019-03-06__08_02_26__baseline,src/modules/gpio_led,0.0,
fixed_fresh,inav_local_z_freeze__2019-03-06__08_02_26__baseline,src/modules/land_detector,0.0,
fixed_fresh,inav_local_z_freeze__2019-03-06__08_02_26__baseline,src/modules/landing_target_estimator,0.0,
fixed_fresh,inav_local_z_freeze__2019-03-06__08_02_26__baseline,src/modules/load_mon,0.0,
fixed_fresh,inav_local_z_freeze__2019-03-06__08_02_26__baseline,src/modules/logger,0.0,
fixed_fresh,inav_local_z_freeze__2019-03-06__08_02_26__baseline,src/modules/mavlink,0.0,
fixed_fresh,inav_local_z_freeze__2019-03-06__08_02_26__baseline,src/modules/mc_att_control,0.0,
fixed_fresh,inav_local_z_freeze__2019-03-06__08_02_26__baseline,src/modules/mc_pos_control,0.0,
fixed_fresh,inav_local_z_freeze__2019-03-06__08_02_26__baseline,src/modules/navigator,0.0,
fixed_fresh,inav_local_z_freeze__2019-03-06__08_02_26__baseline,src/modules/position_estimator_inav,0.0,
fixed_fresh,inav_local_z_freeze__2019-03-06__08_02_26__baseline,src/modules/replay,0.0,
fixed_fresh,inav_local_z_freeze__2019-03-06__08_02_26__baseline,src/modules/sdlog2,0.0,
fixed_fresh,inav_local_z_freeze__2019-03-06__08_02_26__baseline,src/modules/sensors,0.0,
fixed_fresh,inav_local_z_freeze__2019-03-06__08_02_26__baseline,src/modules/simulator,0.0,
fixed_fresh,inav_local_z_freeze__2019-03-06__08_02_26__baseline,src/modules/syslink,0.0,
fixed_fresh,inav_local_z_freeze__2019-03-06__08_02_26__baseline,src/modules/uavcan,0.0,
fixed_fresh,inav_local_z_freeze__2019-03-06__08_02_26__baseline,src/modules/vtol_att_control,0.0,
fixed_fresh,inav_local_z_freeze__2019-03-06__08_02_26__baseline,src/modules/wind_estimator,0.0,
fixed_fresh,inav_local_z_freeze__2019-03-06__08_02_26__baseline,src/platforms/posix/drivers/df_bebop_bus_wrapper,0.0,
fixed_fresh,inav_local_z_freeze__2019-03-06__08_02_26__baseline,src/platforms/posix/drivers/df_bebop_rangefinder_wrapper,0.0,
fixed_fresh,inav_local_z_freeze__2019-03-06__08_02_26__baseline,src/platforms/posix/drivers/df_isl29501_wrapper,0.0,
fixed_fresh,inav_local_z_freeze__2019-03-06__08_02_26__baseline,src/platforms/posix/drivers/df_ltc2946_wrapper,0.0,
fixed_fresh,inav_local_z_freeze__2019-03-06__08_02_26__baseline,src/platforms/posix/drivers/df_trone_wrapper,0.0,
fixed_fresh,inav_local_z_freeze__2019-03-06__08_02_26__baseline,src/platforms/qurt/fc_addon/uart_esc,0.0,
fixed_fresh,inav_local_z_freeze__2019-03-06__08_02_26__baseline,src/platforms/qurt/tests/muorb,0.0,
fixed_fresh,inav_local_z_freeze__2019-03-06__08_02_26__baseline,src/templates/module,0.0,
fixed_fresh,inav_local_z_freeze__2019-03-06__08_02_26__fault,src/drivers/batt_smbus,0.0,
fixed_fresh,inav_local_z_freeze__2019-03-06__08_02_26__fault,src/drivers/blinkm,0.0,
fixed_fresh,inav_local_z_freeze__2019-03-06__08_02_26__fault,src/drivers/camera_trigger,0.0,
fixed_fresh,inav_local_z_freeze__2019-03-06__08_02_26__fault,src/drivers/distance_sensor,5.0539500974206074e-05,33.0
fixed_fresh,inav_local_z_freeze__2019-03-06__08_02_26__fault,src/drivers/linux_pwm_out,7.127260872354449e-05,28.0
fixed_fresh,inav_local_z_freeze__2019-03-06__08_02_26__fault,src/drivers/mkblctrl,7.127260872354449e-05,28.0
fixed_fresh,inav_local_z_freeze__2019-03-06__08_02_26__fault,src/drivers/pwm_out_sim,7.127260872354449e-05,28.0
fixed_fresh,inav_local_z_freeze__2019-03-06__08_02_26__fault,src/drivers/px4flow,5.0539500974206074e-05,33.0
fixed_fresh,inav_local_z_freeze__2019-03-06__08_02_26__fault,src/drivers/px4fmu,7.127260872354449e-05,28.0
fixed_fresh,inav_local_z_freeze__2019-03-06__08_02_26__fault,src/drivers/px4io,7.127260872354449e-05,28.0
fixed_fresh,inav_local_z_freeze__2019-03-06__08_02_26__fault,src/drivers/snapdragon_pwm_out,7.127260872354449e-05,28.0
fixed_fresh,inav_local_z_freeze__2019-03-06__08_02_26__fault,src/drivers/tap_esc,7.127260872354449e-05,28.0
fixed_fresh,inav_local_z_freeze__2019-03-06__08_02_26__fault,src/drivers/telemetry,0.0010288460529595577,17.0
fixed_fresh,inav_local_z_freeze__2019-03-06__08_02_26__fault,src/drivers/vmount,0.0,
fixed_fresh,inav_local_z_freeze__2019-03-06__08_02_26__fault,src/examples/fixedwing_control,0.002625684784795663,10.0
fixed_fresh,inav_local_z_freeze__2019-03-06__08_02_26__fault,src/examples/hwtest,0.026139073795272097,4.0
fixed_fresh,inav_local_z_freeze__2019-03-06__08_02_26__fault,src/examples/px4_simple_app,0.0030742872855618643,9.0
fixed_fresh,inav_local_z_freeze__2019-03-06__08_02_26__fault,src/examples/rover_steering_control,0.0,
fixed_fresh,inav_local_z_freeze__2019-03-06__08_02_26__fault,src/examples/uuv_example_app,0.026139073795272097,4.0
fixed_fresh,inav_local_z_freeze__2019-03-06__08_02_26__fault,src/modules/attitude_estimator_q,0.0030742872855618643,9.0
fixed_fresh,inav_local_z_freeze__2019-03-06__08_02_26__fault,src/modules/camera_feedback,0.0,
fixed_fresh,inav_local_z_freeze__2019-03-06__08_02_26__fault,src/modules/commander,2.861496958387523e-05,35.0
fixed_fresh,inav_local_z_freeze__2019-03-06__08_02_26__fault,src/modules/ekf2,0.0004854886836552913,19.0
fixed_fresh,inav_local_z_freeze__2019-03-06__08_02_26__fault,src/modules/events,0.0,
fixed_fresh,inav_local_z_freeze__2019-03-06__08_02_26__fault,src/modules/fw_att_control,1.9389085372705298e-07,37.0
fixed_fresh,inav_local_z_freeze__2019-03-06__08_02_26__fault,src/modules/fw_pos_control_l1,0.0,
fixed_fresh,inav_local_z_freeze__2019-03-06__08_02_26__fault,src/modules/gnd_att_control,0.0,
fixed_fresh,inav_local_z_freeze__2019-03-06__08_02_26__fault,src/modules/gnd_pos_control,0.0016383818951597583,12.0
fixed_fresh,inav_local_z_freeze__2019-03-06__08_02_26__fault,src/modules/gpio_led,0.0,
fixed_fresh,inav_local_z_freeze__2019-03-06__08_02_26__fault,src/modules/land_detector,2.9178737176841147e-05,34.0
fixed_fresh,inav_local_z_freeze__2019-03-06__08_02_26__fault,src/modules/landing_target_estimator,0.0,
fixed_fresh,inav_local_z_freeze__2019-03-06__08_02_26__fault,src/modules/load_mon,0.001161400483161614,13.0
fixed_fresh,inav_local_z_freeze__2019-03-06__08_02_26__fault,src/modules/logger,0.0,
fixed_fresh,inav_local_z_freeze__2019-03-06__08_02_26__fault,src/modules/mavlink,0.03318248428694631,1.0
fixed_fresh,inav_local_z_freeze__2019-03-06__08_02_26__fault,src/modules/mc_att_control,1.9389085372705298e-07,37.0
fixed_fresh,inav_local_z_freeze__2019-03-06__08_02_26__fault,src/modules/mc_pos_control,0.0,
fixed_fresh,inav_local_z_freeze__2019-03-06__08_02_26__fault,src/modules/navigator,0.0016383818951597583,12.0
fixed_fresh,inav_local_z_freeze__2019-03-06__08_02_26__fault,src/modules/position_estimator_inav,0.0049835745883373694,5.0
fixed_fresh,inav_local_z_freeze__2019-03-06__08_02_26__fault,src/modules/replay,0.0,
fixed_fresh,inav_local_z_freeze__2019-03-06__08_02_26__fault,src/modules/sdlog2,0.0,
fixed_fresh,inav_local_z_freeze__2019-03-06__08_02_26__fault,src/modules/sensors,0.0031212283845142227,7.0
fixed_fresh,inav_local_z_freeze__2019-03-06__08_02_26__fault,src/modules/simulator,0.0010929681336146416,14.0
fixed_fresh,inav_local_z_freeze__2019-03-06__08_02_26__fault,src/modules/syslink,0.0010288460529595577,17.0
fixed_fresh,inav_local_z_freeze__2019-03-06__08_02_26__fault,src/modules/uavcan,7.127260872354449e-05,28.0
fixed_fresh,inav_local_z_freeze__2019-03-06__08_02_26__fault,src/modules/vtol_att_control,0.029457815354251946,2.0
fixed_fresh,inav_local_z_freeze__2019-03-06__08_02_26__fault,src/modules/wind_estimator,0.0,
fixed_fresh,inav_local_z_freeze__2019-03-06__08_02_26__fault,src/platforms/posix/drivers/df_bebop_bus_wrapper,0.000864284236354311,18.0
fixed_fresh,inav_local_z_freeze__2019-03-06__08_02_26__fault,src/platforms/posix/drivers/df_bebop_rangefinder_wrapper,5.0539500974206074e-05,33.0
fixed_fresh,inav_local_z_freeze__2019-03-06__08_02_26__fault,src/platforms/posix/drivers/df_isl29501_wrapper,5.0539500974206074e-05,33.0
fixed_fresh,inav_local_z_freeze__2019-03-06__08_02_26__fault,src/platforms/posix/drivers/df_ltc2946_wrapper,0.0010288460529595577,17.0
fixed_fresh,inav_local_z_freeze__2019-03-06__08_02_26__fault,src/platforms/posix/drivers/df_trone_wrapper,5.0539500974206074e-05,33.0
fixed_fresh,inav_local_z_freeze__2019-03-06__08_02_26__fault,src/platforms/qurt/fc_addon/uart_esc,7.127260872354449e-05,28.0
fixed_fresh,inav_local_z_freeze__2019-03-06__08_02_26__fault,src/platforms/qurt/tests/muorb,0.003613838455642197,6.0
fixed_fresh,inav_local_z_freeze__2019-03-06__08_02_26__fault,src/templates/module,0.0,
fixed_fresh,land_detector_state_inversion__2019-01-18__08_39_38__baseline,src/drivers/batt_smbus,0.0,
fixed_fresh,land_detector_state_inversion__2019-01-18__08_39_38__baseline,src/drivers/blinkm,0.0,
fixed_fresh,land_detector_state_inversion__2019-01-18__08_39_38__baseline,src/drivers/camera_trigger,0.0,
fixed_fresh,land_detector_state_inversion__2019-01-18__08_39_38__baseline,src/drivers/distance_sensor,0.0,
fixed_fresh,land_detector_state_inversion__2019-01-18__08_39_38__baseline,src/drivers/linux_pwm_out,0.0,
fixed_fresh,land_detector_state_inversion__2019-01-18__08_39_38__baseline,src/drivers/mkblctrl,0.0,
fixed_fresh,land_detector_state_inversion__2019-01-18__08_39_38__baseline,src/drivers/pwm_out_sim,0.0,
fixed_fresh,land_detector_state_inversion__2019-01-18__08_39_38__baseline,src/drivers/px4flow,0.0,
fixed_fresh,land_detector_state_inversion__2019-01-18__08_39_38__baseline,src/drivers/px4fmu,0.0,
fixed_fresh,land_detector_state_inversion__2019-01-18__08_39_38__baseline,src/drivers/px4io,0.0,
fixed_fresh,land_detector_state_inversion__2019-01-18__08_39_38__baseline,src/drivers/snapdragon_pwm_out,0.0,
fixed_fresh,land_detector_state_inversion__2019-01-18__08_39_38__baseline,src/drivers/tap_esc,0.0,
fixed_fresh,land_detector_state_inversion__2019-01-18__08_39_38__baseline,src/drivers/telemetry,0.0,
fixed_fresh,land_detector_state_inversion__2019-01-18__08_39_38__baseline,src/drivers/vmount,0.0,
fixed_fresh,land_detector_state_inversion__2019-01-18__08_39_38__baseline,src/examples/fixedwing_control,0.0,
fixed_fresh,land_detector_state_inversion__2019-01-18__08_39_38__baseline,src/examples/hwtest,0.0,
fixed_fresh,land_detector_state_inversion__2019-01-18__08_39_38__baseline,src/examples/px4_simple_app,0.0,
fixed_fresh,land_detector_state_inversion__2019-01-18__08_39_38__baseline,src/examples/rover_steering_control,0.0,
fixed_fresh,land_detector_state_inversion__2019-01-18__08_39_38__baseline,src/examples/uuv_example_app,0.0,
fixed_fresh,land_detector_state_inversion__2019-01-18__08_39_38__baseline,src/modules/attitude_estimator_q,0.0,
fixed_fresh,land_detector_state_inversion__2019-01-18__08_39_38__baseline,src/modules/camera_feedback,0.0,
fixed_fresh,land_detector_state_inversion__2019-01-18__08_39_38__baseline,src/modules/commander,0.0,
fixed_fresh,land_detector_state_inversion__2019-01-18__08_39_38__baseline,src/modules/ekf2,0.0,
fixed_fresh,land_detector_state_inversion__2019-01-18__08_39_38__baseline,src/modules/events,0.0,
fixed_fresh,land_detector_state_inversion__2019-01-18__08_39_38__baseline,src/modules/fw_att_control,0.0,
fixed_fresh,land_detector_state_inversion__2019-01-18__08_39_38__baseline,src/modules/fw_pos_control_l1,0.0,
fixed_fresh,land_detector_state_inversion__2019-01-18__08_39_38__baseline,src/modules/gnd_att_control,0.0,
fixed_fresh,land_detector_state_inversion__2019-01-18__08_39_38__baseline,src/modules/gnd_pos_control,0.0,
fixed_fresh,land_detector_state_inversion__2019-01-18__08_39_38__baseline,src/modules/gpio_led,0.0,
fixed_fresh,land_detector_state_inversion__2019-01-18__08_39_38__baseline,src/modules/land_detector,0.0,
fixed_fresh,land_detector_state_inversion__2019-01-18__08_39_38__baseline,src/modules/landing_target_estimator,0.0,
fixed_fresh,land_detector_state_inversion__2019-01-18__08_39_38__baseline,src/modules/load_mon,0.0,
fixed_fresh,land_detector_state_inversion__2019-01-18__08_39_38__baseline,src/modules/logger,0.0,
fixed_fresh,land_detector_state_inversion__2019-01-18__08_39_38__baseline,src/modules/mavlink,0.0,
fixed_fresh,land_detector_state_inversion__2019-01-18__08_39_38__baseline,src/modules/mc_att_control,0.0,
fixed_fresh,land_detector_state_inversion__2019-01-18__08_39_38__baseline,src/modules/mc_pos_control,0.0,
fixed_fresh,land_detector_state_inversion__2019-01-18__08_39_38__baseline,src/modules/navigator,0.0,
fixed_fresh,land_detector_state_inversion__2019-01-18__08_39_38__baseline,src/modules/position_estimator_inav,0.0,
fixed_fresh,land_detector_state_inversion__2019-01-18__08_39_38__baseline,src/modules/replay,0.0,
fixed_fresh,land_detector_state_inversion__2019-01-18__08_39_38__baseline,src/modules/sdlog2,0.0,
fixed_fresh,land_detector_state_inversion__2019-01-18__08_39_38__baseline,src/modules/sensors,0.0,
fixed_fresh,land_detector_state_inversion__2019-01-18__08_39_38__baseline,src/modules/simulator,0.0,
fixed_fresh,land_detector_state_inversion__2019-01-18__08_39_38__baseline,src/modules/syslink,0.0,
fixed_fresh,land_detector_state_inversion__2019-01-18__08_39_38__baseline,src/modules/uavcan,0.0,
fixed_fresh,land_detector_state_inversion__2019-01-18__08_39_38__baseline,src/modules/vtol_att_control,0.0,
fixed_fresh,land_detector_state_inversion__2019-01-18__08_39_38__baseline,src/modules/wind_estimator,0.0,
fixed_fresh,land_detector_state_inversion__2019-01-18__08_39_38__baseline,src/platforms/posix/drivers/df_bebop_bus_wrapper,0.0,
fixed_fresh,land_detector_state_inversion__2019-01-18__08_39_38__baseline,src/platforms/posix/drivers/df_bebop_rangefinder_wrapper,0.0,
fixed_fresh,land_detector_state_inversion__2019-01-18__08_39_38__baseline,src/platforms/posix/drivers/df_isl29501_wrapper,0.0,
fixed_fresh,land_detector_state_inversion__2019-01-18__08_39_38__baseline,src/platforms/posix/drivers/df_ltc2946_wrapper,0.0,
fixed_fresh,land_detector_state_inversion__2019-01-18__08_39_38__baseline,src/platforms/posix/drivers/df_trone_wrapper,0.0,
fixed_fresh,land_detector_state_inversion__2019-01-18__08_39_38__baseline,src/platforms/qurt/fc_addon/uart_esc,0.0,
fixed_fresh,land_detector_state_inversion__2019-01-18__08_39_38__baseline,src/platforms/qurt/tests/muorb,0.0,
fixed_fresh,land_detector_state_inversion__2019-01-18__08_39_38__baseline,src/templates/module,0.0,
fixed_fresh,land_detector_state_inversion__2019-01-18__08_39_38__fault,src/drivers/batt_smbus,0.0,
fixed_fresh,land_detector_state_inversion__2019-01-18__08_39_38__fault,src/drivers/blinkm,0.0,
fixed_fresh,land_detector_state_inversion__2019-01-18__08_39_38__fault,src/drivers/camera_trigger,0.0,
fixed_fresh,land_detector_state_inversion__2019-01-18__08_39_38__fault,src/drivers/distance_sensor,1.2077292939765218e-06,35.0
fixed_fresh,land_detector_state_inversion__2019-01-18__08_39_38__fault,src/drivers/linux_pwm_out,0.00011471911295194979,23.0
fixed_fresh,land_detector_state_inversion__2019-01-18__08_39_38__fault,src/drivers/mkblctrl,0.00011471911295194979,23.0
fixed_fresh,land_detector_state_inversion__2019-01-18__08_39_38__fault,src/drivers/pwm_out_sim,0.00011471911295194979,23.0
fixed_fresh,land_detector_state_inversion__2019-01-18__08_39_38__fault,src/drivers/px4flow,1.2077292939765218e-06,35.0
fixed_fresh,land_detector_state_inversion__2019-01-18__08_39_38__fault,src/drivers/px4fmu,0.00011471911295194979,23.0
fixed_fresh,land_detector_state_inversion__2019-01-18__08_39_38__fault,src/drivers/px4io,0.00011471911295194979,23.0
fixed_fresh,land_detector_state_inversion__2019-01-18__08_39_38__fault,src/drivers/snapdragon_pwm_out,0.00011471911295194979,23.0
fixed_fresh,land_detector_state_inversion__2019-01-18__08_39_38__fault,src/drivers/tap_esc,0.00011471911295194979,23.0
fixed_fresh,land_detector_state_inversion__2019-01-18__08_39_38__fault,src/drivers/telemetry,0.00015571368321349886,14.0
fixed_fresh,land_detector_state_inversion__2019-01-18__08_39_38__fault,src/drivers/vmount,0.0,
fixed_fresh,land_detector_state_inversion__2019-01-18__08_39_38__fault,src/examples/fixedwing_control,6.353238205928734e-05,28.0
fixed_fresh,land_detector_state_inversion__2019-01-18__08_39_38__fault,src/examples/hwtest,0.0009910921454596557,7.0
fixed_fresh,land_detector_state_inversion__2019-01-18__08_39_38__fault,src/examples/px4_simple_app,0.00011173193661108944,25.0
fixed_fresh,land_detector_state_inversion__2019-01-18__08_39_38__fault,src/examples/rover_steering_control,0.0,
fixed_fresh,land_detector_state_inversion__2019-01-18__08_39_38__fault,src/examples/uuv_example_app,0.0009910921454596557,7.0
fixed_fresh,land_detector_state_inversion__2019-01-18__08_39_38__fault,src/modules/attitude_estimator_q,0.00011173193661108944,25.0
fixed_fresh,land_detector_state_inversion__2019-01-18__08_39_38__fault,src/modules/camera_feedback,0.0,
fixed_fresh,land_detector_state_inversion__2019-01-18__08_39_38__fault,src/modules/commander,0.0,
fixed_fresh,land_detector_state_inversion__2019-01-18__08_39_38__fault,src/modules/ekf2,0.010009431592434875,4.0
fixed_fresh,land_detector_state_inversion__2019-01-18__08_39_38__fault,src/modules/events,0.0,
fixed_fresh,land_detector_state_inversion__2019-01-18__08_39_38__fault,src/modules/fw_att_control,6.711470239033316e-05,27.0
fixed_fresh,land_detector_state_inversion__2019-01-18__08_39_38__fault,src/modules/fw_pos_control_l1,0.0,
fixed_fresh,land_detector_state_inversion__2019-01-18__08_39_38__fault,src/modules/gnd_att_control,0.0,
fixed_fresh,land_detector_state_inversion__2019-01-18__08_39_38__fault,src/modules/gnd_pos_control,1.4833852575672828e-05,30.0
fixed_fresh,land_detector_state_inversion__2019-01-18__08_39_38__fault,src/modules/gpio_led,0.0,
fixed_fresh,land_detector_state_inversion__2019-01-18__08_39_38__fault,src/modules/land_detector,0.0,
fixed_fresh,land_detector_state_inversion__2019-01-18__08_39_38__fault,src/modules/landing_target_estimator,0.0,
fixed_fresh,land_detector_state_inversion__2019-01-18__08_39_38__fault,src/modules/load_mon,0.015901616600744607,1.0
fixed_fresh,land_detector_state_inversion__2019-01-18__08_39_38__fault,src/modules/logger,0.0,
fixed_fresh,land_detector_state_inversion__2019-01-18__08_39_38__fault,src/modules/mavlink,0.0018100122840605732,5.0
fixed_fresh,land_detector_state_inversion__2019-01-18__08_39_38__fault,src/modules/mc_att_control,6.711470239033316e-05,27.0
fixed_fresh,land_detector_state_inversion__2019-01-18__08_39_38__fault,src/modules/mc_pos_control,0.0,
fixed_fresh,land_detector_state_inversion__2019-01-18__08_39_38__fault,src/modules/navigator,1.4833852575672828e-05,30.0
fixed_fresh,land_detector_state_inversion__2019-01-18__08_39_38__fault,src/modules/position_estimator_inav,0.0005598269600445197,9.0
fixed_fresh,land_detector_state_inversion__2019-01-18__08_39_38__fault,src/modules/replay,0.0,
fixed_fresh,land_detector_state_inversion__2019-01-18__08_39_38__fault,src/modules/sdlog2,0.0,
fixed_fresh,land_detector_state_inversion__2019-01-18__08_39_38__fault,src/modules/sensors,0.010290704952865848,3.0
fixed_fresh,land_detector_state_inversion__2019-01-18__08_39_38__fault,src/modules/simulator,0.00019248844016417867,11.0
fixed_fresh,land_detector_state_inversion__2019-01-18__08_39_38__fault,src/modules/syslink,0.00015571368321349886,14.0
fixed_fresh,land_detector_state_inversion__2019-01-18__08_39_38__fault,src/modules/uavcan,0.00011471911295194979,23.0
fixed_fresh,land_detector_state_inversion__2019-01-18__08_39_38__fault,src/modules/vtol_att_control,0.000989275046814593,8.0
fixed_fresh,land_detector_state_inversion__2019-01-18__08_39_38__fault,src/modules/wind_estimator,0.0,
fixed_fresh,land_detector_state_inversion__2019-01-18__08_39_38__fault,src/platforms/posix/drivers/df_bebop_bus_wrapper,0.0002603604645114893,10.0
fixed_fresh,land_detector_state_inversion__2019-01-18__08_39_38__fault,src/platforms/posix/drivers/df_bebop_rangefinder_wrapper,1.2077292939765218e-06,35.0
fixed_fresh,land_detector_state_inversion__2019-01-18__08_39_38__fault,src/platforms/posix/drivers/df_isl29501_wrapper,1.2077292939765218e-06,35.0
fixed_fresh,land_detector_state_inversion__2019-01-18__08_39_38__fault,src/platforms/posix/drivers/df_ltc2946_wrapper,0.00015571368321349886,14.0
fixed_fresh,land_detector_state_inversion__2019-01-18__08_39_38__fault,src/platforms/posix/drivers/df_trone_wrapper,1.2077292939765218e-06,35.0
fixed_fresh,land_detector_state_inversion__2019-01-18__08_39_38__fault,src/platforms/qurt/fc_addon/uart_esc,0.00011471911295194979,23.0
fixed_fresh,land_detector_state_inversion__2019-01-18__08_39_38__fault,src/platforms/qurt/tests/muorb,0.010722680732340215,2.0
fixed_fresh,land_detector_state_inversion__2019-01-18__08_39_38__fault,src/templates/module,0.0,
fixed_fresh,land_detector_state_inversion__2019-01-25__17_38_05__baseline,src/drivers/batt_smbus,0.0,
fixed_fresh,land_detector_state_inversion__2019-01-25__17_38_05__baseline,src/drivers/blinkm,0.0,
fixed_fresh,land_detector_state_inversion__2019-01-25__17_38_05__baseline,src/drivers/camera_trigger,0.0,
fixed_fresh,land_detector_state_inversion__2019-01-25__17_38_05__baseline,src/drivers/distance_sensor,0.0,
fixed_fresh,land_detector_state_inversion__2019-01-25__17_38_05__baseline,src/drivers/linux_pwm_out,0.0,
fixed_fresh,land_detector_state_inversion__2019-01-25__17_38_05__baseline,src/drivers/mkblctrl,0.0,
fixed_fresh,land_detector_state_inversion__2019-01-25__17_38_05__baseline,src/drivers/pwm_out_sim,0.0,
fixed_fresh,land_detector_state_inversion__2019-01-25__17_38_05__baseline,src/drivers/px4flow,0.0,
fixed_fresh,land_detector_state_inversion__2019-01-25__17_38_05__baseline,src/drivers/px4fmu,0.0,
fixed_fresh,land_detector_state_inversion__2019-01-25__17_38_05__baseline,src/drivers/px4io,0.0,
fixed_fresh,land_detector_state_inversion__2019-01-25__17_38_05__baseline,src/drivers/snapdragon_pwm_out,0.0,
fixed_fresh,land_detector_state_inversion__2019-01-25__17_38_05__baseline,src/drivers/tap_esc,0.0,
fixed_fresh,land_detector_state_inversion__2019-01-25__17_38_05__baseline,src/drivers/telemetry,0.0,
fixed_fresh,land_detector_state_inversion__2019-01-25__17_38_05__baseline,src/drivers/vmount,0.0,
fixed_fresh,land_detector_state_inversion__2019-01-25__17_38_05__baseline,src/examples/fixedwing_control,0.0,
fixed_fresh,land_detector_state_inversion__2019-01-25__17_38_05__baseline,src/examples/hwtest,0.0,
fixed_fresh,land_detector_state_inversion__2019-01-25__17_38_05__baseline,src/examples/px4_simple_app,0.0,
fixed_fresh,land_detector_state_inversion__2019-01-25__17_38_05__baseline,src/examples/rover_steering_control,0.0,
fixed_fresh,land_detector_state_inversion__2019-01-25__17_38_05__baseline,src/examples/uuv_example_app,0.0,
fixed_fresh,land_detector_state_inversion__2019-01-25__17_38_05__baseline,src/modules/attitude_estimator_q,0.0,
fixed_fresh,land_detector_state_inversion__2019-01-25__17_38_05__baseline,src/modules/camera_feedback,0.0,
fixed_fresh,land_detector_state_inversion__2019-01-25__17_38_05__baseline,src/modules/commander,0.0,
fixed_fresh,land_detector_state_inversion__2019-01-25__17_38_05__baseline,src/modules/ekf2,0.0,
fixed_fresh,land_detector_state_inversion__2019-01-25__17_38_05__baseline,src/modules/events,0.0,
fixed_fresh,land_detector_state_inversion__2019-01-25__17_38_05__baseline,src/modules/fw_att_control,0.0,
fixed_fresh,land_detector_state_inversion__2019-01-25__17_38_05__baseline,src/modules/fw_pos_control_l1,0.0,
fixed_fresh,land_detector_state_inversion__2019-01-25__17_38_05__baseline,src/modules/gnd_att_control,0.0,
fixed_fresh,land_detector_state_inversion__2019-01-25__17_38_05__baseline,src/modules/gnd_pos_control,0.0,
fixed_fresh,land_detector_state_inversion__2019-01-25__17_38_05__baseline,src/modules/gpio_led,0.0,
fixed_fresh,land_detector_state_inversion__2019-01-25__17_38_05__baseline,src/modules/land_detector,0.0,
fixed_fresh,land_detector_state_inversion__2019-01-25__17_38_05__baseline,src/modules/landing_target_estimator,0.0,
fixed_fresh,land_detector_state_inversion__2019-01-25__17_38_05__baseline,src/modules/load_mon,0.0,
fixed_fresh,land_detector_state_inversion__2019-01-25__17_38_05__baseline,src/modules/logger,0.0,
fixed_fresh,land_detector_state_inversion__2019-01-25__17_38_05__baseline,src/modules/mavlink,0.0,
fixed_fresh,land_detector_state_inversion__2019-01-25__17_38_05__baseline,src/modules/mc_att_control,0.0,
fixed_fresh,land_detector_state_inversion__2019-01-25__17_38_05__baseline,src/modules/mc_pos_control,0.0,
fixed_fresh,land_detector_state_inversion__2019-01-25__17_38_05__baseline,src/modules/navigator,0.0,
fixed_fresh,land_detector_state_inversion__2019-01-25__17_38_05__baseline,src/modules/position_estimator_inav,0.0,
fixed_fresh,land_detector_state_inversion__2019-01-25__17_38_05__baseline,src/modules/replay,0.0,
fixed_fresh,land_detector_state_inversion__2019-01-25__17_38_05__baseline,src/modules/sdlog2,0.0,
fixed_fresh,land_detector_state_inversion__2019-01-25__17_38_05__baseline,src/modules/sensors,0.0,
fixed_fresh,land_detector_state_inversion__2019-01-25__17_38_05__baseline,src/modules/simulator,0.0,
fixed_fresh,land_detector_state_inversion__2019-01-25__17_38_05__baseline,src/modules/syslink,0.0,
fixed_fresh,land_detector_state_inversion__2019-01-25__17_38_05__baseline,src/modules/uavcan,0.0,
fixed_fresh,land_detector_state_inversion__2019-01-25__17_38_05__baseline,src/modules/vtol_att_control,0.0,
fixed_fresh,land_detector_state_inversion__2019-01-25__17_38_05__baseline,src/modules/wind_estimator,0.0,
fixed_fresh,land_detector_state_inversion__2019-01-25__17_38_05__baseline,src/platforms/posix/drivers/df_bebop_bus_wrapper,0.0,
fixed_fresh,land_detector_state_inversion__2019-01-25__17_38_05__baseline,src/platforms/posix/drivers/df_bebop_rangefinder_wrapper,0.0,
fixed_fresh,land_detector_state_inversion__2019-01-25__17_38_05__baseline,src/platforms/posix/drivers/df_isl29501_wrapper,0.0,
fixed_fresh,land_detector_state_inversion__2019-01-25__17_38_05__baseline,src/platforms/posix/drivers/df_ltc2946_wrapper,0.0,
fixed_fresh,land_detector_state_inversion__2019-01-25__17_38_05__baseline,src/platforms/posix/drivers/df_trone_wrapper,0.0,
fixed_fresh,land_detector_state_inversion__2019-01-25__17_38_05__baseline,src/platforms/qurt/fc_addon/uart_esc,0.0,
fixed_fresh,land_detector_state_inversion__2019-01-25__17_38_05__baseline,src/platforms/qurt/tests/muorb,0.0,
fixed_fresh,land_detector_state_inversion__2019-01-25__17_38_05__baseline,src/templates/module,0.0,
fixed_fresh,land_detector_state_inversion__2019-01-25__17_38_05__fault,src/drivers/batt_smbus,0.0,
fixed_fresh,land_detector_state_inversion__2019-01-25__17_38_05__fault,src/drivers/blinkm,0.0,
fixed_fresh,land_detector_state_inversion__2019-01-25__17_38_05__fault,src/drivers/camera_trigger,0.0,
fixed_fresh,land_detector_state_inversion__2019-01-25__17_38_05__fault,src/drivers/distance_sensor,0.0,
fixed_fresh,land_detector_state_inversion__2019-01-25__17_38_05__fault,src/drivers/linux_pwm_out,3.5863912279721653e-05,15.0
fixed_fresh,land_detector_state_inversion__2019-01-25__17_38_05__fault,src/drivers/mkblctrl,3.5863912279721653e-05,15.0
fixed_fresh,land_detector_state_inversion__2019-01-25__17_38_05__fault,src/drivers/pwm_out_sim,3.5863912279721653e-05,15.0
fixed_fresh,land_detector_state_inversion__2019-01-25__17_38_05__fault,src/drivers/px4flow,0.0,
fixed_fresh,land_detector_state_inversion__2019-01-25__17_38_05__fault,src/drivers/px4fmu,3.5863912279721653e-05,15.0
fixed_fresh,land_detector_state_inversion__2019-01-25__17_38_05__fault,src/drivers/px4io,3.5863912279721653e-05,15.0
fixed_fresh,land_detector_state_inversion__2019-01-25__17_38_05__fault,src/drivers/snapdragon_pwm_out,3.5863912279721653e-05,15.0
fixed_fresh,land_detector_state_inversion__2019-01-25__17_38_05__fault,src/drivers/tap_esc,3.5863912279721653e-05,15.0
fixed_fresh,land_detector_state_inversion__2019-01-25__17_38_05__fault,src/drivers/telemetry,1.0504722931586712e-05,22.0
fixed_fresh,land_detector_state_inversion__2019-01-25__17_38_05__fault,src/drivers/vmount,0.0,
fixed_fresh,land_detector_state_inversion__2019-01-25__17_38_05__fault,src/examples/fixedwing_control,2.6227510729250753e-06,23.0
fixed_fresh,land_detector_state_inversion__2019-01-25__17_38_05__fault,src/examples/hwtest,1.8319685720464645e-05,18.0
fixed_fresh,land_detector_state_inversion__2019-01-25__17_38_05__fault,src/examples/px4_simple_app,0.00016361475195340638,3.0
fixed_fresh,land_detector_state_inversion__2019-01-25__17_38_05__fault,src/examples/rover_steering_control,0.0,
fixed_fresh,land_detector_state_inversion__2019-01-25__17_38_05__fault,src/examples/uuv_example_app,1.8319685720464645e-05,18.0
fixed_fresh,land_detector_state_inversion__2019-01-25__17_38_05__fault,src/modules/attitude_estimator_q,0.00016361475195340638,3.0
fixed_fresh,land_detector_state_inversion__2019-01-25__17_38_05__fault,src/modules/camera_feedback,0.0,
fixed_fresh,land_detector_state_inversion__2019-01-25__17_38_05__fault,src/modules/commander,0.0,
fixed_fresh,land_detector_state_inversion__2019-01-25__17_38_05__fault,src/modules/ekf2,0.0,
fixed_fresh,land_detector_state_inversion__2019-01-25__17_38_05__fault,src/modules/events,0.0,
fixed_fresh,land_detector_state_inversion__2019-01-25__17_38_05__fault,src/modules/fw_att_control,0.0,
fixed_fresh,land_detector_state_inversion__2019-01-25__17_38_05__fault,src/modules/fw_pos_control_l1,0.0,
fixed_fresh,land_detector_state_inversion__2019-01-25__17_38_05__fault,src/modules/gnd_att_control,0.0,
fixed_fresh,land_detector_state_inversion__2019-01-25__17_38_05__fault,src/modules/gnd_pos_control,0.0,
fixed_fresh,land_detector_state_inversion__2019-01-25__17_38_05__fault,src/modules/gpio_led,0.0,
fixed_fresh,land_detector_state_inversion__2019-01-25__17_38_05__fault,src/modules/land_detector,0.0,
fixed_fresh,land_detector_state_inversion__2019-01-25__17_38_05__fault,src/modules/landing_target_estimator,0.0,
fixed_fresh,land_detector_state_inversion__2019-01-25__17_38_05__fault,src/modules/load_mon,0.0008562810508499682,1.0
fixed_fresh,land_detector_state_inversion__2019-01-25__17_38_05__fault,src/modules/logger,0.0,
fixed_fresh,land_detector_state_inversion__2019-01-25__17_38_05__fault,src/modules/mavlink,6.639194413186426e-05,5.0
fixed_fresh,land_detector_state_inversion__2019-01-25__17_38_05__fault,src/modules/mc_att_control,0.0,
fixed_fresh,land_detector_state_inversion__2019-01-25__17_38_05__fault,src/modules/mc_pos_control,0.0,
fixed_fresh,land_detector_state_inversion__2019-01-25__17_38_05__fault,src/modules/navigator,0.0,
fixed_fresh,land_detector_state_inversion__2019-01-25__17_38_05__fault,src/modules/position_estimator_inav,0.00010382953367388259,4.0
fixed_fresh,land_detector_state_inversion__2019-01-25__17_38_05__fault,src/modules/replay,0.0,
fixed_fresh,land_detector_state_inversion__2019-01-25__17_38_05__fault,src/modules/sdlog2,0.0,
fixed_fresh,land_detector_state_inversion__2019-01-25__17_38_05__fault,src/modules/sensors,0.0,
fixed_fresh,land_detector_state_inversion__2019-01-25__17_38_05__fault,src/modules/simulator,1.0504722931586422e-05,22.0
fixed_fresh,land_detector_state_inversion__2019-01-25__17_38_05__fault,src/modules/syslink,1.0504722931586712e-05,22.0
fixed_fresh,land_detector_state_inversion__2019-01-25__17_38_05__fault,src/modules/uavcan,3.5863912279721653e-05,15.0
fixed_fresh,land_detector_state_inversion__2019-01-25__17_38_05__fault,src/modules/vtol_att_control,1.8752402267114648e-05,16.0
fixed_fresh,land_detector_state_inversion__2019-01-25__17_38_05__fault,src/modules/wind_estimator,0.0,
fixed_fresh,land_detector_state_inversion__2019-01-25__17_38_05__fault,src/platforms/posix/drivers/df_bebop_bus_wrapper,4.6368635211308656e-05,6.0
fixed_fresh,land_detector_state_inversion__2019-01-25__17_38_05__fault,src/platforms/posix/drivers/df_bebop_rangefinder_wrapper,0.0,
fixed_fresh,land_detector_state_inversion__2019-01-25__17_38_05__fault,src/platforms/posix/drivers/df_isl29501_wrapper,0.0,
fixed_fresh,land_detector_state_inversion__2019-01-25__17_38_05__fault,src/platforms/posix/drivers/df_ltc2946_wrapper,1.0504722931586712e-05,22.0
fixed_fresh,land_detector_state_inversion__2019-01-25__17_38_05__fault,src/platforms/posix/drivers/df_trone_wrapper,0.0,
fixed_fresh,land_detector_state_inversion__2019-01-25__17_38_05__fault,src/platforms/qurt/fc_addon/uart_esc,3.5863912279721653e-05,15.0
fixed_fresh,land_detector_state_inversion__2019-01-25__17_38_05__fault,src/platforms/qurt/tests/muorb,0.0,
fixed_fresh,land_detector_state_inversion__2019-01-25__17_38_05__fault,src/templates/module,0.0,
fixed_fresh,land_detector_state_inversion__2019-03-06__08_02_26__baseline,src/drivers/batt_smbus,0.0,
fixed_fresh,land_detector_state_inversion__2019-03-06__08_02_26__baseline,src/drivers/blinkm,0.0,
fixed_fresh,land_detector_state_inversion__2019-03-06__08_02_26__baseline,src/drivers/camera_trigger,0.0,
fixed_fresh,land_detector_state_inversion__2019-03-06__08_02_26__baseline,src/drivers/distance_sensor,0.0,
fixed_fresh,land_detector_state_inversion__2019-03-06__08_02_26__baseline,src/drivers/linux_pwm_out,0.0,
fixed_fresh,land_detector_state_inversion__2019-03-06__08_02_26__baseline,src/drivers/mkblctrl,0.0,
fixed_fresh,land_detector_state_inversion__2019-03-06__08_02_26__baseline,src/drivers/pwm_out_sim,0.0,
fixed_fresh,land_detector_state_inversion__2019-03-06__08_02_26__baseline,src/drivers/px4flow,0.0,
fixed_fresh,land_detector_state_inversion__2019-03-06__08_02_26__baseline,src/drivers/px4fmu,0.0,
fixed_fresh,land_detector_state_inversion__2019-03-06__08_02_26__baseline,src/drivers/px4io,0.0,
fixed_fresh,land_detector_state_inversion__2019-03-06__08_02_26__baseline,src/drivers/snapdragon_pwm_out,0.0,
fixed_fresh,land_detector_state_inversion__2019-03-06__08_02_26__baseline,src/drivers/tap_esc,0.0,
fixed_fresh,land_detector_state_inversion__2019-03-06__08_02_26__baseline,src/drivers/telemetry,0.0,
fixed_fresh,land_detector_state_inversion__2019-03-06__08_02_26__baseline,src/drivers/vmount,0.0,
fixed_fresh,land_detector_state_inversion__2019-03-06__08_02_26__baseline,src/examples/fixedwing_control,0.0,
fixed_fresh,land_detector_state_inversion__2019-03-06__08_02_26__baseline,src/examples/hwtest,0.0,
fixed_fresh,land_detector_state_inversion__2019-03-06__08_02_26__baseline,src/examples/px4_simple_app,0.0,
fixed_fresh,land_detector_state_inversion__2019-03-06__08_02_26__baseline,src/examples/rover_steering_control,0.0,
fixed_fresh,land_detector_state_inversion__2019-03-06__08_02_26__baseline,src/examples/uuv_example_app,0.0,
fixed_fresh,land_detector_state_inversion__2019-03-06__08_02_26__baseline,src/modules/attitude_estimator_q,0.0,
fixed_fresh,land_detector_state_inversion__2019-03-06__08_02_26__baseline,src/modules/camera_feedback,0.0,
fixed_fresh,land_detector_state_inversion__2019-03-06__08_02_26__baseline,src/modules/commander,0.0,
fixed_fresh,land_detector_state_inversion__2019-03-06__08_02_26__baseline,src/modules/ekf2,0.0,
fixed_fresh,land_detector_state_inversion__2019-03-06__08_02_26__baseline,src/modules/events,0.0,
fixed_fresh,land_detector_state_inversion__2019-03-06__08_02_26__baseline,src/modules/fw_att_control,0.0,
fixed_fresh,land_detector_state_inversion__2019-03-06__08_02_26__baseline,src/modules/fw_pos_control_l1,0.0,
fixed_fresh,land_detector_state_inversion__2019-03-06__08_02_26__baseline,src/modules/gnd_att_control,0.0,
fixed_fresh,land_detector_state_inversion__2019-03-06__08_02_26__baseline,src/modules/gnd_pos_control,0.0,
fixed_fresh,land_detector_state_inversion__2019-03-06__08_02_26__baseline,src/modules/gpio_led,0.0,
fixed_fresh,land_detector_state_inversion__2019-03-06__08_02_26__baseline,src/modules/land_detector,0.0,
fixed_fresh,land_detector_state_inversion__2019-03-06__08_02_26__baseline,src/modules/landing_target_estimator,0.0,
fixed_fresh,land_detector_state_inversion__2019-03-06__08_02_26__baseline,src/modules/load_mon,0.0,
fixed_fresh,land_detector_state_inversion__2019-03-06__08_02_26__baseline,src/modules/logger,0.0,
fixed_fresh,land_detector_state_inversion__2019-03-06__08_02_26__baseline,src/modules/mavlink,0.0,
fixed_fresh,land_detector_state_inversion__2019-03-06__08_02_26__baseline,src/modules/mc_att_control,0.0,
fixed_fresh,land_detector_state_inversion__2019-03-06__08_02_26__baseline,src/modules/mc_pos_control,0.0,
fixed_fresh,land_detector_state_inversion__2019-03-06__08_02_26__baseline,src/modules/navigator,0.0,
fixed_fresh,land_detector_state_inversion__2019-03-06__08_02_26__baseline,src/modules/position_estimator_inav,0.0,
fixed_fresh,land_detector_state_inversion__2019-03-06__08_02_26__baseline,src/modules/replay,0.0,
fixed_fresh,land_detector_state_inversion__2019-03-06__08_02_26__baseline,src/modules/sdlog2,0.0,
fixed_fresh,land_detector_state_inversion__2019-03-06__08_02_26__baseline,src/modules/sensors,0.0,
fixed_fresh,land_detector_state_inversion__2019-03-06__08_02_26__baseline,src/modules/simulator,0.0,
fixed_fresh,land_detector_state_inversion__2019-03-06__08_02_26__baseline,src/modules/syslink,0.0,
fixed_fresh,land_detector_state_inversion__2019-03-06__08_02_26__baseline,src/modules/uavcan,0.0,
fixed_fresh,land_detector_state_inversion__2019-03-06__08_02_26__baseline,src/modules/vtol_att_control,0.0,
fixed_fresh,land_detector_state_inversion__2019-03-06__08_02_26__baseline,src/modules/wind_estimator,0.0,
fixed_fresh,land_detector_state_inversion__2019-03-06__08_02_26__baseline,src/platforms/posix/drivers/df_bebop_bus_wrapper,0.0,
fixed_fresh,land_detector_state_inversion__2019-03-06__08_02_26__baseline,src/platforms/posix/drivers/df_bebop_rangefinder_wrapper,0.0,
fixed_fresh,land_detector_state_inversion__2019-03-06__08_02_26__baseline,src/platforms/posix/drivers/df_isl29501_wrapper,0.0,
fixed_fresh,land_detector_state_inversion__2019-03-06__08_02_26__baseline,src/platforms/posix/drivers/df_ltc2946_wrapper,0.0,
fixed_fresh,land_detector_state_inversion__2019-03-06__08_02_26__baseline,src/platforms/posix/drivers/df_trone_wrapper,0.0,
fixed_fresh,land_detector_state_inversion__2019-03-06__08_02_26__baseline,src/platforms/qurt/fc_addon/uart_esc,0.0,
fixed_fresh,land_detector_state_inversion__2019-03-06__08_02_26__baseline,src/platforms/qurt/tests/muorb,0.0,
fixed_fresh,land_detector_state_inversion__2019-03-06__08_02_26__baseline,src/templates/module,0.0,
fixed_fresh,land_detector_state_inversion__2019-03-06__08_02_26__fault,src/drivers/batt_smbus,0.0,
fixed_fresh,land_detector_state_inversion__2019-03-06__08_02_26__fault,src/drivers/blinkm,0.0,
fixed_fresh,land_detector_state_inversion__2019-03-06__08_02_26__fault,src/drivers/camera_trigger,0.0,
fixed_fresh,land_detector_state_inversion__2019-03-06__08_02_26__fault,src/drivers/distance_sensor,0.0002594863851262543,32.0
fixed_fresh,land_detector_state_inversion__2019-03-06__08_02_26__fault,src/drivers/linux_pwm_out,0.011109827560412108,16.0
fixed_fresh,land_detector_state_inversion__2019-03-06__08_02_26__fault,src/drivers/mkblctrl,0.011109827560412108,16.0
fixed_fresh,land_detector_state_inversion__2019-03-06__08_02_26__fault,src/drivers/pwm_out_sim,0.011109827560412108,16.0
fixed_fresh,land_detector_state_inversion__2019-03-06__08_02_26__fault,src/drivers/px4flow,0.0002594863851262543,32.0
fixed_fresh,land_detector_state_inversion__2019-03-06__08_02_26__fault,src/drivers/px4fmu,0.011109827560412108,16.0
fixed_fresh,land_detector_state_inversion__2019-03-06__08_02_26__fault,src/drivers/px4io,0.011109827560412108,16.0
fixed_fresh,land_detector_state_inversion__2019-03-06__08_02_26__fault,src/drivers/snapdragon_pwm_out,0.011109827560412108,16.0
fixed_fresh,land_detector_state_inversion__2019-03-06__08_02_26__fault,src/drivers/tap_esc,0.011109827560412108,16.0
fixed_fresh,land_detector_state_inversion__2019-03-06__08_02_26__fault,src/drivers/telemetry,0.009297615489805604,21.0
fixed_fresh,land_detector_state_inversion__2019-03-06__08_02_26__fault,src/drivers/vmount,0.0,
fixed_fresh,land_detector_state_inversion__2019-03-06__08_02_26__fault,src/examples/fixedwing_control,0.009606433033714652,18.0
fixed_fresh,land_detector_state_inversion__2019-03-06__08_02_26__fault,src/examples/hwtest,0.033489602636970504,3.0
fixed_fresh,land_detector_state_inversion__2019-03-06__08_02_26__fault,src/examples/px4_simple_app,0.0006402036984002553,27.0
fixed_fresh,land_detector_state_inversion__2019-03-06__08_02_26__fault,src/examples/rover_steering_control,0.0,
fixed_fresh,land_detector_state_inversion__2019-03-06__08_02_26__fault,src/examples/uuv_example_app,0.033489602636970504,3.0
fixed_fresh,land_detector_state_inversion__2019-03-06__08_02_26__fault,src/modules/attitude_estimator_q,0.0006402036984002553,27.0
fixed_fresh,land_detector_state_inversion__2019-03-06__08_02_26__fault,src/modules/camera_feedback,0.0,
fixed_fresh,land_detector_state_inversion__2019-03-06__08_02_26__fault,src/modules/commander,0.00016291984374891148,33.0
fixed_fresh,land_detector_state_inversion__2019-03-06__08_02_26__fault,src/modules/ekf2,0.00590396191912624,22.0
fixed_fresh,land_detector_state_inversion__2019-03-06__08_02_26__fault,src/modules/events,0.0,
fixed_fresh,land_detector_state_inversion__2019-03-06__08_02_26__fault,src/modules/fw_att_control,1.715026017038512e-05,35.0
fixed_fresh,land_detector_state_inversion__2019-03-06__08_02_26__fault,src/modules/fw_pos_control_l1,0.0,
fixed_fresh,land_detector_state_inversion__2019-03-06__08_02_26__fault,src/modules/gnd_att_control,0.0,
fixed_fresh,land_detector_state_inversion__2019-03-06__08_02_26__fault,src/modules/gnd_pos_control,0.0037213272233771744,24.0
fixed_fresh,land_detector_state_inversion__2019-03-06__08_02_26__fault,src/modules/gpio_led,0.0,
fixed_fresh,land_detector_state_inversion__2019-03-06__08_02_26__fault,src/modules/land_detector,0.0,
fixed_fresh,land_detector_state_inversion__2019-03-06__08_02_26__fault,src/modules/landing_target_estimator,0.0,
fixed_fresh,land_detector_state_inversion__2019-03-06__08_02_26__fault,src/modules/load_mon,0.003413190486490397,25.0
fixed_fresh,land_detector_state_inversion__2019-03-06__08_02_26__fault,src/modules/logger,0.0,
fixed_fresh,land_detector_state_inversion__2019-03-06__08_02_26__fault,src/modules/mavlink,0.0,
fixed_fresh,land_detector_state_inversion__2019-03-06__08_02_26__fault,src/modules/mc_att_control,1.715026017038512e-05,35.0
fixed_fresh,land_detector_state_inversion__2019-03-06__08_02_26__fault,src/modules/mc_pos_control,0.0,
fixed_fresh,land_detector_state_inversion__2019-03-06__08_02_26__fault,src/modules/navigator,0.0037213272233771744,24.0
fixed_fresh,land_detector_state_inversion__2019-03-06__08_02_26__fault,src/modules/position_estimator_inav,0.02280472088348639,5.0
fixed_fresh,land_detector_state_inversion__2019-03-06__08_02_26__fault,src/modules/replay,0.0,
fixed_fresh,land_detector_state_inversion__2019-03-06__08_02_26__fault,src/modules/sdlog2,0.0,
fixed_fresh,land_detector_state_inversion__2019-03-06__08_02_26__fault,src/modules/sensors,0.02899688638543394,4.0
fixed_fresh,land_detector_state_inversion__2019-03-06__08_02_26__fault,src/modules/simulator,0.010158660294577338,17.0
fixed_fresh,land_detector_state_inversion__2019-03-06__08_02_26__fault,src/modules/syslink,0.009297615489805604,21.0
fixed_fresh,land_detector_state_inversion__2019-03-06__08_02_26__fault,src/modules/uavcan,0.011109827560412108,16.0
fixed_fresh,land_detector_state_inversion__2019-03-06__08_02_26__fault,src/modules/vtol_att_control,0.04201772342006028,1.0
fixed_fresh,land_detector_state_inversion__2019-03-06__08_02_26__fault,src/modules/wind_estimator,0.0,
fixed_fresh,land_detector_state_inversion__2019-03-06__08_02_26__fault,src/platforms/posix/drivers/df_bebop_bus_wrapper,0.019831918323930768,6.0
fixed_fresh,land_detector_state_inversion__2019-03-06__08_02_26__fault,src/platforms/posix/drivers/df_bebop_rangefinder_wrapper,0.0002594863851262543,32.0
fixed_fresh,land_detector_state_inversion__2019-03-06__08_02_26__fault,src/platforms/posix/drivers/df_isl29501_wrapper,0.0002594863851262543,32.0
fixed_fresh,land_detector_state_inversion__2019-03-06__08_02_26__fault,src/platforms/posix/drivers/df_ltc2946_wrapper,0.009297615489805604,21.0
fixed_fresh,land_detector_state_inversion__2019-03-06__08_02_26__fault,src/platforms/posix/drivers/df_trone_wrapper,0.0002594863851262543,32.0
fixed_fresh,land_detector_state_inversion__2019-03-06__08_02_26__fault,src/platforms/qurt/fc_addon/uart_esc,0.011109827560412108,16.0
fixed_fresh,land_detector_state_inversion__2019-03-06__08_02_26__fault,src/platforms/qurt/tests/muorb,0.012783340640605921,7.0
fixed_fresh,land_detector_state_inversion__2019-03-06__08_02_26__fault,src/templates/module,0.0,
calibrated_fresh,commander_nav_state_override__2019-01-18__08_39_38__baseline,src/drivers/batt_smbus,0.0,
calibrated_fresh,commander_nav_state_override__2019-01-18__08_39_38__baseline,src/drivers/blinkm,0.0,
calibrated_fresh,commander_nav_state_override__2019-01-18__08_39_38__baseline,src/drivers/camera_trigger,0.0,
calibrated_fresh,commander_nav_state_override__2019-01-18__08_39_38__baseline,src/drivers/distance_sensor,0.0,
calibrated_fresh,commander_nav_state_override__2019-01-18__08_39_38__baseline,src/drivers/linux_pwm_out,0.0,
calibrated_fresh,commander_nav_state_override__2019-01-18__08_39_38__baseline,src/drivers/mkblctrl,0.0,
calibrated_fresh,commander_nav_state_override__2019-01-18__08_39_38__baseline,src/drivers/pwm_out_sim,0.0,
calibrated_fresh,commander_nav_state_override__2019-01-18__08_39_38__baseline,src/drivers/px4flow,0.0,
calibrated_fresh,commander_nav_state_override__2019-01-18__08_39_38__baseline,src/drivers/px4fmu,0.0,
calibrated_fresh,commander_nav_state_override__2019-01-18__08_39_38__baseline,src/drivers/px4io,0.0,
calibrated_fresh,commander_nav_state_override__2019-01-18__08_39_38__baseline,src/drivers/snapdragon_pwm_out,0.0,
calibrated_fresh,commander_nav_state_override__2019-01-18__08_39_38__baseline,src/drivers/tap_esc,0.0,
calibrated_fresh,commander_nav_state_override__2019-01-18__08_39_38__baseline,src/drivers/telemetry,0.0,
calibrated_fresh,commander_nav_state_override__2019-01-18__08_39_38__baseline,src/drivers/vmount,0.0,
calibrated_fresh,commander_nav_state_override__2019-01-18__08_39_38__baseline,src/examples/fixedwing_control,0.0,
calibrated_fresh,commander_nav_state_override__2019-01-18__08_39_38__baseline,src/examples/hwtest,0.0,
calibrated_fresh,commander_nav_state_override__2019-01-18__08_39_38__baseline,src/examples/px4_simple_app,0.0,
calibrated_fresh,commander_nav_state_override__2019-01-18__08_39_38__baseline,src/examples/rover_steering_control,0.0,
calibrated_fresh,commander_nav_state_override__2019-01-18__08_39_38__baseline,src/examples/uuv_example_app,0.0,
calibrated_fresh,commander_nav_state_override__2019-01-18__08_39_38__baseline,src/modules/attitude_estimator_q,0.0,
calibrated_fresh,commander_nav_state_override__2019-01-18__08_39_38__baseline,src/modules/camera_feedback,0.0,
calibrated_fresh,commander_nav_state_override__2019-01-18__08_39_38__baseline,src/modules/commander,0.0,
calibrated_fresh,commander_nav_state_override__2019-01-18__08_39_38__baseline,src/modules/ekf2,0.0,
calibrated_fresh,commander_nav_state_override__2019-01-18__08_39_38__baseline,src/modules/events,0.0,
calibrated_fresh,commander_nav_state_override__2019-01-18__08_39_38__baseline,src/modules/fw_att_control,0.0,
calibrated_fresh,commander_nav_state_override__2019-01-18__08_39_38__baseline,src/modules/fw_pos_control_l1,0.0,
calibrated_fresh,commander_nav_state_override__2019-01-18__08_39_38__baseline,src/modules/gnd_att_control,0.0,
calibrated_fresh,commander_nav_state_override__2019-01-18__08_39_38__baseline,src/modules/gnd_pos_control,0.0,
calibrated_fresh,commander_nav_state_override__2019-01-18__08_39_38__baseline,src/modules/gpio_led,0.0,
calibrated_fresh,commander_nav_state_override__2019-01-18__08_39_38__baseline,src/modules/land_detector,0.0,
calibrated_fresh,commander_nav_state_override__2019-01-18__08_39_38__baseline,src/modules/landing_target_estimator,0.0,
calibrated_fresh,commander_nav_state_override__2019-01-18__08_39_38__baseline,src/modules/load_mon,0.0,
calibrated_fresh,commander_nav_state_override__2019-01-18__08_39_38__baseline,src/modules/logger,0.0,
calibrated_fresh,commander_nav_state_override__2019-01-18__08_39_38__baseline,src/modules/mavlink,0.0,
calibrated_fresh,commander_nav_state_override__2019-01-18__08_39_38__baseline,src/modules/mc_att_control,0.0,
calibrated_fresh,commander_nav_state_override__2019-01-18__08_39_38__baseline,src/modules/mc_pos_control,0.0,
calibrated_fresh,commander_nav_state_override__2019-01-18__08_39_38__baseline,src/modules/navigator,0.0,
calibrated_fresh,commander_nav_state_override__2019-01-18__08_39_38__baseline,src/modules/position_estimator_inav,0.0,
calibrated_fresh,commander_nav_state_override__2019-01-18__08_39_38__baseline,src/modules/replay,0.0,
calibrated_fresh,commander_nav_state_override__2019-01-18__08_39_38__baseline,src/modules/sdlog2,0.0,
calibrated_fresh,commander_nav_state_override__2019-01-18__08_39_38__baseline,src/modules/sensors,0.0,
calibrated_fresh,commander_nav_state_override__2019-01-18__08_39_38__baseline,src/modules/simulator,0.0,
calibrated_fresh,commander_nav_state_override__2019-01-18__08_39_38__baseline,src/modules/syslink,0.0,
calibrated_fresh,commander_nav_state_override__2019-01-18__08_39_38__baseline,src/modules/uavcan,0.0,
calibrated_fresh,commander_nav_state_override__2019-01-18__08_39_38__baseline,src/modules/vtol_att_control,0.0,
calibrated_fresh,commander_nav_state_override__2019-01-18__08_39_38__baseline,src/modules/wind_estimator,0.0,
calibrated_fresh,commander_nav_state_override__2019-01-18__08_39_38__baseline,src/platforms/posix/drivers/df_bebop_bus_wrapper,0.0,
calibrated_fresh,commander_nav_state_override__2019-01-18__08_39_38__baseline,src/platforms/posix/drivers/df_bebop_rangefinder_wrapper,0.0,
calibrated_fresh,commander_nav_state_override__2019-01-18__08_39_38__baseline,src/platforms/posix/drivers/df_isl29501_wrapper,0.0,
calibrated_fresh,commander_nav_state_override__2019-01-18__08_39_38__baseline,src/platforms/posix/drivers/df_ltc2946_wrapper,0.0,
calibrated_fresh,commander_nav_state_override__2019-01-18__08_39_38__baseline,src/platforms/posix/drivers/df_trone_wrapper,0.0,
calibrated_fresh,commander_nav_state_override__2019-01-18__08_39_38__baseline,src/platforms/qurt/fc_addon/uart_esc,0.0,
calibrated_fresh,commander_nav_state_override__2019-01-18__08_39_38__baseline,src/platforms/qurt/tests/muorb,0.0,
calibrated_fresh,commander_nav_state_override__2019-01-18__08_39_38__baseline,src/templates/module,0.0,
calibrated_fresh,commander_nav_state_override__2019-01-18__08_39_38__fault,src/drivers/batt_smbus,0.0,
calibrated_fresh,commander_nav_state_override__2019-01-18__08_39_38__fault,src/drivers/blinkm,0.0,
calibrated_fresh,commander_nav_state_override__2019-01-18__08_39_38__fault,src/drivers/camera_trigger,0.0,
calibrated_fresh,commander_nav_state_override__2019-01-18__08_39_38__fault,src/drivers/distance_sensor,0.000104286643776078,30.0
calibrated_fresh,commander_nav_state_override__2019-01-18__08_39_38__fault,src/drivers/linux_pwm_out,0.00012859013597721057,25.0
calibrated_fresh,commander_nav_state_override__2019-01-18__08_39_38__fault,src/drivers/mkblctrl,0.00012859013597721057,25.0
calibrated_fresh,commander_nav_state_override__2019-01-18__08_39_38__fault,src/drivers/pwm_out_sim,0.00012859013597721057,25.0
calibrated_fresh,commander_nav_state_override__2019-01-18__08_39_38__fault,src/drivers/px4flow,0.000104286643776078,30.0
calibrated_fresh,commander_nav_state_override__2019-01-18__08_39_38__fault,src/drivers/px4fmu,0.00012859013597721057,25.0
calibrated_fresh,commander_nav_state_override__2019-01-18__08_39_38__fault,src/drivers/px4io,0.00012859013597721057,25.0
calibrated_fresh,commander_nav_state_override__2019-01-18__08_39_38__fault,src/drivers/snapdragon_pwm_out,0.00012859013597721057,25.0
calibrated_fresh,commander_nav_state_override__2019-01-18__08_39_38__fault,src/drivers/tap_esc,0.00012859013597721057,25.0
calibrated_fresh,commander_nav_state_override__2019-01-18__08_39_38__fault,src/drivers/telemetry,6.991229211704959e-05,33.0
calibrated_fresh,commander_nav_state_override__2019-01-18__08_39_38__fault,src/drivers/vmount,0.0,
calibrated_fresh,commander_nav_state_override__2019-01-18__08_39_38__fault,src/examples/fixedwing_control,0.00015354046914666734,15.0
calibrated_fresh,commander_nav_state_override__2019-01-18__08_39_38__fault,src/examples/hwtest,0.0004205250343083728,9.0
calibrated_fresh,commander_nav_state_override__2019-01-18__08_39_38__fault,src/examples/px4_simple_app,0.00033868051978885486,11.0
calibrated_fresh,commander_nav_state_override__2019-01-18__08_39_38__fault,src/examples/rover_steering_control,0.0,
calibrated_fresh,commander_nav_state_override__2019-01-18__08_39_38__fault,src/examples/uuv_example_app,0.0004205250343083728,9.0
calibrated_fresh,commander_nav_state_override__2019-01-18__08_39_38__fault,src/modules/attitude_estimator_q,0.00033868051978885486,11.0
calibrated_fresh,commander_nav_state_override__2019-01-18__08_39_38__fault,src/modules/camera_feedback,0.0,
calibrated_fresh,commander_nav_state_override__2019-01-18__08_39_38__fault,src/modules/commander,0.04348776227132905,1.0
calibrated_fresh,commander_nav_state_override__2019-01-18__08_39_38__fault,src/modules/ekf2,0.019872380359923447,2.0
calibrated_fresh,commander_nav_state_override__2019-01-18__08_39_38__fault,src/modules/events,0.0,
calibrated_fresh,commander_nav_state_override__2019-01-18__08_39_38__fault,src/modules/fw_att_control,0.0006096148497711537,5.0
calibrated_fresh,commander_nav_state_override__2019-01-18__08_39_38__fault,src/modules/fw_pos_control_l1,0.0,
calibrated_fresh,commander_nav_state_override__2019-01-18__08_39_38__fault,src/modules/gnd_att_control,0.0,
calibrated_fresh,commander_nav_state_override__2019-01-18__08_39_38__fault,src/modules/gnd_pos_control,0.0002797116506364093,13.0
calibrated_fresh,commander_nav_state_override__2019-01-18__08_39_38__fault,src/modules/gpio_led,0.0,
calibrated_fresh,commander_nav_state_override__2019-01-18__08_39_38__fault,src/modules/land_detector,0.0,
calibrated_fresh,commander_nav_state_override__2019-01-18__08_39_38__fault,src/modules/landing_target_estimator,0.0,
calibrated_fresh,commander_nav_state_override__2019-01-18__08_39_38__fault,src/modules/load_mon,0.008396163380536305,3.0
calibrated_fresh,commander_nav_state_override__2019-01-18__08_39_38__fault,src/modules/logger,0.0,
calibrated_fresh,commander_nav_state_override__2019-01-18__08_39_38__fault,src/modules/mavlink,0.0,
calibrated_fresh,commander_nav_state_override__2019-01-18__08_39_38__fault,src/modules/mc_att_control,0.0006096148497711537,5.0
calibrated_fresh,commander_nav_state_override__2019-01-18__08_39_38__fault,src/modules/mc_pos_control,0.0,
calibrated_fresh,commander_nav_state_override__2019-01-18__08_39_38__fault,src/modules/navigator,0.0002797116506364093,13.0
calibrated_fresh,commander_nav_state_override__2019-01-18__08_39_38__fault,src/modules/position_estimator_inav,0.0,
calibrated_fresh,commander_nav_state_override__2019-01-18__08_39_38__fault,src/modules/replay,0.0,
calibrated_fresh,commander_nav_state_override__2019-01-18__08_39_38__fault,src/modules/sdlog2,0.0,
calibrated_fresh,commander_nav_state_override__2019-01-18__08_39_38__fault,src/modules/sensors,0.0,
calibrated_fresh,commander_nav_state_override__2019-01-18__08_39_38__fault,src/modules/simulator,0.000213529748665204,14.0
calibrated_fresh,commander_nav_state_override__2019-01-18__08_39_38__fault,src/modules/syslink,6.991229211704959e-05,33.0
calibrated_fresh,commander_nav_state_override__2019-01-18__08_39_38__fault,src/modules/uavcan,0.00012859013597721057,25.0
calibrated_fresh,commander_nav_state_override__2019-01-18__08_39_38__fault,src/modules/vtol_att_control,0.00046665891033866806,7.0
calibrated_fresh,commander_nav_state_override__2019-01-18__08_39_38__fault,src/modules/wind_estimator,0.0,
calibrated_fresh,commander_nav_state_override__2019-01-18__08_39_38__fault,src/platforms/posix/drivers/df_bebop_bus_wrapper,0.000130718782607298,16.0
calibrated_fresh,commander_nav_state_override__2019-01-18__08_39_38__fault,src/platforms/posix/drivers/df_bebop_rangefinder_wrapper,0.000104286643776078,30.0
calibrated_fresh,commander_nav_state_override__2019-01-18__08_39_38__fault,src/platforms/posix/drivers/df_isl29501_wrapper,0.000104286643776078,30.0
calibrated_fresh,commander_nav_state_override__2019-01-18__08_39_38__fault,src/platforms/posix/drivers/df_ltc2946_wrapper,6.991229211704959e-05,33.0
calibrated_fresh,commander_nav_state_override__2019-01-18__08_39_38__fault,src/platforms/posix/drivers/df_trone_wrapper,0.000104286643776078,30.0
calibrated_fresh,commander_nav_state_override__2019-01-18__08_39_38__fault,src/platforms/qurt/fc_addon/uart_esc,0.00012859013597721057,25.0
calibrated_fresh,commander_nav_state_override__2019-01-18__08_39_38__fault,src/platforms/qurt/tests/muorb,0.0004846390127412676,6.0
calibrated_fresh,commander_nav_state_override__2019-01-18__08_39_38__fault,src/templates/module,0.0,
calibrated_fresh,commander_nav_state_override__2019-01-25__17_38_05__baseline,src/drivers/batt_smbus,0.0,
calibrated_fresh,commander_nav_state_override__2019-01-25__17_38_05__baseline,src/drivers/blinkm,0.0,
calibrated_fresh,commander_nav_state_override__2019-01-25__17_38_05__baseline,src/drivers/camera_trigger,0.0,
calibrated_fresh,commander_nav_state_override__2019-01-25__17_38_05__baseline,src/drivers/distance_sensor,0.0,
calibrated_fresh,commander_nav_state_override__2019-01-25__17_38_05__baseline,src/drivers/linux_pwm_out,0.0,
calibrated_fresh,commander_nav_state_override__2019-01-25__17_38_05__baseline,src/drivers/mkblctrl,0.0,
calibrated_fresh,commander_nav_state_override__2019-01-25__17_38_05__baseline,src/drivers/pwm_out_sim,0.0,
calibrated_fresh,commander_nav_state_override__2019-01-25__17_38_05__baseline,src/drivers/px4flow,0.0,
calibrated_fresh,commander_nav_state_override__2019-01-25__17_38_05__baseline,src/drivers/px4fmu,0.0,
calibrated_fresh,commander_nav_state_override__2019-01-25__17_38_05__baseline,src/drivers/px4io,0.0,
calibrated_fresh,commander_nav_state_override__2019-01-25__17_38_05__baseline,src/drivers/snapdragon_pwm_out,0.0,
calibrated_fresh,commander_nav_state_override__2019-01-25__17_38_05__baseline,src/drivers/tap_esc,0.0,
calibrated_fresh,commander_nav_state_override__2019-01-25__17_38_05__baseline,src/drivers/telemetry,0.0,
calibrated_fresh,commander_nav_state_override__2019-01-25__17_38_05__baseline,src/drivers/vmount,0.0,
calibrated_fresh,commander_nav_state_override__2019-01-25__17_38_05__baseline,src/examples/fixedwing_control,0.0,
calibrated_fresh,commander_nav_state_override__2019-01-25__17_38_05__baseline,src/examples/hwtest,0.0,
calibrated_fresh,commander_nav_state_override__2019-01-25__17_38_05__baseline,src/examples/px4_simple_app,0.0,
calibrated_fresh,commander_nav_state_override__2019-01-25__17_38_05__baseline,src/examples/rover_steering_control,0.0,
calibrated_fresh,commander_nav_state_override__2019-01-25__17_38_05__baseline,src/examples/uuv_example_app,0.0,
calibrated_fresh,commander_nav_state_override__2019-01-25__17_38_05__baseline,src/modules/attitude_estimator_q,0.0,
calibrated_fresh,commander_nav_state_override__2019-01-25__17_38_05__baseline,src/modules/camera_feedback,0.0,
calibrated_fresh,commander_nav_state_override__2019-01-25__17_38_05__baseline,src/modules/commander,0.0,
calibrated_fresh,commander_nav_state_override__2019-01-25__17_38_05__baseline,src/modules/ekf2,0.0,
calibrated_fresh,commander_nav_state_override__2019-01-25__17_38_05__baseline,src/modules/events,0.0,
calibrated_fresh,commander_nav_state_override__2019-01-25__17_38_05__baseline,src/modules/fw_att_control,0.0,
calibrated_fresh,commander_nav_state_override__2019-01-25__17_38_05__baseline,src/modules/fw_pos_control_l1,0.0,
calibrated_fresh,commander_nav_state_override__2019-01-25__17_38_05__baseline,src/modules/gnd_att_control,0.0,
calibrated_fresh,commander_nav_state_override__2019-01-25__17_38_05__baseline,src/modules/gnd_pos_control,0.0,
calibrated_fresh,commander_nav_state_override__2019-01-25__17_38_05__baseline,src/modules/gpio_led,0.0,
calibrated_fresh,commander_nav_state_override__2019-01-25__17_38_05__baseline,src/modules/land_detector,0.0,
calibrated_fresh,commander_nav_state_override__2019-01-25__17_38_05__baseline,src/modules/landing_target_estimator,0.0,
calibrated_fresh,commander_nav_state_override__2019-01-25__17_38_05__baseline,src/modules/load_mon,0.0,
calibrated_fresh,commander_nav_state_override__2019-01-25__17_38_05__baseline,src/modules/logger,0.0,
calibrated_fresh,commander_nav_state_override__2019-01-25__17_38_05__baseline,src/modules/mavlink,0.0,
calibrated_fresh,commander_nav_state_override__2019-01-25__17_38_05__baseline,src/modules/mc_att_control,0.0,
calibrated_fresh,commander_nav_state_override__2019-01-25__17_38_05__baseline,src/modules/mc_pos_control,0.0,
calibrated_fresh,commander_nav_state_override__2019-01-25__17_38_05__baseline,src/modules/navigator,0.0,
calibrated_fresh,commander_nav_state_override__2019-01-25__17_38_05__baseline,src/modules/position_estimator_inav,0.0,
calibrated_fresh,commander_nav_state_override__2019-01-25__17_38_05__baseline,src/modules/replay,0.0,
calibrated_fresh,commander_nav_state_override__2019-01-25__17_38_05__baseline,src/modules/sdlog2,0.0,
calibrated_fresh,commander_nav_state_override__2019-01-25__17_38_05__baseline,src/modules/sensors,0.0,
calibrated_fresh,commander_nav_state_override__2019-01-25__17_38_05__baseline,src/modules/simulator,0.0,
calibrated_fresh,commander_nav_state_override__2019-01-25__17_38_05__baseline,src/modules/syslink,0.0,
calibrated_fresh,commander_nav_state_override__2019-01-25__17_38_05__baseline,src/modules/uavcan,0.0,
calibrated_fresh,commander_nav_state_override__2019-01-25__17_38_05__baseline,src/modules/vtol_att_control,0.0,
calibrated_fresh,commander_nav_state_override__2019-01-25__17_38_05__baseline,src/modules/wind_estimator,0.0,
calibrated_fresh,commander_nav_state_override__2019-01-25__17_38_05__baseline,src/platforms/posix/drivers/df_bebop_bus_wrapper,0.0,
calibrated_fresh,commander_nav_state_override__2019-01-25__17_38_05__baseline,src/platforms/posix/drivers/df_bebop_rangefinder_wrapper,0.0,
calibrated_fresh,commander_nav_state_override__2019-01-25__17_38_05__baseline,src/platforms/posix/drivers/df_isl29501_wrapper,0.0,
calibrated_fresh,commander_nav_state_override__2019-01-25__17_38_05__baseline,src/platforms/posix/drivers/df_ltc2946_wrapper,0.0,
calibrated_fresh,commander_nav_state_override__2019-01-25__17_38_05__baseline,src/platforms/posix/drivers/df_trone_wrapper,0.0,
calibrated_fresh,commander_nav_state_override__2019-01-25__17_38_05__baseline,src/platforms/qurt/fc_addon/uart_esc,0.0,
calibrated_fresh,commander_nav_state_override__2019-01-25__17_38_05__baseline,src/platforms/qurt/tests/muorb,0.0,
calibrated_fresh,commander_nav_state_override__2019-01-25__17_38_05__baseline,src/templates/module,0.0,
calibrated_fresh,commander_nav_state_override__2019-01-25__17_38_05__fault,src/drivers/batt_smbus,0.0,
calibrated_fresh,commander_nav_state_override__2019-01-25__17_38_05__fault,src/drivers/blinkm,0.0,
calibrated_fresh,commander_nav_state_override__2019-01-25__17_38_05__fault,src/drivers/camera_trigger,0.0,
calibrated_fresh,commander_nav_state_override__2019-01-25__17_38_05__fault,src/drivers/distance_sensor,0.0,
calibrated_fresh,commander_nav_state_override__2019-01-25__17_38_05__fault,src/drivers/linux_pwm_out,0.0,
calibrated_fresh,commander_nav_state_override__2019-01-25__17_38_05__fault,src/drivers/mkblctrl,0.0,
calibrated_fresh,commander_nav_state_override__2019-01-25__17_38_05__fault,src/drivers/pwm_out_sim,0.0,
calibrated_fresh,commander_nav_state_override__2019-01-25__17_38_05__fault,src/drivers/px4flow,0.0,
calibrated_fresh,commander_nav_state_override__2019-01-25__17_38_05__fault,src/drivers/px4fmu,0.0,
calibrated_fresh,commander_nav_state_override__2019-01-25__17_38_05__fault,src/drivers/px4io,0.0,
calibrated_fresh,commander_nav_state_override__2019-01-25__17_38_05__fault,src/drivers/snapdragon_pwm_out,0.0,
calibrated_fresh,commander_nav_state_override__2019-01-25__17_38_05__fault,src/drivers/tap_esc,0.0,
calibrated_fresh,commander_nav_state_override__2019-01-25__17_38_05__fault,src/drivers/telemetry,0.0,
calibrated_fresh,commander_nav_state_override__2019-01-25__17_38_05__fault,src/drivers/vmount,0.0,
calibrated_fresh,commander_nav_state_override__2019-01-25__17_38_05__fault,src/examples/fixedwing_control,0.0,
calibrated_fresh,commander_nav_state_override__2019-01-25__17_38_05__fault,src/examples/hwtest,0.0,
calibrated_fresh,commander_nav_state_override__2019-01-25__17_38_05__fault,src/examples/px4_simple_app,0.0,
calibrated_fresh,commander_nav_state_override__2019-01-25__17_38_05__fault,src/examples/rover_steering_control,0.0,
calibrated_fresh,commander_nav_state_override__2019-01-25__17_38_05__fault,src/examples/uuv_example_app,0.0,
calibrated_fresh,commander_nav_state_override__2019-01-25__17_38_05__fault,src/modules/attitude_estimator_q,0.0,
calibrated_fresh,commander_nav_state_override__2019-01-25__17_38_05__fault,src/modules/camera_feedback,0.0,
calibrated_fresh,commander_nav_state_override__2019-01-25__17_38_05__fault,src/modules/commander,0.0,
calibrated_fresh,commander_nav_state_override__2019-01-25__17_38_05__fault,src/modules/ekf2,0.0,
calibrated_fresh,commander_nav_state_override__2019-01-25__17_38_05__fault,src/modules/events,0.0,
calibrated_fresh,commander_nav_state_override__2019-01-25__17_38_05__fault,src/modules/fw_att_control,0.0,
calibrated_fresh,commander_nav_state_override__2019-01-25__17_38_05__fault,src/modules/fw_pos_control_l1,0.0,
calibrated_fresh,commander_nav_state_override__2019-01-25__17_38_05__fault,src/modules/gnd_att_control,0.0,
calibrated_fresh,commander_nav_state_override__2019-01-25__17_38_05__fault,src/modules/gnd_pos_control,0.0,
calibrated_fresh,commander_nav_state_override__2019-01-25__17_38_05__fault,src/modules/gpio_led,0.0,
calibrated_fresh,commander_nav_state_override__2019-01-25__17_38_05__fault,src/modules/land_detector,0.0,
calibrated_fresh,commander_nav_state_override__2019-01-25__17_38_05__fault,src/modules/landing_target_estimator,0.0,
calibrated_fresh,commander_nav_state_override__2019-01-25__17_38_05__fault,src/modules/load_mon,0.0,
calibrated_fresh,commander_nav_state_override__2019-01-25__17_38_05__fault,src/modules/logger,0.0,
calibrated_fresh,commander_nav_state_override__2019-01-25__17_38_05__fault,src/modules/mavlink,0.0,
calibrated_fresh,commander_nav_state_override__2019-01-25__17_38_05__fault,src/modules/mc_att_control,0.0,
calibrated_fresh,commander_nav_state_override__2019-01-25__17_38_05__fault,src/modules/mc_pos_control,0.0,
calibrated_fresh,commander_nav_state_override__2019-01-25__17_38_05__fault,src/modules/navigator,0.0,
calibrated_fresh,commander_nav_state_override__2019-01-25__17_38_05__fault,src/modules/position_estimator_inav,0.0,
calibrated_fresh,commander_nav_state_override__2019-01-25__17_38_05__fault,src/modules/replay,0.0,
calibrated_fresh,commander_nav_state_override__2019-01-25__17_38_05__fault,src/modules/sdlog2,0.0,
calibrated_fresh,commander_nav_state_override__2019-01-25__17_38_05__fault,src/modules/sensors,0.0,
calibrated_fresh,commander_nav_state_override__2019-01-25__17_38_05__fault,src/modules/simulator,0.0,
calibrated_fresh,commander_nav_state_override__2019-01-25__17_38_05__fault,src/modules/syslink,0.0,
calibrated_fresh,commander_nav_state_override__2019-01-25__17_38_05__fault,src/modules/uavcan,0.0,
calibrated_fresh,commander_nav_state_override__2019-01-25__17_38_05__fault,src/modules/vtol_att_control,0.0,
calibrated_fresh,commander_nav_state_override__2019-01-25__17_38_05__fault,src/modules/wind_estimator,0.0,
calibrated_fresh,commander_nav_state_override__2019-01-25__17_38_05__fault,src/platforms/posix/drivers/df_bebop_bus_wrapper,0.0,
calibrated_fresh,commander_nav_state_override__2019-01-25__17_38_05__fault,src/platforms/posix/drivers/df_bebop_rangefinder_wrapper,0.0,
calibrated_fresh,commander_nav_state_override__2019-01-25__17_38_05__fault,src/platforms/posix/drivers/df_isl29501_wrapper,0.0,
calibrated_fresh,commander_nav_state_override__2019-01-25__17_38_05__fault,src/platforms/posix/drivers/df_ltc2946_wrapper,0.0,
calibrated_fresh,commander_nav_state_override__2019-01-25__17_38_05__fault,src/platforms/posix/drivers/df_trone_wrapper,0.0,
calibrated_fresh,commander_nav_state_override__2019-01-25__17_38_05__fault,src/platforms/qurt/fc_addon/uart_esc,0.0,
calibrated_fresh,commander_nav_state_override__2019-01-25__17_38_05__fault,src/platforms/qurt/tests/muorb,0.0,
calibrated_fresh,commander_nav_state_override__2019-01-25__17_38_05__fault,src/templates/module,0.0,
calibrated_fresh,commander_nav_state_override__2019-03-06__08_02_26__baseline,src/drivers/batt_smbus,0.0,
calibrated_fresh,commander_nav_state_override__2019-03-06__08_02_26__baseline,src/drivers/blinkm,0.0,
calibrated_fresh,commander_nav_state_override__2019-03-06__08_02_26__baseline,src/drivers/camera_trigger,0.0,
calibrated_fresh,commander_nav_state_override__2019-03-06__08_02_26__baseline,src/drivers/distance_sensor,0.0,
calibrated_fresh,commander_nav_state_override__2019-03-06__08_02_26__baseline,src/drivers/linux_pwm_out,0.0,
calibrated_fresh,commander_nav_state_override__2019-03-06__08_02_26__baseline,src/drivers/mkblctrl,0.0,
calibrated_fresh,commander_nav_state_override__2019-03-06__08_02_26__baseline,src/drivers/pwm_out_sim,0.0,
calibrated_fresh,commander_nav_state_override__2019-03-06__08_02_26__baseline,src/drivers/px4flow,0.0,
calibrated_fresh,commander_nav_state_override__2019-03-06__08_02_26__baseline,src/drivers/px4fmu,0.0,
calibrated_fresh,commander_nav_state_override__2019-03-06__08_02_26__baseline,src/drivers/px4io,0.0,
calibrated_fresh,commander_nav_state_override__2019-03-06__08_02_26__baseline,src/drivers/snapdragon_pwm_out,0.0,
calibrated_fresh,commander_nav_state_override__2019-03-06__08_02_26__baseline,src/drivers/tap_esc,0.0,
calibrated_fresh,commander_nav_state_override__2019-03-06__08_02_26__baseline,src/drivers/telemetry,0.0,
calibrated_fresh,commander_nav_state_override__2019-03-06__08_02_26__baseline,src/drivers/vmount,0.0,
calibrated_fresh,commander_nav_state_override__2019-03-06__08_02_26__baseline,src/examples/fixedwing_control,0.0,
calibrated_fresh,commander_nav_state_override__2019-03-06__08_02_26__baseline,src/examples/hwtest,0.0,
calibrated_fresh,commander_nav_state_override__2019-03-06__08_02_26__baseline,src/examples/px4_simple_app,0.0,
calibrated_fresh,commander_nav_state_override__2019-03-06__08_02_26__baseline,src/examples/rover_steering_control,0.0,
calibrated_fresh,commander_nav_state_override__2019-03-06__08_02_26__baseline,src/examples/uuv_example_app,0.0,
calibrated_fresh,commander_nav_state_override__2019-03-06__08_02_26__baseline,src/modules/attitude_estimator_q,0.0,
calibrated_fresh,commander_nav_state_override__2019-03-06__08_02_26__baseline,src/modules/camera_feedback,0.0,
calibrated_fresh,commander_nav_state_override__2019-03-06__08_02_26__baseline,src/modules/commander,0.0,
calibrated_fresh,commander_nav_state_override__2019-03-06__08_02_26__baseline,src/modules/ekf2,0.0,
calibrated_fresh,commander_nav_state_override__2019-03-06__08_02_26__baseline,src/modules/events,0.0,
calibrated_fresh,commander_nav_state_override__2019-03-06__08_02_26__baseline,src/modules/fw_att_control,0.0,
calibrated_fresh,commander_nav_state_override__2019-03-06__08_02_26__baseline,src/modules/fw_pos_control_l1,0.0,
calibrated_fresh,commander_nav_state_override__2019-03-06__08_02_26__baseline,src/modules/gnd_att_control,0.0,
calibrated_fresh,commander_nav_state_override__2019-03-06__08_02_26__baseline,src/modules/gnd_pos_control,0.0,
calibrated_fresh,commander_nav_state_override__2019-03-06__08_02_26__baseline,src/modules/gpio_led,0.0,
calibrated_fresh,commander_nav_state_override__2019-03-06__08_02_26__baseline,src/modules/land_detector,0.0,
calibrated_fresh,commander_nav_state_override__2019-03-06__08_02_26__baseline,src/modules/landing_target_estimator,0.0,
calibrated_fresh,commander_nav_state_override__2019-03-06__08_02_26__baseline,src/modules/load_mon,0.0,
calibrated_fresh,commander_nav_state_override__2019-03-06__08_02_26__baseline,src/modules/logger,0.0,
calibrated_fresh,commander_nav_state_override__2019-03-06__08_02_26__baseline,src/modules/mavlink,0.0,
calibrated_fresh,commander_nav_state_override__2019-03-06__08_02_26__baseline,src/modules/mc_att_control,0.0,
calibrated_fresh,commander_nav_state_override__2019-03-06__08_02_26__baseline,src/modules/mc_pos_control,0.0,
calibrated_fresh,commander_nav_state_override__2019-03-06__08_02_26__baseline,src/modules/navigator,0.0,
calibrated_fresh,commander_nav_state_override__2019-03-06__08_02_26__baseline,src/modules/position_estimator_inav,0.0,
calibrated_fresh,commander_nav_state_override__2019-03-06__08_02_26__baseline,src/modules/replay,0.0,
calibrated_fresh,commander_nav_state_override__2019-03-06__08_02_26__baseline,src/modules/sdlog2,0.0,
calibrated_fresh,commander_nav_state_override__2019-03-06__08_02_26__baseline,src/modules/sensors,0.0,
calibrated_fresh,commander_nav_state_override__2019-03-06__08_02_26__baseline,src/modules/simulator,0.0,
calibrated_fresh,commander_nav_state_override__2019-03-06__08_02_26__baseline,src/modules/syslink,0.0,
calibrated_fresh,commander_nav_state_override__2019-03-06__08_02_26__baseline,src/modules/uavcan,0.0,
calibrated_fresh,commander_nav_state_override__2019-03-06__08_02_26__baseline,src/modules/vtol_att_control,0.0,
calibrated_fresh,commander_nav_state_override__2019-03-06__08_02_26__baseline,src/modules/wind_estimator,0.0,
calibrated_fresh,commander_nav_state_override__2019-03-06__08_02_26__baseline,src/platforms/posix/drivers/df_bebop_bus_wrapper,0.0,
calibrated_fresh,commander_nav_state_override__2019-03-06__08_02_26__baseline,src/platforms/posix/drivers/df_bebop_rangefinder_wrapper,0.0,
calibrated_fresh,commander_nav_state_override__2019-03-06__08_02_26__baseline,src/platforms/posix/drivers/df_isl29501_wrapper,0.0,
calibrated_fresh,commander_nav_state_override__2019-03-06__08_02_26__baseline,src/platforms/posix/drivers/df_ltc2946_wrapper,0.0,
calibrated_fresh,commander_nav_state_override__2019-03-06__08_02_26__baseline,src/platforms/posix/drivers/df_trone_wrapper,0.0,
calibrated_fresh,commander_nav_state_override__2019-03-06__08_02_26__baseline,src/platforms/qurt/fc_addon/uart_esc,0.0,
calibrated_fresh,commander_nav_state_override__2019-03-06__08_02_26__baseline,src/platforms/qurt/tests/muorb,0.0,
calibrated_fresh,commander_nav_state_override__2019-03-06__08_02_26__baseline,src/templates/module,0.0,
calibrated_fresh,commander_nav_state_override__2019-03-06__08_02_26__fault,src/drivers/batt_smbus,0.0,
calibrated_fresh,commander_nav_state_override__2019-03-06__08_02_26__fault,src/drivers/blinkm,0.0,
calibrated_fresh,commander_nav_state_override__2019-03-06__08_02_26__fault,src/drivers/camera_trigger,0.0,
calibrated_fresh,commander_nav_state_override__2019-03-06__08_02_26__fault,src/drivers/distance_sensor,0.0,
calibrated_fresh,commander_nav_state_override__2019-03-06__08_02_26__fault,src/drivers/linux_pwm_out,0.0,
calibrated_fresh,commander_nav_state_override__2019-03-06__08_02_26__fault,src/drivers/mkblctrl,0.0,
calibrated_fresh,commander_nav_state_override__2019-03-06__08_02_26__fault,src/drivers/pwm_out_sim,0.0,
calibrated_fresh,commander_nav_state_override__2019-03-06__08_02_26__fault,src/drivers/px4flow,0.0,
calibrated_fresh,commander_nav_state_override__2019-03-06__08_02_26__fault,src/drivers/px4fmu,0.0,
calibrated_fresh,commander_nav_state_override__2019-03-06__08_02_26__fault,src/drivers/px4io,0.0,
calibrated_fresh,commander_nav_state_override__2019-03-06__08_02_26__fault,src/drivers/snapdragon_pwm_out,0.0,
calibrated_fresh,commander_nav_state_override__2019-03-06__08_02_26__fault,src/drivers/tap_esc,0.0,
calibrated_fresh,commander_nav_state_override__2019-03-06__08_02_26__fault,src/drivers/telemetry,0.0,
calibrated_fresh,commander_nav_state_override__2019-03-06__08_02_26__fault,src/drivers/vmount,0.0,
calibrated_fresh,commander_nav_state_override__2019-03-06__08_02_26__fault,src/examples/fixedwing_control,0.0,
calibrated_fresh,commander_nav_state_override__2019-03-06__08_02_26__fault,src/examples/hwtest,0.0,
calibrated_fresh,commander_nav_state_override__2019-03-06__08_02_26__fault,src/examples/px4_simple_app,0.0,
calibrated_fresh,commander_nav_state_override__2019-03-06__08_02_26__fault,src/examples/rover_steering_control,0.0,
calibrated_fresh,commander_nav_state_override__2019-03-06__08_02_26__fault,src/examples/uuv_example_app,0.0,
calibrated_fresh,commander_nav_state_override__2019-03-06__08_02_26__fault,src/modules/attitude_estimator_q,0.0,
calibrated_fresh,commander_nav_state_override__2019-03-06__08_02_26__fault,src/modules/camera_feedback,0.0,
calibrated_fresh,commander_nav_state_override__2019-03-06__08_02_26__fault,src/modules/commander,0.0,
calibrated_fresh,commander_nav_state_override__2019-03-06__08_02_26__fault,src/modules/ekf2,0.0,
calibrated_fresh,commander_nav_state_override__2019-03-06__08_02_26__fault,src/modules/events,0.0,
calibrated_fresh,commander_nav_state_override__2019-03-06__08_02_26__fault,src/modules/fw_att_control,0.0,
calibrated_fresh,commander_nav_state_override__2019-03-06__08_02_26__fault,src/modules/fw_pos_control_l1,0.0,
calibrated_fresh,commander_nav_state_override__2019-03-06__08_02_26__fault,src/modules/gnd_att_control,0.0,
calibrated_fresh,commander_nav_state_override__2019-03-06__08_02_26__fault,src/modules/gnd_pos_control,0.0,
calibrated_fresh,commander_nav_state_override__2019-03-06__08_02_26__fault,src/modules/gpio_led,0.0,
calibrated_fresh,commander_nav_state_override__2019-03-06__08_02_26__fault,src/modules/land_detector,0.0,
calibrated_fresh,commander_nav_state_override__2019-03-06__08_02_26__fault,src/modules/landing_target_estimator,0.0,
calibrated_fresh,commander_nav_state_override__2019-03-06__08_02_26__fault,src/modules/load_mon,0.0,
calibrated_fresh,commander_nav_state_override__2019-03-06__08_02_26__fault,src/modules/logger,0.0,
calibrated_fresh,commander_nav_state_override__2019-03-06__08_02_26__fault,src/modules/mavlink,0.0,
calibrated_fresh,commander_nav_state_override__2019-03-06__08_02_26__fault,src/modules/mc_att_control,0.0,
calibrated_fresh,commander_nav_state_override__2019-03-06__08_02_26__fault,src/modules/mc_pos_control,0.0,
calibrated_fresh,commander_nav_state_override__2019-03-06__08_02_26__fault,src/modules/navigator,0.0,
calibrated_fresh,commander_nav_state_override__2019-03-06__08_02_26__fault,src/modules/position_estimator_inav,0.0,
calibrated_fresh,commander_nav_state_override__2019-03-06__08_02_26__fault,src/modules/replay,0.0,
calibrated_fresh,commander_nav_state_override__2019-03-06__08_02_26__fault,src/modules/sdlog2,0.0,
calibrated_fresh,commander_nav_state_override__2019-03-06__08_02_26__fault,src/modules/sensors,0.0,
calibrated_fresh,commander_nav_state_override__2019-03-06__08_02_26__fault,src/modules/simulator,0.0,
calibrated_fresh,commander_nav_state_override__2019-03-06__08_02_26__fault,src/modules/syslink,0.0,
calibrated_fresh,commander_nav_state_override__2019-03-06__08_02_26__fault,src/modules/uavcan,0.0,
calibrated_fresh,commander_nav_state_override__2019-03-06__08_02_26__fault,src/modules/vtol_att_control,0.0,
calibrated_fresh,commander_nav_state_override__2019-03-06__08_02_26__fault,src/modules/wind_estimator,0.0,
calibrated_fresh,commander_nav_state_override__2019-03-06__08_02_26__fault,src/platforms/posix/drivers/df_bebop_bus_wrapper,0.0,
calibrated_fresh,commander_nav_state_override__2019-03-06__08_02_26__fault,src/platforms/posix/drivers/df_bebop_rangefinder_wrapper,0.0,
calibrated_fresh,commander_nav_state_override__2019-03-06__08_02_26__fault,src/platforms/posix/drivers/df_isl29501_wrapper,0.0,
calibrated_fresh,commander_nav_state_override__2019-03-06__08_02_26__fault,src/platforms/posix/drivers/df_ltc2946_wrapper,0.0,
calibrated_fresh,commander_nav_state_override__2019-03-06__08_02_26__fault,src/platforms/posix/drivers/df_trone_wrapper,0.0,
calibrated_fresh,commander_nav_state_override__2019-03-06__08_02_26__fault,src/platforms/qurt/fc_addon/uart_esc,0.0,
calibrated_fresh,commander_nav_state_override__2019-03-06__08_02_26__fault,src/platforms/qurt/tests/muorb,0.0,
calibrated_fresh,commander_nav_state_override__2019-03-06__08_02_26__fault,src/templates/module,0.0,
calibrated_fresh,ekf2_innovation_bias__2019-01-18__08_39_38__baseline,src/drivers/batt_smbus,0.0,
calibrated_fresh,ekf2_innovation_bias__2019-01-18__08_39_38__baseline,src/drivers/blinkm,0.0,
calibrated_fresh,ekf2_innovation_bias__2019-01-18__08_39_38__baseline,src/drivers/camera_trigger,0.0,
calibrated_fresh,ekf2_innovation_bias__2019-01-18__08_39_38__baseline,src/drivers/distance_sensor,0.0,
calibrated_fresh,ekf2_innovation_bias__2019-01-18__08_39_38__baseline,src/drivers/linux_pwm_out,0.0,
calibrated_fresh,ekf2_innovation_bias__2019-01-18__08_39_38__baseline,src/drivers/mkblctrl,0.0,
calibrated_fresh,ekf2_innovation_bias__2019-01-18__08_39_38__baseline,src/drivers/pwm_out_sim,0.0,
calibrated_fresh,ekf2_innovation_bias__2019-01-18__08_39_38__baseline,src/drivers/px4flow,0.0,
calibrated_fresh,ekf2_innovation_bias__2019-01-18__08_39_38__baseline,src/drivers/px4fmu,0.0,
calibrated_fresh,ekf2_innovation_bias__2019-01-18__08_39_38__baseline,src/drivers/px4io,0.0,
calibrated_fresh,ekf2_innovation_bias__2019-01-18__08_39_38__baseline,src/drivers/snapdragon_pwm_out,0.0,
calibrated_fresh,ekf2_innovation_bias__2019-01-18__08_39_38__baseline,src/drivers/tap_esc,0.0,
calibrated_fresh,ekf2_innovation_bias__2019-01-18__08_39_38__baseline,src/drivers/telemetry,0.0,
calibrated_fresh,ekf2_innovation_bias__2019-01-18__08_39_38__baseline,src/drivers/vmount,0.0,
calibrated_fresh,ekf2_innovation_bias__2019-01-18__08_39_38__baseline,src/examples/fixedwing_control,0.0,
calibrated_fresh,ekf2_innovation_bias__2019-01-18__08_39_38__baseline,src/examples/hwtest,0.0,
calibrated_fresh,ekf2_innovation_bias__2019-01-18__08_39_38__baseline,src/examples/px4_simple_app,0.0,
calibrated_fresh,ekf2_innovation_bias__2019-01-18__08_39_38__baseline,src/examples/rover_steering_control,0.0,
calibrated_fresh,ekf2_innovation_bias__2019-01-18__08_39_38__baseline,src/examples/uuv_example_app,0.0,
calibrated_fresh,ekf2_innovation_bias__2019-01-18__08_39_38__baseline,src/modules/attitude_estimator_q,0.0,
calibrated_fresh,ekf2_innovation_bias__2019-01-18__08_39_38__baseline,src/modules/camera_feedback,0.0,
calibrated_fresh,ekf2_innovation_bias__2019-01-18__08_39_38__baseline,src/modules/commander,0.0,
calibrated_fresh,ekf2_innovation_bias__2019-01-18__08_39_38__baseline,src/modules/ekf2,0.0,
calibrated_fresh,ekf2_innovation_bias__2019-01-18__08_39_38__baseline,src/modules/events,0.0,
calibrated_fresh,ekf2_innovation_bias__2019-01-18__08_39_38__baseline,src/modules/fw_att_control,0.0,
calibrated_fresh,ekf2_innovation_bias__2019-01-18__08_39_38__baseline,src/modules/fw_pos_control_l1,0.0,
calibrated_fresh,ekf2_innovation_bias__2019-01-18__08_39_38__baseline,src/modules/gnd_att_control,0.0,
calibrated_fresh,ekf2_innovation_bias__2019-01-18__08_39_38__baseline,src/modules/gnd_pos_control,0.0,
calibrated_fresh,ekf2_innovation_bias__2019-01-18__08_39_38__baseline,src/modules/gpio_led,0.0,
calibrated_fresh,ekf2_innovation_bias__2019-01-18__08_39_38__baseline,src/modules/land_detector,0.0,
calibrated_fresh,ekf2_innovation_bias__2019-01-18__08_39_38__baseline,src/modules/landing_target_estimator,0.0,
calibrated_fresh,ekf2_innovation_bias__2019-01-18__08_39_38__baseline,src/modules/load_mon,0.0,
calibrated_fresh,ekf2_innovation_bias__2019-01-18__08_39_38__baseline,src/modules/logger,0.0,
calibrated_fresh,ekf2_innovation_bias__2019-01-18__08_39_38__baseline,src/modules/mavlink,0.0,
calibrated_fresh,ekf2_innovation_bias__2019-01-18__08_39_38__baseline,src/modules/mc_att_control,0.0,
calibrated_fresh,ekf2_innovation_bias__2019-01-18__08_39_38__baseline,src/modules/mc_pos_control,0.0,
calibrated_fresh,ekf2_innovation_bias__2019-01-18__08_39_38__baseline,src/modules/navigator,0.0,
calibrated_fresh,ekf2_innovation_bias__2019-01-18__08_39_38__baseline,src/modules/position_estimator_inav,0.0,
calibrated_fresh,ekf2_innovation_bias__2019-01-18__08_39_38__baseline,src/modules/replay,0.0,
calibrated_fresh,ekf2_innovation_bias__2019-01-18__08_39_38__baseline,src/modules/sdlog2,0.0,
calibrated_fresh,ekf2_innovation_bias__2019-01-18__08_39_38__baseline,src/modules/sensors,0.0,
calibrated_fresh,ekf2_innovation_bias__2019-01-18__08_39_38__baseline,src/modules/simulator,0.0,
calibrated_fresh,ekf2_innovation_bias__2019-01-18__08_39_38__baseline,src/modules/syslink,0.0,
calibrated_fresh,ekf2_innovation_bias__2019-01-18__08_39_38__baseline,src/modules/uavcan,0.0,
calibrated_fresh,ekf2_innovation_bias__2019-01-18__08_39_38__baseline,src/modules/vtol_att_control,0.0,
calibrated_fresh,ekf2_innovation_bias__2019-01-18__08_39_38__baseline,src/modules/wind_estimator,0.0,
calibrated_fresh,ekf2_innovation_bias__2019-01-18__08_39_38__baseline,src/platforms/posix/drivers/df_bebop_bus_wrapper,0.0,
calibrated_fresh,ekf2_innovation_bias__2019-01-18__08_39_38__baseline,src/platforms/posix/drivers/df_bebop_rangefinder_wrapper,0.0,
calibrated_fresh,ekf2_innovation_bias__2019-01-18__08_39_38__baseline,src/platforms/posix/drivers/df_isl29501_wrapper,0.0,
calibrated_fresh,ekf2_innovation_bias__2019-01-18__08_39_38__baseline,src/platforms/posix/drivers/df_ltc2946_wrapper,0.0,
calibrated_fresh,ekf2_innovation_bias__2019-01-18__08_39_38__baseline,src/platforms/posix/drivers/df_trone_wrapper,0.0,
calibrated_fresh,ekf2_innovation_bias__2019-01-18__08_39_38__baseline,src/platforms/qurt/fc_addon/uart_esc,0.0,
calibrated_fresh,ekf2_innovation_bias__2019-01-18__08_39_38__baseline,src/platforms/qurt/tests/muorb,0.0,
calibrated_fresh,ekf2_innovation_bias__2019-01-18__08_39_38__baseline,src/templates/module,0.0,
calibrated_fresh,ekf2_innovation_bias__2019-01-18__08_39_38__fault,src/drivers/batt_smbus,0.0,
calibrated_fresh,ekf2_innovation_bias__2019-01-18__08_39_38__fault,src/drivers/blinkm,0.0,
calibrated_fresh,ekf2_innovation_bias__2019-01-18__08_39_38__fault,src/drivers/camera_trigger,0.0,
calibrated_fresh,ekf2_innovation_bias__2019-01-18__08_39_38__fault,src/drivers/distance_sensor,0.0,
calibrated_fresh,ekf2_innovation_bias__2019-01-18__08_39_38__fault,src/drivers/linux_pwm_out,0.0,
calibrated_fresh,ekf2_innovation_bias__2019-01-18__08_39_38__fault,src/drivers/mkblctrl,0.0,
calibrated_fresh,ekf2_innovation_bias__2019-01-18__08_39_38__fault,src/drivers/pwm_out_sim,0.0,
calibrated_fresh,ekf2_innovation_bias__2019-01-18__08_39_38__fault,src/drivers/px4flow,0.0,
calibrated_fresh,ekf2_innovation_bias__2019-01-18__08_39_38__fault,src/drivers/px4fmu,0.0,
calibrated_fresh,ekf2_innovation_bias__2019-01-18__08_39_38__fault,src/drivers/px4io,0.0,
calibrated_fresh,ekf2_innovation_bias__2019-01-18__08_39_38__fault,src/drivers/snapdragon_pwm_out,0.0,
calibrated_fresh,ekf2_innovation_bias__2019-01-18__08_39_38__fault,src/drivers/tap_esc,0.0,
calibrated_fresh,ekf2_innovation_bias__2019-01-18__08_39_38__fault,src/drivers/telemetry,0.0,
calibrated_fresh,ekf2_innovation_bias__2019-01-18__08_39_38__fault,src/drivers/vmount,0.0,
calibrated_fresh,ekf2_innovation_bias__2019-01-18__08_39_38__fault,src/examples/fixedwing_control,0.0,
calibrated_fresh,ekf2_innovation_bias__2019-01-18__08_39_38__fault,src/examples/hwtest,0.0,
calibrated_fresh,ekf2_innovation_bias__2019-01-18__08_39_38__fault,src/examples/px4_simple_app,0.0,
calibrated_fresh,ekf2_innovation_bias__2019-01-18__08_39_38__fault,src/examples/rover_steering_control,0.0,
calibrated_fresh,ekf2_innovation_bias__2019-01-18__08_39_38__fault,src/examples/uuv_example_app,0.0,
calibrated_fresh,ekf2_innovation_bias__2019-01-18__08_39_38__fault,src/modules/attitude_estimator_q,0.0,
calibrated_fresh,ekf2_innovation_bias__2019-01-18__08_39_38__fault,src/modules/camera_feedback,0.0,
calibrated_fresh,ekf2_innovation_bias__2019-01-18__08_39_38__fault,src/modules/commander,0.0,
calibrated_fresh,ekf2_innovation_bias__2019-01-18__08_39_38__fault,src/modules/ekf2,0.0,
calibrated_fresh,ekf2_innovation_bias__2019-01-18__08_39_38__fault,src/modules/events,0.0,
calibrated_fresh,ekf2_innovation_bias__2019-01-18__08_39_38__fault,src/modules/fw_att_control,0.0,
calibrated_fresh,ekf2_innovation_bias__2019-01-18__08_39_38__fault,src/modules/fw_pos_control_l1,0.0,
calibrated_fresh,ekf2_innovation_bias__2019-01-18__08_39_38__fault,src/modules/gnd_att_control,0.0,
calibrated_fresh,ekf2_innovation_bias__2019-01-18__08_39_38__fault,src/modules/gnd_pos_control,0.0,
calibrated_fresh,ekf2_innovation_bias__2019-01-18__08_39_38__fault,src/modules/gpio_led,0.0,
calibrated_fresh,ekf2_innovation_bias__2019-01-18__08_39_38__fault,src/modules/land_detector,0.0,
calibrated_fresh,ekf2_innovation_bias__2019-01-18__08_39_38__fault,src/modules/landing_target_estimator,0.0,
calibrated_fresh,ekf2_innovation_bias__2019-01-18__08_39_38__fault,src/modules/load_mon,0.0,
calibrated_fresh,ekf2_innovation_bias__2019-01-18__08_39_38__fault,src/modules/logger,0.0,
calibrated_fresh,ekf2_innovation_bias__2019-01-18__08_39_38__fault,src/modules/mavlink,0.0,
calibrated_fresh,ekf2_innovation_bias__2019-01-18__08_39_38__fault,src/modules/mc_att_control,0.0,
calibrated_fresh,ekf2_innovation_bias__2019-01-18__08_39_38__fault,src/modules/mc_pos_control,0.0,
calibrated_fresh,ekf2_innovation_bias__2019-01-18__08_39_38__fault,src/modules/navigator,0.0,
calibrated_fresh,ekf2_innovation_bias__2019-01-18__08_39_38__fault,src/modules/position_estimator_inav,0.0,
calibrated_fresh,ekf2_innovation_bias__2019-01-18__08_39_38__fault,src/modules/replay,0.0,
calibrated_fresh,ekf2_innovation_bias__2019-01-18__08_39_38__fault,src/modules/sdlog2,0.0,
calibrated_fresh,ekf2_innovation_bias__2019-01-18__08_39_38__fault,src/modules/sensors,0.0,
calibrated_fresh,ekf2_innovation_bias__2019-01-18__08_39_38__fault,src/modules/simulator,0.0,
calibrated_fresh,ekf2_innovation_bias__2019-01-18__08_39_38__fault,src/modules/syslink,0.0,
calibrated_fresh,ekf2_innovation_bias__2019-01-18__08_39_38__fault,src/modules/uavcan,0.0,
calibrated_fresh,ekf2_innovation_bias__2019-01-18__08_39_38__fault,src/modules/vtol_att_control,0.0,
calibrated_fresh,ekf2_innovation_bias__2019-01-18__08_39_38__fault,src/modules/wind_estimator,0.0,
calibrated_fresh,ekf2_innovation_bias__2019-01-18__08_39_38__fault,src/platforms/posix/drivers/df_bebop_bus_wrapper,0.0,
calibrated_fresh,ekf2_innovation_bias__2019-01-18__08_39_38__fault,src/platforms/posix/drivers/df_bebop_rangefinder_wrapper,0.0,
calibrated_fresh,ekf2_innovation_bias__2019-01-18__08_39_38__fault,src/platforms/posix/drivers/df_isl29501_wrapper,0.0,
calibrated_fresh,ekf2_innovation_bias__2019-01-18__08_39_38__fault,src/platforms/posix/drivers/df_ltc2946_wrapper,0.0,
calibrated_fresh,ekf2_innovation_bias__2019-01-18__08_39_38__fault,src/platforms/posix/drivers/df_trone_wrapper,0.0,
calibrated_fresh,ekf2_innovation_bias__2019-01-18__08_39_38__fault,src/platforms/qurt/fc_addon/uart_esc,0.0,
calibrated_fresh,ekf2_innovation_bias__2019-01-18__08_39_38__fault,src/platforms/qurt/tests/muorb,0.0,
calibrated_fresh,ekf2_innovation_bias__2019-01-18__08_39_38__fault,src/templates/module,0.0,
calibrated_fresh,ekf2_innovation_bias__2019-01-25__17_38_05__baseline,src/drivers/batt_smbus,0.0,
calibrated_fresh,ekf2_innovation_bias__2019-01-25__17_38_05__baseline,src/drivers/blinkm,0.0,
calibrated_fresh,ekf2_innovation_bias__2019-01-25__17_38_05__baseline,src/drivers/camera_trigger,0.0,
calibrated_fresh,ekf2_innovation_bias__2019-01-25__17_38_05__baseline,src/drivers/distance_sensor,0.0,
calibrated_fresh,ekf2_innovation_bias__2019-01-25__17_38_05__baseline,src/drivers/linux_pwm_out,0.0,
calibrated_fresh,ekf2_innovation_bias__2019-01-25__17_38_05__baseline,src/drivers/mkblctrl,0.0,
calibrated_fresh,ekf2_innovation_bias__2019-01-25__17_38_05__baseline,src/drivers/pwm_out_sim,0.0,
calibrated_fresh,ekf2_innovation_bias__2019-01-25__17_38_05__baseline,src/drivers/px4flow,0.0,
calibrated_fresh,ekf2_innovation_bias__2019-01-25__17_38_05__baseline,src/drivers/px4fmu,0.0,
calibrated_fresh,ekf2_innovation_bias__2019-01-25__17_38_05__baseline,src/drivers/px4io,0.0,
calibrated_fresh,ekf2_innovation_bias__2019-01-25__17_38_05__baseline,src/drivers/snapdragon_pwm_out,0.0,
calibrated_fresh,ekf2_innovation_bias__2019-01-25__17_38_05__baseline,src/drivers/tap_esc,0.0,
calibrated_fresh,ekf2_innovation_bias__2019-01-25__17_38_05__baseline,src/drivers/telemetry,0.0,
calibrated_fresh,ekf2_innovation_bias__2019-01-25__17_38_05__baseline,src/drivers/vmount,0.0,
calibrated_fresh,ekf2_innovation_bias__2019-01-25__17_38_05__baseline,src/examples/fixedwing_control,0.0,
calibrated_fresh,ekf2_innovation_bias__2019-01-25__17_38_05__baseline,src/examples/hwtest,0.0,
calibrated_fresh,ekf2_innovation_bias__2019-01-25__17_38_05__baseline,src/examples/px4_simple_app,0.0,
calibrated_fresh,ekf2_innovation_bias__2019-01-25__17_38_05__baseline,src/examples/rover_steering_control,0.0,
calibrated_fresh,ekf2_innovation_bias__2019-01-25__17_38_05__baseline,src/examples/uuv_example_app,0.0,
calibrated_fresh,ekf2_innovation_bias__2019-01-25__17_38_05__baseline,src/modules/attitude_estimator_q,0.0,
calibrated_fresh,ekf2_innovation_bias__2019-01-25__17_38_05__baseline,src/modules/camera_feedback,0.0,
calibrated_fresh,ekf2_innovation_bias__2019-01-25__17_38_05__baseline,src/modules/commander,0.0,
calibrated_fresh,ekf2_innovation_bias__2019-01-25__17_38_05__baseline,src/modules/ekf2,0.0,
calibrated_fresh,ekf2_innovation_bias__2019-01-25__17_38_05__baseline,src/modules/events,0.0,
calibrated_fresh,ekf2_innovation_bias__2019-01-25__17_38_05__baseline,src/modules/fw_att_control,0.0,
calibrated_fresh,ekf2_innovation_bias__2019-01-25__17_38_05__baseline,src/modules/fw_pos_control_l1,0.0,
calibrated_fresh,ekf2_innovation_bias__2019-01-25__17_38_05__baseline,src/modules/gnd_att_control,0.0,
calibrated_fresh,ekf2_innovation_bias__2019-01-25__17_38_05__baseline,src/modules/gnd_pos_control,0.0,
calibrated_fresh,ekf2_innovation_bias__2019-01-25__17_38_05__baseline,src/modules/gpio_led,0.0,
calibrated_fresh,ekf2_innovation_bias__2019-01-25__17_38_05__baseline,src/modules/land_detector,0.0,
calibrated_fresh,ekf2_innovation_bias__2019-01-25__17_38_05__baseline,src/modules/landing_target_estimator,0.0,
calibrated_fresh,ekf2_innovation_bias__2019-01-25__17_38_05__baseline,src/modules/load_mon,0.0,
calibrated_fresh,ekf2_innovation_bias__2019-01-25__17_38_05__baseline,src/modules/logger,0.0,
calibrated_fresh,ekf2_innovation_bias__2019-01-25__17_38_05__baseline,src/modules/mavlink,0.0,
calibrated_fresh,ekf2_innovation_bias__2019-01-25__17_38_05__baseline,src/modules/mc_att_control,0.0,
calibrated_fresh,ekf2_innovation_bias__2019-01-25__17_38_05__baseline,src/modules/mc_pos_control,0.0,
calibrated_fresh,ekf2_innovation_bias__2019-01-25__17_38_05__baseline,src/modules/navigator,0.0,
calibrated_fresh,ekf2_innovation_bias__2019-01-25__17_38_05__baseline,src/modules/position_estimator_inav,0.0,
calibrated_fresh,ekf2_innovation_bias__2019-01-25__17_38_05__baseline,src/modules/replay,0.0,
calibrated_fresh,ekf2_innovation_bias__2019-01-25__17_38_05__baseline,src/modules/sdlog2,0.0,
calibrated_fresh,ekf2_innovation_bias__2019-01-25__17_38_05__baseline,src/modules/sensors,0.0,
calibrated_fresh,ekf2_innovation_bias__2019-01-25__17_38_05__baseline,src/modules/simulator,0.0,
calibrated_fresh,ekf2_innovation_bias__2019-01-25__17_38_05__baseline,src/modules/syslink,0.0,
calibrated_fresh,ekf2_innovation_bias__2019-01-25__17_38_05__baseline,src/modules/uavcan,0.0,
calibrated_fresh,ekf2_innovation_bias__2019-01-25__17_38_05__baseline,src/modules/vtol_att_control,0.0,
calibrated_fresh,ekf2_innovation_bias__2019-01-25__17_38_05__baseline,src/modules/wind_estimator,0.0,
calibrated_fresh,ekf2_innovation_bias__2019-01-25__17_38_05__baseline,src/platforms/posix/drivers/df_bebop_bus_wrapper,0.0,
calibrated_fresh,ekf2_innovation_bias__2019-01-25__17_38_05__baseline,src/platforms/posix/drivers/df_bebop_rangefinder_wrapper,0.0,
calibrated_fresh,ekf2_innovation_bias__2019-01-25__17_38_05__baseline,src/platforms/posix/drivers/df_isl29501_wrapper,0.0,
calibrated_fresh,ekf2_innovation_bias__2019-01-25__17_38_05__baseline,src/platforms/posix/drivers/df_ltc2946_wrapper,0.0,
calibrated_fresh,ekf2_innovation_bias__2019-01-25__17_38_05__baseline,src/platforms/posix/drivers/df_trone_wrapper,0.0,
calibrated_fresh,ekf2_innovation_bias__2019-01-25__17_38_05__baseline,src/platforms/qurt/fc_addon/uart_esc,0.0,
calibrated_fresh,ekf2_innovation_bias__2019-01-25__17_38_05__baseline,src/platforms/qurt/tests/muorb,0.0,
calibrated_fresh,ekf2_innovation_bias__2019-01-25__17_38_05__baseline,src/templates/module,0.0,
calibrated_fresh,ekf2_innovation_bias__2019-01-25__17_38_05__fault,src/drivers/batt_smbus,0.0,
calibrated_fresh,ekf2_innovation_bias__2019-01-25__17_38_05__fault,src/drivers/blinkm,0.0,
calibrated_fresh,ekf2_innovation_bias__2019-01-25__17_38_05__fault,src/drivers/camera_trigger,0.0,
calibrated_fresh,ekf2_innovation_bias__2019-01-25__17_38_05__fault,src/drivers/distance_sensor,0.0,
calibrated_fresh,ekf2_innovation_bias__2019-01-25__17_38_05__fault,src/drivers/linux_pwm_out,0.0,
calibrated_fresh,ekf2_innovation_bias__2019-01-25__17_38_05__fault,src/drivers/mkblctrl,0.0,
calibrated_fresh,ekf2_innovation_bias__2019-01-25__17_38_05__fault,src/drivers/pwm_out_sim,0.0,
calibrated_fresh,ekf2_innovation_bias__2019-01-25__17_38_05__fault,src/drivers/px4flow,0.0,
calibrated_fresh,ekf2_innovation_bias__2019-01-25__17_38_05__fault,src/drivers/px4fmu,0.0,
calibrated_fresh,ekf2_innovation_bias__2019-01-25__17_38_05__fault,src/drivers/px4io,0.0,
calibrated_fresh,ekf2_innovation_bias__2019-01-25__17_38_05__fault,src/drivers/snapdragon_pwm_out,0.0,
calibrated_fresh,ekf2_innovation_bias__2019-01-25__17_38_05__fault,src/drivers/tap_esc,0.0,
calibrated_fresh,ekf2_innovation_bias__2019-01-25__17_38_05__fault,src/drivers/telemetry,0.0,
calibrated_fresh,ekf2_innovation_bias__2019-01-25__17_38_05__fault,src/drivers/vmount,0.0,
calibrated_fresh,ekf2_innovation_bias__2019-01-25__17_38_05__fault,src/examples/fixedwing_control,0.0,
calibrated_fresh,ekf2_innovation_bias__2019-01-25__17_38_05__fault,src/examples/hwtest,0.0,
calibrated_fresh,ekf2_innovation_bias__2019-01-25__17_38_05__fault,src/examples/px4_simple_app,0.0,
calibrated_fresh,ekf2_innovation_bias__2019-01-25__17_38_05__fault,src/examples/rover_steering_control,0.0,
calibrated_fresh,ekf2_innovation_bias__2019-01-25__17_38_05__fault,src/examples/uuv_example_app,0.0,
calibrated_fresh,ekf2_innovation_bias__2019-01-25__17_38_05__fault,src/modules/attitude_estimator_q,0.0,
calibrated_fresh,ekf2_innovation_bias__2019-01-25__17_38_05__fault,src/modules/camera_feedback,0.0,
calibrated_fresh,ekf2_innovation_bias__2019-01-25__17_38_05__fault,src/modules/commander,0.0,
calibrated_fresh,ekf2_innovation_bias__2019-01-25__17_38_05__fault,src/modules/ekf2,0.0,
calibrated_fresh,ekf2_innovation_bias__2019-01-25__17_38_05__fault,src/modules/events,0.0,
calibrated_fresh,ekf2_innovation_bias__2019-01-25__17_38_05__fault,src/modules/fw_att_control,0.0,
calibrated_fresh,ekf2_innovation_bias__2019-01-25__17_38_05__fault,src/modules/fw_pos_control_l1,0.0,
calibrated_fresh,ekf2_innovation_bias__2019-01-25__17_38_05__fault,src/modules/gnd_att_control,0.0,
calibrated_fresh,ekf2_innovation_bias__2019-01-25__17_38_05__fault,src/modules/gnd_pos_control,0.0,
calibrated_fresh,ekf2_innovation_bias__2019-01-25__17_38_05__fault,src/modules/gpio_led,0.0,
calibrated_fresh,ekf2_innovation_bias__2019-01-25__17_38_05__fault,src/modules/land_detector,0.0,
calibrated_fresh,ekf2_innovation_bias__2019-01-25__17_38_05__fault,src/modules/landing_target_estimator,0.0,
calibrated_fresh,ekf2_innovation_bias__2019-01-25__17_38_05__fault,src/modules/load_mon,0.0,
calibrated_fresh,ekf2_innovation_bias__2019-01-25__17_38_05__fault,src/modules/logger,0.0,
calibrated_fresh,ekf2_innovation_bias__2019-01-25__17_38_05__fault,src/modules/mavlink,0.0,
calibrated_fresh,ekf2_innovation_bias__2019-01-25__17_38_05__fault,src/modules/mc_att_control,0.0,
calibrated_fresh,ekf2_innovation_bias__2019-01-25__17_38_05__fault,src/modules/mc_pos_control,0.0,
calibrated_fresh,ekf2_innovation_bias__2019-01-25__17_38_05__fault,src/modules/navigator,0.0,
calibrated_fresh,ekf2_innovation_bias__2019-01-25__17_38_05__fault,src/modules/position_estimator_inav,0.0,
calibrated_fresh,ekf2_innovation_bias__2019-01-25__17_38_05__fault,src/modules/replay,0.0,
calibrated_fresh,ekf2_innovation_bias__2019-01-25__17_38_05__fault,src/modules/sdlog2,0.0,
calibrated_fresh,ekf2_innovation_bias__2019-01-25__17_38_05__fault,src/modules/sensors,0.0,
calibrated_fresh,ekf2_innovation_bias__2019-01-25__17_38_05__fault,src/modules/simulator,0.0,
calibrated_fresh,ekf2_innovation_bias__2019-01-25__17_38_05__fault,src/modules/syslink,0.0,
calibrated_fresh,ekf2_innovation_bias__2019-01-25__17_38_05__fault,src/modules/uavcan,0.0,
calibrated_fresh,ekf2_innovation_bias__2019-01-25__17_38_05__fault,src/modules/vtol_att_control,0.0,
calibrated_fresh,ekf2_innovation_bias__2019-01-25__17_38_05__fault,src/modules/wind_estimator,0.0,
calibrated_fresh,ekf2_innovation_bias__2019-01-25__17_38_05__fault,src/platforms/posix/drivers/df_bebop_bus_wrapper,0.0,
calibrated_fresh,ekf2_innovation_bias__2019-01-25__17_38_05__fault,src/platforms/posix/drivers/df_bebop_rangefinder_wrapper,0.0,
calibrated_fresh,ekf2_innovation_bias__2019-01-25__17_38_05__fault,src/platforms/posix/drivers/df_isl29501_wrapper,0.0,
calibrated_fresh,ekf2_innovation_bias__2019-01-25__17_38_05__fault,src/platforms/posix/drivers/df_ltc2946_wrapper,0.0,
calibrated_fresh,ekf2_innovation_bias__2019-01-25__17_38_05__fault,src/platforms/posix/drivers/df_trone_wrapper,0.0,
calibrated_fresh,ekf2_innovation_bias__2019-01-25__17_38_05__fault,src/platforms/qurt/fc_addon/uart_esc,0.0,
calibrated_fresh,ekf2_innovation_bias__2019-01-25__17_38_05__fault,src/platforms/qurt/tests/muorb,0.0,
calibrated_fresh,ekf2_innovation_bias__2019-01-25__17_38_05__fault,src/templates/module,0.0,
calibrated_fresh,ekf2_innovation_bias__2019-03-06__08_02_26__baseline,src/drivers/batt_smbus,0.0,
calibrated_fresh,ekf2_innovation_bias__2019-03-06__08_02_26__baseline,src/drivers/blinkm,0.0,
calibrated_fresh,ekf2_innovation_bias__2019-03-06__08_02_26__baseline,src/drivers/camera_trigger,0.0,
calibrated_fresh,ekf2_innovation_bias__2019-03-06__08_02_26__baseline,src/drivers/distance_sensor,0.0,
calibrated_fresh,ekf2_innovation_bias__2019-03-06__08_02_26__baseline,src/drivers/linux_pwm_out,0.0,
calibrated_fresh,ekf2_innovation_bias__2019-03-06__08_02_26__baseline,src/drivers/mkblctrl,0.0,
calibrated_fresh,ekf2_innovation_bias__2019-03-06__08_02_26__baseline,src/drivers/pwm_out_sim,0.0,
calibrated_fresh,ekf2_innovation_bias__2019-03-06__08_02_26__baseline,src/drivers/px4flow,0.0,
calibrated_fresh,ekf2_innovation_bias__2019-03-06__08_02_26__baseline,src/drivers/px4fmu,0.0,
calibrated_fresh,ekf2_innovation_bias__2019-03-06__08_02_26__baseline,src/drivers/px4io,0.0,
calibrated_fresh,ekf2_innovation_bias__2019-03-06__08_02_26__baseline,src/drivers/snapdragon_pwm_out,0.0,
calibrated_fresh,ekf2_innovation_bias__2019-03-06__08_02_26__baseline,src/drivers/tap_esc,0.0,
calibrated_fresh,ekf2_innovation_bias__2019-03-06__08_02_26__baseline,src/drivers/telemetry,0.0,
calibrated_fresh,ekf2_innovation_bias__2019-03-06__08_02_26__baseline,src/drivers/vmount,0.0,
calibrated_fresh,ekf2_innovation_bias__2019-03-06__08_02_26__baseline,src/examples/fixedwing_control,0.0,
calibrated_fresh,ekf2_innovation_bias__2019-03-06__08_02_26__baseline,src/examples/hwtest,0.0,
calibrated_fresh,ekf2_innovation_bias__2019-03-06__08_02_26__baseline,src/examples/px4_simple_app,0.0,
calibrated_fresh,ekf2_innovation_bias__2019-03-06__08_02_26__baseline,src/examples/rover_steering_control,0.0,
calibrated_fresh,ekf2_innovation_bias__2019-03-06__08_02_26__baseline,src/examples/uuv_example_app,0.0,
calibrated_fresh,ekf2_innovation_bias__2019-03-06__08_02_26__baseline,src/modules/attitude_estimator_q,0.0,
calibrated_fresh,ekf2_innovation_bias__2019-03-06__08_02_26__baseline,src/modules/camera_feedback,0.0,
calibrated_fresh,ekf2_innovation_bias__2019-03-06__08_02_26__baseline,src/modules/commander,0.0,
calibrated_fresh,ekf2_innovation_bias__2019-03-06__08_02_26__baseline,src/modules/ekf2,0.0,
calibrated_fresh,ekf2_innovation_bias__2019-03-06__08_02_26__baseline,src/modules/events,0.0,
calibrated_fresh,ekf2_innovation_bias__2019-03-06__08_02_26__baseline,src/modules/fw_att_control,0.0,
calibrated_fresh,ekf2_innovation_bias__2019-03-06__08_02_26__baseline,src/modules/fw_pos_control_l1,0.0,
calibrated_fresh,ekf2_innovation_bias__2019-03-06__08_02_26__baseline,src/modules/gnd_att_control,0.0,
calibrated_fresh,ekf2_innovation_bias__2019-03-06__08_02_26__baseline,src/modules/gnd_pos_control,0.0,
calibrated_fresh,ekf2_innovation_bias__2019-03-06__08_02_26__baseline,src/modules/gpio_led,0.0,
calibrated_fresh,ekf2_innovation_bias__2019-03-06__08_02_26__baseline,src/modules/land_detector,0.0,
calibrated_fresh,ekf2_innovation_bias__2019-03-06__08_02_26__baseline,src/modules/landing_target_estimator,0.0,
calibrated_fresh,ekf2_innovation_bias__2019-03-06__08_02_26__baseline,src/modules/load_mon,0.0,
calibrated_fresh,ekf2_innovation_bias__2019-03-06__08_02_26__baseline,src/modules/logger,0.0,
calibrated_fresh,ekf2_innovation_bias__2019-03-06__08_02_26__baseline,src/modules/mavlink,0.0,
calibrated_fresh,ekf2_innovation_bias__2019-03-06__08_02_26__baseline,src/modules/mc_att_control,0.0,
calibrated_fresh,ekf2_innovation_bias__2019-03-06__08_02_26__baseline,src/modules/mc_pos_control,0.0,
calibrated_fresh,ekf2_innovation_bias__2019-03-06__08_02_26__baseline,src/modules/navigator,0.0,
calibrated_fresh,ekf2_innovation_bias__2019-03-06__08_02_26__baseline,src/modules/position_estimator_inav,0.0,
calibrated_fresh,ekf2_innovation_bias__2019-03-06__08_02_26__baseline,src/modules/replay,0.0,
calibrated_fresh,ekf2_innovation_bias__2019-03-06__08_02_26__baseline,src/modules/sdlog2,0.0,
calibrated_fresh,ekf2_innovation_bias__2019-03-06__08_02_26__baseline,src/modules/sensors,0.0,
calibrated_fresh,ekf2_innovation_bias__2019-03-06__08_02_26__baseline,src/modules/simulator,0.0,
calibrated_fresh,ekf2_innovation_bias__2019-03-06__08_02_26__baseline,src/modules/syslink,0.0,
calibrated_fresh,ekf2_innovation_bias__2019-03-06__08_02_26__baseline,src/modules/uavcan,0.0,
calibrated_fresh,ekf2_innovation_bias__2019-03-06__08_02_26__baseline,src/modules/vtol_att_control,0.0,
calibrated_fresh,ekf2_innovation_bias__2019-03-06__08_02_26__baseline,src/modules/wind_estimator,0.0,
calibrated_fresh,ekf2_innovation_bias__2019-03-06__08_02_26__baseline,src/platforms/posix/drivers/df_bebop_bus_wrapper,0.0,
calibrated_fresh,ekf2_innovation_bias__2019-03-06__08_02_26__baseline,src/platforms/posix/drivers/df_bebop_rangefinder_wrapper,0.0,
calibrated_fresh,ekf2_innovation_bias__2019-03-06__08_02_26__baseline,src/platforms/posix/drivers/df_isl29501_wrapper,0.0,
calibrated_fresh,ekf2_innovation_bias__2019-03-06__08_02_26__baseline,src/platforms/posix/drivers/df_ltc2946_wrapper,0.0,
calibrated_fresh,ekf2_innovation_bias__2019-03-06__08_02_26__baseline,src/platforms/posix/drivers/df_trone_wrapper,0.0,
calibrated_fresh,ekf2_innovation_bias__2019-03-06__08_02_26__baseline,src/platforms/qurt/fc_addon/uart_esc,0.0,
calibrated_fresh,ekf2_innovation_bias__2019-03-06__08_02_26__baseline,src/platforms/qurt/tests/muorb,0.0,
calibrated_fresh,ekf2_innovation_bias__2019-03-06__08_02_26__baseline,src/templates/module,0.0,
calibrated_fresh,ekf2_innovation_bias__2019-03-06__08_02_26__fault,src/drivers/batt_smbus,0.0,
calibrated_fresh,ekf2_innovation_bias__2019-03-06__08_02_26__fault,src/drivers/blinkm,0.0,
calibrated_fresh,ekf2_innovation_bias__2019-03-06__08_02_26__fault,src/drivers/camera_trigger,0.0,
calibrated_fresh,ekf2_innovation_bias__2019-03-06__08_02_26__fault,src/drivers/distance_sensor,0.0,
calibrated_fresh,ekf2_innovation_bias__2019-03-06__08_02_26__fault,src/drivers/linux_pwm_out,0.0,
calibrated_fresh,ekf2_innovation_bias__2019-03-06__08_02_26__fault,src/drivers/mkblctrl,0.0,
calibrated_fresh,ekf2_innovation_bias__2019-03-06__08_02_26__fault,src/drivers/pwm_out_sim,0.0,
calibrated_fresh,ekf2_innovation_bias__2019-03-06__08_02_26__fault,src/drivers/px4flow,0.0,
calibrated_fresh,ekf2_innovation_bias__2019-03-06__08_02_26__fault,src/drivers/px4fmu,0.0,
calibrated_fresh,ekf2_innovation_bias__2019-03-06__08_02_26__fault,src/drivers/px4io,0.0,
calibrated_fresh,ekf2_innovation_bias__2019-03-06__08_02_26__fault,src/drivers/snapdragon_pwm_out,0.0,
calibrated_fresh,ekf2_innovation_bias__2019-03-06__08_02_26__fault,src/drivers/tap_esc,0.0,
calibrated_fresh,ekf2_innovation_bias__2019-03-06__08_02_26__fault,src/drivers/telemetry,0.0,
calibrated_fresh,ekf2_innovation_bias__2019-03-06__08_02_26__fault,src/drivers/vmount,0.0,
calibrated_fresh,ekf2_innovation_bias__2019-03-06__08_02_26__fault,src/examples/fixedwing_control,0.0,
calibrated_fresh,ekf2_innovation_bias__2019-03-06__08_02_26__fault,src/examples/hwtest,0.0,
calibrated_fresh,ekf2_innovation_bias__2019-03-06__08_02_26__fault,src/examples/px4_simple_app,0.0,
calibrated_fresh,ekf2_innovation_bias__2019-03-06__08_02_26__fault,src/examples/rover_steering_control,0.0,
calibrated_fresh,ekf2_innovation_bias__2019-03-06__08_02_26__fault,src/examples/uuv_example_app,0.0,
calibrated_fresh,ekf2_innovation_bias__2019-03-06__08_02_26__fault,src/modules/attitude_estimator_q,0.0,
calibrated_fresh,ekf2_innovation_bias__2019-03-06__08_02_26__fault,src/modules/camera_feedback,0.0,
calibrated_fresh,ekf2_innovation_bias__2019-03-06__08_02_26__fault,src/modules/commander,0.0,
calibrated_fresh,ekf2_innovation_bias__2019-03-06__08_02_26__fault,src/modules/ekf2,0.0,
calibrated_fresh,ekf2_innovation_bias__2019-03-06__08_02_26__fault,src/modules/events,0.0,
calibrated_fresh,ekf2_innovation_bias__2019-03-06__08_02_26__fault,src/modules/fw_att_control,0.0,
calibrated_fresh,ekf2_innovation_bias__2019-03-06__08_02_26__fault,src/modules/fw_pos_control_l1,0.0,
calibrated_fresh,ekf2_innovation_bias__2019-03-06__08_02_26__fault,src/modules/gnd_att_control,0.0,
calibrated_fresh,ekf2_innovation_bias__2019-03-06__08_02_26__fault,src/modules/gnd_pos_control,0.0,
calibrated_fresh,ekf2_innovation_bias__2019-03-06__08_02_26__fault,src/modules/gpio_led,0.0,
calibrated_fresh,ekf2_innovation_bias__2019-03-06__08_02_26__fault,src/modules/land_detector,0.0,
calibrated_fresh,ekf2_innovation_bias__2019-03-06__08_02_26__fault,src/modules/landing_target_estimator,0.0,
calibrated_fresh,ekf2_innovation_bias__2019-03-06__08_02_26__fault,src/modules/load_mon,0.0,
calibrated_fresh,ekf2_innovation_bias__2019-03-06__08_02_26__fault,src/modules/logger,0.0,
calibrated_fresh,ekf2_innovation_bias__2019-03-06__08_02_26__fault,src/modules/mavlink,0.0,
calibrated_fresh,ekf2_innovation_bias__2019-03-06__08_02_26__fault,src/modules/mc_att_control,0.0,
calibrated_fresh,ekf2_innovation_bias__2019-03-06__08_02_26__fault,src/modules/mc_pos_control,0.0,
calibrated_fresh,ekf2_innovation_bias__2019-03-06__08_02_26__fault,src/modules/navigator,0.0,
calibrated_fresh,ekf2_innovation_bias__2019-03-06__08_02_26__fault,src/modules/position_estimator_inav,0.0,
calibrated_fresh,ekf2_innovation_bias__2019-03-06__08_02_26__fault,src/modules/replay,0.0,
calibrated_fresh,ekf2_innovation_bias__2019-03-06__08_02_26__fault,src/modules/sdlog2,0.0,
calibrated_fresh,ekf2_innovation_bias__2019-03-06__08_02_26__fault,src/modules/sensors,0.0,
calibrated_fresh,ekf2_innovation_bias__2019-03-06__08_02_26__fault,src/modules/simulator,0.0,
calibrated_fresh,ekf2_innovation_bias__2019-03-06__08_02_26__fault,src/modules/syslink,0.0,
calibrated_fresh,ekf2_innovation_bias__2019-03-06__08_02_26__fault,src/modules/uavcan,0.0,
calibrated_fresh,ekf2_innovation_bias__2019-03-06__08_02_26__fault,src/modules/vtol_att_control,0.0,
calibrated_fresh,ekf2_innovation_bias__2019-03-06__08_02_26__fault,src/modules/wind_estimator,0.0,
calibrated_fresh,ekf2_innovation_bias__2019-03-06__08_02_26__fault,src/platforms/posix/drivers/df_bebop_bus_wrapper,0.0,
calibrated_fresh,ekf2_innovation_bias__2019-03-06__08_02_26__fault,src/platforms/posix/drivers/df_bebop_rangefinder_wrapper,0.0,
calibrated_fresh,ekf2_innovation_bias__2019-03-06__08_02_26__fault,src/platforms/posix/drivers/df_isl29501_wrapper,0.0,
calibrated_fresh,ekf2_innovation_bias__2019-03-06__08_02_26__fault,src/platforms/posix/drivers/df_ltc2946_wrapper,0.0,
calibrated_fresh,ekf2_innovation_bias__2019-03-06__08_02_26__fault,src/platforms/posix/drivers/df_trone_wrapper,0.0,
calibrated_fresh,ekf2_innovation_bias__2019-03-06__08_02_26__fault,src/platforms/qurt/fc_addon/uart_esc,0.0,
calibrated_fresh,ekf2_innovation_bias__2019-03-06__08_02_26__fault,src/platforms/qurt/tests/muorb,0.0,
calibrated_fresh,ekf2_innovation_bias__2019-03-06__08_02_26__fault,src/templates/module,0.0,
calibrated_fresh,inav_local_z_freeze__2019-01-18__08_39_38__baseline,src/drivers/batt_smbus,0.0,
calibrated_fresh,inav_local_z_freeze__2019-01-18__08_39_38__baseline,src/drivers/blinkm,0.0,
calibrated_fresh,inav_local_z_freeze__2019-01-18__08_39_38__baseline,src/drivers/camera_trigger,0.0,
calibrated_fresh,inav_local_z_freeze__2019-01-18__08_39_38__baseline,src/drivers/distance_sensor,0.0,
calibrated_fresh,inav_local_z_freeze__2019-01-18__08_39_38__baseline,src/drivers/linux_pwm_out,0.0,
calibrated_fresh,inav_local_z_freeze__2019-01-18__08_39_38__baseline,src/drivers/mkblctrl,0.0,
calibrated_fresh,inav_local_z_freeze__2019-01-18__08_39_38__baseline,src/drivers/pwm_out_sim,0.0,
calibrated_fresh,inav_local_z_freeze__2019-01-18__08_39_38__baseline,src/drivers/px4flow,0.0,
calibrated_fresh,inav_local_z_freeze__2019-01-18__08_39_38__baseline,src/drivers/px4fmu,0.0,
calibrated_fresh,inav_local_z_freeze__2019-01-18__08_39_38__baseline,src/drivers/px4io,0.0,
calibrated_fresh,inav_local_z_freeze__2019-01-18__08_39_38__baseline,src/drivers/snapdragon_pwm_out,0.0,
calibrated_fresh,inav_local_z_freeze__2019-01-18__08_39_38__baseline,src/drivers/tap_esc,0.0,
calibrated_fresh,inav_local_z_freeze__2019-01-18__08_39_38__baseline,src/drivers/telemetry,0.0,
calibrated_fresh,inav_local_z_freeze__2019-01-18__08_39_38__baseline,src/drivers/vmount,0.0,
calibrated_fresh,inav_local_z_freeze__2019-01-18__08_39_38__baseline,src/examples/fixedwing_control,0.0,
calibrated_fresh,inav_local_z_freeze__2019-01-18__08_39_38__baseline,src/examples/hwtest,0.0,
calibrated_fresh,inav_local_z_freeze__2019-01-18__08_39_38__baseline,src/examples/px4_simple_app,0.0,
calibrated_fresh,inav_local_z_freeze__2019-01-18__08_39_38__baseline,src/examples/rover_steering_control,0.0,
calibrated_fresh,inav_local_z_freeze__2019-01-18__08_39_38__baseline,src/examples/uuv_example_app,0.0,
calibrated_fresh,inav_local_z_freeze__2019-01-18__08_39_38__baseline,src/modules/attitude_estimator_q,0.0,
calibrated_fresh,inav_local_z_freeze__2019-01-18__08_39_38__baseline,src/modules/camera_feedback,0.0,
calibrated_fresh,inav_local_z_freeze__2019-01-18__08_39_38__baseline,src/modules/commander,0.0,
calibrated_fresh,inav_local_z_freeze__2019-01-18__08_39_38__baseline,src/modules/ekf2,0.0,
calibrated_fresh,inav_local_z_freeze__2019-01-18__08_39_38__baseline,src/modules/events,0.0,
calibrated_fresh,inav_local_z_freeze__2019-01-18__08_39_38__baseline,src/modules/fw_att_control,0.0,
calibrated_fresh,inav_local_z_freeze__2019-01-18__08_39_38__baseline,src/modules/fw_pos_control_l1,0.0,
calibrated_fresh,inav_local_z_freeze__2019-01-18__08_39_38__baseline,src/modules/gnd_att_control,0.0,
calibrated_fresh,inav_local_z_freeze__2019-01-18__08_39_38__baseline,src/modules/gnd_pos_control,0.0,
calibrated_fresh,inav_local_z_freeze__2019-01-18__08_39_38__baseline,src/modules/gpio_led,0.0,
calibrated_fresh,inav_local_z_freeze__2019-01-18__08_39_38__baseline,src/modules/land_detector,0.0,
calibrated_fresh,inav_local_z_freeze__2019-01-18__08_39_38__baseline,src/modules/landing_target_estimator,0.0,
calibrated_fresh,inav_local_z_freeze__2019-01-18__08_39_38__baseline,src/modules/load_mon,0.0,
calibrated_fresh,inav_local_z_freeze__2019-01-18__08_39_38__baseline,src/modules/logger,0.0,
calibrated_fresh,inav_local_z_freeze__2019-01-18__08_39_38__baseline,src/modules/mavlink,0.0,
calibrated_fresh,inav_local_z_freeze__2019-01-18__08_39_38__baseline,src/modules/mc_att_control,0.0,
calibrated_fresh,inav_local_z_freeze__2019-01-18__08_39_38__baseline,src/modules/mc_pos_control,0.0,
calibrated_fresh,inav_local_z_freeze__2019-01-18__08_39_38__baseline,src/modules/navigator,0.0,
calibrated_fresh,inav_local_z_freeze__2019-01-18__08_39_38__baseline,src/modules/position_estimator_inav,0.0,
calibrated_fresh,inav_local_z_freeze__2019-01-18__08_39_38__baseline,src/modules/replay,0.0,
calibrated_fresh,inav_local_z_freeze__2019-01-18__08_39_38__baseline,src/modules/sdlog2,0.0,
calibrated_fresh,inav_local_z_freeze__2019-01-18__08_39_38__baseline,src/modules/sensors,0.0,
calibrated_fresh,inav_local_z_freeze__2019-01-18__08_39_38__baseline,src/modules/simulator,0.0,
calibrated_fresh,inav_local_z_freeze__2019-01-18__08_39_38__baseline,src/modules/syslink,0.0,
calibrated_fresh,inav_local_z_freeze__2019-01-18__08_39_38__baseline,src/modules/uavcan,0.0,
calibrated_fresh,inav_local_z_freeze__2019-01-18__08_39_38__baseline,src/modules/vtol_att_control,0.0,
calibrated_fresh,inav_local_z_freeze__2019-01-18__08_39_38__baseline,src/modules/wind_estimator,0.0,
calibrated_fresh,inav_local_z_freeze__2019-01-18__08_39_38__baseline,src/platforms/posix/drivers/df_bebop_bus_wrapper,0.0,
calibrated_fresh,inav_local_z_freeze__2019-01-18__08_39_38__baseline,src/platforms/posix/drivers/df_bebop_rangefinder_wrapper,0.0,
calibrated_fresh,inav_local_z_freeze__2019-01-18__08_39_38__baseline,src/platforms/posix/drivers/df_isl29501_wrapper,0.0,
calibrated_fresh,inav_local_z_freeze__2019-01-18__08_39_38__baseline,src/platforms/posix/drivers/df_ltc2946_wrapper,0.0,
calibrated_fresh,inav_local_z_freeze__2019-01-18__08_39_38__baseline,src/platforms/posix/drivers/df_trone_wrapper,0.0,
calibrated_fresh,inav_local_z_freeze__2019-01-18__08_39_38__baseline,src/platforms/qurt/fc_addon/uart_esc,0.0,
calibrated_fresh,inav_local_z_freeze__2019-01-18__08_39_38__baseline,src/platforms/qurt/tests/muorb,0.0,
calibrated_fresh,inav_local_z_freeze__2019-01-18__08_39_38__baseline,src/templates/module,0.0,
calibrated_fresh,inav_local_z_freeze__2019-01-18__08_39_38__fault,src/drivers/batt_smbus,0.0,
calibrated_fresh,inav_local_z_freeze__2019-01-18__08_39_38__fault,src/drivers/blinkm,0.0,
calibrated_fresh,inav_local_z_freeze__2019-01-18__08_39_38__fault,src/drivers/camera_trigger,0.0,
calibrated_fresh,inav_local_z_freeze__2019-01-18__08_39_38__fault,src/drivers/distance_sensor,0.0,
calibrated_fresh,inav_local_z_freeze__2019-01-18__08_39_38__fault,src/drivers/linux_pwm_out,9.684932914224425e-07,28.0
calibrated_fresh,inav_local_z_freeze__2019-01-18__08_39_38__fault,src/drivers/mkblctrl,9.684932914224425e-07,28.0
calibrated_fresh,inav_local_z_freeze__2019-01-18__08_39_38__fault,src/drivers/pwm_out_sim,9.684932914224425e-07,28.0
calibrated_fresh,inav_local_z_freeze__2019-01-18__08_39_38__fault,src/drivers/px4flow,0.0,
calibrated_fresh,inav_local_z_freeze__2019-01-18__08_39_38__fault,src/drivers/px4fmu,9.684932914224425e-07,28.0
calibrated_fresh,inav_local_z_freeze__2019-01-18__08_39_38__fault,src/drivers/px4io,9.684932914224425e-07,28.0
calibrated_fresh,inav_local_z_freeze__2019-01-18__08_39_38__fault,src/drivers/snapdragon_pwm_out,9.684932914224425e-07,28.0
calibrated_fresh,inav_local_z_freeze__2019-01-18__08_39_38__fault,src/drivers/tap_esc,9.684932914224425e-07,28.0
calibrated_fresh,inav_local_z_freeze__2019-01-18__08_39_38__fault,src/drivers/telemetry,6.965894903532139e-05,14.0
calibrated_fresh,inav_local_z_freeze__2019-01-18__08_39_38__fault,src/drivers/vmount,0.0,
calibrated_fresh,inav_local_z_freeze__2019-01-18__08_39_38__fault,src/examples/fixedwing_control,7.995709554292629e-05,11.0
calibrated_fresh,inav_local_z_freeze__2019-01-18__08_39_38__fault,src/examples/hwtest,0.0016299251263213563,5.0
calibrated_fresh,inav_local_z_freeze__2019-01-18__08_39_38__fault,src/examples/px4_simple_app,0.0001350413867896902,8.0
calibrated_fresh,inav_local_z_freeze__2019-01-18__08_39_38__fault,src/examples/rover_steering_control,0.0,
calibrated_fresh,inav_local_z_freeze__2019-01-18__08_39_38__fault,src/examples/uuv_example_app,0.0016299251263213563,5.0
calibrated_fresh,inav_local_z_freeze__2019-01-18__08_39_38__fault,src/modules/attitude_estimator_q,0.0001350413867896902,8.0
calibrated_fresh,inav_local_z_freeze__2019-01-18__08_39_38__fault,src/modules/camera_feedback,0.0,
calibrated_fresh,inav_local_z_freeze__2019-01-18__08_39_38__fault,src/modules/commander,6.906026000439922e-06,19.0
calibrated_fresh,inav_local_z_freeze__2019-01-18__08_39_38__fault,src/modules/ekf2,0.0,
calibrated_fresh,inav_local_z_freeze__2019-01-18__08_39_38__fault,src/modules/events,0.0,
calibrated_fresh,inav_local_z_freeze__2019-01-18__08_39_38__fault,src/modules/fw_att_control,1.09081156311433e-05,18.0
calibrated_fresh,inav_local_z_freeze__2019-01-18__08_39_38__fault,src/modules/fw_pos_control_l1,0.0,
calibrated_fresh,inav_local_z_freeze__2019-01-18__08_39_38__fault,src/modules/gnd_att_control,0.0,
calibrated_fresh,inav_local_z_freeze__2019-01-18__08_39_38__fault,src/modules/gnd_pos_control,8.328996068329708e-05,10.0
calibrated_fresh,inav_local_z_freeze__2019-01-18__08_39_38__fault,src/modules/gpio_led,0.0,
calibrated_fresh,inav_local_z_freeze__2019-01-18__08_39_38__fault,src/modules/land_detector,0.0,
calibrated_fresh,inav_local_z_freeze__2019-01-18__08_39_38__fault,src/modules/landing_target_estimator,0.0,
calibrated_fresh,inav_local_z_freeze__2019-01-18__08_39_38__fault,src/modules/load_mon,0.0,
calibrated_fresh,inav_local_z_freeze__2019-01-18__08_39_38__fault,src/modules/logger,0.0,
calibrated_fresh,inav_local_z_freeze__2019-01-18__08_39_38__fault,src/modules/mavlink,0.0038200183644015785,1.0
calibrated_fresh,inav_local_z_freeze__2019-01-18__08_39_38__fault,src/modules/mc_att_control,1.09081156311433e-05,18.0
calibrated_fresh,inav_local_z_freeze__2019-01-18__08_39_38__fault,src/modules/mc_pos_control,0.0,
calibrated_fresh,inav_local_z_freeze__2019-01-18__08_39_38__fault,src/modules/navigator,8.328996068329708e-05,10.0
calibrated_fresh,inav_local_z_freeze__2019-01-18__08_39_38__fault,src/modules/position_estimator_inav,0.0016786882833967453,2.0
calibrated_fresh,inav_local_z_freeze__2019-01-18__08_39_38__fault,src/modules/replay,0.0,
calibrated_fresh,inav_local_z_freeze__2019-01-18__08_39_38__fault,src/modules/sdlog2,0.0,
calibrated_fresh,inav_local_z_freeze__2019-01-18__08_39_38__fault,src/modules/sensors,0.0015814583264284865,6.0
calibrated_fresh,inav_local_z_freeze__2019-01-18__08_39_38__fault,src/modules/simulator,4.150339926247693e-05,16.0
calibrated_fresh,inav_local_z_freeze__2019-01-18__08_39_38__fault,src/modules/syslink,6.965894903532139e-05,14.0
calibrated_fresh,inav_local_z_freeze__2019-01-18__08_39_38__fault,src/modules/uavcan,9.684932914224425e-07,28.0
calibrated_fresh,inav_local_z_freeze__2019-01-18__08_39_38__fault,src/modules/vtol_att_control,0.001672204392760729,3.0
calibrated_fresh,inav_local_z_freeze__2019-01-18__08_39_38__fault,src/modules/wind_estimator,0.0,
calibrated_fresh,inav_local_z_freeze__2019-01-18__08_39_38__fault,src/platforms/posix/drivers/df_bebop_bus_wrapper,5.908792611466346e-05,15.0
calibrated_fresh,inav_local_z_freeze__2019-01-18__08_39_38__fault,src/platforms/posix/drivers/df_bebop_rangefinder_wrapper,0.0,
calibrated_fresh,inav_local_z_freeze__2019-01-18__08_39_38__fault,src/platforms/posix/drivers/df_isl29501_wrapper,0.0,
calibrated_fresh,inav_local_z_freeze__2019-01-18__08_39_38__fault,src/platforms/posix/drivers/df_ltc2946_wrapper,6.965894903532139e-05,14.0
calibrated_fresh,inav_local_z_freeze__2019-01-18__08_39_38__fault,src/platforms/posix/drivers/df_trone_wrapper,0.0,
calibrated_fresh,inav_local_z_freeze__2019-01-18__08_39_38__fault,src/platforms/qurt/fc_addon/uart_esc,9.684932914224425e-07,28.0
calibrated_fresh,inav_local_z_freeze__2019-01-18__08_39_38__fault,src/platforms/qurt/tests/muorb,0.0,
calibrated_fresh,inav_local_z_freeze__2019-01-18__08_39_38__fault,src/templates/module,0.0,
calibrated_fresh,inav_local_z_freeze__2019-01-25__17_38_05__baseline,src/drivers/batt_smbus,0.0,
calibrated_fresh,inav_local_z_freeze__2019-01-25__17_38_05__baseline,src/drivers/blinkm,0.0,
calibrated_fresh,inav_local_z_freeze__2019-01-25__17_38_05__baseline,src/drivers/camera_trigger,0.0,
calibrated_fresh,inav_local_z_freeze__2019-01-25__17_38_05__baseline,src/drivers/distance_sensor,0.0,
calibrated_fresh,inav_local_z_freeze__2019-01-25__17_38_05__baseline,src/drivers/linux_pwm_out,0.0,
calibrated_fresh,inav_local_z_freeze__2019-01-25__17_38_05__baseline,src/drivers/mkblctrl,0.0,
calibrated_fresh,inav_local_z_freeze__2019-01-25__17_38_05__baseline,src/drivers/pwm_out_sim,0.0,
calibrated_fresh,inav_local_z_freeze__2019-01-25__17_38_05__baseline,src/drivers/px4flow,0.0,
calibrated_fresh,inav_local_z_freeze__2019-01-25__17_38_05__baseline,src/drivers/px4fmu,0.0,
calibrated_fresh,inav_local_z_freeze__2019-01-25__17_38_05__baseline,src/drivers/px4io,0.0,
calibrated_fresh,inav_local_z_freeze__2019-01-25__17_38_05__baseline,src/drivers/snapdragon_pwm_out,0.0,
calibrated_fresh,inav_local_z_freeze__2019-01-25__17_38_05__baseline,src/drivers/tap_esc,0.0,
calibrated_fresh,inav_local_z_freeze__2019-01-25__17_38_05__baseline,src/drivers/telemetry,0.0,
calibrated_fresh,inav_local_z_freeze__2019-01-25__17_38_05__baseline,src/drivers/vmount,0.0,
calibrated_fresh,inav_local_z_freeze__2019-01-25__17_38_05__baseline,src/examples/fixedwing_control,0.0,
calibrated_fresh,inav_local_z_freeze__2019-01-25__17_38_05__baseline,src/examples/hwtest,0.0,
calibrated_fresh,inav_local_z_freeze__2019-01-25__17_38_05__baseline,src/examples/px4_simple_app,0.0,
calibrated_fresh,inav_local_z_freeze__2019-01-25__17_38_05__baseline,src/examples/rover_steering_control,0.0,
calibrated_fresh,inav_local_z_freeze__2019-01-25__17_38_05__baseline,src/examples/uuv_example_app,0.0,
calibrated_fresh,inav_local_z_freeze__2019-01-25__17_38_05__baseline,src/modules/attitude_estimator_q,0.0,
calibrated_fresh,inav_local_z_freeze__2019-01-25__17_38_05__baseline,src/modules/camera_feedback,0.0,
calibrated_fresh,inav_local_z_freeze__2019-01-25__17_38_05__baseline,src/modules/commander,0.0,
calibrated_fresh,inav_local_z_freeze__2019-01-25__17_38_05__baseline,src/modules/ekf2,0.0,
calibrated_fresh,inav_local_z_freeze__2019-01-25__17_38_05__baseline,src/modules/events,0.0,
calibrated_fresh,inav_local_z_freeze__2019-01-25__17_38_05__baseline,src/modules/fw_att_control,0.0,
calibrated_fresh,inav_local_z_freeze__2019-01-25__17_38_05__baseline,src/modules/fw_pos_control_l1,0.0,
calibrated_fresh,inav_local_z_freeze__2019-01-25__17_38_05__baseline,src/modules/gnd_att_control,0.0,
calibrated_fresh,inav_local_z_freeze__2019-01-25__17_38_05__baseline,src/modules/gnd_pos_control,0.0,
calibrated_fresh,inav_local_z_freeze__2019-01-25__17_38_05__baseline,src/modules/gpio_led,0.0,
calibrated_fresh,inav_local_z_freeze__2019-01-25__17_38_05__baseline,src/modules/land_detector,0.0,
calibrated_fresh,inav_local_z_freeze__2019-01-25__17_38_05__baseline,src/modules/landing_target_estimator,0.0,
calibrated_fresh,inav_local_z_freeze__2019-01-25__17_38_05__baseline,src/modules/load_mon,0.0,
calibrated_fresh,inav_local_z_freeze__2019-01-25__17_38_05__baseline,src/modules/logger,0.0,
calibrated_fresh,inav_local_z_freeze__2019-01-25__17_38_05__baseline,src/modules/mavlink,0.0,
calibrated_fresh,inav_local_z_freeze__2019-01-25__17_38_05__baseline,src/modules/mc_att_control,0.0,
calibrated_fresh,inav_local_z_freeze__2019-01-25__17_38_05__baseline,src/modules/mc_pos_control,0.0,
calibrated_fresh,inav_local_z_freeze__2019-01-25__17_38_05__baseline,src/modules/navigator,0.0,
calibrated_fresh,inav_local_z_freeze__2019-01-25__17_38_05__baseline,src/modules/position_estimator_inav,0.0,
calibrated_fresh,inav_local_z_freeze__2019-01-25__17_38_05__baseline,src/modules/replay,0.0,
calibrated_fresh,inav_local_z_freeze__2019-01-25__17_38_05__baseline,src/modules/sdlog2,0.0,
calibrated_fresh,inav_local_z_freeze__2019-01-25__17_38_05__baseline,src/modules/sensors,0.0,
calibrated_fresh,inav_local_z_freeze__2019-01-25__17_38_05__baseline,src/modules/simulator,0.0,
calibrated_fresh,inav_local_z_freeze__2019-01-25__17_38_05__baseline,src/modules/syslink,0.0,
calibrated_fresh,inav_local_z_freeze__2019-01-25__17_38_05__baseline,src/modules/uavcan,0.0,
calibrated_fresh,inav_local_z_freeze__2019-01-25__17_38_05__baseline,src/modules/vtol_att_control,0.0,
calibrated_fresh,inav_local_z_freeze__2019-01-25__17_38_05__baseline,src/modules/wind_estimator,0.0,
calibrated_fresh,inav_local_z_freeze__2019-01-25__17_38_05__baseline,src/platforms/posix/drivers/df_bebop_bus_wrapper,0.0,
calibrated_fresh,inav_local_z_freeze__2019-01-25__17_38_05__baseline,src/platforms/posix/drivers/df_bebop_rangefinder_wrapper,0.0,
calibrated_fresh,inav_local_z_freeze__2019-01-25__17_38_05__baseline,src/platforms/posix/drivers/df_isl29501_wrapper,0.0,
calibrated_fresh,inav_local_z_freeze__2019-01-25__17_38_05__baseline,src/platforms/posix/drivers/df_ltc2946_wrapper,0.0,
calibrated_fresh,inav_local_z_freeze__2019-01-25__17_38_05__baseline,src/platforms/posix/drivers/df_trone_wrapper,0.0,
calibrated_fresh,inav_local_z_freeze__2019-01-25__17_38_05__baseline,src/platforms/qurt/fc_addon/uart_esc,0.0,
calibrated_fresh,inav_local_z_freeze__2019-01-25__17_38_05__baseline,src/platforms/qurt/tests/muorb,0.0,
calibrated_fresh,inav_local_z_freeze__2019-01-25__17_38_05__baseline,src/templates/module,0.0,
calibrated_fresh,inav_local_z_freeze__2019-01-25__17_38_05__fault,src/drivers/batt_smbus,0.0,
calibrated_fresh,inav_local_z_freeze__2019-01-25__17_38_05__fault,src/drivers/blinkm,0.0,
calibrated_fresh,inav_local_z_freeze__2019-01-25__17_38_05__fault,src/drivers/camera_trigger,0.0,
calibrated_fresh,inav_local_z_freeze__2019-01-25__17_38_05__fault,src/drivers/distance_sensor,0.0,
calibrated_fresh,inav_local_z_freeze__2019-01-25__17_38_05__fault,src/drivers/linux_pwm_out,0.0,
calibrated_fresh,inav_local_z_freeze__2019-01-25__17_38_05__fault,src/drivers/mkblctrl,0.0,
calibrated_fresh,inav_local_z_freeze__2019-01-25__17_38_05__fault,src/drivers/pwm_out_sim,0.0,
calibrated_fresh,inav_local_z_freeze__2019-01-25__17_38_05__fault,src/drivers/px4flow,0.0,
calibrated_fresh,inav_local_z_freeze__2019-01-25__17_38_05__fault,src/drivers/px4fmu,0.0,
calibrated_fresh,inav_local_z_freeze__2019-01-25__17_38_05__fault,src/drivers/px4io,0.0,
calibrated_fresh,inav_local_z_freeze__2019-01-25__17_38_05__fault,src/drivers/snapdragon_pwm_out,0.0,
calibrated_fresh,inav_local_z_freeze__2019-01-25__17_38_05__fault,src/drivers/tap_esc,0.0,
calibrated_fresh,inav_local_z_freeze__2019-01-25__17_38_05__fault,src/drivers/telemetry,0.0,
calibrated_fresh,inav_local_z_freeze__2019-01-25__17_38_05__fault,src/drivers/vmount,0.0,
calibrated_fresh,inav_local_z_freeze__2019-01-25__17_38_05__fault,src/examples/fixedwing_control,0.0,
calibrated_fresh,inav_local_z_freeze__2019-01-25__17_38_05__fault,src/examples/hwtest,0.0,
calibrated_fresh,inav_local_z_freeze__2019-01-25__17_38_05__fault,src/examples/px4_simple_app,0.0,
calibrated_fresh,inav_local_z_freeze__2019-01-25__17_38_05__fault,src/examples/rover_steering_control,0.0,
calibrated_fresh,inav_local_z_freeze__2019-01-25__17_38_05__fault,src/examples/uuv_example_app,0.0,
calibrated_fresh,inav_local_z_freeze__2019-01-25__17_38_05__fault,src/modules/attitude_estimator_q,0.0,
calibrated_fresh,inav_local_z_freeze__2019-01-25__17_38_05__fault,src/modules/camera_feedback,0.0,
calibrated_fresh,inav_local_z_freeze__2019-01-25__17_38_05__fault,src/modules/commander,0.0,
calibrated_fresh,inav_local_z_freeze__2019-01-25__17_38_05__fault,src/modules/ekf2,0.0,
calibrated_fresh,inav_local_z_freeze__2019-01-25__17_38_05__fault,src/modules/events,0.0,
calibrated_fresh,inav_local_z_freeze__2019-01-25__17_38_05__fault,src/modules/fw_att_control,0.0,
calibrated_fresh,inav_local_z_freeze__2019-01-25__17_38_05__fault,src/modules/fw_pos_control_l1,0.0,
calibrated_fresh,inav_local_z_freeze__2019-01-25__17_38_05__fault,src/modules/gnd_att_control,0.0,
calibrated_fresh,inav_local_z_freeze__2019-01-25__17_38_05__fault,src/modules/gnd_pos_control,0.0,
calibrated_fresh,inav_local_z_freeze__2019-01-25__17_38_05__fault,src/modules/gpio_led,0.0,
calibrated_fresh,inav_local_z_freeze__2019-01-25__17_38_05__fault,src/modules/land_detector,0.0,
calibrated_fresh,inav_local_z_freeze__2019-01-25__17_38_05__fault,src/modules/landing_target_estimator,0.0,
calibrated_fresh,inav_local_z_freeze__2019-01-25__17_38_05__fault,src/modules/load_mon,0.0,
calibrated_fresh,inav_local_z_freeze__2019-01-25__17_38_05__fault,src/modules/logger,0.0,
calibrated_fresh,inav_local_z_freeze__2019-01-25__17_38_05__fault,src/modules/mavlink,0.0,
calibrated_fresh,inav_local_z_freeze__2019-01-25__17_38_05__fault,src/modules/mc_att_control,0.0,
calibrated_fresh,inav_local_z_freeze__2019-01-25__17_38_05__fault,src/modules/mc_pos_control,0.0,
calibrated_fresh,inav_local_z_freeze__2019-01-25__17_38_05__fault,src/modules/navigator,0.0,
calibrated_fresh,inav_local_z_freeze__2019-01-25__17_38_05__fault,src/modules/position_estimator_inav,0.0,
calibrated_fresh,inav_local_z_freeze__2019-01-25__17_38_05__fault,src/modules/replay,0.0,
calibrated_fresh,inav_local_z_freeze__2019-01-25__17_38_05__fault,src/modules/sdlog2,0.0,
calibrated_fresh,inav_local_z_freeze__2019-01-25__17_38_05__fault,src/modules/sensors,0.0,
calibrated_fresh,inav_local_z_freeze__2019-01-25__17_38_05__fault,src/modules/simulator,0.0,
calibrated_fresh,inav_local_z_freeze__2019-01-25__17_38_05__fault,src/modules/syslink,0.0,
calibrated_fresh,inav_local_z_freeze__2019-01-25__17_38_05__fault,src/modules/uavcan,0.0,
calibrated_fresh,inav_local_z_freeze__2019-01-25__17_38_05__fault,src/modules/vtol_att_control,0.0,
calibrated_fresh,inav_local_z_freeze__2019-01-25__17_38_05__fault,src/modules/wind_estimator,0.0,
calibrated_fresh,inav_local_z_freeze__2019-01-25__17_38_05__fault,src/platforms/posix/drivers/df_bebop_bus_wrapper,0.0,
calibrated_fresh,inav_local_z_freeze__2019-01-25__17_38_05__fault,src/platforms/posix/drivers/df_bebop_rangefinder_wrapper,0.0,
calibrated_fresh,inav_local_z_freeze__2019-01-25__17_38_05__fault,src/platforms/posix/drivers/df_isl29501_wrapper,0.0,
calibrated_fresh,inav_local_z_freeze__2019-01-25__17_38_05__fault,src/platforms/posix/drivers/df_ltc2946_wrapper,0.0,
calibrated_fresh,inav_local_z_freeze__2019-01-25__17_38_05__fault,src/platforms/posix/drivers/df_trone_wrapper,0.0,
calibrated_fresh,inav_local_z_freeze__2019-01-25__17_38_05__fault,src/platforms/qurt/fc_addon/uart_esc,0.0,
calibrated_fresh,inav_local_z_freeze__2019-01-25__17_38_05__fault,src/platforms/qurt/tests/muorb,0.0,
calibrated_fresh,inav_local_z_freeze__2019-01-25__17_38_05__fault,src/templates/module,0.0,
calibrated_fresh,inav_local_z_freeze__2019-03-06__08_02_26__baseline,src/drivers/batt_smbus,0.0,
calibrated_fresh,inav_local_z_freeze__2019-03-06__08_02_26__baseline,src/drivers/blinkm,0.0,
calibrated_fresh,inav_local_z_freeze__2019-03-06__08_02_26__baseline,src/drivers/camera_trigger,0.0,
calibrated_fresh,inav_local_z_freeze__2019-03-06__08_02_26__baseline,src/drivers/distance_sensor,0.0,
calibrated_fresh,inav_local_z_freeze__2019-03-06__08_02_26__baseline,src/drivers/linux_pwm_out,0.0,
calibrated_fresh,inav_local_z_freeze__2019-03-06__08_02_26__baseline,src/drivers/mkblctrl,0.0,
calibrated_fresh,inav_local_z_freeze__2019-03-06__08_02_26__baseline,src/drivers/pwm_out_sim,0.0,
calibrated_fresh,inav_local_z_freeze__2019-03-06__08_02_26__baseline,src/drivers/px4flow,0.0,
calibrated_fresh,inav_local_z_freeze__2019-03-06__08_02_26__baseline,src/drivers/px4fmu,0.0,
calibrated_fresh,inav_local_z_freeze__2019-03-06__08_02_26__baseline,src/drivers/px4io,0.0,
calibrated_fresh,inav_local_z_freeze__2019-03-06__08_02_26__baseline,src/drivers/snapdragon_pwm_out,0.0,
calibrated_fresh,inav_local_z_freeze__2019-03-06__08_02_26__baseline,src/drivers/tap_esc,0.0,
calibrated_fresh,inav_local_z_freeze__2019-03-06__08_02_26__baseline,src/drivers/telemetry,0.0,
calibrated_fresh,inav_local_z_freeze__2019-03-06__08_02_26__baseline,src/drivers/vmount,0.0,
calibrated_fresh,inav_local_z_freeze__2019-03-06__08_02_26__baseline,src/examples/fixedwing_control,0.0,
calibrated_fresh,inav_local_z_freeze__2019-03-06__08_02_26__baseline,src/examples/hwtest,0.0,
calibrated_fresh,inav_local_z_freeze__2019-03-06__08_02_26__baseline,src/examples/px4_simple_app,0.0,
calibrated_fresh,inav_local_z_freeze__2019-03-06__08_02_26__baseline,src/examples/rover_steering_control,0.0,
calibrated_fresh,inav_local_z_freeze__2019-03-06__08_02_26__baseline,src/examples/uuv_example_app,0.0,
calibrated_fresh,inav_local_z_freeze__2019-03-06__08_02_26__baseline,src/modules/attitude_estimator_q,0.0,
calibrated_fresh,inav_local_z_freeze__2019-03-06__08_02_26__baseline,src/modules/camera_feedback,0.0,
calibrated_fresh,inav_local_z_freeze__2019-03-06__08_02_26__baseline,src/modules/commander,0.0,
calibrated_fresh,inav_local_z_freeze__2019-03-06__08_02_26__baseline,src/modules/ekf2,0.0,
calibrated_fresh,inav_local_z_freeze__2019-03-06__08_02_26__baseline,src/modules/events,0.0,
calibrated_fresh,inav_local_z_freeze__2019-03-06__08_02_26__baseline,src/modules/fw_att_control,0.0,
calibrated_fresh,inav_local_z_freeze__2019-03-06__08_02_26__baseline,src/modules/fw_pos_control_l1,0.0,
calibrated_fresh,inav_local_z_freeze__2019-03-06__08_02_26__baseline,src/modules/gnd_att_control,0.0,
calibrated_fresh,inav_local_z_freeze__2019-03-06__08_02_26__baseline,src/modules/gnd_pos_control,0.0,
calibrated_fresh,inav_local_z_freeze__2019-03-06__08_02_26__baseline,src/modules/gpio_led,0.0,
calibrated_fresh,inav_local_z_freeze__2019-03-06__08_02_26__baseline,src/modules/land_detector,0.0,
calibrated_fresh,inav_local_z_freeze__2019-03-06__08_02_26__baseline,src/modules/landing_target_estimator,0.0,
calibrated_fresh,inav_local_z_freeze__2019-03-06__08_02_26__baseline,src/modules/load_mon,0.0,
calibrated_fresh,inav_local_z_freeze__2019-03-06__08_02_26__baseline,src/modules/logger,0.0,
calibrated_fresh,inav_local_z_freeze__2019-03-06__08_02_26__baseline,src/modules/mavlink,0.0,
calibrated_fresh,inav_local_z_freeze__2019-03-06__08_02_26__baseline,src/modules/mc_att_control,0.0,
calibrated_fresh,inav_local_z_freeze__2019-03-06__08_02_26__baseline,src/modules/mc_pos_control,0.0,
calibrated_fresh,inav_local_z_freeze__2019-03-06__08_02_26__baseline,src/modules/navigator,0.0,
calibrated_fresh,inav_local_z_freeze__2019-03-06__08_02_26__baseline,src/modules/position_estimator_inav,0.0,
calibrated_fresh,inav_local_z_freeze__2019-03-06__08_02_26__baseline,src/modules/replay,0.0,
calibrated_fresh,inav_local_z_freeze__2019-03-06__08_02_26__baseline,src/modules/sdlog2,0.0,
calibrated_fresh,inav_local_z_freeze__2019-03-06__08_02_26__baseline,src/modules/sensors,0.0,
calibrated_fresh,inav_local_z_freeze__2019-03-06__08_02_26__baseline,src/modules/simulator,0.0,
calibrated_fresh,inav_local_z_freeze__2019-03-06__08_02_26__baseline,src/modules/syslink,0.0,
calibrated_fresh,inav_local_z_freeze__2019-03-06__08_02_26__baseline,src/modules/uavcan,0.0,
calibrated_fresh,inav_local_z_freeze__2019-03-06__08_02_26__baseline,src/modules/vtol_att_control,0.0,
calibrated_fresh,inav_local_z_freeze__2019-03-06__08_02_26__baseline,src/modules/wind_estimator,0.0,
calibrated_fresh,inav_local_z_freeze__2019-03-06__08_02_26__baseline,src/platforms/posix/drivers/df_bebop_bus_wrapper,0.0,
calibrated_fresh,inav_local_z_freeze__2019-03-06__08_02_26__baseline,src/platforms/posix/drivers/df_bebop_rangefinder_wrapper,0.0,
calibrated_fresh,inav_local_z_freeze__2019-03-06__08_02_26__baseline,src/platforms/posix/drivers/df_isl29501_wrapper,0.0,
calibrated_fresh,inav_local_z_freeze__2019-03-06__08_02_26__baseline,src/platforms/posix/drivers/df_ltc2946_wrapper,0.0,
calibrated_fresh,inav_local_z_freeze__2019-03-06__08_02_26__baseline,src/platforms/posix/drivers/df_trone_wrapper,0.0,
calibrated_fresh,inav_local_z_freeze__2019-03-06__08_02_26__baseline,src/platforms/qurt/fc_addon/uart_esc,0.0,
calibrated_fresh,inav_local_z_freeze__2019-03-06__08_02_26__baseline,src/platforms/qurt/tests/muorb,0.0,
calibrated_fresh,inav_local_z_freeze__2019-03-06__08_02_26__baseline,src/templates/module,0.0,
calibrated_fresh,inav_local_z_freeze__2019-03-06__08_02_26__fault,src/drivers/batt_smbus,0.0,
calibrated_fresh,inav_local_z_freeze__2019-03-06__08_02_26__fault,src/drivers/blinkm,0.0,
calibrated_fresh,inav_local_z_freeze__2019-03-06__08_02_26__fault,src/drivers/camera_trigger,0.0,
calibrated_fresh,inav_local_z_freeze__2019-03-06__08_02_26__fault,src/drivers/distance_sensor,0.0,
calibrated_fresh,inav_local_z_freeze__2019-03-06__08_02_26__fault,src/drivers/linux_pwm_out,0.0,
calibrated_fresh,inav_local_z_freeze__2019-03-06__08_02_26__fault,src/drivers/mkblctrl,0.0,
calibrated_fresh,inav_local_z_freeze__2019-03-06__08_02_26__fault,src/drivers/pwm_out_sim,0.0,
calibrated_fresh,inav_local_z_freeze__2019-03-06__08_02_26__fault,src/drivers/px4flow,0.0,
calibrated_fresh,inav_local_z_freeze__2019-03-06__08_02_26__fault,src/drivers/px4fmu,0.0,
calibrated_fresh,inav_local_z_freeze__2019-03-06__08_02_26__fault,src/drivers/px4io,0.0,
calibrated_fresh,inav_local_z_freeze__2019-03-06__08_02_26__fault,src/drivers/snapdragon_pwm_out,0.0,
calibrated_fresh,inav_local_z_freeze__2019-03-06__08_02_26__fault,src/drivers/tap_esc,0.0,
calibrated_fresh,inav_local_z_freeze__2019-03-06__08_02_26__fault,src/drivers/telemetry,0.0,
calibrated_fresh,inav_local_z_freeze__2019-03-06__08_02_26__fault,src/drivers/vmount,0.0,
calibrated_fresh,inav_local_z_freeze__2019-03-06__08_02_26__fault,src/examples/fixedwing_control,0.0,
calibrated_fresh,inav_local_z_freeze__2019-03-06__08_02_26__fault,src/examples/hwtest,0.0,
calibrated_fresh,inav_local_z_freeze__2019-03-06__08_02_26__fault,src/examples/px4_simple_app,0.0,
calibrated_fresh,inav_local_z_freeze__2019-03-06__08_02_26__fault,src/examples/rover_steering_control,0.0,
calibrated_fresh,inav_local_z_freeze__2019-03-06__08_02_26__fault,src/examples/uuv_example_app,0.0,
calibrated_fresh,inav_local_z_freeze__2019-03-06__08_02_26__fault,src/modules/attitude_estimator_q,0.0,
calibrated_fresh,inav_local_z_freeze__2019-03-06__08_02_26__fault,src/modules/camera_feedback,0.0,
calibrated_fresh,inav_local_z_freeze__2019-03-06__08_02_26__fault,src/modules/commander,0.0,
calibrated_fresh,inav_local_z_freeze__2019-03-06__08_02_26__fault,src/modules/ekf2,0.0,
calibrated_fresh,inav_local_z_freeze__2019-03-06__08_02_26__fault,src/modules/events,0.0,
calibrated_fresh,inav_local_z_freeze__2019-03-06__08_02_26__fault,src/modules/fw_att_control,0.0,
calibrated_fresh,inav_local_z_freeze__2019-03-06__08_02_26__fault,src/modules/fw_pos_control_l1,0.0,
calibrated_fresh,inav_local_z_freeze__2019-03-06__08_02_26__fault,src/modules/gnd_att_control,0.0,
calibrated_fresh,inav_local_z_freeze__2019-03-06__08_02_26__fault,src/modules/gnd_pos_control,0.0,
calibrated_fresh,inav_local_z_freeze__2019-03-06__08_02_26__fault,src/modules/gpio_led,0.0,
calibrated_fresh,inav_local_z_freeze__2019-03-06__08_02_26__fault,src/modules/land_detector,0.0,
calibrated_fresh,inav_local_z_freeze__2019-03-06__08_02_26__fault,src/modules/landing_target_estimator,0.0,
calibrated_fresh,inav_local_z_freeze__2019-03-06__08_02_26__fault,src/modules/load_mon,0.0,
calibrated_fresh,inav_local_z_freeze__2019-03-06__08_02_26__fault,src/modules/logger,0.0,
calibrated_fresh,inav_local_z_freeze__2019-03-06__08_02_26__fault,src/modules/mavlink,0.0,
calibrated_fresh,inav_local_z_freeze__2019-03-06__08_02_26__fault,src/modules/mc_att_control,0.0,
calibrated_fresh,inav_local_z_freeze__2019-03-06__08_02_26__fault,src/modules/mc_pos_control,0.0,
calibrated_fresh,inav_local_z_freeze__2019-03-06__08_02_26__fault,src/modules/navigator,0.0,
calibrated_fresh,inav_local_z_freeze__2019-03-06__08_02_26__fault,src/modules/position_estimator_inav,0.0,
calibrated_fresh,inav_local_z_freeze__2019-03-06__08_02_26__fault,src/modules/replay,0.0,
calibrated_fresh,inav_local_z_freeze__2019-03-06__08_02_26__fault,src/modules/sdlog2,0.0,
calibrated_fresh,inav_local_z_freeze__2019-03-06__08_02_26__fault,src/modules/sensors,0.0,
calibrated_fresh,inav_local_z_freeze__2019-03-06__08_02_26__fault,src/modules/simulator,0.0,
calibrated_fresh,inav_local_z_freeze__2019-03-06__08_02_26__fault,src/modules/syslink,0.0,
calibrated_fresh,inav_local_z_freeze__2019-03-06__08_02_26__fault,src/modules/uavcan,0.0,
calibrated_fresh,inav_local_z_freeze__2019-03-06__08_02_26__fault,src/modules/vtol_att_control,0.0,
calibrated_fresh,inav_local_z_freeze__2019-03-06__08_02_26__fault,src/modules/wind_estimator,0.0,
calibrated_fresh,inav_local_z_freeze__2019-03-06__08_02_26__fault,src/platforms/posix/drivers/df_bebop_bus_wrapper,0.0,
calibrated_fresh,inav_local_z_freeze__2019-03-06__08_02_26__fault,src/platforms/posix/drivers/df_bebop_rangefinder_wrapper,0.0,
calibrated_fresh,inav_local_z_freeze__2019-03-06__08_02_26__fault,src/platforms/posix/drivers/df_isl29501_wrapper,0.0,
calibrated_fresh,inav_local_z_freeze__2019-03-06__08_02_26__fault,src/platforms/posix/drivers/df_ltc2946_wrapper,0.0,
calibrated_fresh,inav_local_z_freeze__2019-03-06__08_02_26__fault,src/platforms/posix/drivers/df_trone_wrapper,0.0,
calibrated_fresh,inav_local_z_freeze__2019-03-06__08_02_26__fault,src/platforms/qurt/fc_addon/uart_esc,0.0,
calibrated_fresh,inav_local_z_freeze__2019-03-06__08_02_26__fault,src/platforms/qurt/tests/muorb,0.0,
calibrated_fresh,inav_local_z_freeze__2019-03-06__08_02_26__fault,src/templates/module,0.0,
calibrated_fresh,land_detector_state_inversion__2019-01-18__08_39_38__baseline,src/drivers/batt_smbus,0.0,
calibrated_fresh,land_detector_state_inversion__2019-01-18__08_39_38__baseline,src/drivers/blinkm,0.0,
calibrated_fresh,land_detector_state_inversion__2019-01-18__08_39_38__baseline,src/drivers/camera_trigger,0.0,
calibrated_fresh,land_detector_state_inversion__2019-01-18__08_39_38__baseline,src/drivers/distance_sensor,0.0,
calibrated_fresh,land_detector_state_inversion__2019-01-18__08_39_38__baseline,src/drivers/linux_pwm_out,0.0,
calibrated_fresh,land_detector_state_inversion__2019-01-18__08_39_38__baseline,src/drivers/mkblctrl,0.0,
calibrated_fresh,land_detector_state_inversion__2019-01-18__08_39_38__baseline,src/drivers/pwm_out_sim,0.0,
calibrated_fresh,land_detector_state_inversion__2019-01-18__08_39_38__baseline,src/drivers/px4flow,0.0,
calibrated_fresh,land_detector_state_inversion__2019-01-18__08_39_38__baseline,src/drivers/px4fmu,0.0,
calibrated_fresh,land_detector_state_inversion__2019-01-18__08_39_38__baseline,src/drivers/px4io,0.0,
calibrated_fresh,land_detector_state_inversion__2019-01-18__08_39_38__baseline,src/drivers/snapdragon_pwm_out,0.0,
calibrated_fresh,land_detector_state_inversion__2019-01-18__08_39_38__baseline,src/drivers/tap_esc,0.0,
calibrated_fresh,land_detector_state_inversion__2019-01-18__08_39_38__baseline,src/drivers/telemetry,0.0,
calibrated_fresh,land_detector_state_inversion__2019-01-18__08_39_38__baseline,src/drivers/vmount,0.0,
calibrated_fresh,land_detector_state_inversion__2019-01-18__08_39_38__baseline,src/examples/fixedwing_control,0.0,
calibrated_fresh,land_detector_state_inversion__2019-01-18__08_39_38__baseline,src/examples/hwtest,0.0,
calibrated_fresh,land_detector_state_inversion__2019-01-18__08_39_38__baseline,src/examples/px4_simple_app,0.0,
calibrated_fresh,land_detector_state_inversion__2019-01-18__08_39_38__baseline,src/examples/rover_steering_control,0.0,
calibrated_fresh,land_detector_state_inversion__2019-01-18__08_39_38__baseline,src/examples/uuv_example_app,0.0,
calibrated_fresh,land_detector_state_inversion__2019-01-18__08_39_38__baseline,src/modules/attitude_estimator_q,0.0,
calibrated_fresh,land_detector_state_inversion__2019-01-18__08_39_38__baseline,src/modules/camera_feedback,0.0,
calibrated_fresh,land_detector_state_inversion__2019-01-18__08_39_38__baseline,src/modules/commander,0.0,
calibrated_fresh,land_detector_state_inversion__2019-01-18__08_39_38__baseline,src/modules/ekf2,0.0,
calibrated_fresh,land_detector_state_inversion__2019-01-18__08_39_38__baseline,src/modules/events,0.0,
calibrated_fresh,land_detector_state_inversion__2019-01-18__08_39_38__baseline,src/modules/fw_att_control,0.0,
calibrated_fresh,land_detector_state_inversion__2019-01-18__08_39_38__baseline,src/modules/fw_pos_control_l1,0.0,
calibrated_fresh,land_detector_state_inversion__2019-01-18__08_39_38__baseline,src/modules/gnd_att_control,0.0,
calibrated_fresh,land_detector_state_inversion__2019-01-18__08_39_38__baseline,src/modules/gnd_pos_control,0.0,
calibrated_fresh,land_detector_state_inversion__2019-01-18__08_39_38__baseline,src/modules/gpio_led,0.0,
calibrated_fresh,land_detector_state_inversion__2019-01-18__08_39_38__baseline,src/modules/land_detector,0.0,
calibrated_fresh,land_detector_state_inversion__2019-01-18__08_39_38__baseline,src/modules/landing_target_estimator,0.0,
calibrated_fresh,land_detector_state_inversion__2019-01-18__08_39_38__baseline,src/modules/load_mon,0.0,
calibrated_fresh,land_detector_state_inversion__2019-01-18__08_39_38__baseline,src/modules/logger,0.0,
calibrated_fresh,land_detector_state_inversion__2019-01-18__08_39_38__baseline,src/modules/mavlink,0.0,
calibrated_fresh,land_detector_state_inversion__2019-01-18__08_39_38__baseline,src/modules/mc_att_control,0.0,
calibrated_fresh,land_detector_state_inversion__2019-01-18__08_39_38__baseline,src/modules/mc_pos_control,0.0,
calibrated_fresh,land_detector_state_inversion__2019-01-18__08_39_38__baseline,src/modules/navigator,0.0,
calibrated_fresh,land_detector_state_inversion__2019-01-18__08_39_38__baseline,src/modules/position_estimator_inav,0.0,
calibrated_fresh,land_detector_state_inversion__2019-01-18__08_39_38__baseline,src/modules/replay,0.0,
calibrated_fresh,land_detector_state_inversion__2019-01-18__08_39_38__baseline,src/modules/sdlog2,0.0,
calibrated_fresh,land_detector_state_inversion__2019-01-18__08_39_38__baseline,src/modules/sensors,0.0,
calibrated_fresh,land_detector_state_inversion__2019-01-18__08_39_38__baseline,src/modules/simulator,0.0,
calibrated_fresh,land_detector_state_inversion__2019-01-18__08_39_38__baseline,src/modules/syslink,0.0,
calibrated_fresh,land_detector_state_inversion__2019-01-18__08_39_38__baseline,src/modules/uavcan,0.0,
calibrated_fresh,land_detector_state_inversion__2019-01-18__08_39_38__baseline,src/modules/vtol_att_control,0.0,
calibrated_fresh,land_detector_state_inversion__2019-01-18__08_39_38__baseline,src/modules/wind_estimator,0.0,
calibrated_fresh,land_detector_state_inversion__2019-01-18__08_39_38__baseline,src/platforms/posix/drivers/df_bebop_bus_wrapper,0.0,
calibrated_fresh,land_detector_state_inversion__2019-01-18__08_39_38__baseline,src/platforms/posix/drivers/df_bebop_rangefinder_wrapper,0.0,
calibrated_fresh,land_detector_state_inversion__2019-01-18__08_39_38__baseline,src/platforms/posix/drivers/df_isl29501_wrapper,0.0,
calibrated_fresh,land_detector_state_inversion__2019-01-18__08_39_38__baseline,src/platforms/posix/drivers/df_ltc2946_wrapper,0.0,
calibrated_fresh,land_detector_state_inversion__2019-01-18__08_39_38__baseline,src/platforms/posix/drivers/df_trone_wrapper,0.0,
calibrated_fresh,land_detector_state_inversion__2019-01-18__08_39_38__baseline,src/platforms/qurt/fc_addon/uart_esc,0.0,
calibrated_fresh,land_detector_state_inversion__2019-01-18__08_39_38__baseline,src/platforms/qurt/tests/muorb,0.0,
calibrated_fresh,land_detector_state_inversion__2019-01-18__08_39_38__baseline,src/templates/module,0.0,
calibrated_fresh,land_detector_state_inversion__2019-01-18__08_39_38__fault,src/drivers/batt_smbus,0.0,
calibrated_fresh,land_detector_state_inversion__2019-01-18__08_39_38__fault,src/drivers/blinkm,0.0,
calibrated_fresh,land_detector_state_inversion__2019-01-18__08_39_38__fault,src/drivers/camera_trigger,0.0,
calibrated_fresh,land_detector_state_inversion__2019-01-18__08_39_38__fault,src/drivers/distance_sensor,1.2825938041852039e-08,35.0
calibrated_fresh,land_detector_state_inversion__2019-01-18__08_39_38__fault,src/drivers/linux_pwm_out,1.3925868478545552e-05,30.0
calibrated_fresh,land_detector_state_inversion__2019-01-18__08_39_38__fault,src/drivers/mkblctrl,1.3925868478545552e-05,30.0
calibrated_fresh,land_detector_state_inversion__2019-01-18__08_39_38__fault,src/drivers/pwm_out_sim,1.3925868478545552e-05,30.0
calibrated_fresh,land_detector_state_inversion__2019-01-18__08_39_38__fault,src/drivers/px4flow,1.2825938041852039e-08,35.0
calibrated_fresh,land_detector_state_inversion__2019-01-18__08_39_38__fault,src/drivers/px4fmu,1.3925868478545552e-05,30.0
calibrated_fresh,land_detector_state_inversion__2019-01-18__08_39_38__fault,src/drivers/px4io,1.3925868478545552e-05,30.0
calibrated_fresh,land_detector_state_inversion__2019-01-18__08_39_38__fault,src/drivers/snapdragon_pwm_out,1.3925868478545552e-05,30.0
calibrated_fresh,land_detector_state_inversion__2019-01-18__08_39_38__fault,src/drivers/tap_esc,1.3925868478545552e-05,30.0
calibrated_fresh,land_detector_state_inversion__2019-01-18__08_39_38__fault,src/drivers/telemetry,0.00013700162901704796,12.0
calibrated_fresh,land_detector_state_inversion__2019-01-18__08_39_38__fault,src/drivers/vmount,0.0,
calibrated_fresh,land_detector_state_inversion__2019-01-18__08_39_38__fault,src/examples/fixedwing_control,9.832212382265386e-05,14.0
calibrated_fresh,land_detector_state_inversion__2019-01-18__08_39_38__fault,src/examples/hwtest,0.001831793926538989,5.0
calibrated_fresh,land_detector_state_inversion__2019-01-18__08_39_38__fault,src/examples/px4_simple_app,1.569979314204259e-05,21.0
calibrated_fresh,land_detector_state_inversion__2019-01-18__08_39_38__fault,src/examples/rover_steering_control,0.0,
calibrated_fresh,land_detector_state_inversion__2019-01-18__08_39_38__fault,src/examples/uuv_example_app,0.001831793926538989,5.0
calibrated_fresh,land_detector_state_inversion__2019-01-18__08_39_38__fault,src/modules/attitude_estimator_q,1.569979314204259e-05,21.0
calibrated_fresh,land_detector_state_inversion__2019-01-18__08_39_38__fault,src/modules/camera_feedback,0.0,
calibrated_fresh,land_detector_state_inversion__2019-01-18__08_39_38__fault,src/modules/commander,0.0,
calibrated_fresh,land_detector_state_inversion__2019-01-18__08_39_38__fault,src/modules/ekf2,0.022030036319459167,1.0
calibrated_fresh,land_detector_state_inversion__2019-01-18__08_39_38__fault,src/modules/events,0.0,
calibrated_fresh,land_detector_state_inversion__2019-01-18__08_39_38__fault,src/modules/fw_att_control,2.6285615607346546e-05,19.0
calibrated_fresh,land_detector_state_inversion__2019-01-18__08_39_38__fault,src/modules/fw_pos_control_l1,0.0,
calibrated_fresh,land_detector_state_inversion__2019-01-18__08_39_38__fault,src/modules/gnd_att_control,0.0,
calibrated_fresh,land_detector_state_inversion__2019-01-18__08_39_38__fault,src/modules/gnd_pos_control,3.392773032125096e-05,17.0
calibrated_fresh,land_detector_state_inversion__2019-01-18__08_39_38__fault,src/modules/gpio_led,0.0,
calibrated_fresh,land_detector_state_inversion__2019-01-18__08_39_38__fault,src/modules/land_detector,0.0,
calibrated_fresh,land_detector_state_inversion__2019-01-18__08_39_38__fault,src/modules/landing_target_estimator,0.0,
calibrated_fresh,land_detector_state_inversion__2019-01-18__08_39_38__fault,src/modules/load_mon,7.708566470860933e-05,15.0
calibrated_fresh,land_detector_state_inversion__2019-01-18__08_39_38__fault,src/modules/logger,0.0,
calibrated_fresh,land_detector_state_inversion__2019-01-18__08_39_38__fault,src/modules/mavlink,0.0035961655126728774,2.0
calibrated_fresh,land_detector_state_inversion__2019-01-18__08_39_38__fault,src/modules/mc_att_control,2.6285615607346546e-05,19.0
calibrated_fresh,land_detector_state_inversion__2019-01-18__08_39_38__fault,src/modules/mc_pos_control,0.0,
calibrated_fresh,land_detector_state_inversion__2019-01-18__08_39_38__fault,src/modules/navigator,3.392773032125096e-05,17.0
calibrated_fresh,land_detector_state_inversion__2019-01-18__08_39_38__fault,src/modules/position_estimator_inav,0.0006743772285965788,7.0
calibrated_fresh,land_detector_state_inversion__2019-01-18__08_39_38__fault,src/modules/replay,0.0,
calibrated_fresh,land_detector_state_inversion__2019-01-18__08_39_38__fault,src/modules/sdlog2,0.0,
calibrated_fresh,land_detector_state_inversion__2019-01-18__08_39_38__fault,src/modules/sensors,0.0006568240335374176,8.0
calibrated_fresh,land_detector_state_inversion__2019-01-18__08_39_38__fault,src/modules/simulator,0.0001330546422099052,13.0
calibrated_fresh,land_detector_state_inversion__2019-01-18__08_39_38__fault,src/modules/syslink,0.00013700162901704796,12.0
calibrated_fresh,land_detector_state_inversion__2019-01-18__08_39_38__fault,src/modules/uavcan,1.3925868478545552e-05,30.0
calibrated_fresh,land_detector_state_inversion__2019-01-18__08_39_38__fault,src/modules/vtol_att_control,0.001893516239729015,3.0
calibrated_fresh,land_detector_state_inversion__2019-01-18__08_39_38__fault,src/modules/wind_estimator,0.0,
calibrated_fresh,land_detector_state_inversion__2019-01-18__08_39_38__fault,src/platforms/posix/drivers/df_bebop_bus_wrapper,0.00013703740891249648,9.0
calibrated_fresh,land_detector_state_inversion__2019-01-18__08_39_38__fault,src/platforms/posix/drivers/df_bebop_rangefinder_wrapper,1.2825938041852039e-08,35.0
calibrated_fresh,land_detector_state_inversion__2019-01-18__08_39_38__fault,src/platforms/posix/drivers/df_isl29501_wrapper,1.2825938041852039e-08,35.0
calibrated_fresh,land_detector_state_inversion__2019-01-18__08_39_38__fault,src/platforms/posix/drivers/df_ltc2946_wrapper,0.00013700162901704796,12.0
calibrated_fresh,land_detector_state_inversion__2019-01-18__08_39_38__fault,src/platforms/posix/drivers/df_trone_wrapper,1.2825938041852039e-08,35.0
calibrated_fresh,land_detector_state_inversion__2019-01-18__08_39_38__fault,src/platforms/qurt/fc_addon/uart_esc,1.3925868478545552e-05,30.0
calibrated_fresh,land_detector_state_inversion__2019-01-18__08_39_38__fault,src/platforms/qurt/tests/muorb,0.0012162148102072903,6.0
calibrated_fresh,land_detector_state_inversion__2019-01-18__08_39_38__fault,src/templates/module,0.0,
calibrated_fresh,land_detector_state_inversion__2019-01-25__17_38_05__baseline,src/drivers/batt_smbus,0.0,
calibrated_fresh,land_detector_state_inversion__2019-01-25__17_38_05__baseline,src/drivers/blinkm,0.0,
calibrated_fresh,land_detector_state_inversion__2019-01-25__17_38_05__baseline,src/drivers/camera_trigger,0.0,
calibrated_fresh,land_detector_state_inversion__2019-01-25__17_38_05__baseline,src/drivers/distance_sensor,0.0,
calibrated_fresh,land_detector_state_inversion__2019-01-25__17_38_05__baseline,src/drivers/linux_pwm_out,0.0,
calibrated_fresh,land_detector_state_inversion__2019-01-25__17_38_05__baseline,src/drivers/mkblctrl,0.0,
calibrated_fresh,land_detector_state_inversion__2019-01-25__17_38_05__baseline,src/drivers/pwm_out_sim,0.0,
calibrated_fresh,land_detector_state_inversion__2019-01-25__17_38_05__baseline,src/drivers/px4flow,0.0,
calibrated_fresh,land_detector_state_inversion__2019-01-25__17_38_05__baseline,src/drivers/px4fmu,0.0,
calibrated_fresh,land_detector_state_inversion__2019-01-25__17_38_05__baseline,src/drivers/px4io,0.0,
calibrated_fresh,land_detector_state_inversion__2019-01-25__17_38_05__baseline,src/drivers/snapdragon_pwm_out,0.0,
calibrated_fresh,land_detector_state_inversion__2019-01-25__17_38_05__baseline,src/drivers/tap_esc,0.0,
calibrated_fresh,land_detector_state_inversion__2019-01-25__17_38_05__baseline,src/drivers/telemetry,0.0,
calibrated_fresh,land_detector_state_inversion__2019-01-25__17_38_05__baseline,src/drivers/vmount,0.0,
calibrated_fresh,land_detector_state_inversion__2019-01-25__17_38_05__baseline,src/examples/fixedwing_control,0.0,
calibrated_fresh,land_detector_state_inversion__2019-01-25__17_38_05__baseline,src/examples/hwtest,0.0,
calibrated_fresh,land_detector_state_inversion__2019-01-25__17_38_05__baseline,src/examples/px4_simple_app,0.0,
calibrated_fresh,land_detector_state_inversion__2019-01-25__17_38_05__baseline,src/examples/rover_steering_control,0.0,
calibrated_fresh,land_detector_state_inversion__2019-01-25__17_38_05__baseline,src/examples/uuv_example_app,0.0,
calibrated_fresh,land_detector_state_inversion__2019-01-25__17_38_05__baseline,src/modules/attitude_estimator_q,0.0,
calibrated_fresh,land_detector_state_inversion__2019-01-25__17_38_05__baseline,src/modules/camera_feedback,0.0,
calibrated_fresh,land_detector_state_inversion__2019-01-25__17_38_05__baseline,src/modules/commander,0.0,
calibrated_fresh,land_detector_state_inversion__2019-01-25__17_38_05__baseline,src/modules/ekf2,0.0,
calibrated_fresh,land_detector_state_inversion__2019-01-25__17_38_05__baseline,src/modules/events,0.0,
calibrated_fresh,land_detector_state_inversion__2019-01-25__17_38_05__baseline,src/modules/fw_att_control,0.0,
calibrated_fresh,land_detector_state_inversion__2019-01-25__17_38_05__baseline,src/modules/fw_pos_control_l1,0.0,
calibrated_fresh,land_detector_state_inversion__2019-01-25__17_38_05__baseline,src/modules/gnd_att_control,0.0,
calibrated_fresh,land_detector_state_inversion__2019-01-25__17_38_05__baseline,src/modules/gnd_pos_control,0.0,
calibrated_fresh,land_detector_state_inversion__2019-01-25__17_38_05__baseline,src/modules/gpio_led,0.0,
calibrated_fresh,land_detector_state_inversion__2019-01-25__17_38_05__baseline,src/modules/land_detector,0.0,
calibrated_fresh,land_detector_state_inversion__2019-01-25__17_38_05__baseline,src/modules/landing_target_estimator,0.0,
calibrated_fresh,land_detector_state_inversion__2019-01-25__17_38_05__baseline,src/modules/load_mon,0.0,
calibrated_fresh,land_detector_state_inversion__2019-01-25__17_38_05__baseline,src/modules/logger,0.0,
calibrated_fresh,land_detector_state_inversion__2019-01-25__17_38_05__baseline,src/modules/mavlink,0.0,
calibrated_fresh,land_detector_state_inversion__2019-01-25__17_38_05__baseline,src/modules/mc_att_control,0.0,
calibrated_fresh,land_detector_state_inversion__2019-01-25__17_38_05__baseline,src/modules/mc_pos_control,0.0,
calibrated_fresh,land_detector_state_inversion__2019-01-25__17_38_05__baseline,src/modules/navigator,0.0,
calibrated_fresh,land_detector_state_inversion__2019-01-25__17_38_05__baseline,src/modules/position_estimator_inav,0.0,
calibrated_fresh,land_detector_state_inversion__2019-01-25__17_38_05__baseline,src/modules/replay,0.0,
calibrated_fresh,land_detector_state_inversion__2019-01-25__17_38_05__baseline,src/modules/sdlog2,0.0,
calibrated_fresh,land_detector_state_inversion__2019-01-25__17_38_05__baseline,src/modules/sensors,0.0,
calibrated_fresh,land_detector_state_inversion__2019-01-25__17_38_05__baseline,src/modules/simulator,0.0,
calibrated_fresh,land_detector_state_inversion__2019-01-25__17_38_05__baseline,src/modules/syslink,0.0,
calibrated_fresh,land_detector_state_inversion__2019-01-25__17_38_05__baseline,src/modules/uavcan,0.0,
calibrated_fresh,land_detector_state_inversion__2019-01-25__17_38_05__baseline,src/modules/vtol_att_control,0.0,
calibrated_fresh,land_detector_state_inversion__2019-01-25__17_38_05__baseline,src/modules/wind_estimator,0.0,
calibrated_fresh,land_detector_state_inversion__2019-01-25__17_38_05__baseline,src/platforms/posix/drivers/df_bebop_bus_wrapper,0.0,
calibrated_fresh,land_detector_state_inversion__2019-01-25__17_38_05__baseline,src/platforms/posix/drivers/df_bebop_rangefinder_wrapper,0.0,
calibrated_fresh,land_detector_state_inversion__2019-01-25__17_38_05__baseline,src/platforms/posix/drivers/df_isl29501_wrapper,0.0,
calibrated_fresh,land_detector_state_inversion__2019-01-25__17_38_05__baseline,src/platforms/posix/drivers/df_ltc2946_wrapper,0.0,
calibrated_fresh,land_detector_state_inversion__2019-01-25__17_38_05__baseline,src/platforms/posix/drivers/df_trone_wrapper,0.0,
calibrated_fresh,land_detector_state_inversion__2019-01-25__17_38_05__baseline,src/platforms/qurt/fc_addon/uart_esc,0.0,
calibrated_fresh,land_detector_state_inversion__2019-01-25__17_38_05__baseline,src/platforms/qurt/tests/muorb,0.0,
calibrated_fresh,land_detector_state_inversion__2019-01-25__17_38_05__baseline,src/templates/module,0.0,
calibrated_fresh,land_detector_state_inversion__2019-01-25__17_38_05__fault,src/drivers/batt_smbus,0.0,
calibrated_fresh,land_detector_state_inversion__2019-01-25__17_38_05__fault,src/drivers/blinkm,0.0,
calibrated_fresh,land_detector_state_inversion__2019-01-25__17_38_05__fault,src/drivers/camera_trigger,0.0,
calibrated_fresh,land_detector_state_inversion__2019-01-25__17_38_05__fault,src/drivers/distance_sensor,0.0,
calibrated_fresh,land_detector_state_inversion__2019-01-25__17_38_05__fault,src/drivers/linux_pwm_out,0.0,
calibrated_fresh,land_detector_state_inversion__2019-01-25__17_38_05__fault,src/drivers/mkblctrl,0.0,
calibrated_fresh,land_detector_state_inversion__2019-01-25__17_38_05__fault,src/drivers/pwm_out_sim,0.0,
calibrated_fresh,land_detector_state_inversion__2019-01-25__17_38_05__fault,src/drivers/px4flow,0.0,
calibrated_fresh,land_detector_state_inversion__2019-01-25__17_38_05__fault,src/drivers/px4fmu,0.0,
calibrated_fresh,land_detector_state_inversion__2019-01-25__17_38_05__fault,src/drivers/px4io,0.0,
calibrated_fresh,land_detector_state_inversion__2019-01-25__17_38_05__fault,src/drivers/snapdragon_pwm_out,0.0,
calibrated_fresh,land_detector_state_inversion__2019-01-25__17_38_05__fault,src/drivers/tap_esc,0.0,
calibrated_fresh,land_detector_state_inversion__2019-01-25__17_38_05__fault,src/drivers/telemetry,0.0,
calibrated_fresh,land_detector_state_inversion__2019-01-25__17_38_05__fault,src/drivers/vmount,0.0,
calibrated_fresh,land_detector_state_inversion__2019-01-25__17_38_05__fault,src/examples/fixedwing_control,0.0,
calibrated_fresh,land_detector_state_inversion__2019-01-25__17_38_05__fault,src/examples/hwtest,0.0,
calibrated_fresh,land_detector_state_inversion__2019-01-25__17_38_05__fault,src/examples/px4_simple_app,0.0,
calibrated_fresh,land_detector_state_inversion__2019-01-25__17_38_05__fault,src/examples/rover_steering_control,0.0,
calibrated_fresh,land_detector_state_inversion__2019-01-25__17_38_05__fault,src/examples/uuv_example_app,0.0,
calibrated_fresh,land_detector_state_inversion__2019-01-25__17_38_05__fault,src/modules/attitude_estimator_q,0.0,
calibrated_fresh,land_detector_state_inversion__2019-01-25__17_38_05__fault,src/modules/camera_feedback,0.0,
calibrated_fresh,land_detector_state_inversion__2019-01-25__17_38_05__fault,src/modules/commander,0.0,
calibrated_fresh,land_detector_state_inversion__2019-01-25__17_38_05__fault,src/modules/ekf2,0.0,
calibrated_fresh,land_detector_state_inversion__2019-01-25__17_38_05__fault,src/modules/events,0.0,
calibrated_fresh,land_detector_state_inversion__2019-01-25__17_38_05__fault,src/modules/fw_att_control,0.0,
calibrated_fresh,land_detector_state_inversion__2019-01-25__17_38_05__fault,src/modules/fw_pos_control_l1,0.0,
calibrated_fresh,land_detector_state_inversion__2019-01-25__17_38_05__fault,src/modules/gnd_att_control,0.0,
calibrated_fresh,land_detector_state_inversion__2019-01-25__17_38_05__fault,src/modules/gnd_pos_control,0.0,
calibrated_fresh,land_detector_state_inversion__2019-01-25__17_38_05__fault,src/modules/gpio_led,0.0,
calibrated_fresh,land_detector_state_inversion__2019-01-25__17_38_05__fault,src/modules/land_detector,0.0,
calibrated_fresh,land_detector_state_inversion__2019-01-25__17_38_05__fault,src/modules/landing_target_estimator,0.0,
calibrated_fresh,land_detector_state_inversion__2019-01-25__17_38_05__fault,src/modules/load_mon,0.0,
calibrated_fresh,land_detector_state_inversion__2019-01-25__17_38_05__fault,src/modules/logger,0.0,
calibrated_fresh,land_detector_state_inversion__2019-01-25__17_38_05__fault,src/modules/mavlink,0.0,
calibrated_fresh,land_detector_state_inversion__2019-01-25__17_38_05__fault,src/modules/mc_att_control,0.0,
calibrated_fresh,land_detector_state_inversion__2019-01-25__17_38_05__fault,src/modules/mc_pos_control,0.0,
calibrated_fresh,land_detector_state_inversion__2019-01-25__17_38_05__fault,src/modules/navigator,0.0,
calibrated_fresh,land_detector_state_inversion__2019-01-25__17_38_05__fault,src/modules/position_estimator_inav,0.0,
calibrated_fresh,land_detector_state_inversion__2019-01-25__17_38_05__fault,src/modules/replay,0.0,
calibrated_fresh,land_detector_state_inversion__2019-01-25__17_38_05__fault,src/modules/sdlog2,0.0,
calibrated_fresh,land_detector_state_inversion__2019-01-25__17_38_05__fault,src/modules/sensors,0.0,
calibrated_fresh,land_detector_state_inversion__2019-01-25__17_38_05__fault,src/modules/simulator,0.0,
calibrated_fresh,land_detector_state_inversion__2019-01-25__17_38_05__fault,src/modules/syslink,0.0,
calibrated_fresh,land_detector_state_inversion__2019-01-25__17_38_05__fault,src/modules/uavcan,0.0,
calibrated_fresh,land_detector_state_inversion__2019-01-25__17_38_05__fault,src/modules/vtol_att_control,0.0,
calibrated_fresh,land_detector_state_inversion__2019-01-25__17_38_05__fault,src/modules/wind_estimator,0.0,
calibrated_fresh,land_detector_state_inversion__2019-01-25__17_38_05__fault,src/platforms/posix/drivers/df_bebop_bus_wrapper,0.0,
calibrated_fresh,land_detector_state_inversion__2019-01-25__17_38_05__fault,src/platforms/posix/drivers/df_bebop_rangefinder_wrapper,0.0,
calibrated_fresh,land_detector_state_inversion__2019-01-25__17_38_05__fault,src/platforms/posix/drivers/df_isl29501_wrapper,0.0,
calibrated_fresh,land_detector_state_inversion__2019-01-25__17_38_05__fault,src/platforms/posix/drivers/df_ltc2946_wrapper,0.0,
calibrated_fresh,land_detector_state_inversion__2019-01-25__17_38_05__fault,src/platforms/posix/drivers/df_trone_wrapper,0.0,
calibrated_fresh,land_detector_state_inversion__2019-01-25__17_38_05__fault,src/platforms/qurt/fc_addon/uart_esc,0.0,
calibrated_fresh,land_detector_state_inversion__2019-01-25__17_38_05__fault,src/platforms/qurt/tests/muorb,0.0,
calibrated_fresh,land_detector_state_inversion__2019-01-25__17_38_05__fault,src/templates/module,0.0,
calibrated_fresh,land_detector_state_inversion__2019-03-06__08_02_26__baseline,src/drivers/batt_smbus,0.0,
calibrated_fresh,land_detector_state_inversion__2019-03-06__08_02_26__baseline,src/drivers/blinkm,0.0,
calibrated_fresh,land_detector_state_inversion__2019-03-06__08_02_26__baseline,src/drivers/camera_trigger,0.0,
calibrated_fresh,land_detector_state_inversion__2019-03-06__08_02_26__baseline,src/drivers/distance_sensor,0.0,
calibrated_fresh,land_detector_state_inversion__2019-03-06__08_02_26__baseline,src/drivers/linux_pwm_out,0.0,
calibrated_fresh,land_detector_state_inversion__2019-03-06__08_02_26__baseline,src/drivers/mkblctrl,0.0,
calibrated_fresh,land_detector_state_inversion__2019-03-06__08_02_26__baseline,src/drivers/pwm_out_sim,0.0,
calibrated_fresh,land_detector_state_inversion__2019-03-06__08_02_26__baseline,src/drivers/px4flow,0.0,
calibrated_fresh,land_detector_state_inversion__2019-03-06__08_02_26__baseline,src/drivers/px4fmu,0.0,
calibrated_fresh,land_detector_state_inversion__2019-03-06__08_02_26__baseline,src/drivers/px4io,0.0,
calibrated_fresh,land_detector_state_inversion__2019-03-06__08_02_26__baseline,src/drivers/snapdragon_pwm_out,0.0,
calibrated_fresh,land_detector_state_inversion__2019-03-06__08_02_26__baseline,src/drivers/tap_esc,0.0,
calibrated_fresh,land_detector_state_inversion__2019-03-06__08_02_26__baseline,src/drivers/telemetry,0.0,
calibrated_fresh,land_detector_state_inversion__2019-03-06__08_02_26__baseline,src/drivers/vmount,0.0,
calibrated_fresh,land_detector_state_inversion__2019-03-06__08_02_26__baseline,src/examples/fixedwing_control,0.0,
calibrated_fresh,land_detector_state_inversion__2019-03-06__08_02_26__baseline,src/examples/hwtest,0.0,
calibrated_fresh,land_detector_state_inversion__2019-03-06__08_02_26__baseline,src/examples/px4_simple_app,0.0,
calibrated_fresh,land_detector_state_inversion__2019-03-06__08_02_26__baseline,src/examples/rover_steering_control,0.0,
calibrated_fresh,land_detector_state_inversion__2019-03-06__08_02_26__baseline,src/examples/uuv_example_app,0.0,
calibrated_fresh,land_detector_state_inversion__2019-03-06__08_02_26__baseline,src/modules/attitude_estimator_q,0.0,
calibrated_fresh,land_detector_state_inversion__2019-03-06__08_02_26__baseline,src/modules/camera_feedback,0.0,
calibrated_fresh,land_detector_state_inversion__2019-03-06__08_02_26__baseline,src/modules/commander,0.0,
calibrated_fresh,land_detector_state_inversion__2019-03-06__08_02_26__baseline,src/modules/ekf2,0.0,
calibrated_fresh,land_detector_state_inversion__2019-03-06__08_02_26__baseline,src/modules/events,0.0,
calibrated_fresh,land_detector_state_inversion__2019-03-06__08_02_26__baseline,src/modules/fw_att_control,0.0,
calibrated_fresh,land_detector_state_inversion__2019-03-06__08_02_26__baseline,src/modules/fw_pos_control_l1,0.0,
calibrated_fresh,land_detector_state_inversion__2019-03-06__08_02_26__baseline,src/modules/gnd_att_control,0.0,
calibrated_fresh,land_detector_state_inversion__2019-03-06__08_02_26__baseline,src/modules/gnd_pos_control,0.0,
calibrated_fresh,land_detector_state_inversion__2019-03-06__08_02_26__baseline,src/modules/gpio_led,0.0,
calibrated_fresh,land_detector_state_inversion__2019-03-06__08_02_26__baseline,src/modules/land_detector,0.0,
calibrated_fresh,land_detector_state_inversion__2019-03-06__08_02_26__baseline,src/modules/landing_target_estimator,0.0,
calibrated_fresh,land_detector_state_inversion__2019-03-06__08_02_26__baseline,src/modules/load_mon,0.0,
calibrated_fresh,land_detector_state_inversion__2019-03-06__08_02_26__baseline,src/modules/logger,0.0,
calibrated_fresh,land_detector_state_inversion__2019-03-06__08_02_26__baseline,src/modules/mavlink,0.0,
calibrated_fresh,land_detector_state_inversion__2019-03-06__08_02_26__baseline,src/modules/mc_att_control,0.0,
calibrated_fresh,land_detector_state_inversion__2019-03-06__08_02_26__baseline,src/modules/mc_pos_control,0.0,
calibrated_fresh,land_detector_state_inversion__2019-03-06__08_02_26__baseline,src/modules/navigator,0.0,
calibrated_fresh,land_detector_state_inversion__2019-03-06__08_02_26__baseline,src/modules/position_estimator_inav,0.0,
calibrated_fresh,land_detector_state_inversion__2019-03-06__08_02_26__baseline,src/modules/replay,0.0,
calibrated_fresh,land_detector_state_inversion__2019-03-06__08_02_26__baseline,src/modules/sdlog2,0.0,
calibrated_fresh,land_detector_state_inversion__2019-03-06__08_02_26__baseline,src/modules/sensors,0.0,
calibrated_fresh,land_detector_state_inversion__2019-03-06__08_02_26__baseline,src/modules/simulator,0.0,
calibrated_fresh,land_detector_state_inversion__2019-03-06__08_02_26__baseline,src/modules/syslink,0.0,
calibrated_fresh,land_detector_state_inversion__2019-03-06__08_02_26__baseline,src/modules/uavcan,0.0,
calibrated_fresh,land_detector_state_inversion__2019-03-06__08_02_26__baseline,src/modules/vtol_att_control,0.0,
calibrated_fresh,land_detector_state_inversion__2019-03-06__08_02_26__baseline,src/modules/wind_estimator,0.0,
calibrated_fresh,land_detector_state_inversion__2019-03-06__08_02_26__baseline,src/platforms/posix/drivers/df_bebop_bus_wrapper,0.0,
calibrated_fresh,land_detector_state_inversion__2019-03-06__08_02_26__baseline,src/platforms/posix/drivers/df_bebop_rangefinder_wrapper,0.0,
calibrated_fresh,land_detector_state_inversion__2019-03-06__08_02_26__baseline,src/platforms/posix/drivers/df_isl29501_wrapper,0.0,
calibrated_fresh,land_detector_state_inversion__2019-03-06__08_02_26__baseline,src/platforms/posix/drivers/df_ltc2946_wrapper,0.0,
calibrated_fresh,land_detector_state_inversion__2019-03-06__08_02_26__baseline,src/platforms/posix/drivers/df_trone_wrapper,0.0,
calibrated_fresh,land_detector_state_inversion__2019-03-06__08_02_26__baseline,src/platforms/qurt/fc_addon/uart_esc,0.0,
calibrated_fresh,land_detector_state_inversion__2019-03-06__08_02_26__baseline,src/platforms/qurt/tests/muorb,0.0,
calibrated_fresh,land_detector_state_inversion__2019-03-06__08_02_26__baseline,src/templates/module,0.0,
calibrated_fresh,land_detector_state_inversion__2019-03-06__08_02_26__fault,src/drivers/batt_smbus,0.0,
calibrated_fresh,land_detector_state_inversion__2019-03-06__08_02_26__fault,src/drivers/blinkm,0.0,
calibrated_fresh,land_detector_state_inversion__2019-03-06__08_02_26__fault,src/drivers/camera_trigger,0.0,
calibrated_fresh,land_detector_state_inversion__2019-03-06__08_02_26__fault,src/drivers/distance_sensor,0.0,
calibrated_fresh,land_detector_state_inversion__2019-03-06__08_02_26__fault,src/drivers/linux_pwm_out,0.0,
calibrated_fresh,land_detector_state_inversion__2019-03-06__08_02_26__fault,src/drivers/mkblctrl,0.0,
calibrated_fresh,land_detector_state_inversion__2019-03-06__08_02_26__fault,src/drivers/pwm_out_sim,0.0,
calibrated_fresh,land_detector_state_inversion__2019-03-06__08_02_26__fault,src/drivers/px4flow,0.0,
calibrated_fresh,land_detector_state_inversion__2019-03-06__08_02_26__fault,src/drivers/px4fmu,0.0,
calibrated_fresh,land_detector_state_inversion__2019-03-06__08_02_26__fault,src/drivers/px4io,0.0,
calibrated_fresh,land_detector_state_inversion__2019-03-06__08_02_26__fault,src/drivers/snapdragon_pwm_out,0.0,
calibrated_fresh,land_detector_state_inversion__2019-03-06__08_02_26__fault,src/drivers/tap_esc,0.0,
calibrated_fresh,land_detector_state_inversion__2019-03-06__08_02_26__fault,src/drivers/telemetry,0.0,
calibrated_fresh,land_detector_state_inversion__2019-03-06__08_02_26__fault,src/drivers/vmount,0.0,
calibrated_fresh,land_detector_state_inversion__2019-03-06__08_02_26__fault,src/examples/fixedwing_control,0.0,
calibrated_fresh,land_detector_state_inversion__2019-03-06__08_02_26__fault,src/examples/hwtest,0.0,
calibrated_fresh,land_detector_state_inversion__2019-03-06__08_02_26__fault,src/examples/px4_simple_app,0.0,
calibrated_fresh,land_detector_state_inversion__2019-03-06__08_02_26__fault,src/examples/rover_steering_control,0.0,
calibrated_fresh,land_detector_state_inversion__2019-03-06__08_02_26__fault,src/examples/uuv_example_app,0.0,
calibrated_fresh,land_detector_state_inversion__2019-03-06__08_02_26__fault,src/modules/attitude_estimator_q,0.0,
calibrated_fresh,land_detector_state_inversion__2019-03-06__08_02_26__fault,src/modules/camera_feedback,0.0,
calibrated_fresh,land_detector_state_inversion__2019-03-06__08_02_26__fault,src/modules/commander,0.0,
calibrated_fresh,land_detector_state_inversion__2019-03-06__08_02_26__fault,src/modules/ekf2,0.0,
calibrated_fresh,land_detector_state_inversion__2019-03-06__08_02_26__fault,src/modules/events,0.0,
calibrated_fresh,land_detector_state_inversion__2019-03-06__08_02_26__fault,src/modules/fw_att_control,0.0,
calibrated_fresh,land_detector_state_inversion__2019-03-06__08_02_26__fault,src/modules/fw_pos_control_l1,0.0,
calibrated_fresh,land_detector_state_inversion__2019-03-06__08_02_26__fault,src/modules/gnd_att_control,0.0,
calibrated_fresh,land_detector_state_inversion__2019-03-06__08_02_26__fault,src/modules/gnd_pos_control,0.0,
calibrated_fresh,land_detector_state_inversion__2019-03-06__08_02_26__fault,src/modules/gpio_led,0.0,
calibrated_fresh,land_detector_state_inversion__2019-03-06__08_02_26__fault,src/modules/land_detector,0.0,
calibrated_fresh,land_detector_state_inversion__2019-03-06__08_02_26__fault,src/modules/landing_target_estimator,0.0,
calibrated_fresh,land_detector_state_inversion__2019-03-06__08_02_26__fault,src/modules/load_mon,0.0,
calibrated_fresh,land_detector_state_inversion__2019-03-06__08_02_26__fault,src/modules/logger,0.0,
calibrated_fresh,land_detector_state_inversion__2019-03-06__08_02_26__fault,src/modules/mavlink,0.0,
calibrated_fresh,land_detector_state_inversion__2019-03-06__08_02_26__fault,src/modules/mc_att_control,0.0,
calibrated_fresh,land_detector_state_inversion__2019-03-06__08_02_26__fault,src/modules/mc_pos_control,0.0,
calibrated_fresh,land_detector_state_inversion__2019-03-06__08_02_26__fault,src/modules/navigator,0.0,
calibrated_fresh,land_detector_state_inversion__2019-03-06__08_02_26__fault,src/modules/position_estimator_inav,0.0,
calibrated_fresh,land_detector_state_inversion__2019-03-06__08_02_26__fault,src/modules/replay,0.0,
calibrated_fresh,land_detector_state_inversion__2019-03-06__08_02_26__fault,src/modules/sdlog2,0.0,
calibrated_fresh,land_detector_state_inversion__2019-03-06__08_02_26__fault,src/modules/sensors,0.0,
calibrated_fresh,land_detector_state_inversion__2019-03-06__08_02_26__fault,src/modules/simulator,0.0,
calibrated_fresh,land_detector_state_inversion__2019-03-06__08_02_26__fault,src/modules/syslink,0.0,
calibrated_fresh,land_detector_state_inversion__2019-03-06__08_02_26__fault,src/modules/uavcan,0.0,
calibrated_fresh,land_detector_state_inversion__2019-03-06__08_02_26__fault,src/modules/vtol_att_control,0.0,
calibrated_fresh,land_detector_state_inversion__2019-03-06__08_02_26__fault,src/modules/wind_estimator,0.0,
calibrated_fresh,land_detector_state_inversion__2019-03-06__08_02_26__fault,src/platforms/posix/drivers/df_bebop_bus_wrapper,0.0,
calibrated_fresh,land_detector_state_inversion__2019-03-06__08_02_26__fault,src/platforms/posix/drivers/df_bebop_rangefinder_wrapper,0.0,
calibrated_fresh,land_detector_state_inversion__2019-03-06__08_02_26__fault,src/platforms/posix/drivers/df_isl29501_wrapper,0.0,
calibrated_fresh,land_detector_state_inversion__2019-03-06__08_02_26__fault,src/platforms/posix/drivers/df_ltc2946_wrapper,0.0,
calibrated_fresh,land_detector_state_inversion__2019-03-06__08_02_26__fault,src/platforms/posix/drivers/df_trone_wrapper,0.0,
calibrated_fresh,land_detector_state_inversion__2019-03-06__08_02_26__fault,src/platforms/qurt/fc_addon/uart_esc,0.0,
calibrated_fresh,land_detector_state_inversion__2019-03-06__08_02_26__fault,src/platforms/qurt/tests/muorb,0.0,
calibrated_fresh,land_detector_state_inversion__2019-03-06__08_02_26__fault,src/templates/module,0.0,
