pair_id,time_s,score,threshold,alarm,strongest_topic
normal:commander_nav_state_override__2019-01-18__08_39_38__baseline,9.6,5.410291033245013,6.642660612621217,False,vehicle_local_position
normal:commander_nav_state_override__2019-01-18__08_39_38__baseline,10.4,6.544746160507202,6.642660612621217,False,manual_control_setpoint
normal:commander_nav_state_override__2019-01-18__08_39_38__baseline,11.2,10.39285659790039,6.642660612621217,False,vehicle_local_position
normal:commander_nav_state_override__2019-01-18__08_39_38__baseline,12.0,7.79170036315918,6.642660612621217,False,vehicle_local_position
normal:commander_nav_state_override__2019-01-18__08_39_38__baseline,12.8,5.456912517547607,6.642660612621217,False,actuator_outputs
normal:commander_nav_state_override__2019-01-18__08_39_38__baseline,13.6,7.437310218811035,6.642660612621217,False,actuator_controls_0
normal:commander_nav_state_override__2019-01-18__08_39_38__baseline,14.4,4.488907686117971,6.642660612621217,False,vehicle_local_position
normal:commander_nav_state_override__2019-01-18__08_39_38__baseline,15.2,4.382614493370056,6.642660612621217,False,actuator_outputs
normal:commander_nav_state_override__2019-01-18__08_39_38__baseline,16.0,4.183921833378418,6.642660612621217,False,actuator_outputs
normal:commander_nav_state_override__2019-01-18__08_39_38__baseline,16.8,7.14859402121218,6.642660612621217,False,vehicle_local_position
normal:commander_nav_state_override__2019-01-18__08_39_38__baseline,17.6,5.813081725765092,6.642660612621217,False,vehicle_local_position
normal:commander_nav_state_override__2019-01-18__08_39_38__baseline,18.4,4.045014044570937,6.642660612621217,False,vehicle_local_position
normal:commander_nav_state_override__2019-01-18__08_39_38__baseline,19.2,5.840470268490486,6.642660612621217,False,actuator_outputs
normal:commander_nav_state_override__2019-01-18__08_39_38__baseline,20.0,3.496008239361318,6.642660612621217,False,vehicle_local_position
normal:commander_nav_state_override__2019-01-18__08_39_38__baseline,20.8,5.307835674800417,6.642660612621217,False,vehicle_local_position
normal:commander_nav_state_override__2019-01-18__08_39_38__baseline,21.6,5.426170360596661,6.642660612621217,False,vehicle_local_position
normal:commander_nav_state_override__2019-01-18__08_39_38__baseline,22.4,5.230964422225952,6.642660612621217,False,vehicle_local_position
normal:commander_nav_state_override__2019-01-18__08_39_38__baseline,23.2,5.791783004207695,6.642660612621217,False,vehicle_local_position
normal:commander_nav_state_override__2019-01-18__08_39_38__baseline,24.0,4.320604747485649,6.642660612621217,False,vehicle_local_position
normal:commander_nav_state_override__2019-01-18__08_39_38__baseline,24.8,4.182316064834595,6.642660612621217,False,actuator_outputs
normal:commander_nav_state_override__2019-01-18__08_39_38__baseline,25.6,4.070300719819544,6.642660612621217,False,vehicle_local_position
normal:commander_nav_state_override__2019-01-18__08_39_38__baseline,26.4,5.295504618709311,6.642660612621217,False,vehicle_local_position
normal:commander_nav_state_override__2019-01-18__08_39_38__baseline,27.2,5.295504618709311,6.642660612621217,False,vehicle_local_position
normal:commander_nav_state_override__2019-01-18__08_39_38__baseline,28.0,3.8832821170844256,6.642660612621217,False,vehicle_local_position
normal:commander_nav_state_override__2019-01-18__08_39_38__baseline,28.8,5.227111279964447,6.642660612621217,False,actuator_outputs
normal:commander_nav_state_override__2019-01-18__08_39_38__baseline,29.6,5.525692403316498,6.642660612621217,False,actuator_outputs
normal:commander_nav_state_override__2019-01-18__08_39_38__baseline,30.4,3.5989809036254883,6.642660612621217,False,actuator_outputs
normal:commander_nav_state_override__2019-01-18__08_39_38__baseline,31.2,3.8850369132154974,6.642660612621217,False,vehicle_local_position
normal:commander_nav_state_override__2019-01-18__08_39_38__baseline,32.0,4.235694377978426,6.642660612621217,False,vehicle_local_position
normal:commander_nav_state_override__2019-01-18__08_39_38__baseline,32.8,2.677295456204501,6.642660612621217,False,vehicle_local_position
normal:commander_nav_state_override__2019-01-18__08_39_38__baseline,33.6,6.183890195468581,6.642660612621217,False,vehicle_local_position
normal:commander_nav_state_override__2019-01-18__08_39_38__baseline,34.4,3.632593123302088,6.642660612621217,False,vehicle_local_position
normal:commander_nav_state_override__2019-01-18__08_39_38__baseline,35.2,3.7477606195541813,6.642660612621217,False,vehicle_local_position
normal:commander_nav_state_override__2019-01-18__08_39_38__baseline,36.0,5.870493860244902,6.642660612621217,False,ekf2_innovations
normal:commander_nav_state_override__2019-01-18__08_39_38__baseline,36.8,3.836815815072659,6.642660612621217,False,vehicle_rates_setpoint
normal:commander_nav_state_override__2019-01-18__08_39_38__baseline,37.6,3.908751724665736,6.642660612621217,False,vehicle_local_position
normal:commander_nav_state_override__2019-01-18__08_39_38__baseline,38.4,4.399050333262504,6.642660612621217,False,vehicle_local_position
normal:commander_nav_state_override__2019-01-18__08_39_38__baseline,39.2,5.215656108259852,6.642660612621217,False,vehicle_rates_setpoint
normal:commander_nav_state_override__2019-01-18__08_39_38__baseline,40.0,4.549134151923689,6.642660612621217,False,vehicle_rates_setpoint
normal:commander_nav_state_override__2019-01-18__08_39_38__baseline,40.8,4.2005069493778455,6.642660612621217,False,vehicle_rates_setpoint
normal:commander_nav_state_override__2019-01-18__08_39_38__baseline,41.6,4.6259083677577015,6.642660612621217,False,actuator_outputs
normal:commander_nav_state_override__2019-01-18__08_39_38__baseline,42.4,4.415950022131864,6.642660612621217,False,vehicle_local_position
normal:commander_nav_state_override__2019-01-18__08_39_38__baseline,43.2,3.8501572608947754,6.642660612621217,False,actuator_outputs
normal:commander_nav_state_override__2019-01-18__08_39_38__baseline,44.0,3.3688718575579712,6.642660612621217,False,vehicle_local_position
normal:commander_nav_state_override__2019-01-18__08_39_38__baseline,44.8,5.89880692694076,6.642660612621217,False,vehicle_local_position
normal:commander_nav_state_override__2019-01-18__08_39_38__baseline,45.6,4.71321695677853,6.642660612621217,False,vehicle_local_position
normal:commander_nav_state_override__2019-01-18__08_39_38__baseline,46.4,3.7754941304951437,6.642660612621217,False,vehicle_local_position
normal:commander_nav_state_override__2019-01-18__08_39_38__baseline,47.2,4.562205672264099,6.642660612621217,False,vehicle_local_position
normal:commander_nav_state_override__2019-01-18__08_39_38__baseline,48.0,6.314139202501919,6.642660612621217,False,actuator_outputs
normal:commander_nav_state_override__2019-01-18__08_39_38__baseline,48.8,4.531859847728552,6.642660612621217,False,vehicle_local_position
normal:commander_nav_state_override__2019-01-18__08_39_38__baseline,49.6,6.4885029870112,6.642660612621217,False,actuator_outputs
normal:commander_nav_state_override__2019-01-18__08_39_38__baseline,50.4,5.28566685902498,6.642660612621217,False,vehicle_rates_setpoint
normal:commander_nav_state_override__2019-01-18__08_39_38__baseline,51.2,5.452864412491456,6.642660612621217,False,vehicle_local_position
normal:commander_nav_state_override__2019-01-18__08_39_38__baseline,52.0,4.142896305616211,6.642660612621217,False,vehicle_local_position
normal:commander_nav_state_override__2019-01-18__08_39_38__baseline,52.8,9.093904746384828,6.642660612621217,False,vehicle_local_position
normal:commander_nav_state_override__2019-01-18__08_39_38__baseline,53.6,7.680916893003268,6.642660612621217,False,vehicle_local_position
normal:commander_nav_state_override__2019-01-18__08_39_38__baseline,54.4,3.35833497952229,6.642660612621217,False,vehicle_local_position
normal:commander_nav_state_override__2019-01-18__08_39_38__baseline,55.2,5.320391178978831,6.642660612621217,False,vehicle_local_position
normal:commander_nav_state_override__2019-01-18__08_39_38__baseline,56.0,18.3786141872406,6.642660612621217,False,actuator_controls_0
normal:commander_nav_state_override__2019-01-18__08_39_38__baseline,56.8,20.838462114334106,6.642660612621217,False,vehicle_status
normal:commander_nav_state_override__2019-01-18__08_39_38__baseline,57.6,4.943914079253696,6.642660612621217,False,vehicle_local_position
normal:commander_nav_state_override__2019-01-18__08_39_38__baseline,58.4,4.759092330932617,6.642660612621217,False,vehicle_status
normal:commander_nav_state_override__2019-01-18__08_39_38__baseline,59.2,4.759092330932617,6.642660612621217,False,vehicle_status
normal:commander_nav_state_override__2019-01-18__08_39_38__baseline,60.0,7.947622752612246,6.642660612621217,False,vehicle_local_position
normal:commander_nav_state_override__2019-01-18__08_39_38__baseline,60.8,7.2236590564544505,6.642660612621217,False,vehicle_local_position
normal:commander_nav_state_override__2019-01-18__08_39_38__baseline,61.6,4.759092330932617,6.642660612621217,False,vehicle_status
normal:commander_nav_state_override__2019-01-18__08_39_38__baseline,62.4,4.759092330932617,6.642660612621217,False,vehicle_status
normal:commander_nav_state_override__2019-01-18__08_39_38__baseline,63.2,9.378149509429932,6.642660612621217,False,vehicle_local_position
normal:commander_nav_state_override__2019-01-18__08_39_38__baseline,64.0,45.6465208530426,6.642660612621217,False,vehicle_land_detected
normal:commander_nav_state_override__2019-01-18__08_39_38__baseline,64.8,31.33716106414795,6.642660612621217,True,vehicle_land_detected
normal:commander_nav_state_override__2019-01-18__08_39_38__baseline,65.6,20.303726196289062,6.642660612621217,True,vehicle_land_detected
normal:commander_nav_state_override__2019-01-18__08_39_38__baseline,66.4,20.303726196289062,6.642660612621217,True,vehicle_land_detected
normal:commander_nav_state_override__2019-01-18__08_39_38__baseline,67.2,21.623504161834717,6.642660612621217,True,actuator_controls_0
normal:ekf2_innovation_bias__2019-01-18__08_39_38__baseline,9.6,1.0789068293526218,6.642660612621217,False,vehicle_attitude
normal:ekf2_innovation_bias__2019-01-18__08_39_38__baseline,10.4,0.8502704890498781,6.642660612621217,False,sensor_combined
normal:ekf2_innovation_bias__2019-01-18__08_39_38__baseline,11.2,1.0622644846324698,6.642660612621217,False,vehicle_attitude
normal:ekf2_innovation_bias__2019-01-18__08_39_38__baseline,12.0,1.0622644846324698,6.642660612621217,False,vehicle_attitude
normal:ekf2_innovation_bias__2019-01-18__08_39_38__baseline,12.8,1.2111655436855693,6.642660612621217,False,vehicle_attitude
normal:ekf2_innovation_bias__2019-01-18__08_39_38__baseline,13.6,1.4756017141525024,6.642660612621217,False,vehicle_attitude
normal:ekf2_innovation_bias__2019-01-18__08_39_38__baseline,14.4,1.200591100719395,6.642660612621217,False,vehicle_attitude
normal:ekf2_innovation_bias__2019-01-18__08_39_38__baseline,15.2,1.4039937610119229,6.642660612621217,False,vehicle_attitude
normal:ekf2_innovation_bias__2019-01-18__08_39_38__baseline,16.0,0.7749875255705718,6.642660612621217,False,vehicle_attitude
normal:ekf2_innovation_bias__2019-01-18__08_39_38__baseline,16.8,0.9215844386187052,6.642660612621217,False,sensor_combined
normal:ekf2_innovation_bias__2019-01-18__08_39_38__baseline,17.6,0.5789810340813135,6.642660612621217,False,vehicle_attitude
normal:ekf2_innovation_bias__2019-01-18__08_39_38__baseline,18.4,1.3316147985399278,6.642660612621217,False,sensor_combined
normal:ekf2_innovation_bias__2019-01-18__08_39_38__baseline,19.2,1.7846966381818097,6.642660612621217,False,vehicle_attitude
normal:ekf2_innovation_bias__2019-01-18__08_39_38__baseline,20.0,1.701008131239854,6.642660612621217,False,vehicle_attitude
normal:ekf2_innovation_bias__2019-01-18__08_39_38__baseline,20.8,1.496199083265157,6.642660612621217,False,vehicle_attitude
normal:ekf2_innovation_bias__2019-01-18__08_39_38__baseline,21.6,1.59495717554076,6.642660612621217,False,sensor_combined
normal:ekf2_innovation_bias__2019-01-18__08_39_38__baseline,22.4,1.1958572051200265,6.642660612621217,False,vehicle_attitude
normal:ekf2_innovation_bias__2019-01-18__08_39_38__baseline,23.2,1.466473887370909,6.642660612621217,False,sensor_combined
normal:ekf2_innovation_bias__2019-01-18__08_39_38__baseline,24.0,1.187757699640371,6.642660612621217,False,vehicle_attitude
normal:ekf2_innovation_bias__2019-01-18__08_39_38__baseline,24.8,1.187757699640371,6.642660612621217,False,vehicle_attitude
normal:ekf2_innovation_bias__2019-01-18__08_39_38__baseline,25.6,1.187757699640371,6.642660612621217,False,vehicle_attitude
normal:ekf2_innovation_bias__2019-01-18__08_39_38__baseline,26.4,1.5611832362750249,6.642660612621217,False,vehicle_attitude
normal:ekf2_innovation_bias__2019-01-18__08_39_38__baseline,27.2,1.7508741085740107,6.642660612621217,False,vehicle_attitude
normal:ekf2_innovation_bias__2019-01-18__08_39_38__baseline,28.0,1.6196465921160463,6.642660612621217,False,vehicle_attitude
normal:ekf2_innovation_bias__2019-01-18__08_39_38__baseline,28.8,2.3850161436070043,6.642660612621217,False,vehicle_attitude
normal:ekf2_innovation_bias__2019-01-18__08_39_38__baseline,29.6,1.4377625313790763,6.642660612621217,False,vehicle_attitude
normal:ekf2_innovation_bias__2019-01-18__08_39_38__baseline,30.4,1.5190822394853833,6.642660612621217,False,sensor_combined
normal:ekf2_innovation_bias__2019-01-18__08_39_38__baseline,31.2,4.804471958990574,6.642660612621217,False,vehicle_attitude
normal:ekf2_innovation_bias__2019-01-18__08_39_38__baseline,32.0,3.5298643529678033,6.642660612621217,False,vehicle_attitude
normal:ekf2_innovation_bias__2019-01-18__08_39_38__baseline,32.8,0.9919060790708429,6.642660612621217,False,vehicle_attitude
normal:ekf2_innovation_bias__2019-01-18__08_39_38__baseline,33.6,3.110645376603281,6.642660612621217,False,vehicle_attitude
normal:ekf2_innovation_bias__2019-01-18__08_39_38__baseline,34.4,1.7548755065148738,6.642660612621217,False,vehicle_attitude
normal:ekf2_innovation_bias__2019-01-18__08_39_38__baseline,35.2,1.4807917218190554,6.642660612621217,False,vehicle_attitude
normal:ekf2_innovation_bias__2019-01-18__08_39_38__baseline,36.0,1.0015893598928018,6.642660612621217,False,vehicle_attitude
normal:ekf2_innovation_bias__2019-01-18__08_39_38__baseline,36.8,3.966121785248908,6.642660612621217,False,vehicle_attitude
normal:ekf2_innovation_bias__2019-01-18__08_39_38__baseline,37.6,0.8620777483971388,6.642660612621217,False,sensor_combined
normal:ekf2_innovation_bias__2019-01-18__08_39_38__baseline,38.4,0.9793077143507046,6.642660612621217,False,vehicle_attitude
normal:ekf2_innovation_bias__2019-01-18__08_39_38__baseline,39.2,1.013257581058991,6.642660612621217,False,vehicle_attitude
normal:ekf2_innovation_bias__2019-01-18__08_39_38__baseline,40.0,1.013257581058991,6.642660612621217,False,vehicle_attitude
normal:ekf2_innovation_bias__2019-01-18__08_39_38__baseline,40.8,3.9703128842526967,6.642660612621217,False,vehicle_attitude
normal:ekf2_innovation_bias__2019-01-18__08_39_38__baseline,41.6,0.9901965344410029,6.642660612621217,False,vehicle_attitude
normal:ekf2_innovation_bias__2019-01-18__08_39_38__baseline,42.4,1.0796397808578764,6.642660612621217,False,vehicle_attitude
normal:ekf2_innovation_bias__2019-01-18__08_39_38__baseline,43.2,1.0796397808578764,6.642660612621217,False,vehicle_attitude
normal:ekf2_innovation_bias__2019-01-18__08_39_38__baseline,44.0,1.142110842971134,6.642660612621217,False,sensor_combined
normal:ekf2_innovation_bias__2019-01-18__08_39_38__baseline,44.8,1.3952750297661802,6.642660612621217,False,vehicle_attitude
normal:ekf2_innovation_bias__2019-01-18__08_39_38__baseline,45.6,1.3952750297661802,6.642660612621217,False,vehicle_attitude
normal:ekf2_innovation_bias__2019-01-18__08_39_38__baseline,46.4,1.3952750297661802,6.642660612621217,False,vehicle_attitude
normal:ekf2_innovation_bias__2019-01-18__08_39_38__baseline,47.2,1.3970870535986033,6.642660612621217,False,vehicle_attitude
normal:ekf2_innovation_bias__2019-01-18__08_39_38__baseline,48.0,6.062217801809311,6.642660612621217,False,vehicle_attitude
normal:ekf2_innovation_bias__2019-01-18__08_39_38__baseline,48.8,11.196435540914536,6.642660612621217,False,vehicle_attitude
normal:ekf2_innovation_bias__2019-01-18__08_39_38__baseline,49.6,9.904962629079819,6.642660612621217,False,vehicle_attitude
normal:ekf2_innovation_bias__2019-01-18__08_39_38__baseline,50.4,11.196435540914536,6.642660612621217,True,vehicle_attitude
normal:ekf2_innovation_bias__2019-01-18__08_39_38__baseline,51.2,13.105211108922958,6.642660612621217,True,vehicle_attitude
normal:ekf2_innovation_bias__2019-01-18__08_39_38__baseline,52.0,9.904962629079819,6.642660612621217,True,vehicle_attitude
normal:ekf2_innovation_bias__2019-01-18__08_39_38__baseline,52.8,1.5940119738469174,6.642660612621217,False,vehicle_attitude
normal:ekf2_innovation_bias__2019-01-18__08_39_38__baseline,53.6,1.520676126935953,6.642660612621217,False,vehicle_attitude
normal:ekf2_innovation_bias__2019-01-18__08_39_38__baseline,54.4,1.77200131814386,6.642660612621217,False,vehicle_attitude
normal:ekf2_innovation_bias__2019-01-18__08_39_38__baseline,55.2,1.5403683253592981,6.642660612621217,False,vehicle_attitude
normal:ekf2_innovation_bias__2019-01-18__08_39_38__baseline,56.0,1.9555747066232205,6.642660612621217,False,vehicle_attitude
normal:ekf2_innovation_bias__2019-01-18__08_39_38__baseline,56.8,4.542765987743287,6.642660612621217,False,vehicle_attitude
normal:ekf2_innovation_bias__2019-01-18__08_39_38__baseline,57.6,2.0013947669801855,6.642660612621217,False,vehicle_attitude
normal:ekf2_innovation_bias__2019-01-18__08_39_38__baseline,58.4,1.1021106284732118,6.642660612621217,False,sensor_combined
normal:ekf2_innovation_bias__2019-01-18__08_39_38__baseline,59.2,5.211091688186784,6.642660612621217,False,vehicle_attitude
normal:ekf2_innovation_bias__2019-01-18__08_39_38__baseline,60.0,1.4072188657932345,6.642660612621217,False,sensor_combined
normal:ekf2_innovation_bias__2019-01-18__08_39_38__baseline,60.8,2.2590016882636124,6.642660612621217,False,vehicle_attitude
normal:ekf2_innovation_bias__2019-01-18__08_39_38__baseline,61.6,2.1202920853883143,6.642660612621217,False,sensor_combined
normal:ekf2_innovation_bias__2019-01-18__08_39_38__baseline,62.4,2.329230027583571,6.642660612621217,False,sensor_combined
normal:ekf2_innovation_bias__2019-01-18__08_39_38__baseline,63.2,2.174836314659988,6.642660612621217,False,sensor_combined
normal:ekf2_innovation_bias__2019-01-18__08_39_38__baseline,64.0,1.9084553010184337,6.642660612621217,False,sensor_combined
normal:ekf2_innovation_bias__2019-01-18__08_39_38__baseline,64.8,2.294512664238202,6.642660612621217,False,vehicle_rates_setpoint
normal:ekf2_innovation_bias__2019-01-18__08_39_38__baseline,65.6,6.2859344482421875,6.642660612621217,False,vehicle_land_detected
normal:ekf2_innovation_bias__2019-01-18__08_39_38__baseline,66.4,6.2859344482421875,6.642660612621217,False,vehicle_land_detected
normal:ekf2_innovation_bias__2019-01-18__08_39_38__baseline,67.2,6.2859344482421875,6.642660612621217,False,vehicle_land_detected
normal:inav_local_z_freeze__2019-01-18__08_39_38__baseline,9.6,8.79790186882019,6.642660612621217,False,vehicle_rates_setpoint
normal:inav_local_z_freeze__2019-01-18__08_39_38__baseline,10.4,6.335580348968506,6.642660612621217,False,manual_control_setpoint
normal:inav_local_z_freeze__2019-01-18__08_39_38__baseline,11.2,7.294817689862424,6.642660612621217,False,vehicle_rates_setpoint
normal:inav_local_z_freeze__2019-01-18__08_39_38__baseline,12.0,6.788843870162964,6.642660612621217,False,vehicle_status
normal:inav_local_z_freeze__2019-01-18__08_39_38__baseline,12.8,19.791712649166584,6.642660612621217,True,vehicle_status
normal:inav_local_z_freeze__2019-01-18__08_39_38__baseline,13.6,7.01879620552063,6.642660612621217,True,actuator_controls_0
normal:inav_local_z_freeze__2019-01-18__08_39_38__baseline,14.4,3.9299702644348145,6.642660612621217,False,vehicle_rates_setpoint
normal:inav_local_z_freeze__2019-01-18__08_39_38__baseline,15.2,4.116989374160767,6.642660612621217,False,actuator_outputs
normal:inav_local_z_freeze__2019-01-18__08_39_38__baseline,16.0,4.1215819120407104,6.642660612621217,False,vehicle_rates_setpoint
normal:inav_local_z_freeze__2019-01-18__08_39_38__baseline,16.8,5.347367280879919,6.642660612621217,False,actuator_outputs
normal:inav_local_z_freeze__2019-01-18__08_39_38__baseline,17.6,3.7415730981014255,6.642660612621217,False,actuator_outputs
normal:inav_local_z_freeze__2019-01-18__08_39_38__baseline,18.4,3.59564020238923,6.642660612621217,False,vehicle_local_position
normal:inav_local_z_freeze__2019-01-18__08_39_38__baseline,19.2,5.618792383648961,6.642660612621217,False,actuator_outputs
normal:inav_local_z_freeze__2019-01-18__08_39_38__baseline,20.0,3.5390348317976943,6.642660612621217,False,ekf2_innovations
normal:inav_local_z_freeze__2019-01-18__08_39_38__baseline,20.8,3.5518133640289307,6.642660612621217,False,vehicle_attitude_setpoint
normal:inav_local_z_freeze__2019-01-18__08_39_38__baseline,21.6,2.9658031463623047,6.642660612621217,False,vehicle_status
normal:inav_local_z_freeze__2019-01-18__08_39_38__baseline,22.4,4.308208227157593,6.642660612621217,False,actuator_outputs
normal:inav_local_z_freeze__2019-01-18__08_39_38__baseline,23.2,4.174419045448303,6.642660612621217,False,actuator_outputs
normal:inav_local_z_freeze__2019-01-18__08_39_38__baseline,24.0,3.5169576356352903,6.642660612621217,False,vehicle_local_position
normal:inav_local_z_freeze__2019-01-18__08_39_38__baseline,24.8,3.826896548271179,6.642660612621217,False,actuator_outputs
normal:inav_local_z_freeze__2019-01-18__08_39_38__baseline,25.6,3.179579327047178,6.642660612621217,False,actuator_outputs
normal:inav_local_z_freeze__2019-01-18__08_39_38__baseline,26.4,3.271544575691223,6.642660612621217,False,actuator_outputs
normal:inav_local_z_freeze__2019-01-18__08_39_38__baseline,27.2,3.2116626952759764,6.642660612621217,False,actuator_outputs
normal:inav_local_z_freeze__2019-01-18__08_39_38__baseline,28.0,3.3843576908111572,6.642660612621217,False,actuator_outputs
normal:inav_local_z_freeze__2019-01-18__08_39_38__baseline,28.8,4.606054127216339,6.642660612621217,False,actuator_outputs
normal:inav_local_z_freeze__2019-01-18__08_39_38__baseline,29.6,5.053755342960358,6.642660612621217,False,actuator_outputs
normal:inav_local_z_freeze__2019-01-18__08_39_38__baseline,30.4,3.366289734840393,6.642660612621217,False,actuator_outputs
normal:inav_local_z_freeze__2019-01-18__08_39_38__baseline,31.2,2.496390697535216,6.642660612621217,False,vehicle_attitude
normal:inav_local_z_freeze__2019-01-18__08_39_38__baseline,32.0,3.254739937349526,6.642660612621217,False,vehicle_attitude
normal:inav_local_z_freeze__2019-01-18__08_39_38__baseline,32.8,2.504557040529935,6.642660612621217,False,vehicle_attitude
normal:inav_local_z_freeze__2019-01-18__08_39_38__baseline,33.6,7.009787330773894,6.642660612621217,False,vehicle_local_position
normal:inav_local_z_freeze__2019-01-18__08_39_38__baseline,34.4,4.300836916664468,6.642660612621217,False,vehicle_rates_setpoint
normal:inav_local_z_freeze__2019-01-18__08_39_38__baseline,35.2,4.300836916664468,6.642660612621217,False,vehicle_rates_setpoint
normal:inav_local_z_freeze__2019-01-18__08_39_38__baseline,36.0,5.223545940954292,6.642660612621217,False,ekf2_innovations
normal:inav_local_z_freeze__2019-01-18__08_39_38__baseline,36.8,5.584176765760137,6.642660612621217,False,vehicle_rates_setpoint
normal:inav_local_z_freeze__2019-01-18__08_39_38__baseline,37.6,5.416631727918573,6.642660612621217,False,vehicle_rates_setpoint
normal:inav_local_z_freeze__2019-01-18__08_39_38__baseline,38.4,5.6524906493967055,6.642660612621217,False,vehicle_rates_setpoint
normal:inav_local_z_freeze__2019-01-18__08_39_38__baseline,39.2,7.2429536969062225,6.642660612621217,False,vehicle_rates_setpoint
normal:inav_local_z_freeze__2019-01-18__08_39_38__baseline,40.0,6.403135497160433,6.642660612621217,False,vehicle_rates_setpoint
normal:inav_local_z_freeze__2019-01-18__08_39_38__baseline,40.8,5.898264234708843,6.642660612621217,False,vehicle_rates_setpoint
normal:inav_local_z_freeze__2019-01-18__08_39_38__baseline,41.6,5.266181888084423,6.642660612621217,False,vehicle_rates_setpoint
normal:inav_local_z_freeze__2019-01-18__08_39_38__baseline,42.4,4.137983956900223,6.642660612621217,False,vehicle_rates_setpoint
normal:inav_local_z_freeze__2019-01-18__08_39_38__baseline,43.2,3.8344564758069746,6.642660612621217,False,vehicle_local_position
normal:inav_local_z_freeze__2019-01-18__08_39_38__baseline,44.0,3.4803313600284005,6.642660612621217,False,vehicle_attitude
normal:inav_local_z_freeze__2019-01-18__08_39_38__baseline,44.8,4.523728832148811,6.642660612621217,False,vehicle_rates_setpoint
normal:inav_local_z_freeze__2019-01-18__08_39_38__baseline,45.6,2.831452352158697,6.642660612621217,False,actuator_outputs
normal:inav_local_z_freeze__2019-01-18__08_39_38__baseline,46.4,3.603900553820287,6.642660612621217,False,vehicle_local_position
normal:inav_local_z_freeze__2019-01-18__08_39_38__baseline,47.2,2.5610578060150146,6.642660612621217,False,actuator_outputs
normal:inav_local_z_freeze__2019-01-18__08_39_38__baseline,48.0,5.861943598986292,6.642660612621217,False,actuator_outputs
normal:inav_local_z_freeze__2019-01-18__08_39_38__baseline,48.8,4.333579838275909,6.642660612621217,False,actuator_outputs
normal:inav_local_z_freeze__2019-01-18__08_39_38__baseline,49.6,5.751492359394987,6.642660612621217,False,actuator_outputs
normal:inav_local_z_freeze__2019-01-18__08_39_38__baseline,50.4,5.839796952301888,6.642660612621217,False,vehicle_rates_setpoint
normal:inav_local_z_freeze__2019-01-18__08_39_38__baseline,51.2,4.046322565570225,6.642660612621217,False,vehicle_rates_setpoint
normal:inav_local_z_freeze__2019-01-18__08_39_38__baseline,52.0,4.288686308595595,6.642660612621217,False,vehicle_rates_setpoint
normal:inav_local_z_freeze__2019-01-18__08_39_38__baseline,52.8,3.1779100386618655,6.642660612621217,False,vehicle_rates_setpoint
normal:inav_local_z_freeze__2019-01-18__08_39_38__baseline,53.6,4.773532748222351,6.642660612621217,False,actuator_outputs
normal:inav_local_z_freeze__2019-01-18__08_39_38__baseline,54.4,3.849608221135878,6.642660612621217,False,vehicle_attitude
normal:inav_local_z_freeze__2019-01-18__08_39_38__baseline,55.2,3.5294168695908095,6.642660612621217,False,vehicle_attitude
normal:inav_local_z_freeze__2019-01-18__08_39_38__baseline,56.0,18.038590260082184,6.642660612621217,False,vehicle_rates_setpoint
normal:inav_local_z_freeze__2019-01-18__08_39_38__baseline,56.8,4.885942534158214,6.642660612621217,False,vehicle_local_position
normal:inav_local_z_freeze__2019-01-18__08_39_38__baseline,57.6,4.95063773933407,6.642660612621217,False,vehicle_attitude
normal:inav_local_z_freeze__2019-01-18__08_39_38__baseline,58.4,4.456409776000379,6.642660612621217,False,vehicle_attitude
normal:inav_local_z_freeze__2019-01-18__08_39_38__baseline,59.2,4.19474528553398,6.642660612621217,False,vehicle_rates_setpoint
normal:inav_local_z_freeze__2019-01-18__08_39_38__baseline,60.0,4.063539478529824,6.642660612621217,False,actuator_outputs
normal:inav_local_z_freeze__2019-01-18__08_39_38__baseline,60.8,3.715039173553525,6.642660612621217,False,vehicle_attitude
normal:inav_local_z_freeze__2019-01-18__08_39_38__baseline,61.6,4.240590894364914,6.642660612621217,False,vehicle_rates_setpoint
normal:inav_local_z_freeze__2019-01-18__08_39_38__baseline,62.4,2.5546137065101338,6.642660612621217,False,vehicle_local_position
normal:inav_local_z_freeze__2019-01-18__08_39_38__baseline,63.2,5.34074681213263,6.642660612621217,False,vehicle_rates_setpoint
normal:inav_local_z_freeze__2019-01-18__08_39_38__baseline,64.0,47.42876410484314,6.642660612621217,False,vehicle_land_detected
normal:inav_local_z_freeze__2019-01-18__08_39_38__baseline,64.8,27.883691787719727,6.642660612621217,False,vehicle_land_detected
normal:inav_local_z_freeze__2019-01-18__08_39_38__baseline,65.6,31.678390502929688,6.642660612621217,True,vehicle_land_detected
normal:inav_local_z_freeze__2019-01-18__08_39_38__baseline,66.4,31.678390502929688,6.642660612621217,True,vehicle_land_detected
normal:inav_local_z_freeze__2019-01-18__08_39_38__baseline,67.2,31.678390502929688,6.642660612621217,True,vehicle_land_detected
normal:inav_local_z_freeze__2019-01-18__08_39_38__baseline,68.0,679.5626831054688,6.642660612621217,True,vehicle_status
normal:inav_local_z_freeze__2019-01-18__08_39_38__baseline,68.8,5076.08154296875,6.642660612621217,True,vehicle_status
normal:land_detector_state_inversion__2019-01-18__08_39_38__baseline,9.6,36.664626598358154,6.642660612621217,False,vehicle_local_position
normal:land_detector_state_inversion__2019-01-18__08_39_38__baseline,10.4,36.664626598358154,6.642660612621217,False,vehicle_local_position
normal:land_detector_state_inversion__2019-01-18__08_39_38__baseline,11.2,10.678348541259766,6.642660612621217,True,vehicle_local_position
normal:land_detector_state_inversion__2019-01-18__08_39_38__baseline,12.0,7.831646203994751,6.642660612621217,True,vehicle_status
normal:land_detector_state_inversion__2019-01-18__08_39_38__baseline,12.8,19.628833401948214,6.642660612621217,True,vehicle_status
normal:land_detector_state_inversion__2019-01-18__08_39_38__baseline,13.6,7.219188213348389,6.642660612621217,True,actuator_controls_0
normal:land_detector_state_inversion__2019-01-18__08_39_38__baseline,14.4,5.037616485649729,6.642660612621217,False,vehicle_local_position
normal:land_detector_state_inversion__2019-01-18__08_39_38__baseline,15.2,3.768587112426758,6.642660612621217,False,actuator_outputs
normal:land_detector_state_inversion__2019-01-18__08_39_38__baseline,16.0,3.953448609178755,6.642660612621217,False,vehicle_local_position
normal:land_detector_state_inversion__2019-01-18__08_39_38__baseline,16.8,7.8960566445081595,6.642660612621217,False,vehicle_local_position
normal:land_detector_state_inversion__2019-01-18__08_39_38__baseline,17.6,5.9669802999267985,6.642660612621217,False,vehicle_local_position
normal:land_detector_state_inversion__2019-01-18__08_39_38__baseline,18.4,4.152103676721765,6.642660612621217,False,vehicle_local_position
normal:land_detector_state_inversion__2019-01-18__08_39_38__baseline,19.2,6.107710826924996,6.642660612621217,False,actuator_outputs
normal:land_detector_state_inversion__2019-01-18__08_39_38__baseline,20.0,3.607844725355888,6.642660612621217,False,ekf2_innovations
normal:land_detector_state_inversion__2019-01-18__08_39_38__baseline,20.8,5.673552482264797,6.642660612621217,False,vehicle_local_position
normal:land_detector_state_inversion__2019-01-18__08_39_38__baseline,21.6,6.426654111251839,6.642660612621217,False,vehicle_local_position
normal:land_detector_state_inversion__2019-01-18__08_39_38__baseline,22.4,5.361807942390442,6.642660612621217,False,vehicle_local_position
normal:land_detector_state_inversion__2019-01-18__08_39_38__baseline,23.2,5.9451173358518234,6.642660612621217,False,vehicle_local_position
normal:land_detector_state_inversion__2019-01-18__08_39_38__baseline,24.0,4.050102019829723,6.642660612621217,False,vehicle_local_position
normal:land_detector_state_inversion__2019-01-18__08_39_38__baseline,24.8,4.714265465736389,6.642660612621217,False,actuator_outputs
normal:land_detector_state_inversion__2019-01-18__08_39_38__baseline,25.6,3.220298318937281,6.642660612621217,False,actuator_outputs
normal:land_detector_state_inversion__2019-01-18__08_39_38__baseline,26.4,4.108220323494954,6.642660612621217,False,vehicle_local_position
normal:land_detector_state_inversion__2019-01-18__08_39_38__baseline,27.2,6.0391384463704245,6.642660612621217,False,vehicle_local_position
normal:land_detector_state_inversion__2019-01-18__08_39_38__baseline,28.0,4.130431157300651,6.642660612621217,False,vehicle_local_position
normal:land_detector_state_inversion__2019-01-18__08_39_38__baseline,28.8,5.19241988658905,6.642660612621217,False,actuator_outputs
normal:land_detector_state_inversion__2019-01-18__08_39_38__baseline,29.6,8.766288757324219,6.642660612621217,False,vehicle_land_detected
normal:land_detector_state_inversion__2019-01-18__08_39_38__baseline,30.4,8.746051788330078,6.642660612621217,False,vehicle_land_detected
normal:land_detector_state_inversion__2019-01-18__08_39_38__baseline,31.2,4.188710896226612,6.642660612621217,False,vehicle_local_position
normal:land_detector_state_inversion__2019-01-18__08_39_38__baseline,32.0,8.769664764404297,6.642660612621217,False,vehicle_land_detected
normal:land_detector_state_inversion__2019-01-18__08_39_38__baseline,32.8,2.878895772086881,6.642660612621217,False,vehicle_local_position
normal:land_detector_state_inversion__2019-01-18__08_39_38__baseline,33.6,6.797794963777746,6.642660612621217,False,vehicle_local_position
normal:land_detector_state_inversion__2019-01-18__08_39_38__baseline,34.4,8.773031234741211,6.642660612621217,False,vehicle_land_detected
normal:land_detector_state_inversion__2019-01-18__08_39_38__baseline,35.2,3.4243389115993867,6.642660612621217,False,vehicle_local_position
normal:land_detector_state_inversion__2019-01-18__08_39_38__baseline,36.0,6.02591182769112,6.642660612621217,False,ekf2_innovations
normal:land_detector_state_inversion__2019-01-18__08_39_38__baseline,36.8,8.776397705078125,6.642660612621217,False,vehicle_land_detected
normal:land_detector_state_inversion__2019-01-18__08_39_38__baseline,37.6,4.472035012606112,6.642660612621217,False,vehicle_local_position
normal:land_detector_state_inversion__2019-01-18__08_39_38__baseline,38.4,8.800015449523926,6.642660612621217,False,vehicle_land_detected
normal:land_detector_state_inversion__2019-01-18__08_39_38__baseline,39.2,8.779773712158203,6.642660612621217,False,vehicle_land_detected
normal:land_detector_state_inversion__2019-01-18__08_39_38__baseline,40.0,4.660839762684805,6.642660612621217,False,vehicle_local_position
normal:land_detector_state_inversion__2019-01-18__08_39_38__baseline,40.8,4.117585441810827,6.642660612621217,False,vehicle_rates_setpoint
normal:land_detector_state_inversion__2019-01-18__08_39_38__baseline,41.6,4.4816205968520615,6.642660612621217,False,actuator_outputs
normal:land_detector_state_inversion__2019-01-18__08_39_38__baseline,42.4,4.3039993703775306,6.642660612621217,False,vehicle_local_position
normal:land_detector_state_inversion__2019-01-18__08_39_38__baseline,43.2,4.017190337181091,6.642660612621217,False,actuator_outputs
normal:land_detector_state_inversion__2019-01-18__08_39_38__baseline,44.0,3.356405248298733,6.642660612621217,False,vehicle_attitude
normal:land_detector_state_inversion__2019-01-18__08_39_38__baseline,44.8,6.054974985951172,6.642660612621217,False,vehicle_local_position
normal:land_detector_state_inversion__2019-01-18__08_39_38__baseline,45.6,4.510735272647638,6.642660612621217,False,vehicle_local_position
normal:land_detector_state_inversion__2019-01-18__08_39_38__baseline,46.4,4.286137433721218,6.642660612621217,False,vehicle_local_position
normal:land_detector_state_inversion__2019-01-18__08_39_38__baseline,47.2,4.709102213382721,6.642660612621217,False,vehicle_local_position
normal:land_detector_state_inversion__2019-01-18__08_39_38__baseline,48.0,6.747732464025166,6.642660612621217,False,actuator_outputs
normal:land_detector_state_inversion__2019-01-18__08_39_38__baseline,48.8,5.207887130664622,6.642660612621217,False,vehicle_local_position
normal:land_detector_state_inversion__2019-01-18__08_39_38__baseline,49.6,6.761197280283892,6.642660612621217,False,actuator_outputs
normal:land_detector_state_inversion__2019-01-18__08_39_38__baseline,50.4,5.599337460600293,6.642660612621217,False,vehicle_rates_setpoint
normal:land_detector_state_inversion__2019-01-18__08_39_38__baseline,51.2,6.073551208061703,6.642660612621217,False,vehicle_local_position
normal:land_detector_state_inversion__2019-01-18__08_39_38__baseline,52.0,3.91356754549709,6.642660612621217,False,vehicle_local_position
normal:land_detector_state_inversion__2019-01-18__08_39_38__baseline,52.8,9.334660703123028,6.642660612621217,False,vehicle_local_position
normal:land_detector_state_inversion__2019-01-18__08_39_38__baseline,53.6,7.726596478551108,6.642660612621217,False,vehicle_local_position
normal:land_detector_state_inversion__2019-01-18__08_39_38__baseline,54.4,3.5292190313339233,6.642660612621217,False,actuator_outputs
normal:land_detector_state_inversion__2019-01-18__08_39_38__baseline,55.2,6.171861526330438,6.642660612621217,False,vehicle_local_position
normal:land_detector_state_inversion__2019-01-18__08_39_38__baseline,56.0,17.828865886863923,6.642660612621217,False,vehicle_rates_setpoint
normal:land_detector_state_inversion__2019-01-18__08_39_38__baseline,56.8,4.665117263793945,6.642660612621217,False,vehicle_status
normal:land_detector_state_inversion__2019-01-18__08_39_38__baseline,57.6,5.110148427652464,6.642660612621217,False,vehicle_local_position
normal:land_detector_state_inversion__2019-01-18__08_39_38__baseline,58.4,3.773736357688904,6.642660612621217,False,vehicle_local_position
normal:land_detector_state_inversion__2019-01-18__08_39_38__baseline,59.2,4.058123321083146,6.642660612621217,False,vehicle_rates_setpoint
normal:land_detector_state_inversion__2019-01-18__08_39_38__baseline,60.0,8.255452942587093,6.642660612621217,False,vehicle_local_position
normal:land_detector_state_inversion__2019-01-18__08_39_38__baseline,60.8,6.9802547325017335,6.642660612621217,False,vehicle_local_position
normal:land_detector_state_inversion__2019-01-18__08_39_38__baseline,61.6,4.667606865377866,6.642660612621217,False,vehicle_rates_setpoint
normal:land_detector_state_inversion__2019-01-18__08_39_38__baseline,62.4,4.217267022575124,6.642660612621217,False,vehicle_local_position
normal:land_detector_state_inversion__2019-01-18__08_39_38__baseline,63.2,9.519912004470825,6.642660612621217,False,vehicle_local_position
normal:land_detector_state_inversion__2019-01-18__08_39_38__baseline,64.0,12.89982795715332,6.642660612621217,False,vehicle_local_position
normal:land_detector_state_inversion__2019-01-18__08_39_38__baseline,64.8,19.40046524280485,6.642660612621217,True,vehicle_rates_setpoint
normal:land_detector_state_inversion__2019-01-18__08_39_38__baseline,65.6,12.118972837924957,6.642660612621217,True,vehicle_local_position
normal:land_detector_state_inversion__2019-01-18__08_39_38__baseline,66.4,14.023652076721191,6.642660612621217,True,vehicle_local_position
normal:land_detector_state_inversion__2019-01-18__08_39_38__baseline,67.2,10.199277400970459,6.642660612621217,True,manual_control_setpoint
normal:land_detector_state_inversion__2019-01-18__08_39_38__baseline,68.0,853.18359375,6.642660612621217,True,vehicle_status
normal:land_detector_state_inversion__2019-01-18__08_39_38__baseline,68.8,5855.79833984375,6.642660612621217,True,vehicle_status
fault:commander_nav_state_override__2019-01-18__08_39_38__fault,9.6,1.0322617844672668,6.642660612621217,False,vehicle_attitude
fault:commander_nav_state_override__2019-01-18__08_39_38__fault,10.4,0.963360071182251,6.642660612621217,False,actuator_outputs
fault:commander_nav_state_override__2019-01-18__08_39_38__fault,11.2,1.3458025455474854,6.642660612621217,False,actuator_outputs
fault:commander_nav_state_override__2019-01-18__08_39_38__fault,12.0,0.8287104776599848,6.642660612621217,False,vehicle_attitude
fault:commander_nav_state_override__2019-01-18__08_39_38__fault,12.8,1.0100253575150044,6.642660612621217,False,sensor_combined
fault:commander_nav_state_override__2019-01-18__08_39_38__fault,13.6,0.9779168717327977,6.642660612621217,False,vehicle_attitude
fault:commander_nav_state_override__2019-01-18__08_39_38__fault,14.4,0.9087300300598145,6.642660612621217,False,vehicle_rates_setpoint
fault:commander_nav_state_override__2019-01-18__08_39_38__fault,15.2,0.9362155690970565,6.642660612621217,False,sensor_combined
fault:commander_nav_state_override__2019-01-18__08_39_38__fault,16.0,0.8472931385040283,6.642660612621217,False,vehicle_rates_setpoint
fault:commander_nav_state_override__2019-01-18__08_39_38__fault,16.8,1.0469679032708603,6.642660612621217,False,vehicle_attitude
fault:commander_nav_state_override__2019-01-18__08_39_38__fault,17.6,1.302349226512723,6.642660612621217,False,vehicle_attitude
fault:commander_nav_state_override__2019-01-18__08_39_38__fault,18.4,1.5683917716383564,6.642660612621217,False,vehicle_attitude
fault:commander_nav_state_override__2019-01-18__08_39_38__fault,19.2,1.302349226512723,6.642660612621217,False,vehicle_attitude
fault:commander_nav_state_override__2019-01-18__08_39_38__fault,20.0,1.302349226512723,6.642660612621217,False,vehicle_attitude
fault:commander_nav_state_override__2019-01-18__08_39_38__fault,20.8,1.3814487755889278,6.642660612621217,False,vehicle_attitude
fault:commander_nav_state_override__2019-01-18__08_39_38__fault,21.6,1.1792585171397014,6.642660612621217,False,sensor_combined
fault:commander_nav_state_override__2019-01-18__08_39_38__fault,22.4,2.594550173585709,6.642660612621217,False,vehicle_attitude
fault:commander_nav_state_override__2019-01-18__08_39_38__fault,23.2,2.105061336942497,6.642660612621217,False,vehicle_attitude
fault:commander_nav_state_override__2019-01-18__08_39_38__fault,24.0,1.11075699045192,6.642660612621217,False,sensor_combined
fault:commander_nav_state_override__2019-01-18__08_39_38__fault,24.8,1.0117888450622559,6.642660612621217,False,vehicle_attitude_setpoint
fault:commander_nav_state_override__2019-01-18__08_39_38__fault,25.6,1.0731992472488272,6.642660612621217,False,sensor_combined
fault:commander_nav_state_override__2019-01-18__08_39_38__fault,26.4,1.1995816706164089,6.642660612621217,False,sensor_combined
fault:commander_nav_state_override__2019-01-18__08_39_38__fault,27.2,1.0117888450622559,6.642660612621217,False,vehicle_attitude_setpoint
fault:commander_nav_state_override__2019-01-18__08_39_38__fault,28.0,1.0117888450622559,6.642660612621217,False,vehicle_attitude_setpoint
fault:commander_nav_state_override__2019-01-18__08_39_38__fault,28.8,1.0117888450622559,6.642660612621217,False,vehicle_attitude_setpoint
fault:commander_nav_state_override__2019-01-18__08_39_38__fault,29.6,1.1058191042478216,6.642660612621217,False,vehicle_local_position
fault:commander_nav_state_override__2019-01-18__08_39_38__fault,30.4,51.83711051940918,6.642660612621217,False,vehicle_status
fault:commander_nav_state_override__2019-01-18__08_39_38__fault,31.2,65.4560375213623,6.642660612621217,False,vehicle_status
fault:commander_nav_state_override__2019-01-18__08_39_38__fault,32.0,65.4560375213623,6.642660612621217,True,vehicle_status
fault:commander_nav_state_override__2019-01-18__08_39_38__fault,32.8,65.4560375213623,6.642660612621217,True,vehicle_status
fault:commander_nav_state_override__2019-01-18__08_39_38__fault,33.6,65.4560375213623,6.642660612621217,True,vehicle_status
fault:commander_nav_state_override__2019-01-18__08_39_38__fault,34.4,65.4560375213623,6.642660612621217,True,vehicle_status
fault:commander_nav_state_override__2019-01-18__08_39_38__fault,35.2,65.4560375213623,6.642660612621217,True,vehicle_status
fault:commander_nav_state_override__2019-01-18__08_39_38__fault,36.0,65.4560375213623,6.642660612621217,True,vehicle_status
fault:commander_nav_state_override__2019-01-18__08_39_38__fault,36.8,65.4560375213623,6.642660612621217,True,vehicle_status
fault:commander_nav_state_override__2019-01-18__08_39_38__fault,37.6,65.4560375213623,6.642660612621217,True,vehicle_status
fault:commander_nav_state_override__2019-01-18__08_39_38__fault,38.4,65.4560375213623,6.642660612621217,True,vehicle_status
fault:commander_nav_state_override__2019-01-18__08_39_38__fault,39.2,65.4560375213623,6.642660612621217,True,vehicle_status
fault:commander_nav_state_override__2019-01-18__08_39_38__fault,40.0,65.4560375213623,6.642660612621217,True,vehicle_status
fault:commander_nav_state_override__2019-01-18__08_39_38__fault,40.8,65.4560375213623,6.642660612621217,True,vehicle_status
fault:commander_nav_state_override__2019-01-18__08_39_38__fault,41.6,65.4560375213623,6.642660612621217,True,vehicle_status
fault:commander_nav_state_override__2019-01-18__08_39_38__fault,42.4,65.4560375213623,6.642660612621217,True,vehicle_status
fault:commander_nav_state_override__2019-01-18__08_39_38__fault,43.2,65.4560375213623,6.642660612621217,True,vehicle_status
fault:commander_nav_state_override__2019-01-18__08_39_38__fault,44.0,65.4560375213623,6.642660612621217,True,vehicle_status
fault:commander_nav_state_override__2019-01-18__08_39_38__fault,44.8,65.4560375213623,6.642660612621217,True,vehicle_status
fault:commander_nav_state_override__2019-01-18__08_39_38__fault,45.6,65.4560375213623,6.642660612621217,True,vehicle_status
fault:commander_nav_state_override__2019-01-18__08_39_38__fault,46.4,65.4560375213623,6.642660612621217,True,vehicle_status
fault:commander_nav_state_override__2019-01-18__08_39_38__fault,47.2,65.4560375213623,6.642660612621217,True,vehicle_status
fault:commander_nav_state_override__2019-01-18__08_39_38__fault,48.0,65.4560375213623,6.642660612621217,True,vehicle_status
fault:commander_nav_state_override__2019-01-18__08_39_38__fault,48.8,65.4560375213623,6.642660612621217,True,vehicle_status
fault:commander_nav_state_override__2019-01-18__08_39_38__fault,49.6,65.4560375213623,6.642660612621217,True,vehicle_status
fault:commander_nav_state_override__2019-01-18__08_39_38__fault,50.4,65.4560375213623,6.642660612621217,True,vehicle_status
fault:commander_nav_state_override__2019-01-18__08_39_38__fault,51.2,65.4560375213623,6.642660612621217,True,vehicle_status
fault:commander_nav_state_override__2019-01-18__08_39_38__fault,52.0,65.4560375213623,6.642660612621217,True,vehicle_status
fault:commander_nav_state_override__2019-01-18__08_39_38__fault,52.8,65.4560375213623,6.642660612621217,True,vehicle_status
fault:commander_nav_state_override__2019-01-18__08_39_38__fault,53.6,65.4560375213623,6.642660612621217,True,vehicle_status
fault:commander_nav_state_override__2019-01-18__08_39_38__fault,54.4,65.4560375213623,6.642660612621217,True,vehicle_status
fault:commander_nav_state_override__2019-01-18__08_39_38__fault,55.2,65.4560375213623,6.642660612621217,True,vehicle_status
fault:commander_nav_state_override__2019-01-18__08_39_38__fault,56.0,65.4560375213623,6.642660612621217,True,vehicle_status
fault:commander_nav_state_override__2019-01-18__08_39_38__fault,56.8,65.4560375213623,6.642660612621217,True,vehicle_status
fault:commander_nav_state_override__2019-01-18__08_39_38__fault,57.6,65.4560375213623,6.642660612621217,True,vehicle_status
fault:commander_nav_state_override__2019-01-18__08_39_38__fault,58.4,65.4560375213623,6.642660612621217,True,vehicle_status
fault:commander_nav_state_override__2019-01-18__08_39_38__fault,59.2,65.4560375213623,6.642660612621217,True,vehicle_status
fault:commander_nav_state_override__2019-01-18__08_39_38__fault,60.0,65.4560375213623,6.642660612621217,True,vehicle_status
fault:commander_nav_state_override__2019-01-18__08_39_38__fault,60.8,65.4560375213623,6.642660612621217,True,vehicle_status
fault:commander_nav_state_override__2019-01-18__08_39_38__fault,61.6,65.4560375213623,6.642660612621217,True,vehicle_status
fault:commander_nav_state_override__2019-01-18__08_39_38__fault,62.4,65.4560375213623,6.642660612621217,True,vehicle_status
fault:commander_nav_state_override__2019-01-18__08_39_38__fault,63.2,65.4560375213623,6.642660612621217,True,vehicle_status
fault:commander_nav_state_override__2019-01-18__08_39_38__fault,64.0,65.4560375213623,6.642660612621217,True,vehicle_status
fault:commander_nav_state_override__2019-01-18__08_39_38__fault,64.8,65.4560375213623,6.642660612621217,True,vehicle_status
fault:commander_nav_state_override__2019-01-18__08_39_38__fault,65.6,14.5166015625,6.642660612621217,True,vehicle_land_detected
fault:commander_nav_state_override__2019-01-18__08_39_38__fault,66.4,14.5166015625,6.642660612621217,True,vehicle_land_detected
fault:commander_nav_state_override__2019-01-18__08_39_38__fault,67.2,18.7622763530635,6.642660612621217,True,vehicle_status
fault:ekf2_innovation_bias__2019-01-18__08_39_38__fault,9.6,294.0889859769529,6.642660612621217,False,vehicle_attitude
fault:ekf2_innovation_bias__2019-01-18__08_39_38__fault,10.4,5.733005668633238,6.642660612621217,False,vehicle_attitude
fault:ekf2_innovation_bias__2019-01-18__08_39_38__fault,11.2,1.528939664770823,6.642660612621217,False,actuator_controls_0
fault:ekf2_innovation_bias__2019-01-18__08_39_38__fault,12.0,5.30701756477356,6.642660612621217,False,estimator_status
fault:ekf2_innovation_bias__2019-01-18__08_39_38__fault,12.8,4.121406078338623,6.642660612621217,False,estimator_status
fault:ekf2_innovation_bias__2019-01-18__08_39_38__fault,13.6,17.046512365341187,6.642660612621217,False,estimator_status
fault:ekf2_innovation_bias__2019-01-18__08_39_38__fault,14.4,2.1560495884299247,6.642660612621217,False,estimator_status
fault:ekf2_innovation_bias__2019-01-18__08_39_38__fault,15.2,2.1560495884299247,6.642660612621217,False,estimator_status
fault:ekf2_innovation_bias__2019-01-18__08_39_38__fault,16.0,1.0760774369710464,6.642660612621217,False,estimator_status
fault:ekf2_innovation_bias__2019-01-18__08_39_38__fault,16.8,4.493930598508071,6.642660612621217,False,vehicle_attitude
fault:ekf2_innovation_bias__2019-01-18__08_39_38__fault,17.6,1.1327338501732405,6.642660612621217,False,vehicle_attitude
fault:ekf2_innovation_bias__2019-01-18__08_39_38__fault,18.4,1.346345126649394,6.642660612621217,False,vehicle_attitude
fault:ekf2_innovation_bias__2019-01-18__08_39_38__fault,19.2,1.869649341783365,6.642660612621217,False,vehicle_attitude
fault:ekf2_innovation_bias__2019-01-18__08_39_38__fault,20.0,2.353385632147103,6.642660612621217,False,vehicle_attitude
fault:ekf2_innovation_bias__2019-01-18__08_39_38__fault,20.8,1.6815675450475382,6.642660612621217,False,vehicle_attitude
fault:ekf2_innovation_bias__2019-01-18__08_39_38__fault,21.6,2.04091104016082,6.642660612621217,False,estimator_status
fault:ekf2_innovation_bias__2019-01-18__08_39_38__fault,22.4,1.8777768459157775,6.642660612621217,False,estimator_status
fault:ekf2_innovation_bias__2019-01-18__08_39_38__fault,23.2,1.3344995527238737,6.642660612621217,False,estimator_status
fault:ekf2_innovation_bias__2019-01-18__08_39_38__fault,24.0,2.1556925991082743,6.642660612621217,False,estimator_status
fault:ekf2_innovation_bias__2019-01-18__08_39_38__fault,24.8,2.1556925991082743,6.642660612621217,False,estimator_status
fault:ekf2_innovation_bias__2019-01-18__08_39_38__fault,25.6,2.122759727397133,6.642660612621217,False,estimator_status
fault:ekf2_innovation_bias__2019-01-18__08_39_38__fault,26.4,1.3424804939731392,6.642660612621217,False,vehicle_attitude
fault:ekf2_innovation_bias__2019-01-18__08_39_38__fault,27.2,1.7508741085740107,6.642660612621217,False,vehicle_attitude
fault:ekf2_innovation_bias__2019-01-18__08_39_38__fault,28.0,1.6676593743227441,6.642660612621217,False,vehicle_attitude
fault:ekf2_innovation_bias__2019-01-18__08_39_38__fault,28.8,2.3850161436070043,6.642660612621217,False,vehicle_attitude
fault:ekf2_innovation_bias__2019-01-18__08_39_38__fault,29.6,1.669105204533544,6.642660612621217,False,vehicle_attitude
fault:ekf2_innovation_bias__2019-01-18__08_39_38__fault,30.4,1.797517392036054,6.642660612621217,False,sensor_combined
fault:ekf2_innovation_bias__2019-01-18__08_39_38__fault,31.2,1116.3041239976883,6.642660612621217,False,vehicle_attitude
fault:ekf2_innovation_bias__2019-01-18__08_39_38__fault,32.0,1116.3043528795242,6.642660612621217,False,vehicle_attitude
fault:ekf2_innovation_bias__2019-01-18__08_39_38__fault,32.8,1116.3346934318542,6.642660612621217,True,vehicle_attitude
fault:ekf2_innovation_bias__2019-01-18__08_39_38__fault,33.6,1116.3346934318542,6.642660612621217,True,vehicle_attitude
fault:ekf2_innovation_bias__2019-01-18__08_39_38__fault,34.4,1116.3346934318542,6.642660612621217,True,vehicle_attitude
fault:ekf2_innovation_bias__2019-01-18__08_39_38__fault,35.2,1116.3346934318542,6.642660612621217,True,vehicle_attitude
fault:ekf2_innovation_bias__2019-01-18__08_39_38__fault,36.0,1116.3346934318542,6.642660612621217,True,vehicle_attitude
fault:ekf2_innovation_bias__2019-01-18__08_39_38__fault,36.8,1116.3346934318542,6.642660612621217,True,vehicle_attitude
fault:ekf2_innovation_bias__2019-01-18__08_39_38__fault,37.6,1116.3346934318542,6.642660612621217,True,vehicle_attitude
fault:ekf2_innovation_bias__2019-01-18__08_39_38__fault,38.4,1157.2979950904846,6.642660612621217,True,vehicle_attitude
fault:ekf2_innovation_bias__2019-01-18__08_39_38__fault,39.2,1157.2979950904846,6.642660612621217,True,vehicle_attitude
fault:ekf2_innovation_bias__2019-01-18__08_39_38__fault,40.0,1157.2979950904846,6.642660612621217,True,vehicle_attitude
fault:ekf2_innovation_bias__2019-01-18__08_39_38__fault,40.8,1157.2979950904846,6.642660612621217,True,vehicle_attitude
fault:ekf2_innovation_bias__2019-01-18__08_39_38__fault,41.6,1157.2979950904846,6.642660612621217,True,vehicle_attitude
fault:ekf2_innovation_bias__2019-01-18__08_39_38__fault,42.4,1157.2979950904846,6.642660612621217,True,vehicle_attitude
fault:ekf2_innovation_bias__2019-01-18__08_39_38__fault,43.2,1157.2979950904846,6.642660612621217,True,vehicle_attitude
fault:ekf2_innovation_bias__2019-01-18__08_39_38__fault,44.0,1157.2979950904846,6.642660612621217,True,vehicle_attitude
fault:ekf2_innovation_bias__2019-01-18__08_39_38__fault,44.8,1157.2979950904846,6.642660612621217,True,vehicle_attitude
fault:ekf2_innovation_bias__2019-01-18__08_39_38__fault,45.6,1157.2979950904846,6.642660612621217,True,vehicle_attitude
fault:ekf2_innovation_bias__2019-01-18__08_39_38__fault,46.4,1157.2979950904846,6.642660612621217,True,vehicle_attitude
fault:ekf2_innovation_bias__2019-01-18__08_39_38__fault,47.2,1157.2979950904846,6.642660612621217,True,vehicle_attitude
fault:ekf2_innovation_bias__2019-01-18__08_39_38__fault,48.0,1157.2979950904846,6.642660612621217,True,vehicle_attitude
fault:ekf2_innovation_bias__2019-01-18__08_39_38__fault,48.8,1157.2979950904846,6.642660612621217,True,vehicle_attitude
fault:ekf2_innovation_bias__2019-01-18__08_39_38__fault,49.6,1157.2979950904846,6.642660612621217,True,vehicle_attitude
fault:ekf2_innovation_bias__2019-01-18__08_39_38__fault,50.4,1157.2979950904846,6.642660612621217,True,vehicle_attitude
fault:ekf2_innovation_bias__2019-01-18__08_39_38__fault,51.2,1157.2979950904846,6.642660612621217,True,vehicle_attitude
fault:ekf2_innovation_bias__2019-01-18__08_39_38__fault,52.0,1157.2979950904846,6.642660612621217,True,vehicle_attitude
fault:ekf2_innovation_bias__2019-01-18__08_39_38__fault,52.8,1157.2979950904846,6.642660612621217,True,vehicle_attitude
fault:ekf2_innovation_bias__2019-01-18__08_39_38__fault,53.6,1157.2979950904846,6.642660612621217,True,vehicle_attitude
fault:ekf2_innovation_bias__2019-01-18__08_39_38__fault,54.4,1157.2979950904846,6.642660612621217,True,vehicle_attitude
fault:ekf2_innovation_bias__2019-01-18__08_39_38__fault,55.2,1157.2979950904846,6.642660612621217,True,vehicle_attitude
fault:ekf2_innovation_bias__2019-01-18__08_39_38__fault,56.0,1157.2979950904846,6.642660612621217,True,vehicle_attitude
fault:ekf2_innovation_bias__2019-01-18__08_39_38__fault,56.8,1157.2979950904846,6.642660612621217,True,vehicle_attitude
fault:ekf2_innovation_bias__2019-01-18__08_39_38__fault,57.6,1157.2979950904846,6.642660612621217,True,vehicle_attitude
fault:ekf2_innovation_bias__2019-01-18__08_39_38__fault,58.4,1157.2979950904846,6.642660612621217,True,vehicle_attitude
fault:ekf2_innovation_bias__2019-01-18__08_39_38__fault,59.2,1157.2979950904846,6.642660612621217,True,vehicle_attitude
fault:ekf2_innovation_bias__2019-01-18__08_39_38__fault,60.0,1157.2979950904846,6.642660612621217,True,vehicle_attitude
fault:ekf2_innovation_bias__2019-01-18__08_39_38__fault,60.8,1157.2979950904846,6.642660612621217,True,vehicle_attitude
fault:ekf2_innovation_bias__2019-01-18__08_39_38__fault,61.6,1157.2979950904846,6.642660612621217,True,vehicle_attitude
fault:ekf2_innovation_bias__2019-01-18__08_39_38__fault,62.4,1157.2979950904846,6.642660612621217,True,vehicle_attitude
fault:ekf2_innovation_bias__2019-01-18__08_39_38__fault,63.2,1157.2979950904846,6.642660612621217,True,vehicle_attitude
fault:ekf2_innovation_bias__2019-01-18__08_39_38__fault,64.0,1157.2979950904846,6.642660612621217,True,vehicle_attitude
fault:ekf2_innovation_bias__2019-01-18__08_39_38__fault,64.8,1157.2979950904846,6.642660612621217,True,vehicle_attitude
fault:ekf2_innovation_bias__2019-01-18__08_39_38__fault,65.6,1157.2979950904846,6.642660612621217,True,vehicle_attitude
fault:ekf2_innovation_bias__2019-01-18__08_39_38__fault,66.4,1157.2979950904846,6.642660612621217,True,vehicle_attitude
fault:ekf2_innovation_bias__2019-01-18__08_39_38__fault,67.2,1157.2979950904846,6.642660612621217,True,vehicle_attitude
fault:inav_local_z_freeze__2019-01-18__08_39_38__fault,9.6,1.665970571729453,6.642660612621217,False,vehicle_local_position
fault:inav_local_z_freeze__2019-01-18__08_39_38__fault,10.4,1.665970571729453,6.642660612621217,False,vehicle_local_position
fault:inav_local_z_freeze__2019-01-18__08_39_38__fault,11.2,1.665970571729453,6.642660612621217,False,vehicle_local_position
fault:inav_local_z_freeze__2019-01-18__08_39_38__fault,12.0,1.665970571729453,6.642660612621217,False,vehicle_local_position
fault:inav_local_z_freeze__2019-01-18__08_39_38__fault,12.8,1.665970571729453,6.642660612621217,False,vehicle_local_position
fault:inav_local_z_freeze__2019-01-18__08_39_38__fault,13.6,1.665970571729453,6.642660612621217,False,vehicle_local_position
fault:inav_local_z_freeze__2019-01-18__08_39_38__fault,14.4,0.647303238264918,6.642660612621217,False,sensor_combined
fault:inav_local_z_freeze__2019-01-18__08_39_38__fault,15.2,0.8967718842508865,6.642660612621217,False,sensor_combined
fault:inav_local_z_freeze__2019-01-18__08_39_38__fault,16.0,0.7938201801229685,6.642660612621217,False,vehicle_local_position
fault:inav_local_z_freeze__2019-01-18__08_39_38__fault,16.8,0.7938201801229685,6.642660612621217,False,vehicle_local_position
fault:inav_local_z_freeze__2019-01-18__08_39_38__fault,17.6,0.8122691546520908,6.642660612621217,False,vehicle_attitude
fault:inav_local_z_freeze__2019-01-18__08_39_38__fault,18.4,0.8281517669942621,6.642660612621217,False,sensor_combined
fault:inav_local_z_freeze__2019-01-18__08_39_38__fault,19.2,0.7481928358968036,6.642660612621217,False,sensor_combined
fault:inav_local_z_freeze__2019-01-18__08_39_38__fault,20.0,0.9217976992059307,6.642660612621217,False,sensor_combined
fault:inav_local_z_freeze__2019-01-18__08_39_38__fault,20.8,0.9809509421173769,6.642660612621217,False,vehicle_attitude
fault:inav_local_z_freeze__2019-01-18__08_39_38__fault,21.6,1.5640822672984476,6.642660612621217,False,sensor_combined
fault:inav_local_z_freeze__2019-01-18__08_39_38__fault,22.4,1.7122779450629058,6.642660612621217,False,vehicle_local_position
fault:inav_local_z_freeze__2019-01-18__08_39_38__fault,23.2,0.9691837308795164,6.642660612621217,False,sensor_combined
fault:inav_local_z_freeze__2019-01-18__08_39_38__fault,24.0,1.069636669805272,6.642660612621217,False,sensor_combined
fault:inav_local_z_freeze__2019-01-18__08_39_38__fault,24.8,0.8337721273898178,6.642660612621217,False,sensor_combined
fault:inav_local_z_freeze__2019-01-18__08_39_38__fault,25.6,1.0415427037247338,6.642660612621217,False,sensor_combined
fault:inav_local_z_freeze__2019-01-18__08_39_38__fault,26.4,1.0415427037247338,6.642660612621217,False,sensor_combined
fault:inav_local_z_freeze__2019-01-18__08_39_38__fault,27.2,0.9804307380304524,6.642660612621217,False,sensor_combined
fault:inav_local_z_freeze__2019-01-18__08_39_38__fault,28.0,0.907426274783956,6.642660612621217,False,sensor_combined
fault:inav_local_z_freeze__2019-01-18__08_39_38__fault,28.8,1.812388626673255,6.642660612621217,False,vehicle_local_position
fault:inav_local_z_freeze__2019-01-18__08_39_38__fault,29.6,0.7321627036421199,6.642660612621217,False,sensor_combined
fault:inav_local_z_freeze__2019-01-18__08_39_38__fault,30.4,1.5969520784391458,6.642660612621217,False,sensor_combined
fault:inav_local_z_freeze__2019-01-18__08_39_38__fault,31.2,0.7118940353393555,6.642660612621217,False,vehicle_attitude_setpoint
fault:inav_local_z_freeze__2019-01-18__08_39_38__fault,32.0,1.0389399528503418,6.642660612621217,False,vehicle_local_position
fault:inav_local_z_freeze__2019-01-18__08_39_38__fault,32.8,0.8920720913641587,6.642660612621217,False,sensor_combined
fault:inav_local_z_freeze__2019-01-18__08_39_38__fault,33.6,1.5805177092053229,6.642660612621217,False,vehicle_local_position
fault:inav_local_z_freeze__2019-01-18__08_39_38__fault,34.4,1.5805177092053229,6.642660612621217,False,vehicle_local_position
fault:inav_local_z_freeze__2019-01-18__08_39_38__fault,35.2,0.858944258316406,6.642660612621217,False,vehicle_rates_setpoint
fault:inav_local_z_freeze__2019-01-18__08_39_38__fault,36.0,0.858944258316406,6.642660612621217,False,vehicle_rates_setpoint
fault:inav_local_z_freeze__2019-01-18__08_39_38__fault,36.8,0.9358188066913211,6.642660612621217,False,vehicle_local_position
fault:inav_local_z_freeze__2019-01-18__08_39_38__fault,37.6,0.8959349382351643,6.642660612621217,False,sensor_combined
fault:inav_local_z_freeze__2019-01-18__08_39_38__fault,38.4,0.858944258316406,6.642660612621217,False,vehicle_rates_setpoint
fault:inav_local_z_freeze__2019-01-18__08_39_38__fault,39.2,1.4178704558943729,6.642660612621217,False,vehicle_attitude
fault:inav_local_z_freeze__2019-01-18__08_39_38__fault,40.0,1.1693477630615234,6.642660612621217,False,vehicle_local_position
fault:inav_local_z_freeze__2019-01-18__08_39_38__fault,40.8,1.4603078365325928,6.642660612621217,False,vehicle_local_position
fault:inav_local_z_freeze__2019-01-18__08_39_38__fault,41.6,1.619579792022705,6.642660612621217,False,vehicle_local_position
fault:inav_local_z_freeze__2019-01-18__08_39_38__fault,42.4,13.165580034255981,6.642660612621217,False,vehicle_local_position
fault:inav_local_z_freeze__2019-01-18__08_39_38__fault,43.2,19.924110174179077,6.642660612621217,False,vehicle_local_position
fault:inav_local_z_freeze__2019-01-18__08_39_38__fault,44.0,19.93423342704773,6.642660612621217,True,vehicle_local_position
fault:inav_local_z_freeze__2019-01-18__08_39_38__fault,44.8,19.943212270736694,6.642660612621217,True,vehicle_local_position
fault:inav_local_z_freeze__2019-01-18__08_39_38__fault,45.6,19.947177171707153,6.642660612621217,True,vehicle_local_position
fault:inav_local_z_freeze__2019-01-18__08_39_38__fault,46.4,19.955008029937744,6.642660612621217,True,vehicle_local_position
fault:inav_local_z_freeze__2019-01-18__08_39_38__fault,47.2,19.94390368461609,6.642660612621217,True,vehicle_local_position
fault:inav_local_z_freeze__2019-01-18__08_39_38__fault,48.0,19.950467348098755,6.642660612621217,True,vehicle_local_position
fault:inav_local_z_freeze__2019-01-18__08_39_38__fault,48.8,19.949231147766113,6.642660612621217,True,vehicle_local_position
fault:inav_local_z_freeze__2019-01-18__08_39_38__fault,49.6,19.956774711608887,6.642660612621217,True,vehicle_local_position
fault:inav_local_z_freeze__2019-01-18__08_39_38__fault,50.4,19.95769739151001,6.642660612621217,True,vehicle_local_position
fault:inav_local_z_freeze__2019-01-18__08_39_38__fault,51.2,19.959553480148315,6.642660612621217,True,vehicle_local_position
fault:inav_local_z_freeze__2019-01-18__08_39_38__fault,52.0,19.955662488937378,6.642660612621217,True,vehicle_local_position
fault:inav_local_z_freeze__2019-01-18__08_39_38__fault,52.8,19.951237440109253,6.642660612621217,True,vehicle_local_position
fault:inav_local_z_freeze__2019-01-18__08_39_38__fault,53.6,19.93814706802368,6.642660612621217,True,vehicle_local_position
fault:inav_local_z_freeze__2019-01-18__08_39_38__fault,54.4,19.90370273590088,6.642660612621217,True,vehicle_local_position
fault:inav_local_z_freeze__2019-01-18__08_39_38__fault,55.2,19.873454570770264,6.642660612621217,True,vehicle_local_position
fault:inav_local_z_freeze__2019-01-18__08_39_38__fault,56.0,19.800236225128174,6.642660612621217,True,vehicle_local_position
fault:inav_local_z_freeze__2019-01-18__08_39_38__fault,56.8,19.485924243927002,6.642660612621217,True,vehicle_local_position
fault:inav_local_z_freeze__2019-01-18__08_39_38__fault,57.6,19.934909343719482,6.642660612621217,True,vehicle_local_position
fault:inav_local_z_freeze__2019-01-18__08_39_38__fault,58.4,19.968565702438354,6.642660612621217,True,vehicle_local_position
fault:inav_local_z_freeze__2019-01-18__08_39_38__fault,59.2,19.98197317123413,6.642660612621217,True,vehicle_local_position
fault:inav_local_z_freeze__2019-01-18__08_39_38__fault,60.0,23.60743522644043,6.642660612621217,True,vehicle_local_position
fault:inav_local_z_freeze__2019-01-18__08_39_38__fault,60.8,26.977903842926025,6.642660612621217,True,vehicle_local_position
fault:inav_local_z_freeze__2019-01-18__08_39_38__fault,61.6,30.187535285949707,6.642660612621217,True,vehicle_local_position
fault:inav_local_z_freeze__2019-01-18__08_39_38__fault,62.4,35.30723810195923,6.642660612621217,True,vehicle_local_position
fault:inav_local_z_freeze__2019-01-18__08_39_38__fault,63.2,40.1998233795166,6.642660612621217,True,vehicle_local_position
fault:inav_local_z_freeze__2019-01-18__08_39_38__fault,64.0,42.31015205383301,6.642660612621217,True,vehicle_local_position
fault:inav_local_z_freeze__2019-01-18__08_39_38__fault,64.8,43.52033615112305,6.642660612621217,True,vehicle_local_position
fault:inav_local_z_freeze__2019-01-18__08_39_38__fault,65.6,43.58807563781738,6.642660612621217,True,vehicle_local_position
fault:inav_local_z_freeze__2019-01-18__08_39_38__fault,66.4,41.38760566711426,6.642660612621217,True,vehicle_local_position
fault:inav_local_z_freeze__2019-01-18__08_39_38__fault,67.2,40.10271430015564,6.642660612621217,True,vehicle_local_position
fault:inav_local_z_freeze__2019-01-18__08_39_38__fault,68.0,40.10271430015564,6.642660612621217,True,vehicle_local_position
fault:inav_local_z_freeze__2019-01-18__08_39_38__fault,68.8,251.865234375,6.642660612621217,True,vehicle_status
fault:land_detector_state_inversion__2019-01-18__08_39_38__fault,9.6,1.0921633325821778,6.642660612621217,False,sensor_combined
fault:land_detector_state_inversion__2019-01-18__08_39_38__fault,10.4,1.1305860058780295,6.642660612621217,False,sensor_combined
fault:land_detector_state_inversion__2019-01-18__08_39_38__fault,11.2,1.1757116722908245,6.642660612621217,False,sensor_combined
fault:land_detector_state_inversion__2019-01-18__08_39_38__fault,12.0,1.0910255459426668,6.642660612621217,False,sensor_combined
fault:land_detector_state_inversion__2019-01-18__08_39_38__fault,12.8,0.9786736020188017,6.642660612621217,False,sensor_combined
fault:land_detector_state_inversion__2019-01-18__08_39_38__fault,13.6,0.831215835498848,6.642660612621217,False,sensor_combined
fault:land_detector_state_inversion__2019-01-18__08_39_38__fault,14.4,0.8210108175899699,6.642660612621217,False,sensor_combined
fault:land_detector_state_inversion__2019-01-18__08_39_38__fault,15.2,0.7706776508252715,6.642660612621217,False,sensor_combined
fault:land_detector_state_inversion__2019-01-18__08_39_38__fault,16.0,0.6501433049092816,6.642660612621217,False,sensor_combined
fault:land_detector_state_inversion__2019-01-18__08_39_38__fault,16.8,0.5860956058643433,6.642660612621217,False,sensor_combined
fault:land_detector_state_inversion__2019-01-18__08_39_38__fault,17.6,0.4599548966941167,6.642660612621217,False,sensor_combined
fault:land_detector_state_inversion__2019-01-18__08_39_38__fault,18.4,0.7703149520660476,6.642660612621217,False,sensor_combined
fault:land_detector_state_inversion__2019-01-18__08_39_38__fault,19.2,0.6490140137176184,6.642660612621217,False,sensor_combined
fault:land_detector_state_inversion__2019-01-18__08_39_38__fault,20.0,0.9148264964948135,6.642660612621217,False,sensor_combined
fault:land_detector_state_inversion__2019-01-18__08_39_38__fault,20.8,1.2116344969578163,6.642660612621217,False,sensor_combined
fault:land_detector_state_inversion__2019-01-18__08_39_38__fault,21.6,1.3222058659688867,6.642660612621217,False,sensor_combined
fault:land_detector_state_inversion__2019-01-18__08_39_38__fault,22.4,1.2134977530981492,6.642660612621217,False,sensor_combined
fault:land_detector_state_inversion__2019-01-18__08_39_38__fault,23.2,1.084494522407079,6.642660612621217,False,sensor_combined
fault:land_detector_state_inversion__2019-01-18__08_39_38__fault,24.0,0.862501808542847,6.642660612621217,False,sensor_combined
fault:land_detector_state_inversion__2019-01-18__08_39_38__fault,24.8,0.9967144528665554,6.642660612621217,False,sensor_combined
fault:land_detector_state_inversion__2019-01-18__08_39_38__fault,25.6,0.6624761076736456,6.642660612621217,False,sensor_combined
fault:land_detector_state_inversion__2019-01-18__08_39_38__fault,26.4,0.6322676402053364,6.642660612621217,False,sensor_combined
fault:land_detector_state_inversion__2019-01-18__08_39_38__fault,27.2,0.6596983722000591,6.642660612621217,False,sensor_combined
fault:land_detector_state_inversion__2019-01-18__08_39_38__fault,28.0,0.4985223326363509,6.642660612621217,False,sensor_combined
fault:land_detector_state_inversion__2019-01-18__08_39_38__fault,28.8,0.7224984476595063,6.642660612621217,False,sensor_combined
fault:land_detector_state_inversion__2019-01-18__08_39_38__fault,29.6,69.9989128112793,6.642660612621217,False,vehicle_land_detected
fault:land_detector_state_inversion__2019-01-18__08_39_38__fault,30.4,171.7647361755371,6.642660612621217,False,vehicle_land_detected
fault:land_detector_state_inversion__2019-01-18__08_39_38__fault,31.2,171.7647361755371,6.642660612621217,True,vehicle_land_detected
fault:land_detector_state_inversion__2019-01-18__08_39_38__fault,32.0,171.7647361755371,6.642660612621217,True,vehicle_land_detected
fault:land_detector_state_inversion__2019-01-18__08_39_38__fault,32.8,171.7647361755371,6.642660612621217,True,vehicle_land_detected
fault:land_detector_state_inversion__2019-01-18__08_39_38__fault,33.6,171.7647361755371,6.642660612621217,True,vehicle_land_detected
fault:land_detector_state_inversion__2019-01-18__08_39_38__fault,34.4,171.7647361755371,6.642660612621217,True,vehicle_land_detected
fault:land_detector_state_inversion__2019-01-18__08_39_38__fault,35.2,171.7647361755371,6.642660612621217,True,vehicle_land_detected
fault:land_detector_state_inversion__2019-01-18__08_39_38__fault,36.0,171.7647361755371,6.642660612621217,True,vehicle_land_detected
fault:land_detector_state_inversion__2019-01-18__08_39_38__fault,36.8,171.7647361755371,6.642660612621217,True,vehicle_land_detected
fault:land_detector_state_inversion__2019-01-18__08_39_38__fault,37.6,171.7647361755371,6.642660612621217,True,vehicle_land_detected
fault:land_detector_state_inversion__2019-01-18__08_39_38__fault,38.4,171.7647361755371,6.642660612621217,True,vehicle_land_detected
fault:land_detector_state_inversion__2019-01-18__08_39_38__fault,39.2,171.76472693681717,6.642660612621217,True,vehicle_land_detected
fault:land_detector_state_inversion__2019-01-18__08_39_38__fault,40.0,171.76484525203705,6.642660612621217,True,vehicle_land_detected
fault:land_detector_state_inversion__2019-01-18__08_39_38__fault,40.8,171.76484525203705,6.642660612621217,True,vehicle_land_detected
fault:land_detector_state_inversion__2019-01-18__08_39_38__fault,41.6,171.76484525203705,6.642660612621217,True,vehicle_land_detected
fault:land_detector_state_inversion__2019-01-18__08_39_38__fault,42.4,171.76484525203705,6.642660612621217,True,vehicle_land_detected
fault:land_detector_state_inversion__2019-01-18__08_39_38__fault,43.2,171.76484525203705,6.642660612621217,True,vehicle_land_detected
fault:land_detector_state_inversion__2019-01-18__08_39_38__fault,44.0,171.76484525203705,6.642660612621217,True,vehicle_land_detected
fault:land_detector_state_inversion__2019-01-18__08_39_38__fault,44.8,171.76484525203705,6.642660612621217,True,vehicle_land_detected
fault:land_detector_state_inversion__2019-01-18__08_39_38__fault,45.6,171.76484525203705,6.642660612621217,True,vehicle_land_detected
fault:land_detector_state_inversion__2019-01-18__08_39_38__fault,46.4,171.76484525203705,6.642660612621217,True,vehicle_land_detected
fault:land_detector_state_inversion__2019-01-18__08_39_38__fault,47.2,171.76484525203705,6.642660612621217,True,vehicle_land_detected
fault:land_detector_state_inversion__2019-01-18__08_39_38__fault,48.0,171.76484525203705,6.642660612621217,True,vehicle_land_detected
fault:land_detector_state_inversion__2019-01-18__08_39_38__fault,48.8,171.76484525203705,6.642660612621217,True,vehicle_land_detected
fault:land_detector_state_inversion__2019-01-18__08_39_38__fault,49.6,171.76484525203705,6.642660612621217,True,vehicle_land_detected
fault:land_detector_state_inversion__2019-01-18__08_39_38__fault,50.4,171.76484525203705,6.642660612621217,True,vehicle_land_detected
fault:land_detector_state_inversion__2019-01-18__08_39_38__fault,51.2,171.76484525203705,6.642660612621217,True,vehicle_land_detected
fault:land_detector_state_inversion__2019-01-18__08_39_38__fault,52.0,171.76484525203705,6.642660612621217,True,vehicle_land_detected
fault:land_detector_state_inversion__2019-01-18__08_39_38__fault,52.8,171.76484525203705,6.642660612621217,True,vehicle_land_detected
fault:land_detector_state_inversion__2019-01-18__08_39_38__fault,53.6,171.76484525203705,6.642660612621217,True,vehicle_land_detected
fault:land_detector_state_inversion__2019-01-18__08_39_38__fault,54.4,171.76484525203705,6.642660612621217,True,vehicle_land_detected
fault:land_detector_state_inversion__2019-01-18__08_39_38__fault,55.2,171.76484525203705,6.642660612621217,True,vehicle_land_detected
fault:land_detector_state_inversion__2019-01-18__08_39_38__fault,56.0,171.76484525203705,6.642660612621217,True,vehicle_land_detected
fault:land_detector_state_inversion__2019-01-18__08_39_38__fault,56.8,171.76484525203705,6.642660612621217,True,vehicle_land_detected
fault:land_detector_state_inversion__2019-01-18__08_39_38__fault,57.6,171.76484525203705,6.642660612621217,True,vehicle_land_detected
fault:land_detector_state_inversion__2019-01-18__08_39_38__fault,58.4,171.76484525203705,6.642660612621217,True,vehicle_land_detected
fault:land_detector_state_inversion__2019-01-18__08_39_38__fault,59.2,171.76484525203705,6.642660612621217,True,vehicle_land_detected
fault:land_detector_state_inversion__2019-01-18__08_39_38__fault,60.0,171.76484525203705,6.642660612621217,True,vehicle_land_detected
fault:land_detector_state_inversion__2019-01-18__08_39_38__fault,60.8,171.76484525203705,6.642660612621217,True,vehicle_land_detected
fault:land_detector_state_inversion__2019-01-18__08_39_38__fault,61.6,171.76484525203705,6.642660612621217,True,vehicle_land_detected
fault:land_detector_state_inversion__2019-01-18__08_39_38__fault,62.4,171.76484525203705,6.642660612621217,True,vehicle_land_detected
fault:land_detector_state_inversion__2019-01-18__08_39_38__fault,63.2,171.76484525203705,6.642660612621217,True,vehicle_land_detected
fault:land_detector_state_inversion__2019-01-18__08_39_38__fault,64.0,171.76484525203705,6.642660612621217,True,vehicle_land_detected
fault:land_detector_state_inversion__2019-01-18__08_39_38__fault,64.8,171.76484525203705,6.642660612621217,True,vehicle_land_detected
fault:land_detector_state_inversion__2019-01-18__08_39_38__fault,65.6,171.76484525203705,6.642660612621217,True,vehicle_land_detected
fault:land_detector_state_inversion__2019-01-18__08_39_38__fault,66.4,171.76484525203705,6.642660612621217,True,vehicle_land_detected
fault:land_detector_state_inversion__2019-01-18__08_39_38__fault,67.2,171.76484525203705,6.642660612621217,True,vehicle_land_detected
normal:commander_nav_state_override__2019-01-25__17_38_05__baseline,9.6,1.5195274353027344,23.657894134521484,False,vehicle_land_detected
normal:commander_nav_state_override__2019-01-25__17_38_05__baseline,10.4,1.2741313129407184,23.657894134521484,False,sensor_combined
normal:commander_nav_state_override__2019-01-25__17_38_05__baseline,11.2,1.4815838160235872,23.657894134521484,False,sensor_combined
normal:commander_nav_state_override__2019-01-25__17_38_05__baseline,12.0,1.5203136275461056,23.657894134521484,False,vehicle_local_position
normal:commander_nav_state_override__2019-01-25__17_38_05__baseline,12.8,2.1103093028068542,23.657894134521484,False,vehicle_local_position
normal:commander_nav_state_override__2019-01-25__17_38_05__baseline,13.6,2.1103093028068542,23.657894134521484,False,vehicle_local_position
normal:commander_nav_state_override__2019-01-25__17_38_05__baseline,14.4,1.5195178985595703,23.657894134521484,False,vehicle_land_detected
normal:commander_nav_state_override__2019-01-25__17_38_05__baseline,15.2,2.4987941672833363,23.657894134521484,False,vehicle_local_position
normal:commander_nav_state_override__2019-01-25__17_38_05__baseline,16.0,2.042665481567383,23.657894134521484,False,manual_control_setpoint
normal:commander_nav_state_override__2019-01-25__17_38_05__baseline,16.8,1.5696022961062581,23.657894134521484,False,sensor_combined
normal:commander_nav_state_override__2019-01-25__17_38_05__baseline,17.6,1.73009398520434,23.657894134521484,False,sensor_combined
normal:commander_nav_state_override__2019-01-25__17_38_05__baseline,18.4,1.2323401508918739,23.657894134521484,False,vehicle_local_position
normal:commander_nav_state_override__2019-01-25__17_38_05__baseline,19.2,2.365755108861402,23.657894134521484,False,sensor_combined
normal:commander_nav_state_override__2019-01-25__17_38_05__baseline,20.0,2.329221327903446,23.657894134521484,False,sensor_combined
normal:commander_nav_state_override__2019-01-25__17_38_05__baseline,20.8,1.372913082718764,23.657894134521484,False,vehicle_local_position
normal:commander_nav_state_override__2019-01-25__17_38_05__baseline,21.6,1.949088400686585,23.657894134521484,False,vehicle_local_position
normal:commander_nav_state_override__2019-01-25__17_38_05__baseline,22.4,2.7082422375679016,23.657894134521484,False,vehicle_local_position
normal:commander_nav_state_override__2019-01-25__17_38_05__baseline,23.2,2.1376941486266574,23.657894134521484,False,vehicle_local_position
normal:commander_nav_state_override__2019-01-25__17_38_05__baseline,24.0,2.5957608222961426,23.657894134521484,False,vehicle_local_position
normal:commander_nav_state_override__2019-01-25__17_38_05__baseline,24.8,2.872319519519806,23.657894134521484,False,vehicle_local_position
normal:commander_nav_state_override__2019-01-25__17_38_05__baseline,25.6,2.872319519519806,23.657894134521484,False,vehicle_local_position
normal:commander_nav_state_override__2019-01-25__17_38_05__baseline,26.4,1.1949878685059767,23.657894134521484,False,sensor_combined
normal:commander_nav_state_override__2019-01-25__17_38_05__baseline,27.2,0.9442329406738281,23.657894134521484,False,vehicle_local_position
normal:commander_nav_state_override__2019-01-25__17_38_05__baseline,28.0,1.5344183114661232,23.657894134521484,False,sensor_combined
normal:commander_nav_state_override__2019-01-25__17_38_05__baseline,28.8,1.5439037660047354,23.657894134521484,False,sensor_combined
normal:commander_nav_state_override__2019-01-25__17_38_05__baseline,29.6,1.3219696943388548,23.657894134521484,False,vehicle_local_position
normal:commander_nav_state_override__2019-01-25__17_38_05__baseline,30.4,2.1935224533081055,23.657894134521484,False,vehicle_local_position
normal:commander_nav_state_override__2019-01-25__17_38_05__baseline,31.2,1.4882028102874756,23.657894134521484,False,vehicle_local_position
normal:commander_nav_state_override__2019-01-25__17_38_05__baseline,32.0,1.5083453132525213,23.657894134521484,False,sensor_combined
normal:commander_nav_state_override__2019-01-25__17_38_05__baseline,32.8,1.406372150063892,23.657894134521484,False,vehicle_local_position
normal:commander_nav_state_override__2019-01-25__17_38_05__baseline,33.6,1.0826527699828148,23.657894134521484,False,vehicle_local_position
normal:commander_nav_state_override__2019-01-25__17_38_05__baseline,34.4,1.2605231398955088,23.657894134521484,False,sensor_combined
normal:commander_nav_state_override__2019-01-25__17_38_05__baseline,35.2,1.383483111858368,23.657894134521484,False,vehicle_local_position
normal:commander_nav_state_override__2019-01-25__17_38_05__baseline,36.0,1.4132396876811981,23.657894134521484,False,vehicle_local_position
normal:commander_nav_state_override__2019-01-25__17_38_05__baseline,36.8,1.0431027700241473,23.657894134521484,False,sensor_combined
normal:commander_nav_state_override__2019-01-25__17_38_05__baseline,37.6,2.6099909842014313,23.657894134521484,False,vehicle_local_position
normal:commander_nav_state_override__2019-01-25__17_38_05__baseline,38.4,2.190745025873184,23.657894134521484,False,vehicle_local_position
normal:commander_nav_state_override__2019-01-25__17_38_05__baseline,39.2,2.3913297057151794,23.657894134521484,False,vehicle_local_position
normal:commander_nav_state_override__2019-01-25__17_38_05__baseline,40.0,1.832076758146286,23.657894134521484,False,vehicle_local_position
normal:commander_nav_state_override__2019-01-25__17_38_05__baseline,40.8,1.3904072422859635,23.657894134521484,False,sensor_combined
normal:commander_nav_state_override__2019-01-25__17_38_05__baseline,41.6,1.5461038149454185,23.657894134521484,False,sensor_combined
normal:commander_nav_state_override__2019-01-25__17_38_05__baseline,42.4,1.313592906673857,23.657894134521484,False,sensor_combined
normal:commander_nav_state_override__2019-01-25__17_38_05__baseline,43.2,1.662996507535201,23.657894134521484,False,sensor_combined
normal:commander_nav_state_override__2019-01-25__17_38_05__baseline,44.0,1.0960292103267018,23.657894134521484,False,sensor_combined
normal:commander_nav_state_override__2019-01-25__17_38_05__baseline,44.8,1.3504368398475914,23.657894134521484,False,sensor_combined
normal:commander_nav_state_override__2019-01-25__17_38_05__baseline,45.6,2.08141380369171,23.657894134521484,False,sensor_combined
normal:commander_nav_state_override__2019-01-25__17_38_05__baseline,46.4,1.7260650390279428,23.657894134521484,False,sensor_combined
normal:commander_nav_state_override__2019-01-25__17_38_05__baseline,47.2,2.1975824328995066,23.657894134521484,False,sensor_combined
normal:commander_nav_state_override__2019-01-25__17_38_05__baseline,48.0,2.081001111998058,23.657894134521484,False,sensor_combined
normal:commander_nav_state_override__2019-01-25__17_38_05__baseline,48.8,3.3192406524270566,23.657894134521484,False,sensor_combined
normal:commander_nav_state_override__2019-01-25__17_38_05__baseline,49.6,2.2910795073467995,23.657894134521484,False,sensor_combined
normal:commander_nav_state_override__2019-01-25__17_38_05__baseline,50.4,1.7778958754232999,23.657894134521484,False,sensor_combined
normal:commander_nav_state_override__2019-01-25__17_38_05__baseline,51.2,1.8345099687576294,23.657894134521484,False,vehicle_local_position
normal:commander_nav_state_override__2019-01-25__17_38_05__baseline,52.0,1.1900075890524253,23.657894134521484,False,sensor_combined
normal:commander_nav_state_override__2019-01-25__17_38_05__baseline,52.8,1.8445260069703042,23.657894134521484,False,sensor_combined
normal:commander_nav_state_override__2019-01-25__17_38_05__baseline,53.6,1.2197981336456207,23.657894134521484,False,sensor_combined
normal:commander_nav_state_override__2019-01-25__17_38_05__baseline,54.4,0.873500067432701,23.657894134521484,False,vehicle_attitude
normal:commander_nav_state_override__2019-01-25__17_38_05__baseline,55.2,1.1143335644383245,23.657894134521484,False,vehicle_attitude
normal:commander_nav_state_override__2019-01-25__17_38_05__baseline,56.0,2.0394855737686157,23.657894134521484,False,vehicle_local_position
normal:commander_nav_state_override__2019-01-25__17_38_05__baseline,56.8,1.1031893781367492,23.657894134521484,False,vehicle_local_position
normal:commander_nav_state_override__2019-01-25__17_38_05__baseline,57.6,1.3000610471268506,23.657894134521484,False,sensor_combined
normal:commander_nav_state_override__2019-01-25__17_38_05__baseline,58.4,1.5075523954999421,23.657894134521484,False,vehicle_local_position
normal:commander_nav_state_override__2019-01-25__17_38_05__baseline,59.2,1.6993045428061258,23.657894134521484,False,vehicle_local_position
normal:commander_nav_state_override__2019-01-25__17_38_05__baseline,60.0,1.092169243303049,23.657894134521484,False,vehicle_local_position
normal:commander_nav_state_override__2019-01-25__17_38_05__baseline,60.8,1.3625143951338812,23.657894134521484,False,sensor_combined
normal:commander_nav_state_override__2019-01-25__17_38_05__baseline,61.6,1.4823503963881564,23.657894134521484,False,sensor_combined
normal:commander_nav_state_override__2019-01-25__17_38_05__baseline,62.4,0.9661528432557455,23.657894134521484,False,sensor_combined
normal:commander_nav_state_override__2019-01-25__17_38_05__baseline,63.2,1.5475626077842919,23.657894134521484,False,vehicle_local_position
normal:commander_nav_state_override__2019-01-25__17_38_05__baseline,64.0,1.2286728960174553,23.657894134521484,False,vehicle_local_position
normal:commander_nav_state_override__2019-01-25__17_38_05__baseline,64.8,1.6182815624512414,23.657894134521484,False,vehicle_local_position
normal:commander_nav_state_override__2019-01-25__17_38_05__baseline,65.6,1.522378921508789,23.657894134521484,False,vehicle_local_position
normal:commander_nav_state_override__2019-01-25__17_38_05__baseline,66.4,1.8942520022392273,23.657894134521484,False,vehicle_local_position
normal:commander_nav_state_override__2019-01-25__17_38_05__baseline,67.2,1.3984167575836182,23.657894134521484,False,vehicle_local_position
normal:commander_nav_state_override__2019-01-25__17_38_05__baseline,68.0,1.265927666393411,23.657894134521484,False,sensor_combined
normal:commander_nav_state_override__2019-01-25__17_38_05__baseline,68.8,2.081131935119629,23.657894134521484,False,manual_control_setpoint
normal:commander_nav_state_override__2019-01-25__17_38_05__baseline,69.6,1.849597136089894,23.657894134521484,False,vehicle_attitude_setpoint
normal:commander_nav_state_override__2019-01-25__17_38_05__baseline,70.4,1.3006583566988958,23.657894134521484,False,vehicle_local_position
normal:commander_nav_state_override__2019-01-25__17_38_05__baseline,71.2,2.040991350520357,23.657894134521484,False,vehicle_local_position
normal:commander_nav_state_override__2019-01-25__17_38_05__baseline,72.0,1.4186819766854573,23.657894134521484,False,vehicle_local_position
normal:commander_nav_state_override__2019-01-25__17_38_05__baseline,72.8,1.4279401302337646,23.657894134521484,False,manual_control_setpoint
normal:commander_nav_state_override__2019-01-25__17_38_05__baseline,73.6,1.8626415729522705,23.657894134521484,False,vehicle_local_position
normal:commander_nav_state_override__2019-01-25__17_38_05__baseline,74.4,1.09710757061603,23.657894134521484,False,vehicle_rates_setpoint
normal:commander_nav_state_override__2019-01-25__17_38_05__baseline,75.2,3.1122962012887,23.657894134521484,False,vehicle_local_position
normal:commander_nav_state_override__2019-01-25__17_38_05__baseline,76.0,1.8182943761348724,23.657894134521484,False,vehicle_local_position
normal:commander_nav_state_override__2019-01-25__17_38_05__baseline,76.8,1.8182943761348724,23.657894134521484,False,vehicle_local_position
normal:commander_nav_state_override__2019-01-25__17_38_05__baseline,77.6,2.797892428934574,23.657894134521484,False,vehicle_local_position
normal:commander_nav_state_override__2019-01-25__17_38_05__baseline,78.4,1.4206961120213475,23.657894134521484,False,vehicle_local_position
normal:commander_nav_state_override__2019-01-25__17_38_05__baseline,79.2,1.4206961120213475,23.657894134521484,False,vehicle_local_position
normal:commander_nav_state_override__2019-01-25__17_38_05__baseline,80.0,1.404135444093855,23.657894134521484,False,vehicle_local_position
normal:commander_nav_state_override__2019-01-25__17_38_05__baseline,80.8,0.8902075351711208,23.657894134521484,False,vehicle_local_position
normal:commander_nav_state_override__2019-01-25__17_38_05__baseline,81.6,6.225868654231453,23.657894134521484,False,sensor_combined
normal:commander_nav_state_override__2019-01-25__17_38_05__baseline,82.4,5.015435702796512,23.657894134521484,False,sensor_combined
normal:commander_nav_state_override__2019-01-25__17_38_05__baseline,83.2,5.015435702796512,23.657894134521484,False,sensor_combined
normal:commander_nav_state_override__2019-01-25__17_38_05__baseline,84.0,5.015435702796512,23.657894134521484,False,sensor_combined
normal:commander_nav_state_override__2019-01-25__17_38_05__baseline,84.8,5.015435702796512,23.657894134521484,False,sensor_combined
normal:commander_nav_state_override__2019-01-25__17_38_05__baseline,85.6,5.015435702796512,23.657894134521484,False,sensor_combined
normal:commander_nav_state_override__2019-01-25__17_38_05__baseline,86.4,5.015435702796512,23.657894134521484,False,sensor_combined
normal:commander_nav_state_override__2019-01-25__17_38_05__baseline,87.2,5.015435702796512,23.657894134521484,False,sensor_combined
normal:commander_nav_state_override__2019-01-25__17_38_05__baseline,88.0,5.015435702796512,23.657894134521484,False,sensor_combined
normal:commander_nav_state_override__2019-01-25__17_38_05__baseline,88.8,5.015435702796512,23.657894134521484,False,sensor_combined
normal:commander_nav_state_override__2019-01-25__17_38_05__baseline,89.6,5.015435702796512,23.657894134521484,False,sensor_combined
normal:commander_nav_state_override__2019-01-25__17_38_05__baseline,90.4,5.015435702796512,23.657894134521484,False,sensor_combined
normal:commander_nav_state_override__2019-01-25__17_38_05__baseline,91.2,2.6662962755387403,23.657894134521484,False,sensor_combined
normal:commander_nav_state_override__2019-01-25__17_38_05__baseline,92.0,0.9201806182283537,23.657894134521484,False,sensor_combined
normal:commander_nav_state_override__2019-01-25__17_38_05__baseline,92.8,1.403409125306522,23.657894134521484,False,sensor_combined
normal:ekf2_innovation_bias__2019-01-25__17_38_05__baseline,9.6,19.99336697752568,23.657894134521484,False,sensor_preflight
normal:ekf2_innovation_bias__2019-01-25__17_38_05__baseline,10.4,19.99334909613225,23.657894134521484,False,sensor_preflight
normal:ekf2_innovation_bias__2019-01-25__17_38_05__baseline,11.2,19.99335148031804,23.657894134521484,False,sensor_preflight
normal:ekf2_innovation_bias__2019-01-25__17_38_05__baseline,12.0,19.993352672410936,23.657894134521484,False,sensor_preflight
normal:ekf2_innovation_bias__2019-01-25__17_38_05__baseline,12.8,19.99335386450383,23.657894134521484,False,sensor_preflight
normal:ekf2_innovation_bias__2019-01-25__17_38_05__baseline,13.6,19.993352672410936,23.657894134521484,False,sensor_preflight
normal:ekf2_innovation_bias__2019-01-25__17_38_05__baseline,14.4,19.993355056596727,23.657894134521484,False,sensor_preflight
normal:ekf2_innovation_bias__2019-01-25__17_38_05__baseline,15.2,19.99335148031804,23.657894134521484,False,sensor_preflight
normal:ekf2_innovation_bias__2019-01-25__17_38_05__baseline,16.0,19.99335311091272,23.657894134521484,False,sensor_preflight
normal:ekf2_innovation_bias__2019-01-25__17_38_05__baseline,16.8,19.993352672410936,23.657894134521484,False,sensor_preflight
normal:ekf2_innovation_bias__2019-01-25__17_38_05__baseline,17.6,19.99335148031804,23.657894134521484,False,sensor_preflight
normal:ekf2_innovation_bias__2019-01-25__17_38_05__baseline,18.4,19.99335311091272,23.657894134521484,False,sensor_preflight
normal:ekf2_innovation_bias__2019-01-25__17_38_05__baseline,19.2,19.993352672410936,23.657894134521484,False,sensor_preflight
normal:ekf2_innovation_bias__2019-01-25__17_38_05__baseline,20.0,19.99334909613225,23.657894134521484,False,sensor_preflight
normal:ekf2_innovation_bias__2019-01-25__17_38_05__baseline,20.8,19.993355495098513,23.657894134521484,False,sensor_preflight
normal:ekf2_innovation_bias__2019-01-25__17_38_05__baseline,21.6,19.99334595835535,23.657894134521484,False,sensor_preflight
normal:ekf2_innovation_bias__2019-01-25__17_38_05__baseline,22.4,19.993357440782518,23.657894134521484,False,sensor_preflight
normal:ekf2_innovation_bias__2019-01-25__17_38_05__baseline,23.2,19.99335386450383,23.657894134521484,False,sensor_preflight
normal:ekf2_innovation_bias__2019-01-25__17_38_05__baseline,24.0,19.99335982496831,23.657894134521484,False,sensor_preflight
normal:ekf2_innovation_bias__2019-01-25__17_38_05__baseline,24.8,19.993350288225145,23.657894134521484,False,sensor_preflight
normal:ekf2_innovation_bias__2019-01-25__17_38_05__baseline,25.6,19.993355056596727,23.657894134521484,False,sensor_preflight
normal:ekf2_innovation_bias__2019-01-25__17_38_05__baseline,26.4,19.993355056596727,23.657894134521484,False,sensor_preflight
normal:ekf2_innovation_bias__2019-01-25__17_38_05__baseline,27.2,19.99334909613225,23.657894134521484,False,sensor_preflight
normal:ekf2_innovation_bias__2019-01-25__17_38_05__baseline,28.0,19.993347904039354,23.657894134521484,False,sensor_preflight
normal:ekf2_innovation_bias__2019-01-25__17_38_05__baseline,28.8,19.99334595835535,23.657894134521484,False,sensor_preflight
normal:ekf2_innovation_bias__2019-01-25__17_38_05__baseline,29.6,19.993347904039354,23.657894134521484,False,sensor_preflight
normal:ekf2_innovation_bias__2019-01-25__17_38_05__baseline,30.4,19.993356248689622,23.657894134521484,False,sensor_preflight
normal:ekf2_innovation_bias__2019-01-25__17_38_05__baseline,31.2,19.99335148031804,23.657894134521484,False,sensor_preflight
normal:ekf2_innovation_bias__2019-01-25__17_38_05__baseline,32.0,19.993350288225145,23.657894134521484,False,sensor_preflight
normal:ekf2_innovation_bias__2019-01-25__17_38_05__baseline,32.8,19.993352672410936,23.657894134521484,False,sensor_preflight
normal:ekf2_innovation_bias__2019-01-25__17_38_05__baseline,33.6,19.99335982496831,23.657894134521484,False,sensor_preflight
normal:ekf2_innovation_bias__2019-01-25__17_38_05__baseline,34.4,19.993347904039354,23.657894134521484,False,sensor_preflight
normal:ekf2_innovation_bias__2019-01-25__17_38_05__baseline,35.2,19.99334834254114,23.657894134521484,False,sensor_preflight
normal:ekf2_innovation_bias__2019-01-25__17_38_05__baseline,36.0,19.99335148031804,23.657894134521484,False,sensor_preflight
normal:ekf2_innovation_bias__2019-01-25__17_38_05__baseline,36.8,19.993352672410936,23.657894134521484,False,sensor_preflight
normal:ekf2_innovation_bias__2019-01-25__17_38_05__baseline,37.6,19.99334834254114,23.657894134521484,False,sensor_preflight
normal:ekf2_innovation_bias__2019-01-25__17_38_05__baseline,38.4,19.993350288225145,23.657894134521484,False,sensor_preflight
normal:ekf2_innovation_bias__2019-01-25__17_38_05__baseline,39.2,19.99335072672693,23.657894134521484,False,sensor_preflight
normal:ekf2_innovation_bias__2019-01-25__17_38_05__baseline,40.0,19.993356248689622,23.657894134521484,False,sensor_preflight
normal:ekf2_innovation_bias__2019-01-25__17_38_05__baseline,40.8,19.993352672410936,23.657894134521484,False,sensor_preflight
normal:ekf2_innovation_bias__2019-01-25__17_38_05__baseline,41.6,19.993350288225145,23.657894134521484,False,sensor_preflight
normal:ekf2_innovation_bias__2019-01-25__17_38_05__baseline,42.4,19.99335148031804,23.657894134521484,False,sensor_preflight
normal:ekf2_innovation_bias__2019-01-25__17_38_05__baseline,43.2,19.993352672410936,23.657894134521484,False,sensor_preflight
normal:ekf2_innovation_bias__2019-01-25__17_38_05__baseline,44.0,19.99334909613225,23.657894134521484,False,sensor_preflight
normal:ekf2_innovation_bias__2019-01-25__17_38_05__baseline,44.8,19.99335386450383,23.657894134521484,False,sensor_preflight
normal:ekf2_innovation_bias__2019-01-25__17_38_05__baseline,45.6,19.99335386450383,23.657894134521484,False,sensor_preflight
normal:ekf2_innovation_bias__2019-01-25__17_38_05__baseline,46.4,19.99334909613225,23.657894134521484,False,sensor_preflight
normal:ekf2_innovation_bias__2019-01-25__17_38_05__baseline,47.2,19.993355056596727,23.657894134521484,False,sensor_preflight
normal:ekf2_innovation_bias__2019-01-25__17_38_05__baseline,48.0,19.99334834254114,23.657894134521484,False,sensor_preflight
normal:ekf2_innovation_bias__2019-01-25__17_38_05__baseline,48.8,19.99335148031804,23.657894134521484,False,sensor_preflight
normal:ekf2_innovation_bias__2019-01-25__17_38_05__baseline,49.6,19.99335148031804,23.657894134521484,False,sensor_preflight
normal:ekf2_innovation_bias__2019-01-25__17_38_05__baseline,50.4,19.99335386450383,23.657894134521484,False,sensor_preflight
normal:ekf2_innovation_bias__2019-01-25__17_38_05__baseline,51.2,19.993357440782518,23.657894134521484,False,sensor_preflight
normal:ekf2_innovation_bias__2019-01-25__17_38_05__baseline,52.0,19.993352672410936,23.657894134521484,False,sensor_preflight
normal:ekf2_innovation_bias__2019-01-25__17_38_05__baseline,52.8,19.993345519853563,23.657894134521484,False,sensor_preflight
normal:ekf2_innovation_bias__2019-01-25__17_38_05__baseline,53.6,19.993357440782518,23.657894134521484,False,sensor_preflight
normal:ekf2_innovation_bias__2019-01-25__17_38_05__baseline,54.4,19.993355056596727,23.657894134521484,False,sensor_preflight
normal:ekf2_innovation_bias__2019-01-25__17_38_05__baseline,55.2,19.99334834254114,23.657894134521484,False,sensor_preflight
normal:ekf2_innovation_bias__2019-01-25__17_38_05__baseline,56.0,19.99335072672693,23.657894134521484,False,sensor_preflight
normal:ekf2_innovation_bias__2019-01-25__17_38_05__baseline,56.8,19.99334834254114,23.657894134521484,False,sensor_preflight
normal:ekf2_innovation_bias__2019-01-25__17_38_05__baseline,57.6,19.99335311091272,23.657894134521484,False,sensor_preflight
normal:ekf2_innovation_bias__2019-01-25__17_38_05__baseline,58.4,19.99335386450383,23.657894134521484,False,sensor_preflight
normal:ekf2_innovation_bias__2019-01-25__17_38_05__baseline,59.2,19.993356248689622,23.657894134521484,False,sensor_preflight
normal:ekf2_innovation_bias__2019-01-25__17_38_05__baseline,60.0,19.993358632875413,23.657894134521484,False,sensor_preflight
normal:ekf2_innovation_bias__2019-01-25__17_38_05__baseline,60.8,19.993357440782518,23.657894134521484,False,sensor_preflight
normal:ekf2_innovation_bias__2019-01-25__17_38_05__baseline,61.6,19.993355056596727,23.657894134521484,False,sensor_preflight
normal:ekf2_innovation_bias__2019-01-25__17_38_05__baseline,62.4,19.993350288225145,23.657894134521484,False,sensor_preflight
normal:ekf2_innovation_bias__2019-01-25__17_38_05__baseline,63.2,19.99335148031804,23.657894134521484,False,sensor_preflight
normal:ekf2_innovation_bias__2019-01-25__17_38_05__baseline,64.0,19.99335148031804,23.657894134521484,False,sensor_preflight
normal:ekf2_innovation_bias__2019-01-25__17_38_05__baseline,64.8,19.993355056596727,23.657894134521484,False,sensor_preflight
normal:ekf2_innovation_bias__2019-01-25__17_38_05__baseline,65.6,19.99335148031804,23.657894134521484,False,sensor_preflight
normal:ekf2_innovation_bias__2019-01-25__17_38_05__baseline,66.4,19.993350288225145,23.657894134521484,False,sensor_preflight
normal:ekf2_innovation_bias__2019-01-25__17_38_05__baseline,67.2,19.99335072672693,23.657894134521484,False,sensor_preflight
normal:ekf2_innovation_bias__2019-01-25__17_38_05__baseline,68.0,19.993356248689622,23.657894134521484,False,sensor_preflight
normal:ekf2_innovation_bias__2019-01-25__17_38_05__baseline,68.8,19.993352672410936,23.657894134521484,False,sensor_preflight
normal:ekf2_innovation_bias__2019-01-25__17_38_05__baseline,69.6,19.993352672410936,23.657894134521484,False,sensor_preflight
normal:ekf2_innovation_bias__2019-01-25__17_38_05__baseline,70.4,19.99335386450383,23.657894134521484,False,sensor_preflight
normal:ekf2_innovation_bias__2019-01-25__17_38_05__baseline,71.2,19.993352672410936,23.657894134521484,False,sensor_preflight
normal:ekf2_innovation_bias__2019-01-25__17_38_05__baseline,72.0,19.993357440782518,23.657894134521484,False,sensor_preflight
normal:ekf2_innovation_bias__2019-01-25__17_38_05__baseline,72.8,19.993350288225145,23.657894134521484,False,sensor_preflight
normal:ekf2_innovation_bias__2019-01-25__17_38_05__baseline,73.6,19.993346711946458,23.657894134521484,False,sensor_preflight
normal:ekf2_innovation_bias__2019-01-25__17_38_05__baseline,74.4,19.99335072672693,23.657894134521484,False,sensor_preflight
normal:ekf2_innovation_bias__2019-01-25__17_38_05__baseline,75.2,19.993356248689622,23.657894134521484,False,sensor_preflight
normal:ekf2_innovation_bias__2019-01-25__17_38_05__baseline,76.0,19.99335386450383,23.657894134521484,False,sensor_preflight
normal:ekf2_innovation_bias__2019-01-25__17_38_05__baseline,76.8,19.993352672410936,23.657894134521484,False,sensor_preflight
normal:ekf2_innovation_bias__2019-01-25__17_38_05__baseline,77.6,19.993356248689622,23.657894134521484,False,sensor_preflight
normal:ekf2_innovation_bias__2019-01-25__17_38_05__baseline,78.4,19.99335386450383,23.657894134521484,False,sensor_preflight
normal:ekf2_innovation_bias__2019-01-25__17_38_05__baseline,79.2,19.993355056596727,23.657894134521484,False,sensor_preflight
normal:ekf2_innovation_bias__2019-01-25__17_38_05__baseline,80.0,19.993357440782518,23.657894134521484,False,sensor_preflight
normal:ekf2_innovation_bias__2019-01-25__17_38_05__baseline,80.8,19.993350288225145,23.657894134521484,False,sensor_preflight
normal:ekf2_innovation_bias__2019-01-25__17_38_05__baseline,81.6,19.993358632875413,23.657894134521484,False,sensor_preflight
normal:ekf2_innovation_bias__2019-01-25__17_38_05__baseline,82.4,19.99335386450383,23.657894134521484,False,sensor_preflight
normal:ekf2_innovation_bias__2019-01-25__17_38_05__baseline,83.2,19.993350288225145,23.657894134521484,False,sensor_preflight
normal:ekf2_innovation_bias__2019-01-25__17_38_05__baseline,84.0,19.993352672410936,23.657894134521484,False,sensor_preflight
normal:ekf2_innovation_bias__2019-01-25__17_38_05__baseline,84.8,19.993347904039354,23.657894134521484,False,sensor_preflight
normal:ekf2_innovation_bias__2019-01-25__17_38_05__baseline,85.6,19.993346711946458,23.657894134521484,False,sensor_preflight
normal:ekf2_innovation_bias__2019-01-25__17_38_05__baseline,86.4,19.993352672410936,23.657894134521484,False,sensor_preflight
normal:ekf2_innovation_bias__2019-01-25__17_38_05__baseline,87.2,19.99335148031804,23.657894134521484,False,sensor_preflight
normal:ekf2_innovation_bias__2019-01-25__17_38_05__baseline,88.0,19.99335386450383,23.657894134521484,False,sensor_preflight
normal:ekf2_innovation_bias__2019-01-25__17_38_05__baseline,88.8,19.993350288225145,23.657894134521484,False,sensor_preflight
normal:ekf2_innovation_bias__2019-01-25__17_38_05__baseline,89.6,19.993352672410936,23.657894134521484,False,sensor_preflight
normal:ekf2_innovation_bias__2019-01-25__17_38_05__baseline,90.4,19.99335148031804,23.657894134521484,False,sensor_preflight
normal:ekf2_innovation_bias__2019-01-25__17_38_05__baseline,91.2,19.993355056596727,23.657894134521484,False,sensor_preflight
normal:ekf2_innovation_bias__2019-01-25__17_38_05__baseline,92.0,19.99335148031804,23.657894134521484,False,sensor_preflight
normal:ekf2_innovation_bias__2019-01-25__17_38_05__baseline,92.8,19.99335386450383,23.657894134521484,False,sensor_preflight
normal:inav_local_z_freeze__2019-01-25__17_38_05__baseline,9.6,1.7530608177185059,23.657894134521484,False,ekf2_innovations
normal:inav_local_z_freeze__2019-01-25__17_38_05__baseline,10.4,1.7530608177185059,23.657894134521484,False,ekf2_innovations
normal:inav_local_z_freeze__2019-01-25__17_38_05__baseline,11.2,1.4823992550373077,23.657894134521484,False,ekf2_innovations
normal:inav_local_z_freeze__2019-01-25__17_38_05__baseline,12.0,1.6542501415590944,23.657894134521484,False,sensor_combined
normal:inav_local_z_freeze__2019-01-25__17_38_05__baseline,12.8,1.7678419816333548,23.657894134521484,False,ekf2_innovations
normal:inav_local_z_freeze__2019-01-25__17_38_05__baseline,13.6,2.5930079157507215,23.657894134521484,False,ekf2_innovations
normal:inav_local_z_freeze__2019-01-25__17_38_05__baseline,14.4,1.254730114629777,23.657894134521484,False,sensor_combined
normal:inav_local_z_freeze__2019-01-25__17_38_05__baseline,15.2,1.2163126287449115,23.657894134521484,False,sensor_combined
normal:inav_local_z_freeze__2019-01-25__17_38_05__baseline,16.0,1.5787438740627446,23.657894134521484,False,sensor_combined
normal:inav_local_z_freeze__2019-01-25__17_38_05__baseline,16.8,1.7437817536624973,23.657894134521484,False,sensor_combined
normal:inav_local_z_freeze__2019-01-25__17_38_05__baseline,17.6,1.4936818660131537,23.657894134521484,False,sensor_combined
normal:inav_local_z_freeze__2019-01-25__17_38_05__baseline,18.4,1.037133783356476,23.657894134521484,False,sensor_combined
normal:inav_local_z_freeze__2019-01-25__17_38_05__baseline,19.2,1.1973970061220367,23.657894134521484,False,sensor_combined
normal:inav_local_z_freeze__2019-01-25__17_38_05__baseline,20.0,1.073064846537972,23.657894134521484,False,sensor_combined
normal:inav_local_z_freeze__2019-01-25__17_38_05__baseline,20.8,0.8617215689610728,23.657894134521484,False,vehicle_local_position
normal:inav_local_z_freeze__2019-01-25__17_38_05__baseline,21.6,0.86703514817191,23.657894134521484,False,vehicle_local_position
normal:inav_local_z_freeze__2019-01-25__17_38_05__baseline,22.4,0.7886321520582765,23.657894134521484,False,sensor_combined
normal:inav_local_z_freeze__2019-01-25__17_38_05__baseline,23.2,0.8485168356964549,23.657894134521484,False,vehicle_local_position
normal:inav_local_z_freeze__2019-01-25__17_38_05__baseline,24.0,1.3491107947916594,23.657894134521484,False,sensor_combined
normal:inav_local_z_freeze__2019-01-25__17_38_05__baseline,24.8,1.409734595877927,23.657894134521484,False,sensor_combined
normal:inav_local_z_freeze__2019-01-25__17_38_05__baseline,25.6,1.6931004527745603,23.657894134521484,False,vehicle_local_position
normal:inav_local_z_freeze__2019-01-25__17_38_05__baseline,26.4,1.6931004527745603,23.657894134521484,False,vehicle_local_position
normal:inav_local_z_freeze__2019-01-25__17_38_05__baseline,27.2,0.5603200161954943,23.657894134521484,False,sensor_combined
normal:inav_local_z_freeze__2019-01-25__17_38_05__baseline,28.0,0.7491313098662769,23.657894134521484,False,sensor_combined
normal:inav_local_z_freeze__2019-01-25__17_38_05__baseline,28.8,0.6854241415680834,23.657894134521484,False,actuator_controls_0
normal:inav_local_z_freeze__2019-01-25__17_38_05__baseline,29.6,1.136400207076126,23.657894134521484,False,actuator_controls_0
normal:inav_local_z_freeze__2019-01-25__17_38_05__baseline,30.4,1.2528384692313124,23.657894134521484,False,actuator_controls_0
normal:inav_local_z_freeze__2019-01-25__17_38_05__baseline,31.2,1.3444435142344904,23.657894134521484,False,actuator_controls_0
normal:inav_local_z_freeze__2019-01-25__17_38_05__baseline,32.0,1.0798043887421858,23.657894134521484,False,sensor_combined
normal:inav_local_z_freeze__2019-01-25__17_38_05__baseline,32.8,1.198162018817041,23.657894134521484,False,sensor_combined
normal:inav_local_z_freeze__2019-01-25__17_38_05__baseline,33.6,0.9843923795429875,23.657894134521484,False,sensor_combined
normal:inav_local_z_freeze__2019-01-25__17_38_05__baseline,34.4,0.8817306640091738,23.657894134521484,False,sensor_combined
normal:inav_local_z_freeze__2019-01-25__17_38_05__baseline,35.2,0.785906715478729,23.657894134521484,False,sensor_combined
normal:inav_local_z_freeze__2019-01-25__17_38_05__baseline,36.0,1.0766665556462223,23.657894134521484,False,vehicle_local_position
normal:inav_local_z_freeze__2019-01-25__17_38_05__baseline,36.8,0.8585187200339807,23.657894134521484,False,sensor_combined
normal:inav_local_z_freeze__2019-01-25__17_38_05__baseline,37.6,0.9679643894787185,23.657894134521484,False,sensor_combined
normal:inav_local_z_freeze__2019-01-25__17_38_05__baseline,38.4,1.1414291011306004,23.657894134521484,False,sensor_combined
normal:inav_local_z_freeze__2019-01-25__17_38_05__baseline,39.2,0.9709667953882426,23.657894134521484,False,sensor_combined
normal:inav_local_z_freeze__2019-01-25__17_38_05__baseline,40.0,1.4906241706304957,23.657894134521484,False,sensor_combined
normal:inav_local_z_freeze__2019-01-25__17_38_05__baseline,40.8,2.2728790257209988,23.657894134521484,False,sensor_combined
normal:inav_local_z_freeze__2019-01-25__17_38_05__baseline,41.6,2.328408464352284,23.657894134521484,False,sensor_combined
normal:inav_local_z_freeze__2019-01-25__17_38_05__baseline,42.4,1.6221447829700737,23.657894134521484,False,sensor_combined
normal:inav_local_z_freeze__2019-01-25__17_38_05__baseline,43.2,1.3801606776019282,23.657894134521484,False,sensor_combined
normal:inav_local_z_freeze__2019-01-25__17_38_05__baseline,44.0,1.16590022408928,23.657894134521484,False,sensor_combined
normal:inav_local_z_freeze__2019-01-25__17_38_05__baseline,44.8,0.8905917448545658,23.657894134521484,False,sensor_combined
normal:inav_local_z_freeze__2019-01-25__17_38_05__baseline,45.6,1.0418686500191847,23.657894134521484,False,sensor_combined
normal:inav_local_z_freeze__2019-01-25__17_38_05__baseline,46.4,0.8518719906423975,23.657894134521484,False,sensor_combined
normal:inav_local_z_freeze__2019-01-25__17_38_05__baseline,47.2,1.2363691193201691,23.657894134521484,False,sensor_combined
normal:inav_local_z_freeze__2019-01-25__17_38_05__baseline,48.0,1.2113289270453151,23.657894134521484,False,sensor_combined
normal:inav_local_z_freeze__2019-01-25__17_38_05__baseline,48.8,1.7290365606651004,23.657894134521484,False,sensor_combined
normal:inav_local_z_freeze__2019-01-25__17_38_05__baseline,49.6,1.3171600279388227,23.657894134521484,False,sensor_combined
normal:inav_local_z_freeze__2019-01-25__17_38_05__baseline,50.4,1.069149879863577,23.657894134521484,False,sensor_combined
normal:inav_local_z_freeze__2019-01-25__17_38_05__baseline,51.2,0.9312900537711019,23.657894134521484,False,sensor_combined
normal:inav_local_z_freeze__2019-01-25__17_38_05__baseline,52.0,0.9560305578300711,23.657894134521484,False,sensor_combined
normal:inav_local_z_freeze__2019-01-25__17_38_05__baseline,52.8,1.1210851187708564,23.657894134521484,False,sensor_combined
normal:inav_local_z_freeze__2019-01-25__17_38_05__baseline,53.6,1.1385114900465372,23.657894134521484,False,sensor_combined
normal:inav_local_z_freeze__2019-01-25__17_38_05__baseline,54.4,0.8050369185258411,23.657894134521484,False,sensor_combined
normal:inav_local_z_freeze__2019-01-25__17_38_05__baseline,55.2,0.730171776247166,23.657894134521484,False,sensor_combined
normal:inav_local_z_freeze__2019-01-25__17_38_05__baseline,56.0,1.0803454921902966,23.657894134521484,False,sensor_combined
normal:inav_local_z_freeze__2019-01-25__17_38_05__baseline,56.8,1.8123330974237855,23.657894134521484,False,sensor_combined
normal:inav_local_z_freeze__2019-01-25__17_38_05__baseline,57.6,1.7488674927272652,23.657894134521484,False,sensor_combined
normal:inav_local_z_freeze__2019-01-25__17_38_05__baseline,58.4,1.2472641736033674,23.657894134521484,False,sensor_combined
normal:inav_local_z_freeze__2019-01-25__17_38_05__baseline,59.2,1.2652185446506825,23.657894134521484,False,sensor_combined
normal:inav_local_z_freeze__2019-01-25__17_38_05__baseline,60.0,0.9853689575609695,23.657894134521484,False,sensor_combined
normal:inav_local_z_freeze__2019-01-25__17_38_05__baseline,60.8,0.9853689575609695,23.657894134521484,False,sensor_combined
normal:inav_local_z_freeze__2019-01-25__17_38_05__baseline,61.6,1.2495191585641339,23.657894134521484,False,sensor_combined
normal:inav_local_z_freeze__2019-01-25__17_38_05__baseline,62.4,1.0197359724685329,23.657894134521484,False,sensor_combined
normal:inav_local_z_freeze__2019-01-25__17_38_05__baseline,63.2,0.8387717899156898,23.657894134521484,False,sensor_combined
normal:inav_local_z_freeze__2019-01-25__17_38_05__baseline,64.0,0.8845446607120079,23.657894134521484,False,sensor_combined
normal:inav_local_z_freeze__2019-01-25__17_38_05__baseline,64.8,0.7752781216696636,23.657894134521484,False,sensor_combined
normal:inav_local_z_freeze__2019-01-25__17_38_05__baseline,65.6,0.9522275450456937,23.657894134521484,False,sensor_combined
normal:inav_local_z_freeze__2019-01-25__17_38_05__baseline,66.4,0.8939150895359028,23.657894134521484,False,sensor_combined
normal:inav_local_z_freeze__2019-01-25__17_38_05__baseline,67.2,0.9327840596845909,23.657894134521484,False,vehicle_local_position
normal:inav_local_z_freeze__2019-01-25__17_38_05__baseline,68.0,0.6978738759983434,23.657894134521484,False,actuator_controls_0
normal:inav_local_z_freeze__2019-01-25__17_38_05__baseline,68.8,1.4008095769407365,23.657894134521484,False,vehicle_local_position
normal:inav_local_z_freeze__2019-01-25__17_38_05__baseline,69.6,1.2252630589780251,23.657894134521484,False,vehicle_local_position
normal:inav_local_z_freeze__2019-01-25__17_38_05__baseline,70.4,1.6926712232629066,23.657894134521484,False,vehicle_local_position
normal:inav_local_z_freeze__2019-01-25__17_38_05__baseline,71.2,1.2606573679114437,23.657894134521484,False,vehicle_local_position
normal:inav_local_z_freeze__2019-01-25__17_38_05__baseline,72.0,1.4533601130505325,23.657894134521484,False,vehicle_local_position
normal:inav_local_z_freeze__2019-01-25__17_38_05__baseline,72.8,1.52884398058401,23.657894134521484,False,sensor_combined
normal:inav_local_z_freeze__2019-01-25__17_38_05__baseline,73.6,1.093420730213183,23.657894134521484,False,vehicle_local_position
normal:inav_local_z_freeze__2019-01-25__17_38_05__baseline,74.4,0.8708756896153855,23.657894134521484,False,vehicle_local_position
normal:inav_local_z_freeze__2019-01-25__17_38_05__baseline,75.2,1.4492603663490162,23.657894134521484,False,sensor_combined
normal:inav_local_z_freeze__2019-01-25__17_38_05__baseline,76.0,1.033721436871563,23.657894134521484,False,sensor_combined
normal:inav_local_z_freeze__2019-01-25__17_38_05__baseline,76.8,0.8708756896153855,23.657894134521484,False,vehicle_local_position
normal:inav_local_z_freeze__2019-01-25__17_38_05__baseline,77.6,1.1211108431684975,23.657894134521484,False,vehicle_local_position
normal:inav_local_z_freeze__2019-01-25__17_38_05__baseline,78.4,0.6712678551121791,23.657894134521484,False,vehicle_local_position
normal:inav_local_z_freeze__2019-01-25__17_38_05__baseline,79.2,0.909848474493643,23.657894134521484,False,actuator_controls_0
normal:inav_local_z_freeze__2019-01-25__17_38_05__baseline,80.0,1.0055041526831456,23.657894134521484,False,sensor_combined
normal:inav_local_z_freeze__2019-01-25__17_38_05__baseline,80.8,0.9437651557613786,23.657894134521484,False,sensor_combined
normal:inav_local_z_freeze__2019-01-25__17_38_05__baseline,81.6,8.456826395905287,23.657894134521484,False,sensor_combined
normal:inav_local_z_freeze__2019-01-25__17_38_05__baseline,82.4,8.456826395905287,23.657894134521484,False,sensor_combined
normal:inav_local_z_freeze__2019-01-25__17_38_05__baseline,83.2,8.456826395905287,23.657894134521484,False,sensor_combined
normal:inav_local_z_freeze__2019-01-25__17_38_05__baseline,84.0,8.456826395905287,23.657894134521484,False,sensor_combined
normal:inav_local_z_freeze__2019-01-25__17_38_05__baseline,84.8,8.456826395905287,23.657894134521484,False,sensor_combined
normal:inav_local_z_freeze__2019-01-25__17_38_05__baseline,85.6,8.456826395905287,23.657894134521484,False,sensor_combined
normal:inav_local_z_freeze__2019-01-25__17_38_05__baseline,86.4,8.456826395905287,23.657894134521484,False,sensor_combined
normal:inav_local_z_freeze__2019-01-25__17_38_05__baseline,87.2,8.456826395905287,23.657894134521484,False,sensor_combined
normal:inav_local_z_freeze__2019-01-25__17_38_05__baseline,88.0,8.456826395905287,23.657894134521484,False,sensor_combined
normal:inav_local_z_freeze__2019-01-25__17_38_05__baseline,88.8,8.456826395905287,23.657894134521484,False,sensor_combined
normal:inav_local_z_freeze__2019-01-25__17_38_05__baseline,89.6,8.456826395905287,23.657894134521484,False,sensor_combined
normal:inav_local_z_freeze__2019-01-25__17_38_05__baseline,90.4,8.456826395905287,23.657894134521484,False,sensor_combined
normal:inav_local_z_freeze__2019-01-25__17_38_05__baseline,91.2,2.311990860935663,23.657894134521484,False,sensor_combined
normal:inav_local_z_freeze__2019-01-25__17_38_05__baseline,92.0,4.3074550412490344,23.657894134521484,False,sensor_combined
normal:inav_local_z_freeze__2019-01-25__17_38_05__baseline,92.8,0.9320160089249521,23.657894134521484,False,sensor_combined
normal:inav_local_z_freeze__2019-01-25__17_38_05__baseline,93.6,982.71484375,23.657894134521484,False,vehicle_status
normal:land_detector_state_inversion__2019-01-25__17_38_05__baseline,9.6,2.5708842277526855,23.657894134521484,False,ekf2_innovations
normal:land_detector_state_inversion__2019-01-25__17_38_05__baseline,10.4,1.4279622584581375,23.657894134521484,False,ekf2_innovations
normal:land_detector_state_inversion__2019-01-25__17_38_05__baseline,11.2,1.4974378318768913,23.657894134521484,False,sensor_combined
normal:land_detector_state_inversion__2019-01-25__17_38_05__baseline,12.0,1.5808617464823167,23.657894134521484,False,vehicle_local_position
normal:land_detector_state_inversion__2019-01-25__17_38_05__baseline,12.8,2.2376883029937744,23.657894134521484,False,vehicle_local_position
normal:land_detector_state_inversion__2019-01-25__17_38_05__baseline,13.6,2.578382290229238,23.657894134521484,False,ekf2_innovations
normal:land_detector_state_inversion__2019-01-25__17_38_05__baseline,14.4,1.4068325432365871,23.657894134521484,False,sensor_combined
normal:land_detector_state_inversion__2019-01-25__17_38_05__baseline,15.2,2.1438227333764424,23.657894134521484,False,vehicle_local_position
normal:land_detector_state_inversion__2019-01-25__17_38_05__baseline,16.0,1.6728019714355469,23.657894134521484,False,manual_control_setpoint
normal:land_detector_state_inversion__2019-01-25__17_38_05__baseline,16.8,1.4935939839677632,23.657894134521484,False,sensor_combined
normal:land_detector_state_inversion__2019-01-25__17_38_05__baseline,17.6,1.871110947464334,23.657894134521484,False,sensor_combined
normal:land_detector_state_inversion__2019-01-25__17_38_05__baseline,18.4,1.1528162101265378,23.657894134521484,False,vehicle_local_position
normal:land_detector_state_inversion__2019-01-25__17_38_05__baseline,19.2,2.5572834229489514,23.657894134521484,False,sensor_combined
normal:land_detector_state_inversion__2019-01-25__17_38_05__baseline,20.0,2.439004275253952,23.657894134521484,False,sensor_combined
normal:land_detector_state_inversion__2019-01-25__17_38_05__baseline,20.8,1.3199807046348115,23.657894134521484,False,sensor_combined
normal:land_detector_state_inversion__2019-01-25__17_38_05__baseline,21.6,1.6330020114371924,23.657894134521484,False,vehicle_local_position
normal:land_detector_state_inversion__2019-01-25__17_38_05__baseline,22.4,2.611512541770935,23.657894134521484,False,vehicle_local_position
normal:land_detector_state_inversion__2019-01-25__17_38_05__baseline,23.2,1.7450125998084967,23.657894134521484,False,vehicle_local_position
normal:land_detector_state_inversion__2019-01-25__17_38_05__baseline,24.0,2.253122329711914,23.657894134521484,False,vehicle_local_position
normal:land_detector_state_inversion__2019-01-25__17_38_05__baseline,24.8,2.7350211143493652,23.657894134521484,False,vehicle_local_position
normal:land_detector_state_inversion__2019-01-25__17_38_05__baseline,25.6,2.7350211143493652,23.657894134521484,False,vehicle_local_position
normal:land_detector_state_inversion__2019-01-25__17_38_05__baseline,26.4,1.3985832135444356,23.657894134521484,False,sensor_combined
normal:land_detector_state_inversion__2019-01-25__17_38_05__baseline,27.2,0.949714183807373,23.657894134521484,False,vehicle_local_position
normal:land_detector_state_inversion__2019-01-25__17_38_05__baseline,28.0,1.672676015278454,23.657894134521484,False,sensor_combined
normal:land_detector_state_inversion__2019-01-25__17_38_05__baseline,28.8,1.6850095561411715,23.657894134521484,False,sensor_combined
normal:land_detector_state_inversion__2019-01-25__17_38_05__baseline,29.6,1.2001808951279118,23.657894134521484,False,sensor_combined
normal:land_detector_state_inversion__2019-01-25__17_38_05__baseline,30.4,1.9237163662910461,23.657894134521484,False,vehicle_local_position
normal:land_detector_state_inversion__2019-01-25__17_38_05__baseline,31.2,1.3191163539886475,23.657894134521484,False,vehicle_local_position
normal:land_detector_state_inversion__2019-01-25__17_38_05__baseline,32.0,1.3009367550021669,23.657894134521484,False,sensor_combined
normal:land_detector_state_inversion__2019-01-25__17_38_05__baseline,32.8,1.1252725541565156,23.657894134521484,False,vehicle_local_position
normal:land_detector_state_inversion__2019-01-25__17_38_05__baseline,33.6,1.1444878767715785,23.657894134521484,False,sensor_combined
normal:land_detector_state_inversion__2019-01-25__17_38_05__baseline,34.4,1.3635905915528905,23.657894134521484,False,sensor_combined
normal:land_detector_state_inversion__2019-01-25__17_38_05__baseline,35.2,1.214194893836975,23.657894134521484,False,vehicle_local_position
normal:land_detector_state_inversion__2019-01-25__17_38_05__baseline,36.0,1.2291740145307128,23.657894134521484,False,sensor_combined
normal:land_detector_state_inversion__2019-01-25__17_38_05__baseline,36.8,1.0703288828063047,23.657894134521484,False,sensor_combined
normal:land_detector_state_inversion__2019-01-25__17_38_05__baseline,37.6,2.0837153494358063,23.657894134521484,False,vehicle_local_position
normal:land_detector_state_inversion__2019-01-25__17_38_05__baseline,38.4,1.9488047063350677,23.657894134521484,False,vehicle_local_position
normal:land_detector_state_inversion__2019-01-25__17_38_05__baseline,39.2,1.8487120419740677,23.657894134521484,False,vehicle_local_position
normal:land_detector_state_inversion__2019-01-25__17_38_05__baseline,40.0,1.8389337419917624,23.657894134521484,False,sensor_combined
normal:land_detector_state_inversion__2019-01-25__17_38_05__baseline,40.8,2.3023296153577117,23.657894134521484,False,sensor_combined
normal:land_detector_state_inversion__2019-01-25__17_38_05__baseline,41.6,2.475433946698158,23.657894134521484,False,sensor_combined
normal:land_detector_state_inversion__2019-01-25__17_38_05__baseline,42.4,2.2865586077496287,23.657894134521484,False,sensor_combined
normal:land_detector_state_inversion__2019-01-25__17_38_05__baseline,43.2,1.9129629590407504,23.657894134521484,False,sensor_combined
normal:land_detector_state_inversion__2019-01-25__17_38_05__baseline,44.0,2.388726901094922,23.657894134521484,False,sensor_combined
normal:land_detector_state_inversion__2019-01-25__17_38_05__baseline,44.8,2.388726901094922,23.657894134521484,False,sensor_combined
normal:land_detector_state_inversion__2019-01-25__17_38_05__baseline,45.6,2.429715627841716,23.657894134521484,False,sensor_combined
normal:land_detector_state_inversion__2019-01-25__17_38_05__baseline,46.4,1.8156392600120972,23.657894134521484,False,sensor_combined
normal:land_detector_state_inversion__2019-01-25__17_38_05__baseline,47.2,1.8299666503450178,23.657894134521484,False,sensor_combined
normal:land_detector_state_inversion__2019-01-25__17_38_05__baseline,48.0,1.5615291233422897,23.657894134521484,False,sensor_combined
normal:land_detector_state_inversion__2019-01-25__17_38_05__baseline,48.8,2.4399051715624758,23.657894134521484,False,sensor_combined
normal:land_detector_state_inversion__2019-01-25__17_38_05__baseline,49.6,1.6565180985141814,23.657894134521484,False,sensor_combined
normal:land_detector_state_inversion__2019-01-25__17_38_05__baseline,50.4,1.1977211649512927,23.657894134521484,False,vehicle_local_position
normal:land_detector_state_inversion__2019-01-25__17_38_05__baseline,51.2,1.6368213295936584,23.657894134521484,False,vehicle_local_position
normal:land_detector_state_inversion__2019-01-25__17_38_05__baseline,52.0,1.1241496022585689,23.657894134521484,False,sensor_combined
normal:land_detector_state_inversion__2019-01-25__17_38_05__baseline,52.8,1.267062294870174,23.657894134521484,False,sensor_combined
normal:land_detector_state_inversion__2019-01-25__17_38_05__baseline,53.6,1.2437223990385444,23.657894134521484,False,sensor_combined
normal:land_detector_state_inversion__2019-01-25__17_38_05__baseline,54.4,0.814875954971768,23.657894134521484,False,vehicle_local_position
normal:land_detector_state_inversion__2019-01-25__17_38_05__baseline,55.2,0.8207511655346083,23.657894134521484,False,vehicle_attitude
normal:land_detector_state_inversion__2019-01-25__17_38_05__baseline,56.0,2.163727283477783,23.657894134521484,False,vehicle_local_position
normal:land_detector_state_inversion__2019-01-25__17_38_05__baseline,56.8,1.2199410741466372,23.657894134521484,False,vehicle_local_position
normal:land_detector_state_inversion__2019-01-25__17_38_05__baseline,57.6,1.3795205544063172,23.657894134521484,False,sensor_combined
normal:land_detector_state_inversion__2019-01-25__17_38_05__baseline,58.4,1.3314684130644008,23.657894134521484,False,vehicle_local_position
normal:land_detector_state_inversion__2019-01-25__17_38_05__baseline,59.2,1.3585593239543081,23.657894134521484,False,vehicle_local_position
normal:land_detector_state_inversion__2019-01-25__17_38_05__baseline,60.0,1.2077903867257556,23.657894134521484,False,sensor_combined
normal:land_detector_state_inversion__2019-01-25__17_38_05__baseline,60.8,1.4697606930569245,23.657894134521484,False,sensor_combined
normal:land_detector_state_inversion__2019-01-25__17_38_05__baseline,61.6,1.7157219785351545,23.657894134521484,False,sensor_combined
normal:land_detector_state_inversion__2019-01-25__17_38_05__baseline,62.4,0.9275654729176125,23.657894134521484,False,sensor_combined
normal:land_detector_state_inversion__2019-01-25__17_38_05__baseline,63.2,1.2809736372558076,23.657894134521484,False,vehicle_local_position
normal:land_detector_state_inversion__2019-01-25__17_38_05__baseline,64.0,1.364249527311118,23.657894134521484,False,vehicle_local_position
normal:land_detector_state_inversion__2019-01-25__17_38_05__baseline,64.8,1.55862345462371,23.657894134521484,False,vehicle_local_position
normal:land_detector_state_inversion__2019-01-25__17_38_05__baseline,65.6,1.2026071548461914,23.657894134521484,False,vehicle_local_position
normal:land_detector_state_inversion__2019-01-25__17_38_05__baseline,66.4,1.648361086845398,23.657894134521484,False,vehicle_local_position
normal:land_detector_state_inversion__2019-01-25__17_38_05__baseline,67.2,1.2232106924057007,23.657894134521484,False,vehicle_local_position
normal:land_detector_state_inversion__2019-01-25__17_38_05__baseline,68.0,1.0378923733230503,23.657894134521484,False,vehicle_local_position
normal:land_detector_state_inversion__2019-01-25__17_38_05__baseline,68.8,1.9225651025772095,23.657894134521484,False,vehicle_local_position
normal:land_detector_state_inversion__2019-01-25__17_38_05__baseline,69.6,1.9225651025772095,23.657894134521484,False,vehicle_local_position
normal:land_detector_state_inversion__2019-01-25__17_38_05__baseline,70.4,1.4466399180216538,23.657894134521484,False,sensor_combined
normal:land_detector_state_inversion__2019-01-25__17_38_05__baseline,71.2,1.9091446307170579,23.657894134521484,False,vehicle_local_position
normal:land_detector_state_inversion__2019-01-25__17_38_05__baseline,72.0,0.9682862086645116,23.657894134521484,False,sensor_combined
normal:land_detector_state_inversion__2019-01-25__17_38_05__baseline,72.8,1.3578665256500244,23.657894134521484,False,vehicle_local_position
normal:land_detector_state_inversion__2019-01-25__17_38_05__baseline,73.6,1.7652708292007446,23.657894134521484,False,vehicle_local_position
normal:land_detector_state_inversion__2019-01-25__17_38_05__baseline,74.4,1.0733468351259716,23.657894134521484,False,sensor_combined
normal:land_detector_state_inversion__2019-01-25__17_38_05__baseline,75.2,2.787269949913025,23.657894134521484,False,vehicle_local_position
normal:land_detector_state_inversion__2019-01-25__17_38_05__baseline,76.0,1.6741300699073167,23.657894134521484,False,sensor_combined
normal:land_detector_state_inversion__2019-01-25__17_38_05__baseline,76.8,1.6463001072406769,23.657894134521484,False,vehicle_local_position
normal:land_detector_state_inversion__2019-01-25__17_38_05__baseline,77.6,2.733711302280426,23.657894134521484,False,vehicle_local_position
normal:land_detector_state_inversion__2019-01-25__17_38_05__baseline,78.4,1.148874459385594,23.657894134521484,False,vehicle_local_position
normal:land_detector_state_inversion__2019-01-25__17_38_05__baseline,79.2,1.545206606388092,23.657894134521484,False,vehicle_local_position
normal:land_detector_state_inversion__2019-01-25__17_38_05__baseline,80.0,1.6383368714472952,23.657894134521484,False,sensor_combined
normal:land_detector_state_inversion__2019-01-25__17_38_05__baseline,80.8,0.8222439885139465,23.657894134521484,False,vehicle_local_position
normal:land_detector_state_inversion__2019-01-25__17_38_05__baseline,81.6,4.846016285834915,23.657894134521484,False,sensor_combined
normal:land_detector_state_inversion__2019-01-25__17_38_05__baseline,82.4,4.846016285834915,23.657894134521484,False,sensor_combined
normal:land_detector_state_inversion__2019-01-25__17_38_05__baseline,83.2,4.846016285834915,23.657894134521484,False,sensor_combined
normal:land_detector_state_inversion__2019-01-25__17_38_05__baseline,84.0,4.846016285834915,23.657894134521484,False,sensor_combined
normal:land_detector_state_inversion__2019-01-25__17_38_05__baseline,84.8,4.846016285834915,23.657894134521484,False,sensor_combined
normal:land_detector_state_inversion__2019-01-25__17_38_05__baseline,85.6,4.846016285834915,23.657894134521484,False,sensor_combined
normal:land_detector_state_inversion__2019-01-25__17_38_05__baseline,86.4,4.846016285834915,23.657894134521484,False,sensor_combined
normal:land_detector_state_inversion__2019-01-25__17_38_05__baseline,87.2,4.846016285834915,23.657894134521484,False,sensor_combined
normal:land_detector_state_inversion__2019-01-25__17_38_05__baseline,88.0,4.846016285834915,23.657894134521484,False,sensor_combined
normal:land_detector_state_inversion__2019-01-25__17_38_05__baseline,88.8,4.846016285834915,23.657894134521484,False,sensor_combined
normal:land_detector_state_inversion__2019-01-25__17_38_05__baseline,89.6,4.846016285834915,23.657894134521484,False,sensor_combined
normal:land_detector_state_inversion__2019-01-25__17_38_05__baseline,90.4,4.846016285834915,23.657894134521484,False,sensor_combined
normal:land_detector_state_inversion__2019-01-25__17_38_05__baseline,91.2,2.462562072294072,23.657894134521484,False,sensor_combined
normal:land_detector_state_inversion__2019-01-25__17_38_05__baseline,92.0,0.7551575681738615,23.657894134521484,False,sensor_combined
normal:land_detector_state_inversion__2019-01-25__17_38_05__baseline,92.8,1.0948218932384273,23.657894134521484,False,sensor_combined
normal:land_detector_state_inversion__2019-01-25__17_38_05__baseline,93.6,2251.083984375,23.657894134521484,False,vehicle_status
fault:commander_nav_state_override__2019-01-25__17_38_05__fault,9.6,4.3810200691223145,23.657894134521484,False,ekf2_innovations
fault:commander_nav_state_override__2019-01-25__17_38_05__fault,10.4,2.3851418495178223,23.657894134521484,False,ekf2_innovations
fault:commander_nav_state_override__2019-01-25__17_38_05__fault,11.2,0.9933599597775057,23.657894134521484,False,actuator_controls_0
fault:commander_nav_state_override__2019-01-25__17_38_05__fault,12.0,0.9698086977005005,23.657894134521484,False,ekf2_innovations
fault:commander_nav_state_override__2019-01-25__17_38_05__fault,12.8,0.8382487297058105,23.657894134521484,False,ekf2_innovations
fault:commander_nav_state_override__2019-01-25__17_38_05__fault,13.6,0.6611585192737034,23.657894134521484,False,actuator_controls_0
fault:commander_nav_state_override__2019-01-25__17_38_05__fault,14.4,0.7244836651132638,23.657894134521484,False,actuator_controls_0
fault:commander_nav_state_override__2019-01-25__17_38_05__fault,15.2,0.8330371726844701,23.657894134521484,False,actuator_controls_0
fault:commander_nav_state_override__2019-01-25__17_38_05__fault,16.0,0.7651056679956532,23.657894134521484,False,actuator_controls_0
fault:commander_nav_state_override__2019-01-25__17_38_05__fault,16.8,0.6720064920874725,23.657894134521484,False,actuator_controls_0
fault:commander_nav_state_override__2019-01-25__17_38_05__fault,17.6,0.722072699769797,23.657894134521484,False,actuator_controls_0
fault:commander_nav_state_override__2019-01-25__17_38_05__fault,18.4,0.6122628228943886,23.657894134521484,False,actuator_controls_0
fault:commander_nav_state_override__2019-01-25__17_38_05__fault,19.2,0.5467133607811115,23.657894134521484,False,actuator_controls_0
fault:commander_nav_state_override__2019-01-25__17_38_05__fault,20.0,0.53796670535342,23.657894134521484,False,actuator_controls_0
fault:commander_nav_state_override__2019-01-25__17_38_05__fault,20.8,0.4683319536799469,23.657894134521484,False,actuator_controls_0
fault:commander_nav_state_override__2019-01-25__17_38_05__fault,21.6,0.5128702382701484,23.657894134521484,False,actuator_controls_0
fault:commander_nav_state_override__2019-01-25__17_38_05__fault,22.4,0.465930027665788,23.657894134521484,False,actuator_controls_0
fault:commander_nav_state_override__2019-01-25__17_38_05__fault,23.2,0.4898428631904445,23.657894134521484,False,actuator_controls_0
fault:commander_nav_state_override__2019-01-25__17_38_05__fault,24.0,0.3917404677936774,23.657894134521484,False,actuator_controls_0
fault:commander_nav_state_override__2019-01-25__17_38_05__fault,24.8,0.557887616106929,23.657894134521484,False,actuator_controls_0
fault:commander_nav_state_override__2019-01-25__17_38_05__fault,25.6,0.5009944136505236,23.657894134521484,False,actuator_controls_0
fault:commander_nav_state_override__2019-01-25__17_38_05__fault,26.4,0.674817868687766,23.657894134521484,False,actuator_controls_0
fault:commander_nav_state_override__2019-01-25__17_38_05__fault,27.2,0.6712841909109755,23.657894134521484,False,actuator_controls_0
fault:commander_nav_state_override__2019-01-25__17_38_05__fault,28.0,0.8190974761315719,23.657894134521484,False,actuator_controls_0
fault:commander_nav_state_override__2019-01-25__17_38_05__fault,28.8,0.9592398324255244,23.657894134521484,False,actuator_controls_0
fault:commander_nav_state_override__2019-01-25__17_38_05__fault,29.6,19.208712282634224,23.657894134521484,False,vehicle_status
fault:commander_nav_state_override__2019-01-25__17_38_05__fault,30.4,65.4560375213623,23.657894134521484,False,vehicle_status
fault:commander_nav_state_override__2019-01-25__17_38_05__fault,31.2,65.4560375213623,23.657894134521484,False,vehicle_status
fault:commander_nav_state_override__2019-01-25__17_38_05__fault,32.0,65.4560375213623,23.657894134521484,True,vehicle_status
fault:commander_nav_state_override__2019-01-25__17_38_05__fault,32.8,65.4560375213623,23.657894134521484,True,vehicle_status
fault:commander_nav_state_override__2019-01-25__17_38_05__fault,33.6,65.4560375213623,23.657894134521484,True,vehicle_status
fault:commander_nav_state_override__2019-01-25__17_38_05__fault,34.4,65.4560375213623,23.657894134521484,True,vehicle_status
fault:commander_nav_state_override__2019-01-25__17_38_05__fault,35.2,65.4560375213623,23.657894134521484,True,vehicle_status
fault:commander_nav_state_override__2019-01-25__17_38_05__fault,36.0,65.4560375213623,23.657894134521484,True,vehicle_status
fault:commander_nav_state_override__2019-01-25__17_38_05__fault,36.8,65.4560375213623,23.657894134521484,True,vehicle_status
fault:commander_nav_state_override__2019-01-25__17_38_05__fault,37.6,65.4560375213623,23.657894134521484,True,vehicle_status
fault:commander_nav_state_override__2019-01-25__17_38_05__fault,38.4,65.4560375213623,23.657894134521484,True,vehicle_status
fault:commander_nav_state_override__2019-01-25__17_38_05__fault,39.2,65.4560375213623,23.657894134521484,True,vehicle_status
fault:commander_nav_state_override__2019-01-25__17_38_05__fault,40.0,65.4560375213623,23.657894134521484,True,vehicle_status
fault:commander_nav_state_override__2019-01-25__17_38_05__fault,40.8,65.4560375213623,23.657894134521484,True,vehicle_status
fault:commander_nav_state_override__2019-01-25__17_38_05__fault,41.6,65.4560375213623,23.657894134521484,True,vehicle_status
fault:commander_nav_state_override__2019-01-25__17_38_05__fault,42.4,65.4560375213623,23.657894134521484,True,vehicle_status
fault:commander_nav_state_override__2019-01-25__17_38_05__fault,43.2,65.4560375213623,23.657894134521484,True,vehicle_status
fault:commander_nav_state_override__2019-01-25__17_38_05__fault,44.0,65.4560375213623,23.657894134521484,True,vehicle_status
fault:commander_nav_state_override__2019-01-25__17_38_05__fault,44.8,65.4560375213623,23.657894134521484,True,vehicle_status
fault:commander_nav_state_override__2019-01-25__17_38_05__fault,45.6,65.4560375213623,23.657894134521484,True,vehicle_status
fault:commander_nav_state_override__2019-01-25__17_38_05__fault,46.4,65.4560375213623,23.657894134521484,True,vehicle_status
fault:commander_nav_state_override__2019-01-25__17_38_05__fault,47.2,65.4560375213623,23.657894134521484,True,vehicle_status
fault:commander_nav_state_override__2019-01-25__17_38_05__fault,48.0,65.4560375213623,23.657894134521484,True,vehicle_status
fault:commander_nav_state_override__2019-01-25__17_38_05__fault,48.8,65.4560375213623,23.657894134521484,True,vehicle_status
fault:commander_nav_state_override__2019-01-25__17_38_05__fault,49.6,65.4560375213623,23.657894134521484,True,vehicle_status
fault:commander_nav_state_override__2019-01-25__17_38_05__fault,50.4,65.4560375213623,23.657894134521484,True,vehicle_status
fault:commander_nav_state_override__2019-01-25__17_38_05__fault,51.2,65.4560375213623,23.657894134521484,True,vehicle_status
fault:commander_nav_state_override__2019-01-25__17_38_05__fault,52.0,65.4560375213623,23.657894134521484,True,vehicle_status
fault:commander_nav_state_override__2019-01-25__17_38_05__fault,52.8,65.4560375213623,23.657894134521484,True,vehicle_status
fault:commander_nav_state_override__2019-01-25__17_38_05__fault,53.6,65.4560375213623,23.657894134521484,True,vehicle_status
fault:commander_nav_state_override__2019-01-25__17_38_05__fault,54.4,65.4560375213623,23.657894134521484,True,vehicle_status
fault:commander_nav_state_override__2019-01-25__17_38_05__fault,55.2,65.4560375213623,23.657894134521484,True,vehicle_status
fault:commander_nav_state_override__2019-01-25__17_38_05__fault,56.0,65.4560375213623,23.657894134521484,True,vehicle_status
fault:commander_nav_state_override__2019-01-25__17_38_05__fault,56.8,65.4560375213623,23.657894134521484,True,vehicle_status
fault:commander_nav_state_override__2019-01-25__17_38_05__fault,57.6,65.4560375213623,23.657894134521484,True,vehicle_status
fault:commander_nav_state_override__2019-01-25__17_38_05__fault,58.4,65.4560375213623,23.657894134521484,True,vehicle_status
fault:commander_nav_state_override__2019-01-25__17_38_05__fault,59.2,65.4560375213623,23.657894134521484,True,vehicle_status
fault:commander_nav_state_override__2019-01-25__17_38_05__fault,60.0,65.4560375213623,23.657894134521484,True,vehicle_status
fault:commander_nav_state_override__2019-01-25__17_38_05__fault,60.8,65.4560375213623,23.657894134521484,True,vehicle_status
fault:commander_nav_state_override__2019-01-25__17_38_05__fault,61.6,65.4560375213623,23.657894134521484,True,vehicle_status
fault:commander_nav_state_override__2019-01-25__17_38_05__fault,62.4,65.4560375213623,23.657894134521484,True,vehicle_status
fault:commander_nav_state_override__2019-01-25__17_38_05__fault,63.2,65.4560375213623,23.657894134521484,True,vehicle_status
fault:commander_nav_state_override__2019-01-25__17_38_05__fault,64.0,65.4560375213623,23.657894134521484,True,vehicle_status
fault:commander_nav_state_override__2019-01-25__17_38_05__fault,64.8,65.4560375213623,23.657894134521484,True,vehicle_status
fault:commander_nav_state_override__2019-01-25__17_38_05__fault,65.6,65.4560375213623,23.657894134521484,True,vehicle_status
fault:commander_nav_state_override__2019-01-25__17_38_05__fault,66.4,65.4560375213623,23.657894134521484,True,vehicle_status
fault:commander_nav_state_override__2019-01-25__17_38_05__fault,67.2,65.4560375213623,23.657894134521484,True,vehicle_status
fault:commander_nav_state_override__2019-01-25__17_38_05__fault,68.0,65.4560375213623,23.657894134521484,True,vehicle_status
fault:commander_nav_state_override__2019-01-25__17_38_05__fault,68.8,65.4560375213623,23.657894134521484,True,vehicle_status
fault:commander_nav_state_override__2019-01-25__17_38_05__fault,69.6,65.4560375213623,23.657894134521484,True,vehicle_status
fault:commander_nav_state_override__2019-01-25__17_38_05__fault,70.4,65.4560375213623,23.657894134521484,True,vehicle_status
fault:commander_nav_state_override__2019-01-25__17_38_05__fault,71.2,65.4560375213623,23.657894134521484,True,vehicle_status
fault:commander_nav_state_override__2019-01-25__17_38_05__fault,72.0,65.4560375213623,23.657894134521484,True,vehicle_status
fault:commander_nav_state_override__2019-01-25__17_38_05__fault,72.8,65.4560375213623,23.657894134521484,True,vehicle_status
fault:commander_nav_state_override__2019-01-25__17_38_05__fault,73.6,65.4560375213623,23.657894134521484,True,vehicle_status
fault:commander_nav_state_override__2019-01-25__17_38_05__fault,74.4,65.4560375213623,23.657894134521484,True,vehicle_status
fault:commander_nav_state_override__2019-01-25__17_38_05__fault,75.2,65.4560375213623,23.657894134521484,True,vehicle_status
fault:commander_nav_state_override__2019-01-25__17_38_05__fault,76.0,65.4560375213623,23.657894134521484,True,vehicle_status
fault:commander_nav_state_override__2019-01-25__17_38_05__fault,76.8,65.4560375213623,23.657894134521484,True,vehicle_status
fault:commander_nav_state_override__2019-01-25__17_38_05__fault,77.6,65.4560375213623,23.657894134521484,True,vehicle_status
fault:commander_nav_state_override__2019-01-25__17_38_05__fault,78.4,65.4560375213623,23.657894134521484,True,vehicle_status
fault:commander_nav_state_override__2019-01-25__17_38_05__fault,79.2,65.4560375213623,23.657894134521484,True,vehicle_status
fault:commander_nav_state_override__2019-01-25__17_38_05__fault,80.0,65.4560375213623,23.657894134521484,True,vehicle_status
fault:commander_nav_state_override__2019-01-25__17_38_05__fault,80.8,65.4560375213623,23.657894134521484,True,vehicle_status
fault:commander_nav_state_override__2019-01-25__17_38_05__fault,81.6,65.4560375213623,23.657894134521484,True,vehicle_status
fault:commander_nav_state_override__2019-01-25__17_38_05__fault,82.4,65.4560375213623,23.657894134521484,True,vehicle_status
fault:commander_nav_state_override__2019-01-25__17_38_05__fault,83.2,65.4560375213623,23.657894134521484,True,vehicle_status
fault:commander_nav_state_override__2019-01-25__17_38_05__fault,84.0,65.4560375213623,23.657894134521484,True,vehicle_status
fault:commander_nav_state_override__2019-01-25__17_38_05__fault,84.8,65.4560375213623,23.657894134521484,True,vehicle_status
fault:commander_nav_state_override__2019-01-25__17_38_05__fault,85.6,65.4560375213623,23.657894134521484,True,vehicle_status
fault:commander_nav_state_override__2019-01-25__17_38_05__fault,86.4,65.4560375213623,23.657894134521484,True,vehicle_status
fault:commander_nav_state_override__2019-01-25__17_38_05__fault,87.2,65.4560375213623,23.657894134521484,True,vehicle_status
fault:commander_nav_state_override__2019-01-25__17_38_05__fault,88.0,65.4560375213623,23.657894134521484,True,vehicle_status
fault:commander_nav_state_override__2019-01-25__17_38_05__fault,88.8,65.4560375213623,23.657894134521484,True,vehicle_status
fault:commander_nav_state_override__2019-01-25__17_38_05__fault,89.6,65.4560375213623,23.657894134521484,True,vehicle_status
fault:commander_nav_state_override__2019-01-25__17_38_05__fault,90.4,65.4560375213623,23.657894134521484,True,vehicle_status
fault:commander_nav_state_override__2019-01-25__17_38_05__fault,91.2,65.4560375213623,23.657894134521484,True,vehicle_status
fault:commander_nav_state_override__2019-01-25__17_38_05__fault,92.0,65.4560375213623,23.657894134521484,True,vehicle_status
fault:commander_nav_state_override__2019-01-25__17_38_05__fault,92.8,65.4560375213623,23.657894134521484,True,vehicle_status
fault:commander_nav_state_override__2019-01-25__17_38_05__fault,93.6,65.4560375213623,23.657894134521484,True,vehicle_status
fault:ekf2_innovation_bias__2019-01-25__17_38_05__fault,9.6,5.152790417409189,23.657894134521484,False,ekf2_innovations
fault:ekf2_innovation_bias__2019-01-25__17_38_05__fault,10.4,6.340886503458023,23.657894134521484,False,ekf2_innovations
fault:ekf2_innovation_bias__2019-01-25__17_38_05__fault,11.2,6.340886503458023,23.657894134521484,False,ekf2_innovations
fault:ekf2_innovation_bias__2019-01-25__17_38_05__fault,12.0,6.340886503458023,23.657894134521484,False,ekf2_innovations
fault:ekf2_innovation_bias__2019-01-25__17_38_05__fault,12.8,6.340886503458023,23.657894134521484,False,ekf2_innovations
fault:ekf2_innovation_bias__2019-01-25__17_38_05__fault,13.6,8.64987850189209,23.657894134521484,False,estimator_status
fault:ekf2_innovation_bias__2019-01-25__17_38_05__fault,14.4,12.190079689025879,23.657894134521484,False,estimator_status
fault:ekf2_innovation_bias__2019-01-25__17_38_05__fault,15.2,13.333053588867188,23.657894134521484,False,estimator_status
fault:ekf2_innovation_bias__2019-01-25__17_38_05__fault,16.0,6.340886503458023,23.657894134521484,False,ekf2_innovations
fault:ekf2_innovation_bias__2019-01-25__17_38_05__fault,16.8,6.340886503458023,23.657894134521484,False,ekf2_innovations
fault:ekf2_innovation_bias__2019-01-25__17_38_05__fault,17.6,6.340886503458023,23.657894134521484,False,ekf2_innovations
fault:ekf2_innovation_bias__2019-01-25__17_38_05__fault,18.4,6.340886503458023,23.657894134521484,False,ekf2_innovations
fault:ekf2_innovation_bias__2019-01-25__17_38_05__fault,19.2,6.340886503458023,23.657894134521484,False,ekf2_innovations
fault:ekf2_innovation_bias__2019-01-25__17_38_05__fault,20.0,5.90862050652504,23.657894134521484,False,ekf2_innovations
fault:ekf2_innovation_bias__2019-01-25__17_38_05__fault,20.8,5.584356412291527,23.657894134521484,False,ekf2_innovations
fault:ekf2_innovation_bias__2019-01-25__17_38_05__fault,21.6,2.970570339192039,23.657894134521484,False,vehicle_attitude
fault:ekf2_innovation_bias__2019-01-25__17_38_05__fault,22.4,2.1854662895202637,23.657894134521484,False,vehicle_attitude
fault:ekf2_innovation_bias__2019-01-25__17_38_05__fault,23.2,1.8838381783876321,23.657894134521484,False,vehicle_attitude
fault:ekf2_innovation_bias__2019-01-25__17_38_05__fault,24.0,1.8838381783876321,23.657894134521484,False,vehicle_attitude
fault:ekf2_innovation_bias__2019-01-25__17_38_05__fault,24.8,1.8838381783876321,23.657894134521484,False,vehicle_attitude
fault:ekf2_innovation_bias__2019-01-25__17_38_05__fault,25.6,1.8838381783876321,23.657894134521484,False,vehicle_attitude
fault:ekf2_innovation_bias__2019-01-25__17_38_05__fault,26.4,1.141962856054306,23.657894134521484,False,estimator_status
fault:ekf2_innovation_bias__2019-01-25__17_38_05__fault,27.2,1.141962856054306,23.657894134521484,False,estimator_status
fault:ekf2_innovation_bias__2019-01-25__17_38_05__fault,28.0,0.9948422764632355,23.657894134521484,False,vehicle_attitude
fault:ekf2_innovation_bias__2019-01-25__17_38_05__fault,28.8,1.9111981797233968,23.657894134521484,False,vehicle_attitude
fault:ekf2_innovation_bias__2019-01-25__17_38_05__fault,29.6,1.2346331401289687,23.657894134521484,False,vehicle_attitude
fault:ekf2_innovation_bias__2019-01-25__17_38_05__fault,30.4,1.1515923312729108,23.657894134521484,False,vehicle_attitude
fault:ekf2_innovation_bias__2019-01-25__17_38_05__fault,31.2,1117.9134488105774,23.657894134521484,False,vehicle_attitude
fault:ekf2_innovation_bias__2019-01-25__17_38_05__fault,32.0,1117.9134488105774,23.657894134521484,False,vehicle_attitude
fault:ekf2_innovation_bias__2019-01-25__17_38_05__fault,32.8,1117.9135251045227,23.657894134521484,True,vehicle_attitude
fault:ekf2_innovation_bias__2019-01-25__17_38_05__fault,33.6,1117.9135251045227,23.657894134521484,True,vehicle_attitude
fault:ekf2_innovation_bias__2019-01-25__17_38_05__fault,34.4,1117.9135251045227,23.657894134521484,True,vehicle_attitude
fault:ekf2_innovation_bias__2019-01-25__17_38_05__fault,35.2,1117.9135251045227,23.657894134521484,True,vehicle_attitude
fault:ekf2_innovation_bias__2019-01-25__17_38_05__fault,36.0,1117.9135251045227,23.657894134521484,True,vehicle_attitude
fault:ekf2_innovation_bias__2019-01-25__17_38_05__fault,36.8,1117.9135251045227,23.657894134521484,True,vehicle_attitude
fault:ekf2_innovation_bias__2019-01-25__17_38_05__fault,37.6,1157.2979950904846,23.657894134521484,True,vehicle_attitude
fault:ekf2_innovation_bias__2019-01-25__17_38_05__fault,38.4,1157.2979950904846,23.657894134521484,True,vehicle_attitude
fault:ekf2_innovation_bias__2019-01-25__17_38_05__fault,39.2,1157.2979950904846,23.657894134521484,True,vehicle_attitude
fault:ekf2_innovation_bias__2019-01-25__17_38_05__fault,40.0,1157.2979950904846,23.657894134521484,True,vehicle_attitude
fault:ekf2_innovation_bias__2019-01-25__17_38_05__fault,40.8,1157.2979950904846,23.657894134521484,True,vehicle_attitude
fault:ekf2_innovation_bias__2019-01-25__17_38_05__fault,41.6,1157.2979950904846,23.657894134521484,True,vehicle_attitude
fault:ekf2_innovation_bias__2019-01-25__17_38_05__fault,42.4,1157.2979950904846,23.657894134521484,True,vehicle_attitude
fault:ekf2_innovation_bias__2019-01-25__17_38_05__fault,43.2,1157.2979950904846,23.657894134521484,True,vehicle_attitude
fault:ekf2_innovation_bias__2019-01-25__17_38_05__fault,44.0,1157.2979950904846,23.657894134521484,True,vehicle_attitude
fault:ekf2_innovation_bias__2019-01-25__17_38_05__fault,44.8,1157.2979950904846,23.657894134521484,True,vehicle_attitude
fault:ekf2_innovation_bias__2019-01-25__17_38_05__fault,45.6,1157.2979950904846,23.657894134521484,True,vehicle_attitude
fault:ekf2_innovation_bias__2019-01-25__17_38_05__fault,46.4,1157.2979950904846,23.657894134521484,True,vehicle_attitude
fault:ekf2_innovation_bias__2019-01-25__17_38_05__fault,47.2,1157.2979950904846,23.657894134521484,True,vehicle_attitude
fault:ekf2_innovation_bias__2019-01-25__17_38_05__fault,48.0,1157.2979950904846,23.657894134521484,True,vehicle_attitude
fault:ekf2_innovation_bias__2019-01-25__17_38_05__fault,48.8,1157.2979950904846,23.657894134521484,True,vehicle_attitude
fault:ekf2_innovation_bias__2019-01-25__17_38_05__fault,49.6,1157.2979950904846,23.657894134521484,True,vehicle_attitude
fault:ekf2_innovation_bias__2019-01-25__17_38_05__fault,50.4,1157.2979950904846,23.657894134521484,True,vehicle_attitude
fault:ekf2_innovation_bias__2019-01-25__17_38_05__fault,51.2,1157.2979950904846,23.657894134521484,True,vehicle_attitude
fault:ekf2_innovation_bias__2019-01-25__17_38_05__fault,52.0,1157.2979950904846,23.657894134521484,True,vehicle_attitude
fault:ekf2_innovation_bias__2019-01-25__17_38_05__fault,52.8,1157.2979950904846,23.657894134521484,True,vehicle_attitude
fault:ekf2_innovation_bias__2019-01-25__17_38_05__fault,53.6,1157.2979950904846,23.657894134521484,True,vehicle_attitude
fault:ekf2_innovation_bias__2019-01-25__17_38_05__fault,54.4,1115.3368782997131,23.657894134521484,True,vehicle_attitude
fault:ekf2_innovation_bias__2019-01-25__17_38_05__fault,55.2,1115.3368782997131,23.657894134521484,True,vehicle_attitude
fault:ekf2_innovation_bias__2019-01-25__17_38_05__fault,56.0,1115.1725459098816,23.657894134521484,True,vehicle_attitude
fault:ekf2_innovation_bias__2019-01-25__17_38_05__fault,56.8,1115.172622203827,23.657894134521484,True,vehicle_attitude
fault:ekf2_innovation_bias__2019-01-25__17_38_05__fault,57.6,1115.1683592796326,23.657894134521484,True,vehicle_attitude
fault:ekf2_innovation_bias__2019-01-25__17_38_05__fault,58.4,1115.1095086336136,23.657894134521484,True,vehicle_attitude
fault:ekf2_innovation_bias__2019-01-25__17_38_05__fault,59.2,1118.8620972633362,23.657894134521484,True,vehicle_attitude
fault:ekf2_innovation_bias__2019-01-25__17_38_05__fault,60.0,1115.1095086336136,23.657894134521484,True,vehicle_attitude
fault:ekf2_innovation_bias__2019-01-25__17_38_05__fault,60.8,1118.8620972633362,23.657894134521484,True,vehicle_attitude
fault:ekf2_innovation_bias__2019-01-25__17_38_05__fault,61.6,1157.2979950904846,23.657894134521484,True,vehicle_attitude
fault:ekf2_innovation_bias__2019-01-25__17_38_05__fault,62.4,1157.2979950904846,23.657894134521484,True,vehicle_attitude
fault:ekf2_innovation_bias__2019-01-25__17_38_05__fault,63.2,1157.2979950904846,23.657894134521484,True,vehicle_attitude
fault:ekf2_innovation_bias__2019-01-25__17_38_05__fault,64.0,1157.2979950904846,23.657894134521484,True,vehicle_attitude
fault:ekf2_innovation_bias__2019-01-25__17_38_05__fault,64.8,1157.2979950904846,23.657894134521484,True,vehicle_attitude
fault:ekf2_innovation_bias__2019-01-25__17_38_05__fault,65.6,1157.2979950904846,23.657894134521484,True,vehicle_attitude
fault:ekf2_innovation_bias__2019-01-25__17_38_05__fault,66.4,1157.2979950904846,23.657894134521484,True,vehicle_attitude
fault:ekf2_innovation_bias__2019-01-25__17_38_05__fault,67.2,1157.2979950904846,23.657894134521484,True,vehicle_attitude
fault:ekf2_innovation_bias__2019-01-25__17_38_05__fault,68.0,1157.2979950904846,23.657894134521484,True,vehicle_attitude
fault:ekf2_innovation_bias__2019-01-25__17_38_05__fault,68.8,1157.2979950904846,23.657894134521484,True,vehicle_attitude
fault:ekf2_innovation_bias__2019-01-25__17_38_05__fault,69.6,1157.2979950904846,23.657894134521484,True,vehicle_attitude
fault:ekf2_innovation_bias__2019-01-25__17_38_05__fault,70.4,1157.2979950904846,23.657894134521484,True,vehicle_attitude
fault:ekf2_innovation_bias__2019-01-25__17_38_05__fault,71.2,1157.2979950904846,23.657894134521484,True,vehicle_attitude
fault:ekf2_innovation_bias__2019-01-25__17_38_05__fault,72.0,1157.2979950904846,23.657894134521484,True,vehicle_attitude
fault:ekf2_innovation_bias__2019-01-25__17_38_05__fault,72.8,1157.2979950904846,23.657894134521484,True,vehicle_attitude
fault:ekf2_innovation_bias__2019-01-25__17_38_05__fault,73.6,1157.2979950904846,23.657894134521484,True,vehicle_attitude
fault:ekf2_innovation_bias__2019-01-25__17_38_05__fault,74.4,1157.2979950904846,23.657894134521484,True,vehicle_attitude
fault:ekf2_innovation_bias__2019-01-25__17_38_05__fault,75.2,1157.2979950904846,23.657894134521484,True,vehicle_attitude
fault:ekf2_innovation_bias__2019-01-25__17_38_05__fault,76.0,1157.2979950904846,23.657894134521484,True,vehicle_attitude
fault:ekf2_innovation_bias__2019-01-25__17_38_05__fault,76.8,1157.2979950904846,23.657894134521484,True,vehicle_attitude
fault:ekf2_innovation_bias__2019-01-25__17_38_05__fault,77.6,1157.2979950904846,23.657894134521484,True,vehicle_attitude
fault:ekf2_innovation_bias__2019-01-25__17_38_05__fault,78.4,1157.2979950904846,23.657894134521484,True,vehicle_attitude
fault:ekf2_innovation_bias__2019-01-25__17_38_05__fault,79.2,1157.2979950904846,23.657894134521484,True,vehicle_attitude
fault:ekf2_innovation_bias__2019-01-25__17_38_05__fault,80.0,1157.2979950904846,23.657894134521484,True,vehicle_attitude
fault:ekf2_innovation_bias__2019-01-25__17_38_05__fault,80.8,1157.2979950904846,23.657894134521484,True,vehicle_attitude
fault:ekf2_innovation_bias__2019-01-25__17_38_05__fault,81.6,1157.2979950904846,23.657894134521484,True,vehicle_attitude
fault:ekf2_innovation_bias__2019-01-25__17_38_05__fault,82.4,1157.2979950904846,23.657894134521484,True,vehicle_attitude
fault:ekf2_innovation_bias__2019-01-25__17_38_05__fault,83.2,1157.2979950904846,23.657894134521484,True,vehicle_attitude
fault:ekf2_innovation_bias__2019-01-25__17_38_05__fault,84.0,1157.2979950904846,23.657894134521484,True,vehicle_attitude
fault:ekf2_innovation_bias__2019-01-25__17_38_05__fault,84.8,1157.2979950904846,23.657894134521484,True,vehicle_attitude
fault:ekf2_innovation_bias__2019-01-25__17_38_05__fault,85.6,1157.2979950904846,23.657894134521484,True,vehicle_attitude
fault:ekf2_innovation_bias__2019-01-25__17_38_05__fault,86.4,1157.2979950904846,23.657894134521484,True,vehicle_attitude
fault:ekf2_innovation_bias__2019-01-25__17_38_05__fault,87.2,1157.2979950904846,23.657894134521484,True,vehicle_attitude
fault:ekf2_innovation_bias__2019-01-25__17_38_05__fault,88.0,1157.2979950904846,23.657894134521484,True,vehicle_attitude
fault:ekf2_innovation_bias__2019-01-25__17_38_05__fault,88.8,1157.2979950904846,23.657894134521484,True,vehicle_attitude
fault:ekf2_innovation_bias__2019-01-25__17_38_05__fault,89.6,1157.2979950904846,23.657894134521484,True,vehicle_attitude
fault:ekf2_innovation_bias__2019-01-25__17_38_05__fault,90.4,1157.2979950904846,23.657894134521484,True,vehicle_attitude
fault:ekf2_innovation_bias__2019-01-25__17_38_05__fault,91.2,1157.2979950904846,23.657894134521484,True,vehicle_attitude
fault:ekf2_innovation_bias__2019-01-25__17_38_05__fault,92.0,1157.2979950904846,23.657894134521484,True,vehicle_attitude
fault:ekf2_innovation_bias__2019-01-25__17_38_05__fault,92.8,1157.2979950904846,23.657894134521484,True,vehicle_attitude
fault:inav_local_z_freeze__2019-01-25__17_38_05__fault,9.6,3.0334103107452393,23.657894134521484,False,ekf2_innovations
fault:inav_local_z_freeze__2019-01-25__17_38_05__fault,10.4,1.4279622584581375,23.657894134521484,False,ekf2_innovations
fault:inav_local_z_freeze__2019-01-25__17_38_05__fault,11.2,1.3312642493072762,23.657894134521484,False,sensor_combined
fault:inav_local_z_freeze__2019-01-25__17_38_05__fault,12.0,1.6576159646721784,23.657894134521484,False,sensor_combined
fault:inav_local_z_freeze__2019-01-25__17_38_05__fault,12.8,1.2812743226668408,23.657894134521484,False,ekf2_innovations
fault:inav_local_z_freeze__2019-01-25__17_38_05__fault,13.6,2.700838548181751,23.657894134521484,False,ekf2_innovations
fault:inav_local_z_freeze__2019-01-25__17_38_05__fault,14.4,0.9203886682019634,23.657894134521484,False,sensor_combined
fault:inav_local_z_freeze__2019-01-25__17_38_05__fault,15.2,1.054944127259646,23.657894134521484,False,sensor_combined
fault:inav_local_z_freeze__2019-01-25__17_38_05__fault,16.0,1.1244581751476455,23.657894134521484,False,sensor_combined
fault:inav_local_z_freeze__2019-01-25__17_38_05__fault,16.8,0.7677016052613995,23.657894134521484,False,vehicle_local_position
fault:inav_local_z_freeze__2019-01-25__17_38_05__fault,17.6,0.9635161005348045,23.657894134521484,False,sensor_combined
fault:inav_local_z_freeze__2019-01-25__17_38_05__fault,18.4,0.8414306606775449,23.657894134521484,False,sensor_combined
fault:inav_local_z_freeze__2019-01-25__17_38_05__fault,19.2,0.9049781275689757,23.657894134521484,False,sensor_combined
fault:inav_local_z_freeze__2019-01-25__17_38_05__fault,20.0,0.8739588656237762,23.657894134521484,False,sensor_combined
fault:inav_local_z_freeze__2019-01-25__17_38_05__fault,20.8,0.8014317746501475,23.657894134521484,False,sensor_combined
fault:inav_local_z_freeze__2019-01-25__17_38_05__fault,21.6,0.6891736065820822,23.657894134521484,False,sensor_combined
fault:inav_local_z_freeze__2019-01-25__17_38_05__fault,22.4,0.67682784297964,23.657894134521484,False,vehicle_local_position
fault:inav_local_z_freeze__2019-01-25__17_38_05__fault,23.2,0.6275643108543766,23.657894134521484,False,sensor_combined
fault:inav_local_z_freeze__2019-01-25__17_38_05__fault,24.0,0.773074457965239,23.657894134521484,False,sensor_combined
fault:inav_local_z_freeze__2019-01-25__17_38_05__fault,24.8,1.0657852437846211,23.657894134521484,False,vehicle_local_position
fault:inav_local_z_freeze__2019-01-25__17_38_05__fault,25.6,0.7616940881660988,23.657894134521484,False,sensor_combined
fault:inav_local_z_freeze__2019-01-25__17_38_05__fault,26.4,0.8059516161733516,23.657894134521484,False,actuator_controls_0
fault:inav_local_z_freeze__2019-01-25__17_38_05__fault,27.2,0.8843715878765638,23.657894134521484,False,sensor_combined
fault:inav_local_z_freeze__2019-01-25__17_38_05__fault,28.0,1.123434912260319,23.657894134521484,False,actuator_controls_0
fault:inav_local_z_freeze__2019-01-25__17_38_05__fault,28.8,1.2837399679704034,23.657894134521484,False,actuator_controls_0
fault:inav_local_z_freeze__2019-01-25__17_38_05__fault,29.6,1.7420827267984755,23.657894134521484,False,actuator_controls_0
fault:inav_local_z_freeze__2019-01-25__17_38_05__fault,30.4,1.695723729921703,23.657894134521484,False,actuator_controls_0
fault:inav_local_z_freeze__2019-01-25__17_38_05__fault,31.2,1.8273098442031215,23.657894134521484,False,actuator_controls_0
fault:inav_local_z_freeze__2019-01-25__17_38_05__fault,32.0,1.0356800821925922,23.657894134521484,False,actuator_controls_0
fault:inav_local_z_freeze__2019-01-25__17_38_05__fault,32.8,0.8861293303516284,23.657894134521484,False,sensor_combined
fault:inav_local_z_freeze__2019-01-25__17_38_05__fault,33.6,0.6771133041285375,23.657894134521484,False,actuator_controls_0
fault:inav_local_z_freeze__2019-01-25__17_38_05__fault,34.4,0.8656905371739856,23.657894134521484,False,sensor_combined
fault:inav_local_z_freeze__2019-01-25__17_38_05__fault,35.2,0.8974271021502259,23.657894134521484,False,sensor_combined
fault:inav_local_z_freeze__2019-01-25__17_38_05__fault,36.0,0.924015129445385,23.657894134521484,False,sensor_combined
fault:inav_local_z_freeze__2019-01-25__17_38_05__fault,36.8,0.9309134103835459,23.657894134521484,False,sensor_combined
fault:inav_local_z_freeze__2019-01-25__17_38_05__fault,37.6,0.9845665223860017,23.657894134521484,False,sensor_combined
fault:inav_local_z_freeze__2019-01-25__17_38_05__fault,38.4,1.040813383093596,23.657894134521484,False,sensor_combined
fault:inav_local_z_freeze__2019-01-25__17_38_05__fault,39.2,0.96343994140625,23.657894134521484,False,vehicle_local_position
fault:inav_local_z_freeze__2019-01-25__17_38_05__fault,40.0,0.96343994140625,23.657894134521484,False,vehicle_local_position
fault:inav_local_z_freeze__2019-01-25__17_38_05__fault,40.8,0.96343994140625,23.657894134521484,False,vehicle_local_position
fault:inav_local_z_freeze__2019-01-25__17_38_05__fault,41.6,0.96343994140625,23.657894134521484,False,vehicle_local_position
fault:inav_local_z_freeze__2019-01-25__17_38_05__fault,42.4,12.52609372138977,23.657894134521484,False,vehicle_local_position
fault:inav_local_z_freeze__2019-01-25__17_38_05__fault,43.2,19.101677262596013,23.657894134521484,False,vehicle_local_position
fault:inav_local_z_freeze__2019-01-25__17_38_05__fault,44.0,19.433098161033513,23.657894134521484,False,vehicle_local_position
fault:inav_local_z_freeze__2019-01-25__17_38_05__fault,44.8,19.59426912050617,23.657894134521484,False,vehicle_local_position
fault:inav_local_z_freeze__2019-01-25__17_38_05__fault,45.6,19.56333192568195,23.657894134521484,False,vehicle_local_position
fault:inav_local_z_freeze__2019-01-25__17_38_05__fault,46.4,19.669303023628117,23.657894134521484,False,vehicle_local_position
fault:inav_local_z_freeze__2019-01-25__17_38_05__fault,47.2,19.794483506492497,23.657894134521484,False,vehicle_local_position
fault:inav_local_z_freeze__2019-01-25__17_38_05__fault,48.0,19.85876592378986,23.657894134521484,False,vehicle_local_position
fault:inav_local_z_freeze__2019-01-25__17_38_05__fault,48.8,19.837912642768742,23.657894134521484,False,vehicle_local_position
fault:inav_local_z_freeze__2019-01-25__17_38_05__fault,49.6,19.78135260324848,23.657894134521484,False,vehicle_local_position
fault:inav_local_z_freeze__2019-01-25__17_38_05__fault,50.4,19.796816432289006,23.657894134521484,False,vehicle_local_position
fault:inav_local_z_freeze__2019-01-25__17_38_05__fault,51.2,19.86359032373798,23.657894134521484,False,vehicle_local_position
fault:inav_local_z_freeze__2019-01-25__17_38_05__fault,52.0,19.87911733370197,23.657894134521484,False,vehicle_local_position
fault:inav_local_z_freeze__2019-01-25__17_38_05__fault,52.8,19.868381345085027,23.657894134521484,False,vehicle_local_position
fault:inav_local_z_freeze__2019-01-25__17_38_05__fault,53.6,19.88187941294086,23.657894134521484,False,vehicle_local_position
fault:inav_local_z_freeze__2019-01-25__17_38_05__fault,54.4,19.884194457343938,23.657894134521484,False,vehicle_local_position
fault:inav_local_z_freeze__2019-01-25__17_38_05__fault,55.2,19.891445958427312,23.657894134521484,False,vehicle_local_position
fault:inav_local_z_freeze__2019-01-25__17_38_05__fault,56.0,19.89241989832294,23.657894134521484,False,vehicle_local_position
fault:inav_local_z_freeze__2019-01-25__17_38_05__fault,56.8,19.89882143717182,23.657894134521484,False,vehicle_local_position
fault:inav_local_z_freeze__2019-01-25__17_38_05__fault,57.6,19.84807404261005,23.657894134521484,False,vehicle_local_position
fault:inav_local_z_freeze__2019-01-25__17_38_05__fault,58.4,19.707841002754094,23.657894134521484,False,vehicle_local_position
fault:inav_local_z_freeze__2019-01-25__17_38_05__fault,59.2,19.685077988914372,23.657894134521484,False,vehicle_local_position
fault:inav_local_z_freeze__2019-01-25__17_38_05__fault,60.0,19.73730119448078,23.657894134521484,False,vehicle_local_position
fault:inav_local_z_freeze__2019-01-25__17_38_05__fault,60.8,19.657719456962468,23.657894134521484,False,vehicle_local_position
fault:inav_local_z_freeze__2019-01-25__17_38_05__fault,61.6,19.72481521349323,23.657894134521484,False,vehicle_local_position
fault:inav_local_z_freeze__2019-01-25__17_38_05__fault,62.4,19.878311478904607,23.657894134521484,False,vehicle_local_position
fault:inav_local_z_freeze__2019-01-25__17_38_05__fault,63.2,19.9313870308913,23.657894134521484,False,vehicle_local_position
fault:inav_local_z_freeze__2019-01-25__17_38_05__fault,64.0,19.94456561785114,23.657894134521484,False,vehicle_local_position
fault:inav_local_z_freeze__2019-01-25__17_38_05__fault,64.8,19.953486048988225,23.657894134521484,False,vehicle_local_position
fault:inav_local_z_freeze__2019-01-25__17_38_05__fault,65.6,19.96085437517536,23.657894134521484,False,vehicle_local_position
fault:inav_local_z_freeze__2019-01-25__17_38_05__fault,66.4,19.967712485603215,23.657894134521484,False,vehicle_local_position
fault:inav_local_z_freeze__2019-01-25__17_38_05__fault,67.2,19.969302737525823,23.657894134521484,False,vehicle_local_position
fault:inav_local_z_freeze__2019-01-25__17_38_05__fault,68.0,19.96875437479389,23.657894134521484,False,vehicle_local_position
fault:inav_local_z_freeze__2019-01-25__17_38_05__fault,68.8,19.96984990816486,23.657894134521484,False,vehicle_local_position
fault:inav_local_z_freeze__2019-01-25__17_38_05__fault,69.6,19.964636885932805,23.657894134521484,False,vehicle_local_position
fault:inav_local_z_freeze__2019-01-25__17_38_05__fault,70.4,19.95457800608051,23.657894134521484,False,vehicle_local_position
fault:inav_local_z_freeze__2019-01-25__17_38_05__fault,71.2,19.938545548728825,23.657894134521484,False,vehicle_local_position
fault:inav_local_z_freeze__2019-01-25__17_38_05__fault,72.0,19.929128014854314,23.657894134521484,False,vehicle_local_position
fault:inav_local_z_freeze__2019-01-25__17_38_05__fault,72.8,19.904904687217595,23.657894134521484,False,vehicle_local_position
fault:inav_local_z_freeze__2019-01-25__17_38_05__fault,73.6,19.87216743212116,23.657894134521484,False,vehicle_local_position
fault:inav_local_z_freeze__2019-01-25__17_38_05__fault,74.4,19.69713958483112,23.657894134521484,False,vehicle_local_position
fault:inav_local_z_freeze__2019-01-25__17_38_05__fault,75.2,19.70345529299152,23.657894134521484,False,vehicle_local_position
fault:inav_local_z_freeze__2019-01-25__17_38_05__fault,76.0,19.923150861076238,23.657894134521484,False,vehicle_local_position
fault:inav_local_z_freeze__2019-01-25__17_38_05__fault,76.8,19.9672916768111,23.657894134521484,False,vehicle_local_position
fault:inav_local_z_freeze__2019-01-25__17_38_05__fault,77.6,19.983228766731145,23.657894134521484,False,vehicle_local_position
fault:inav_local_z_freeze__2019-01-25__17_38_05__fault,78.4,22.13707685470581,23.657894134521484,False,vehicle_local_position
fault:inav_local_z_freeze__2019-01-25__17_38_05__fault,79.2,26.314067840576172,23.657894134521484,False,vehicle_local_position
fault:inav_local_z_freeze__2019-01-25__17_38_05__fault,80.0,26.92906379699707,23.657894134521484,False,vehicle_local_position
fault:inav_local_z_freeze__2019-01-25__17_38_05__fault,80.8,26.92906379699707,23.657894134521484,True,vehicle_local_position
fault:inav_local_z_freeze__2019-01-25__17_38_05__fault,81.6,26.92906379699707,23.657894134521484,True,vehicle_local_position
fault:inav_local_z_freeze__2019-01-25__17_38_05__fault,82.4,27.274742126464844,23.657894134521484,True,vehicle_local_position
fault:inav_local_z_freeze__2019-01-25__17_38_05__fault,83.2,27.274742126464844,23.657894134521484,True,vehicle_local_position
fault:inav_local_z_freeze__2019-01-25__17_38_05__fault,84.0,27.274742126464844,23.657894134521484,True,vehicle_local_position
fault:inav_local_z_freeze__2019-01-25__17_38_05__fault,84.8,27.274742126464844,23.657894134521484,True,vehicle_local_position
fault:inav_local_z_freeze__2019-01-25__17_38_05__fault,85.6,27.274742126464844,23.657894134521484,True,vehicle_local_position
fault:inav_local_z_freeze__2019-01-25__17_38_05__fault,86.4,27.274742126464844,23.657894134521484,True,vehicle_local_position
fault:inav_local_z_freeze__2019-01-25__17_38_05__fault,87.2,27.274742126464844,23.657894134521484,True,vehicle_local_position
fault:inav_local_z_freeze__2019-01-25__17_38_05__fault,88.0,27.274742126464844,23.657894134521484,True,vehicle_local_position
fault:inav_local_z_freeze__2019-01-25__17_38_05__fault,88.8,27.274742126464844,23.657894134521484,True,vehicle_local_position
fault:inav_local_z_freeze__2019-01-25__17_38_05__fault,89.6,27.274742126464844,23.657894134521484,True,vehicle_local_position
fault:inav_local_z_freeze__2019-01-25__17_38_05__fault,90.4,27.274742126464844,23.657894134521484,True,vehicle_local_position
fault:inav_local_z_freeze__2019-01-25__17_38_05__fault,91.2,27.274742126464844,23.657894134521484,True,vehicle_local_position
fault:inav_local_z_freeze__2019-01-25__17_38_05__fault,92.0,27.072830200195312,23.657894134521484,True,vehicle_local_position
fault:inav_local_z_freeze__2019-01-25__17_38_05__fault,92.8,27.05235719680786,23.657894134521484,True,vehicle_local_position
fault:inav_local_z_freeze__2019-01-25__17_38_05__fault,93.6,803.8720703125,23.657894134521484,True,vehicle_status
fault:land_detector_state_inversion__2019-01-25__17_38_05__fault,9.6,2.746412754058838,23.657894134521484,False,ekf2_innovations
fault:land_detector_state_inversion__2019-01-25__17_38_05__fault,10.4,1.4279622584581375,23.657894134521484,False,ekf2_innovations
fault:land_detector_state_inversion__2019-01-25__17_38_05__fault,11.2,1.2761163613621336,23.657894134521484,False,sensor_combined
fault:land_detector_state_inversion__2019-01-25__17_38_05__fault,12.0,1.5549357307621596,23.657894134521484,False,sensor_combined
fault:land_detector_state_inversion__2019-01-25__17_38_05__fault,12.8,1.3348736112756099,23.657894134521484,False,sensor_combined
fault:land_detector_state_inversion__2019-01-25__17_38_05__fault,13.6,2.6613824338800645,23.657894134521484,False,ekf2_innovations
fault:land_detector_state_inversion__2019-01-25__17_38_05__fault,14.4,0.9334956115502167,23.657894134521484,False,actuator_controls_0
fault:land_detector_state_inversion__2019-01-25__17_38_05__fault,15.2,1.197550576788959,23.657894134521484,False,vehicle_local_position
fault:land_detector_state_inversion__2019-01-25__17_38_05__fault,16.0,0.9019347266337273,23.657894134521484,False,sensor_combined
fault:land_detector_state_inversion__2019-01-25__17_38_05__fault,16.8,0.8137555194212439,23.657894134521484,False,sensor_combined
fault:land_detector_state_inversion__2019-01-25__17_38_05__fault,17.6,1.049856674206185,23.657894134521484,False,sensor_combined
fault:land_detector_state_inversion__2019-01-25__17_38_05__fault,18.4,0.9168312748275163,23.657894134521484,False,sensor_combined
fault:land_detector_state_inversion__2019-01-25__17_38_05__fault,19.2,0.9860730833471723,23.657894134521484,False,sensor_combined
fault:land_detector_state_inversion__2019-01-25__17_38_05__fault,20.0,0.9522742278025558,23.657894134521484,False,sensor_combined
fault:land_detector_state_inversion__2019-01-25__17_38_05__fault,20.8,1.0166322017561547,23.657894134521484,False,sensor_combined
fault:land_detector_state_inversion__2019-01-25__17_38_05__fault,21.6,0.859963836275002,23.657894134521484,False,sensor_combined
fault:land_detector_state_inversion__2019-01-25__17_38_05__fault,22.4,0.6554747323901066,23.657894134521484,False,sensor_combined
fault:land_detector_state_inversion__2019-01-25__17_38_05__fault,23.2,0.9030627619264621,23.657894134521484,False,sensor_combined
fault:land_detector_state_inversion__2019-01-25__17_38_05__fault,24.0,1.218457818031311,23.657894134521484,False,vehicle_local_position
fault:land_detector_state_inversion__2019-01-25__17_38_05__fault,24.8,0.8610624074935913,23.657894134521484,False,vehicle_local_position
fault:land_detector_state_inversion__2019-01-25__17_38_05__fault,25.6,0.8610624074935913,23.657894134521484,False,vehicle_local_position
fault:land_detector_state_inversion__2019-01-25__17_38_05__fault,26.4,0.8153956201918586,23.657894134521484,False,actuator_controls_0
fault:land_detector_state_inversion__2019-01-25__17_38_05__fault,27.2,0.9813211661934478,23.657894134521484,False,sensor_combined
fault:land_detector_state_inversion__2019-01-25__17_38_05__fault,28.0,1.09956992976725,23.657894134521484,False,actuator_controls_0
fault:land_detector_state_inversion__2019-01-25__17_38_05__fault,28.8,1.1699919584298664,23.657894134521484,False,actuator_controls_0
fault:land_detector_state_inversion__2019-01-25__17_38_05__fault,29.6,66.47089958190918,23.657894134521484,False,vehicle_land_detected
fault:land_detector_state_inversion__2019-01-25__17_38_05__fault,30.4,171.7647361755371,23.657894134521484,False,vehicle_land_detected
fault:land_detector_state_inversion__2019-01-25__17_38_05__fault,31.2,171.7647361755371,23.657894134521484,True,vehicle_land_detected
fault:land_detector_state_inversion__2019-01-25__17_38_05__fault,32.0,171.7647361755371,23.657894134521484,True,vehicle_land_detected
fault:land_detector_state_inversion__2019-01-25__17_38_05__fault,32.8,171.7647361755371,23.657894134521484,True,vehicle_land_detected
fault:land_detector_state_inversion__2019-01-25__17_38_05__fault,33.6,171.7647361755371,23.657894134521484,True,vehicle_land_detected
fault:land_detector_state_inversion__2019-01-25__17_38_05__fault,34.4,171.7647361755371,23.657894134521484,True,vehicle_land_detected
fault:land_detector_state_inversion__2019-01-25__17_38_05__fault,35.2,171.7647361755371,23.657894134521484,True,vehicle_land_detected
fault:land_detector_state_inversion__2019-01-25__17_38_05__fault,36.0,171.7647361755371,23.657894134521484,True,vehicle_land_detected
fault:land_detector_state_inversion__2019-01-25__17_38_05__fault,36.8,171.7647361755371,23.657894134521484,True,vehicle_land_detected
fault:land_detector_state_inversion__2019-01-25__17_38_05__fault,37.6,171.7647361755371,23.657894134521484,True,vehicle_land_detected
fault:land_detector_state_inversion__2019-01-25__17_38_05__fault,38.4,171.7647361755371,23.657894134521484,True,vehicle_land_detected
fault:land_detector_state_inversion__2019-01-25__17_38_05__fault,39.2,171.76472693681717,23.657894134521484,True,vehicle_land_detected
fault:land_detector_state_inversion__2019-01-25__17_38_05__fault,40.0,171.76484525203705,23.657894134521484,True,vehicle_land_detected
fault:land_detector_state_inversion__2019-01-25__17_38_05__fault,40.8,171.76484525203705,23.657894134521484,True,vehicle_land_detected
fault:land_detector_state_inversion__2019-01-25__17_38_05__fault,41.6,171.76484525203705,23.657894134521484,True,vehicle_land_detected
fault:land_detector_state_inversion__2019-01-25__17_38_05__fault,42.4,171.76484525203705,23.657894134521484,True,vehicle_land_detected
fault:land_detector_state_inversion__2019-01-25__17_38_05__fault,43.2,171.76484525203705,23.657894134521484,True,vehicle_land_detected
fault:land_detector_state_inversion__2019-01-25__17_38_05__fault,44.0,171.76484525203705,23.657894134521484,True,vehicle_land_detected
fault:land_detector_state_inversion__2019-01-25__17_38_05__fault,44.8,171.76484525203705,23.657894134521484,True,vehicle_land_detected
fault:land_detector_state_inversion__2019-01-25__17_38_05__fault,45.6,171.76484525203705,23.657894134521484,True,vehicle_land_detected
fault:land_detector_state_inversion__2019-01-25__17_38_05__fault,46.4,171.76484525203705,23.657894134521484,True,vehicle_land_detected
fault:land_detector_state_inversion__2019-01-25__17_38_05__fault,47.2,171.76484525203705,23.657894134521484,True,vehicle_land_detected
fault:land_detector_state_inversion__2019-01-25__17_38_05__fault,48.0,171.76484525203705,23.657894134521484,True,vehicle_land_detected
fault:land_detector_state_inversion__2019-01-25__17_38_05__fault,48.8,171.76484525203705,23.657894134521484,True,vehicle_land_detected
fault:land_detector_state_inversion__2019-01-25__17_38_05__fault,49.6,171.76484525203705,23.657894134521484,True,vehicle_land_detected
fault:land_detector_state_inversion__2019-01-25__17_38_05__fault,50.4,171.76484525203705,23.657894134521484,True,vehicle_land_detected
fault:land_detector_state_inversion__2019-01-25__17_38_05__fault,51.2,171.76484525203705,23.657894134521484,True,vehicle_land_detected
fault:land_detector_state_inversion__2019-01-25__17_38_05__fault,52.0,171.76484525203705,23.657894134521484,True,vehicle_land_detected
fault:land_detector_state_inversion__2019-01-25__17_38_05__fault,52.8,171.76484525203705,23.657894134521484,True,vehicle_land_detected
fault:land_detector_state_inversion__2019-01-25__17_38_05__fault,53.6,171.76484525203705,23.657894134521484,True,vehicle_land_detected
fault:land_detector_state_inversion__2019-01-25__17_38_05__fault,54.4,171.76484525203705,23.657894134521484,True,vehicle_land_detected
fault:land_detector_state_inversion__2019-01-25__17_38_05__fault,55.2,171.76484525203705,23.657894134521484,True,vehicle_land_detected
fault:land_detector_state_inversion__2019-01-25__17_38_05__fault,56.0,171.76484525203705,23.657894134521484,True,vehicle_land_detected
fault:land_detector_state_inversion__2019-01-25__17_38_05__fault,56.8,171.76484525203705,23.657894134521484,True,vehicle_land_detected
fault:land_detector_state_inversion__2019-01-25__17_38_05__fault,57.6,171.76484525203705,23.657894134521484,True,vehicle_land_detected
fault:land_detector_state_inversion__2019-01-25__17_38_05__fault,58.4,171.76484525203705,23.657894134521484,True,vehicle_land_detected
fault:land_detector_state_inversion__2019-01-25__17_38_05__fault,59.2,171.76484525203705,23.657894134521484,True,vehicle_land_detected
fault:land_detector_state_inversion__2019-01-25__17_38_05__fault,60.0,171.76484525203705,23.657894134521484,True,vehicle_land_detected
fault:land_detector_state_inversion__2019-01-25__17_38_05__fault,60.8,171.76484525203705,23.657894134521484,True,vehicle_land_detected
fault:land_detector_state_inversion__2019-01-25__17_38_05__fault,61.6,171.76484525203705,23.657894134521484,True,vehicle_land_detected
fault:land_detector_state_inversion__2019-01-25__17_38_05__fault,62.4,171.76484525203705,23.657894134521484,True,vehicle_land_detected
fault:land_detector_state_inversion__2019-01-25__17_38_05__fault,63.2,171.76484525203705,23.657894134521484,True,vehicle_land_detected
fault:land_detector_state_inversion__2019-01-25__17_38_05__fault,64.0,171.76484525203705,23.657894134521484,True,vehicle_land_detected
fault:land_detector_state_inversion__2019-01-25__17_38_05__fault,64.8,171.76484525203705,23.657894134521484,True,vehicle_land_detected
fault:land_detector_state_inversion__2019-01-25__17_38_05__fault,65.6,171.76484525203705,23.657894134521484,True,vehicle_land_detected
fault:land_detector_state_inversion__2019-01-25__17_38_05__fault,66.4,171.76484525203705,23.657894134521484,True,vehicle_land_detected
fault:land_detector_state_inversion__2019-01-25__17_38_05__fault,67.2,171.76484525203705,23.657894134521484,True,vehicle_land_detected
fault:land_detector_state_inversion__2019-01-25__17_38_05__fault,68.0,171.76484525203705,23.657894134521484,True,vehicle_land_detected
fault:land_detector_state_inversion__2019-01-25__17_38_05__fault,68.8,171.76484525203705,23.657894134521484,True,vehicle_land_detected
fault:land_detector_state_inversion__2019-01-25__17_38_05__fault,69.6,171.76484525203705,23.657894134521484,True,vehicle_land_detected
fault:land_detector_state_inversion__2019-01-25__17_38_05__fault,70.4,171.76484525203705,23.657894134521484,True,vehicle_land_detected
fault:land_detector_state_inversion__2019-01-25__17_38_05__fault,71.2,171.76484525203705,23.657894134521484,True,vehicle_land_detected
fault:land_detector_state_inversion__2019-01-25__17_38_05__fault,72.0,171.76484525203705,23.657894134521484,True,vehicle_land_detected
fault:land_detector_state_inversion__2019-01-25__17_38_05__fault,72.8,171.76484525203705,23.657894134521484,True,vehicle_land_detected
fault:land_detector_state_inversion__2019-01-25__17_38_05__fault,73.6,171.76484525203705,23.657894134521484,True,vehicle_land_detected
fault:land_detector_state_inversion__2019-01-25__17_38_05__fault,74.4,171.76484525203705,23.657894134521484,True,vehicle_land_detected
fault:land_detector_state_inversion__2019-01-25__17_38_05__fault,75.2,171.76484525203705,23.657894134521484,True,vehicle_land_detected
fault:land_detector_state_inversion__2019-01-25__17_38_05__fault,76.0,171.76484525203705,23.657894134521484,True,vehicle_land_detected
fault:land_detector_state_inversion__2019-01-25__17_38_05__fault,76.8,171.76484525203705,23.657894134521484,True,vehicle_land_detected
fault:land_detector_state_inversion__2019-01-25__17_38_05__fault,77.6,171.76484525203705,23.657894134521484,True,vehicle_land_detected
fault:land_detector_state_inversion__2019-01-25__17_38_05__fault,78.4,171.76484525203705,23.657894134521484,True,vehicle_land_detected
fault:land_detector_state_inversion__2019-01-25__17_38_05__fault,79.2,171.76484525203705,23.657894134521484,True,vehicle_land_detected
fault:land_detector_state_inversion__2019-01-25__17_38_05__fault,80.0,171.76484525203705,23.657894134521484,True,vehicle_land_detected
fault:land_detector_state_inversion__2019-01-25__17_38_05__fault,80.8,171.76484525203705,23.657894134521484,True,vehicle_land_detected
fault:land_detector_state_inversion__2019-01-25__17_38_05__fault,81.6,171.76484525203705,23.657894134521484,True,vehicle_land_detected
fault:land_detector_state_inversion__2019-01-25__17_38_05__fault,82.4,171.76484525203705,23.657894134521484,True,vehicle_land_detected
fault:land_detector_state_inversion__2019-01-25__17_38_05__fault,83.2,171.76484525203705,23.657894134521484,True,vehicle_land_detected
fault:land_detector_state_inversion__2019-01-25__17_38_05__fault,84.0,171.76484525203705,23.657894134521484,True,vehicle_land_detected
fault:land_detector_state_inversion__2019-01-25__17_38_05__fault,84.8,171.76484525203705,23.657894134521484,True,vehicle_land_detected
fault:land_detector_state_inversion__2019-01-25__17_38_05__fault,85.6,171.76484525203705,23.657894134521484,True,vehicle_land_detected
fault:land_detector_state_inversion__2019-01-25__17_38_05__fault,86.4,171.76484525203705,23.657894134521484,True,vehicle_land_detected
fault:land_detector_state_inversion__2019-01-25__17_38_05__fault,87.2,171.76484525203705,23.657894134521484,True,vehicle_land_detected
fault:land_detector_state_inversion__2019-01-25__17_38_05__fault,88.0,171.76484525203705,23.657894134521484,True,vehicle_land_detected
fault:land_detector_state_inversion__2019-01-25__17_38_05__fault,88.8,171.76484525203705,23.657894134521484,True,vehicle_land_detected
fault:land_detector_state_inversion__2019-01-25__17_38_05__fault,89.6,171.76484525203705,23.657894134521484,True,vehicle_land_detected
fault:land_detector_state_inversion__2019-01-25__17_38_05__fault,90.4,171.76484525203705,23.657894134521484,True,vehicle_land_detected
fault:land_detector_state_inversion__2019-01-25__17_38_05__fault,91.2,171.76484525203705,23.657894134521484,True,vehicle_land_detected
fault:land_detector_state_inversion__2019-01-25__17_38_05__fault,92.0,171.76484525203705,23.657894134521484,True,vehicle_land_detected
fault:land_detector_state_inversion__2019-01-25__17_38_05__fault,92.8,171.76484525203705,23.657894134521484,True,vehicle_land_detected
normal:commander_nav_state_override__2019-03-06__08_02_26__baseline,9.6,2.5656604951640403,24.214106179372827,False,sensor_combined
normal:commander_nav_state_override__2019-03-06__08_02_26__baseline,10.4,2.5295016483081545,24.214106179372827,False,sensor_combined
normal:commander_nav_state_override__2019-03-06__08_02_26__baseline,11.2,2.2169812093709087,24.214106179372827,False,sensor_combined
normal:commander_nav_state_override__2019-03-06__08_02_26__baseline,12.0,1.3922298403087734,24.214106179372827,False,sensor_combined
normal:commander_nav_state_override__2019-03-06__08_02_26__baseline,12.8,1.305351434799458,24.214106179372827,False,sensor_combined
normal:commander_nav_state_override__2019-03-06__08_02_26__baseline,13.6,1.6487770242391953,24.214106179372827,False,sensor_combined
normal:commander_nav_state_override__2019-03-06__08_02_26__baseline,14.4,1.1258326929411182,24.214106179372827,False,sensor_combined
normal:commander_nav_state_override__2019-03-06__08_02_26__baseline,15.2,1.1004263028627244,24.214106179372827,False,sensor_combined
normal:commander_nav_state_override__2019-03-06__08_02_26__baseline,16.0,2.0457875638735605,24.214106179372827,False,actuator_controls_0
normal:commander_nav_state_override__2019-03-06__08_02_26__baseline,16.8,1.0274572873360506,24.214106179372827,False,sensor_combined
normal:commander_nav_state_override__2019-03-06__08_02_26__baseline,17.6,1.046460673441026,24.214106179372827,False,sensor_combined
normal:commander_nav_state_override__2019-03-06__08_02_26__baseline,18.4,1.1311973276554512,24.214106179372827,False,sensor_combined
normal:commander_nav_state_override__2019-03-06__08_02_26__baseline,19.2,1.196443461298178,24.214106179372827,False,sensor_combined
normal:commander_nav_state_override__2019-03-06__08_02_26__baseline,20.0,1.184084505246516,24.214106179372827,False,sensor_combined
normal:commander_nav_state_override__2019-03-06__08_02_26__baseline,20.8,1.0794206520214706,24.214106179372827,False,sensor_combined
normal:commander_nav_state_override__2019-03-06__08_02_26__baseline,21.6,0.9930817729122091,24.214106179372827,False,sensor_combined
normal:commander_nav_state_override__2019-03-06__08_02_26__baseline,22.4,0.9446184791019029,24.214106179372827,False,sensor_combined
normal:commander_nav_state_override__2019-03-06__08_02_26__baseline,23.2,1.0350344425676445,24.214106179372827,False,sensor_combined
normal:commander_nav_state_override__2019-03-06__08_02_26__baseline,24.0,0.8649684089755076,24.214106179372827,False,sensor_combined
normal:commander_nav_state_override__2019-03-06__08_02_26__baseline,24.8,0.9029102274309345,24.214106179372827,False,sensor_combined
normal:commander_nav_state_override__2019-03-06__08_02_26__baseline,25.6,0.8008124921512205,24.214106179372827,False,sensor_combined
normal:commander_nav_state_override__2019-03-06__08_02_26__baseline,26.4,0.8008124921512205,24.214106179372827,False,sensor_combined
normal:commander_nav_state_override__2019-03-06__08_02_26__baseline,27.2,0.7808717394260307,24.214106179372827,False,sensor_combined
normal:commander_nav_state_override__2019-03-06__08_02_26__baseline,28.0,0.8489368154713364,24.214106179372827,False,sensor_combined
normal:commander_nav_state_override__2019-03-06__08_02_26__baseline,28.8,0.8342592895957464,24.214106179372827,False,sensor_combined
normal:commander_nav_state_override__2019-03-06__08_02_26__baseline,29.6,0.6438254120898409,24.214106179372827,False,sensor_combined
normal:commander_nav_state_override__2019-03-06__08_02_26__baseline,30.4,0.5428788340164767,24.214106179372827,False,sensor_combined
normal:commander_nav_state_override__2019-03-06__08_02_26__baseline,31.2,0.5985042101065654,24.214106179372827,False,sensor_combined
normal:commander_nav_state_override__2019-03-06__08_02_26__baseline,32.0,1.154065307499246,24.214106179372827,False,sensor_combined
normal:commander_nav_state_override__2019-03-06__08_02_26__baseline,32.8,1.199616037398108,24.214106179372827,False,sensor_combined
normal:commander_nav_state_override__2019-03-06__08_02_26__baseline,33.6,1.023711759701106,24.214106179372827,False,sensor_combined
normal:commander_nav_state_override__2019-03-06__08_02_26__baseline,34.4,0.7786891713195994,24.214106179372827,False,sensor_combined
normal:commander_nav_state_override__2019-03-06__08_02_26__baseline,35.2,0.9161221867142503,24.214106179372827,False,sensor_combined
normal:commander_nav_state_override__2019-03-06__08_02_26__baseline,36.0,0.8241296152258444,24.214106179372827,False,sensor_combined
normal:commander_nav_state_override__2019-03-06__08_02_26__baseline,36.8,1.027528051149099,24.214106179372827,False,sensor_combined
normal:commander_nav_state_override__2019-03-06__08_02_26__baseline,37.6,0.7737755744162182,24.214106179372827,False,sensor_combined
normal:commander_nav_state_override__2019-03-06__08_02_26__baseline,38.4,0.7822823526565812,24.214106179372827,False,sensor_combined
normal:commander_nav_state_override__2019-03-06__08_02_26__baseline,39.2,1.21694770597538,24.214106179372827,False,sensor_combined
normal:commander_nav_state_override__2019-03-06__08_02_26__baseline,40.0,1.2371030096127387,24.214106179372827,False,sensor_combined
normal:commander_nav_state_override__2019-03-06__08_02_26__baseline,40.8,1.6167648634775658,24.214106179372827,False,sensor_combined
normal:commander_nav_state_override__2019-03-06__08_02_26__baseline,41.6,1.7332836624666406,24.214106179372827,False,sensor_combined
normal:commander_nav_state_override__2019-03-06__08_02_26__baseline,42.4,1.8584988422018278,24.214106179372827,False,sensor_combined
normal:commander_nav_state_override__2019-03-06__08_02_26__baseline,43.2,1.5892623988911445,24.214106179372827,False,sensor_combined
normal:commander_nav_state_override__2019-03-06__08_02_26__baseline,44.0,1.4732411194494701,24.214106179372827,False,sensor_combined
normal:commander_nav_state_override__2019-03-06__08_02_26__baseline,44.8,1.178658881577615,24.214106179372827,False,sensor_combined
normal:commander_nav_state_override__2019-03-06__08_02_26__baseline,45.6,0.7974338570771863,24.214106179372827,False,sensor_combined
normal:commander_nav_state_override__2019-03-06__08_02_26__baseline,46.4,0.7341499477224207,24.214106179372827,False,sensor_combined
normal:commander_nav_state_override__2019-03-06__08_02_26__baseline,47.2,0.9011741930091409,24.214106179372827,False,sensor_combined
normal:commander_nav_state_override__2019-03-06__08_02_26__baseline,48.0,0.8418740486027031,24.214106179372827,False,sensor_combined
normal:commander_nav_state_override__2019-03-06__08_02_26__baseline,48.8,1.270780101419081,24.214106179372827,False,sensor_combined
normal:commander_nav_state_override__2019-03-06__08_02_26__baseline,49.6,1.756503692852347,24.214106179372827,False,sensor_combined
normal:commander_nav_state_override__2019-03-06__08_02_26__baseline,50.4,1.756503692852347,24.214106179372827,False,sensor_combined
normal:commander_nav_state_override__2019-03-06__08_02_26__baseline,51.2,2.0883510956479276,24.214106179372827,False,sensor_combined
normal:commander_nav_state_override__2019-03-06__08_02_26__baseline,52.0,2.3360256363303424,24.214106179372827,False,sensor_combined
normal:commander_nav_state_override__2019-03-06__08_02_26__baseline,52.8,1.5450856044776797,24.214106179372827,False,sensor_combined
normal:commander_nav_state_override__2019-03-06__08_02_26__baseline,53.6,1.23201691867389,24.214106179372827,False,sensor_combined
normal:commander_nav_state_override__2019-03-06__08_02_26__baseline,54.4,1.0491138933867121,24.214106179372827,False,sensor_combined
normal:commander_nav_state_override__2019-03-06__08_02_26__baseline,55.2,1.1113404076864395,24.214106179372827,False,sensor_combined
normal:commander_nav_state_override__2019-03-06__08_02_26__baseline,56.0,0.9153826613726466,24.214106179372827,False,actuator_controls_0
normal:commander_nav_state_override__2019-03-06__08_02_26__baseline,56.8,0.6594997425737935,24.214106179372827,False,actuator_controls_0
normal:commander_nav_state_override__2019-03-06__08_02_26__baseline,57.6,0.6594997425737935,24.214106179372827,False,actuator_controls_0
normal:commander_nav_state_override__2019-03-06__08_02_26__baseline,58.4,0.7851127313232871,24.214106179372827,False,sensor_combined
normal:commander_nav_state_override__2019-03-06__08_02_26__baseline,59.2,0.9758972632968653,24.214106179372827,False,sensor_combined
normal:commander_nav_state_override__2019-03-06__08_02_26__baseline,60.0,1.011284247139142,24.214106179372827,False,sensor_combined
normal:commander_nav_state_override__2019-03-06__08_02_26__baseline,60.8,0.8674193981566257,24.214106179372827,False,sensor_combined
normal:commander_nav_state_override__2019-03-06__08_02_26__baseline,61.6,0.8660577427821522,24.214106179372827,False,sensor_combined
normal:commander_nav_state_override__2019-03-06__08_02_26__baseline,62.4,0.9327471148772472,24.214106179372827,False,sensor_combined
normal:commander_nav_state_override__2019-03-06__08_02_26__baseline,63.2,0.7698538271842272,24.214106179372827,False,sensor_combined
normal:commander_nav_state_override__2019-03-06__08_02_26__baseline,64.0,0.8400392342499997,24.214106179372827,False,sensor_combined
normal:commander_nav_state_override__2019-03-06__08_02_26__baseline,64.8,0.7165954572637372,24.214106179372827,False,sensor_combined
normal:commander_nav_state_override__2019-03-06__08_02_26__baseline,65.6,0.7526631436828399,24.214106179372827,False,actuator_controls_0
normal:commander_nav_state_override__2019-03-06__08_02_26__baseline,66.4,0.5724326053885594,24.214106179372827,False,sensor_combined
normal:commander_nav_state_override__2019-03-06__08_02_26__baseline,67.2,0.8943347505582675,24.214106179372827,False,sensor_combined
normal:commander_nav_state_override__2019-03-06__08_02_26__baseline,68.0,0.9475792403551132,24.214106179372827,False,sensor_combined
normal:commander_nav_state_override__2019-03-06__08_02_26__baseline,68.8,1.1055902565792595,24.214106179372827,False,sensor_combined
normal:commander_nav_state_override__2019-03-06__08_02_26__baseline,69.6,1.0011414172383157,24.214106179372827,False,sensor_combined
normal:commander_nav_state_override__2019-03-06__08_02_26__baseline,70.4,0.9514252406715291,24.214106179372827,False,sensor_combined
normal:commander_nav_state_override__2019-03-06__08_02_26__baseline,71.2,0.8777925108054008,24.214106179372827,False,sensor_combined
normal:commander_nav_state_override__2019-03-06__08_02_26__baseline,72.0,0.8885526500325118,24.214106179372827,False,sensor_combined
normal:commander_nav_state_override__2019-03-06__08_02_26__baseline,72.8,0.8356692973620797,24.214106179372827,False,sensor_combined
normal:commander_nav_state_override__2019-03-06__08_02_26__baseline,73.6,0.9218377468667525,24.214106179372827,False,sensor_combined
normal:commander_nav_state_override__2019-03-06__08_02_26__baseline,74.4,1.0346668264302765,24.214106179372827,False,sensor_combined
normal:commander_nav_state_override__2019-03-06__08_02_26__baseline,75.2,2.1944917958619796,24.214106179372827,False,vehicle_rates_setpoint
normal:commander_nav_state_override__2019-03-06__08_02_26__baseline,76.0,2.1944917958619796,24.214106179372827,False,vehicle_rates_setpoint
normal:commander_nav_state_override__2019-03-06__08_02_26__baseline,76.8,2.1944917958619796,24.214106179372827,False,vehicle_rates_setpoint
normal:commander_nav_state_override__2019-03-06__08_02_26__baseline,77.6,2.1944917958619796,24.214106179372827,False,vehicle_rates_setpoint
normal:commander_nav_state_override__2019-03-06__08_02_26__baseline,78.4,2.1944917958619796,24.214106179372827,False,vehicle_rates_setpoint
normal:commander_nav_state_override__2019-03-06__08_02_26__baseline,79.2,2.1944917958619796,24.214106179372827,False,vehicle_rates_setpoint
normal:commander_nav_state_override__2019-03-06__08_02_26__baseline,80.0,2.1944917958619796,24.214106179372827,False,vehicle_rates_setpoint
normal:commander_nav_state_override__2019-03-06__08_02_26__baseline,80.8,3.3014448771625804,24.214106179372827,False,sensor_combined
normal:commander_nav_state_override__2019-03-06__08_02_26__baseline,81.6,3.476723425542012,24.214106179372827,False,sensor_combined
normal:commander_nav_state_override__2019-03-06__08_02_26__baseline,82.4,3.777326165292722,24.214106179372827,False,sensor_combined
normal:commander_nav_state_override__2019-03-06__08_02_26__baseline,83.2,3.8737086682043915,24.214106179372827,False,sensor_combined
normal:commander_nav_state_override__2019-03-06__08_02_26__baseline,84.0,3.741211781455094,24.214106179372827,False,sensor_combined
normal:commander_nav_state_override__2019-03-06__08_02_26__baseline,84.8,3.697525657378711,24.214106179372827,False,sensor_combined
normal:commander_nav_state_override__2019-03-06__08_02_26__baseline,85.6,3.0927521152268493,24.214106179372827,False,sensor_combined
normal:commander_nav_state_override__2019-03-06__08_02_26__baseline,86.4,2.7594291123682484,24.214106179372827,False,sensor_combined
normal:commander_nav_state_override__2019-03-06__08_02_26__baseline,87.2,2.5806117399676074,24.214106179372827,False,sensor_combined
normal:commander_nav_state_override__2019-03-06__08_02_26__baseline,88.0,2.0887944822093685,24.214106179372827,False,sensor_combined
normal:commander_nav_state_override__2019-03-06__08_02_26__baseline,88.8,1.6411842658304783,24.214106179372827,False,sensor_combined
normal:commander_nav_state_override__2019-03-06__08_02_26__baseline,89.6,2.08741007901254,24.214106179372827,False,sensor_combined
normal:commander_nav_state_override__2019-03-06__08_02_26__baseline,90.4,2.2873911045124538,24.214106179372827,False,sensor_combined
normal:commander_nav_state_override__2019-03-06__08_02_26__baseline,91.2,2.4589504455605717,24.214106179372827,False,sensor_combined
normal:commander_nav_state_override__2019-03-06__08_02_26__baseline,92.0,2.6286913340207496,24.214106179372827,False,sensor_combined
normal:commander_nav_state_override__2019-03-06__08_02_26__baseline,92.8,2.9024756052941125,24.214106179372827,False,sensor_combined
normal:commander_nav_state_override__2019-03-06__08_02_26__baseline,93.6,2.7241092568345997,24.214106179372827,False,sensor_combined
normal:commander_nav_state_override__2019-03-06__08_02_26__baseline,94.4,2.3016250718364386,24.214106179372827,False,sensor_combined
normal:commander_nav_state_override__2019-03-06__08_02_26__baseline,95.2,2.3350415443554406,24.214106179372827,False,sensor_combined
normal:commander_nav_state_override__2019-03-06__08_02_26__baseline,96.0,2.269370240497941,24.214106179372827,False,sensor_combined
normal:ekf2_innovation_bias__2019-03-06__08_02_26__baseline,9.6,10.032584367293984,24.214106179372827,False,vehicle_rates_setpoint
normal:ekf2_innovation_bias__2019-03-06__08_02_26__baseline,10.4,5.698686737638165,24.214106179372827,False,vehicle_rates_setpoint
normal:ekf2_innovation_bias__2019-03-06__08_02_26__baseline,11.2,1.7490056977692845,24.214106179372827,False,actuator_controls_0
normal:ekf2_innovation_bias__2019-03-06__08_02_26__baseline,12.0,1.7490056977692845,24.214106179372827,False,actuator_controls_0
normal:ekf2_innovation_bias__2019-03-06__08_02_26__baseline,12.8,2.028446869416547,24.214106179372827,False,actuator_controls_0
normal:ekf2_innovation_bias__2019-03-06__08_02_26__baseline,13.6,1.7490056977692845,24.214106179372827,False,actuator_controls_0
normal:ekf2_innovation_bias__2019-03-06__08_02_26__baseline,14.4,2.4206478009914174,24.214106179372827,False,actuator_controls_0
normal:ekf2_innovation_bias__2019-03-06__08_02_26__baseline,15.2,8.258087635040283,24.214106179372827,False,vehicle_attitude
normal:ekf2_innovation_bias__2019-03-06__08_02_26__baseline,16.0,1.655145323415825,24.214106179372827,False,actuator_controls_0
normal:ekf2_innovation_bias__2019-03-06__08_02_26__baseline,16.8,1.8360857758909856,24.214106179372827,False,sensor_combined
normal:ekf2_innovation_bias__2019-03-06__08_02_26__baseline,17.6,2.050055873514444,24.214106179372827,False,actuator_controls_0
normal:ekf2_innovation_bias__2019-03-06__08_02_26__baseline,18.4,2.440519176248779,24.214106179372827,False,actuator_controls_0
normal:ekf2_innovation_bias__2019-03-06__08_02_26__baseline,19.2,2.6044291155821107,24.214106179372827,False,actuator_controls_0
normal:ekf2_innovation_bias__2019-03-06__08_02_26__baseline,20.0,2.752984255302251,24.214106179372827,False,actuator_controls_0
normal:ekf2_innovation_bias__2019-03-06__08_02_26__baseline,20.8,1.8950909049216234,24.214106179372827,False,actuator_controls_0
normal:ekf2_innovation_bias__2019-03-06__08_02_26__baseline,21.6,1.8233753372897799,24.214106179372827,False,vehicle_attitude
normal:ekf2_innovation_bias__2019-03-06__08_02_26__baseline,22.4,2.2401253847756655,24.214106179372827,False,actuator_controls_0
normal:ekf2_innovation_bias__2019-03-06__08_02_26__baseline,23.2,2.2442494603172847,24.214106179372827,False,sensor_combined
normal:ekf2_innovation_bias__2019-03-06__08_02_26__baseline,24.0,1.8233753372897799,24.214106179372827,False,vehicle_attitude
normal:ekf2_innovation_bias__2019-03-06__08_02_26__baseline,24.8,2.0070526130016284,24.214106179372827,False,sensor_combined
normal:ekf2_innovation_bias__2019-03-06__08_02_26__baseline,25.6,1.8233753372897799,24.214106179372827,False,vehicle_attitude
normal:ekf2_innovation_bias__2019-03-06__08_02_26__baseline,26.4,1.573870982078253,24.214106179372827,False,vehicle_attitude
normal:ekf2_innovation_bias__2019-03-06__08_02_26__baseline,27.2,1.5636463413111545,24.214106179372827,False,vehicle_attitude
normal:ekf2_innovation_bias__2019-03-06__08_02_26__baseline,28.0,1.9553025636681651,24.214106179372827,False,actuator_controls_0
normal:ekf2_innovation_bias__2019-03-06__08_02_26__baseline,28.8,2.5305671739957623,24.214106179372827,False,actuator_controls_0
normal:ekf2_innovation_bias__2019-03-06__08_02_26__baseline,29.6,2.4393838836742163,24.214106179372827,False,actuator_controls_0
normal:ekf2_innovation_bias__2019-03-06__08_02_26__baseline,30.4,1.4543228547135556,24.214106179372827,False,actuator_controls_0
normal:ekf2_innovation_bias__2019-03-06__08_02_26__baseline,31.2,1.1858157951281323,24.214106179372827,False,actuator_controls_0
normal:ekf2_innovation_bias__2019-03-06__08_02_26__baseline,32.0,6.697592495733223,24.214106179372827,False,estimator_status
normal:ekf2_innovation_bias__2019-03-06__08_02_26__baseline,32.8,6.84656023979187,24.214106179372827,False,estimator_status
normal:ekf2_innovation_bias__2019-03-06__08_02_26__baseline,33.6,9.247298240661621,24.214106179372827,False,estimator_status
normal:ekf2_innovation_bias__2019-03-06__08_02_26__baseline,34.4,6.710108275587969,24.214106179372827,False,estimator_status
normal:ekf2_innovation_bias__2019-03-06__08_02_26__baseline,35.2,6.710106763905106,24.214106179372827,False,estimator_status
normal:ekf2_innovation_bias__2019-03-06__08_02_26__baseline,36.0,25.964406700262835,24.214106179372827,False,vehicle_attitude
normal:ekf2_innovation_bias__2019-03-06__08_02_26__baseline,36.8,25.964406700262835,24.214106179372827,False,vehicle_attitude
normal:ekf2_innovation_bias__2019-03-06__08_02_26__baseline,37.6,4.453318119049072,24.214106179372827,False,estimator_status
normal:ekf2_innovation_bias__2019-03-06__08_02_26__baseline,38.4,9.01749849319458,24.214106179372827,False,estimator_status
normal:ekf2_innovation_bias__2019-03-06__08_02_26__baseline,39.2,4.235929846763611,24.214106179372827,False,estimator_status
normal:ekf2_innovation_bias__2019-03-06__08_02_26__baseline,40.0,4.235929846763611,24.214106179372827,False,estimator_status
normal:ekf2_innovation_bias__2019-03-06__08_02_26__baseline,40.8,4.235929846763611,24.214106179372827,False,estimator_status
normal:ekf2_innovation_bias__2019-03-06__08_02_26__baseline,41.6,5.662559121847153,24.214106179372827,False,estimator_status
normal:ekf2_innovation_bias__2019-03-06__08_02_26__baseline,42.4,8.268815577030182,24.214106179372827,False,estimator_status
normal:ekf2_innovation_bias__2019-03-06__08_02_26__baseline,43.2,8.268815577030182,24.214106179372827,False,estimator_status
normal:ekf2_innovation_bias__2019-03-06__08_02_26__baseline,44.0,9.154163433493416,24.214106179372827,False,estimator_status
normal:ekf2_innovation_bias__2019-03-06__08_02_26__baseline,44.8,9.154163433493416,24.214106179372827,False,estimator_status
normal:ekf2_innovation_bias__2019-03-06__08_02_26__baseline,45.6,9.154163433493416,24.214106179372827,False,estimator_status
normal:ekf2_innovation_bias__2019-03-06__08_02_26__baseline,46.4,6.861092136609811,24.214106179372827,False,estimator_status
normal:ekf2_innovation_bias__2019-03-06__08_02_26__baseline,47.2,8.939836025238037,24.214106179372827,False,estimator_status
normal:ekf2_innovation_bias__2019-03-06__08_02_26__baseline,48.0,10.62321811914444,24.214106179372827,False,estimator_status
normal:ekf2_innovation_bias__2019-03-06__08_02_26__baseline,48.8,3.2575612653323853,24.214106179372827,False,actuator_controls_0
normal:ekf2_innovation_bias__2019-03-06__08_02_26__baseline,49.6,3.215612855491865,24.214106179372827,False,ekf2_innovations
normal:ekf2_innovation_bias__2019-03-06__08_02_26__baseline,50.4,3.059461471765442,24.214106179372827,False,ekf2_innovations
normal:ekf2_innovation_bias__2019-03-06__08_02_26__baseline,51.2,2.928861894326953,24.214106179372827,False,ekf2_innovations
normal:ekf2_innovation_bias__2019-03-06__08_02_26__baseline,52.0,2.4050611132752078,24.214106179372827,False,ekf2_innovations
normal:ekf2_innovation_bias__2019-03-06__08_02_26__baseline,52.8,2.4050611132752078,24.214106179372827,False,ekf2_innovations
normal:ekf2_innovation_bias__2019-03-06__08_02_26__baseline,53.6,2.4050611132752078,24.214106179372827,False,ekf2_innovations
normal:ekf2_innovation_bias__2019-03-06__08_02_26__baseline,54.4,2.4050611132752078,24.214106179372827,False,ekf2_innovations
normal:ekf2_innovation_bias__2019-03-06__08_02_26__baseline,55.2,2.46141117110862,24.214106179372827,False,actuator_controls_0
normal:ekf2_innovation_bias__2019-03-06__08_02_26__baseline,56.0,2.46141117110862,24.214106179372827,False,actuator_controls_0
normal:ekf2_innovation_bias__2019-03-06__08_02_26__baseline,56.8,2.4814981169739854,24.214106179372827,False,actuator_controls_0
normal:ekf2_innovation_bias__2019-03-06__08_02_26__baseline,57.6,2.4673632382604387,24.214106179372827,False,actuator_controls_0
normal:ekf2_innovation_bias__2019-03-06__08_02_26__baseline,58.4,2.4050611132752078,24.214106179372827,False,ekf2_innovations
normal:ekf2_innovation_bias__2019-03-06__08_02_26__baseline,59.2,2.525172742858351,24.214106179372827,False,actuator_controls_0
normal:ekf2_innovation_bias__2019-03-06__08_02_26__baseline,60.0,3.85958768427372,24.214106179372827,False,ekf2_innovations
normal:ekf2_innovation_bias__2019-03-06__08_02_26__baseline,60.8,3.597794036779708,24.214106179372827,False,actuator_controls_0
normal:ekf2_innovation_bias__2019-03-06__08_02_26__baseline,61.6,2.217438851615246,24.214106179372827,False,actuator_controls_0
normal:ekf2_innovation_bias__2019-03-06__08_02_26__baseline,62.4,3.1179800007573695,24.214106179372827,False,actuator_controls_0
normal:ekf2_innovation_bias__2019-03-06__08_02_26__baseline,63.2,2.058819903161641,24.214106179372827,False,vehicle_attitude
normal:ekf2_innovation_bias__2019-03-06__08_02_26__baseline,64.0,1.9255727961124462,24.214106179372827,False,vehicle_attitude
normal:ekf2_innovation_bias__2019-03-06__08_02_26__baseline,64.8,1.5761845716391858,24.214106179372827,False,actuator_controls_0
normal:ekf2_innovation_bias__2019-03-06__08_02_26__baseline,65.6,1.5516025676089913,24.214106179372827,False,vehicle_attitude
normal:ekf2_innovation_bias__2019-03-06__08_02_26__baseline,66.4,3.9800818008843803,24.214106179372827,False,actuator_controls_0
normal:ekf2_innovation_bias__2019-03-06__08_02_26__baseline,67.2,1.5070213774430437,24.214106179372827,False,vehicle_attitude
normal:ekf2_innovation_bias__2019-03-06__08_02_26__baseline,68.0,1.616436320219672,24.214106179372827,False,actuator_controls_0
normal:ekf2_innovation_bias__2019-03-06__08_02_26__baseline,68.8,1.5070213774430437,24.214106179372827,False,vehicle_attitude
normal:ekf2_innovation_bias__2019-03-06__08_02_26__baseline,69.6,1.6758765681916947,24.214106179372827,False,actuator_controls_0
normal:ekf2_innovation_bias__2019-03-06__08_02_26__baseline,70.4,2.4096808825725926,24.214106179372827,False,actuator_controls_0
normal:ekf2_innovation_bias__2019-03-06__08_02_26__baseline,71.2,2.715392118534626,24.214106179372827,False,actuator_controls_0
normal:ekf2_innovation_bias__2019-03-06__08_02_26__baseline,72.0,1.9518486445457197,24.214106179372827,False,actuator_controls_0
normal:ekf2_innovation_bias__2019-03-06__08_02_26__baseline,72.8,2.80268819279103,24.214106179372827,False,actuator_controls_0
normal:ekf2_innovation_bias__2019-03-06__08_02_26__baseline,73.6,2.80268819279103,24.214106179372827,False,actuator_controls_0
normal:ekf2_innovation_bias__2019-03-06__08_02_26__baseline,74.4,3.417377471923828,24.214106179372827,False,vehicle_status
normal:ekf2_innovation_bias__2019-03-06__08_02_26__baseline,75.2,5.7455052792410966,24.214106179372827,False,vehicle_rates_setpoint
normal:ekf2_innovation_bias__2019-03-06__08_02_26__baseline,76.0,5.7455052792410966,24.214106179372827,False,vehicle_rates_setpoint
normal:ekf2_innovation_bias__2019-03-06__08_02_26__baseline,76.8,5.7455052792410966,24.214106179372827,False,vehicle_rates_setpoint
normal:ekf2_innovation_bias__2019-03-06__08_02_26__baseline,77.6,5.7455052792410966,24.214106179372827,False,vehicle_rates_setpoint
normal:ekf2_innovation_bias__2019-03-06__08_02_26__baseline,78.4,5.7455052792410966,24.214106179372827,False,vehicle_rates_setpoint
normal:ekf2_innovation_bias__2019-03-06__08_02_26__baseline,79.2,5.7455052792410966,24.214106179372827,False,vehicle_rates_setpoint
normal:ekf2_innovation_bias__2019-03-06__08_02_26__baseline,80.0,5.7455052792410966,24.214106179372827,False,vehicle_rates_setpoint
normal:ekf2_innovation_bias__2019-03-06__08_02_26__baseline,80.8,5.7455052792410966,24.214106179372827,False,vehicle_rates_setpoint
normal:ekf2_innovation_bias__2019-03-06__08_02_26__baseline,81.6,5.7455052792410966,24.214106179372827,False,vehicle_rates_setpoint
normal:ekf2_innovation_bias__2019-03-06__08_02_26__baseline,82.4,5.7455052792410966,24.214106179372827,False,vehicle_rates_setpoint
normal:ekf2_innovation_bias__2019-03-06__08_02_26__baseline,83.2,5.7455052792410966,24.214106179372827,False,vehicle_rates_setpoint
normal:ekf2_innovation_bias__2019-03-06__08_02_26__baseline,84.0,5.7455052792410966,24.214106179372827,False,vehicle_rates_setpoint
normal:ekf2_innovation_bias__2019-03-06__08_02_26__baseline,84.8,3.4977990431046493,24.214106179372827,False,vehicle_attitude
normal:ekf2_innovation_bias__2019-03-06__08_02_26__baseline,85.6,3.245694853597166,24.214106179372827,False,vehicle_attitude
normal:ekf2_innovation_bias__2019-03-06__08_02_26__baseline,86.4,2.32406235905448,24.214106179372827,False,vehicle_attitude
normal:ekf2_innovation_bias__2019-03-06__08_02_26__baseline,87.2,2.32406235905448,24.214106179372827,False,vehicle_attitude
normal:ekf2_innovation_bias__2019-03-06__08_02_26__baseline,88.0,3.878375907507283,24.214106179372827,False,vehicle_attitude
normal:ekf2_innovation_bias__2019-03-06__08_02_26__baseline,88.8,2.937058767077141,24.214106179372827,False,vehicle_attitude
normal:ekf2_innovation_bias__2019-03-06__08_02_26__baseline,89.6,3.4437202542748273,24.214106179372827,False,actuator_controls_0
normal:ekf2_innovation_bias__2019-03-06__08_02_26__baseline,90.4,3.4186875198199966,24.214106179372827,False,actuator_controls_0
normal:ekf2_innovation_bias__2019-03-06__08_02_26__baseline,91.2,13.532265010789017,24.214106179372827,False,vehicle_attitude
normal:ekf2_innovation_bias__2019-03-06__08_02_26__baseline,92.0,2.210455167168493,24.214106179372827,False,vehicle_attitude
normal:ekf2_innovation_bias__2019-03-06__08_02_26__baseline,92.8,1.7025348095991102,24.214106179372827,False,vehicle_attitude
normal:ekf2_innovation_bias__2019-03-06__08_02_26__baseline,93.6,2.42721174384091,24.214106179372827,False,actuator_controls_0
normal:ekf2_innovation_bias__2019-03-06__08_02_26__baseline,94.4,13.022753308651593,24.214106179372827,False,actuator_controls_0
normal:ekf2_innovation_bias__2019-03-06__08_02_26__baseline,95.2,6.314282024402919,24.214106179372827,False,actuator_controls_0
normal:ekf2_innovation_bias__2019-03-06__08_02_26__baseline,96.0,6.314282024402919,24.214106179372827,False,actuator_controls_0
normal:inav_local_z_freeze__2019-03-06__08_02_26__baseline,9.6,0.44007977001961684,24.214106179372827,False,sensor_combined
normal:inav_local_z_freeze__2019-03-06__08_02_26__baseline,10.4,0.3414677521500592,24.214106179372827,False,sensor_combined
normal:inav_local_z_freeze__2019-03-06__08_02_26__baseline,11.2,0.38637708439952956,24.214106179372827,False,sensor_combined
normal:inav_local_z_freeze__2019-03-06__08_02_26__baseline,12.0,0.5516584401254699,24.214106179372827,False,sensor_combined
normal:inav_local_z_freeze__2019-03-06__08_02_26__baseline,12.8,0.2726862626703105,24.214106179372827,False,sensor_combined
normal:inav_local_z_freeze__2019-03-06__08_02_26__baseline,13.6,0.2807136770500872,24.214106179372827,False,sensor_combined
normal:inav_local_z_freeze__2019-03-06__08_02_26__baseline,14.4,0.27745504294996615,24.214106179372827,False,sensor_combined
normal:inav_local_z_freeze__2019-03-06__08_02_26__baseline,15.2,0.3602991740990031,24.214106179372827,False,sensor_combined
normal:inav_local_z_freeze__2019-03-06__08_02_26__baseline,16.0,0.35697793457033195,24.214106179372827,False,sensor_combined
normal:inav_local_z_freeze__2019-03-06__08_02_26__baseline,16.8,0.2617773366277152,24.214106179372827,False,sensor_combined
normal:inav_local_z_freeze__2019-03-06__08_02_26__baseline,17.6,0.32234401327699136,24.214106179372827,False,sensor_combined
normal:inav_local_z_freeze__2019-03-06__08_02_26__baseline,18.4,0.32234401327699136,24.214106179372827,False,sensor_combined
normal:inav_local_z_freeze__2019-03-06__08_02_26__baseline,19.2,0.32234401327699136,24.214106179372827,False,sensor_combined
normal:inav_local_z_freeze__2019-03-06__08_02_26__baseline,20.0,0.316672825161777,24.214106179372827,False,sensor_combined
normal:inav_local_z_freeze__2019-03-06__08_02_26__baseline,20.8,0.30945130063508164,24.214106179372827,False,sensor_combined
normal:inav_local_z_freeze__2019-03-06__08_02_26__baseline,21.6,0.4001050550890849,24.214106179372827,False,sensor_combined
normal:inav_local_z_freeze__2019-03-06__08_02_26__baseline,22.4,0.3571568377786243,24.214106179372827,False,sensor_combined
normal:inav_local_z_freeze__2019-03-06__08_02_26__baseline,23.2,0.3798969930131199,24.214106179372827,False,sensor_combined
normal:inav_local_z_freeze__2019-03-06__08_02_26__baseline,24.0,0.40768324822242336,24.214106179372827,False,sensor_combined
normal:inav_local_z_freeze__2019-03-06__08_02_26__baseline,24.8,0.6111124955045668,24.214106179372827,False,sensor_combined
normal:inav_local_z_freeze__2019-03-06__08_02_26__baseline,25.6,0.5271585693493444,24.214106179372827,False,sensor_combined
normal:inav_local_z_freeze__2019-03-06__08_02_26__baseline,26.4,0.5271585693493444,24.214106179372827,False,sensor_combined
normal:inav_local_z_freeze__2019-03-06__08_02_26__baseline,27.2,0.4893139090739873,24.214106179372827,False,sensor_combined
normal:inav_local_z_freeze__2019-03-06__08_02_26__baseline,28.0,0.38777015572222123,24.214106179372827,False,sensor_combined
normal:inav_local_z_freeze__2019-03-06__08_02_26__baseline,28.8,0.44892250998413796,24.214106179372827,False,sensor_combined
normal:inav_local_z_freeze__2019-03-06__08_02_26__baseline,29.6,0.4997732364256588,24.214106179372827,False,sensor_combined
normal:inav_local_z_freeze__2019-03-06__08_02_26__baseline,30.4,0.3026781959623335,24.214106179372827,False,sensor_combined
normal:inav_local_z_freeze__2019-03-06__08_02_26__baseline,31.2,0.2806810901000833,24.214106179372827,False,sensor_combined
normal:inav_local_z_freeze__2019-03-06__08_02_26__baseline,32.0,0.3148081618595059,24.214106179372827,False,sensor_combined
normal:inav_local_z_freeze__2019-03-06__08_02_26__baseline,32.8,0.3148081618595059,24.214106179372827,False,sensor_combined
normal:inav_local_z_freeze__2019-03-06__08_02_26__baseline,33.6,0.335403367254918,24.214106179372827,False,sensor_combined
normal:inav_local_z_freeze__2019-03-06__08_02_26__baseline,34.4,0.26817500300759284,24.214106179372827,False,sensor_combined
normal:inav_local_z_freeze__2019-03-06__08_02_26__baseline,35.2,0.24379511585342575,24.214106179372827,False,sensor_combined
normal:inav_local_z_freeze__2019-03-06__08_02_26__baseline,36.0,0.3324766984509535,24.214106179372827,False,sensor_combined
normal:inav_local_z_freeze__2019-03-06__08_02_26__baseline,36.8,0.3632644210915575,24.214106179372827,False,sensor_combined
normal:inav_local_z_freeze__2019-03-06__08_02_26__baseline,37.6,0.3173222332464902,24.214106179372827,False,sensor_combined
normal:inav_local_z_freeze__2019-03-06__08_02_26__baseline,38.4,0.2454253311844019,24.214106179372827,False,sensor_combined
normal:inav_local_z_freeze__2019-03-06__08_02_26__baseline,39.2,0.3399486989111313,24.214106179372827,False,sensor_combined
normal:inav_local_z_freeze__2019-03-06__08_02_26__baseline,40.0,0.39872129071005136,24.214106179372827,False,sensor_combined
normal:inav_local_z_freeze__2019-03-06__08_02_26__baseline,40.8,0.5921023711562157,24.214106179372827,False,vehicle_local_position
normal:inav_local_z_freeze__2019-03-06__08_02_26__baseline,41.6,0.3844047958237066,24.214106179372827,False,sensor_combined
normal:inav_local_z_freeze__2019-03-06__08_02_26__baseline,42.4,0.3844047958237066,24.214106179372827,False,sensor_combined
normal:inav_local_z_freeze__2019-03-06__08_02_26__baseline,43.2,0.35832028180414177,24.214106179372827,False,sensor_combined
normal:inav_local_z_freeze__2019-03-06__08_02_26__baseline,44.0,0.3375520396285071,24.214106179372827,False,sensor_combined
normal:inav_local_z_freeze__2019-03-06__08_02_26__baseline,44.8,0.34389044545100306,24.214106179372827,False,sensor_combined
normal:inav_local_z_freeze__2019-03-06__08_02_26__baseline,45.6,0.34604312932610587,24.214106179372827,False,sensor_combined
normal:inav_local_z_freeze__2019-03-06__08_02_26__baseline,46.4,0.3268750011920929,24.214106179372827,False,ekf2_innovations
normal:inav_local_z_freeze__2019-03-06__08_02_26__baseline,47.2,0.2552032470703125,24.214106179372827,False,ekf2_innovations
normal:inav_local_z_freeze__2019-03-06__08_02_26__baseline,48.0,0.2634622231309157,24.214106179372827,False,sensor_combined
normal:inav_local_z_freeze__2019-03-06__08_02_26__baseline,48.8,0.33654630184173584,24.214106179372827,False,ekf2_innovations
normal:inav_local_z_freeze__2019-03-06__08_02_26__baseline,49.6,0.2984809717170468,24.214106179372827,False,sensor_combined
normal:inav_local_z_freeze__2019-03-06__08_02_26__baseline,50.4,0.3578343404748825,24.214106179372827,False,sensor_combined
normal:inav_local_z_freeze__2019-03-06__08_02_26__baseline,51.2,0.49732578541807754,24.214106179372827,False,sensor_combined
normal:inav_local_z_freeze__2019-03-06__08_02_26__baseline,52.0,0.5504281267167186,24.214106179372827,False,sensor_combined
normal:inav_local_z_freeze__2019-03-06__08_02_26__baseline,52.8,0.40878520417505954,24.214106179372827,False,sensor_combined
normal:inav_local_z_freeze__2019-03-06__08_02_26__baseline,53.6,0.36124588437771465,24.214106179372827,False,sensor_combined
normal:inav_local_z_freeze__2019-03-06__08_02_26__baseline,54.4,0.4140372798914261,24.214106179372827,False,sensor_combined
normal:inav_local_z_freeze__2019-03-06__08_02_26__baseline,55.2,0.29760038171645525,24.214106179372827,False,sensor_combined
normal:inav_local_z_freeze__2019-03-06__08_02_26__baseline,56.0,0.29300041520160197,24.214106179372827,False,sensor_combined
normal:inav_local_z_freeze__2019-03-06__08_02_26__baseline,56.8,0.2912144442895975,24.214106179372827,False,sensor_combined
normal:inav_local_z_freeze__2019-03-06__08_02_26__baseline,57.6,0.31106783491744977,24.214106179372827,False,sensor_combined
normal:inav_local_z_freeze__2019-03-06__08_02_26__baseline,58.4,0.35640074452084874,24.214106179372827,False,sensor_combined
normal:inav_local_z_freeze__2019-03-06__08_02_26__baseline,59.2,0.2480816246907974,24.214106179372827,False,sensor_combined
normal:inav_local_z_freeze__2019-03-06__08_02_26__baseline,60.0,0.3202036579627258,24.214106179372827,False,sensor_combined
normal:inav_local_z_freeze__2019-03-06__08_02_26__baseline,60.8,0.3202036579627258,24.214106179372827,False,sensor_combined
normal:inav_local_z_freeze__2019-03-06__08_02_26__baseline,61.6,0.512882899518488,24.214106179372827,False,sensor_combined
normal:inav_local_z_freeze__2019-03-06__08_02_26__baseline,62.4,0.3474367512910784,24.214106179372827,False,sensor_combined
normal:inav_local_z_freeze__2019-03-06__08_02_26__baseline,63.2,0.43634429928829366,24.214106179372827,False,sensor_combined
normal:inav_local_z_freeze__2019-03-06__08_02_26__baseline,64.0,0.5232135098751254,24.214106179372827,False,sensor_combined
normal:inav_local_z_freeze__2019-03-06__08_02_26__baseline,64.8,0.5397702151831136,24.214106179372827,False,sensor_combined
normal:inav_local_z_freeze__2019-03-06__08_02_26__baseline,65.6,0.5830888266901928,24.214106179372827,False,sensor_combined
normal:inav_local_z_freeze__2019-03-06__08_02_26__baseline,66.4,0.6675963222475934,24.214106179372827,False,sensor_combined
normal:inav_local_z_freeze__2019-03-06__08_02_26__baseline,67.2,0.6222465271122525,24.214106179372827,False,sensor_combined
normal:inav_local_z_freeze__2019-03-06__08_02_26__baseline,68.0,0.6395433403462651,24.214106179372827,False,sensor_combined
normal:inav_local_z_freeze__2019-03-06__08_02_26__baseline,68.8,0.5860753851500475,24.214106179372827,False,sensor_combined
normal:inav_local_z_freeze__2019-03-06__08_02_26__baseline,69.6,0.5467829967974454,24.214106179372827,False,sensor_combined
normal:inav_local_z_freeze__2019-03-06__08_02_26__baseline,70.4,0.48052058912230544,24.214106179372827,False,sensor_combined
normal:inav_local_z_freeze__2019-03-06__08_02_26__baseline,71.2,0.43607822978433064,24.214106179372827,False,sensor_combined
normal:inav_local_z_freeze__2019-03-06__08_02_26__baseline,72.0,0.3863484998399736,24.214106179372827,False,sensor_combined
normal:inav_local_z_freeze__2019-03-06__08_02_26__baseline,72.8,0.5053185912992528,24.214106179372827,False,sensor_combined
normal:inav_local_z_freeze__2019-03-06__08_02_26__baseline,73.6,0.38469349158433513,24.214106179372827,False,sensor_combined
normal:inav_local_z_freeze__2019-03-06__08_02_26__baseline,74.4,0.2902903147669902,24.214106179372827,False,sensor_combined
normal:inav_local_z_freeze__2019-03-06__08_02_26__baseline,75.2,0.37144805974967565,24.214106179372827,False,vehicle_rates_setpoint
normal:inav_local_z_freeze__2019-03-06__08_02_26__baseline,76.0,0.37144805974967565,24.214106179372827,False,vehicle_rates_setpoint
normal:inav_local_z_freeze__2019-03-06__08_02_26__baseline,76.8,0.39882928577949806,24.214106179372827,False,sensor_combined
normal:inav_local_z_freeze__2019-03-06__08_02_26__baseline,77.6,0.37144805974967565,24.214106179372827,False,vehicle_rates_setpoint
normal:inav_local_z_freeze__2019-03-06__08_02_26__baseline,78.4,0.40374040988895993,24.214106179372827,False,sensor_combined
normal:inav_local_z_freeze__2019-03-06__08_02_26__baseline,79.2,0.47849096403011554,24.214106179372827,False,sensor_combined
normal:inav_local_z_freeze__2019-03-06__08_02_26__baseline,80.0,0.4301306360310935,24.214106179372827,False,sensor_combined
normal:inav_local_z_freeze__2019-03-06__08_02_26__baseline,80.8,0.6710486040992429,24.214106179372827,False,sensor_combined
normal:inav_local_z_freeze__2019-03-06__08_02_26__baseline,81.6,0.6993303667453247,24.214106179372827,False,sensor_combined
normal:inav_local_z_freeze__2019-03-06__08_02_26__baseline,82.4,0.7368429824772804,24.214106179372827,False,sensor_combined
normal:inav_local_z_freeze__2019-03-06__08_02_26__baseline,83.2,0.7536460901197394,24.214106179372827,False,sensor_combined
normal:inav_local_z_freeze__2019-03-06__08_02_26__baseline,84.0,0.7289788289943023,24.214106179372827,False,sensor_combined
normal:inav_local_z_freeze__2019-03-06__08_02_26__baseline,84.8,0.6842408139115064,24.214106179372827,False,sensor_combined
normal:inav_local_z_freeze__2019-03-06__08_02_26__baseline,85.6,0.816576411283717,24.214106179372827,False,sensor_combined
normal:inav_local_z_freeze__2019-03-06__08_02_26__baseline,86.4,0.816576411283717,24.214106179372827,False,sensor_combined
normal:inav_local_z_freeze__2019-03-06__08_02_26__baseline,87.2,0.5659298546158658,24.214106179372827,False,sensor_combined
normal:inav_local_z_freeze__2019-03-06__08_02_26__baseline,88.0,0.48375251021408805,24.214106179372827,False,sensor_combined
normal:inav_local_z_freeze__2019-03-06__08_02_26__baseline,88.8,0.4472933145529402,24.214106179372827,False,sensor_combined
normal:inav_local_z_freeze__2019-03-06__08_02_26__baseline,89.6,0.6734588321842068,24.214106179372827,False,actuator_controls_0
normal:inav_local_z_freeze__2019-03-06__08_02_26__baseline,90.4,0.6895407284916253,24.214106179372827,False,sensor_combined
normal:inav_local_z_freeze__2019-03-06__08_02_26__baseline,91.2,0.7193605922256955,24.214106179372827,False,actuator_controls_0
normal:inav_local_z_freeze__2019-03-06__08_02_26__baseline,92.0,0.5388053848023272,24.214106179372827,False,sensor_combined
normal:inav_local_z_freeze__2019-03-06__08_02_26__baseline,92.8,0.5599189189358643,24.214106179372827,False,sensor_combined
normal:inav_local_z_freeze__2019-03-06__08_02_26__baseline,93.6,0.4691854964459634,24.214106179372827,False,sensor_combined
normal:inav_local_z_freeze__2019-03-06__08_02_26__baseline,94.4,0.7928110939309525,24.214106179372827,False,sensor_combined
normal:inav_local_z_freeze__2019-03-06__08_02_26__baseline,95.2,0.8702870931591035,24.214106179372827,False,sensor_combined
normal:inav_local_z_freeze__2019-03-06__08_02_26__baseline,96.0,0.3668024438449963,24.214106179372827,False,sensor_combined
normal:inav_local_z_freeze__2019-03-06__08_02_26__baseline,96.8,4459.921875,24.214106179372827,False,vehicle_status
normal:inav_local_z_freeze__2019-03-06__08_02_26__baseline,97.6,1.58477783203125,24.214106179372827,False,vehicle_status
normal:land_detector_state_inversion__2019-03-06__08_02_26__baseline,9.6,16.73541536506662,24.214106179372827,False,vehicle_local_position
normal:land_detector_state_inversion__2019-03-06__08_02_26__baseline,10.4,8.655231078312625,24.214106179372827,False,vehicle_local_position
normal:land_detector_state_inversion__2019-03-06__08_02_26__baseline,11.2,1.84112639546785,24.214106179372827,False,actuator_controls_0
normal:land_detector_state_inversion__2019-03-06__08_02_26__baseline,12.0,4.105453088830908,24.214106179372827,False,actuator_controls_0
normal:land_detector_state_inversion__2019-03-06__08_02_26__baseline,12.8,1.9535222214620547,24.214106179372827,False,actuator_controls_0
normal:land_detector_state_inversion__2019-03-06__08_02_26__baseline,13.6,2.9898634080049424,24.214106179372827,False,actuator_controls_0
normal:land_detector_state_inversion__2019-03-06__08_02_26__baseline,14.4,2.431056948613636,24.214106179372827,False,actuator_controls_0
normal:land_detector_state_inversion__2019-03-06__08_02_26__baseline,15.2,2.5955908228134046,24.214106179372827,False,actuator_controls_0
normal:land_detector_state_inversion__2019-03-06__08_02_26__baseline,16.0,3.7792549379529747,24.214106179372827,False,actuator_controls_0
normal:land_detector_state_inversion__2019-03-06__08_02_26__baseline,16.8,2.1763607792637814,24.214106179372827,False,actuator_controls_0
normal:land_detector_state_inversion__2019-03-06__08_02_26__baseline,17.6,1.6262993545331499,24.214106179372827,False,actuator_controls_0
normal:land_detector_state_inversion__2019-03-06__08_02_26__baseline,18.4,1.5208340239440032,24.214106179372827,False,sensor_combined
normal:land_detector_state_inversion__2019-03-06__08_02_26__baseline,19.2,1.6963517657153473,24.214106179372827,False,actuator_controls_0
normal:land_detector_state_inversion__2019-03-06__08_02_26__baseline,20.0,1.4003102645196102,24.214106179372827,False,actuator_controls_0
normal:land_detector_state_inversion__2019-03-06__08_02_26__baseline,20.8,0.9974082975278263,24.214106179372827,False,sensor_combined
normal:land_detector_state_inversion__2019-03-06__08_02_26__baseline,21.6,1.2458943593477956,24.214106179372827,False,actuator_controls_0
normal:land_detector_state_inversion__2019-03-06__08_02_26__baseline,22.4,1.4616757792460064,24.214106179372827,False,actuator_controls_0
normal:land_detector_state_inversion__2019-03-06__08_02_26__baseline,23.2,1.244996615569267,24.214106179372827,False,actuator_controls_0
normal:land_detector_state_inversion__2019-03-06__08_02_26__baseline,24.0,1.4046944346987338,24.214106179372827,False,actuator_controls_0
normal:land_detector_state_inversion__2019-03-06__08_02_26__baseline,24.8,1.963458942284091,24.214106179372827,False,actuator_controls_0
normal:land_detector_state_inversion__2019-03-06__08_02_26__baseline,25.6,1.8670781324588923,24.214106179372827,False,actuator_controls_0
normal:land_detector_state_inversion__2019-03-06__08_02_26__baseline,26.4,1.8172246932843767,24.214106179372827,False,actuator_controls_0
normal:land_detector_state_inversion__2019-03-06__08_02_26__baseline,27.2,1.9733606660525613,24.214106179372827,False,actuator_controls_0
normal:land_detector_state_inversion__2019-03-06__08_02_26__baseline,28.0,1.4834107676483963,24.214106179372827,False,actuator_controls_0
normal:land_detector_state_inversion__2019-03-06__08_02_26__baseline,28.8,2.421440217661714,24.214106179372827,False,actuator_controls_0
normal:land_detector_state_inversion__2019-03-06__08_02_26__baseline,29.6,1.4676475524902344,24.214106179372827,False,vehicle_land_detected
normal:land_detector_state_inversion__2019-03-06__08_02_26__baseline,30.4,1.9077446539478304,24.214106179372827,False,actuator_controls_0
normal:land_detector_state_inversion__2019-03-06__08_02_26__baseline,31.2,1.521972104846384,24.214106179372827,False,actuator_controls_0
normal:land_detector_state_inversion__2019-03-06__08_02_26__baseline,32.0,2.657950273690224,24.214106179372827,False,actuator_controls_0
normal:land_detector_state_inversion__2019-03-06__08_02_26__baseline,32.8,2.728495738904046,24.214106179372827,False,actuator_controls_0
normal:land_detector_state_inversion__2019-03-06__08_02_26__baseline,33.6,2.353468466400837,24.214106179372827,False,actuator_controls_0
normal:land_detector_state_inversion__2019-03-06__08_02_26__baseline,34.4,1.783895496666739,24.214106179372827,False,actuator_controls_0
normal:land_detector_state_inversion__2019-03-06__08_02_26__baseline,35.2,2.4422344185956955,24.214106179372827,False,actuator_controls_0
normal:land_detector_state_inversion__2019-03-06__08_02_26__baseline,36.0,0.9059227654691313,24.214106179372827,False,sensor_combined
normal:land_detector_state_inversion__2019-03-06__08_02_26__baseline,36.8,1.5031623840332031,24.214106179372827,False,vehicle_land_detected
normal:land_detector_state_inversion__2019-03-06__08_02_26__baseline,37.6,1.113479583236156,24.214106179372827,False,actuator_controls_0
normal:land_detector_state_inversion__2019-03-06__08_02_26__baseline,38.4,1.5860223770141602,24.214106179372827,False,vehicle_land_detected
normal:land_detector_state_inversion__2019-03-06__08_02_26__baseline,39.2,1.5149927139282227,24.214106179372827,False,vehicle_land_detected
normal:land_detector_state_inversion__2019-03-06__08_02_26__baseline,40.0,1.0070712826293022,24.214106179372827,False,actuator_controls_0
normal:land_detector_state_inversion__2019-03-06__08_02_26__baseline,40.8,0.8224385861628769,24.214106179372827,False,actuator_controls_0
normal:land_detector_state_inversion__2019-03-06__08_02_26__baseline,41.6,1.3742728191046443,24.214106179372827,False,actuator_controls_0
normal:land_detector_state_inversion__2019-03-06__08_02_26__baseline,42.4,1.7600907502987773,24.214106179372827,False,actuator_controls_0
normal:land_detector_state_inversion__2019-03-06__08_02_26__baseline,43.2,1.3456290720130741,24.214106179372827,False,actuator_controls_0
normal:land_detector_state_inversion__2019-03-06__08_02_26__baseline,44.0,2.4429688838350883,24.214106179372827,False,actuator_controls_0
normal:land_detector_state_inversion__2019-03-06__08_02_26__baseline,44.8,1.50405339138006,24.214106179372827,False,actuator_controls_0
normal:land_detector_state_inversion__2019-03-06__08_02_26__baseline,45.6,1.2553780686717064,24.214106179372827,False,actuator_controls_0
normal:land_detector_state_inversion__2019-03-06__08_02_26__baseline,46.4,1.216900978021569,24.214106179372827,False,actuator_controls_0
normal:land_detector_state_inversion__2019-03-06__08_02_26__baseline,47.2,1.6714255987481965,24.214106179372827,False,actuator_controls_0
normal:land_detector_state_inversion__2019-03-06__08_02_26__baseline,48.0,2.1044108221193976,24.214106179372827,False,actuator_controls_0
normal:land_detector_state_inversion__2019-03-06__08_02_26__baseline,48.8,1.603140474716957,24.214106179372827,False,actuator_controls_0
normal:land_detector_state_inversion__2019-03-06__08_02_26__baseline,49.6,1.3508839650857596,24.214106179372827,False,sensor_combined
normal:land_detector_state_inversion__2019-03-06__08_02_26__baseline,50.4,1.6156139901117013,24.214106179372827,False,sensor_combined
normal:land_detector_state_inversion__2019-03-06__08_02_26__baseline,51.2,1.0544291207471048,24.214106179372827,False,sensor_combined
normal:land_detector_state_inversion__2019-03-06__08_02_26__baseline,52.0,1.3032935835321473,24.214106179372827,False,actuator_controls_0
normal:land_detector_state_inversion__2019-03-06__08_02_26__baseline,52.8,4.055590140036949,24.214106179372827,False,actuator_controls_0
normal:land_detector_state_inversion__2019-03-06__08_02_26__baseline,53.6,2.2283315658954232,24.214106179372827,False,actuator_controls_0
normal:land_detector_state_inversion__2019-03-06__08_02_26__baseline,54.4,1.4118671433987593,24.214106179372827,False,actuator_controls_0
normal:land_detector_state_inversion__2019-03-06__08_02_26__baseline,55.2,1.119463614261337,24.214106179372827,False,actuator_controls_0
normal:land_detector_state_inversion__2019-03-06__08_02_26__baseline,56.0,1.3458021119453092,24.214106179372827,False,sensor_combined
normal:land_detector_state_inversion__2019-03-06__08_02_26__baseline,56.8,2.1468682864157427,24.214106179372827,False,actuator_controls_0
normal:land_detector_state_inversion__2019-03-06__08_02_26__baseline,57.6,2.8047383007979905,24.214106179372827,False,actuator_controls_0
normal:land_detector_state_inversion__2019-03-06__08_02_26__baseline,58.4,2.030957455899408,24.214106179372827,False,sensor_combined
normal:land_detector_state_inversion__2019-03-06__08_02_26__baseline,59.2,1.886096774420389,24.214106179372827,False,sensor_combined
normal:land_detector_state_inversion__2019-03-06__08_02_26__baseline,60.0,1.7593837514496735,24.214106179372827,False,sensor_combined
normal:land_detector_state_inversion__2019-03-06__08_02_26__baseline,60.8,2.2588458874476127,24.214106179372827,False,actuator_controls_0
normal:land_detector_state_inversion__2019-03-06__08_02_26__baseline,61.6,1.2853502901603215,24.214106179372827,False,actuator_controls_0
normal:land_detector_state_inversion__2019-03-06__08_02_26__baseline,62.4,1.2171144657591555,24.214106179372827,False,actuator_controls_0
normal:land_detector_state_inversion__2019-03-06__08_02_26__baseline,63.2,1.6490775602882144,24.214106179372827,False,actuator_controls_0
normal:land_detector_state_inversion__2019-03-06__08_02_26__baseline,64.0,2.277784177881347,24.214106179372827,False,actuator_controls_0
normal:land_detector_state_inversion__2019-03-06__08_02_26__baseline,64.8,2.1260589450879315,24.214106179372827,False,sensor_combined
normal:land_detector_state_inversion__2019-03-06__08_02_26__baseline,65.6,2.250158806509525,24.214106179372827,False,sensor_combined
normal:land_detector_state_inversion__2019-03-06__08_02_26__baseline,66.4,2.8892204263804016,24.214106179372827,False,actuator_controls_0
normal:land_detector_state_inversion__2019-03-06__08_02_26__baseline,67.2,2.5367577551981544,24.214106179372827,False,sensor_combined
normal:land_detector_state_inversion__2019-03-06__08_02_26__baseline,68.0,2.6152513134888613,24.214106179372827,False,sensor_combined
normal:land_detector_state_inversion__2019-03-06__08_02_26__baseline,68.8,2.1799268585977183,24.214106179372827,False,sensor_combined
normal:land_detector_state_inversion__2019-03-06__08_02_26__baseline,69.6,1.9285561611507305,24.214106179372827,False,sensor_combined
normal:land_detector_state_inversion__2019-03-06__08_02_26__baseline,70.4,1.3991751603022866,24.214106179372827,False,sensor_combined
normal:land_detector_state_inversion__2019-03-06__08_02_26__baseline,71.2,1.2426586384437062,24.214106179372827,False,actuator_controls_0
normal:land_detector_state_inversion__2019-03-06__08_02_26__baseline,72.0,1.7735409495014272,24.214106179372827,False,actuator_controls_0
normal:land_detector_state_inversion__2019-03-06__08_02_26__baseline,72.8,1.107037726018482,24.214106179372827,False,sensor_combined
normal:land_detector_state_inversion__2019-03-06__08_02_26__baseline,73.6,1.3341981977429944,24.214106179372827,False,actuator_controls_0
normal:land_detector_state_inversion__2019-03-06__08_02_26__baseline,74.4,2.213582176405582,24.214106179372827,False,actuator_controls_0
normal:land_detector_state_inversion__2019-03-06__08_02_26__baseline,75.2,1.7651024183819384,24.214106179372827,False,vehicle_rates_setpoint
normal:land_detector_state_inversion__2019-03-06__08_02_26__baseline,76.0,1.7651024183819384,24.214106179372827,False,vehicle_rates_setpoint
normal:land_detector_state_inversion__2019-03-06__08_02_26__baseline,76.8,1.7651024183819384,24.214106179372827,False,vehicle_rates_setpoint
normal:land_detector_state_inversion__2019-03-06__08_02_26__baseline,77.6,1.7651024183819384,24.214106179372827,False,vehicle_rates_setpoint
normal:land_detector_state_inversion__2019-03-06__08_02_26__baseline,78.4,1.7651024183819384,24.214106179372827,False,vehicle_rates_setpoint
normal:land_detector_state_inversion__2019-03-06__08_02_26__baseline,79.2,1.7973275570839164,24.214106179372827,False,actuator_controls_0
normal:land_detector_state_inversion__2019-03-06__08_02_26__baseline,80.0,2.11450543641805,24.214106179372827,False,actuator_controls_0
normal:land_detector_state_inversion__2019-03-06__08_02_26__baseline,80.8,2.225023396874115,24.214106179372827,False,actuator_controls_0
normal:land_detector_state_inversion__2019-03-06__08_02_26__baseline,81.6,2.3515294786764427,24.214106179372827,False,actuator_controls_0
normal:land_detector_state_inversion__2019-03-06__08_02_26__baseline,82.4,2.3515294786764427,24.214106179372827,False,actuator_controls_0
normal:land_detector_state_inversion__2019-03-06__08_02_26__baseline,83.2,2.354761242964011,24.214106179372827,False,actuator_controls_0
normal:land_detector_state_inversion__2019-03-06__08_02_26__baseline,84.0,2.2666046140549168,24.214106179372827,False,actuator_controls_0
normal:land_detector_state_inversion__2019-03-06__08_02_26__baseline,84.8,1.762419667367028,24.214106179372827,False,actuator_controls_0
normal:land_detector_state_inversion__2019-03-06__08_02_26__baseline,85.6,1.9743208981923994,24.214106179372827,False,actuator_controls_0
normal:land_detector_state_inversion__2019-03-06__08_02_26__baseline,86.4,1.694425598144189,24.214106179372827,False,actuator_controls_0
normal:land_detector_state_inversion__2019-03-06__08_02_26__baseline,87.2,1.7160032146337911,24.214106179372827,False,actuator_controls_0
normal:land_detector_state_inversion__2019-03-06__08_02_26__baseline,88.0,1.8528519576983244,24.214106179372827,False,actuator_controls_0
normal:land_detector_state_inversion__2019-03-06__08_02_26__baseline,88.8,2.0404450627444466,24.214106179372827,False,actuator_controls_0
normal:land_detector_state_inversion__2019-03-06__08_02_26__baseline,89.6,2.0288969403188792,24.214106179372827,False,actuator_controls_0
normal:land_detector_state_inversion__2019-03-06__08_02_26__baseline,90.4,2.4318117898647875,24.214106179372827,False,actuator_controls_0
normal:land_detector_state_inversion__2019-03-06__08_02_26__baseline,91.2,2.665274177326772,24.214106179372827,False,actuator_controls_0
normal:land_detector_state_inversion__2019-03-06__08_02_26__baseline,92.0,2.3621980845872894,24.214106179372827,False,actuator_controls_0
normal:land_detector_state_inversion__2019-03-06__08_02_26__baseline,92.8,2.5592435430855267,24.214106179372827,False,actuator_controls_0
normal:land_detector_state_inversion__2019-03-06__08_02_26__baseline,93.6,3.088863496921364,24.214106179372827,False,actuator_controls_0
normal:land_detector_state_inversion__2019-03-06__08_02_26__baseline,94.4,9.502134865703873,24.214106179372827,False,actuator_controls_0
normal:land_detector_state_inversion__2019-03-06__08_02_26__baseline,95.2,9.502134865703873,24.214106179372827,False,actuator_controls_0
normal:land_detector_state_inversion__2019-03-06__08_02_26__baseline,96.0,9.502134865703873,24.214106179372827,False,actuator_controls_0
normal:land_detector_state_inversion__2019-03-06__08_02_26__baseline,96.8,16693.7353515625,24.214106179372827,False,vehicle_status
normal:land_detector_state_inversion__2019-03-06__08_02_26__baseline,97.6,9.502134865703873,24.214106179372827,False,actuator_controls_0
fault:commander_nav_state_override__2019-03-06__08_02_26__fault,9.6,3.701574323153041,24.214106179372827,False,sensor_combined
fault:commander_nav_state_override__2019-03-06__08_02_26__fault,10.4,3.6659724927790753,24.214106179372827,False,sensor_combined
fault:commander_nav_state_override__2019-03-06__08_02_26__fault,11.2,3.319904939466553,24.214106179372827,False,sensor_combined
fault:commander_nav_state_override__2019-03-06__08_02_26__fault,12.0,2.1906232462190265,24.214106179372827,False,sensor_combined
fault:commander_nav_state_override__2019-03-06__08_02_26__fault,12.8,1.799883053696571,24.214106179372827,False,sensor_combined
fault:commander_nav_state_override__2019-03-06__08_02_26__fault,13.6,1.8968757594542967,24.214106179372827,False,sensor_combined
fault:commander_nav_state_override__2019-03-06__08_02_26__fault,14.4,1.3147733428711277,24.214106179372827,False,sensor_combined
fault:commander_nav_state_override__2019-03-06__08_02_26__fault,15.2,1.1075872853764481,24.214106179372827,False,sensor_combined
fault:commander_nav_state_override__2019-03-06__08_02_26__fault,16.0,2.0042531984181107,24.214106179372827,False,actuator_controls_0
fault:commander_nav_state_override__2019-03-06__08_02_26__fault,16.8,1.1288213584834914,24.214106179372827,False,sensor_combined
fault:commander_nav_state_override__2019-03-06__08_02_26__fault,17.6,1.3425943825273006,24.214106179372827,False,sensor_combined
fault:commander_nav_state_override__2019-03-06__08_02_26__fault,18.4,1.4773223643109406,24.214106179372827,False,sensor_combined
fault:commander_nav_state_override__2019-03-06__08_02_26__fault,19.2,1.6483849272627593,24.214106179372827,False,sensor_combined
fault:commander_nav_state_override__2019-03-06__08_02_26__fault,20.0,1.536894228194765,24.214106179372827,False,sensor_combined
fault:commander_nav_state_override__2019-03-06__08_02_26__fault,20.8,1.701448621967028,24.214106179372827,False,sensor_combined
fault:commander_nav_state_override__2019-03-06__08_02_26__fault,21.6,1.218308620096133,24.214106179372827,False,sensor_combined
fault:commander_nav_state_override__2019-03-06__08_02_26__fault,22.4,1.2126948264601274,24.214106179372827,False,sensor_combined
fault:commander_nav_state_override__2019-03-06__08_02_26__fault,23.2,1.4695091443289656,24.214106179372827,False,sensor_combined
fault:commander_nav_state_override__2019-03-06__08_02_26__fault,24.0,1.3388145059412526,24.214106179372827,False,sensor_combined
fault:commander_nav_state_override__2019-03-06__08_02_26__fault,24.8,1.4626170184205343,24.214106179372827,False,sensor_combined
fault:commander_nav_state_override__2019-03-06__08_02_26__fault,25.6,1.4284196287302866,24.214106179372827,False,sensor_combined
fault:commander_nav_state_override__2019-03-06__08_02_26__fault,26.4,1.3728314128353014,24.214106179372827,False,vehicle_attitude
fault:commander_nav_state_override__2019-03-06__08_02_26__fault,27.2,1.3517502783912692,24.214106179372827,False,sensor_combined
fault:commander_nav_state_override__2019-03-06__08_02_26__fault,28.0,1.5408724875469657,24.214106179372827,False,sensor_combined
fault:commander_nav_state_override__2019-03-06__08_02_26__fault,28.8,1.4787616015262535,24.214106179372827,False,sensor_combined
fault:commander_nav_state_override__2019-03-06__08_02_26__fault,29.6,24.741075038909912,24.214106179372827,False,vehicle_status
fault:commander_nav_state_override__2019-03-06__08_02_26__fault,30.4,65.4560375213623,24.214106179372827,False,vehicle_status
fault:commander_nav_state_override__2019-03-06__08_02_26__fault,31.2,65.4560375213623,24.214106179372827,True,vehicle_status
fault:commander_nav_state_override__2019-03-06__08_02_26__fault,32.0,65.4560375213623,24.214106179372827,True,vehicle_status
fault:commander_nav_state_override__2019-03-06__08_02_26__fault,32.8,65.4560375213623,24.214106179372827,True,vehicle_status
fault:commander_nav_state_override__2019-03-06__08_02_26__fault,33.6,65.4560375213623,24.214106179372827,True,vehicle_status
fault:commander_nav_state_override__2019-03-06__08_02_26__fault,34.4,65.4560375213623,24.214106179372827,True,vehicle_status
fault:commander_nav_state_override__2019-03-06__08_02_26__fault,35.2,65.4560375213623,24.214106179372827,True,vehicle_status
fault:commander_nav_state_override__2019-03-06__08_02_26__fault,36.0,65.4560375213623,24.214106179372827,True,vehicle_status
fault:commander_nav_state_override__2019-03-06__08_02_26__fault,36.8,65.4560375213623,24.214106179372827,True,vehicle_status
fault:commander_nav_state_override__2019-03-06__08_02_26__fault,37.6,65.4560375213623,24.214106179372827,True,vehicle_status
fault:commander_nav_state_override__2019-03-06__08_02_26__fault,38.4,65.4560375213623,24.214106179372827,True,vehicle_status
fault:commander_nav_state_override__2019-03-06__08_02_26__fault,39.2,65.4560375213623,24.214106179372827,True,vehicle_status
fault:commander_nav_state_override__2019-03-06__08_02_26__fault,40.0,65.4560375213623,24.214106179372827,True,vehicle_status
fault:commander_nav_state_override__2019-03-06__08_02_26__fault,40.8,65.4560375213623,24.214106179372827,True,vehicle_status
fault:commander_nav_state_override__2019-03-06__08_02_26__fault,41.6,65.4560375213623,24.214106179372827,True,vehicle_status
fault:commander_nav_state_override__2019-03-06__08_02_26__fault,42.4,65.4560375213623,24.214106179372827,True,vehicle_status
fault:commander_nav_state_override__2019-03-06__08_02_26__fault,43.2,65.4560375213623,24.214106179372827,True,vehicle_status
fault:commander_nav_state_override__2019-03-06__08_02_26__fault,44.0,65.4560375213623,24.214106179372827,True,vehicle_status
fault:commander_nav_state_override__2019-03-06__08_02_26__fault,44.8,65.4560375213623,24.214106179372827,True,vehicle_status
fault:commander_nav_state_override__2019-03-06__08_02_26__fault,45.6,65.4560375213623,24.214106179372827,True,vehicle_status
fault:commander_nav_state_override__2019-03-06__08_02_26__fault,46.4,65.4560375213623,24.214106179372827,True,vehicle_status
fault:commander_nav_state_override__2019-03-06__08_02_26__fault,47.2,65.4560375213623,24.214106179372827,True,vehicle_status
fault:commander_nav_state_override__2019-03-06__08_02_26__fault,48.0,65.4560375213623,24.214106179372827,True,vehicle_status
fault:commander_nav_state_override__2019-03-06__08_02_26__fault,48.8,65.4560375213623,24.214106179372827,True,vehicle_status
fault:commander_nav_state_override__2019-03-06__08_02_26__fault,49.6,65.4560375213623,24.214106179372827,True,vehicle_status
fault:commander_nav_state_override__2019-03-06__08_02_26__fault,50.4,65.4560375213623,24.214106179372827,True,vehicle_status
fault:commander_nav_state_override__2019-03-06__08_02_26__fault,51.2,65.4560375213623,24.214106179372827,True,vehicle_status
fault:commander_nav_state_override__2019-03-06__08_02_26__fault,52.0,65.4560375213623,24.214106179372827,True,vehicle_status
fault:commander_nav_state_override__2019-03-06__08_02_26__fault,52.8,65.4560375213623,24.214106179372827,True,vehicle_status
fault:commander_nav_state_override__2019-03-06__08_02_26__fault,53.6,65.4560375213623,24.214106179372827,True,vehicle_status
fault:commander_nav_state_override__2019-03-06__08_02_26__fault,54.4,65.4560375213623,24.214106179372827,True,vehicle_status
fault:commander_nav_state_override__2019-03-06__08_02_26__fault,55.2,65.4560375213623,24.214106179372827,True,vehicle_status
fault:commander_nav_state_override__2019-03-06__08_02_26__fault,56.0,65.4560375213623,24.214106179372827,True,vehicle_status
fault:commander_nav_state_override__2019-03-06__08_02_26__fault,56.8,65.4560375213623,24.214106179372827,True,vehicle_status
fault:commander_nav_state_override__2019-03-06__08_02_26__fault,57.6,65.4560375213623,24.214106179372827,True,vehicle_status
fault:commander_nav_state_override__2019-03-06__08_02_26__fault,58.4,65.4560375213623,24.214106179372827,True,vehicle_status
fault:commander_nav_state_override__2019-03-06__08_02_26__fault,59.2,65.4560375213623,24.214106179372827,True,vehicle_status
fault:commander_nav_state_override__2019-03-06__08_02_26__fault,60.0,65.4560375213623,24.214106179372827,True,vehicle_status
fault:commander_nav_state_override__2019-03-06__08_02_26__fault,60.8,65.4560375213623,24.214106179372827,True,vehicle_status
fault:commander_nav_state_override__2019-03-06__08_02_26__fault,61.6,65.4560375213623,24.214106179372827,True,vehicle_status
fault:commander_nav_state_override__2019-03-06__08_02_26__fault,62.4,65.4560375213623,24.214106179372827,True,vehicle_status
fault:commander_nav_state_override__2019-03-06__08_02_26__fault,63.2,65.4560375213623,24.214106179372827,True,vehicle_status
fault:commander_nav_state_override__2019-03-06__08_02_26__fault,64.0,65.4560375213623,24.214106179372827,True,vehicle_status
fault:commander_nav_state_override__2019-03-06__08_02_26__fault,64.8,65.4560375213623,24.214106179372827,True,vehicle_status
fault:commander_nav_state_override__2019-03-06__08_02_26__fault,65.6,65.4560375213623,24.214106179372827,True,vehicle_status
fault:commander_nav_state_override__2019-03-06__08_02_26__fault,66.4,65.4560375213623,24.214106179372827,True,vehicle_status
fault:commander_nav_state_override__2019-03-06__08_02_26__fault,67.2,65.4560375213623,24.214106179372827,True,vehicle_status
fault:commander_nav_state_override__2019-03-06__08_02_26__fault,68.0,65.4560375213623,24.214106179372827,True,vehicle_status
fault:commander_nav_state_override__2019-03-06__08_02_26__fault,68.8,65.4560375213623,24.214106179372827,True,vehicle_status
fault:commander_nav_state_override__2019-03-06__08_02_26__fault,69.6,65.4560375213623,24.214106179372827,True,vehicle_status
fault:commander_nav_state_override__2019-03-06__08_02_26__fault,70.4,65.4560375213623,24.214106179372827,True,vehicle_status
fault:commander_nav_state_override__2019-03-06__08_02_26__fault,71.2,65.4560375213623,24.214106179372827,True,vehicle_status
fault:commander_nav_state_override__2019-03-06__08_02_26__fault,72.0,65.4560375213623,24.214106179372827,True,vehicle_status
fault:commander_nav_state_override__2019-03-06__08_02_26__fault,72.8,65.4560375213623,24.214106179372827,True,vehicle_status
fault:commander_nav_state_override__2019-03-06__08_02_26__fault,73.6,65.4560375213623,24.214106179372827,True,vehicle_status
fault:commander_nav_state_override__2019-03-06__08_02_26__fault,74.4,65.4560375213623,24.214106179372827,True,vehicle_status
fault:commander_nav_state_override__2019-03-06__08_02_26__fault,75.2,65.4560375213623,24.214106179372827,True,vehicle_status
fault:commander_nav_state_override__2019-03-06__08_02_26__fault,76.0,65.4560375213623,24.214106179372827,True,vehicle_status
fault:commander_nav_state_override__2019-03-06__08_02_26__fault,76.8,65.4560375213623,24.214106179372827,True,vehicle_status
fault:commander_nav_state_override__2019-03-06__08_02_26__fault,77.6,65.4560375213623,24.214106179372827,True,vehicle_status
fault:commander_nav_state_override__2019-03-06__08_02_26__fault,78.4,65.4560375213623,24.214106179372827,True,vehicle_status
fault:commander_nav_state_override__2019-03-06__08_02_26__fault,79.2,65.4560375213623,24.214106179372827,True,vehicle_status
fault:commander_nav_state_override__2019-03-06__08_02_26__fault,80.0,65.4560375213623,24.214106179372827,True,vehicle_status
fault:commander_nav_state_override__2019-03-06__08_02_26__fault,80.8,65.4560375213623,24.214106179372827,True,vehicle_status
fault:commander_nav_state_override__2019-03-06__08_02_26__fault,81.6,65.4560375213623,24.214106179372827,True,vehicle_status
fault:commander_nav_state_override__2019-03-06__08_02_26__fault,82.4,65.4560375213623,24.214106179372827,True,vehicle_status
fault:commander_nav_state_override__2019-03-06__08_02_26__fault,83.2,65.4560375213623,24.214106179372827,True,vehicle_status
fault:commander_nav_state_override__2019-03-06__08_02_26__fault,84.0,65.4560375213623,24.214106179372827,True,vehicle_status
fault:commander_nav_state_override__2019-03-06__08_02_26__fault,84.8,65.10523319244385,24.214106179372827,True,vehicle_status
fault:commander_nav_state_override__2019-03-06__08_02_26__fault,85.6,10.909339189529419,24.214106179372827,False,vehicle_status
fault:commander_nav_state_override__2019-03-06__08_02_26__fault,86.4,10.909339189529419,24.214106179372827,False,vehicle_status
fault:commander_nav_state_override__2019-03-06__08_02_26__fault,87.2,10.909339189529419,24.214106179372827,False,vehicle_status
fault:commander_nav_state_override__2019-03-06__08_02_26__fault,88.0,10.909339189529419,24.214106179372827,False,vehicle_status
fault:commander_nav_state_override__2019-03-06__08_02_26__fault,88.8,10.909339189529419,24.214106179372827,False,vehicle_status
fault:commander_nav_state_override__2019-03-06__08_02_26__fault,89.6,10.909339189529419,24.214106179372827,False,vehicle_status
fault:commander_nav_state_override__2019-03-06__08_02_26__fault,90.4,10.909339189529419,24.214106179372827,False,vehicle_status
fault:commander_nav_state_override__2019-03-06__08_02_26__fault,91.2,10.909339189529419,24.214106179372827,False,vehicle_status
fault:commander_nav_state_override__2019-03-06__08_02_26__fault,92.0,10.909339189529419,24.214106179372827,False,vehicle_status
fault:commander_nav_state_override__2019-03-06__08_02_26__fault,92.8,10.909339189529419,24.214106179372827,False,vehicle_status
fault:commander_nav_state_override__2019-03-06__08_02_26__fault,93.6,10.909339189529419,24.214106179372827,False,vehicle_status
fault:commander_nav_state_override__2019-03-06__08_02_26__fault,94.4,10.909339189529419,24.214106179372827,False,vehicle_status
fault:commander_nav_state_override__2019-03-06__08_02_26__fault,95.2,10.909339189529419,24.214106179372827,False,vehicle_status
fault:commander_nav_state_override__2019-03-06__08_02_26__fault,96.0,10.909339189529419,24.214106179372827,False,vehicle_status
fault:ekf2_innovation_bias__2019-03-06__08_02_26__fault,9.6,10.032584367293984,24.214106179372827,False,vehicle_rates_setpoint
fault:ekf2_innovation_bias__2019-03-06__08_02_26__fault,10.4,5.698686737638165,24.214106179372827,False,vehicle_rates_setpoint
fault:ekf2_innovation_bias__2019-03-06__08_02_26__fault,11.2,1.9296594898184833,24.214106179372827,False,vehicle_attitude
fault:ekf2_innovation_bias__2019-03-06__08_02_26__fault,12.0,2.006948923874255,24.214106179372827,False,vehicle_attitude
fault:ekf2_innovation_bias__2019-03-06__08_02_26__fault,12.8,1.933797619995788,24.214106179372827,False,actuator_controls_0
fault:ekf2_innovation_bias__2019-03-06__08_02_26__fault,13.6,1.4845088487552676,24.214106179372827,False,vehicle_attitude
fault:ekf2_innovation_bias__2019-03-06__08_02_26__fault,14.4,2.972487745578804,24.214106179372827,False,actuator_controls_0
fault:ekf2_innovation_bias__2019-03-06__08_02_26__fault,15.2,2.5518899777543127,24.214106179372827,False,actuator_controls_0
fault:ekf2_innovation_bias__2019-03-06__08_02_26__fault,16.0,1.8223243452860358,24.214106179372827,False,vehicle_attitude
fault:ekf2_innovation_bias__2019-03-06__08_02_26__fault,16.8,1.5515225392654863,24.214106179372827,False,actuator_controls_0
fault:ekf2_innovation_bias__2019-03-06__08_02_26__fault,17.6,1.4234087878393866,24.214106179372827,False,sensor_combined
fault:ekf2_innovation_bias__2019-03-06__08_02_26__fault,18.4,1.7975000377523747,24.214106179372827,False,actuator_controls_0
fault:ekf2_innovation_bias__2019-03-06__08_02_26__fault,19.2,1.8387185461853721,24.214106179372827,False,vehicle_attitude
fault:ekf2_innovation_bias__2019-03-06__08_02_26__fault,20.0,2.2175496960321013,24.214106179372827,False,actuator_controls_0
fault:ekf2_innovation_bias__2019-03-06__08_02_26__fault,20.8,2.0727371703518696,24.214106179372827,False,actuator_controls_0
fault:ekf2_innovation_bias__2019-03-06__08_02_26__fault,21.6,1.8292475216099093,24.214106179372827,False,vehicle_attitude
fault:ekf2_innovation_bias__2019-03-06__08_02_26__fault,22.4,1.9247727397602956,24.214106179372827,False,actuator_controls_0
fault:ekf2_innovation_bias__2019-03-06__08_02_26__fault,23.2,1.9683369435789364,24.214106179372827,False,actuator_controls_0
fault:ekf2_innovation_bias__2019-03-06__08_02_26__fault,24.0,1.9683369435789364,24.214106179372827,False,actuator_controls_0
fault:ekf2_innovation_bias__2019-03-06__08_02_26__fault,24.8,1.9146123536138613,24.214106179372827,False,vehicle_attitude
fault:ekf2_innovation_bias__2019-03-06__08_02_26__fault,25.6,2.1369686277178355,24.214106179372827,False,vehicle_attitude
fault:ekf2_innovation_bias__2019-03-06__08_02_26__fault,26.4,2.2242303088573645,24.214106179372827,False,vehicle_attitude
fault:ekf2_innovation_bias__2019-03-06__08_02_26__fault,27.2,2.326981290118955,24.214106179372827,False,vehicle_attitude
fault:ekf2_innovation_bias__2019-03-06__08_02_26__fault,28.0,2.217384424997488,24.214106179372827,False,vehicle_attitude
fault:ekf2_innovation_bias__2019-03-06__08_02_26__fault,28.8,2.0913952708227224,24.214106179372827,False,actuator_controls_0
fault:ekf2_innovation_bias__2019-03-06__08_02_26__fault,29.6,2.213405737559643,24.214106179372827,False,actuator_controls_0
fault:ekf2_innovation_bias__2019-03-06__08_02_26__fault,30.4,1.3430168085476222,24.214106179372827,False,vehicle_attitude
fault:ekf2_innovation_bias__2019-03-06__08_02_26__fault,31.2,1116.3375067710876,24.214106179372827,False,vehicle_attitude
fault:ekf2_innovation_bias__2019-03-06__08_02_26__fault,32.0,1116.3375067710876,24.214106179372827,False,vehicle_attitude
fault:ekf2_innovation_bias__2019-03-06__08_02_26__fault,32.8,1116.3375067710876,24.214106179372827,True,vehicle_attitude
fault:ekf2_innovation_bias__2019-03-06__08_02_26__fault,33.6,1116.3375067710876,24.214106179372827,True,vehicle_attitude
fault:ekf2_innovation_bias__2019-03-06__08_02_26__fault,34.4,1116.3375067710876,24.214106179372827,True,vehicle_attitude
fault:ekf2_innovation_bias__2019-03-06__08_02_26__fault,35.2,1116.3375067710876,24.214106179372827,True,vehicle_attitude
fault:ekf2_innovation_bias__2019-03-06__08_02_26__fault,36.0,1157.2979950904846,24.214106179372827,True,vehicle_attitude
fault:ekf2_innovation_bias__2019-03-06__08_02_26__fault,36.8,1157.2979950904846,24.214106179372827,True,vehicle_attitude
fault:ekf2_innovation_bias__2019-03-06__08_02_26__fault,37.6,1157.2979950904846,24.214106179372827,True,vehicle_attitude
fault:ekf2_innovation_bias__2019-03-06__08_02_26__fault,38.4,1157.2979950904846,24.214106179372827,True,vehicle_attitude
fault:ekf2_innovation_bias__2019-03-06__08_02_26__fault,39.2,1157.2979950904846,24.214106179372827,True,vehicle_attitude
fault:ekf2_innovation_bias__2019-03-06__08_02_26__fault,40.0,1157.2979950904846,24.214106179372827,True,vehicle_attitude
fault:ekf2_innovation_bias__2019-03-06__08_02_26__fault,40.8,1157.2979950904846,24.214106179372827,True,vehicle_attitude
fault:ekf2_innovation_bias__2019-03-06__08_02_26__fault,41.6,1157.2979950904846,24.214106179372827,True,vehicle_attitude
fault:ekf2_innovation_bias__2019-03-06__08_02_26__fault,42.4,1157.2979950904846,24.214106179372827,True,vehicle_attitude
fault:ekf2_innovation_bias__2019-03-06__08_02_26__fault,43.2,1157.2979950904846,24.214106179372827,True,vehicle_attitude
fault:ekf2_innovation_bias__2019-03-06__08_02_26__fault,44.0,1157.2979950904846,24.214106179372827,True,vehicle_attitude
fault:ekf2_innovation_bias__2019-03-06__08_02_26__fault,44.8,1157.2979950904846,24.214106179372827,True,vehicle_attitude
fault:ekf2_innovation_bias__2019-03-06__08_02_26__fault,45.6,1157.2979950904846,24.214106179372827,True,vehicle_attitude
fault:ekf2_innovation_bias__2019-03-06__08_02_26__fault,46.4,1157.2979950904846,24.214106179372827,True,vehicle_attitude
fault:ekf2_innovation_bias__2019-03-06__08_02_26__fault,47.2,1157.2979950904846,24.214106179372827,True,vehicle_attitude
fault:ekf2_innovation_bias__2019-03-06__08_02_26__fault,48.0,1157.2979950904846,24.214106179372827,True,vehicle_attitude
fault:ekf2_innovation_bias__2019-03-06__08_02_26__fault,48.8,1157.2979950904846,24.214106179372827,True,vehicle_attitude
fault:ekf2_innovation_bias__2019-03-06__08_02_26__fault,49.6,1157.2979950904846,24.214106179372827,True,vehicle_attitude
fault:ekf2_innovation_bias__2019-03-06__08_02_26__fault,50.4,1157.2979950904846,24.214106179372827,True,vehicle_attitude
fault:ekf2_innovation_bias__2019-03-06__08_02_26__fault,51.2,1157.2979950904846,24.214106179372827,True,vehicle_attitude
fault:ekf2_innovation_bias__2019-03-06__08_02_26__fault,52.0,1157.2979950904846,24.214106179372827,True,vehicle_attitude
fault:ekf2_innovation_bias__2019-03-06__08_02_26__fault,52.8,1157.2979950904846,24.214106179372827,True,vehicle_attitude
fault:ekf2_innovation_bias__2019-03-06__08_02_26__fault,53.6,1157.2979950904846,24.214106179372827,True,vehicle_attitude
fault:ekf2_innovation_bias__2019-03-06__08_02_26__fault,54.4,1157.2979950904846,24.214106179372827,True,vehicle_attitude
fault:ekf2_innovation_bias__2019-03-06__08_02_26__fault,55.2,1157.2979950904846,24.214106179372827,True,vehicle_attitude
fault:ekf2_innovation_bias__2019-03-06__08_02_26__fault,56.0,1157.2979950904846,24.214106179372827,True,vehicle_attitude
fault:ekf2_innovation_bias__2019-03-06__08_02_26__fault,56.8,1157.2979950904846,24.214106179372827,True,vehicle_attitude
fault:ekf2_innovation_bias__2019-03-06__08_02_26__fault,57.6,1157.2979950904846,24.214106179372827,True,vehicle_attitude
fault:ekf2_innovation_bias__2019-03-06__08_02_26__fault,58.4,1157.2979950904846,24.214106179372827,True,vehicle_attitude
fault:ekf2_innovation_bias__2019-03-06__08_02_26__fault,59.2,1157.2979950904846,24.214106179372827,True,vehicle_attitude
fault:ekf2_innovation_bias__2019-03-06__08_02_26__fault,60.0,1157.2979950904846,24.214106179372827,True,vehicle_attitude
fault:ekf2_innovation_bias__2019-03-06__08_02_26__fault,60.8,1157.2979950904846,24.214106179372827,True,vehicle_attitude
fault:ekf2_innovation_bias__2019-03-06__08_02_26__fault,61.6,1157.2979950904846,24.214106179372827,True,vehicle_attitude
fault:ekf2_innovation_bias__2019-03-06__08_02_26__fault,62.4,1157.2979950904846,24.214106179372827,True,vehicle_attitude
fault:ekf2_innovation_bias__2019-03-06__08_02_26__fault,63.2,1157.2979950904846,24.214106179372827,True,vehicle_attitude
fault:ekf2_innovation_bias__2019-03-06__08_02_26__fault,64.0,1157.2979950904846,24.214106179372827,True,vehicle_attitude
fault:ekf2_innovation_bias__2019-03-06__08_02_26__fault,64.8,1157.2979950904846,24.214106179372827,True,vehicle_attitude
fault:ekf2_innovation_bias__2019-03-06__08_02_26__fault,65.6,1157.2979950904846,24.214106179372827,True,vehicle_attitude
fault:ekf2_innovation_bias__2019-03-06__08_02_26__fault,66.4,1157.2979950904846,24.214106179372827,True,vehicle_attitude
fault:ekf2_innovation_bias__2019-03-06__08_02_26__fault,67.2,1157.2979950904846,24.214106179372827,True,vehicle_attitude
fault:ekf2_innovation_bias__2019-03-06__08_02_26__fault,68.0,1157.2979950904846,24.214106179372827,True,vehicle_attitude
fault:ekf2_innovation_bias__2019-03-06__08_02_26__fault,68.8,1157.2979950904846,24.214106179372827,True,vehicle_attitude
fault:ekf2_innovation_bias__2019-03-06__08_02_26__fault,69.6,1157.2979950904846,24.214106179372827,True,vehicle_attitude
fault:ekf2_innovation_bias__2019-03-06__08_02_26__fault,70.4,1157.2979950904846,24.214106179372827,True,vehicle_attitude
fault:ekf2_innovation_bias__2019-03-06__08_02_26__fault,71.2,1157.2979950904846,24.214106179372827,True,vehicle_attitude
fault:ekf2_innovation_bias__2019-03-06__08_02_26__fault,72.0,1157.2979950904846,24.214106179372827,True,vehicle_attitude
fault:ekf2_innovation_bias__2019-03-06__08_02_26__fault,72.8,1157.2979950904846,24.214106179372827,True,vehicle_attitude
fault:ekf2_innovation_bias__2019-03-06__08_02_26__fault,73.6,1157.2979950904846,24.214106179372827,True,vehicle_attitude
fault:ekf2_innovation_bias__2019-03-06__08_02_26__fault,74.4,1157.2979950904846,24.214106179372827,True,vehicle_attitude
fault:ekf2_innovation_bias__2019-03-06__08_02_26__fault,75.2,1157.2979950904846,24.214106179372827,True,vehicle_attitude
fault:ekf2_innovation_bias__2019-03-06__08_02_26__fault,76.0,1157.2979950904846,24.214106179372827,True,vehicle_attitude
fault:ekf2_innovation_bias__2019-03-06__08_02_26__fault,76.8,1157.2979950904846,24.214106179372827,True,vehicle_attitude
fault:ekf2_innovation_bias__2019-03-06__08_02_26__fault,77.6,1157.2979950904846,24.214106179372827,True,vehicle_attitude
fault:ekf2_innovation_bias__2019-03-06__08_02_26__fault,78.4,1157.2979950904846,24.214106179372827,True,vehicle_attitude
fault:ekf2_innovation_bias__2019-03-06__08_02_26__fault,79.2,1157.2979950904846,24.214106179372827,True,vehicle_attitude
fault:ekf2_innovation_bias__2019-03-06__08_02_26__fault,80.0,1157.2979950904846,24.214106179372827,True,vehicle_attitude
fault:ekf2_innovation_bias__2019-03-06__08_02_26__fault,80.8,1157.2979950904846,24.214106179372827,True,vehicle_attitude
fault:ekf2_innovation_bias__2019-03-06__08_02_26__fault,81.6,1157.2979950904846,24.214106179372827,True,vehicle_attitude
fault:ekf2_innovation_bias__2019-03-06__08_02_26__fault,82.4,1157.2979950904846,24.214106179372827,True,vehicle_attitude
fault:ekf2_innovation_bias__2019-03-06__08_02_26__fault,83.2,1157.2979950904846,24.214106179372827,True,vehicle_attitude
fault:ekf2_innovation_bias__2019-03-06__08_02_26__fault,84.0,1157.2979950904846,24.214106179372827,True,vehicle_attitude
fault:ekf2_innovation_bias__2019-03-06__08_02_26__fault,84.8,1157.2979950904846,24.214106179372827,True,vehicle_attitude
fault:ekf2_innovation_bias__2019-03-06__08_02_26__fault,85.6,1157.2979950904846,24.214106179372827,True,vehicle_attitude
fault:ekf2_innovation_bias__2019-03-06__08_02_26__fault,86.4,1157.2979950904846,24.214106179372827,True,vehicle_attitude
fault:ekf2_innovation_bias__2019-03-06__08_02_26__fault,87.2,1157.2979950904846,24.214106179372827,True,vehicle_attitude
fault:ekf2_innovation_bias__2019-03-06__08_02_26__fault,88.0,1157.2979950904846,24.214106179372827,True,vehicle_attitude
fault:ekf2_innovation_bias__2019-03-06__08_02_26__fault,88.8,1157.2979950904846,24.214106179372827,True,vehicle_attitude
fault:ekf2_innovation_bias__2019-03-06__08_02_26__fault,89.6,1157.2979950904846,24.214106179372827,True,vehicle_attitude
fault:ekf2_innovation_bias__2019-03-06__08_02_26__fault,90.4,1157.2979950904846,24.214106179372827,True,vehicle_attitude
fault:ekf2_innovation_bias__2019-03-06__08_02_26__fault,91.2,1157.2979950904846,24.214106179372827,True,vehicle_attitude
fault:ekf2_innovation_bias__2019-03-06__08_02_26__fault,92.0,1157.2979950904846,24.214106179372827,True,vehicle_attitude
fault:ekf2_innovation_bias__2019-03-06__08_02_26__fault,92.8,1157.2979950904846,24.214106179372827,True,vehicle_attitude
fault:ekf2_innovation_bias__2019-03-06__08_02_26__fault,93.6,1157.2979950904846,24.214106179372827,True,vehicle_attitude
fault:ekf2_innovation_bias__2019-03-06__08_02_26__fault,94.4,1157.2979950904846,24.214106179372827,True,vehicle_attitude
fault:ekf2_innovation_bias__2019-03-06__08_02_26__fault,95.2,1157.2979950904846,24.214106179372827,True,vehicle_attitude
fault:ekf2_innovation_bias__2019-03-06__08_02_26__fault,96.0,1157.2979950904846,24.214106179372827,True,vehicle_attitude
fault:inav_local_z_freeze__2019-03-06__08_02_26__fault,9.6,2.294639539507565,24.214106179372827,False,estimator_status
fault:inav_local_z_freeze__2019-03-06__08_02_26__fault,10.4,2.294639539507565,24.214106179372827,False,estimator_status
fault:inav_local_z_freeze__2019-03-06__08_02_26__fault,11.2,2.470130747507012,24.214106179372827,False,sensor_combined
fault:inav_local_z_freeze__2019-03-06__08_02_26__fault,12.0,2.1704219957192197,24.214106179372827,False,sensor_combined
fault:inav_local_z_freeze__2019-03-06__08_02_26__fault,12.8,2.1600007095548475,24.214106179372827,False,sensor_combined
fault:inav_local_z_freeze__2019-03-06__08_02_26__fault,13.6,2.03324204328946,24.214106179372827,False,sensor_combined
fault:inav_local_z_freeze__2019-03-06__08_02_26__fault,14.4,1.5774076862830637,24.214106179372827,False,sensor_combined
fault:inav_local_z_freeze__2019-03-06__08_02_26__fault,15.2,1.2547695811605422,24.214106179372827,False,vehicle_rates_setpoint
fault:inav_local_z_freeze__2019-03-06__08_02_26__fault,16.0,2.0494235294670546,24.214106179372827,False,actuator_controls_0
fault:inav_local_z_freeze__2019-03-06__08_02_26__fault,16.8,1.5636175207682828,24.214106179372827,False,sensor_combined
fault:inav_local_z_freeze__2019-03-06__08_02_26__fault,17.6,1.4858102560140034,24.214106179372827,False,sensor_combined
fault:inav_local_z_freeze__2019-03-06__08_02_26__fault,18.4,1.5496064566172782,24.214106179372827,False,sensor_combined
fault:inav_local_z_freeze__2019-03-06__08_02_26__fault,19.2,1.2958025177263681,24.214106179372827,False,sensor_combined
fault:inav_local_z_freeze__2019-03-06__08_02_26__fault,20.0,0.9956626956650108,24.214106179372827,False,sensor_combined
fault:inav_local_z_freeze__2019-03-06__08_02_26__fault,20.8,1.7333115795199423,24.214106179372827,False,sensor_combined
fault:inav_local_z_freeze__2019-03-06__08_02_26__fault,21.6,1.2555064428401868,24.214106179372827,False,vehicle_rates_setpoint
fault:inav_local_z_freeze__2019-03-06__08_02_26__fault,22.4,1.3214793321273002,24.214106179372827,False,sensor_combined
fault:inav_local_z_freeze__2019-03-06__08_02_26__fault,23.2,1.4835280940328968,24.214106179372827,False,sensor_combined
fault:inav_local_z_freeze__2019-03-06__08_02_26__fault,24.0,1.6818815228204824,24.214106179372827,False,sensor_combined
fault:inav_local_z_freeze__2019-03-06__08_02_26__fault,24.8,2.002381588925679,24.214106179372827,False,sensor_combined
fault:inav_local_z_freeze__2019-03-06__08_02_26__fault,25.6,2.221921113864681,24.214106179372827,False,sensor_combined
fault:inav_local_z_freeze__2019-03-06__08_02_26__fault,26.4,2.0721882261577025,24.214106179372827,False,sensor_combined
fault:inav_local_z_freeze__2019-03-06__08_02_26__fault,27.2,1.6830689681174729,24.214106179372827,False,sensor_combined
fault:inav_local_z_freeze__2019-03-06__08_02_26__fault,28.0,1.7262984294894295,24.214106179372827,False,sensor_combined
fault:inav_local_z_freeze__2019-03-06__08_02_26__fault,28.8,1.262216932534427,24.214106179372827,False,sensor_combined
fault:inav_local_z_freeze__2019-03-06__08_02_26__fault,29.6,1.7997602195807667,24.214106179372827,False,sensor_combined
fault:inav_local_z_freeze__2019-03-06__08_02_26__fault,30.4,1.6197188875433728,24.214106179372827,False,sensor_combined
fault:inav_local_z_freeze__2019-03-06__08_02_26__fault,31.2,1.3606265857483457,24.214106179372827,False,sensor_combined
fault:inav_local_z_freeze__2019-03-06__08_02_26__fault,32.0,1.239257391659123,24.214106179372827,False,sensor_combined
fault:inav_local_z_freeze__2019-03-06__08_02_26__fault,32.8,1.479524548920948,24.214106179372827,False,sensor_combined
fault:inav_local_z_freeze__2019-03-06__08_02_26__fault,33.6,1.6249973541533744,24.214106179372827,False,sensor_combined
fault:inav_local_z_freeze__2019-03-06__08_02_26__fault,34.4,2.11316952048245,24.214106179372827,False,sensor_combined
fault:inav_local_z_freeze__2019-03-06__08_02_26__fault,35.2,2.0869175735620957,24.214106179372827,False,sensor_combined
fault:inav_local_z_freeze__2019-03-06__08_02_26__fault,36.0,1.8582646421152258,24.214106179372827,False,sensor_combined
fault:inav_local_z_freeze__2019-03-06__08_02_26__fault,36.8,1.7769916168952113,24.214106179372827,False,sensor_combined
fault:inav_local_z_freeze__2019-03-06__08_02_26__fault,37.6,1.3777244874608612,24.214106179372827,False,sensor_combined
fault:inav_local_z_freeze__2019-03-06__08_02_26__fault,38.4,1.2280490960439143,24.214106179372827,False,sensor_combined
fault:inav_local_z_freeze__2019-03-06__08_02_26__fault,39.2,1.253482232241245,24.214106179372827,False,sensor_combined
fault:inav_local_z_freeze__2019-03-06__08_02_26__fault,40.0,1.402292948864875,24.214106179372827,False,sensor_combined
fault:inav_local_z_freeze__2019-03-06__08_02_26__fault,40.8,1.6719568510963516,24.214106179372827,False,sensor_combined
fault:inav_local_z_freeze__2019-03-06__08_02_26__fault,41.6,1.5976166725158691,24.214106179372827,False,vehicle_local_position
fault:inav_local_z_freeze__2019-03-06__08_02_26__fault,42.4,3.4897083044052124,24.214106179372827,False,vehicle_local_position
fault:inav_local_z_freeze__2019-03-06__08_02_26__fault,43.2,19.765018319335468,24.214106179372827,False,vehicle_local_position
fault:inav_local_z_freeze__2019-03-06__08_02_26__fault,44.0,19.90325460359145,24.214106179372827,False,vehicle_local_position
fault:inav_local_z_freeze__2019-03-06__08_02_26__fault,44.8,19.95008716508437,24.214106179372827,False,vehicle_local_position
fault:inav_local_z_freeze__2019-03-06__08_02_26__fault,45.6,19.970957135406024,24.214106179372827,False,vehicle_local_position
fault:inav_local_z_freeze__2019-03-06__08_02_26__fault,46.4,19.980836009231098,24.214106179372827,False,vehicle_local_position
fault:inav_local_z_freeze__2019-03-06__08_02_26__fault,47.2,19.984179829802997,24.214106179372827,False,vehicle_local_position
fault:inav_local_z_freeze__2019-03-06__08_02_26__fault,48.0,19.986890649047382,24.214106179372827,False,vehicle_local_position
fault:inav_local_z_freeze__2019-03-06__08_02_26__fault,48.8,19.988553618636615,24.214106179372827,False,vehicle_local_position
fault:inav_local_z_freeze__2019-03-06__08_02_26__fault,49.6,19.988529776778705,24.214106179372827,False,vehicle_local_position
fault:inav_local_z_freeze__2019-03-06__08_02_26__fault,50.4,19.98744616433669,24.214106179372827,False,vehicle_local_position
fault:inav_local_z_freeze__2019-03-06__08_02_26__fault,51.2,19.987192248549945,24.214106179372827,False,vehicle_local_position
fault:inav_local_z_freeze__2019-03-06__08_02_26__fault,52.0,19.985141848769672,24.214106179372827,False,vehicle_local_position
fault:inav_local_z_freeze__2019-03-06__08_02_26__fault,52.8,19.980212544646747,24.214106179372827,False,vehicle_local_position
fault:inav_local_z_freeze__2019-03-06__08_02_26__fault,53.6,19.97366795465041,24.214106179372827,False,vehicle_local_position
fault:inav_local_z_freeze__2019-03-06__08_02_26__fault,54.4,19.960979317870624,24.214106179372827,False,vehicle_local_position
fault:inav_local_z_freeze__2019-03-06__08_02_26__fault,55.2,19.92815146371413,24.214106179372827,False,vehicle_local_position
fault:inav_local_z_freeze__2019-03-06__08_02_26__fault,56.0,19.858667945113666,24.214106179372827,False,vehicle_local_position
fault:inav_local_z_freeze__2019-03-06__08_02_26__fault,56.8,19.72487220689345,24.214106179372827,False,vehicle_local_position
fault:inav_local_z_freeze__2019-03-06__08_02_26__fault,57.6,19.19900665208388,24.214106179372827,False,vehicle_local_position
fault:inav_local_z_freeze__2019-03-06__08_02_26__fault,58.4,18.96679768487502,24.214106179372827,False,vehicle_local_position
fault:inav_local_z_freeze__2019-03-06__08_02_26__fault,59.2,19.33358440324355,24.214106179372827,False,vehicle_local_position
fault:inav_local_z_freeze__2019-03-06__08_02_26__fault,60.0,19.3878389351039,24.214106179372827,False,vehicle_local_position
fault:inav_local_z_freeze__2019-03-06__08_02_26__fault,60.8,19.271476363387592,24.214106179372827,False,vehicle_local_position
fault:inav_local_z_freeze__2019-03-06__08_02_26__fault,61.6,19.06581768914748,24.214106179372827,False,vehicle_local_position
fault:inav_local_z_freeze__2019-03-06__08_02_26__fault,62.4,18.9950383655696,24.214106179372827,False,vehicle_local_position
fault:inav_local_z_freeze__2019-03-06__08_02_26__fault,63.2,19.128316735473163,24.214106179372827,False,vehicle_local_position
fault:inav_local_z_freeze__2019-03-06__08_02_26__fault,64.0,19.216699694839008,24.214106179372827,False,vehicle_local_position
fault:inav_local_z_freeze__2019-03-06__08_02_26__fault,64.8,19.221370314803607,24.214106179372827,False,vehicle_local_position
fault:inav_local_z_freeze__2019-03-06__08_02_26__fault,65.6,19.24795994683791,24.214106179372827,False,vehicle_local_position
fault:inav_local_z_freeze__2019-03-06__08_02_26__fault,66.4,19.272756671157367,24.214106179372827,False,vehicle_local_position
fault:inav_local_z_freeze__2019-03-06__08_02_26__fault,67.2,19.26475772782851,24.214106179372827,False,vehicle_local_position
fault:inav_local_z_freeze__2019-03-06__08_02_26__fault,68.0,19.31104907914687,24.214106179372827,False,vehicle_local_position
fault:inav_local_z_freeze__2019-03-06__08_02_26__fault,68.8,18.966719006743915,24.214106179372827,False,vehicle_local_position
fault:inav_local_z_freeze__2019-03-06__08_02_26__fault,69.6,18.79161775112152,24.214106179372827,False,vehicle_local_position
fault:inav_local_z_freeze__2019-03-06__08_02_26__fault,70.4,18.79161775112152,24.214106179372827,False,vehicle_local_position
fault:inav_local_z_freeze__2019-03-06__08_02_26__fault,71.2,18.72786045074463,24.214106179372827,False,vehicle_local_position
fault:inav_local_z_freeze__2019-03-06__08_02_26__fault,72.0,18.473950028419495,24.214106179372827,False,vehicle_local_position
fault:inav_local_z_freeze__2019-03-06__08_02_26__fault,72.8,19.110878800597675,24.214106179372827,False,vehicle_local_position
fault:inav_local_z_freeze__2019-03-06__08_02_26__fault,73.6,19.835043048110492,24.214106179372827,False,vehicle_local_position
fault:inav_local_z_freeze__2019-03-06__08_02_26__fault,74.4,19.915101622787006,24.214106179372827,False,vehicle_local_position
fault:inav_local_z_freeze__2019-03-06__08_02_26__fault,75.2,19.94019637033034,24.214106179372827,False,vehicle_local_position
fault:inav_local_z_freeze__2019-03-06__08_02_26__fault,76.0,19.928416108336933,24.214106179372827,False,vehicle_local_position
fault:inav_local_z_freeze__2019-03-06__08_02_26__fault,76.8,19.893719052520282,24.214106179372827,False,vehicle_local_position
fault:inav_local_z_freeze__2019-03-06__08_02_26__fault,77.6,19.89325294419814,24.214106179372827,False,vehicle_local_position
fault:inav_local_z_freeze__2019-03-06__08_02_26__fault,78.4,19.85688338204909,24.214106179372827,False,vehicle_local_position
fault:inav_local_z_freeze__2019-03-06__08_02_26__fault,79.2,19.85473642274428,24.214106179372827,False,vehicle_local_position
fault:inav_local_z_freeze__2019-03-06__08_02_26__fault,80.0,19.921656941619403,24.214106179372827,False,vehicle_local_position
fault:inav_local_z_freeze__2019-03-06__08_02_26__fault,80.8,19.95582709237624,24.214106179372827,False,vehicle_local_position
fault:inav_local_z_freeze__2019-03-06__08_02_26__fault,81.6,21.370065212249756,24.214106179372827,False,vehicle_local_position
fault:inav_local_z_freeze__2019-03-06__08_02_26__fault,82.4,23.143916130065918,24.214106179372827,False,vehicle_local_position
fault:inav_local_z_freeze__2019-03-06__08_02_26__fault,83.2,25.169525146484375,24.214106179372827,False,vehicle_local_position
fault:inav_local_z_freeze__2019-03-06__08_02_26__fault,84.0,28.04676055908203,24.214106179372827,False,vehicle_local_position
fault:inav_local_z_freeze__2019-03-06__08_02_26__fault,84.8,28.194403648376465,24.214106179372827,True,vehicle_local_position
fault:inav_local_z_freeze__2019-03-06__08_02_26__fault,85.6,28.194403648376465,24.214106179372827,True,vehicle_local_position
fault:inav_local_z_freeze__2019-03-06__08_02_26__fault,86.4,28.194403648376465,24.214106179372827,True,vehicle_local_position
fault:inav_local_z_freeze__2019-03-06__08_02_26__fault,87.2,27.368555068969727,24.214106179372827,True,vehicle_local_position
fault:inav_local_z_freeze__2019-03-06__08_02_26__fault,88.0,25.570039749145508,24.214106179372827,True,vehicle_local_position
fault:inav_local_z_freeze__2019-03-06__08_02_26__fault,88.8,21.909732818603516,24.214106179372827,False,vehicle_local_position
fault:inav_local_z_freeze__2019-03-06__08_02_26__fault,89.6,20.360610485076904,24.214106179372827,False,vehicle_local_position
fault:inav_local_z_freeze__2019-03-06__08_02_26__fault,90.4,19.955401515212543,24.214106179372827,False,vehicle_local_position
fault:inav_local_z_freeze__2019-03-06__08_02_26__fault,91.2,20.8900785446167,24.214106179372827,False,vehicle_local_position
fault:inav_local_z_freeze__2019-03-06__08_02_26__fault,92.0,22.0447039604187,24.214106179372827,False,vehicle_local_position
fault:inav_local_z_freeze__2019-03-06__08_02_26__fault,92.8,22.0447039604187,24.214106179372827,False,vehicle_local_position
fault:inav_local_z_freeze__2019-03-06__08_02_26__fault,93.6,22.0447039604187,24.214106179372827,False,vehicle_local_position
fault:inav_local_z_freeze__2019-03-06__08_02_26__fault,94.4,25.06239652633667,24.214106179372827,False,vehicle_local_position
fault:inav_local_z_freeze__2019-03-06__08_02_26__fault,95.2,25.224332809448242,24.214106179372827,False,vehicle_local_position
fault:inav_local_z_freeze__2019-03-06__08_02_26__fault,96.0,25.224332809448242,24.214106179372827,True,vehicle_local_position
fault:inav_local_z_freeze__2019-03-06__08_02_26__fault,96.8,10998.91357421875,24.214106179372827,True,vehicle_status
fault:inav_local_z_freeze__2019-03-06__08_02_26__fault,97.6,45.44189453125,24.214106179372827,True,vehicle_status
fault:land_detector_state_inversion__2019-03-06__08_02_26__fault,9.6,1.2472706293771103,24.214106179372827,False,vehicle_local_position
fault:land_detector_state_inversion__2019-03-06__08_02_26__fault,10.4,1.4415983268863728,24.214106179372827,False,vehicle_rates_setpoint
fault:land_detector_state_inversion__2019-03-06__08_02_26__fault,11.2,1.6429485735746747,24.214106179372827,False,estimator_status
fault:land_detector_state_inversion__2019-03-06__08_02_26__fault,12.0,1.6329818698701757,24.214106179372827,False,sensor_combined
fault:land_detector_state_inversion__2019-03-06__08_02_26__fault,12.8,1.1913633346557617,24.214106179372827,False,vehicle_attitude_setpoint
fault:land_detector_state_inversion__2019-03-06__08_02_26__fault,13.6,1.3472181844079765,24.214106179372827,False,sensor_combined
fault:land_detector_state_inversion__2019-03-06__08_02_26__fault,14.4,1.4390352602962213,24.214106179372827,False,sensor_combined
fault:land_detector_state_inversion__2019-03-06__08_02_26__fault,15.2,1.1974973652941585,24.214106179372827,False,sensor_combined
fault:land_detector_state_inversion__2019-03-06__08_02_26__fault,16.0,1.5561752761784304,24.214106179372827,False,sensor_combined
fault:land_detector_state_inversion__2019-03-06__08_02_26__fault,16.8,1.9024417647973244,24.214106179372827,False,sensor_combined
fault:land_detector_state_inversion__2019-03-06__08_02_26__fault,17.6,1.6636407030750586,24.214106179372827,False,sensor_combined
fault:land_detector_state_inversion__2019-03-06__08_02_26__fault,18.4,1.3312362170839802,24.214106179372827,False,sensor_combined
fault:land_detector_state_inversion__2019-03-06__08_02_26__fault,19.2,1.5302287996612636,24.214106179372827,False,sensor_combined
fault:land_detector_state_inversion__2019-03-06__08_02_26__fault,20.0,1.2856088634920158,24.214106179372827,False,sensor_combined
fault:land_detector_state_inversion__2019-03-06__08_02_26__fault,20.8,1.422569075615396,24.214106179372827,False,sensor_combined
fault:land_detector_state_inversion__2019-03-06__08_02_26__fault,21.6,1.4170915190911555,24.214106179372827,False,vehicle_local_position
fault:land_detector_state_inversion__2019-03-06__08_02_26__fault,22.4,1.4170915190911555,24.214106179372827,False,vehicle_local_position
fault:land_detector_state_inversion__2019-03-06__08_02_26__fault,23.2,1.5017971547416915,24.214106179372827,False,sensor_combined
fault:land_detector_state_inversion__2019-03-06__08_02_26__fault,24.0,1.3296777055070037,24.214106179372827,False,vehicle_attitude
fault:land_detector_state_inversion__2019-03-06__08_02_26__fault,24.8,1.6161102536328384,24.214106179372827,False,vehicle_attitude
fault:land_detector_state_inversion__2019-03-06__08_02_26__fault,25.6,1.6657225664008841,24.214106179372827,False,vehicle_attitude
fault:land_detector_state_inversion__2019-03-06__08_02_26__fault,26.4,1.619217240389585,24.214106179372827,False,sensor_combined
fault:land_detector_state_inversion__2019-03-06__08_02_26__fault,27.2,1.1041498184204102,24.214106179372827,False,estimator_status
fault:land_detector_state_inversion__2019-03-06__08_02_26__fault,28.0,1.7391430386308273,24.214106179372827,False,vehicle_rates_setpoint
fault:land_detector_state_inversion__2019-03-06__08_02_26__fault,28.8,1.6641203419336088,24.214106179372827,False,vehicle_rates_setpoint
fault:land_detector_state_inversion__2019-03-06__08_02_26__fault,29.6,70.66502571105957,24.214106179372827,False,vehicle_land_detected
fault:land_detector_state_inversion__2019-03-06__08_02_26__fault,30.4,171.7647361755371,24.214106179372827,False,vehicle_land_detected
fault:land_detector_state_inversion__2019-03-06__08_02_26__fault,31.2,171.7647361755371,24.214106179372827,True,vehicle_land_detected
fault:land_detector_state_inversion__2019-03-06__08_02_26__fault,32.0,171.7647361755371,24.214106179372827,True,vehicle_land_detected
fault:land_detector_state_inversion__2019-03-06__08_02_26__fault,32.8,171.7647361755371,24.214106179372827,True,vehicle_land_detected
fault:land_detector_state_inversion__2019-03-06__08_02_26__fault,33.6,171.7647361755371,24.214106179372827,True,vehicle_land_detected
fault:land_detector_state_inversion__2019-03-06__08_02_26__fault,34.4,171.7647361755371,24.214106179372827,True,vehicle_land_detected
fault:land_detector_state_inversion__2019-03-06__08_02_26__fault,35.2,171.7647361755371,24.214106179372827,True,vehicle_land_detected
fault:land_detector_state_inversion__2019-03-06__08_02_26__fault,36.0,171.7647361755371,24.214106179372827,True,vehicle_land_detected
fault:land_detector_state_inversion__2019-03-06__08_02_26__fault,36.8,171.7647361755371,24.214106179372827,True,vehicle_land_detected
fault:land_detector_state_inversion__2019-03-06__08_02_26__fault,37.6,171.7647361755371,24.214106179372827,True,vehicle_land_detected
fault:land_detector_state_inversion__2019-03-06__08_02_26__fault,38.4,171.7647361755371,24.214106179372827,True,vehicle_land_detected
fault:land_detector_state_inversion__2019-03-06__08_02_26__fault,39.2,171.76472693681717,24.214106179372827,True,vehicle_land_detected
fault:land_detector_state_inversion__2019-03-06__08_02_26__fault,40.0,171.76484525203705,24.214106179372827,True,vehicle_land_detected
fault:land_detector_state_inversion__2019-03-06__08_02_26__fault,40.8,171.76484525203705,24.214106179372827,True,vehicle_land_detected
fault:land_detector_state_inversion__2019-03-06__08_02_26__fault,41.6,171.76484525203705,24.214106179372827,True,vehicle_land_detected
fault:land_detector_state_inversion__2019-03-06__08_02_26__fault,42.4,171.76484525203705,24.214106179372827,True,vehicle_land_detected
fault:land_detector_state_inversion__2019-03-06__08_02_26__fault,43.2,171.76484525203705,24.214106179372827,True,vehicle_land_detected
fault:land_detector_state_inversion__2019-03-06__08_02_26__fault,44.0,171.76484525203705,24.214106179372827,True,vehicle_land_detected
fault:land_detector_state_inversion__2019-03-06__08_02_26__fault,44.8,171.76484525203705,24.214106179372827,True,vehicle_land_detected
fault:land_detector_state_inversion__2019-03-06__08_02_26__fault,45.6,171.76484525203705,24.214106179372827,True,vehicle_land_detected
fault:land_detector_state_inversion__2019-03-06__08_02_26__fault,46.4,171.76484525203705,24.214106179372827,True,vehicle_land_detected
fault:land_detector_state_inversion__2019-03-06__08_02_26__fault,47.2,171.76484525203705,24.214106179372827,True,vehicle_land_detected
fault:land_detector_state_inversion__2019-03-06__08_02_26__fault,48.0,171.76484525203705,24.214106179372827,True,vehicle_land_detected
fault:land_detector_state_inversion__2019-03-06__08_02_26__fault,48.8,171.76484525203705,24.214106179372827,True,vehicle_land_detected
fault:land_detector_state_inversion__2019-03-06__08_02_26__fault,49.6,171.76484525203705,24.214106179372827,True,vehicle_land_detected
fault:land_detector_state_inversion__2019-03-06__08_02_26__fault,50.4,171.76484525203705,24.214106179372827,True,vehicle_land_detected
fault:land_detector_state_inversion__2019-03-06__08_02_26__fault,51.2,171.76484525203705,24.214106179372827,True,vehicle_land_detected
fault:land_detector_state_inversion__2019-03-06__08_02_26__fault,52.0,171.76484525203705,24.214106179372827,True,vehicle_land_detected
fault:land_detector_state_inversion__2019-03-06__08_02_26__fault,52.8,171.76484525203705,24.214106179372827,True,vehicle_land_detected
fault:land_detector_state_inversion__2019-03-06__08_02_26__fault,53.6,171.76484525203705,24.214106179372827,True,vehicle_land_detected
fault:land_detector_state_inversion__2019-03-06__08_02_26__fault,54.4,171.76484525203705,24.214106179372827,True,vehicle_land_detected
fault:land_detector_state_inversion__2019-03-06__08_02_26__fault,55.2,171.76484525203705,24.214106179372827,True,vehicle_land_detected
fault:land_detector_state_inversion__2019-03-06__08_02_26__fault,56.0,171.76484525203705,24.214106179372827,True,vehicle_land_detected
fault:land_detector_state_inversion__2019-03-06__08_02_26__fault,56.8,171.76484525203705,24.214106179372827,True,vehicle_land_detected
fault:land_detector_state_inversion__2019-03-06__08_02_26__fault,57.6,171.76484525203705,24.214106179372827,True,vehicle_land_detected
fault:land_detector_state_inversion__2019-03-06__08_02_26__fault,58.4,171.76484525203705,24.214106179372827,True,vehicle_land_detected
fault:land_detector_state_inversion__2019-03-06__08_02_26__fault,59.2,171.76484525203705,24.214106179372827,True,vehicle_land_detected
fault:land_detector_state_inversion__2019-03-06__08_02_26__fault,60.0,171.76484525203705,24.214106179372827,True,vehicle_land_detected
fault:land_detector_state_inversion__2019-03-06__08_02_26__fault,60.8,171.76484525203705,24.214106179372827,True,vehicle_land_detected
fault:land_detector_state_inversion__2019-03-06__08_02_26__fault,61.6,171.76484525203705,24.214106179372827,True,vehicle_land_detected
fault:land_detector_state_inversion__2019-03-06__08_02_26__fault,62.4,171.76484525203705,24.214106179372827,True,vehicle_land_detected
fault:land_detector_state_inversion__2019-03-06__08_02_26__fault,63.2,171.76484525203705,24.214106179372827,True,vehicle_land_detected
fault:land_detector_state_inversion__2019-03-06__08_02_26__fault,64.0,171.76484525203705,24.214106179372827,True,vehicle_land_detected
fault:land_detector_state_inversion__2019-03-06__08_02_26__fault,64.8,171.76484525203705,24.214106179372827,True,vehicle_land_detected
fault:land_detector_state_inversion__2019-03-06__08_02_26__fault,65.6,171.76484525203705,24.214106179372827,True,vehicle_land_detected
fault:land_detector_state_inversion__2019-03-06__08_02_26__fault,66.4,171.76484525203705,24.214106179372827,True,vehicle_land_detected
fault:land_detector_state_inversion__2019-03-06__08_02_26__fault,67.2,171.76484525203705,24.214106179372827,True,vehicle_land_detected
fault:land_detector_state_inversion__2019-03-06__08_02_26__fault,68.0,171.76484525203705,24.214106179372827,True,vehicle_land_detected
fault:land_detector_state_inversion__2019-03-06__08_02_26__fault,68.8,171.76484525203705,24.214106179372827,True,vehicle_land_detected
fault:land_detector_state_inversion__2019-03-06__08_02_26__fault,69.6,171.76484525203705,24.214106179372827,True,vehicle_land_detected
fault:land_detector_state_inversion__2019-03-06__08_02_26__fault,70.4,171.76484525203705,24.214106179372827,True,vehicle_land_detected
fault:land_detector_state_inversion__2019-03-06__08_02_26__fault,71.2,171.76484525203705,24.214106179372827,True,vehicle_land_detected
fault:land_detector_state_inversion__2019-03-06__08_02_26__fault,72.0,171.76484525203705,24.214106179372827,True,vehicle_land_detected
fault:land_detector_state_inversion__2019-03-06__08_02_26__fault,72.8,171.76484525203705,24.214106179372827,True,vehicle_land_detected
fault:land_detector_state_inversion__2019-03-06__08_02_26__fault,73.6,171.76484525203705,24.214106179372827,True,vehicle_land_detected
fault:land_detector_state_inversion__2019-03-06__08_02_26__fault,74.4,171.76484525203705,24.214106179372827,True,vehicle_land_detected
fault:land_detector_state_inversion__2019-03-06__08_02_26__fault,75.2,171.76484525203705,24.214106179372827,True,vehicle_land_detected
fault:land_detector_state_inversion__2019-03-06__08_02_26__fault,76.0,171.76484525203705,24.214106179372827,True,vehicle_land_detected
fault:land_detector_state_inversion__2019-03-06__08_02_26__fault,76.8,171.76484525203705,24.214106179372827,True,vehicle_land_detected
fault:land_detector_state_inversion__2019-03-06__08_02_26__fault,77.6,171.76484525203705,24.214106179372827,True,vehicle_land_detected
fault:land_detector_state_inversion__2019-03-06__08_02_26__fault,78.4,171.76484525203705,24.214106179372827,True,vehicle_land_detected
fault:land_detector_state_inversion__2019-03-06__08_02_26__fault,79.2,171.76484525203705,24.214106179372827,True,vehicle_land_detected
fault:land_detector_state_inversion__2019-03-06__08_02_26__fault,80.0,171.76484525203705,24.214106179372827,True,vehicle_land_detected
fault:land_detector_state_inversion__2019-03-06__08_02_26__fault,80.8,171.76484525203705,24.214106179372827,True,vehicle_land_detected
fault:land_detector_state_inversion__2019-03-06__08_02_26__fault,81.6,171.76484525203705,24.214106179372827,True,vehicle_land_detected
fault:land_detector_state_inversion__2019-03-06__08_02_26__fault,82.4,171.76484525203705,24.214106179372827,True,vehicle_land_detected
fault:land_detector_state_inversion__2019-03-06__08_02_26__fault,83.2,171.76484525203705,24.214106179372827,True,vehicle_land_detected
fault:land_detector_state_inversion__2019-03-06__08_02_26__fault,84.0,171.76484525203705,24.214106179372827,True,vehicle_land_detected
fault:land_detector_state_inversion__2019-03-06__08_02_26__fault,84.8,171.76484525203705,24.214106179372827,True,vehicle_land_detected
fault:land_detector_state_inversion__2019-03-06__08_02_26__fault,85.6,171.76484525203705,24.214106179372827,True,vehicle_land_detected
fault:land_detector_state_inversion__2019-03-06__08_02_26__fault,86.4,171.76484525203705,24.214106179372827,True,vehicle_land_detected
fault:land_detector_state_inversion__2019-03-06__08_02_26__fault,87.2,171.76484525203705,24.214106179372827,True,vehicle_land_detected
fault:land_detector_state_inversion__2019-03-06__08_02_26__fault,88.0,171.76484525203705,24.214106179372827,True,vehicle_land_detected
fault:land_detector_state_inversion__2019-03-06__08_02_26__fault,88.8,171.76484525203705,24.214106179372827,True,vehicle_land_detected
fault:land_detector_state_inversion__2019-03-06__08_02_26__fault,89.6,171.76484525203705,24.214106179372827,True,vehicle_land_detected
fault:land_detector_state_inversion__2019-03-06__08_02_26__fault,90.4,171.76484525203705,24.214106179372827,True,vehicle_land_detected
fault:land_detector_state_inversion__2019-03-06__08_02_26__fault,91.2,171.76484525203705,24.214106179372827,True,vehicle_land_detected
fault:land_detector_state_inversion__2019-03-06__08_02_26__fault,92.0,171.76484525203705,24.214106179372827,True,vehicle_land_detected
fault:land_detector_state_inversion__2019-03-06__08_02_26__fault,92.8,171.76484525203705,24.214106179372827,True,vehicle_land_detected
fault:land_detector_state_inversion__2019-03-06__08_02_26__fault,93.6,171.76484525203705,24.214106179372827,True,vehicle_land_detected
fault:land_detector_state_inversion__2019-03-06__08_02_26__fault,94.4,171.76484525203705,24.214106179372827,True,vehicle_land_detected
fault:land_detector_state_inversion__2019-03-06__08_02_26__fault,95.2,171.76484525203705,24.214106179372827,True,vehicle_land_detected
fault:land_detector_state_inversion__2019-03-06__08_02_26__fault,96.0,171.76484525203705,24.214106179372827,True,vehicle_land_detected
