dataset,group,run_id,channel,windows,valid_windows
development,normal,commander_nav_state_override__2019-01-18__08_39_38__baseline,actuator_controls_0.control[0],73,71
development,normal,commander_nav_state_override__2019-01-18__08_39_38__baseline,actuator_controls_0.control[1],73,71
development,normal,commander_nav_state_override__2019-01-18__08_39_38__baseline,actuator_controls_0.control[2],73,71
development,normal,commander_nav_state_override__2019-01-18__08_39_38__baseline,actuator_controls_0.control[3],73,71
development,normal,commander_nav_state_override__2019-01-18__08_39_38__baseline,actuator_outputs.output[0],73,71
development,normal,commander_nav_state_override__2019-01-18__08_39_38__baseline,actuator_outputs.output[1],73,71
development,normal,commander_nav_state_override__2019-01-18__08_39_38__baseline,actuator_outputs.output[2],73,71
development,normal,commander_nav_state_override__2019-01-18__08_39_38__baseline,actuator_outputs.output[3],73,71
development,normal,commander_nav_state_override__2019-01-18__08_39_38__baseline,actuator_outputs.output[4],73,71
development,normal,commander_nav_state_override__2019-01-18__08_39_38__baseline,actuator_outputs.output[5],73,71
development,normal,commander_nav_state_override__2019-01-18__08_39_38__baseline,actuator_outputs.output[6],73,71
development,normal,commander_nav_state_override__2019-01-18__08_39_38__baseline,actuator_outputs.output[7],73,71
development,normal,commander_nav_state_override__2019-01-18__08_39_38__baseline,battery_status.current_a,73,71
development,normal,commander_nav_state_override__2019-01-18__08_39_38__baseline,battery_status.current_filtered_a,73,71
development,normal,commander_nav_state_override__2019-01-18__08_39_38__baseline,battery_status.discharged_mah,73,71
development,normal,commander_nav_state_override__2019-01-18__08_39_38__baseline,battery_status.remaining,73,71
development,normal,commander_nav_state_override__2019-01-18__08_39_38__baseline,battery_status.voltage_filtered_v,73,71
development,normal,commander_nav_state_override__2019-01-18__08_39_38__baseline,battery_status.voltage_v,73,71
development,normal,commander_nav_state_override__2019-01-18__08_39_38__baseline,cpuload.load,73,71
development,normal,commander_nav_state_override__2019-01-18__08_39_38__baseline,cpuload.ram_usage,73,71
development,normal,commander_nav_state_override__2019-01-18__08_39_38__baseline,distance_sensor.current_distance,73,71
development,normal,commander_nav_state_override__2019-01-18__08_39_38__baseline,ekf2_innovations.hagl_innov,73,71
development,normal,commander_nav_state_override__2019-01-18__08_39_38__baseline,ekf2_innovations.heading_innov,73,71
development,normal,commander_nav_state_override__2019-01-18__08_39_38__baseline,ekf2_innovations.output_tracking_error[0],73,71
development,normal,commander_nav_state_override__2019-01-18__08_39_38__baseline,ekf2_innovations.output_tracking_error[1],73,71
development,normal,commander_nav_state_override__2019-01-18__08_39_38__baseline,ekf2_innovations.output_tracking_error[2],73,71
development,normal,commander_nav_state_override__2019-01-18__08_39_38__baseline,ekf2_innovations.vel_pos_innov[3],73,71
development,normal,commander_nav_state_override__2019-01-18__08_39_38__baseline,ekf2_innovations.vel_pos_innov[4],73,71
development,normal,commander_nav_state_override__2019-01-18__08_39_38__baseline,ekf2_innovations.vel_pos_innov[5],73,71
development,normal,commander_nav_state_override__2019-01-18__08_39_38__baseline,estimator_status.hagl_test_ratio,73,71
development,normal,commander_nav_state_override__2019-01-18__08_39_38__baseline,estimator_status.hgt_test_ratio,73,71
development,normal,commander_nav_state_override__2019-01-18__08_39_38__baseline,estimator_status.mag_test_ratio,73,71
development,normal,commander_nav_state_override__2019-01-18__08_39_38__baseline,estimator_status.pos_horiz_accuracy,73,71
development,normal,commander_nav_state_override__2019-01-18__08_39_38__baseline,estimator_status.pos_test_ratio,73,71
development,normal,commander_nav_state_override__2019-01-18__08_39_38__baseline,estimator_status.pos_vert_accuracy,73,71
development,normal,commander_nav_state_override__2019-01-18__08_39_38__baseline,estimator_status.vibe[0],73,71
development,normal,commander_nav_state_override__2019-01-18__08_39_38__baseline,estimator_status.vibe[1],73,71
development,normal,commander_nav_state_override__2019-01-18__08_39_38__baseline,estimator_status.vibe[2],73,71
development,normal,commander_nav_state_override__2019-01-18__08_39_38__baseline,manual_control_setpoint.r,73,71
development,normal,commander_nav_state_override__2019-01-18__08_39_38__baseline,manual_control_setpoint.x,73,71
development,normal,commander_nav_state_override__2019-01-18__08_39_38__baseline,manual_control_setpoint.y,73,71
development,normal,commander_nav_state_override__2019-01-18__08_39_38__baseline,manual_control_setpoint.z,73,71
development,normal,commander_nav_state_override__2019-01-18__08_39_38__baseline,rate_ctrl_status.pitchspeed_integ,73,71
development,normal,commander_nav_state_override__2019-01-18__08_39_38__baseline,rate_ctrl_status.rollspeed_integ,73,71
development,normal,commander_nav_state_override__2019-01-18__08_39_38__baseline,rate_ctrl_status.yawspeed_integ,73,71
development,normal,commander_nav_state_override__2019-01-18__08_39_38__baseline,sensor_combined.accelerometer_m_s2[0],73,71
development,normal,commander_nav_state_override__2019-01-18__08_39_38__baseline,sensor_combined.accelerometer_m_s2[1],73,71
development,normal,commander_nav_state_override__2019-01-18__08_39_38__baseline,sensor_combined.accelerometer_m_s2[2],73,71
development,normal,commander_nav_state_override__2019-01-18__08_39_38__baseline,sensor_combined.gyro_rad[0],73,71
development,normal,commander_nav_state_override__2019-01-18__08_39_38__baseline,sensor_combined.gyro_rad[1],73,71
development,normal,commander_nav_state_override__2019-01-18__08_39_38__baseline,sensor_combined.gyro_rad[2],73,71
development,normal,commander_nav_state_override__2019-01-18__08_39_38__baseline,sensor_preflight.accel_inconsistency_m_s_s,73,0
development,normal,commander_nav_state_override__2019-01-18__08_39_38__baseline,sensor_preflight.gyro_inconsistency_rad_s,73,0
development,normal,commander_nav_state_override__2019-01-18__08_39_38__baseline,vehicle_attitude.pitchspeed,73,71
development,normal,commander_nav_state_override__2019-01-18__08_39_38__baseline,vehicle_attitude.q[0],73,71
development,normal,commander_nav_state_override__2019-01-18__08_39_38__baseline,vehicle_attitude.q[1],73,71
development,normal,commander_nav_state_override__2019-01-18__08_39_38__baseline,vehicle_attitude.q[2],73,71
development,normal,commander_nav_state_override__2019-01-18__08_39_38__baseline,vehicle_attitude.q[3],73,71
development,normal,commander_nav_state_override__2019-01-18__08_39_38__baseline,vehicle_attitude.rollspeed,73,71
development,normal,commander_nav_state_override__2019-01-18__08_39_38__baseline,vehicle_attitude.yawspeed,73,71
development,normal,commander_nav_state_override__2019-01-18__08_39_38__baseline,vehicle_attitude_setpoint.pitch_body,73,71
development,normal,commander_nav_state_override__2019-01-18__08_39_38__baseline,vehicle_attitude_setpoint.roll_body,73,71
development,normal,commander_nav_state_override__2019-01-18__08_39_38__baseline,vehicle_attitude_setpoint.yaw_body,73,71
development,normal,commander_nav_state_override__2019-01-18__08_39_38__baseline,vehicle_land_detected.ground_contact,73,71
development,normal,commander_nav_state_override__2019-01-18__08_39_38__baseline,vehicle_land_detected.landed,73,71
development,normal,commander_nav_state_override__2019-01-18__08_39_38__baseline,vehicle_land_detected.maybe_landed,73,71
development,normal,commander_nav_state_override__2019-01-18__08_39_38__baseline,vehicle_local_position.ax,73,71
development,normal,commander_nav_state_override__2019-01-18__08_39_38__baseline,vehicle_local_position.ay,73,71
development,normal,commander_nav_state_override__2019-01-18__08_39_38__baseline,vehicle_local_position.az,73,71
development,normal,commander_nav_state_override__2019-01-18__08_39_38__baseline,vehicle_local_position.dist_bottom,73,71
development,normal,commander_nav_state_override__2019-01-18__08_39_38__baseline,vehicle_local_position.dist_bottom_rate,73,71
development,normal,commander_nav_state_override__2019-01-18__08_39_38__baseline,vehicle_local_position.eph,73,71
development,normal,commander_nav_state_override__2019-01-18__08_39_38__baseline,vehicle_local_position.epv,73,71
development,normal,commander_nav_state_override__2019-01-18__08_39_38__baseline,vehicle_local_position.vx,73,71
development,normal,commander_nav_state_override__2019-01-18__08_39_38__baseline,vehicle_local_position.vy,73,71
development,normal,commander_nav_state_override__2019-01-18__08_39_38__baseline,vehicle_local_position.vz,73,71
development,normal,commander_nav_state_override__2019-01-18__08_39_38__baseline,vehicle_local_position.x,73,71
development,normal,commander_nav_state_override__2019-01-18__08_39_38__baseline,vehicle_local_position.y,73,71
development,normal,commander_nav_state_override__2019-01-18__08_39_38__baseline,vehicle_local_position.z,73,71
development,normal,commander_nav_state_override__2019-01-18__08_39_38__baseline,vehicle_rates_setpoint.pitch,73,71
development,normal,commander_nav_state_override__2019-01-18__08_39_38__baseline,vehicle_rates_setpoint.roll,73,71
development,normal,commander_nav_state_override__2019-01-18__08_39_38__baseline,vehicle_rates_setpoint.yaw,73,71
development,normal,commander_nav_state_override__2019-01-18__08_39_38__baseline,vehicle_status.arming_state,73,73
development,normal,commander_nav_state_override__2019-01-18__08_39_38__baseline,vehicle_status.nav_state,73,73
development,normal,commander_nav_state_override__2019-01-18__08_39_38__baseline,vehicle_vision_position.x,73,71
development,normal,commander_nav_state_override__2019-01-18__08_39_38__baseline,vehicle_vision_position.y,73,71
development,normal,commander_nav_state_override__2019-01-18__08_39_38__baseline,vehicle_vision_position.z,73,71
development,normal,commander_nav_state_override__2019-01-25__17_38_05__baseline,actuator_controls_0.control[0],105,103
development,normal,commander_nav_state_override__2019-01-25__17_38_05__baseline,actuator_controls_0.control[1],105,103
development,normal,commander_nav_state_override__2019-01-25__17_38_05__baseline,actuator_controls_0.control[2],105,103
development,normal,commander_nav_state_override__2019-01-25__17_38_05__baseline,actuator_controls_0.control[3],105,103
development,normal,commander_nav_state_override__2019-01-25__17_38_05__baseline,actuator_outputs.output[0],105,103
development,normal,commander_nav_state_override__2019-01-25__17_38_05__baseline,actuator_outputs.output[1],105,103
development,normal,commander_nav_state_override__2019-01-25__17_38_05__baseline,actuator_outputs.output[2],105,103
development,normal,commander_nav_state_override__2019-01-25__17_38_05__baseline,actuator_outputs.output[3],105,103
development,normal,commander_nav_state_override__2019-01-25__17_38_05__baseline,actuator_outputs.output[4],105,103
development,normal,commander_nav_state_override__2019-01-25__17_38_05__baseline,actuator_outputs.output[5],105,103
development,normal,commander_nav_state_override__2019-01-25__17_38_05__baseline,actuator_outputs.output[6],105,103
development,normal,commander_nav_state_override__2019-01-25__17_38_05__baseline,actuator_outputs.output[7],105,103
development,normal,commander_nav_state_override__2019-01-25__17_38_05__baseline,battery_status.current_a,105,103
development,normal,commander_nav_state_override__2019-01-25__17_38_05__baseline,battery_status.current_filtered_a,105,103
development,normal,commander_nav_state_override__2019-01-25__17_38_05__baseline,battery_status.discharged_mah,105,103
development,normal,commander_nav_state_override__2019-01-25__17_38_05__baseline,battery_status.remaining,105,103
development,normal,commander_nav_state_override__2019-01-25__17_38_05__baseline,battery_status.voltage_filtered_v,105,103
development,normal,commander_nav_state_override__2019-01-25__17_38_05__baseline,battery_status.voltage_v,105,103
development,normal,commander_nav_state_override__2019-01-25__17_38_05__baseline,cpuload.load,105,103
development,normal,commander_nav_state_override__2019-01-25__17_38_05__baseline,cpuload.ram_usage,105,103
development,normal,commander_nav_state_override__2019-01-25__17_38_05__baseline,distance_sensor.current_distance,105,103
development,normal,commander_nav_state_override__2019-01-25__17_38_05__baseline,ekf2_innovations.hagl_innov,105,103
development,normal,commander_nav_state_override__2019-01-25__17_38_05__baseline,ekf2_innovations.heading_innov,105,103
development,normal,commander_nav_state_override__2019-01-25__17_38_05__baseline,ekf2_innovations.output_tracking_error[0],105,103
development,normal,commander_nav_state_override__2019-01-25__17_38_05__baseline,ekf2_innovations.output_tracking_error[1],105,103
development,normal,commander_nav_state_override__2019-01-25__17_38_05__baseline,ekf2_innovations.output_tracking_error[2],105,103
development,normal,commander_nav_state_override__2019-01-25__17_38_05__baseline,ekf2_innovations.vel_pos_innov[3],105,103
development,normal,commander_nav_state_override__2019-01-25__17_38_05__baseline,ekf2_innovations.vel_pos_innov[4],105,103
development,normal,commander_nav_state_override__2019-01-25__17_38_05__baseline,ekf2_innovations.vel_pos_innov[5],105,103
development,normal,commander_nav_state_override__2019-01-25__17_38_05__baseline,estimator_status.hagl_test_ratio,105,103
development,normal,commander_nav_state_override__2019-01-25__17_38_05__baseline,estimator_status.hgt_test_ratio,105,103
development,normal,commander_nav_state_override__2019-01-25__17_38_05__baseline,estimator_status.mag_test_ratio,105,103
development,normal,commander_nav_state_override__2019-01-25__17_38_05__baseline,estimator_status.pos_horiz_accuracy,105,103
development,normal,commander_nav_state_override__2019-01-25__17_38_05__baseline,estimator_status.pos_test_ratio,105,103
development,normal,commander_nav_state_override__2019-01-25__17_38_05__baseline,estimator_status.pos_vert_accuracy,105,103
development,normal,commander_nav_state_override__2019-01-25__17_38_05__baseline,estimator_status.vibe[0],105,103
development,normal,commander_nav_state_override__2019-01-25__17_38_05__baseline,estimator_status.vibe[1],105,103
development,normal,commander_nav_state_override__2019-01-25__17_38_05__baseline,estimator_status.vibe[2],105,103
development,normal,commander_nav_state_override__2019-01-25__17_38_05__baseline,manual_control_setpoint.r,105,103
development,normal,commander_nav_state_override__2019-01-25__17_38_05__baseline,manual_control_setpoint.x,105,103
development,normal,commander_nav_state_override__2019-01-25__17_38_05__baseline,manual_control_setpoint.y,105,103
development,normal,commander_nav_state_override__2019-01-25__17_38_05__baseline,manual_control_setpoint.z,105,103
development,normal,commander_nav_state_override__2019-01-25__17_38_05__baseline,rate_ctrl_status.pitchspeed_integ,105,103
development,normal,commander_nav_state_override__2019-01-25__17_38_05__baseline,rate_ctrl_status.rollspeed_integ,105,103
development,normal,commander_nav_state_override__2019-01-25__17_38_05__baseline,rate_ctrl_status.yawspeed_integ,105,103
development,normal,commander_nav_state_override__2019-01-25__17_38_05__baseline,sensor_combined.accelerometer_m_s2[0],105,103
development,normal,commander_nav_state_override__2019-01-25__17_38_05__baseline,sensor_combined.accelerometer_m_s2[1],105,103
development,normal,commander_nav_state_override__2019-01-25__17_38_05__baseline,sensor_combined.accelerometer_m_s2[2],105,103
development,normal,commander_nav_state_override__2019-01-25__17_38_05__baseline,sensor_combined.gyro_rad[0],105,103
development,normal,commander_nav_state_override__2019-01-25__17_38_05__baseline,sensor_combined.gyro_rad[1],105,103
development,normal,commander_nav_state_override__2019-01-25__17_38_05__baseline,sensor_combined.gyro_rad[2],105,103
development,normal,commander_nav_state_override__2019-01-25__17_38_05__baseline,sensor_preflight.accel_inconsistency_m_s_s,105,0
development,normal,commander_nav_state_override__2019-01-25__17_38_05__baseline,sensor_preflight.gyro_inconsistency_rad_s,105,0
development,normal,commander_nav_state_override__2019-01-25__17_38_05__baseline,vehicle_attitude.pitchspeed,105,103
development,normal,commander_nav_state_override__2019-01-25__17_38_05__baseline,vehicle_attitude.q[0],105,103
development,normal,commander_nav_state_override__2019-01-25__17_38_05__baseline,vehicle_attitude.q[1],105,103
development,normal,commander_nav_state_override__2019-01-25__17_38_05__baseline,vehicle_attitude.q[2],105,103
development,normal,commander_nav_state_override__2019-01-25__17_38_05__baseline,vehicle_attitude.q[3],105,103
development,normal,commander_nav_state_override__2019-01-25__17_38_05__baseline,vehicle_attitude.rollspeed,105,103
development,normal,commander_nav_state_override__2019-01-25__17_38_05__baseline,vehicle_attitude.yawspeed,105,103
development,normal,commander_nav_state_override__2019-01-25__17_38_05__baseline,vehicle_attitude_setpoint.pitch_body,105,103
development,normal,commander_nav_state_override__2019-01-25__17_38_05__baseline,vehicle_attitude_setpoint.roll_body,105,103
development,normal,commander_nav_state_override__2019-01-25__17_38_05__baseline,vehicle_attitude_setpoint.yaw_body,105,103
development,normal,commander_nav_state_override__2019-01-25__17_38_05__baseline,vehicle_land_detected.ground_contact,105,103
development,normal,commander_nav_state_override__2019-01-25__17_38_05__baseline,vehicle_land_detected.landed,105,103
development,normal,commander_nav_state_override__2019-01-25__17_38_05__baseline,vehicle_land_detected.maybe_landed,105,103
development,normal,commander_nav_state_override__2019-01-25__17_38_05__baseline,vehicle_local_position.ax,105,103
development,normal,commander_nav_state_override__2019-01-25__17_38_05__baseline,vehicle_local_position.ay,105,103
development,normal,commander_nav_state_override__2019-01-25__17_38_05__baseline,vehicle_local_position.az,105,103
development,normal,commander_nav_state_override__2019-01-25__17_38_05__baseline,vehicle_local_position.dist_bottom,105,103
development,normal,commander_nav_state_override__2019-01-25__17_38_05__baseline,vehicle_local_position.dist_bottom_rate,105,103
development,normal,commander_nav_state_override__2019-01-25__17_38_05__baseline,vehicle_local_position.eph,105,103
development,normal,commander_nav_state_override__2019-01-25__17_38_05__baseline,vehicle_local_position.epv,105,103
development,normal,commander_nav_state_override__2019-01-25__17_38_05__baseline,vehicle_local_position.vx,105,103
development,normal,commander_nav_state_override__2019-01-25__17_38_05__baseline,vehicle_local_position.vy,105,103
development,normal,commander_nav_state_override__2019-01-25__17_38_05__baseline,vehicle_local_position.vz,105,103
development,normal,commander_nav_state_override__2019-01-25__17_38_05__baseline,vehicle_local_position.x,105,103
development,normal,commander_nav_state_override__2019-01-25__17_38_05__baseline,vehicle_local_position.y,105,103
development,normal,commander_nav_state_override__2019-01-25__17_38_05__baseline,vehicle_local_position.z,105,103
development,normal,commander_nav_state_override__2019-01-25__17_38_05__baseline,vehicle_rates_setpoint.pitch,105,103
development,normal,commander_nav_state_override__2019-01-25__17_38_05__baseline,vehicle_rates_setpoint.roll,105,103
development,normal,commander_nav_state_override__2019-01-25__17_38_05__baseline,vehicle_rates_setpoint.yaw,105,103
development,normal,commander_nav_state_override__2019-01-25__17_38_05__baseline,vehicle_status.arming_state,105,104
development,normal,commander_nav_state_override__2019-01-25__17_38_05__baseline,vehicle_status.nav_state,105,104
development,normal,commander_nav_state_override__2019-01-25__17_38_05__baseline,vehicle_vision_position.x,105,103
development,normal,commander_nav_state_override__2019-01-25__17_38_05__baseline,vehicle_vision_position.y,105,103
development,normal,commander_nav_state_override__2019-01-25__17_38_05__baseline,vehicle_vision_position.z,105,103
development,normal,commander_nav_state_override__2019-03-06__08_02_26__baseline,actuator_controls_0.control[0],109,107
development,normal,commander_nav_state_override__2019-03-06__08_02_26__baseline,actuator_controls_0.control[1],109,107
development,normal,commander_nav_state_override__2019-03-06__08_02_26__baseline,actuator_controls_0.control[2],109,107
development,normal,commander_nav_state_override__2019-03-06__08_02_26__baseline,actuator_controls_0.control[3],109,107
development,normal,commander_nav_state_override__2019-03-06__08_02_26__baseline,actuator_outputs.output[0],109,107
development,normal,commander_nav_state_override__2019-03-06__08_02_26__baseline,actuator_outputs.output[1],109,107
development,normal,commander_nav_state_override__2019-03-06__08_02_26__baseline,actuator_outputs.output[2],109,107
development,normal,commander_nav_state_override__2019-03-06__08_02_26__baseline,actuator_outputs.output[3],109,107
development,normal,commander_nav_state_override__2019-03-06__08_02_26__baseline,actuator_outputs.output[4],109,107
development,normal,commander_nav_state_override__2019-03-06__08_02_26__baseline,actuator_outputs.output[5],109,107
development,normal,commander_nav_state_override__2019-03-06__08_02_26__baseline,actuator_outputs.output[6],109,107
development,normal,commander_nav_state_override__2019-03-06__08_02_26__baseline,actuator_outputs.output[7],109,107
development,normal,commander_nav_state_override__2019-03-06__08_02_26__baseline,battery_status.current_a,109,107
development,normal,commander_nav_state_override__2019-03-06__08_02_26__baseline,battery_status.current_filtered_a,109,107
development,normal,commander_nav_state_override__2019-03-06__08_02_26__baseline,battery_status.discharged_mah,109,107
development,normal,commander_nav_state_override__2019-03-06__08_02_26__baseline,battery_status.remaining,109,107
development,normal,commander_nav_state_override__2019-03-06__08_02_26__baseline,battery_status.voltage_filtered_v,109,107
development,normal,commander_nav_state_override__2019-03-06__08_02_26__baseline,battery_status.voltage_v,109,107
development,normal,commander_nav_state_override__2019-03-06__08_02_26__baseline,cpuload.load,109,108
development,normal,commander_nav_state_override__2019-03-06__08_02_26__baseline,cpuload.ram_usage,109,108
development,normal,commander_nav_state_override__2019-03-06__08_02_26__baseline,distance_sensor.current_distance,109,107
development,normal,commander_nav_state_override__2019-03-06__08_02_26__baseline,ekf2_innovations.hagl_innov,109,107
development,normal,commander_nav_state_override__2019-03-06__08_02_26__baseline,ekf2_innovations.heading_innov,109,107
development,normal,commander_nav_state_override__2019-03-06__08_02_26__baseline,ekf2_innovations.output_tracking_error[0],109,107
development,normal,commander_nav_state_override__2019-03-06__08_02_26__baseline,ekf2_innovations.output_tracking_error[1],109,107
development,normal,commander_nav_state_override__2019-03-06__08_02_26__baseline,ekf2_innovations.output_tracking_error[2],109,107
development,normal,commander_nav_state_override__2019-03-06__08_02_26__baseline,ekf2_innovations.vel_pos_innov[3],109,107
development,normal,commander_nav_state_override__2019-03-06__08_02_26__baseline,ekf2_innovations.vel_pos_innov[4],109,107
development,normal,commander_nav_state_override__2019-03-06__08_02_26__baseline,ekf2_innovations.vel_pos_innov[5],109,107
development,normal,commander_nav_state_override__2019-03-06__08_02_26__baseline,estimator_status.hagl_test_ratio,109,107
development,normal,commander_nav_state_override__2019-03-06__08_02_26__baseline,estimator_status.hgt_test_ratio,109,107
development,normal,commander_nav_state_override__2019-03-06__08_02_26__baseline,estimator_status.mag_test_ratio,109,107
development,normal,commander_nav_state_override__2019-03-06__08_02_26__baseline,estimator_status.pos_horiz_accuracy,109,107
development,normal,commander_nav_state_override__2019-03-06__08_02_26__baseline,estimator_status.pos_test_ratio,109,107
development,normal,commander_nav_state_override__2019-03-06__08_02_26__baseline,estimator_status.pos_vert_accuracy,109,107
development,normal,commander_nav_state_override__2019-03-06__08_02_26__baseline,estimator_status.vibe[0],109,107
development,normal,commander_nav_state_override__2019-03-06__08_02_26__baseline,estimator_status.vibe[1],109,107
development,normal,commander_nav_state_override__2019-03-06__08_02_26__baseline,estimator_status.vibe[2],109,107
development,normal,commander_nav_state_override__2019-03-06__08_02_26__baseline,manual_control_setpoint.r,109,107
development,normal,commander_nav_state_override__2019-03-06__08_02_26__baseline,manual_control_setpoint.x,109,107
development,normal,commander_nav_state_override__2019-03-06__08_02_26__baseline,manual_control_setpoint.y,109,107
development,normal,commander_nav_state_override__2019-03-06__08_02_26__baseline,manual_control_setpoint.z,109,107
development,normal,commander_nav_state_override__2019-03-06__08_02_26__baseline,rate_ctrl_status.pitchspeed_integ,109,107
development,normal,commander_nav_state_override__2019-03-06__08_02_26__baseline,rate_ctrl_status.rollspeed_integ,109,107
development,normal,commander_nav_state_override__2019-03-06__08_02_26__baseline,rate_ctrl_status.yawspeed_integ,109,107
development,normal,commander_nav_state_override__2019-03-06__08_02_26__baseline,sensor_combined.accelerometer_m_s2[0],109,107
development,normal,commander_nav_state_override__2019-03-06__08_02_26__baseline,sensor_combined.accelerometer_m_s2[1],109,107
development,normal,commander_nav_state_override__2019-03-06__08_02_26__baseline,sensor_combined.accelerometer_m_s2[2],109,107
development,normal,commander_nav_state_override__2019-03-06__08_02_26__baseline,sensor_combined.gyro_rad[0],109,107
development,normal,commander_nav_state_override__2019-03-06__08_02_26__baseline,sensor_combined.gyro_rad[1],109,107
development,normal,commander_nav_state_override__2019-03-06__08_02_26__baseline,sensor_combined.gyro_rad[2],109,107
development,normal,commander_nav_state_override__2019-03-06__08_02_26__baseline,sensor_preflight.accel_inconsistency_m_s_s,109,0
development,normal,commander_nav_state_override__2019-03-06__08_02_26__baseline,sensor_preflight.gyro_inconsistency_rad_s,109,0
development,normal,commander_nav_state_override__2019-03-06__08_02_26__baseline,vehicle_attitude.pitchspeed,109,107
development,normal,commander_nav_state_override__2019-03-06__08_02_26__baseline,vehicle_attitude.q[0],109,107
development,normal,commander_nav_state_override__2019-03-06__08_02_26__baseline,vehicle_attitude.q[1],109,107
development,normal,commander_nav_state_override__2019-03-06__08_02_26__baseline,vehicle_attitude.q[2],109,107
development,normal,commander_nav_state_override__2019-03-06__08_02_26__baseline,vehicle_attitude.q[3],109,107
development,normal,commander_nav_state_override__2019-03-06__08_02_26__baseline,vehicle_attitude.rollspeed,109,107
development,normal,commander_nav_state_override__2019-03-06__08_02_26__baseline,vehicle_attitude.yawspeed,109,107
development,normal,commander_nav_state_override__2019-03-06__08_02_26__baseline,vehicle_attitude_setpoint.pitch_body,109,107
development,normal,commander_nav_state_override__2019-03-06__08_02_26__baseline,vehicle_attitude_setpoint.roll_body,109,107
development,normal,commander_nav_state_override__2019-03-06__08_02_26__baseline,vehicle_attitude_setpoint.yaw_body,109,107
development,normal,commander_nav_state_override__2019-03-06__08_02_26__baseline,vehicle_land_detected.ground_contact,109,107
development,normal,commander_nav_state_override__2019-03-06__08_02_26__baseline,vehicle_land_detected.landed,109,107
development,normal,commander_nav_state_override__2019-03-06__08_02_26__baseline,vehicle_land_detected.maybe_landed,109,107
development,normal,commander_nav_state_override__2019-03-06__08_02_26__baseline,vehicle_local_position.ax,109,107
development,normal,commander_nav_state_override__2019-03-06__08_02_26__baseline,vehicle_local_position.ay,109,107
development,normal,commander_nav_state_override__2019-03-06__08_02_26__baseline,vehicle_local_position.az,109,107
development,normal,commander_nav_state_override__2019-03-06__08_02_26__baseline,vehicle_local_position.dist_bottom,109,107
development,normal,commander_nav_state_override__2019-03-06__08_02_26__baseline,vehicle_local_position.dist_bottom_rate,109,107
development,normal,commander_nav_state_override__2019-03-06__08_02_26__baseline,vehicle_local_position.eph,109,107
development,normal,commander_nav_state_override__2019-03-06__08_02_26__baseline,vehicle_local_position.epv,109,107
development,normal,commander_nav_state_override__2019-03-06__08_02_26__baseline,vehicle_local_position.vx,109,107
development,normal,commander_nav_state_override__2019-03-06__08_02_26__baseline,vehicle_local_position.vy,109,107
development,normal,commander_nav_state_override__2019-03-06__08_02_26__baseline,vehicle_local_position.vz,109,107
development,normal,commander_nav_state_override__2019-03-06__08_02_26__baseline,vehicle_local_position.x,109,107
development,normal,commander_nav_state_override__2019-03-06__08_02_26__baseline,vehicle_local_position.y,109,107
development,normal,commander_nav_state_override__2019-03-06__08_02_26__baseline,vehicle_local_position.z,109,107
development,normal,commander_nav_state_override__2019-03-06__08_02_26__baseline,vehicle_rates_setpoint.pitch,109,107
development,normal,commander_nav_state_override__2019-03-06__08_02_26__baseline,vehicle_rates_setpoint.roll,109,107
development,normal,commander_nav_state_override__2019-03-06__08_02_26__baseline,vehicle_rates_setpoint.yaw,109,107
development,normal,commander_nav_state_override__2019-03-06__08_02_26__baseline,vehicle_status.arming_state,109,109
development,normal,commander_nav_state_override__2019-03-06__08_02_26__baseline,vehicle_status.nav_state,109,109
development,normal,commander_nav_state_override__2019-03-06__08_02_26__baseline,vehicle_vision_position.x,109,107
development,normal,commander_nav_state_override__2019-03-06__08_02_26__baseline,vehicle_vision_position.y,109,107
development,normal,commander_nav_state_override__2019-03-06__08_02_26__baseline,vehicle_vision_position.z,109,107
development,normal,ekf2_innovation_bias__2019-01-18__08_39_38__baseline,actuator_controls_0.control[0],73,71
development,normal,ekf2_innovation_bias__2019-01-18__08_39_38__baseline,actuator_controls_0.control[1],73,71
development,normal,ekf2_innovation_bias__2019-01-18__08_39_38__baseline,actuator_controls_0.control[2],73,71
development,normal,ekf2_innovation_bias__2019-01-18__08_39_38__baseline,actuator_controls_0.control[3],73,71
development,normal,ekf2_innovation_bias__2019-01-18__08_39_38__baseline,actuator_outputs.output[0],73,71
development,normal,ekf2_innovation_bias__2019-01-18__08_39_38__baseline,actuator_outputs.output[1],73,71
development,normal,ekf2_innovation_bias__2019-01-18__08_39_38__baseline,actuator_outputs.output[2],73,71
development,normal,ekf2_innovation_bias__2019-01-18__08_39_38__baseline,actuator_outputs.output[3],73,71
development,normal,ekf2_innovation_bias__2019-01-18__08_39_38__baseline,actuator_outputs.output[4],73,71
development,normal,ekf2_innovation_bias__2019-01-18__08_39_38__baseline,actuator_outputs.output[5],73,71
development,normal,ekf2_innovation_bias__2019-01-18__08_39_38__baseline,actuator_outputs.output[6],73,71
development,normal,ekf2_innovation_bias__2019-01-18__08_39_38__baseline,actuator_outputs.output[7],73,71
development,normal,ekf2_innovation_bias__2019-01-18__08_39_38__baseline,battery_status.current_a,73,71
development,normal,ekf2_innovation_bias__2019-01-18__08_39_38__baseline,battery_status.current_filtered_a,73,71
development,normal,ekf2_innovation_bias__2019-01-18__08_39_38__baseline,battery_status.discharged_mah,73,71
development,normal,ekf2_innovation_bias__2019-01-18__08_39_38__baseline,battery_status.remaining,73,71
development,normal,ekf2_innovation_bias__2019-01-18__08_39_38__baseline,battery_status.voltage_filtered_v,73,71
development,normal,ekf2_innovation_bias__2019-01-18__08_39_38__baseline,battery_status.voltage_v,73,71
development,normal,ekf2_innovation_bias__2019-01-18__08_39_38__baseline,cpuload.load,73,71
development,normal,ekf2_innovation_bias__2019-01-18__08_39_38__baseline,cpuload.ram_usage,73,71
development,normal,ekf2_innovation_bias__2019-01-18__08_39_38__baseline,distance_sensor.current_distance,73,71
development,normal,ekf2_innovation_bias__2019-01-18__08_39_38__baseline,ekf2_innovations.hagl_innov,73,71
development,normal,ekf2_innovation_bias__2019-01-18__08_39_38__baseline,ekf2_innovations.heading_innov,73,71
development,normal,ekf2_innovation_bias__2019-01-18__08_39_38__baseline,ekf2_innovations.output_tracking_error[0],73,71
development,normal,ekf2_innovation_bias__2019-01-18__08_39_38__baseline,ekf2_innovations.output_tracking_error[1],73,71
development,normal,ekf2_innovation_bias__2019-01-18__08_39_38__baseline,ekf2_innovations.output_tracking_error[2],73,71
development,normal,ekf2_innovation_bias__2019-01-18__08_39_38__baseline,ekf2_innovations.vel_pos_innov[3],73,71
development,normal,ekf2_innovation_bias__2019-01-18__08_39_38__baseline,ekf2_innovations.vel_pos_innov[4],73,71
development,normal,ekf2_innovation_bias__2019-01-18__08_39_38__baseline,ekf2_innovations.vel_pos_innov[5],73,71
development,normal,ekf2_innovation_bias__2019-01-18__08_39_38__baseline,estimator_status.hagl_test_ratio,73,71
development,normal,ekf2_innovation_bias__2019-01-18__08_39_38__baseline,estimator_status.hgt_test_ratio,73,71
development,normal,ekf2_innovation_bias__2019-01-18__08_39_38__baseline,estimator_status.mag_test_ratio,73,71
development,normal,ekf2_innovation_bias__2019-01-18__08_39_38__baseline,estimator_status.pos_horiz_accuracy,73,71
development,normal,ekf2_innovation_bias__2019-01-18__08_39_38__baseline,estimator_status.pos_test_ratio,73,71
development,normal,ekf2_innovation_bias__2019-01-18__08_39_38__baseline,estimator_status.pos_vert_accuracy,73,71
development,normal,ekf2_innovation_bias__2019-01-18__08_39_38__baseline,estimator_status.vibe[0],73,71
development,normal,ekf2_innovation_bias__2019-01-18__08_39_38__baseline,estimator_status.vibe[1],73,71
development,normal,ekf2_innovation_bias__2019-01-18__08_39_38__baseline,estimator_status.vibe[2],73,71
development,normal,ekf2_innovation_bias__2019-01-18__08_39_38__baseline,manual_control_setpoint.r,73,71
development,normal,ekf2_innovation_bias__2019-01-18__08_39_38__baseline,manual_control_setpoint.x,73,71
development,normal,ekf2_innovation_bias__2019-01-18__08_39_38__baseline,manual_control_setpoint.y,73,71
development,normal,ekf2_innovation_bias__2019-01-18__08_39_38__baseline,manual_control_setpoint.z,73,71
development,normal,ekf2_innovation_bias__2019-01-18__08_39_38__baseline,rate_ctrl_status.pitchspeed_integ,73,71
development,normal,ekf2_innovation_bias__2019-01-18__08_39_38__baseline,rate_ctrl_status.rollspeed_integ,73,71
development,normal,ekf2_innovation_bias__2019-01-18__08_39_38__baseline,rate_ctrl_status.yawspeed_integ,73,71
development,normal,ekf2_innovation_bias__2019-01-18__08_39_38__baseline,sensor_combined.accelerometer_m_s2[0],73,71
development,normal,ekf2_innovation_bias__2019-01-18__08_39_38__baseline,sensor_combined.accelerometer_m_s2[1],73,71
development,normal,ekf2_innovation_bias__2019-01-18__08_39_38__baseline,sensor_combined.accelerometer_m_s2[2],73,71
development,normal,ekf2_innovation_bias__2019-01-18__08_39_38__baseline,sensor_combined.gyro_rad[0],73,71
development,normal,ekf2_innovation_bias__2019-01-18__08_39_38__baseline,sensor_combined.gyro_rad[1],73,71
development,normal,ekf2_innovation_bias__2019-01-18__08_39_38__baseline,sensor_combined.gyro_rad[2],73,71
development,normal,ekf2_innovation_bias__2019-01-18__08_39_38__baseline,sensor_preflight.accel_inconsistency_m_s_s,73,0
development,normal,ekf2_innovation_bias__2019-01-18__08_39_38__baseline,sensor_preflight.gyro_inconsistency_rad_s,73,0
development,normal,ekf2_innovation_bias__2019-01-18__08_39_38__baseline,vehicle_attitude.pitchspeed,73,71
development,normal,ekf2_innovation_bias__2019-01-18__08_39_38__baseline,vehicle_attitude.q[0],73,71
development,normal,ekf2_innovation_bias__2019-01-18__08_39_38__baseline,vehicle_attitude.q[1],73,71
development,normal,ekf2_innovation_bias__2019-01-18__08_39_38__baseline,vehicle_attitude.q[2],73,71
development,normal,ekf2_innovation_bias__2019-01-18__08_39_38__baseline,vehicle_attitude.q[3],73,71
development,normal,ekf2_innovation_bias__2019-01-18__08_39_38__baseline,vehicle_attitude.rollspeed,73,71
development,normal,ekf2_innovation_bias__2019-01-18__08_39_38__baseline,vehicle_attitude.yawspeed,73,71
development,normal,ekf2_innovation_bias__2019-01-18__08_39_38__baseline,vehicle_attitude_setpoint.pitch_body,73,71
development,normal,ekf2_innovation_bias__2019-01-18__08_39_38__baseline,vehicle_attitude_setpoint.roll_body,73,71
development,normal,ekf2_innovation_bias__2019-01-18__08_39_38__baseline,vehicle_attitude_setpoint.yaw_body,73,71
development,normal,ekf2_innovation_bias__2019-01-18__08_39_38__baseline,vehicle_land_detected.ground_contact,73,71
development,normal,ekf2_innovation_bias__2019-01-18__08_39_38__baseline,vehicle_land_detected.landed,73,71
development,normal,ekf2_innovation_bias__2019-01-18__08_39_38__baseline,vehicle_land_detected.maybe_landed,73,71
development,normal,ekf2_innovation_bias__2019-01-18__08_39_38__baseline,vehicle_local_position.ax,73,71
development,normal,ekf2_innovation_bias__2019-01-18__08_39_38__baseline,vehicle_local_position.ay,73,71
development,normal,ekf2_innovation_bias__2019-01-18__08_39_38__baseline,vehicle_local_position.az,73,71
development,normal,ekf2_innovation_bias__2019-01-18__08_39_38__baseline,vehicle_local_position.dist_bottom,73,71
development,normal,ekf2_innovation_bias__2019-01-18__08_39_38__baseline,vehicle_local_position.dist_bottom_rate,73,71
development,normal,ekf2_innovation_bias__2019-01-18__08_39_38__baseline,vehicle_local_position.eph,73,71
development,normal,ekf2_innovation_bias__2019-01-18__08_39_38__baseline,vehicle_local_position.epv,73,71
development,normal,ekf2_innovation_bias__2019-01-18__08_39_38__baseline,vehicle_local_position.vx,73,71
development,normal,ekf2_innovation_bias__2019-01-18__08_39_38__baseline,vehicle_local_position.vy,73,71
development,normal,ekf2_innovation_bias__2019-01-18__08_39_38__baseline,vehicle_local_position.vz,73,71
development,normal,ekf2_innovation_bias__2019-01-18__08_39_38__baseline,vehicle_local_position.x,73,71
development,normal,ekf2_innovation_bias__2019-01-18__08_39_38__baseline,vehicle_local_position.y,73,71
development,normal,ekf2_innovation_bias__2019-01-18__08_39_38__baseline,vehicle_local_position.z,73,71
development,normal,ekf2_innovation_bias__2019-01-18__08_39_38__baseline,vehicle_rates_setpoint.pitch,73,71
development,normal,ekf2_innovation_bias__2019-01-18__08_39_38__baseline,vehicle_rates_setpoint.roll,73,71
development,normal,ekf2_innovation_bias__2019-01-18__08_39_38__baseline,vehicle_rates_setpoint.yaw,73,71
development,normal,ekf2_innovation_bias__2019-01-18__08_39_38__baseline,vehicle_status.arming_state,73,71
development,normal,ekf2_innovation_bias__2019-01-18__08_39_38__baseline,vehicle_status.nav_state,73,71
development,normal,ekf2_innovation_bias__2019-01-18__08_39_38__baseline,vehicle_vision_position.x,73,71
development,normal,ekf2_innovation_bias__2019-01-18__08_39_38__baseline,vehicle_vision_position.y,73,71
development,normal,ekf2_innovation_bias__2019-01-18__08_39_38__baseline,vehicle_vision_position.z,73,71
development,normal,ekf2_innovation_bias__2019-01-25__17_38_05__baseline,actuator_controls_0.control[0],105,103
development,normal,ekf2_innovation_bias__2019-01-25__17_38_05__baseline,actuator_controls_0.control[1],105,103
development,normal,ekf2_innovation_bias__2019-01-25__17_38_05__baseline,actuator_controls_0.control[2],105,103
development,normal,ekf2_innovation_bias__2019-01-25__17_38_05__baseline,actuator_controls_0.control[3],105,103
development,normal,ekf2_innovation_bias__2019-01-25__17_38_05__baseline,actuator_outputs.output[0],105,103
development,normal,ekf2_innovation_bias__2019-01-25__17_38_05__baseline,actuator_outputs.output[1],105,103
development,normal,ekf2_innovation_bias__2019-01-25__17_38_05__baseline,actuator_outputs.output[2],105,103
development,normal,ekf2_innovation_bias__2019-01-25__17_38_05__baseline,actuator_outputs.output[3],105,103
development,normal,ekf2_innovation_bias__2019-01-25__17_38_05__baseline,actuator_outputs.output[4],105,103
development,normal,ekf2_innovation_bias__2019-01-25__17_38_05__baseline,actuator_outputs.output[5],105,103
development,normal,ekf2_innovation_bias__2019-01-25__17_38_05__baseline,actuator_outputs.output[6],105,103
development,normal,ekf2_innovation_bias__2019-01-25__17_38_05__baseline,actuator_outputs.output[7],105,103
development,normal,ekf2_innovation_bias__2019-01-25__17_38_05__baseline,battery_status.current_a,105,103
development,normal,ekf2_innovation_bias__2019-01-25__17_38_05__baseline,battery_status.current_filtered_a,105,103
development,normal,ekf2_innovation_bias__2019-01-25__17_38_05__baseline,battery_status.discharged_mah,105,103
development,normal,ekf2_innovation_bias__2019-01-25__17_38_05__baseline,battery_status.remaining,105,103
development,normal,ekf2_innovation_bias__2019-01-25__17_38_05__baseline,battery_status.voltage_filtered_v,105,103
development,normal,ekf2_innovation_bias__2019-01-25__17_38_05__baseline,battery_status.voltage_v,105,103
development,normal,ekf2_innovation_bias__2019-01-25__17_38_05__baseline,cpuload.load,105,103
development,normal,ekf2_innovation_bias__2019-01-25__17_38_05__baseline,cpuload.ram_usage,105,103
development,normal,ekf2_innovation_bias__2019-01-25__17_38_05__baseline,distance_sensor.current_distance,105,103
development,normal,ekf2_innovation_bias__2019-01-25__17_38_05__baseline,ekf2_innovations.hagl_innov,105,103
development,normal,ekf2_innovation_bias__2019-01-25__17_38_05__baseline,ekf2_innovations.heading_innov,105,103
development,normal,ekf2_innovation_bias__2019-01-25__17_38_05__baseline,ekf2_innovations.output_tracking_error[0],105,103
development,normal,ekf2_innovation_bias__2019-01-25__17_38_05__baseline,ekf2_innovations.output_tracking_error[1],105,103
development,normal,ekf2_innovation_bias__2019-01-25__17_38_05__baseline,ekf2_innovations.output_tracking_error[2],105,103
development,normal,ekf2_innovation_bias__2019-01-25__17_38_05__baseline,ekf2_innovations.vel_pos_innov[3],105,103
development,normal,ekf2_innovation_bias__2019-01-25__17_38_05__baseline,ekf2_innovations.vel_pos_innov[4],105,103
development,normal,ekf2_innovation_bias__2019-01-25__17_38_05__baseline,ekf2_innovations.vel_pos_innov[5],105,103
development,normal,ekf2_innovation_bias__2019-01-25__17_38_05__baseline,estimator_status.hagl_test_ratio,105,103
development,normal,ekf2_innovation_bias__2019-01-25__17_38_05__baseline,estimator_status.hgt_test_ratio,105,103
development,normal,ekf2_innovation_bias__2019-01-25__17_38_05__baseline,estimator_status.mag_test_ratio,105,103
development,normal,ekf2_innovation_bias__2019-01-25__17_38_05__baseline,estimator_status.pos_horiz_accuracy,105,103
development,normal,ekf2_innovation_bias__2019-01-25__17_38_05__baseline,estimator_status.pos_test_ratio,105,103
development,normal,ekf2_innovation_bias__2019-01-25__17_38_05__baseline,estimator_status.pos_vert_accuracy,105,103
development,normal,ekf2_innovation_bias__2019-01-25__17_38_05__baseline,estimator_status.vibe[0],105,103
development,normal,ekf2_innovation_bias__2019-01-25__17_38_05__baseline,estimator_status.vibe[1],105,103
development,normal,ekf2_innovation_bias__2019-01-25__17_38_05__baseline,estimator_status.vibe[2],105,103
development,normal,ekf2_innovation_bias__2019-01-25__17_38_05__baseline,manual_control_setpoint.r,105,103
development,normal,ekf2_innovation_bias__2019-01-25__17_38_05__baseline,manual_control_setpoint.x,105,103
development,normal,ekf2_innovation_bias__2019-01-25__17_38_05__baseline,manual_control_setpoint.y,105,103
development,normal,ekf2_innovation_bias__2019-01-25__17_38_05__baseline,manual_control_setpoint.z,105,103
development,normal,ekf2_innovation_bias__2019-01-25__17_38_05__baseline,rate_ctrl_status.pitchspeed_integ,105,103
development,normal,ekf2_innovation_bias__2019-01-25__17_38_05__baseline,rate_ctrl_status.rollspeed_integ,105,103
development,normal,ekf2_innovation_bias__2019-01-25__17_38_05__baseline,rate_ctrl_status.yawspeed_integ,105,103
development,normal,ekf2_innovation_bias__2019-01-25__17_38_05__baseline,sensor_combined.accelerometer_m_s2[0],105,103
development,normal,ekf2_innovation_bias__2019-01-25__17_38_05__baseline,sensor_combined.accelerometer_m_s2[1],105,103
development,normal,ekf2_innovation_bias__2019-01-25__17_38_05__baseline,sensor_combined.accelerometer_m_s2[2],105,103
development,normal,ekf2_innovation_bias__2019-01-25__17_38_05__baseline,sensor_combined.gyro_rad[0],105,103
development,normal,ekf2_innovation_bias__2019-01-25__17_38_05__baseline,sensor_combined.gyro_rad[1],105,103
development,normal,ekf2_innovation_bias__2019-01-25__17_38_05__baseline,sensor_combined.gyro_rad[2],105,103
development,normal,ekf2_innovation_bias__2019-01-25__17_38_05__baseline,sensor_preflight.accel_inconsistency_m_s_s,105,0
development,normal,ekf2_innovation_bias__2019-01-25__17_38_05__baseline,sensor_preflight.gyro_inconsistency_rad_s,105,0
development,normal,ekf2_innovation_bias__2019-01-25__17_38_05__baseline,vehicle_attitude.pitchspeed,105,103
development,normal,ekf2_innovation_bias__2019-01-25__17_38_05__baseline,vehicle_attitude.q[0],105,103
development,normal,ekf2_innovation_bias__2019-01-25__17_38_05__baseline,vehicle_attitude.q[1],105,103
development,normal,ekf2_innovation_bias__2019-01-25__17_38_05__baseline,vehicle_attitude.q[2],105,103
development,normal,ekf2_innovation_bias__2019-01-25__17_38_05__baseline,vehicle_attitude.q[3],105,103
development,normal,ekf2_innovation_bias__2019-01-25__17_38_05__baseline,vehicle_attitude.rollspeed,105,103
development,normal,ekf2_innovation_bias__2019-01-25__17_38_05__baseline,vehicle_attitude.yawspeed,105,103
development,normal,ekf2_innovation_bias__2019-01-25__17_38_05__baseline,vehicle_attitude_setpoint.pitch_body,105,103
development,normal,ekf2_innovation_bias__2019-01-25__17_38_05__baseline,vehicle_attitude_setpoint.roll_body,105,103
development,normal,ekf2_innovation_bias__2019-01-25__17_38_05__baseline,vehicle_attitude_setpoint.yaw_body,105,103
development,normal,ekf2_innovation_bias__2019-01-25__17_38_05__baseline,vehicle_land_detected.ground_contact,105,103
development,normal,ekf2_innovation_bias__2019-01-25__17_38_05__baseline,vehicle_land_detected.landed,105,103
development,normal,ekf2_innovation_bias__2019-01-25__17_38_05__baseline,vehicle_land_detected.maybe_landed,105,103
development,normal,ekf2_innovation_bias__2019-01-25__17_38_05__baseline,vehicle_local_position.ax,105,103
development,normal,ekf2_innovation_bias__2019-01-25__17_38_05__baseline,vehicle_local_position.ay,105,103
development,normal,ekf2_innovation_bias__2019-01-25__17_38_05__baseline,vehicle_local_position.az,105,103
development,normal,ekf2_innovation_bias__2019-01-25__17_38_05__baseline,vehicle_local_position.dist_bottom,105,103
development,normal,ekf2_innovation_bias__2019-01-25__17_38_05__baseline,vehicle_local_position.dist_bottom_rate,105,103
development,normal,ekf2_innovation_bias__2019-01-25__17_38_05__baseline,vehicle_local_position.eph,105,103
development,normal,ekf2_innovation_bias__2019-01-25__17_38_05__baseline,vehicle_local_position.epv,105,103
development,normal,ekf2_innovation_bias__2019-01-25__17_38_05__baseline,vehicle_local_position.vx,105,103
development,normal,ekf2_innovation_bias__2019-01-25__17_38_05__baseline,vehicle_local_position.vy,105,103
development,normal,ekf2_innovation_bias__2019-01-25__17_38_05__baseline,vehicle_local_position.vz,105,103
development,normal,ekf2_innovation_bias__2019-01-25__17_38_05__baseline,vehicle_local_position.x,105,103
development,normal,ekf2_innovation_bias__2019-01-25__17_38_05__baseline,vehicle_local_position.y,105,103
development,normal,ekf2_innovation_bias__2019-01-25__17_38_05__baseline,vehicle_local_position.z,105,103
development,normal,ekf2_innovation_bias__2019-01-25__17_38_05__baseline,vehicle_rates_setpoint.pitch,105,103
development,normal,ekf2_innovation_bias__2019-01-25__17_38_05__baseline,vehicle_rates_setpoint.roll,105,103
development,normal,ekf2_innovation_bias__2019-01-25__17_38_05__baseline,vehicle_rates_setpoint.yaw,105,103
development,normal,ekf2_innovation_bias__2019-01-25__17_38_05__baseline,vehicle_status.arming_state,105,103
development,normal,ekf2_innovation_bias__2019-01-25__17_38_05__baseline,vehicle_status.nav_state,105,103
development,normal,ekf2_innovation_bias__2019-01-25__17_38_05__baseline,vehicle_vision_position.x,105,103
development,normal,ekf2_innovation_bias__2019-01-25__17_38_05__baseline,vehicle_vision_position.y,105,103
development,normal,ekf2_innovation_bias__2019-01-25__17_38_05__baseline,vehicle_vision_position.z,105,103
development,normal,ekf2_innovation_bias__2019-03-06__08_02_26__baseline,actuator_controls_0.control[0],109,107
development,normal,ekf2_innovation_bias__2019-03-06__08_02_26__baseline,actuator_controls_0.control[1],109,107
development,normal,ekf2_innovation_bias__2019-03-06__08_02_26__baseline,actuator_controls_0.control[2],109,107
development,normal,ekf2_innovation_bias__2019-03-06__08_02_26__baseline,actuator_controls_0.control[3],109,107
development,normal,ekf2_innovation_bias__2019-03-06__08_02_26__baseline,actuator_outputs.output[0],109,107
development,normal,ekf2_innovation_bias__2019-03-06__08_02_26__baseline,actuator_outputs.output[1],109,107
development,normal,ekf2_innovation_bias__2019-03-06__08_02_26__baseline,actuator_outputs.output[2],109,107
development,normal,ekf2_innovation_bias__2019-03-06__08_02_26__baseline,actuator_outputs.output[3],109,107
development,normal,ekf2_innovation_bias__2019-03-06__08_02_26__baseline,actuator_outputs.output[4],109,107
development,normal,ekf2_innovation_bias__2019-03-06__08_02_26__baseline,actuator_outputs.output[5],109,107
development,normal,ekf2_innovation_bias__2019-03-06__08_02_26__baseline,actuator_outputs.output[6],109,107
development,normal,ekf2_innovation_bias__2019-03-06__08_02_26__baseline,actuator_outputs.output[7],109,107
development,normal,ekf2_innovation_bias__2019-03-06__08_02_26__baseline,battery_status.current_a,109,107
development,normal,ekf2_innovation_bias__2019-03-06__08_02_26__baseline,battery_status.current_filtered_a,109,107
development,normal,ekf2_innovation_bias__2019-03-06__08_02_26__baseline,battery_status.discharged_mah,109,107
development,normal,ekf2_innovation_bias__2019-03-06__08_02_26__baseline,battery_status.remaining,109,107
development,normal,ekf2_innovation_bias__2019-03-06__08_02_26__baseline,battery_status.voltage_filtered_v,109,107
development,normal,ekf2_innovation_bias__2019-03-06__08_02_26__baseline,battery_status.voltage_v,109,107
development,normal,ekf2_innovation_bias__2019-03-06__08_02_26__baseline,cpuload.load,109,108
development,normal,ekf2_innovation_bias__2019-03-06__08_02_26__baseline,cpuload.ram_usage,109,108
development,normal,ekf2_innovation_bias__2019-03-06__08_02_26__baseline,distance_sensor.current_distance,109,107
development,normal,ekf2_innovation_bias__2019-03-06__08_02_26__baseline,ekf2_innovations.hagl_innov,109,107
development,normal,ekf2_innovation_bias__2019-03-06__08_02_26__baseline,ekf2_innovations.heading_innov,109,107
development,normal,ekf2_innovation_bias__2019-03-06__08_02_26__baseline,ekf2_innovations.output_tracking_error[0],109,107
development,normal,ekf2_innovation_bias__2019-03-06__08_02_26__baseline,ekf2_innovations.output_tracking_error[1],109,107
development,normal,ekf2_innovation_bias__2019-03-06__08_02_26__baseline,ekf2_innovations.output_tracking_error[2],109,107
development,normal,ekf2_innovation_bias__2019-03-06__08_02_26__baseline,ekf2_innovations.vel_pos_innov[3],109,107
development,normal,ekf2_innovation_bias__2019-03-06__08_02_26__baseline,ekf2_innovations.vel_pos_innov[4],109,107
development,normal,ekf2_innovation_bias__2019-03-06__08_02_26__baseline,ekf2_innovations.vel_pos_innov[5],109,107
development,normal,ekf2_innovation_bias__2019-03-06__08_02_26__baseline,estimator_status.hagl_test_ratio,109,107
development,normal,ekf2_innovation_bias__2019-03-06__08_02_26__baseline,estimator_status.hgt_test_ratio,109,107
development,normal,ekf2_innovation_bias__2019-03-06__08_02_26__baseline,estimator_status.mag_test_ratio,109,107
development,normal,ekf2_innovation_bias__2019-03-06__08_02_26__baseline,estimator_status.pos_horiz_accuracy,109,107
development,normal,ekf2_innovation_bias__2019-03-06__08_02_26__baseline,estimator_status.pos_test_ratio,109,107
development,normal,ekf2_innovation_bias__2019-03-06__08_02_26__baseline,estimator_status.pos_vert_accuracy,109,107
development,normal,ekf2_innovation_bias__2019-03-06__08_02_26__baseline,estimator_status.vibe[0],109,107
development,normal,ekf2_innovation_bias__2019-03-06__08_02_26__baseline,estimator_status.vibe[1],109,107
development,normal,ekf2_innovation_bias__2019-03-06__08_02_26__baseline,estimator_status.vibe[2],109,107
development,normal,ekf2_innovation_bias__2019-03-06__08_02_26__baseline,manual_control_setpoint.r,109,107
development,normal,ekf2_innovation_bias__2019-03-06__08_02_26__baseline,manual_control_setpoint.x,109,107
development,normal,ekf2_innovation_bias__2019-03-06__08_02_26__baseline,manual_control_setpoint.y,109,107
development,normal,ekf2_innovation_bias__2019-03-06__08_02_26__baseline,manual_control_setpoint.z,109,107
development,normal,ekf2_innovation_bias__2019-03-06__08_02_26__baseline,rate_ctrl_status.pitchspeed_integ,109,107
development,normal,ekf2_innovation_bias__2019-03-06__08_02_26__baseline,rate_ctrl_status.rollspeed_integ,109,107
development,normal,ekf2_innovation_bias__2019-03-06__08_02_26__baseline,rate_ctrl_status.yawspeed_integ,109,107
development,normal,ekf2_innovation_bias__2019-03-06__08_02_26__baseline,sensor_combined.accelerometer_m_s2[0],109,107
development,normal,ekf2_innovation_bias__2019-03-06__08_02_26__baseline,sensor_combined.accelerometer_m_s2[1],109,107
development,normal,ekf2_innovation_bias__2019-03-06__08_02_26__baseline,sensor_combined.accelerometer_m_s2[2],109,107
development,normal,ekf2_innovation_bias__2019-03-06__08_02_26__baseline,sensor_combined.gyro_rad[0],109,107
development,normal,ekf2_innovation_bias__2019-03-06__08_02_26__baseline,sensor_combined.gyro_rad[1],109,107
development,normal,ekf2_innovation_bias__2019-03-06__08_02_26__baseline,sensor_combined.gyro_rad[2],109,107
development,normal,ekf2_innovation_bias__2019-03-06__08_02_26__baseline,sensor_preflight.accel_inconsistency_m_s_s,109,0
development,normal,ekf2_innovation_bias__2019-03-06__08_02_26__baseline,sensor_preflight.gyro_inconsistency_rad_s,109,0
development,normal,ekf2_innovation_bias__2019-03-06__08_02_26__baseline,vehicle_attitude.pitchspeed,109,107
development,normal,ekf2_innovation_bias__2019-03-06__08_02_26__baseline,vehicle_attitude.q[0],109,107
development,normal,ekf2_innovation_bias__2019-03-06__08_02_26__baseline,vehicle_attitude.q[1],109,107
development,normal,ekf2_innovation_bias__2019-03-06__08_02_26__baseline,vehicle_attitude.q[2],109,107
development,normal,ekf2_innovation_bias__2019-03-06__08_02_26__baseline,vehicle_attitude.q[3],109,107
development,normal,ekf2_innovation_bias__2019-03-06__08_02_26__baseline,vehicle_attitude.rollspeed,109,107
development,normal,ekf2_innovation_bias__2019-03-06__08_02_26__baseline,vehicle_attitude.yawspeed,109,107
development,normal,ekf2_innovation_bias__2019-03-06__08_02_26__baseline,vehicle_attitude_setpoint.pitch_body,109,107
development,normal,ekf2_innovation_bias__2019-03-06__08_02_26__baseline,vehicle_attitude_setpoint.roll_body,109,107
development,normal,ekf2_innovation_bias__2019-03-06__08_02_26__baseline,vehicle_attitude_setpoint.yaw_body,109,107
development,normal,ekf2_innovation_bias__2019-03-06__08_02_26__baseline,vehicle_land_detected.ground_contact,109,107
development,normal,ekf2_innovation_bias__2019-03-06__08_02_26__baseline,vehicle_land_detected.landed,109,107
development,normal,ekf2_innovation_bias__2019-03-06__08_02_26__baseline,vehicle_land_detected.maybe_landed,109,107
development,normal,ekf2_innovation_bias__2019-03-06__08_02_26__baseline,vehicle_local_position.ax,109,107
development,normal,ekf2_innovation_bias__2019-03-06__08_02_26__baseline,vehicle_local_position.ay,109,107
development,normal,ekf2_innovation_bias__2019-03-06__08_02_26__baseline,vehicle_local_position.az,109,107
development,normal,ekf2_innovation_bias__2019-03-06__08_02_26__baseline,vehicle_local_position.dist_bottom,109,107
development,normal,ekf2_innovation_bias__2019-03-06__08_02_26__baseline,vehicle_local_position.dist_bottom_rate,109,107
development,normal,ekf2_innovation_bias__2019-03-06__08_02_26__baseline,vehicle_local_position.eph,109,107
development,normal,ekf2_innovation_bias__2019-03-06__08_02_26__baseline,vehicle_local_position.epv,109,107
development,normal,ekf2_innovation_bias__2019-03-06__08_02_26__baseline,vehicle_local_position.vx,109,107
development,normal,ekf2_innovation_bias__2019-03-06__08_02_26__baseline,vehicle_local_position.vy,109,107
development,normal,ekf2_innovation_bias__2019-03-06__08_02_26__baseline,vehicle_local_position.vz,109,107
development,normal,ekf2_innovation_bias__2019-03-06__08_02_26__baseline,vehicle_local_position.x,109,107
development,normal,ekf2_innovation_bias__2019-03-06__08_02_26__baseline,vehicle_local_position.y,109,107
development,normal,ekf2_innovation_bias__2019-03-06__08_02_26__baseline,vehicle_local_position.z,109,107
development,normal,ekf2_innovation_bias__2019-03-06__08_02_26__baseline,vehicle_rates_setpoint.pitch,109,107
development,normal,ekf2_innovation_bias__2019-03-06__08_02_26__baseline,vehicle_rates_setpoint.roll,109,107
development,normal,ekf2_innovation_bias__2019-03-06__08_02_26__baseline,vehicle_rates_setpoint.yaw,109,107
development,normal,ekf2_innovation_bias__2019-03-06__08_02_26__baseline,vehicle_status.arming_state,109,107
development,normal,ekf2_innovation_bias__2019-03-06__08_02_26__baseline,vehicle_status.nav_state,109,107
development,normal,ekf2_innovation_bias__2019-03-06__08_02_26__baseline,vehicle_vision_position.x,109,107
development,normal,ekf2_innovation_bias__2019-03-06__08_02_26__baseline,vehicle_vision_position.y,109,107
development,normal,ekf2_innovation_bias__2019-03-06__08_02_26__baseline,vehicle_vision_position.z,109,107
development,normal,inav_local_z_freeze__2019-01-18__08_39_38__baseline,actuator_controls_0.control[0],73,71
development,normal,inav_local_z_freeze__2019-01-18__08_39_38__baseline,actuator_controls_0.control[1],73,71
development,normal,inav_local_z_freeze__2019-01-18__08_39_38__baseline,actuator_controls_0.control[2],73,71
development,normal,inav_local_z_freeze__2019-01-18__08_39_38__baseline,actuator_controls_0.control[3],73,71
development,normal,inav_local_z_freeze__2019-01-18__08_39_38__baseline,actuator_outputs.output[0],73,71
development,normal,inav_local_z_freeze__2019-01-18__08_39_38__baseline,actuator_outputs.output[1],73,71
development,normal,inav_local_z_freeze__2019-01-18__08_39_38__baseline,actuator_outputs.output[2],73,71
development,normal,inav_local_z_freeze__2019-01-18__08_39_38__baseline,actuator_outputs.output[3],73,71
development,normal,inav_local_z_freeze__2019-01-18__08_39_38__baseline,actuator_outputs.output[4],73,71
development,normal,inav_local_z_freeze__2019-01-18__08_39_38__baseline,actuator_outputs.output[5],73,71
development,normal,inav_local_z_freeze__2019-01-18__08_39_38__baseline,actuator_outputs.output[6],73,71
development,normal,inav_local_z_freeze__2019-01-18__08_39_38__baseline,actuator_outputs.output[7],73,71
development,normal,inav_local_z_freeze__2019-01-18__08_39_38__baseline,battery_status.current_a,73,71
development,normal,inav_local_z_freeze__2019-01-18__08_39_38__baseline,battery_status.current_filtered_a,73,71
development,normal,inav_local_z_freeze__2019-01-18__08_39_38__baseline,battery_status.discharged_mah,73,71
development,normal,inav_local_z_freeze__2019-01-18__08_39_38__baseline,battery_status.remaining,73,71
development,normal,inav_local_z_freeze__2019-01-18__08_39_38__baseline,battery_status.voltage_filtered_v,73,71
development,normal,inav_local_z_freeze__2019-01-18__08_39_38__baseline,battery_status.voltage_v,73,71
development,normal,inav_local_z_freeze__2019-01-18__08_39_38__baseline,cpuload.load,73,71
development,normal,inav_local_z_freeze__2019-01-18__08_39_38__baseline,cpuload.ram_usage,73,71
development,normal,inav_local_z_freeze__2019-01-18__08_39_38__baseline,distance_sensor.current_distance,73,71
development,normal,inav_local_z_freeze__2019-01-18__08_39_38__baseline,ekf2_innovations.hagl_innov,73,71
development,normal,inav_local_z_freeze__2019-01-18__08_39_38__baseline,ekf2_innovations.heading_innov,73,71
development,normal,inav_local_z_freeze__2019-01-18__08_39_38__baseline,ekf2_innovations.output_tracking_error[0],73,71
development,normal,inav_local_z_freeze__2019-01-18__08_39_38__baseline,ekf2_innovations.output_tracking_error[1],73,71
development,normal,inav_local_z_freeze__2019-01-18__08_39_38__baseline,ekf2_innovations.output_tracking_error[2],73,71
development,normal,inav_local_z_freeze__2019-01-18__08_39_38__baseline,ekf2_innovations.vel_pos_innov[3],73,71
development,normal,inav_local_z_freeze__2019-01-18__08_39_38__baseline,ekf2_innovations.vel_pos_innov[4],73,71
development,normal,inav_local_z_freeze__2019-01-18__08_39_38__baseline,ekf2_innovations.vel_pos_innov[5],73,71
development,normal,inav_local_z_freeze__2019-01-18__08_39_38__baseline,estimator_status.hagl_test_ratio,73,71
development,normal,inav_local_z_freeze__2019-01-18__08_39_38__baseline,estimator_status.hgt_test_ratio,73,71
development,normal,inav_local_z_freeze__2019-01-18__08_39_38__baseline,estimator_status.mag_test_ratio,73,71
development,normal,inav_local_z_freeze__2019-01-18__08_39_38__baseline,estimator_status.pos_horiz_accuracy,73,71
development,normal,inav_local_z_freeze__2019-01-18__08_39_38__baseline,estimator_status.pos_test_ratio,73,71
development,normal,inav_local_z_freeze__2019-01-18__08_39_38__baseline,estimator_status.pos_vert_accuracy,73,71
development,normal,inav_local_z_freeze__2019-01-18__08_39_38__baseline,estimator_status.vibe[0],73,71
development,normal,inav_local_z_freeze__2019-01-18__08_39_38__baseline,estimator_status.vibe[1],73,71
development,normal,inav_local_z_freeze__2019-01-18__08_39_38__baseline,estimator_status.vibe[2],73,71
development,normal,inav_local_z_freeze__2019-01-18__08_39_38__baseline,manual_control_setpoint.r,73,71
development,normal,inav_local_z_freeze__2019-01-18__08_39_38__baseline,manual_control_setpoint.x,73,71
development,normal,inav_local_z_freeze__2019-01-18__08_39_38__baseline,manual_control_setpoint.y,73,71
development,normal,inav_local_z_freeze__2019-01-18__08_39_38__baseline,manual_control_setpoint.z,73,71
development,normal,inav_local_z_freeze__2019-01-18__08_39_38__baseline,rate_ctrl_status.pitchspeed_integ,73,71
development,normal,inav_local_z_freeze__2019-01-18__08_39_38__baseline,rate_ctrl_status.rollspeed_integ,73,71
development,normal,inav_local_z_freeze__2019-01-18__08_39_38__baseline,rate_ctrl_status.yawspeed_integ,73,71
development,normal,inav_local_z_freeze__2019-01-18__08_39_38__baseline,sensor_combined.accelerometer_m_s2[0],73,71
development,normal,inav_local_z_freeze__2019-01-18__08_39_38__baseline,sensor_combined.accelerometer_m_s2[1],73,71
development,normal,inav_local_z_freeze__2019-01-18__08_39_38__baseline,sensor_combined.accelerometer_m_s2[2],73,71
development,normal,inav_local_z_freeze__2019-01-18__08_39_38__baseline,sensor_combined.gyro_rad[0],73,71
development,normal,inav_local_z_freeze__2019-01-18__08_39_38__baseline,sensor_combined.gyro_rad[1],73,71
development,normal,inav_local_z_freeze__2019-01-18__08_39_38__baseline,sensor_combined.gyro_rad[2],73,71
development,normal,inav_local_z_freeze__2019-01-18__08_39_38__baseline,sensor_preflight.accel_inconsistency_m_s_s,73,0
development,normal,inav_local_z_freeze__2019-01-18__08_39_38__baseline,sensor_preflight.gyro_inconsistency_rad_s,73,0
development,normal,inav_local_z_freeze__2019-01-18__08_39_38__baseline,vehicle_attitude.pitchspeed,73,71
development,normal,inav_local_z_freeze__2019-01-18__08_39_38__baseline,vehicle_attitude.q[0],73,71
development,normal,inav_local_z_freeze__2019-01-18__08_39_38__baseline,vehicle_attitude.q[1],73,71
development,normal,inav_local_z_freeze__2019-01-18__08_39_38__baseline,vehicle_attitude.q[2],73,71
development,normal,inav_local_z_freeze__2019-01-18__08_39_38__baseline,vehicle_attitude.q[3],73,71
development,normal,inav_local_z_freeze__2019-01-18__08_39_38__baseline,vehicle_attitude.rollspeed,73,71
development,normal,inav_local_z_freeze__2019-01-18__08_39_38__baseline,vehicle_attitude.yawspeed,73,71
development,normal,inav_local_z_freeze__2019-01-18__08_39_38__baseline,vehicle_attitude_setpoint.pitch_body,73,71
development,normal,inav_local_z_freeze__2019-01-18__08_39_38__baseline,vehicle_attitude_setpoint.roll_body,73,71
development,normal,inav_local_z_freeze__2019-01-18__08_39_38__baseline,vehicle_attitude_setpoint.yaw_body,73,71
development,normal,inav_local_z_freeze__2019-01-18__08_39_38__baseline,vehicle_land_detected.ground_contact,73,71
development,normal,inav_local_z_freeze__2019-01-18__08_39_38__baseline,vehicle_land_detected.landed,73,71
development,normal,inav_local_z_freeze__2019-01-18__08_39_38__baseline,vehicle_land_detected.maybe_landed,73,71
development,normal,inav_local_z_freeze__2019-01-18__08_39_38__baseline,vehicle_local_position.ax,73,69
development,normal,inav_local_z_freeze__2019-01-18__08_39_38__baseline,vehicle_local_position.ay,73,69
development,normal,inav_local_z_freeze__2019-01-18__08_39_38__baseline,vehicle_local_position.az,73,69
development,normal,inav_local_z_freeze__2019-01-18__08_39_38__baseline,vehicle_local_position.dist_bottom,73,69
development,normal,inav_local_z_freeze__2019-01-18__08_39_38__baseline,vehicle_local_position.dist_bottom_rate,73,69
development,normal,inav_local_z_freeze__2019-01-18__08_39_38__baseline,vehicle_local_position.eph,73,69
development,normal,inav_local_z_freeze__2019-01-18__08_39_38__baseline,vehicle_local_position.epv,73,69
development,normal,inav_local_z_freeze__2019-01-18__08_39_38__baseline,vehicle_local_position.vx,73,69
development,normal,inav_local_z_freeze__2019-01-18__08_39_38__baseline,vehicle_local_position.vy,73,69
development,normal,inav_local_z_freeze__2019-01-18__08_39_38__baseline,vehicle_local_position.vz,73,69
development,normal,inav_local_z_freeze__2019-01-18__08_39_38__baseline,vehicle_local_position.x,73,69
development,normal,inav_local_z_freeze__2019-01-18__08_39_38__baseline,vehicle_local_position.y,73,69
development,normal,inav_local_z_freeze__2019-01-18__08_39_38__baseline,vehicle_local_position.z,73,69
development,normal,inav_local_z_freeze__2019-01-18__08_39_38__baseline,vehicle_rates_setpoint.pitch,73,71
development,normal,inav_local_z_freeze__2019-01-18__08_39_38__baseline,vehicle_rates_setpoint.roll,73,71
development,normal,inav_local_z_freeze__2019-01-18__08_39_38__baseline,vehicle_rates_setpoint.yaw,73,71
development,normal,inav_local_z_freeze__2019-01-18__08_39_38__baseline,vehicle_status.arming_state,73,71
development,normal,inav_local_z_freeze__2019-01-18__08_39_38__baseline,vehicle_status.nav_state,73,71
development,normal,inav_local_z_freeze__2019-01-18__08_39_38__baseline,vehicle_vision_position.x,73,71
development,normal,inav_local_z_freeze__2019-01-18__08_39_38__baseline,vehicle_vision_position.y,73,71
development,normal,inav_local_z_freeze__2019-01-18__08_39_38__baseline,vehicle_vision_position.z,73,71
development,normal,inav_local_z_freeze__2019-01-25__17_38_05__baseline,actuator_controls_0.control[0],105,103
development,normal,inav_local_z_freeze__2019-01-25__17_38_05__baseline,actuator_controls_0.control[1],105,103
development,normal,inav_local_z_freeze__2019-01-25__17_38_05__baseline,actuator_controls_0.control[2],105,103
development,normal,inav_local_z_freeze__2019-01-25__17_38_05__baseline,actuator_controls_0.control[3],105,103
development,normal,inav_local_z_freeze__2019-01-25__17_38_05__baseline,actuator_outputs.output[0],105,103
development,normal,inav_local_z_freeze__2019-01-25__17_38_05__baseline,actuator_outputs.output[1],105,103
development,normal,inav_local_z_freeze__2019-01-25__17_38_05__baseline,actuator_outputs.output[2],105,103
development,normal,inav_local_z_freeze__2019-01-25__17_38_05__baseline,actuator_outputs.output[3],105,103
development,normal,inav_local_z_freeze__2019-01-25__17_38_05__baseline,actuator_outputs.output[4],105,103
development,normal,inav_local_z_freeze__2019-01-25__17_38_05__baseline,actuator_outputs.output[5],105,103
development,normal,inav_local_z_freeze__2019-01-25__17_38_05__baseline,actuator_outputs.output[6],105,103
development,normal,inav_local_z_freeze__2019-01-25__17_38_05__baseline,actuator_outputs.output[7],105,103
development,normal,inav_local_z_freeze__2019-01-25__17_38_05__baseline,battery_status.current_a,105,103
development,normal,inav_local_z_freeze__2019-01-25__17_38_05__baseline,battery_status.current_filtered_a,105,103
development,normal,inav_local_z_freeze__2019-01-25__17_38_05__baseline,battery_status.discharged_mah,105,103
development,normal,inav_local_z_freeze__2019-01-25__17_38_05__baseline,battery_status.remaining,105,103
development,normal,inav_local_z_freeze__2019-01-25__17_38_05__baseline,battery_status.voltage_filtered_v,105,103
development,normal,inav_local_z_freeze__2019-01-25__17_38_05__baseline,battery_status.voltage_v,105,103
development,normal,inav_local_z_freeze__2019-01-25__17_38_05__baseline,cpuload.load,105,103
development,normal,inav_local_z_freeze__2019-01-25__17_38_05__baseline,cpuload.ram_usage,105,103
development,normal,inav_local_z_freeze__2019-01-25__17_38_05__baseline,distance_sensor.current_distance,105,103
development,normal,inav_local_z_freeze__2019-01-25__17_38_05__baseline,ekf2_innovations.hagl_innov,105,103
development,normal,inav_local_z_freeze__2019-01-25__17_38_05__baseline,ekf2_innovations.heading_innov,105,103
development,normal,inav_local_z_freeze__2019-01-25__17_38_05__baseline,ekf2_innovations.output_tracking_error[0],105,103
development,normal,inav_local_z_freeze__2019-01-25__17_38_05__baseline,ekf2_innovations.output_tracking_error[1],105,103
development,normal,inav_local_z_freeze__2019-01-25__17_38_05__baseline,ekf2_innovations.output_tracking_error[2],105,103
development,normal,inav_local_z_freeze__2019-01-25__17_38_05__baseline,ekf2_innovations.vel_pos_innov[3],105,103
development,normal,inav_local_z_freeze__2019-01-25__17_38_05__baseline,ekf2_innovations.vel_pos_innov[4],105,103
development,normal,inav_local_z_freeze__2019-01-25__17_38_05__baseline,ekf2_innovations.vel_pos_innov[5],105,103
development,normal,inav_local_z_freeze__2019-01-25__17_38_05__baseline,estimator_status.hagl_test_ratio,105,103
development,normal,inav_local_z_freeze__2019-01-25__17_38_05__baseline,estimator_status.hgt_test_ratio,105,103
development,normal,inav_local_z_freeze__2019-01-25__17_38_05__baseline,estimator_status.mag_test_ratio,105,103
development,normal,inav_local_z_freeze__2019-01-25__17_38_05__baseline,estimator_status.pos_horiz_accuracy,105,103
development,normal,inav_local_z_freeze__2019-01-25__17_38_05__baseline,estimator_status.pos_test_ratio,105,103
development,normal,inav_local_z_freeze__2019-01-25__17_38_05__baseline,estimator_status.pos_vert_accuracy,105,103
development,normal,inav_local_z_freeze__2019-01-25__17_38_05__baseline,estimator_status.vibe[0],105,103
development,normal,inav_local_z_freeze__2019-01-25__17_38_05__baseline,estimator_status.vibe[1],105,103
development,normal,inav_local_z_freeze__2019-01-25__17_38_05__baseline,estimator_status.vibe[2],105,103
development,normal,inav_local_z_freeze__2019-01-25__17_38_05__baseline,manual_control_setpoint.r,105,103
development,normal,inav_local_z_freeze__2019-01-25__17_38_05__baseline,manual_control_setpoint.x,105,103
development,normal,inav_local_z_freeze__2019-01-25__17_38_05__baseline,manual_control_setpoint.y,105,103
development,normal,inav_local_z_freeze__2019-01-25__17_38_05__baseline,manual_control_setpoint.z,105,103
development,normal,inav_local_z_freeze__2019-01-25__17_38_05__baseline,rate_ctrl_status.pitchspeed_integ,105,103
development,normal,inav_local_z_freeze__2019-01-25__17_38_05__baseline,rate_ctrl_status.rollspeed_integ,105,103
development,normal,inav_local_z_freeze__2019-01-25__17_38_05__baseline,rate_ctrl_status.yawspeed_integ,105,103
development,normal,inav_local_z_freeze__2019-01-25__17_38_05__baseline,sensor_combined.accelerometer_m_s2[0],105,103
development,normal,inav_local_z_freeze__2019-01-25__17_38_05__baseline,sensor_combined.accelerometer_m_s2[1],105,103
development,normal,inav_local_z_freeze__2019-01-25__17_38_05__baseline,sensor_combined.accelerometer_m_s2[2],105,103
development,normal,inav_local_z_freeze__2019-01-25__17_38_05__baseline,sensor_combined.gyro_rad[0],105,103
development,normal,inav_local_z_freeze__2019-01-25__17_38_05__baseline,sensor_combined.gyro_rad[1],105,103
development,normal,inav_local_z_freeze__2019-01-25__17_38_05__baseline,sensor_combined.gyro_rad[2],105,103
development,normal,inav_local_z_freeze__2019-01-25__17_38_05__baseline,sensor_preflight.accel_inconsistency_m_s_s,105,0
development,normal,inav_local_z_freeze__2019-01-25__17_38_05__baseline,sensor_preflight.gyro_inconsistency_rad_s,105,0
development,normal,inav_local_z_freeze__2019-01-25__17_38_05__baseline,vehicle_attitude.pitchspeed,105,103
development,normal,inav_local_z_freeze__2019-01-25__17_38_05__baseline,vehicle_attitude.q[0],105,103
development,normal,inav_local_z_freeze__2019-01-25__17_38_05__baseline,vehicle_attitude.q[1],105,103
development,normal,inav_local_z_freeze__2019-01-25__17_38_05__baseline,vehicle_attitude.q[2],105,103
development,normal,inav_local_z_freeze__2019-01-25__17_38_05__baseline,vehicle_attitude.q[3],105,103
development,normal,inav_local_z_freeze__2019-01-25__17_38_05__baseline,vehicle_attitude.rollspeed,105,103
development,normal,inav_local_z_freeze__2019-01-25__17_38_05__baseline,vehicle_attitude.yawspeed,105,103
development,normal,inav_local_z_freeze__2019-01-25__17_38_05__baseline,vehicle_attitude_setpoint.pitch_body,105,103
development,normal,inav_local_z_freeze__2019-01-25__17_38_05__baseline,vehicle_attitude_setpoint.roll_body,105,103
development,normal,inav_local_z_freeze__2019-01-25__17_38_05__baseline,vehicle_attitude_setpoint.yaw_body,105,103
development,normal,inav_local_z_freeze__2019-01-25__17_38_05__baseline,vehicle_land_detected.ground_contact,105,103
development,normal,inav_local_z_freeze__2019-01-25__17_38_05__baseline,vehicle_land_detected.landed,105,103
development,normal,inav_local_z_freeze__2019-01-25__17_38_05__baseline,vehicle_land_detected.maybe_landed,105,103
development,normal,inav_local_z_freeze__2019-01-25__17_38_05__baseline,vehicle_local_position.ax,105,101
development,normal,inav_local_z_freeze__2019-01-25__17_38_05__baseline,vehicle_local_position.ay,105,101
development,normal,inav_local_z_freeze__2019-01-25__17_38_05__baseline,vehicle_local_position.az,105,101
development,normal,inav_local_z_freeze__2019-01-25__17_38_05__baseline,vehicle_local_position.dist_bottom,105,101
development,normal,inav_local_z_freeze__2019-01-25__17_38_05__baseline,vehicle_local_position.dist_bottom_rate,105,101
development,normal,inav_local_z_freeze__2019-01-25__17_38_05__baseline,vehicle_local_position.eph,105,101
development,normal,inav_local_z_freeze__2019-01-25__17_38_05__baseline,vehicle_local_position.epv,105,101
development,normal,inav_local_z_freeze__2019-01-25__17_38_05__baseline,vehicle_local_position.vx,105,101
development,normal,inav_local_z_freeze__2019-01-25__17_38_05__baseline,vehicle_local_position.vy,105,101
development,normal,inav_local_z_freeze__2019-01-25__17_38_05__baseline,vehicle_local_position.vz,105,101
development,normal,inav_local_z_freeze__2019-01-25__17_38_05__baseline,vehicle_local_position.x,105,101
development,normal,inav_local_z_freeze__2019-01-25__17_38_05__baseline,vehicle_local_position.y,105,101
development,normal,inav_local_z_freeze__2019-01-25__17_38_05__baseline,vehicle_local_position.z,105,101
development,normal,inav_local_z_freeze__2019-01-25__17_38_05__baseline,vehicle_rates_setpoint.pitch,105,103
development,normal,inav_local_z_freeze__2019-01-25__17_38_05__baseline,vehicle_rates_setpoint.roll,105,103
development,normal,inav_local_z_freeze__2019-01-25__17_38_05__baseline,vehicle_rates_setpoint.yaw,105,103
development,normal,inav_local_z_freeze__2019-01-25__17_38_05__baseline,vehicle_status.arming_state,105,103
development,normal,inav_local_z_freeze__2019-01-25__17_38_05__baseline,vehicle_status.nav_state,105,103
development,normal,inav_local_z_freeze__2019-01-25__17_38_05__baseline,vehicle_vision_position.x,105,103
development,normal,inav_local_z_freeze__2019-01-25__17_38_05__baseline,vehicle_vision_position.y,105,103
development,normal,inav_local_z_freeze__2019-01-25__17_38_05__baseline,vehicle_vision_position.z,105,103
development,normal,inav_local_z_freeze__2019-03-06__08_02_26__baseline,actuator_controls_0.control[0],109,107
development,normal,inav_local_z_freeze__2019-03-06__08_02_26__baseline,actuator_controls_0.control[1],109,107
development,normal,inav_local_z_freeze__2019-03-06__08_02_26__baseline,actuator_controls_0.control[2],109,107
development,normal,inav_local_z_freeze__2019-03-06__08_02_26__baseline,actuator_controls_0.control[3],109,107
development,normal,inav_local_z_freeze__2019-03-06__08_02_26__baseline,actuator_outputs.output[0],109,107
development,normal,inav_local_z_freeze__2019-03-06__08_02_26__baseline,actuator_outputs.output[1],109,107
development,normal,inav_local_z_freeze__2019-03-06__08_02_26__baseline,actuator_outputs.output[2],109,107
development,normal,inav_local_z_freeze__2019-03-06__08_02_26__baseline,actuator_outputs.output[3],109,107
development,normal,inav_local_z_freeze__2019-03-06__08_02_26__baseline,actuator_outputs.output[4],109,107
development,normal,inav_local_z_freeze__2019-03-06__08_02_26__baseline,actuator_outputs.output[5],109,107
development,normal,inav_local_z_freeze__2019-03-06__08_02_26__baseline,actuator_outputs.output[6],109,107
development,normal,inav_local_z_freeze__2019-03-06__08_02_26__baseline,actuator_outputs.output[7],109,107
development,normal,inav_local_z_freeze__2019-03-06__08_02_26__baseline,battery_status.current_a,109,107
development,normal,inav_local_z_freeze__2019-03-06__08_02_26__baseline,battery_status.current_filtered_a,109,107
development,normal,inav_local_z_freeze__2019-03-06__08_02_26__baseline,battery_status.discharged_mah,109,107
development,normal,inav_local_z_freeze__2019-03-06__08_02_26__baseline,battery_status.remaining,109,107
development,normal,inav_local_z_freeze__2019-03-06__08_02_26__baseline,battery_status.voltage_filtered_v,109,107
development,normal,inav_local_z_freeze__2019-03-06__08_02_26__baseline,battery_status.voltage_v,109,107
development,normal,inav_local_z_freeze__2019-03-06__08_02_26__baseline,cpuload.load,109,108
development,normal,inav_local_z_freeze__2019-03-06__08_02_26__baseline,cpuload.ram_usage,109,108
development,normal,inav_local_z_freeze__2019-03-06__08_02_26__baseline,distance_sensor.current_distance,109,107
development,normal,inav_local_z_freeze__2019-03-06__08_02_26__baseline,ekf2_innovations.hagl_innov,109,107
development,normal,inav_local_z_freeze__2019-03-06__08_02_26__baseline,ekf2_innovations.heading_innov,109,107
development,normal,inav_local_z_freeze__2019-03-06__08_02_26__baseline,ekf2_innovations.output_tracking_error[0],109,107
development,normal,inav_local_z_freeze__2019-03-06__08_02_26__baseline,ekf2_innovations.output_tracking_error[1],109,107
development,normal,inav_local_z_freeze__2019-03-06__08_02_26__baseline,ekf2_innovations.output_tracking_error[2],109,107
development,normal,inav_local_z_freeze__2019-03-06__08_02_26__baseline,ekf2_innovations.vel_pos_innov[3],109,107
development,normal,inav_local_z_freeze__2019-03-06__08_02_26__baseline,ekf2_innovations.vel_pos_innov[4],109,107
development,normal,inav_local_z_freeze__2019-03-06__08_02_26__baseline,ekf2_innovations.vel_pos_innov[5],109,107
development,normal,inav_local_z_freeze__2019-03-06__08_02_26__baseline,estimator_status.hagl_test_ratio,109,107
development,normal,inav_local_z_freeze__2019-03-06__08_02_26__baseline,estimator_status.hgt_test_ratio,109,107
development,normal,inav_local_z_freeze__2019-03-06__08_02_26__baseline,estimator_status.mag_test_ratio,109,107
development,normal,inav_local_z_freeze__2019-03-06__08_02_26__baseline,estimator_status.pos_horiz_accuracy,109,107
development,normal,inav_local_z_freeze__2019-03-06__08_02_26__baseline,estimator_status.pos_test_ratio,109,107
development,normal,inav_local_z_freeze__2019-03-06__08_02_26__baseline,estimator_status.pos_vert_accuracy,109,107
development,normal,inav_local_z_freeze__2019-03-06__08_02_26__baseline,estimator_status.vibe[0],109,107
development,normal,inav_local_z_freeze__2019-03-06__08_02_26__baseline,estimator_status.vibe[1],109,107
development,normal,inav_local_z_freeze__2019-03-06__08_02_26__baseline,estimator_status.vibe[2],109,107
development,normal,inav_local_z_freeze__2019-03-06__08_02_26__baseline,manual_control_setpoint.r,109,107
development,normal,inav_local_z_freeze__2019-03-06__08_02_26__baseline,manual_control_setpoint.x,109,107
development,normal,inav_local_z_freeze__2019-03-06__08_02_26__baseline,manual_control_setpoint.y,109,107
development,normal,inav_local_z_freeze__2019-03-06__08_02_26__baseline,manual_control_setpoint.z,109,107
development,normal,inav_local_z_freeze__2019-03-06__08_02_26__baseline,rate_ctrl_status.pitchspeed_integ,109,107
development,normal,inav_local_z_freeze__2019-03-06__08_02_26__baseline,rate_ctrl_status.rollspeed_integ,109,107
development,normal,inav_local_z_freeze__2019-03-06__08_02_26__baseline,rate_ctrl_status.yawspeed_integ,109,107
development,normal,inav_local_z_freeze__2019-03-06__08_02_26__baseline,sensor_combined.accelerometer_m_s2[0],109,107
development,normal,inav_local_z_freeze__2019-03-06__08_02_26__baseline,sensor_combined.accelerometer_m_s2[1],109,107
development,normal,inav_local_z_freeze__2019-03-06__08_02_26__baseline,sensor_combined.accelerometer_m_s2[2],109,107
development,normal,inav_local_z_freeze__2019-03-06__08_02_26__baseline,sensor_combined.gyro_rad[0],109,107
development,normal,inav_local_z_freeze__2019-03-06__08_02_26__baseline,sensor_combined.gyro_rad[1],109,107
development,normal,inav_local_z_freeze__2019-03-06__08_02_26__baseline,sensor_combined.gyro_rad[2],109,107
development,normal,inav_local_z_freeze__2019-03-06__08_02_26__baseline,sensor_preflight.accel_inconsistency_m_s_s,109,0
development,normal,inav_local_z_freeze__2019-03-06__08_02_26__baseline,sensor_preflight.gyro_inconsistency_rad_s,109,0
development,normal,inav_local_z_freeze__2019-03-06__08_02_26__baseline,vehicle_attitude.pitchspeed,109,107
development,normal,inav_local_z_freeze__2019-03-06__08_02_26__baseline,vehicle_attitude.q[0],109,107
development,normal,inav_local_z_freeze__2019-03-06__08_02_26__baseline,vehicle_attitude.q[1],109,107
development,normal,inav_local_z_freeze__2019-03-06__08_02_26__baseline,vehicle_attitude.q[2],109,107
development,normal,inav_local_z_freeze__2019-03-06__08_02_26__baseline,vehicle_attitude.q[3],109,107
development,normal,inav_local_z_freeze__2019-03-06__08_02_26__baseline,vehicle_attitude.rollspeed,109,107
development,normal,inav_local_z_freeze__2019-03-06__08_02_26__baseline,vehicle_attitude.yawspeed,109,107
development,normal,inav_local_z_freeze__2019-03-06__08_02_26__baseline,vehicle_attitude_setpoint.pitch_body,109,107
development,normal,inav_local_z_freeze__2019-03-06__08_02_26__baseline,vehicle_attitude_setpoint.roll_body,109,107
development,normal,inav_local_z_freeze__2019-03-06__08_02_26__baseline,vehicle_attitude_setpoint.yaw_body,109,107
development,normal,inav_local_z_freeze__2019-03-06__08_02_26__baseline,vehicle_land_detected.ground_contact,109,107
development,normal,inav_local_z_freeze__2019-03-06__08_02_26__baseline,vehicle_land_detected.landed,109,107
development,normal,inav_local_z_freeze__2019-03-06__08_02_26__baseline,vehicle_land_detected.maybe_landed,109,107
development,normal,inav_local_z_freeze__2019-03-06__08_02_26__baseline,vehicle_local_position.ax,109,105
development,normal,inav_local_z_freeze__2019-03-06__08_02_26__baseline,vehicle_local_position.ay,109,105
development,normal,inav_local_z_freeze__2019-03-06__08_02_26__baseline,vehicle_local_position.az,109,105
development,normal,inav_local_z_freeze__2019-03-06__08_02_26__baseline,vehicle_local_position.dist_bottom,109,105
development,normal,inav_local_z_freeze__2019-03-06__08_02_26__baseline,vehicle_local_position.dist_bottom_rate,109,105
development,normal,inav_local_z_freeze__2019-03-06__08_02_26__baseline,vehicle_local_position.eph,109,105
development,normal,inav_local_z_freeze__2019-03-06__08_02_26__baseline,vehicle_local_position.epv,109,105
development,normal,inav_local_z_freeze__2019-03-06__08_02_26__baseline,vehicle_local_position.vx,109,105
development,normal,inav_local_z_freeze__2019-03-06__08_02_26__baseline,vehicle_local_position.vy,109,105
development,normal,inav_local_z_freeze__2019-03-06__08_02_26__baseline,vehicle_local_position.vz,109,105
development,normal,inav_local_z_freeze__2019-03-06__08_02_26__baseline,vehicle_local_position.x,109,105
development,normal,inav_local_z_freeze__2019-03-06__08_02_26__baseline,vehicle_local_position.y,109,105
development,normal,inav_local_z_freeze__2019-03-06__08_02_26__baseline,vehicle_local_position.z,109,105
development,normal,inav_local_z_freeze__2019-03-06__08_02_26__baseline,vehicle_rates_setpoint.pitch,109,107
development,normal,inav_local_z_freeze__2019-03-06__08_02_26__baseline,vehicle_rates_setpoint.roll,109,107
development,normal,inav_local_z_freeze__2019-03-06__08_02_26__baseline,vehicle_rates_setpoint.yaw,109,107
development,normal,inav_local_z_freeze__2019-03-06__08_02_26__baseline,vehicle_status.arming_state,109,107
development,normal,inav_local_z_freeze__2019-03-06__08_02_26__baseline,vehicle_status.nav_state,109,107
development,normal,inav_local_z_freeze__2019-03-06__08_02_26__baseline,vehicle_vision_position.x,109,107
development,normal,inav_local_z_freeze__2019-03-06__08_02_26__baseline,vehicle_vision_position.y,109,107
development,normal,inav_local_z_freeze__2019-03-06__08_02_26__baseline,vehicle_vision_position.z,109,107
development,normal,land_detector_state_inversion__2019-01-18__08_39_38__baseline,actuator_controls_0.control[0],73,71
development,normal,land_detector_state_inversion__2019-01-18__08_39_38__baseline,actuator_controls_0.control[1],73,71
development,normal,land_detector_state_inversion__2019-01-18__08_39_38__baseline,actuator_controls_0.control[2],73,71
development,normal,land_detector_state_inversion__2019-01-18__08_39_38__baseline,actuator_controls_0.control[3],73,71
development,normal,land_detector_state_inversion__2019-01-18__08_39_38__baseline,actuator_outputs.output[0],73,71
development,normal,land_detector_state_inversion__2019-01-18__08_39_38__baseline,actuator_outputs.output[1],73,71
development,normal,land_detector_state_inversion__2019-01-18__08_39_38__baseline,actuator_outputs.output[2],73,71
development,normal,land_detector_state_inversion__2019-01-18__08_39_38__baseline,actuator_outputs.output[3],73,71
development,normal,land_detector_state_inversion__2019-01-18__08_39_38__baseline,actuator_outputs.output[4],73,71
development,normal,land_detector_state_inversion__2019-01-18__08_39_38__baseline,actuator_outputs.output[5],73,71
development,normal,land_detector_state_inversion__2019-01-18__08_39_38__baseline,actuator_outputs.output[6],73,71
development,normal,land_detector_state_inversion__2019-01-18__08_39_38__baseline,actuator_outputs.output[7],73,71
development,normal,land_detector_state_inversion__2019-01-18__08_39_38__baseline,battery_status.current_a,73,71
development,normal,land_detector_state_inversion__2019-01-18__08_39_38__baseline,battery_status.current_filtered_a,73,71
development,normal,land_detector_state_inversion__2019-01-18__08_39_38__baseline,battery_status.discharged_mah,73,71
development,normal,land_detector_state_inversion__2019-01-18__08_39_38__baseline,battery_status.remaining,73,71
development,normal,land_detector_state_inversion__2019-01-18__08_39_38__baseline,battery_status.voltage_filtered_v,73,71
development,normal,land_detector_state_inversion__2019-01-18__08_39_38__baseline,battery_status.voltage_v,73,71
development,normal,land_detector_state_inversion__2019-01-18__08_39_38__baseline,cpuload.load,73,71
development,normal,land_detector_state_inversion__2019-01-18__08_39_38__baseline,cpuload.ram_usage,73,71
development,normal,land_detector_state_inversion__2019-01-18__08_39_38__baseline,distance_sensor.current_distance,73,71
development,normal,land_detector_state_inversion__2019-01-18__08_39_38__baseline,ekf2_innovations.hagl_innov,73,71
development,normal,land_detector_state_inversion__2019-01-18__08_39_38__baseline,ekf2_innovations.heading_innov,73,71
development,normal,land_detector_state_inversion__2019-01-18__08_39_38__baseline,ekf2_innovations.output_tracking_error[0],73,71
development,normal,land_detector_state_inversion__2019-01-18__08_39_38__baseline,ekf2_innovations.output_tracking_error[1],73,71
development,normal,land_detector_state_inversion__2019-01-18__08_39_38__baseline,ekf2_innovations.output_tracking_error[2],73,71
development,normal,land_detector_state_inversion__2019-01-18__08_39_38__baseline,ekf2_innovations.vel_pos_innov[3],73,71
development,normal,land_detector_state_inversion__2019-01-18__08_39_38__baseline,ekf2_innovations.vel_pos_innov[4],73,71
development,normal,land_detector_state_inversion__2019-01-18__08_39_38__baseline,ekf2_innovations.vel_pos_innov[5],73,71
development,normal,land_detector_state_inversion__2019-01-18__08_39_38__baseline,estimator_status.hagl_test_ratio,73,71
development,normal,land_detector_state_inversion__2019-01-18__08_39_38__baseline,estimator_status.hgt_test_ratio,73,71
development,normal,land_detector_state_inversion__2019-01-18__08_39_38__baseline,estimator_status.mag_test_ratio,73,71
development,normal,land_detector_state_inversion__2019-01-18__08_39_38__baseline,estimator_status.pos_horiz_accuracy,73,71
development,normal,land_detector_state_inversion__2019-01-18__08_39_38__baseline,estimator_status.pos_test_ratio,73,71
development,normal,land_detector_state_inversion__2019-01-18__08_39_38__baseline,estimator_status.pos_vert_accuracy,73,71
development,normal,land_detector_state_inversion__2019-01-18__08_39_38__baseline,estimator_status.vibe[0],73,71
development,normal,land_detector_state_inversion__2019-01-18__08_39_38__baseline,estimator_status.vibe[1],73,71
development,normal,land_detector_state_inversion__2019-01-18__08_39_38__baseline,estimator_status.vibe[2],73,71
development,normal,land_detector_state_inversion__2019-01-18__08_39_38__baseline,manual_control_setpoint.r,73,71
development,normal,land_detector_state_inversion__2019-01-18__08_39_38__baseline,manual_control_setpoint.x,73,71
development,normal,land_detector_state_inversion__2019-01-18__08_39_38__baseline,manual_control_setpoint.y,73,71
development,normal,land_detector_state_inversion__2019-01-18__08_39_38__baseline,manual_control_setpoint.z,73,71
development,normal,land_detector_state_inversion__2019-01-18__08_39_38__baseline,rate_ctrl_status.pitchspeed_integ,73,71
development,normal,land_detector_state_inversion__2019-01-18__08_39_38__baseline,rate_ctrl_status.rollspeed_integ,73,71
development,normal,land_detector_state_inversion__2019-01-18__08_39_38__baseline,rate_ctrl_status.yawspeed_integ,73,71
development,normal,land_detector_state_inversion__2019-01-18__08_39_38__baseline,sensor_combined.accelerometer_m_s2[0],73,71
development,normal,land_detector_state_inversion__2019-01-18__08_39_38__baseline,sensor_combined.accelerometer_m_s2[1],73,71
development,normal,land_detector_state_inversion__2019-01-18__08_39_38__baseline,sensor_combined.accelerometer_m_s2[2],73,71
development,normal,land_detector_state_inversion__2019-01-18__08_39_38__baseline,sensor_combined.gyro_rad[0],73,71
development,normal,land_detector_state_inversion__2019-01-18__08_39_38__baseline,sensor_combined.gyro_rad[1],73,71
development,normal,land_detector_state_inversion__2019-01-18__08_39_38__baseline,sensor_combined.gyro_rad[2],73,71
development,normal,land_detector_state_inversion__2019-01-18__08_39_38__baseline,sensor_preflight.accel_inconsistency_m_s_s,73,0
development,normal,land_detector_state_inversion__2019-01-18__08_39_38__baseline,sensor_preflight.gyro_inconsistency_rad_s,73,0
development,normal,land_detector_state_inversion__2019-01-18__08_39_38__baseline,vehicle_attitude.pitchspeed,73,71
development,normal,land_detector_state_inversion__2019-01-18__08_39_38__baseline,vehicle_attitude.q[0],73,71
development,normal,land_detector_state_inversion__2019-01-18__08_39_38__baseline,vehicle_attitude.q[1],73,71
development,normal,land_detector_state_inversion__2019-01-18__08_39_38__baseline,vehicle_attitude.q[2],73,71
development,normal,land_detector_state_inversion__2019-01-18__08_39_38__baseline,vehicle_attitude.q[3],73,71
development,normal,land_detector_state_inversion__2019-01-18__08_39_38__baseline,vehicle_attitude.rollspeed,73,71
development,normal,land_detector_state_inversion__2019-01-18__08_39_38__baseline,vehicle_attitude.yawspeed,73,71
development,normal,land_detector_state_inversion__2019-01-18__08_39_38__baseline,vehicle_attitude_setpoint.pitch_body,73,71
development,normal,land_detector_state_inversion__2019-01-18__08_39_38__baseline,vehicle_attitude_setpoint.roll_body,73,71
development,normal,land_detector_state_inversion__2019-01-18__08_39_38__baseline,vehicle_attitude_setpoint.yaw_body,73,71
development,normal,land_detector_state_inversion__2019-01-18__08_39_38__baseline,vehicle_land_detected.ground_contact,73,35
development,normal,land_detector_state_inversion__2019-01-18__08_39_38__baseline,vehicle_land_detected.landed,73,35
development,normal,land_detector_state_inversion__2019-01-18__08_39_38__baseline,vehicle_land_detected.maybe_landed,73,35
development,normal,land_detector_state_inversion__2019-01-18__08_39_38__baseline,vehicle_local_position.ax,73,71
development,normal,land_detector_state_inversion__2019-01-18__08_39_38__baseline,vehicle_local_position.ay,73,71
development,normal,land_detector_state_inversion__2019-01-18__08_39_38__baseline,vehicle_local_position.az,73,71
development,normal,land_detector_state_inversion__2019-01-18__08_39_38__baseline,vehicle_local_position.dist_bottom,73,71
development,normal,land_detector_state_inversion__2019-01-18__08_39_38__baseline,vehicle_local_position.dist_bottom_rate,73,71
development,normal,land_detector_state_inversion__2019-01-18__08_39_38__baseline,vehicle_local_position.eph,73,71
development,normal,land_detector_state_inversion__2019-01-18__08_39_38__baseline,vehicle_local_position.epv,73,71
development,normal,land_detector_state_inversion__2019-01-18__08_39_38__baseline,vehicle_local_position.vx,73,71
development,normal,land_detector_state_inversion__2019-01-18__08_39_38__baseline,vehicle_local_position.vy,73,71
development,normal,land_detector_state_inversion__2019-01-18__08_39_38__baseline,vehicle_local_position.vz,73,71
development,normal,land_detector_state_inversion__2019-01-18__08_39_38__baseline,vehicle_local_position.x,73,71
development,normal,land_detector_state_inversion__2019-01-18__08_39_38__baseline,vehicle_local_position.y,73,71
development,normal,land_detector_state_inversion__2019-01-18__08_39_38__baseline,vehicle_local_position.z,73,71
development,normal,land_detector_state_inversion__2019-01-18__08_39_38__baseline,vehicle_rates_setpoint.pitch,73,71
development,normal,land_detector_state_inversion__2019-01-18__08_39_38__baseline,vehicle_rates_setpoint.roll,73,71
development,normal,land_detector_state_inversion__2019-01-18__08_39_38__baseline,vehicle_rates_setpoint.yaw,73,71
development,normal,land_detector_state_inversion__2019-01-18__08_39_38__baseline,vehicle_status.arming_state,73,71
development,normal,land_detector_state_inversion__2019-01-18__08_39_38__baseline,vehicle_status.nav_state,73,71
development,normal,land_detector_state_inversion__2019-01-18__08_39_38__baseline,vehicle_vision_position.x,73,71
development,normal,land_detector_state_inversion__2019-01-18__08_39_38__baseline,vehicle_vision_position.y,73,71
development,normal,land_detector_state_inversion__2019-01-18__08_39_38__baseline,vehicle_vision_position.z,73,71
development,normal,land_detector_state_inversion__2019-01-25__17_38_05__baseline,actuator_controls_0.control[0],105,103
development,normal,land_detector_state_inversion__2019-01-25__17_38_05__baseline,actuator_controls_0.control[1],105,103
development,normal,land_detector_state_inversion__2019-01-25__17_38_05__baseline,actuator_controls_0.control[2],105,103
development,normal,land_detector_state_inversion__2019-01-25__17_38_05__baseline,actuator_controls_0.control[3],105,103
development,normal,land_detector_state_inversion__2019-01-25__17_38_05__baseline,actuator_outputs.output[0],105,103
development,normal,land_detector_state_inversion__2019-01-25__17_38_05__baseline,actuator_outputs.output[1],105,103
development,normal,land_detector_state_inversion__2019-01-25__17_38_05__baseline,actuator_outputs.output[2],105,103
development,normal,land_detector_state_inversion__2019-01-25__17_38_05__baseline,actuator_outputs.output[3],105,103
development,normal,land_detector_state_inversion__2019-01-25__17_38_05__baseline,actuator_outputs.output[4],105,103
development,normal,land_detector_state_inversion__2019-01-25__17_38_05__baseline,actuator_outputs.output[5],105,103
development,normal,land_detector_state_inversion__2019-01-25__17_38_05__baseline,actuator_outputs.output[6],105,103
development,normal,land_detector_state_inversion__2019-01-25__17_38_05__baseline,actuator_outputs.output[7],105,103
development,normal,land_detector_state_inversion__2019-01-25__17_38_05__baseline,battery_status.current_a,105,103
development,normal,land_detector_state_inversion__2019-01-25__17_38_05__baseline,battery_status.current_filtered_a,105,103
development,normal,land_detector_state_inversion__2019-01-25__17_38_05__baseline,battery_status.discharged_mah,105,103
development,normal,land_detector_state_inversion__2019-01-25__17_38_05__baseline,battery_status.remaining,105,103
development,normal,land_detector_state_inversion__2019-01-25__17_38_05__baseline,battery_status.voltage_filtered_v,105,103
development,normal,land_detector_state_inversion__2019-01-25__17_38_05__baseline,battery_status.voltage_v,105,103
development,normal,land_detector_state_inversion__2019-01-25__17_38_05__baseline,cpuload.load,105,103
development,normal,land_detector_state_inversion__2019-01-25__17_38_05__baseline,cpuload.ram_usage,105,103
development,normal,land_detector_state_inversion__2019-01-25__17_38_05__baseline,distance_sensor.current_distance,105,103
development,normal,land_detector_state_inversion__2019-01-25__17_38_05__baseline,ekf2_innovations.hagl_innov,105,103
development,normal,land_detector_state_inversion__2019-01-25__17_38_05__baseline,ekf2_innovations.heading_innov,105,103
development,normal,land_detector_state_inversion__2019-01-25__17_38_05__baseline,ekf2_innovations.output_tracking_error[0],105,103
development,normal,land_detector_state_inversion__2019-01-25__17_38_05__baseline,ekf2_innovations.output_tracking_error[1],105,103
development,normal,land_detector_state_inversion__2019-01-25__17_38_05__baseline,ekf2_innovations.output_tracking_error[2],105,103
development,normal,land_detector_state_inversion__2019-01-25__17_38_05__baseline,ekf2_innovations.vel_pos_innov[3],105,103
development,normal,land_detector_state_inversion__2019-01-25__17_38_05__baseline,ekf2_innovations.vel_pos_innov[4],105,103
development,normal,land_detector_state_inversion__2019-01-25__17_38_05__baseline,ekf2_innovations.vel_pos_innov[5],105,103
development,normal,land_detector_state_inversion__2019-01-25__17_38_05__baseline,estimator_status.hagl_test_ratio,105,103
development,normal,land_detector_state_inversion__2019-01-25__17_38_05__baseline,estimator_status.hgt_test_ratio,105,103
development,normal,land_detector_state_inversion__2019-01-25__17_38_05__baseline,estimator_status.mag_test_ratio,105,103
development,normal,land_detector_state_inversion__2019-01-25__17_38_05__baseline,estimator_status.pos_horiz_accuracy,105,103
development,normal,land_detector_state_inversion__2019-01-25__17_38_05__baseline,estimator_status.pos_test_ratio,105,103
development,normal,land_detector_state_inversion__2019-01-25__17_38_05__baseline,estimator_status.pos_vert_accuracy,105,103
development,normal,land_detector_state_inversion__2019-01-25__17_38_05__baseline,estimator_status.vibe[0],105,103
development,normal,land_detector_state_inversion__2019-01-25__17_38_05__baseline,estimator_status.vibe[1],105,103
development,normal,land_detector_state_inversion__2019-01-25__17_38_05__baseline,estimator_status.vibe[2],105,103
development,normal,land_detector_state_inversion__2019-01-25__17_38_05__baseline,manual_control_setpoint.r,105,103
development,normal,land_detector_state_inversion__2019-01-25__17_38_05__baseline,manual_control_setpoint.x,105,103
development,normal,land_detector_state_inversion__2019-01-25__17_38_05__baseline,manual_control_setpoint.y,105,103
development,normal,land_detector_state_inversion__2019-01-25__17_38_05__baseline,manual_control_setpoint.z,105,103
development,normal,land_detector_state_inversion__2019-01-25__17_38_05__baseline,rate_ctrl_status.pitchspeed_integ,105,103
development,normal,land_detector_state_inversion__2019-01-25__17_38_05__baseline,rate_ctrl_status.rollspeed_integ,105,103
development,normal,land_detector_state_inversion__2019-01-25__17_38_05__baseline,rate_ctrl_status.yawspeed_integ,105,103
development,normal,land_detector_state_inversion__2019-01-25__17_38_05__baseline,sensor_combined.accelerometer_m_s2[0],105,103
development,normal,land_detector_state_inversion__2019-01-25__17_38_05__baseline,sensor_combined.accelerometer_m_s2[1],105,103
development,normal,land_detector_state_inversion__2019-01-25__17_38_05__baseline,sensor_combined.accelerometer_m_s2[2],105,103
development,normal,land_detector_state_inversion__2019-01-25__17_38_05__baseline,sensor_combined.gyro_rad[0],105,103
development,normal,land_detector_state_inversion__2019-01-25__17_38_05__baseline,sensor_combined.gyro_rad[1],105,103
development,normal,land_detector_state_inversion__2019-01-25__17_38_05__baseline,sensor_combined.gyro_rad[2],105,103
development,normal,land_detector_state_inversion__2019-01-25__17_38_05__baseline,sensor_preflight.accel_inconsistency_m_s_s,105,0
development,normal,land_detector_state_inversion__2019-01-25__17_38_05__baseline,sensor_preflight.gyro_inconsistency_rad_s,105,0
development,normal,land_detector_state_inversion__2019-01-25__17_38_05__baseline,vehicle_attitude.pitchspeed,105,103
development,normal,land_detector_state_inversion__2019-01-25__17_38_05__baseline,vehicle_attitude.q[0],105,103
development,normal,land_detector_state_inversion__2019-01-25__17_38_05__baseline,vehicle_attitude.q[1],105,103
development,normal,land_detector_state_inversion__2019-01-25__17_38_05__baseline,vehicle_attitude.q[2],105,103
development,normal,land_detector_state_inversion__2019-01-25__17_38_05__baseline,vehicle_attitude.q[3],105,103
development,normal,land_detector_state_inversion__2019-01-25__17_38_05__baseline,vehicle_attitude.rollspeed,105,103
development,normal,land_detector_state_inversion__2019-01-25__17_38_05__baseline,vehicle_attitude.yawspeed,105,103
development,normal,land_detector_state_inversion__2019-01-25__17_38_05__baseline,vehicle_attitude_setpoint.pitch_body,105,103
development,normal,land_detector_state_inversion__2019-01-25__17_38_05__baseline,vehicle_attitude_setpoint.roll_body,105,103
development,normal,land_detector_state_inversion__2019-01-25__17_38_05__baseline,vehicle_attitude_setpoint.yaw_body,105,103
development,normal,land_detector_state_inversion__2019-01-25__17_38_05__baseline,vehicle_land_detected.ground_contact,105,67
development,normal,land_detector_state_inversion__2019-01-25__17_38_05__baseline,vehicle_land_detected.landed,105,67
development,normal,land_detector_state_inversion__2019-01-25__17_38_05__baseline,vehicle_land_detected.maybe_landed,105,67
development,normal,land_detector_state_inversion__2019-01-25__17_38_05__baseline,vehicle_local_position.ax,105,103
development,normal,land_detector_state_inversion__2019-01-25__17_38_05__baseline,vehicle_local_position.ay,105,103
development,normal,land_detector_state_inversion__2019-01-25__17_38_05__baseline,vehicle_local_position.az,105,103
development,normal,land_detector_state_inversion__2019-01-25__17_38_05__baseline,vehicle_local_position.dist_bottom,105,103
development,normal,land_detector_state_inversion__2019-01-25__17_38_05__baseline,vehicle_local_position.dist_bottom_rate,105,103
development,normal,land_detector_state_inversion__2019-01-25__17_38_05__baseline,vehicle_local_position.eph,105,103
development,normal,land_detector_state_inversion__2019-01-25__17_38_05__baseline,vehicle_local_position.epv,105,103
development,normal,land_detector_state_inversion__2019-01-25__17_38_05__baseline,vehicle_local_position.vx,105,103
development,normal,land_detector_state_inversion__2019-01-25__17_38_05__baseline,vehicle_local_position.vy,105,103
development,normal,land_detector_state_inversion__2019-01-25__17_38_05__baseline,vehicle_local_position.vz,105,103
development,normal,land_detector_state_inversion__2019-01-25__17_38_05__baseline,vehicle_local_position.x,105,103
development,normal,land_detector_state_inversion__2019-01-25__17_38_05__baseline,vehicle_local_position.y,105,103
development,normal,land_detector_state_inversion__2019-01-25__17_38_05__baseline,vehicle_local_position.z,105,103
development,normal,land_detector_state_inversion__2019-01-25__17_38_05__baseline,vehicle_rates_setpoint.pitch,105,103
development,normal,land_detector_state_inversion__2019-01-25__17_38_05__baseline,vehicle_rates_setpoint.roll,105,103
development,normal,land_detector_state_inversion__2019-01-25__17_38_05__baseline,vehicle_rates_setpoint.yaw,105,103
development,normal,land_detector_state_inversion__2019-01-25__17_38_05__baseline,vehicle_status.arming_state,105,103
development,normal,land_detector_state_inversion__2019-01-25__17_38_05__baseline,vehicle_status.nav_state,105,103
development,normal,land_detector_state_inversion__2019-01-25__17_38_05__baseline,vehicle_vision_position.x,105,103
development,normal,land_detector_state_inversion__2019-01-25__17_38_05__baseline,vehicle_vision_position.y,105,103
development,normal,land_detector_state_inversion__2019-01-25__17_38_05__baseline,vehicle_vision_position.z,105,103
development,normal,land_detector_state_inversion__2019-03-06__08_02_26__baseline,actuator_controls_0.control[0],109,107
development,normal,land_detector_state_inversion__2019-03-06__08_02_26__baseline,actuator_controls_0.control[1],109,107
development,normal,land_detector_state_inversion__2019-03-06__08_02_26__baseline,actuator_controls_0.control[2],109,107
development,normal,land_detector_state_inversion__2019-03-06__08_02_26__baseline,actuator_controls_0.control[3],109,107
development,normal,land_detector_state_inversion__2019-03-06__08_02_26__baseline,actuator_outputs.output[0],109,107
development,normal,land_detector_state_inversion__2019-03-06__08_02_26__baseline,actuator_outputs.output[1],109,107
development,normal,land_detector_state_inversion__2019-03-06__08_02_26__baseline,actuator_outputs.output[2],109,107
development,normal,land_detector_state_inversion__2019-03-06__08_02_26__baseline,actuator_outputs.output[3],109,107
development,normal,land_detector_state_inversion__2019-03-06__08_02_26__baseline,actuator_outputs.output[4],109,107
development,normal,land_detector_state_inversion__2019-03-06__08_02_26__baseline,actuator_outputs.output[5],109,107
development,normal,land_detector_state_inversion__2019-03-06__08_02_26__baseline,actuator_outputs.output[6],109,107
development,normal,land_detector_state_inversion__2019-03-06__08_02_26__baseline,actuator_outputs.output[7],109,107
development,normal,land_detector_state_inversion__2019-03-06__08_02_26__baseline,battery_status.current_a,109,107
development,normal,land_detector_state_inversion__2019-03-06__08_02_26__baseline,battery_status.current_filtered_a,109,107
development,normal,land_detector_state_inversion__2019-03-06__08_02_26__baseline,battery_status.discharged_mah,109,107
development,normal,land_detector_state_inversion__2019-03-06__08_02_26__baseline,battery_status.remaining,109,107
development,normal,land_detector_state_inversion__2019-03-06__08_02_26__baseline,battery_status.voltage_filtered_v,109,107
development,normal,land_detector_state_inversion__2019-03-06__08_02_26__baseline,battery_status.voltage_v,109,107
development,normal,land_detector_state_inversion__2019-03-06__08_02_26__baseline,cpuload.load,109,108
development,normal,land_detector_state_inversion__2019-03-06__08_02_26__baseline,cpuload.ram_usage,109,108
development,normal,land_detector_state_inversion__2019-03-06__08_02_26__baseline,distance_sensor.current_distance,109,107
development,normal,land_detector_state_inversion__2019-03-06__08_02_26__baseline,ekf2_innovations.hagl_innov,109,107
development,normal,land_detector_state_inversion__2019-03-06__08_02_26__baseline,ekf2_innovations.heading_innov,109,107
development,normal,land_detector_state_inversion__2019-03-06__08_02_26__baseline,ekf2_innovations.output_tracking_error[0],109,107
development,normal,land_detector_state_inversion__2019-03-06__08_02_26__baseline,ekf2_innovations.output_tracking_error[1],109,107
development,normal,land_detector_state_inversion__2019-03-06__08_02_26__baseline,ekf2_innovations.output_tracking_error[2],109,107
development,normal,land_detector_state_inversion__2019-03-06__08_02_26__baseline,ekf2_innovations.vel_pos_innov[3],109,107
development,normal,land_detector_state_inversion__2019-03-06__08_02_26__baseline,ekf2_innovations.vel_pos_innov[4],109,107
development,normal,land_detector_state_inversion__2019-03-06__08_02_26__baseline,ekf2_innovations.vel_pos_innov[5],109,107
development,normal,land_detector_state_inversion__2019-03-06__08_02_26__baseline,estimator_status.hagl_test_ratio,109,107
development,normal,land_detector_state_inversion__2019-03-06__08_02_26__baseline,estimator_status.hgt_test_ratio,109,107
development,normal,land_detector_state_inversion__2019-03-06__08_02_26__baseline,estimator_status.mag_test_ratio,109,107
development,normal,land_detector_state_inversion__2019-03-06__08_02_26__baseline,estimator_status.pos_horiz_accuracy,109,107
development,normal,land_detector_state_inversion__2019-03-06__08_02_26__baseline,estimator_status.pos_test_ratio,109,107
development,normal,land_detector_state_inversion__2019-03-06__08_02_26__baseline,estimator_status.pos_vert_accuracy,109,107
development,normal,land_detector_state_inversion__2019-03-06__08_02_26__baseline,estimator_status.vibe[0],109,107
development,normal,land_detector_state_inversion__2019-03-06__08_02_26__baseline,estimator_status.vibe[1],109,107
development,normal,land_detector_state_inversion__2019-03-06__08_02_26__baseline,estimator_status.vibe[2],109,107
development,normal,land_detector_state_inversion__2019-03-06__08_02_26__baseline,manual_control_setpoint.r,109,107
development,normal,land_detector_state_inversion__2019-03-06__08_02_26__baseline,manual_control_setpoint.x,109,107
development,normal,land_detector_state_inversion__2019-03-06__08_02_26__baseline,manual_control_setpoint.y,109,107
development,normal,land_detector_state_inversion__2019-03-06__08_02_26__baseline,manual_control_setpoint.z,109,107
development,normal,land_detector_state_inversion__2019-03-06__08_02_26__baseline,rate_ctrl_status.pitchspeed_integ,109,107
development,normal,land_detector_state_inversion__2019-03-06__08_02_26__baseline,rate_ctrl_status.rollspeed_integ,109,107
development,normal,land_detector_state_inversion__2019-03-06__08_02_26__baseline,rate_ctrl_status.yawspeed_integ,109,107
development,normal,land_detector_state_inversion__2019-03-06__08_02_26__baseline,sensor_combined.accelerometer_m_s2[0],109,107
development,normal,land_detector_state_inversion__2019-03-06__08_02_26__baseline,sensor_combined.accelerometer_m_s2[1],109,107
development,normal,land_detector_state_inversion__2019-03-06__08_02_26__baseline,sensor_combined.accelerometer_m_s2[2],109,107
development,normal,land_detector_state_inversion__2019-03-06__08_02_26__baseline,sensor_combined.gyro_rad[0],109,107
development,normal,land_detector_state_inversion__2019-03-06__08_02_26__baseline,sensor_combined.gyro_rad[1],109,107
development,normal,land_detector_state_inversion__2019-03-06__08_02_26__baseline,sensor_combined.gyro_rad[2],109,107
development,normal,land_detector_state_inversion__2019-03-06__08_02_26__baseline,sensor_preflight.accel_inconsistency_m_s_s,109,0
development,normal,land_detector_state_inversion__2019-03-06__08_02_26__baseline,sensor_preflight.gyro_inconsistency_rad_s,109,0
development,normal,land_detector_state_inversion__2019-03-06__08_02_26__baseline,vehicle_attitude.pitchspeed,109,107
development,normal,land_detector_state_inversion__2019-03-06__08_02_26__baseline,vehicle_attitude.q[0],109,107
development,normal,land_detector_state_inversion__2019-03-06__08_02_26__baseline,vehicle_attitude.q[1],109,107
development,normal,land_detector_state_inversion__2019-03-06__08_02_26__baseline,vehicle_attitude.q[2],109,107
development,normal,land_detector_state_inversion__2019-03-06__08_02_26__baseline,vehicle_attitude.q[3],109,107
development,normal,land_detector_state_inversion__2019-03-06__08_02_26__baseline,vehicle_attitude.rollspeed,109,107
development,normal,land_detector_state_inversion__2019-03-06__08_02_26__baseline,vehicle_attitude.yawspeed,109,107
development,normal,land_detector_state_inversion__2019-03-06__08_02_26__baseline,vehicle_attitude_setpoint.pitch_body,109,107
development,normal,land_detector_state_inversion__2019-03-06__08_02_26__baseline,vehicle_attitude_setpoint.roll_body,109,107
development,normal,land_detector_state_inversion__2019-03-06__08_02_26__baseline,vehicle_attitude_setpoint.yaw_body,109,107
development,normal,land_detector_state_inversion__2019-03-06__08_02_26__baseline,vehicle_land_detected.ground_contact,109,71
development,normal,land_detector_state_inversion__2019-03-06__08_02_26__baseline,vehicle_land_detected.landed,109,71
development,normal,land_detector_state_inversion__2019-03-06__08_02_26__baseline,vehicle_land_detected.maybe_landed,109,71
development,normal,land_detector_state_inversion__2019-03-06__08_02_26__baseline,vehicle_local_position.ax,109,107
development,normal,land_detector_state_inversion__2019-03-06__08_02_26__baseline,vehicle_local_position.ay,109,107
development,normal,land_detector_state_inversion__2019-03-06__08_02_26__baseline,vehicle_local_position.az,109,107
development,normal,land_detector_state_inversion__2019-03-06__08_02_26__baseline,vehicle_local_position.dist_bottom,109,107
development,normal,land_detector_state_inversion__2019-03-06__08_02_26__baseline,vehicle_local_position.dist_bottom_rate,109,107
development,normal,land_detector_state_inversion__2019-03-06__08_02_26__baseline,vehicle_local_position.eph,109,107
development,normal,land_detector_state_inversion__2019-03-06__08_02_26__baseline,vehicle_local_position.epv,109,107
development,normal,land_detector_state_inversion__2019-03-06__08_02_26__baseline,vehicle_local_position.vx,109,107
development,normal,land_detector_state_inversion__2019-03-06__08_02_26__baseline,vehicle_local_position.vy,109,107
development,normal,land_detector_state_inversion__2019-03-06__08_02_26__baseline,vehicle_local_position.vz,109,107
development,normal,land_detector_state_inversion__2019-03-06__08_02_26__baseline,vehicle_local_position.x,109,107
development,normal,land_detector_state_inversion__2019-03-06__08_02_26__baseline,vehicle_local_position.y,109,107
development,normal,land_detector_state_inversion__2019-03-06__08_02_26__baseline,vehicle_local_position.z,109,107
development,normal,land_detector_state_inversion__2019-03-06__08_02_26__baseline,vehicle_rates_setpoint.pitch,109,107
development,normal,land_detector_state_inversion__2019-03-06__08_02_26__baseline,vehicle_rates_setpoint.roll,109,107
development,normal,land_detector_state_inversion__2019-03-06__08_02_26__baseline,vehicle_rates_setpoint.yaw,109,107
development,normal,land_detector_state_inversion__2019-03-06__08_02_26__baseline,vehicle_status.arming_state,109,107
development,normal,land_detector_state_inversion__2019-03-06__08_02_26__baseline,vehicle_status.nav_state,109,107
development,normal,land_detector_state_inversion__2019-03-06__08_02_26__baseline,vehicle_vision_position.x,109,107
development,normal,land_detector_state_inversion__2019-03-06__08_02_26__baseline,vehicle_vision_position.y,109,107
development,normal,land_detector_state_inversion__2019-03-06__08_02_26__baseline,vehicle_vision_position.z,109,107
development,reference,commander_nav_state_override__2019-01-18__08_39_38__fault,actuator_controls_0.control[0],73,71
development,reference,commander_nav_state_override__2019-01-18__08_39_38__fault,actuator_controls_0.control[1],73,71
development,reference,commander_nav_state_override__2019-01-18__08_39_38__fault,actuator_controls_0.control[2],73,71
development,reference,commander_nav_state_override__2019-01-18__08_39_38__fault,actuator_controls_0.control[3],73,71
development,reference,commander_nav_state_override__2019-01-18__08_39_38__fault,actuator_outputs.output[0],73,71
development,reference,commander_nav_state_override__2019-01-18__08_39_38__fault,actuator_outputs.output[1],73,71
development,reference,commander_nav_state_override__2019-01-18__08_39_38__fault,actuator_outputs.output[2],73,71
development,reference,commander_nav_state_override__2019-01-18__08_39_38__fault,actuator_outputs.output[3],73,71
development,reference,commander_nav_state_override__2019-01-18__08_39_38__fault,actuator_outputs.output[4],73,71
development,reference,commander_nav_state_override__2019-01-18__08_39_38__fault,actuator_outputs.output[5],73,71
development,reference,commander_nav_state_override__2019-01-18__08_39_38__fault,actuator_outputs.output[6],73,71
development,reference,commander_nav_state_override__2019-01-18__08_39_38__fault,actuator_outputs.output[7],73,71
development,reference,commander_nav_state_override__2019-01-18__08_39_38__fault,battery_status.current_a,73,71
development,reference,commander_nav_state_override__2019-01-18__08_39_38__fault,battery_status.current_filtered_a,73,71
development,reference,commander_nav_state_override__2019-01-18__08_39_38__fault,battery_status.discharged_mah,73,71
development,reference,commander_nav_state_override__2019-01-18__08_39_38__fault,battery_status.remaining,73,71
development,reference,commander_nav_state_override__2019-01-18__08_39_38__fault,battery_status.voltage_filtered_v,73,71
development,reference,commander_nav_state_override__2019-01-18__08_39_38__fault,battery_status.voltage_v,73,71
development,reference,commander_nav_state_override__2019-01-18__08_39_38__fault,cpuload.load,73,71
development,reference,commander_nav_state_override__2019-01-18__08_39_38__fault,cpuload.ram_usage,73,71
development,reference,commander_nav_state_override__2019-01-18__08_39_38__fault,distance_sensor.current_distance,73,71
development,reference,commander_nav_state_override__2019-01-18__08_39_38__fault,ekf2_innovations.hagl_innov,73,71
development,reference,commander_nav_state_override__2019-01-18__08_39_38__fault,ekf2_innovations.heading_innov,73,71
development,reference,commander_nav_state_override__2019-01-18__08_39_38__fault,ekf2_innovations.output_tracking_error[0],73,71
development,reference,commander_nav_state_override__2019-01-18__08_39_38__fault,ekf2_innovations.output_tracking_error[1],73,71
development,reference,commander_nav_state_override__2019-01-18__08_39_38__fault,ekf2_innovations.output_tracking_error[2],73,71
development,reference,commander_nav_state_override__2019-01-18__08_39_38__fault,ekf2_innovations.vel_pos_innov[3],73,71
development,reference,commander_nav_state_override__2019-01-18__08_39_38__fault,ekf2_innovations.vel_pos_innov[4],73,71
development,reference,commander_nav_state_override__2019-01-18__08_39_38__fault,ekf2_innovations.vel_pos_innov[5],73,71
development,reference,commander_nav_state_override__2019-01-18__08_39_38__fault,estimator_status.hagl_test_ratio,73,71
development,reference,commander_nav_state_override__2019-01-18__08_39_38__fault,estimator_status.hgt_test_ratio,73,71
development,reference,commander_nav_state_override__2019-01-18__08_39_38__fault,estimator_status.mag_test_ratio,73,71
development,reference,commander_nav_state_override__2019-01-18__08_39_38__fault,estimator_status.pos_horiz_accuracy,73,71
development,reference,commander_nav_state_override__2019-01-18__08_39_38__fault,estimator_status.pos_test_ratio,73,71
development,reference,commander_nav_state_override__2019-01-18__08_39_38__fault,estimator_status.pos_vert_accuracy,73,71
development,reference,commander_nav_state_override__2019-01-18__08_39_38__fault,estimator_status.vibe[0],73,71
development,reference,commander_nav_state_override__2019-01-18__08_39_38__fault,estimator_status.vibe[1],73,71
development,reference,commander_nav_state_override__2019-01-18__08_39_38__fault,estimator_status.vibe[2],73,71
development,reference,commander_nav_state_override__2019-01-18__08_39_38__fault,manual_control_setpoint.r,73,71
development,reference,commander_nav_state_override__2019-01-18__08_39_38__fault,manual_control_setpoint.x,73,71
development,reference,commander_nav_state_override__2019-01-18__08_39_38__fault,manual_control_setpoint.y,73,71
development,reference,commander_nav_state_override__2019-01-18__08_39_38__fault,manual_control_setpoint.z,73,71
development,reference,commander_nav_state_override__2019-01-18__08_39_38__fault,rate_ctrl_status.pitchspeed_integ,73,71
development,reference,commander_nav_state_override__2019-01-18__08_39_38__fault,rate_ctrl_status.rollspeed_integ,73,71
development,reference,commander_nav_state_override__2019-01-18__08_39_38__fault,rate_ctrl_status.yawspeed_integ,73,71
development,reference,commander_nav_state_override__2019-01-18__08_39_38__fault,sensor_combined.accelerometer_m_s2[0],73,71
development,reference,commander_nav_state_override__2019-01-18__08_39_38__fault,sensor_combined.accelerometer_m_s2[1],73,71
development,reference,commander_nav_state_override__2019-01-18__08_39_38__fault,sensor_combined.accelerometer_m_s2[2],73,71
development,reference,commander_nav_state_override__2019-01-18__08_39_38__fault,sensor_combined.gyro_rad[0],73,71
development,reference,commander_nav_state_override__2019-01-18__08_39_38__fault,sensor_combined.gyro_rad[1],73,71
development,reference,commander_nav_state_override__2019-01-18__08_39_38__fault,sensor_combined.gyro_rad[2],73,71
development,reference,commander_nav_state_override__2019-01-18__08_39_38__fault,sensor_preflight.accel_inconsistency_m_s_s,73,0
development,reference,commander_nav_state_override__2019-01-18__08_39_38__fault,sensor_preflight.gyro_inconsistency_rad_s,73,0
development,reference,commander_nav_state_override__2019-01-18__08_39_38__fault,vehicle_attitude.pitchspeed,73,71
development,reference,commander_nav_state_override__2019-01-18__08_39_38__fault,vehicle_attitude.q[0],73,71
development,reference,commander_nav_state_override__2019-01-18__08_39_38__fault,vehicle_attitude.q[1],73,71
development,reference,commander_nav_state_override__2019-01-18__08_39_38__fault,vehicle_attitude.q[2],73,71
development,reference,commander_nav_state_override__2019-01-18__08_39_38__fault,vehicle_attitude.q[3],73,71
development,reference,commander_nav_state_override__2019-01-18__08_39_38__fault,vehicle_attitude.rollspeed,73,71
development,reference,commander_nav_state_override__2019-01-18__08_39_38__fault,vehicle_attitude.yawspeed,73,71
development,reference,commander_nav_state_override__2019-01-18__08_39_38__fault,vehicle_attitude_setpoint.pitch_body,73,71
development,reference,commander_nav_state_override__2019-01-18__08_39_38__fault,vehicle_attitude_setpoint.roll_body,73,71
development,reference,commander_nav_state_override__2019-01-18__08_39_38__fault,vehicle_attitude_setpoint.yaw_body,73,71
development,reference,commander_nav_state_override__2019-01-18__08_39_38__fault,vehicle_land_detected.ground_contact,73,71
development,reference,commander_nav_state_override__2019-01-18__08_39_38__fault,vehicle_land_detected.landed,73,71
development,reference,commander_nav_state_override__2019-01-18__08_39_38__fault,vehicle_land_detected.maybe_landed,73,71
development,reference,commander_nav_state_override__2019-01-18__08_39_38__fault,vehicle_local_position.ax,73,71
development,reference,commander_nav_state_override__2019-01-18__08_39_38__fault,vehicle_local_position.ay,73,71
development,reference,commander_nav_state_override__2019-01-18__08_39_38__fault,vehicle_local_position.az,73,71
development,reference,commander_nav_state_override__2019-01-18__08_39_38__fault,vehicle_local_position.dist_bottom,73,71
development,reference,commander_nav_state_override__2019-01-18__08_39_38__fault,vehicle_local_position.dist_bottom_rate,73,71
development,reference,commander_nav_state_override__2019-01-18__08_39_38__fault,vehicle_local_position.eph,73,71
development,reference,commander_nav_state_override__2019-01-18__08_39_38__fault,vehicle_local_position.epv,73,71
development,reference,commander_nav_state_override__2019-01-18__08_39_38__fault,vehicle_local_position.vx,73,71
development,reference,commander_nav_state_override__2019-01-18__08_39_38__fault,vehicle_local_position.vy,73,71
development,reference,commander_nav_state_override__2019-01-18__08_39_38__fault,vehicle_local_position.vz,73,71
development,reference,commander_nav_state_override__2019-01-18__08_39_38__fault,vehicle_local_position.x,73,71
development,reference,commander_nav_state_override__2019-01-18__08_39_38__fault,vehicle_local_position.y,73,71
development,reference,commander_nav_state_override__2019-01-18__08_39_38__fault,vehicle_local_position.z,73,71
development,reference,commander_nav_state_override__2019-01-18__08_39_38__fault,vehicle_rates_setpoint.pitch,73,71
development,reference,commander_nav_state_override__2019-01-18__08_39_38__fault,vehicle_rates_setpoint.roll,73,71
development,reference,commander_nav_state_override__2019-01-18__08_39_38__fault,vehicle_rates_setpoint.yaw,73,71
development,reference,commander_nav_state_override__2019-01-18__08_39_38__fault,vehicle_status.arming_state,73,19
development,reference,commander_nav_state_override__2019-01-18__08_39_38__fault,vehicle_status.nav_state,73,19
development,reference,commander_nav_state_override__2019-01-18__08_39_38__fault,vehicle_vision_position.x,73,71
development,reference,commander_nav_state_override__2019-01-18__08_39_38__fault,vehicle_vision_position.y,73,71
development,reference,commander_nav_state_override__2019-01-18__08_39_38__fault,vehicle_vision_position.z,73,71
development,reference,commander_nav_state_override__2019-01-25__17_38_05__fault,actuator_controls_0.control[0],105,103
development,reference,commander_nav_state_override__2019-01-25__17_38_05__fault,actuator_controls_0.control[1],105,103
development,reference,commander_nav_state_override__2019-01-25__17_38_05__fault,actuator_controls_0.control[2],105,103
development,reference,commander_nav_state_override__2019-01-25__17_38_05__fault,actuator_controls_0.control[3],105,103
development,reference,commander_nav_state_override__2019-01-25__17_38_05__fault,actuator_outputs.output[0],105,103
development,reference,commander_nav_state_override__2019-01-25__17_38_05__fault,actuator_outputs.output[1],105,103
development,reference,commander_nav_state_override__2019-01-25__17_38_05__fault,actuator_outputs.output[2],105,103
development,reference,commander_nav_state_override__2019-01-25__17_38_05__fault,actuator_outputs.output[3],105,103
development,reference,commander_nav_state_override__2019-01-25__17_38_05__fault,actuator_outputs.output[4],105,103
development,reference,commander_nav_state_override__2019-01-25__17_38_05__fault,actuator_outputs.output[5],105,103
development,reference,commander_nav_state_override__2019-01-25__17_38_05__fault,actuator_outputs.output[6],105,103
development,reference,commander_nav_state_override__2019-01-25__17_38_05__fault,actuator_outputs.output[7],105,103
development,reference,commander_nav_state_override__2019-01-25__17_38_05__fault,battery_status.current_a,105,103
development,reference,commander_nav_state_override__2019-01-25__17_38_05__fault,battery_status.current_filtered_a,105,103
development,reference,commander_nav_state_override__2019-01-25__17_38_05__fault,battery_status.discharged_mah,105,103
development,reference,commander_nav_state_override__2019-01-25__17_38_05__fault,battery_status.remaining,105,103
development,reference,commander_nav_state_override__2019-01-25__17_38_05__fault,battery_status.voltage_filtered_v,105,103
development,reference,commander_nav_state_override__2019-01-25__17_38_05__fault,battery_status.voltage_v,105,103
development,reference,commander_nav_state_override__2019-01-25__17_38_05__fault,cpuload.load,105,103
development,reference,commander_nav_state_override__2019-01-25__17_38_05__fault,cpuload.ram_usage,105,103
development,reference,commander_nav_state_override__2019-01-25__17_38_05__fault,distance_sensor.current_distance,105,103
development,reference,commander_nav_state_override__2019-01-25__17_38_05__fault,ekf2_innovations.hagl_innov,105,103
development,reference,commander_nav_state_override__2019-01-25__17_38_05__fault,ekf2_innovations.heading_innov,105,103
development,reference,commander_nav_state_override__2019-01-25__17_38_05__fault,ekf2_innovations.output_tracking_error[0],105,103
development,reference,commander_nav_state_override__2019-01-25__17_38_05__fault,ekf2_innovations.output_tracking_error[1],105,103
development,reference,commander_nav_state_override__2019-01-25__17_38_05__fault,ekf2_innovations.output_tracking_error[2],105,103
development,reference,commander_nav_state_override__2019-01-25__17_38_05__fault,ekf2_innovations.vel_pos_innov[3],105,103
development,reference,commander_nav_state_override__2019-01-25__17_38_05__fault,ekf2_innovations.vel_pos_innov[4],105,103
development,reference,commander_nav_state_override__2019-01-25__17_38_05__fault,ekf2_innovations.vel_pos_innov[5],105,103
development,reference,commander_nav_state_override__2019-01-25__17_38_05__fault,estimator_status.hagl_test_ratio,105,103
development,reference,commander_nav_state_override__2019-01-25__17_38_05__fault,estimator_status.hgt_test_ratio,105,103
development,reference,commander_nav_state_override__2019-01-25__17_38_05__fault,estimator_status.mag_test_ratio,105,103
development,reference,commander_nav_state_override__2019-01-25__17_38_05__fault,estimator_status.pos_horiz_accuracy,105,103
development,reference,commander_nav_state_override__2019-01-25__17_38_05__fault,estimator_status.pos_test_ratio,105,103
development,reference,commander_nav_state_override__2019-01-25__17_38_05__fault,estimator_status.pos_vert_accuracy,105,103
development,reference,commander_nav_state_override__2019-01-25__17_38_05__fault,estimator_status.vibe[0],105,103
development,reference,commander_nav_state_override__2019-01-25__17_38_05__fault,estimator_status.vibe[1],105,103
development,reference,commander_nav_state_override__2019-01-25__17_38_05__fault,estimator_status.vibe[2],105,103
development,reference,commander_nav_state_override__2019-01-25__17_38_05__fault,manual_control_setpoint.r,105,103
development,reference,commander_nav_state_override__2019-01-25__17_38_05__fault,manual_control_setpoint.x,105,103
development,reference,commander_nav_state_override__2019-01-25__17_38_05__fault,manual_control_setpoint.y,105,103
development,reference,commander_nav_state_override__2019-01-25__17_38_05__fault,manual_control_setpoint.z,105,103
development,reference,commander_nav_state_override__2019-01-25__17_38_05__fault,rate_ctrl_status.pitchspeed_integ,105,103
development,reference,commander_nav_state_override__2019-01-25__17_38_05__fault,rate_ctrl_status.rollspeed_integ,105,103
development,reference,commander_nav_state_override__2019-01-25__17_38_05__fault,rate_ctrl_status.yawspeed_integ,105,103
development,reference,commander_nav_state_override__2019-01-25__17_38_05__fault,sensor_combined.accelerometer_m_s2[0],105,103
development,reference,commander_nav_state_override__2019-01-25__17_38_05__fault,sensor_combined.accelerometer_m_s2[1],105,103
development,reference,commander_nav_state_override__2019-01-25__17_38_05__fault,sensor_combined.accelerometer_m_s2[2],105,103
development,reference,commander_nav_state_override__2019-01-25__17_38_05__fault,sensor_combined.gyro_rad[0],105,103
development,reference,commander_nav_state_override__2019-01-25__17_38_05__fault,sensor_combined.gyro_rad[1],105,103
development,reference,commander_nav_state_override__2019-01-25__17_38_05__fault,sensor_combined.gyro_rad[2],105,103
development,reference,commander_nav_state_override__2019-01-25__17_38_05__fault,sensor_preflight.accel_inconsistency_m_s_s,105,0
development,reference,commander_nav_state_override__2019-01-25__17_38_05__fault,sensor_preflight.gyro_inconsistency_rad_s,105,0
development,reference,commander_nav_state_override__2019-01-25__17_38_05__fault,vehicle_attitude.pitchspeed,105,103
development,reference,commander_nav_state_override__2019-01-25__17_38_05__fault,vehicle_attitude.q[0],105,103
development,reference,commander_nav_state_override__2019-01-25__17_38_05__fault,vehicle_attitude.q[1],105,103
development,reference,commander_nav_state_override__2019-01-25__17_38_05__fault,vehicle_attitude.q[2],105,103
development,reference,commander_nav_state_override__2019-01-25__17_38_05__fault,vehicle_attitude.q[3],105,103
development,reference,commander_nav_state_override__2019-01-25__17_38_05__fault,vehicle_attitude.rollspeed,105,103
development,reference,commander_nav_state_override__2019-01-25__17_38_05__fault,vehicle_attitude.yawspeed,105,103
development,reference,commander_nav_state_override__2019-01-25__17_38_05__fault,vehicle_attitude_setpoint.pitch_body,105,103
development,reference,commander_nav_state_override__2019-01-25__17_38_05__fault,vehicle_attitude_setpoint.roll_body,105,103
development,reference,commander_nav_state_override__2019-01-25__17_38_05__fault,vehicle_attitude_setpoint.yaw_body,105,103
development,reference,commander_nav_state_override__2019-01-25__17_38_05__fault,vehicle_land_detected.ground_contact,105,103
development,reference,commander_nav_state_override__2019-01-25__17_38_05__fault,vehicle_land_detected.landed,105,103
development,reference,commander_nav_state_override__2019-01-25__17_38_05__fault,vehicle_land_detected.maybe_landed,105,103
development,reference,commander_nav_state_override__2019-01-25__17_38_05__fault,vehicle_local_position.ax,105,103
development,reference,commander_nav_state_override__2019-01-25__17_38_05__fault,vehicle_local_position.ay,105,103
development,reference,commander_nav_state_override__2019-01-25__17_38_05__fault,vehicle_local_position.az,105,103
development,reference,commander_nav_state_override__2019-01-25__17_38_05__fault,vehicle_local_position.dist_bottom,105,103
development,reference,commander_nav_state_override__2019-01-25__17_38_05__fault,vehicle_local_position.dist_bottom_rate,105,103
development,reference,commander_nav_state_override__2019-01-25__17_38_05__fault,vehicle_local_position.eph,105,103
development,reference,commander_nav_state_override__2019-01-25__17_38_05__fault,vehicle_local_position.epv,105,103
development,reference,commander_nav_state_override__2019-01-25__17_38_05__fault,vehicle_local_position.vx,105,103
development,reference,commander_nav_state_override__2019-01-25__17_38_05__fault,vehicle_local_position.vy,105,103
development,reference,commander_nav_state_override__2019-01-25__17_38_05__fault,vehicle_local_position.vz,105,103
development,reference,commander_nav_state_override__2019-01-25__17_38_05__fault,vehicle_local_position.x,105,103
development,reference,commander_nav_state_override__2019-01-25__17_38_05__fault,vehicle_local_position.y,105,103
development,reference,commander_nav_state_override__2019-01-25__17_38_05__fault,vehicle_local_position.z,105,103
development,reference,commander_nav_state_override__2019-01-25__17_38_05__fault,vehicle_rates_setpoint.pitch,105,103
development,reference,commander_nav_state_override__2019-01-25__17_38_05__fault,vehicle_rates_setpoint.roll,105,103
development,reference,commander_nav_state_override__2019-01-25__17_38_05__fault,vehicle_rates_setpoint.yaw,105,103
development,reference,commander_nav_state_override__2019-01-25__17_38_05__fault,vehicle_status.arming_state,105,67
development,reference,commander_nav_state_override__2019-01-25__17_38_05__fault,vehicle_status.nav_state,105,67
development,reference,commander_nav_state_override__2019-01-25__17_38_05__fault,vehicle_vision_position.x,105,103
development,reference,commander_nav_state_override__2019-01-25__17_38_05__fault,vehicle_vision_position.y,105,103
development,reference,commander_nav_state_override__2019-01-25__17_38_05__fault,vehicle_vision_position.z,105,103
development,reference,commander_nav_state_override__2019-03-06__08_02_26__fault,actuator_controls_0.control[0],109,107
development,reference,commander_nav_state_override__2019-03-06__08_02_26__fault,actuator_controls_0.control[1],109,107
development,reference,commander_nav_state_override__2019-03-06__08_02_26__fault,actuator_controls_0.control[2],109,107
development,reference,commander_nav_state_override__2019-03-06__08_02_26__fault,actuator_controls_0.control[3],109,107
development,reference,commander_nav_state_override__2019-03-06__08_02_26__fault,actuator_outputs.output[0],109,107
development,reference,commander_nav_state_override__2019-03-06__08_02_26__fault,actuator_outputs.output[1],109,107
development,reference,commander_nav_state_override__2019-03-06__08_02_26__fault,actuator_outputs.output[2],109,107
development,reference,commander_nav_state_override__2019-03-06__08_02_26__fault,actuator_outputs.output[3],109,107
development,reference,commander_nav_state_override__2019-03-06__08_02_26__fault,actuator_outputs.output[4],109,107
development,reference,commander_nav_state_override__2019-03-06__08_02_26__fault,actuator_outputs.output[5],109,107
development,reference,commander_nav_state_override__2019-03-06__08_02_26__fault,actuator_outputs.output[6],109,107
development,reference,commander_nav_state_override__2019-03-06__08_02_26__fault,actuator_outputs.output[7],109,107
development,reference,commander_nav_state_override__2019-03-06__08_02_26__fault,battery_status.current_a,109,107
development,reference,commander_nav_state_override__2019-03-06__08_02_26__fault,battery_status.current_filtered_a,109,107
development,reference,commander_nav_state_override__2019-03-06__08_02_26__fault,battery_status.discharged_mah,109,107
development,reference,commander_nav_state_override__2019-03-06__08_02_26__fault,battery_status.remaining,109,107
development,reference,commander_nav_state_override__2019-03-06__08_02_26__fault,battery_status.voltage_filtered_v,109,107
development,reference,commander_nav_state_override__2019-03-06__08_02_26__fault,battery_status.voltage_v,109,107
development,reference,commander_nav_state_override__2019-03-06__08_02_26__fault,cpuload.load,109,108
development,reference,commander_nav_state_override__2019-03-06__08_02_26__fault,cpuload.ram_usage,109,108
development,reference,commander_nav_state_override__2019-03-06__08_02_26__fault,distance_sensor.current_distance,109,107
development,reference,commander_nav_state_override__2019-03-06__08_02_26__fault,ekf2_innovations.hagl_innov,109,107
development,reference,commander_nav_state_override__2019-03-06__08_02_26__fault,ekf2_innovations.heading_innov,109,107
development,reference,commander_nav_state_override__2019-03-06__08_02_26__fault,ekf2_innovations.output_tracking_error[0],109,107
development,reference,commander_nav_state_override__2019-03-06__08_02_26__fault,ekf2_innovations.output_tracking_error[1],109,107
development,reference,commander_nav_state_override__2019-03-06__08_02_26__fault,ekf2_innovations.output_tracking_error[2],109,107
development,reference,commander_nav_state_override__2019-03-06__08_02_26__fault,ekf2_innovations.vel_pos_innov[3],109,107
development,reference,commander_nav_state_override__2019-03-06__08_02_26__fault,ekf2_innovations.vel_pos_innov[4],109,107
development,reference,commander_nav_state_override__2019-03-06__08_02_26__fault,ekf2_innovations.vel_pos_innov[5],109,107
development,reference,commander_nav_state_override__2019-03-06__08_02_26__fault,estimator_status.hagl_test_ratio,109,107
development,reference,commander_nav_state_override__2019-03-06__08_02_26__fault,estimator_status.hgt_test_ratio,109,107
development,reference,commander_nav_state_override__2019-03-06__08_02_26__fault,estimator_status.mag_test_ratio,109,107
development,reference,commander_nav_state_override__2019-03-06__08_02_26__fault,estimator_status.pos_horiz_accuracy,109,107
development,reference,commander_nav_state_override__2019-03-06__08_02_26__fault,estimator_status.pos_test_ratio,109,107
development,reference,commander_nav_state_override__2019-03-06__08_02_26__fault,estimator_status.pos_vert_accuracy,109,107
development,reference,commander_nav_state_override__2019-03-06__08_02_26__fault,estimator_status.vibe[0],109,107
development,reference,commander_nav_state_override__2019-03-06__08_02_26__fault,estimator_status.vibe[1],109,107
development,reference,commander_nav_state_override__2019-03-06__08_02_26__fault,estimator_status.vibe[2],109,107
development,reference,commander_nav_state_override__2019-03-06__08_02_26__fault,manual_control_setpoint.r,109,107
development,reference,commander_nav_state_override__2019-03-06__08_02_26__fault,manual_control_setpoint.x,109,107
development,reference,commander_nav_state_override__2019-03-06__08_02_26__fault,manual_control_setpoint.y,109,107
development,reference,commander_nav_state_override__2019-03-06__08_02_26__fault,manual_control_setpoint.z,109,107
development,reference,commander_nav_state_override__2019-03-06__08_02_26__fault,rate_ctrl_status.pitchspeed_integ,109,107
development,reference,commander_nav_state_override__2019-03-06__08_02_26__fault,rate_ctrl_status.rollspeed_integ,109,107
development,reference,commander_nav_state_override__2019-03-06__08_02_26__fault,rate_ctrl_status.yawspeed_integ,109,107
development,reference,commander_nav_state_override__2019-03-06__08_02_26__fault,sensor_combined.accelerometer_m_s2[0],109,107
development,reference,commander_nav_state_override__2019-03-06__08_02_26__fault,sensor_combined.accelerometer_m_s2[1],109,107
development,reference,commander_nav_state_override__2019-03-06__08_02_26__fault,sensor_combined.accelerometer_m_s2[2],109,107
development,reference,commander_nav_state_override__2019-03-06__08_02_26__fault,sensor_combined.gyro_rad[0],109,107
development,reference,commander_nav_state_override__2019-03-06__08_02_26__fault,sensor_combined.gyro_rad[1],109,107
development,reference,commander_nav_state_override__2019-03-06__08_02_26__fault,sensor_combined.gyro_rad[2],109,107
development,reference,commander_nav_state_override__2019-03-06__08_02_26__fault,sensor_preflight.accel_inconsistency_m_s_s,109,0
development,reference,commander_nav_state_override__2019-03-06__08_02_26__fault,sensor_preflight.gyro_inconsistency_rad_s,109,0
development,reference,commander_nav_state_override__2019-03-06__08_02_26__fault,vehicle_attitude.pitchspeed,109,107
development,reference,commander_nav_state_override__2019-03-06__08_02_26__fault,vehicle_attitude.q[0],109,107
development,reference,commander_nav_state_override__2019-03-06__08_02_26__fault,vehicle_attitude.q[1],109,107
development,reference,commander_nav_state_override__2019-03-06__08_02_26__fault,vehicle_attitude.q[2],109,107
development,reference,commander_nav_state_override__2019-03-06__08_02_26__fault,vehicle_attitude.q[3],109,107
development,reference,commander_nav_state_override__2019-03-06__08_02_26__fault,vehicle_attitude.rollspeed,109,107
development,reference,commander_nav_state_override__2019-03-06__08_02_26__fault,vehicle_attitude.yawspeed,109,107
development,reference,commander_nav_state_override__2019-03-06__08_02_26__fault,vehicle_attitude_setpoint.pitch_body,109,107
development,reference,commander_nav_state_override__2019-03-06__08_02_26__fault,vehicle_attitude_setpoint.roll_body,109,107
development,reference,commander_nav_state_override__2019-03-06__08_02_26__fault,vehicle_attitude_setpoint.yaw_body,109,107
development,reference,commander_nav_state_override__2019-03-06__08_02_26__fault,vehicle_land_detected.ground_contact,109,107
development,reference,commander_nav_state_override__2019-03-06__08_02_26__fault,vehicle_land_detected.landed,109,107
development,reference,commander_nav_state_override__2019-03-06__08_02_26__fault,vehicle_land_detected.maybe_landed,109,107
development,reference,commander_nav_state_override__2019-03-06__08_02_26__fault,vehicle_local_position.ax,109,107
development,reference,commander_nav_state_override__2019-03-06__08_02_26__fault,vehicle_local_position.ay,109,107
development,reference,commander_nav_state_override__2019-03-06__08_02_26__fault,vehicle_local_position.az,109,107
development,reference,commander_nav_state_override__2019-03-06__08_02_26__fault,vehicle_local_position.dist_bottom,109,107
development,reference,commander_nav_state_override__2019-03-06__08_02_26__fault,vehicle_local_position.dist_bottom_rate,109,107
development,reference,commander_nav_state_override__2019-03-06__08_02_26__fault,vehicle_local_position.eph,109,107
development,reference,commander_nav_state_override__2019-03-06__08_02_26__fault,vehicle_local_position.epv,109,107
development,reference,commander_nav_state_override__2019-03-06__08_02_26__fault,vehicle_local_position.vx,109,107
development,reference,commander_nav_state_override__2019-03-06__08_02_26__fault,vehicle_local_position.vy,109,107
development,reference,commander_nav_state_override__2019-03-06__08_02_26__fault,vehicle_local_position.vz,109,107
development,reference,commander_nav_state_override__2019-03-06__08_02_26__fault,vehicle_local_position.x,109,107
development,reference,commander_nav_state_override__2019-03-06__08_02_26__fault,vehicle_local_position.y,109,107
development,reference,commander_nav_state_override__2019-03-06__08_02_26__fault,vehicle_local_position.z,109,107
development,reference,commander_nav_state_override__2019-03-06__08_02_26__fault,vehicle_rates_setpoint.pitch,109,107
development,reference,commander_nav_state_override__2019-03-06__08_02_26__fault,vehicle_rates_setpoint.roll,109,107
development,reference,commander_nav_state_override__2019-03-06__08_02_26__fault,vehicle_rates_setpoint.yaw,109,107
development,reference,commander_nav_state_override__2019-03-06__08_02_26__fault,vehicle_status.arming_state,109,71
development,reference,commander_nav_state_override__2019-03-06__08_02_26__fault,vehicle_status.nav_state,109,71
development,reference,commander_nav_state_override__2019-03-06__08_02_26__fault,vehicle_vision_position.x,109,107
development,reference,commander_nav_state_override__2019-03-06__08_02_26__fault,vehicle_vision_position.y,109,107
development,reference,commander_nav_state_override__2019-03-06__08_02_26__fault,vehicle_vision_position.z,109,107
development,reference,ekf2_innovation_bias__2019-01-18__08_39_38__fault,actuator_controls_0.control[0],73,71
development,reference,ekf2_innovation_bias__2019-01-18__08_39_38__fault,actuator_controls_0.control[1],73,71
development,reference,ekf2_innovation_bias__2019-01-18__08_39_38__fault,actuator_controls_0.control[2],73,71
development,reference,ekf2_innovation_bias__2019-01-18__08_39_38__fault,actuator_controls_0.control[3],73,71
development,reference,ekf2_innovation_bias__2019-01-18__08_39_38__fault,actuator_outputs.output[0],73,71
development,reference,ekf2_innovation_bias__2019-01-18__08_39_38__fault,actuator_outputs.output[1],73,71
development,reference,ekf2_innovation_bias__2019-01-18__08_39_38__fault,actuator_outputs.output[2],73,71
development,reference,ekf2_innovation_bias__2019-01-18__08_39_38__fault,actuator_outputs.output[3],73,71
development,reference,ekf2_innovation_bias__2019-01-18__08_39_38__fault,actuator_outputs.output[4],73,71
development,reference,ekf2_innovation_bias__2019-01-18__08_39_38__fault,actuator_outputs.output[5],73,71
development,reference,ekf2_innovation_bias__2019-01-18__08_39_38__fault,actuator_outputs.output[6],73,71
development,reference,ekf2_innovation_bias__2019-01-18__08_39_38__fault,actuator_outputs.output[7],73,71
development,reference,ekf2_innovation_bias__2019-01-18__08_39_38__fault,battery_status.current_a,73,71
development,reference,ekf2_innovation_bias__2019-01-18__08_39_38__fault,battery_status.current_filtered_a,73,71
development,reference,ekf2_innovation_bias__2019-01-18__08_39_38__fault,battery_status.discharged_mah,73,71
development,reference,ekf2_innovation_bias__2019-01-18__08_39_38__fault,battery_status.remaining,73,71
development,reference,ekf2_innovation_bias__2019-01-18__08_39_38__fault,battery_status.voltage_filtered_v,73,71
development,reference,ekf2_innovation_bias__2019-01-18__08_39_38__fault,battery_status.voltage_v,73,71
development,reference,ekf2_innovation_bias__2019-01-18__08_39_38__fault,cpuload.load,73,71
development,reference,ekf2_innovation_bias__2019-01-18__08_39_38__fault,cpuload.ram_usage,73,71
development,reference,ekf2_innovation_bias__2019-01-18__08_39_38__fault,distance_sensor.current_distance,73,71
development,reference,ekf2_innovation_bias__2019-01-18__08_39_38__fault,ekf2_innovations.hagl_innov,73,71
development,reference,ekf2_innovation_bias__2019-01-18__08_39_38__fault,ekf2_innovations.heading_innov,73,71
development,reference,ekf2_innovation_bias__2019-01-18__08_39_38__fault,ekf2_innovations.output_tracking_error[0],73,71
development,reference,ekf2_innovation_bias__2019-01-18__08_39_38__fault,ekf2_innovations.output_tracking_error[1],73,71
development,reference,ekf2_innovation_bias__2019-01-18__08_39_38__fault,ekf2_innovations.output_tracking_error[2],73,71
development,reference,ekf2_innovation_bias__2019-01-18__08_39_38__fault,ekf2_innovations.vel_pos_innov[3],73,71
development,reference,ekf2_innovation_bias__2019-01-18__08_39_38__fault,ekf2_innovations.vel_pos_innov[4],73,71
development,reference,ekf2_innovation_bias__2019-01-18__08_39_38__fault,ekf2_innovations.vel_pos_innov[5],73,71
development,reference,ekf2_innovation_bias__2019-01-18__08_39_38__fault,estimator_status.hagl_test_ratio,73,71
development,reference,ekf2_innovation_bias__2019-01-18__08_39_38__fault,estimator_status.hgt_test_ratio,73,71
development,reference,ekf2_innovation_bias__2019-01-18__08_39_38__fault,estimator_status.mag_test_ratio,73,71
development,reference,ekf2_innovation_bias__2019-01-18__08_39_38__fault,estimator_status.pos_horiz_accuracy,73,71
development,reference,ekf2_innovation_bias__2019-01-18__08_39_38__fault,estimator_status.pos_test_ratio,73,71
development,reference,ekf2_innovation_bias__2019-01-18__08_39_38__fault,estimator_status.pos_vert_accuracy,73,71
development,reference,ekf2_innovation_bias__2019-01-18__08_39_38__fault,estimator_status.vibe[0],73,71
development,reference,ekf2_innovation_bias__2019-01-18__08_39_38__fault,estimator_status.vibe[1],73,71
development,reference,ekf2_innovation_bias__2019-01-18__08_39_38__fault,estimator_status.vibe[2],73,71
development,reference,ekf2_innovation_bias__2019-01-18__08_39_38__fault,manual_control_setpoint.r,73,71
development,reference,ekf2_innovation_bias__2019-01-18__08_39_38__fault,manual_control_setpoint.x,73,71
development,reference,ekf2_innovation_bias__2019-01-18__08_39_38__fault,manual_control_setpoint.y,73,71
development,reference,ekf2_innovation_bias__2019-01-18__08_39_38__fault,manual_control_setpoint.z,73,71
development,reference,ekf2_innovation_bias__2019-01-18__08_39_38__fault,rate_ctrl_status.pitchspeed_integ,73,71
development,reference,ekf2_innovation_bias__2019-01-18__08_39_38__fault,rate_ctrl_status.rollspeed_integ,73,71
development,reference,ekf2_innovation_bias__2019-01-18__08_39_38__fault,rate_ctrl_status.yawspeed_integ,73,71
development,reference,ekf2_innovation_bias__2019-01-18__08_39_38__fault,sensor_combined.accelerometer_m_s2[0],73,71
development,reference,ekf2_innovation_bias__2019-01-18__08_39_38__fault,sensor_combined.accelerometer_m_s2[1],73,71
development,reference,ekf2_innovation_bias__2019-01-18__08_39_38__fault,sensor_combined.accelerometer_m_s2[2],73,71
development,reference,ekf2_innovation_bias__2019-01-18__08_39_38__fault,sensor_combined.gyro_rad[0],73,71
development,reference,ekf2_innovation_bias__2019-01-18__08_39_38__fault,sensor_combined.gyro_rad[1],73,71
development,reference,ekf2_innovation_bias__2019-01-18__08_39_38__fault,sensor_combined.gyro_rad[2],73,71
development,reference,ekf2_innovation_bias__2019-01-18__08_39_38__fault,sensor_preflight.accel_inconsistency_m_s_s,73,0
development,reference,ekf2_innovation_bias__2019-01-18__08_39_38__fault,sensor_preflight.gyro_inconsistency_rad_s,73,0
development,reference,ekf2_innovation_bias__2019-01-18__08_39_38__fault,vehicle_attitude.pitchspeed,73,71
development,reference,ekf2_innovation_bias__2019-01-18__08_39_38__fault,vehicle_attitude.q[0],73,71
development,reference,ekf2_innovation_bias__2019-01-18__08_39_38__fault,vehicle_attitude.q[1],73,71
development,reference,ekf2_innovation_bias__2019-01-18__08_39_38__fault,vehicle_attitude.q[2],73,71
development,reference,ekf2_innovation_bias__2019-01-18__08_39_38__fault,vehicle_attitude.q[3],73,71
development,reference,ekf2_innovation_bias__2019-01-18__08_39_38__fault,vehicle_attitude.rollspeed,73,71
development,reference,ekf2_innovation_bias__2019-01-18__08_39_38__fault,vehicle_attitude.yawspeed,73,71
development,reference,ekf2_innovation_bias__2019-01-18__08_39_38__fault,vehicle_attitude_setpoint.pitch_body,73,71
development,reference,ekf2_innovation_bias__2019-01-18__08_39_38__fault,vehicle_attitude_setpoint.roll_body,73,71
development,reference,ekf2_innovation_bias__2019-01-18__08_39_38__fault,vehicle_attitude_setpoint.yaw_body,73,71
development,reference,ekf2_innovation_bias__2019-01-18__08_39_38__fault,vehicle_land_detected.ground_contact,73,71
development,reference,ekf2_innovation_bias__2019-01-18__08_39_38__fault,vehicle_land_detected.landed,73,71
development,reference,ekf2_innovation_bias__2019-01-18__08_39_38__fault,vehicle_land_detected.maybe_landed,73,71
development,reference,ekf2_innovation_bias__2019-01-18__08_39_38__fault,vehicle_local_position.ax,73,71
development,reference,ekf2_innovation_bias__2019-01-18__08_39_38__fault,vehicle_local_position.ay,73,71
development,reference,ekf2_innovation_bias__2019-01-18__08_39_38__fault,vehicle_local_position.az,73,71
development,reference,ekf2_innovation_bias__2019-01-18__08_39_38__fault,vehicle_local_position.dist_bottom,73,71
development,reference,ekf2_innovation_bias__2019-01-18__08_39_38__fault,vehicle_local_position.dist_bottom_rate,73,71
development,reference,ekf2_innovation_bias__2019-01-18__08_39_38__fault,vehicle_local_position.eph,73,71
development,reference,ekf2_innovation_bias__2019-01-18__08_39_38__fault,vehicle_local_position.epv,73,71
development,reference,ekf2_innovation_bias__2019-01-18__08_39_38__fault,vehicle_local_position.vx,73,71
development,reference,ekf2_innovation_bias__2019-01-18__08_39_38__fault,vehicle_local_position.vy,73,71
development,reference,ekf2_innovation_bias__2019-01-18__08_39_38__fault,vehicle_local_position.vz,73,71
development,reference,ekf2_innovation_bias__2019-01-18__08_39_38__fault,vehicle_local_position.x,73,71
development,reference,ekf2_innovation_bias__2019-01-18__08_39_38__fault,vehicle_local_position.y,73,71
development,reference,ekf2_innovation_bias__2019-01-18__08_39_38__fault,vehicle_local_position.z,73,71
development,reference,ekf2_innovation_bias__2019-01-18__08_39_38__fault,vehicle_rates_setpoint.pitch,73,71
development,reference,ekf2_innovation_bias__2019-01-18__08_39_38__fault,vehicle_rates_setpoint.roll,73,71
development,reference,ekf2_innovation_bias__2019-01-18__08_39_38__fault,vehicle_rates_setpoint.yaw,73,71
development,reference,ekf2_innovation_bias__2019-01-18__08_39_38__fault,vehicle_status.arming_state,73,71
development,reference,ekf2_innovation_bias__2019-01-18__08_39_38__fault,vehicle_status.nav_state,73,71
development,reference,ekf2_innovation_bias__2019-01-18__08_39_38__fault,vehicle_vision_position.x,73,71
development,reference,ekf2_innovation_bias__2019-01-18__08_39_38__fault,vehicle_vision_position.y,73,71
development,reference,ekf2_innovation_bias__2019-01-18__08_39_38__fault,vehicle_vision_position.z,73,71
development,reference,ekf2_innovation_bias__2019-01-25__17_38_05__fault,actuator_controls_0.control[0],105,103
development,reference,ekf2_innovation_bias__2019-01-25__17_38_05__fault,actuator_controls_0.control[1],105,103
development,reference,ekf2_innovation_bias__2019-01-25__17_38_05__fault,actuator_controls_0.control[2],105,103
development,reference,ekf2_innovation_bias__2019-01-25__17_38_05__fault,actuator_controls_0.control[3],105,103
development,reference,ekf2_innovation_bias__2019-01-25__17_38_05__fault,actuator_outputs.output[0],105,103
development,reference,ekf2_innovation_bias__2019-01-25__17_38_05__fault,actuator_outputs.output[1],105,103
development,reference,ekf2_innovation_bias__2019-01-25__17_38_05__fault,actuator_outputs.output[2],105,103
development,reference,ekf2_innovation_bias__2019-01-25__17_38_05__fault,actuator_outputs.output[3],105,103
development,reference,ekf2_innovation_bias__2019-01-25__17_38_05__fault,actuator_outputs.output[4],105,103
development,reference,ekf2_innovation_bias__2019-01-25__17_38_05__fault,actuator_outputs.output[5],105,103
development,reference,ekf2_innovation_bias__2019-01-25__17_38_05__fault,actuator_outputs.output[6],105,103
development,reference,ekf2_innovation_bias__2019-01-25__17_38_05__fault,actuator_outputs.output[7],105,103
development,reference,ekf2_innovation_bias__2019-01-25__17_38_05__fault,battery_status.current_a,105,103
development,reference,ekf2_innovation_bias__2019-01-25__17_38_05__fault,battery_status.current_filtered_a,105,103
development,reference,ekf2_innovation_bias__2019-01-25__17_38_05__fault,battery_status.discharged_mah,105,103
development,reference,ekf2_innovation_bias__2019-01-25__17_38_05__fault,battery_status.remaining,105,103
development,reference,ekf2_innovation_bias__2019-01-25__17_38_05__fault,battery_status.voltage_filtered_v,105,103
development,reference,ekf2_innovation_bias__2019-01-25__17_38_05__fault,battery_status.voltage_v,105,103
development,reference,ekf2_innovation_bias__2019-01-25__17_38_05__fault,cpuload.load,105,103
development,reference,ekf2_innovation_bias__2019-01-25__17_38_05__fault,cpuload.ram_usage,105,103
development,reference,ekf2_innovation_bias__2019-01-25__17_38_05__fault,distance_sensor.current_distance,105,103
development,reference,ekf2_innovation_bias__2019-01-25__17_38_05__fault,ekf2_innovations.hagl_innov,105,103
development,reference,ekf2_innovation_bias__2019-01-25__17_38_05__fault,ekf2_innovations.heading_innov,105,103
development,reference,ekf2_innovation_bias__2019-01-25__17_38_05__fault,ekf2_innovations.output_tracking_error[0],105,103
development,reference,ekf2_innovation_bias__2019-01-25__17_38_05__fault,ekf2_innovations.output_tracking_error[1],105,103
development,reference,ekf2_innovation_bias__2019-01-25__17_38_05__fault,ekf2_innovations.output_tracking_error[2],105,103
development,reference,ekf2_innovation_bias__2019-01-25__17_38_05__fault,ekf2_innovations.vel_pos_innov[3],105,103
development,reference,ekf2_innovation_bias__2019-01-25__17_38_05__fault,ekf2_innovations.vel_pos_innov[4],105,103
development,reference,ekf2_innovation_bias__2019-01-25__17_38_05__fault,ekf2_innovations.vel_pos_innov[5],105,103
development,reference,ekf2_innovation_bias__2019-01-25__17_38_05__fault,estimator_status.hagl_test_ratio,105,103
development,reference,ekf2_innovation_bias__2019-01-25__17_38_05__fault,estimator_status.hgt_test_ratio,105,103
development,reference,ekf2_innovation_bias__2019-01-25__17_38_05__fault,estimator_status.mag_test_ratio,105,103
development,reference,ekf2_innovation_bias__2019-01-25__17_38_05__fault,estimator_status.pos_horiz_accuracy,105,103
development,reference,ekf2_innovation_bias__2019-01-25__17_38_05__fault,estimator_status.pos_test_ratio,105,103
development,reference,ekf2_innovation_bias__2019-01-25__17_38_05__fault,estimator_status.pos_vert_accuracy,105,103
development,reference,ekf2_innovation_bias__2019-01-25__17_38_05__fault,estimator_status.vibe[0],105,103
development,reference,ekf2_innovation_bias__2019-01-25__17_38_05__fault,estimator_status.vibe[1],105,103
development,reference,ekf2_innovation_bias__2019-01-25__17_38_05__fault,estimator_status.vibe[2],105,103
development,reference,ekf2_innovation_bias__2019-01-25__17_38_05__fault,manual_control_setpoint.r,105,103
development,reference,ekf2_innovation_bias__2019-01-25__17_38_05__fault,manual_control_setpoint.x,105,103
development,reference,ekf2_innovation_bias__2019-01-25__17_38_05__fault,manual_control_setpoint.y,105,103
development,reference,ekf2_innovation_bias__2019-01-25__17_38_05__fault,manual_control_setpoint.z,105,103
development,reference,ekf2_innovation_bias__2019-01-25__17_38_05__fault,rate_ctrl_status.pitchspeed_integ,105,103
development,reference,ekf2_innovation_bias__2019-01-25__17_38_05__fault,rate_ctrl_status.rollspeed_integ,105,103
development,reference,ekf2_innovation_bias__2019-01-25__17_38_05__fault,rate_ctrl_status.yawspeed_integ,105,103
development,reference,ekf2_innovation_bias__2019-01-25__17_38_05__fault,sensor_combined.accelerometer_m_s2[0],105,103
development,reference,ekf2_innovation_bias__2019-01-25__17_38_05__fault,sensor_combined.accelerometer_m_s2[1],105,103
development,reference,ekf2_innovation_bias__2019-01-25__17_38_05__fault,sensor_combined.accelerometer_m_s2[2],105,103
development,reference,ekf2_innovation_bias__2019-01-25__17_38_05__fault,sensor_combined.gyro_rad[0],105,103
development,reference,ekf2_innovation_bias__2019-01-25__17_38_05__fault,sensor_combined.gyro_rad[1],105,103
development,reference,ekf2_innovation_bias__2019-01-25__17_38_05__fault,sensor_combined.gyro_rad[2],105,103
development,reference,ekf2_innovation_bias__2019-01-25__17_38_05__fault,sensor_preflight.accel_inconsistency_m_s_s,105,0
development,reference,ekf2_innovation_bias__2019-01-25__17_38_05__fault,sensor_preflight.gyro_inconsistency_rad_s,105,0
development,reference,ekf2_innovation_bias__2019-01-25__17_38_05__fault,vehicle_attitude.pitchspeed,105,103
development,reference,ekf2_innovation_bias__2019-01-25__17_38_05__fault,vehicle_attitude.q[0],105,103
development,reference,ekf2_innovation_bias__2019-01-25__17_38_05__fault,vehicle_attitude.q[1],105,103
development,reference,ekf2_innovation_bias__2019-01-25__17_38_05__fault,vehicle_attitude.q[2],105,103
development,reference,ekf2_innovation_bias__2019-01-25__17_38_05__fault,vehicle_attitude.q[3],105,103
development,reference,ekf2_innovation_bias__2019-01-25__17_38_05__fault,vehicle_attitude.rollspeed,105,103
development,reference,ekf2_innovation_bias__2019-01-25__17_38_05__fault,vehicle_attitude.yawspeed,105,103
development,reference,ekf2_innovation_bias__2019-01-25__17_38_05__fault,vehicle_attitude_setpoint.pitch_body,105,103
development,reference,ekf2_innovation_bias__2019-01-25__17_38_05__fault,vehicle_attitude_setpoint.roll_body,105,103
development,reference,ekf2_innovation_bias__2019-01-25__17_38_05__fault,vehicle_attitude_setpoint.yaw_body,105,103
development,reference,ekf2_innovation_bias__2019-01-25__17_38_05__fault,vehicle_land_detected.ground_contact,105,103
development,reference,ekf2_innovation_bias__2019-01-25__17_38_05__fault,vehicle_land_detected.landed,105,103
development,reference,ekf2_innovation_bias__2019-01-25__17_38_05__fault,vehicle_land_detected.maybe_landed,105,103
development,reference,ekf2_innovation_bias__2019-01-25__17_38_05__fault,vehicle_local_position.ax,105,103
development,reference,ekf2_innovation_bias__2019-01-25__17_38_05__fault,vehicle_local_position.ay,105,103
development,reference,ekf2_innovation_bias__2019-01-25__17_38_05__fault,vehicle_local_position.az,105,103
development,reference,ekf2_innovation_bias__2019-01-25__17_38_05__fault,vehicle_local_position.dist_bottom,105,103
development,reference,ekf2_innovation_bias__2019-01-25__17_38_05__fault,vehicle_local_position.dist_bottom_rate,105,103
development,reference,ekf2_innovation_bias__2019-01-25__17_38_05__fault,vehicle_local_position.eph,105,103
development,reference,ekf2_innovation_bias__2019-01-25__17_38_05__fault,vehicle_local_position.epv,105,103
development,reference,ekf2_innovation_bias__2019-01-25__17_38_05__fault,vehicle_local_position.vx,105,103
development,reference,ekf2_innovation_bias__2019-01-25__17_38_05__fault,vehicle_local_position.vy,105,103
development,reference,ekf2_innovation_bias__2019-01-25__17_38_05__fault,vehicle_local_position.vz,105,103
development,reference,ekf2_innovation_bias__2019-01-25__17_38_05__fault,vehicle_local_position.x,105,103
development,reference,ekf2_innovation_bias__2019-01-25__17_38_05__fault,vehicle_local_position.y,105,103
development,reference,ekf2_innovation_bias__2019-01-25__17_38_05__fault,vehicle_local_position.z,105,103
development,reference,ekf2_innovation_bias__2019-01-25__17_38_05__fault,vehicle_rates_setpoint.pitch,105,103
development,reference,ekf2_innovation_bias__2019-01-25__17_38_05__fault,vehicle_rates_setpoint.roll,105,103
development,reference,ekf2_innovation_bias__2019-01-25__17_38_05__fault,vehicle_rates_setpoint.yaw,105,103
development,reference,ekf2_innovation_bias__2019-01-25__17_38_05__fault,vehicle_status.arming_state,105,103
development,reference,ekf2_innovation_bias__2019-01-25__17_38_05__fault,vehicle_status.nav_state,105,103
development,reference,ekf2_innovation_bias__2019-01-25__17_38_05__fault,vehicle_vision_position.x,105,103
development,reference,ekf2_innovation_bias__2019-01-25__17_38_05__fault,vehicle_vision_position.y,105,103
development,reference,ekf2_innovation_bias__2019-01-25__17_38_05__fault,vehicle_vision_position.z,105,103
development,reference,ekf2_innovation_bias__2019-03-06__08_02_26__fault,actuator_controls_0.control[0],109,107
development,reference,ekf2_innovation_bias__2019-03-06__08_02_26__fault,actuator_controls_0.control[1],109,107
development,reference,ekf2_innovation_bias__2019-03-06__08_02_26__fault,actuator_controls_0.control[2],109,107
development,reference,ekf2_innovation_bias__2019-03-06__08_02_26__fault,actuator_controls_0.control[3],109,107
development,reference,ekf2_innovation_bias__2019-03-06__08_02_26__fault,actuator_outputs.output[0],109,107
development,reference,ekf2_innovation_bias__2019-03-06__08_02_26__fault,actuator_outputs.output[1],109,107
development,reference,ekf2_innovation_bias__2019-03-06__08_02_26__fault,actuator_outputs.output[2],109,107
development,reference,ekf2_innovation_bias__2019-03-06__08_02_26__fault,actuator_outputs.output[3],109,107
development,reference,ekf2_innovation_bias__2019-03-06__08_02_26__fault,actuator_outputs.output[4],109,107
development,reference,ekf2_innovation_bias__2019-03-06__08_02_26__fault,actuator_outputs.output[5],109,107
development,reference,ekf2_innovation_bias__2019-03-06__08_02_26__fault,actuator_outputs.output[6],109,107
development,reference,ekf2_innovation_bias__2019-03-06__08_02_26__fault,actuator_outputs.output[7],109,107
development,reference,ekf2_innovation_bias__2019-03-06__08_02_26__fault,battery_status.current_a,109,107
development,reference,ekf2_innovation_bias__2019-03-06__08_02_26__fault,battery_status.current_filtered_a,109,107
development,reference,ekf2_innovation_bias__2019-03-06__08_02_26__fault,battery_status.discharged_mah,109,107
development,reference,ekf2_innovation_bias__2019-03-06__08_02_26__fault,battery_status.remaining,109,107
development,reference,ekf2_innovation_bias__2019-03-06__08_02_26__fault,battery_status.voltage_filtered_v,109,107
development,reference,ekf2_innovation_bias__2019-03-06__08_02_26__fault,battery_status.voltage_v,109,107
development,reference,ekf2_innovation_bias__2019-03-06__08_02_26__fault,cpuload.load,109,108
development,reference,ekf2_innovation_bias__2019-03-06__08_02_26__fault,cpuload.ram_usage,109,108
development,reference,ekf2_innovation_bias__2019-03-06__08_02_26__fault,distance_sensor.current_distance,109,107
development,reference,ekf2_innovation_bias__2019-03-06__08_02_26__fault,ekf2_innovations.hagl_innov,109,107
development,reference,ekf2_innovation_bias__2019-03-06__08_02_26__fault,ekf2_innovations.heading_innov,109,107
development,reference,ekf2_innovation_bias__2019-03-06__08_02_26__fault,ekf2_innovations.output_tracking_error[0],109,107
development,reference,ekf2_innovation_bias__2019-03-06__08_02_26__fault,ekf2_innovations.output_tracking_error[1],109,107
development,reference,ekf2_innovation_bias__2019-03-06__08_02_26__fault,ekf2_innovations.output_tracking_error[2],109,107
development,reference,ekf2_innovation_bias__2019-03-06__08_02_26__fault,ekf2_innovations.vel_pos_innov[3],109,107
development,reference,ekf2_innovation_bias__2019-03-06__08_02_26__fault,ekf2_innovations.vel_pos_innov[4],109,107
development,reference,ekf2_innovation_bias__2019-03-06__08_02_26__fault,ekf2_innovations.vel_pos_innov[5],109,107
development,reference,ekf2_innovation_bias__2019-03-06__08_02_26__fault,estimator_status.hagl_test_ratio,109,107
development,reference,ekf2_innovation_bias__2019-03-06__08_02_26__fault,estimator_status.hgt_test_ratio,109,107
development,reference,ekf2_innovation_bias__2019-03-06__08_02_26__fault,estimator_status.mag_test_ratio,109,107
development,reference,ekf2_innovation_bias__2019-03-06__08_02_26__fault,estimator_status.pos_horiz_accuracy,109,107
development,reference,ekf2_innovation_bias__2019-03-06__08_02_26__fault,estimator_status.pos_test_ratio,109,107
development,reference,ekf2_innovation_bias__2019-03-06__08_02_26__fault,estimator_status.pos_vert_accuracy,109,107
development,reference,ekf2_innovation_bias__2019-03-06__08_02_26__fault,estimator_status.vibe[0],109,107
development,reference,ekf2_innovation_bias__2019-03-06__08_02_26__fault,estimator_status.vibe[1],109,107
development,reference,ekf2_innovation_bias__2019-03-06__08_02_26__fault,estimator_status.vibe[2],109,107
development,reference,ekf2_innovation_bias__2019-03-06__08_02_26__fault,manual_control_setpoint.r,109,107
development,reference,ekf2_innovation_bias__2019-03-06__08_02_26__fault,manual_control_setpoint.x,109,107
development,reference,ekf2_innovation_bias__2019-03-06__08_02_26__fault,manual_control_setpoint.y,109,107
development,reference,ekf2_innovation_bias__2019-03-06__08_02_26__fault,manual_control_setpoint.z,109,107
development,reference,ekf2_innovation_bias__2019-03-06__08_02_26__fault,rate_ctrl_status.pitchspeed_integ,109,107
development,reference,ekf2_innovation_bias__2019-03-06__08_02_26__fault,rate_ctrl_status.rollspeed_integ,109,107
development,reference,ekf2_innovation_bias__2019-03-06__08_02_26__fault,rate_ctrl_status.yawspeed_integ,109,107
development,reference,ekf2_innovation_bias__2019-03-06__08_02_26__fault,sensor_combined.accelerometer_m_s2[0],109,107
development,reference,ekf2_innovation_bias__2019-03-06__08_02_26__fault,sensor_combined.accelerometer_m_s2[1],109,107
development,reference,ekf2_innovation_bias__2019-03-06__08_02_26__fault,sensor_combined.accelerometer_m_s2[2],109,107
development,reference,ekf2_innovation_bias__2019-03-06__08_02_26__fault,sensor_combined.gyro_rad[0],109,107
development,reference,ekf2_innovation_bias__2019-03-06__08_02_26__fault,sensor_combined.gyro_rad[1],109,107
development,reference,ekf2_innovation_bias__2019-03-06__08_02_26__fault,sensor_combined.gyro_rad[2],109,107
development,reference,ekf2_innovation_bias__2019-03-06__08_02_26__fault,sensor_preflight.accel_inconsistency_m_s_s,109,0
development,reference,ekf2_innovation_bias__2019-03-06__08_02_26__fault,sensor_preflight.gyro_inconsistency_rad_s,109,0
development,reference,ekf2_innovation_bias__2019-03-06__08_02_26__fault,vehicle_attitude.pitchspeed,109,107
development,reference,ekf2_innovation_bias__2019-03-06__08_02_26__fault,vehicle_attitude.q[0],109,107
development,reference,ekf2_innovation_bias__2019-03-06__08_02_26__fault,vehicle_attitude.q[1],109,107
development,reference,ekf2_innovation_bias__2019-03-06__08_02_26__fault,vehicle_attitude.q[2],109,107
development,reference,ekf2_innovation_bias__2019-03-06__08_02_26__fault,vehicle_attitude.q[3],109,107
development,reference,ekf2_innovation_bias__2019-03-06__08_02_26__fault,vehicle_attitude.rollspeed,109,107
development,reference,ekf2_innovation_bias__2019-03-06__08_02_26__fault,vehicle_attitude.yawspeed,109,107
development,reference,ekf2_innovation_bias__2019-03-06__08_02_26__fault,vehicle_attitude_setpoint.pitch_body,109,107
development,reference,ekf2_innovation_bias__2019-03-06__08_02_26__fault,vehicle_attitude_setpoint.roll_body,109,107
development,reference,ekf2_innovation_bias__2019-03-06__08_02_26__fault,vehicle_attitude_setpoint.yaw_body,109,107
development,reference,ekf2_innovation_bias__2019-03-06__08_02_26__fault,vehicle_land_detected.ground_contact,109,107
development,reference,ekf2_innovation_bias__2019-03-06__08_02_26__fault,vehicle_land_detected.landed,109,107
development,reference,ekf2_innovation_bias__2019-03-06__08_02_26__fault,vehicle_land_detected.maybe_landed,109,107
development,reference,ekf2_innovation_bias__2019-03-06__08_02_26__fault,vehicle_local_position.ax,109,107
development,reference,ekf2_innovation_bias__2019-03-06__08_02_26__fault,vehicle_local_position.ay,109,107
development,reference,ekf2_innovation_bias__2019-03-06__08_02_26__fault,vehicle_local_position.az,109,107
development,reference,ekf2_innovation_bias__2019-03-06__08_02_26__fault,vehicle_local_position.dist_bottom,109,107
development,reference,ekf2_innovation_bias__2019-03-06__08_02_26__fault,vehicle_local_position.dist_bottom_rate,109,107
development,reference,ekf2_innovation_bias__2019-03-06__08_02_26__fault,vehicle_local_position.eph,109,107
development,reference,ekf2_innovation_bias__2019-03-06__08_02_26__fault,vehicle_local_position.epv,109,107
development,reference,ekf2_innovation_bias__2019-03-06__08_02_26__fault,vehicle_local_position.vx,109,107
development,reference,ekf2_innovation_bias__2019-03-06__08_02_26__fault,vehicle_local_position.vy,109,107
development,reference,ekf2_innovation_bias__2019-03-06__08_02_26__fault,vehicle_local_position.vz,109,107
development,reference,ekf2_innovation_bias__2019-03-06__08_02_26__fault,vehicle_local_position.x,109,107
development,reference,ekf2_innovation_bias__2019-03-06__08_02_26__fault,vehicle_local_position.y,109,107
development,reference,ekf2_innovation_bias__2019-03-06__08_02_26__fault,vehicle_local_position.z,109,107
development,reference,ekf2_innovation_bias__2019-03-06__08_02_26__fault,vehicle_rates_setpoint.pitch,109,107
development,reference,ekf2_innovation_bias__2019-03-06__08_02_26__fault,vehicle_rates_setpoint.roll,109,107
development,reference,ekf2_innovation_bias__2019-03-06__08_02_26__fault,vehicle_rates_setpoint.yaw,109,107
development,reference,ekf2_innovation_bias__2019-03-06__08_02_26__fault,vehicle_status.arming_state,109,107
development,reference,ekf2_innovation_bias__2019-03-06__08_02_26__fault,vehicle_status.nav_state,109,107
development,reference,ekf2_innovation_bias__2019-03-06__08_02_26__fault,vehicle_vision_position.x,109,107
development,reference,ekf2_innovation_bias__2019-03-06__08_02_26__fault,vehicle_vision_position.y,109,107
development,reference,ekf2_innovation_bias__2019-03-06__08_02_26__fault,vehicle_vision_position.z,109,107
development,reference,inav_local_z_freeze__2019-01-18__08_39_38__fault,actuator_controls_0.control[0],73,71
development,reference,inav_local_z_freeze__2019-01-18__08_39_38__fault,actuator_controls_0.control[1],73,71
development,reference,inav_local_z_freeze__2019-01-18__08_39_38__fault,actuator_controls_0.control[2],73,71
development,reference,inav_local_z_freeze__2019-01-18__08_39_38__fault,actuator_controls_0.control[3],73,71
development,reference,inav_local_z_freeze__2019-01-18__08_39_38__fault,actuator_outputs.output[0],73,71
development,reference,inav_local_z_freeze__2019-01-18__08_39_38__fault,actuator_outputs.output[1],73,71
development,reference,inav_local_z_freeze__2019-01-18__08_39_38__fault,actuator_outputs.output[2],73,71
development,reference,inav_local_z_freeze__2019-01-18__08_39_38__fault,actuator_outputs.output[3],73,71
development,reference,inav_local_z_freeze__2019-01-18__08_39_38__fault,actuator_outputs.output[4],73,71
development,reference,inav_local_z_freeze__2019-01-18__08_39_38__fault,actuator_outputs.output[5],73,71
development,reference,inav_local_z_freeze__2019-01-18__08_39_38__fault,actuator_outputs.output[6],73,71
development,reference,inav_local_z_freeze__2019-01-18__08_39_38__fault,actuator_outputs.output[7],73,71
development,reference,inav_local_z_freeze__2019-01-18__08_39_38__fault,battery_status.current_a,73,71
development,reference,inav_local_z_freeze__2019-01-18__08_39_38__fault,battery_status.current_filtered_a,73,71
development,reference,inav_local_z_freeze__2019-01-18__08_39_38__fault,battery_status.discharged_mah,73,71
development,reference,inav_local_z_freeze__2019-01-18__08_39_38__fault,battery_status.remaining,73,71
development,reference,inav_local_z_freeze__2019-01-18__08_39_38__fault,battery_status.voltage_filtered_v,73,71
development,reference,inav_local_z_freeze__2019-01-18__08_39_38__fault,battery_status.voltage_v,73,71
development,reference,inav_local_z_freeze__2019-01-18__08_39_38__fault,cpuload.load,73,71
development,reference,inav_local_z_freeze__2019-01-18__08_39_38__fault,cpuload.ram_usage,73,71
development,reference,inav_local_z_freeze__2019-01-18__08_39_38__fault,distance_sensor.current_distance,73,71
development,reference,inav_local_z_freeze__2019-01-18__08_39_38__fault,ekf2_innovations.hagl_innov,73,71
development,reference,inav_local_z_freeze__2019-01-18__08_39_38__fault,ekf2_innovations.heading_innov,73,71
development,reference,inav_local_z_freeze__2019-01-18__08_39_38__fault,ekf2_innovations.output_tracking_error[0],73,71
development,reference,inav_local_z_freeze__2019-01-18__08_39_38__fault,ekf2_innovations.output_tracking_error[1],73,71
development,reference,inav_local_z_freeze__2019-01-18__08_39_38__fault,ekf2_innovations.output_tracking_error[2],73,71
development,reference,inav_local_z_freeze__2019-01-18__08_39_38__fault,ekf2_innovations.vel_pos_innov[3],73,71
development,reference,inav_local_z_freeze__2019-01-18__08_39_38__fault,ekf2_innovations.vel_pos_innov[4],73,71
development,reference,inav_local_z_freeze__2019-01-18__08_39_38__fault,ekf2_innovations.vel_pos_innov[5],73,71
development,reference,inav_local_z_freeze__2019-01-18__08_39_38__fault,estimator_status.hagl_test_ratio,73,71
development,reference,inav_local_z_freeze__2019-01-18__08_39_38__fault,estimator_status.hgt_test_ratio,73,71
development,reference,inav_local_z_freeze__2019-01-18__08_39_38__fault,estimator_status.mag_test_ratio,73,71
development,reference,inav_local_z_freeze__2019-01-18__08_39_38__fault,estimator_status.pos_horiz_accuracy,73,71
development,reference,inav_local_z_freeze__2019-01-18__08_39_38__fault,estimator_status.pos_test_ratio,73,71
development,reference,inav_local_z_freeze__2019-01-18__08_39_38__fault,estimator_status.pos_vert_accuracy,73,71
development,reference,inav_local_z_freeze__2019-01-18__08_39_38__fault,estimator_status.vibe[0],73,71
development,reference,inav_local_z_freeze__2019-01-18__08_39_38__fault,estimator_status.vibe[1],73,71
development,reference,inav_local_z_freeze__2019-01-18__08_39_38__fault,estimator_status.vibe[2],73,71
development,reference,inav_local_z_freeze__2019-01-18__08_39_38__fault,manual_control_setpoint.r,73,71
development,reference,inav_local_z_freeze__2019-01-18__08_39_38__fault,manual_control_setpoint.x,73,71
development,reference,inav_local_z_freeze__2019-01-18__08_39_38__fault,manual_control_setpoint.y,73,71
development,reference,inav_local_z_freeze__2019-01-18__08_39_38__fault,manual_control_setpoint.z,73,71
development,reference,inav_local_z_freeze__2019-01-18__08_39_38__fault,rate_ctrl_status.pitchspeed_integ,73,71
development,reference,inav_local_z_freeze__2019-01-18__08_39_38__fault,rate_ctrl_status.rollspeed_integ,73,71
development,reference,inav_local_z_freeze__2019-01-18__08_39_38__fault,rate_ctrl_status.yawspeed_integ,73,71
development,reference,inav_local_z_freeze__2019-01-18__08_39_38__fault,sensor_combined.accelerometer_m_s2[0],73,71
development,reference,inav_local_z_freeze__2019-01-18__08_39_38__fault,sensor_combined.accelerometer_m_s2[1],73,71
development,reference,inav_local_z_freeze__2019-01-18__08_39_38__fault,sensor_combined.accelerometer_m_s2[2],73,71
development,reference,inav_local_z_freeze__2019-01-18__08_39_38__fault,sensor_combined.gyro_rad[0],73,71
development,reference,inav_local_z_freeze__2019-01-18__08_39_38__fault,sensor_combined.gyro_rad[1],73,71
development,reference,inav_local_z_freeze__2019-01-18__08_39_38__fault,sensor_combined.gyro_rad[2],73,71
development,reference,inav_local_z_freeze__2019-01-18__08_39_38__fault,sensor_preflight.accel_inconsistency_m_s_s,73,0
development,reference,inav_local_z_freeze__2019-01-18__08_39_38__fault,sensor_preflight.gyro_inconsistency_rad_s,73,0
development,reference,inav_local_z_freeze__2019-01-18__08_39_38__fault,vehicle_attitude.pitchspeed,73,71
development,reference,inav_local_z_freeze__2019-01-18__08_39_38__fault,vehicle_attitude.q[0],73,71
development,reference,inav_local_z_freeze__2019-01-18__08_39_38__fault,vehicle_attitude.q[1],73,71
development,reference,inav_local_z_freeze__2019-01-18__08_39_38__fault,vehicle_attitude.q[2],73,71
development,reference,inav_local_z_freeze__2019-01-18__08_39_38__fault,vehicle_attitude.q[3],73,71
development,reference,inav_local_z_freeze__2019-01-18__08_39_38__fault,vehicle_attitude.rollspeed,73,71
development,reference,inav_local_z_freeze__2019-01-18__08_39_38__fault,vehicle_attitude.yawspeed,73,71
development,reference,inav_local_z_freeze__2019-01-18__08_39_38__fault,vehicle_attitude_setpoint.pitch_body,73,71
development,reference,inav_local_z_freeze__2019-01-18__08_39_38__fault,vehicle_attitude_setpoint.roll_body,73,71
development,reference,inav_local_z_freeze__2019-01-18__08_39_38__fault,vehicle_attitude_setpoint.yaw_body,73,71
development,reference,inav_local_z_freeze__2019-01-18__08_39_38__fault,vehicle_land_detected.ground_contact,73,71
development,reference,inav_local_z_freeze__2019-01-18__08_39_38__fault,vehicle_land_detected.landed,73,71
development,reference,inav_local_z_freeze__2019-01-18__08_39_38__fault,vehicle_land_detected.maybe_landed,73,71
development,reference,inav_local_z_freeze__2019-01-18__08_39_38__fault,vehicle_local_position.ax,73,69
development,reference,inav_local_z_freeze__2019-01-18__08_39_38__fault,vehicle_local_position.ay,73,69
development,reference,inav_local_z_freeze__2019-01-18__08_39_38__fault,vehicle_local_position.az,73,69
development,reference,inav_local_z_freeze__2019-01-18__08_39_38__fault,vehicle_local_position.dist_bottom,73,69
development,reference,inav_local_z_freeze__2019-01-18__08_39_38__fault,vehicle_local_position.dist_bottom_rate,73,69
development,reference,inav_local_z_freeze__2019-01-18__08_39_38__fault,vehicle_local_position.eph,73,69
development,reference,inav_local_z_freeze__2019-01-18__08_39_38__fault,vehicle_local_position.epv,73,69
development,reference,inav_local_z_freeze__2019-01-18__08_39_38__fault,vehicle_local_position.vx,73,69
development,reference,inav_local_z_freeze__2019-01-18__08_39_38__fault,vehicle_local_position.vy,73,69
development,reference,inav_local_z_freeze__2019-01-18__08_39_38__fault,vehicle_local_position.vz,73,69
development,reference,inav_local_z_freeze__2019-01-18__08_39_38__fault,vehicle_local_position.x,73,69
development,reference,inav_local_z_freeze__2019-01-18__08_39_38__fault,vehicle_local_position.y,73,69
development,reference,inav_local_z_freeze__2019-01-18__08_39_38__fault,vehicle_local_position.z,73,69
development,reference,inav_local_z_freeze__2019-01-18__08_39_38__fault,vehicle_rates_setpoint.pitch,73,71
development,reference,inav_local_z_freeze__2019-01-18__08_39_38__fault,vehicle_rates_setpoint.roll,73,71
development,reference,inav_local_z_freeze__2019-01-18__08_39_38__fault,vehicle_rates_setpoint.yaw,73,71
development,reference,inav_local_z_freeze__2019-01-18__08_39_38__fault,vehicle_status.arming_state,73,73
development,reference,inav_local_z_freeze__2019-01-18__08_39_38__fault,vehicle_status.nav_state,73,73
development,reference,inav_local_z_freeze__2019-01-18__08_39_38__fault,vehicle_vision_position.x,73,71
development,reference,inav_local_z_freeze__2019-01-18__08_39_38__fault,vehicle_vision_position.y,73,71
development,reference,inav_local_z_freeze__2019-01-18__08_39_38__fault,vehicle_vision_position.z,73,71
development,reference,inav_local_z_freeze__2019-01-25__17_38_05__fault,actuator_controls_0.control[0],105,103
development,reference,inav_local_z_freeze__2019-01-25__17_38_05__fault,actuator_controls_0.control[1],105,103
development,reference,inav_local_z_freeze__2019-01-25__17_38_05__fault,actuator_controls_0.control[2],105,103
development,reference,inav_local_z_freeze__2019-01-25__17_38_05__fault,actuator_controls_0.control[3],105,103
development,reference,inav_local_z_freeze__2019-01-25__17_38_05__fault,actuator_outputs.output[0],105,103
development,reference,inav_local_z_freeze__2019-01-25__17_38_05__fault,actuator_outputs.output[1],105,103
development,reference,inav_local_z_freeze__2019-01-25__17_38_05__fault,actuator_outputs.output[2],105,103
development,reference,inav_local_z_freeze__2019-01-25__17_38_05__fault,actuator_outputs.output[3],105,103
development,reference,inav_local_z_freeze__2019-01-25__17_38_05__fault,actuator_outputs.output[4],105,103
development,reference,inav_local_z_freeze__2019-01-25__17_38_05__fault,actuator_outputs.output[5],105,103
development,reference,inav_local_z_freeze__2019-01-25__17_38_05__fault,actuator_outputs.output[6],105,103
development,reference,inav_local_z_freeze__2019-01-25__17_38_05__fault,actuator_outputs.output[7],105,103
development,reference,inav_local_z_freeze__2019-01-25__17_38_05__fault,battery_status.current_a,105,103
development,reference,inav_local_z_freeze__2019-01-25__17_38_05__fault,battery_status.current_filtered_a,105,103
development,reference,inav_local_z_freeze__2019-01-25__17_38_05__fault,battery_status.discharged_mah,105,103
development,reference,inav_local_z_freeze__2019-01-25__17_38_05__fault,battery_status.remaining,105,103
development,reference,inav_local_z_freeze__2019-01-25__17_38_05__fault,battery_status.voltage_filtered_v,105,103
development,reference,inav_local_z_freeze__2019-01-25__17_38_05__fault,battery_status.voltage_v,105,103
development,reference,inav_local_z_freeze__2019-01-25__17_38_05__fault,cpuload.load,105,103
development,reference,inav_local_z_freeze__2019-01-25__17_38_05__fault,cpuload.ram_usage,105,103
development,reference,inav_local_z_freeze__2019-01-25__17_38_05__fault,distance_sensor.current_distance,105,103
development,reference,inav_local_z_freeze__2019-01-25__17_38_05__fault,ekf2_innovations.hagl_innov,105,103
development,reference,inav_local_z_freeze__2019-01-25__17_38_05__fault,ekf2_innovations.heading_innov,105,103
development,reference,inav_local_z_freeze__2019-01-25__17_38_05__fault,ekf2_innovations.output_tracking_error[0],105,103
development,reference,inav_local_z_freeze__2019-01-25__17_38_05__fault,ekf2_innovations.output_tracking_error[1],105,103
development,reference,inav_local_z_freeze__2019-01-25__17_38_05__fault,ekf2_innovations.output_tracking_error[2],105,103
development,reference,inav_local_z_freeze__2019-01-25__17_38_05__fault,ekf2_innovations.vel_pos_innov[3],105,103
development,reference,inav_local_z_freeze__2019-01-25__17_38_05__fault,ekf2_innovations.vel_pos_innov[4],105,103
development,reference,inav_local_z_freeze__2019-01-25__17_38_05__fault,ekf2_innovations.vel_pos_innov[5],105,103
development,reference,inav_local_z_freeze__2019-01-25__17_38_05__fault,estimator_status.hagl_test_ratio,105,103
development,reference,inav_local_z_freeze__2019-01-25__17_38_05__fault,estimator_status.hgt_test_ratio,105,103
development,reference,inav_local_z_freeze__2019-01-25__17_38_05__fault,estimator_status.mag_test_ratio,105,103
development,reference,inav_local_z_freeze__2019-01-25__17_38_05__fault,estimator_status.pos_horiz_accuracy,105,103
development,reference,inav_local_z_freeze__2019-01-25__17_38_05__fault,estimator_status.pos_test_ratio,105,103
development,reference,inav_local_z_freeze__2019-01-25__17_38_05__fault,estimator_status.pos_vert_accuracy,105,103
development,reference,inav_local_z_freeze__2019-01-25__17_38_05__fault,estimator_status.vibe[0],105,103
development,reference,inav_local_z_freeze__2019-01-25__17_38_05__fault,estimator_status.vibe[1],105,103
development,reference,inav_local_z_freeze__2019-01-25__17_38_05__fault,estimator_status.vibe[2],105,103
development,reference,inav_local_z_freeze__2019-01-25__17_38_05__fault,manual_control_setpoint.r,105,103
development,reference,inav_local_z_freeze__2019-01-25__17_38_05__fault,manual_control_setpoint.x,105,103
development,reference,inav_local_z_freeze__2019-01-25__17_38_05__fault,manual_control_setpoint.y,105,103
development,reference,inav_local_z_freeze__2019-01-25__17_38_05__fault,manual_control_setpoint.z,105,103
development,reference,inav_local_z_freeze__2019-01-25__17_38_05__fault,rate_ctrl_status.pitchspeed_integ,105,103
development,reference,inav_local_z_freeze__2019-01-25__17_38_05__fault,rate_ctrl_status.rollspeed_integ,105,103
development,reference,inav_local_z_freeze__2019-01-25__17_38_05__fault,rate_ctrl_status.yawspeed_integ,105,103
development,reference,inav_local_z_freeze__2019-01-25__17_38_05__fault,sensor_combined.accelerometer_m_s2[0],105,103
development,reference,inav_local_z_freeze__2019-01-25__17_38_05__fault,sensor_combined.accelerometer_m_s2[1],105,103
development,reference,inav_local_z_freeze__2019-01-25__17_38_05__fault,sensor_combined.accelerometer_m_s2[2],105,103
development,reference,inav_local_z_freeze__2019-01-25__17_38_05__fault,sensor_combined.gyro_rad[0],105,103
development,reference,inav_local_z_freeze__2019-01-25__17_38_05__fault,sensor_combined.gyro_rad[1],105,103
development,reference,inav_local_z_freeze__2019-01-25__17_38_05__fault,sensor_combined.gyro_rad[2],105,103
development,reference,inav_local_z_freeze__2019-01-25__17_38_05__fault,sensor_preflight.accel_inconsistency_m_s_s,105,0
development,reference,inav_local_z_freeze__2019-01-25__17_38_05__fault,sensor_preflight.gyro_inconsistency_rad_s,105,0
development,reference,inav_local_z_freeze__2019-01-25__17_38_05__fault,vehicle_attitude.pitchspeed,105,103
development,reference,inav_local_z_freeze__2019-01-25__17_38_05__fault,vehicle_attitude.q[0],105,103
development,reference,inav_local_z_freeze__2019-01-25__17_38_05__fault,vehicle_attitude.q[1],105,103
development,reference,inav_local_z_freeze__2019-01-25__17_38_05__fault,vehicle_attitude.q[2],105,103
development,reference,inav_local_z_freeze__2019-01-25__17_38_05__fault,vehicle_attitude.q[3],105,103
development,reference,inav_local_z_freeze__2019-01-25__17_38_05__fault,vehicle_attitude.rollspeed,105,103
development,reference,inav_local_z_freeze__2019-01-25__17_38_05__fault,vehicle_attitude.yawspeed,105,103
development,reference,inav_local_z_freeze__2019-01-25__17_38_05__fault,vehicle_attitude_setpoint.pitch_body,105,103
development,reference,inav_local_z_freeze__2019-01-25__17_38_05__fault,vehicle_attitude_setpoint.roll_body,105,103
development,reference,inav_local_z_freeze__2019-01-25__17_38_05__fault,vehicle_attitude_setpoint.yaw_body,105,103
development,reference,inav_local_z_freeze__2019-01-25__17_38_05__fault,vehicle_land_detected.ground_contact,105,103
development,reference,inav_local_z_freeze__2019-01-25__17_38_05__fault,vehicle_land_detected.landed,105,103
development,reference,inav_local_z_freeze__2019-01-25__17_38_05__fault,vehicle_land_detected.maybe_landed,105,103
development,reference,inav_local_z_freeze__2019-01-25__17_38_05__fault,vehicle_local_position.ax,105,101
development,reference,inav_local_z_freeze__2019-01-25__17_38_05__fault,vehicle_local_position.ay,105,101
development,reference,inav_local_z_freeze__2019-01-25__17_38_05__fault,vehicle_local_position.az,105,101
development,reference,inav_local_z_freeze__2019-01-25__17_38_05__fault,vehicle_local_position.dist_bottom,105,101
development,reference,inav_local_z_freeze__2019-01-25__17_38_05__fault,vehicle_local_position.dist_bottom_rate,105,101
development,reference,inav_local_z_freeze__2019-01-25__17_38_05__fault,vehicle_local_position.eph,105,101
development,reference,inav_local_z_freeze__2019-01-25__17_38_05__fault,vehicle_local_position.epv,105,101
development,reference,inav_local_z_freeze__2019-01-25__17_38_05__fault,vehicle_local_position.vx,105,101
development,reference,inav_local_z_freeze__2019-01-25__17_38_05__fault,vehicle_local_position.vy,105,101
development,reference,inav_local_z_freeze__2019-01-25__17_38_05__fault,vehicle_local_position.vz,105,101
development,reference,inav_local_z_freeze__2019-01-25__17_38_05__fault,vehicle_local_position.x,105,101
development,reference,inav_local_z_freeze__2019-01-25__17_38_05__fault,vehicle_local_position.y,105,101
development,reference,inav_local_z_freeze__2019-01-25__17_38_05__fault,vehicle_local_position.z,105,101
development,reference,inav_local_z_freeze__2019-01-25__17_38_05__fault,vehicle_rates_setpoint.pitch,105,103
development,reference,inav_local_z_freeze__2019-01-25__17_38_05__fault,vehicle_rates_setpoint.roll,105,103
development,reference,inav_local_z_freeze__2019-01-25__17_38_05__fault,vehicle_rates_setpoint.yaw,105,103
development,reference,inav_local_z_freeze__2019-01-25__17_38_05__fault,vehicle_status.arming_state,105,103
development,reference,inav_local_z_freeze__2019-01-25__17_38_05__fault,vehicle_status.nav_state,105,103
development,reference,inav_local_z_freeze__2019-01-25__17_38_05__fault,vehicle_vision_position.x,105,103
development,reference,inav_local_z_freeze__2019-01-25__17_38_05__fault,vehicle_vision_position.y,105,103
development,reference,inav_local_z_freeze__2019-01-25__17_38_05__fault,vehicle_vision_position.z,105,103
development,reference,inav_local_z_freeze__2019-03-06__08_02_26__fault,actuator_controls_0.control[0],109,107
development,reference,inav_local_z_freeze__2019-03-06__08_02_26__fault,actuator_controls_0.control[1],109,107
development,reference,inav_local_z_freeze__2019-03-06__08_02_26__fault,actuator_controls_0.control[2],109,107
development,reference,inav_local_z_freeze__2019-03-06__08_02_26__fault,actuator_controls_0.control[3],109,107
development,reference,inav_local_z_freeze__2019-03-06__08_02_26__fault,actuator_outputs.output[0],109,107
development,reference,inav_local_z_freeze__2019-03-06__08_02_26__fault,actuator_outputs.output[1],109,107
development,reference,inav_local_z_freeze__2019-03-06__08_02_26__fault,actuator_outputs.output[2],109,107
development,reference,inav_local_z_freeze__2019-03-06__08_02_26__fault,actuator_outputs.output[3],109,107
development,reference,inav_local_z_freeze__2019-03-06__08_02_26__fault,actuator_outputs.output[4],109,107
development,reference,inav_local_z_freeze__2019-03-06__08_02_26__fault,actuator_outputs.output[5],109,107
development,reference,inav_local_z_freeze__2019-03-06__08_02_26__fault,actuator_outputs.output[6],109,107
development,reference,inav_local_z_freeze__2019-03-06__08_02_26__fault,actuator_outputs.output[7],109,107
development,reference,inav_local_z_freeze__2019-03-06__08_02_26__fault,battery_status.current_a,109,107
development,reference,inav_local_z_freeze__2019-03-06__08_02_26__fault,battery_status.current_filtered_a,109,107
development,reference,inav_local_z_freeze__2019-03-06__08_02_26__fault,battery_status.discharged_mah,109,107
development,reference,inav_local_z_freeze__2019-03-06__08_02_26__fault,battery_status.remaining,109,107
development,reference,inav_local_z_freeze__2019-03-06__08_02_26__fault,battery_status.voltage_filtered_v,109,107
development,reference,inav_local_z_freeze__2019-03-06__08_02_26__fault,battery_status.voltage_v,109,107
development,reference,inav_local_z_freeze__2019-03-06__08_02_26__fault,cpuload.load,109,108
development,reference,inav_local_z_freeze__2019-03-06__08_02_26__fault,cpuload.ram_usage,109,108
development,reference,inav_local_z_freeze__2019-03-06__08_02_26__fault,distance_sensor.current_distance,109,107
development,reference,inav_local_z_freeze__2019-03-06__08_02_26__fault,ekf2_innovations.hagl_innov,109,107
development,reference,inav_local_z_freeze__2019-03-06__08_02_26__fault,ekf2_innovations.heading_innov,109,107
development,reference,inav_local_z_freeze__2019-03-06__08_02_26__fault,ekf2_innovations.output_tracking_error[0],109,107
development,reference,inav_local_z_freeze__2019-03-06__08_02_26__fault,ekf2_innovations.output_tracking_error[1],109,107
development,reference,inav_local_z_freeze__2019-03-06__08_02_26__fault,ekf2_innovations.output_tracking_error[2],109,107
development,reference,inav_local_z_freeze__2019-03-06__08_02_26__fault,ekf2_innovations.vel_pos_innov[3],109,107
development,reference,inav_local_z_freeze__2019-03-06__08_02_26__fault,ekf2_innovations.vel_pos_innov[4],109,107
development,reference,inav_local_z_freeze__2019-03-06__08_02_26__fault,ekf2_innovations.vel_pos_innov[5],109,107
development,reference,inav_local_z_freeze__2019-03-06__08_02_26__fault,estimator_status.hagl_test_ratio,109,107
development,reference,inav_local_z_freeze__2019-03-06__08_02_26__fault,estimator_status.hgt_test_ratio,109,107
development,reference,inav_local_z_freeze__2019-03-06__08_02_26__fault,estimator_status.mag_test_ratio,109,107
development,reference,inav_local_z_freeze__2019-03-06__08_02_26__fault,estimator_status.pos_horiz_accuracy,109,107
development,reference,inav_local_z_freeze__2019-03-06__08_02_26__fault,estimator_status.pos_test_ratio,109,107
development,reference,inav_local_z_freeze__2019-03-06__08_02_26__fault,estimator_status.pos_vert_accuracy,109,107
development,reference,inav_local_z_freeze__2019-03-06__08_02_26__fault,estimator_status.vibe[0],109,107
development,reference,inav_local_z_freeze__2019-03-06__08_02_26__fault,estimator_status.vibe[1],109,107
development,reference,inav_local_z_freeze__2019-03-06__08_02_26__fault,estimator_status.vibe[2],109,107
development,reference,inav_local_z_freeze__2019-03-06__08_02_26__fault,manual_control_setpoint.r,109,107
development,reference,inav_local_z_freeze__2019-03-06__08_02_26__fault,manual_control_setpoint.x,109,107
development,reference,inav_local_z_freeze__2019-03-06__08_02_26__fault,manual_control_setpoint.y,109,107
development,reference,inav_local_z_freeze__2019-03-06__08_02_26__fault,manual_control_setpoint.z,109,107
development,reference,inav_local_z_freeze__2019-03-06__08_02_26__fault,rate_ctrl_status.pitchspeed_integ,109,107
development,reference,inav_local_z_freeze__2019-03-06__08_02_26__fault,rate_ctrl_status.rollspeed_integ,109,107
development,reference,inav_local_z_freeze__2019-03-06__08_02_26__fault,rate_ctrl_status.yawspeed_integ,109,107
development,reference,inav_local_z_freeze__2019-03-06__08_02_26__fault,sensor_combined.accelerometer_m_s2[0],109,107
development,reference,inav_local_z_freeze__2019-03-06__08_02_26__fault,sensor_combined.accelerometer_m_s2[1],109,107
development,reference,inav_local_z_freeze__2019-03-06__08_02_26__fault,sensor_combined.accelerometer_m_s2[2],109,107
development,reference,inav_local_z_freeze__2019-03-06__08_02_26__fault,sensor_combined.gyro_rad[0],109,107
development,reference,inav_local_z_freeze__2019-03-06__08_02_26__fault,sensor_combined.gyro_rad[1],109,107
development,reference,inav_local_z_freeze__2019-03-06__08_02_26__fault,sensor_combined.gyro_rad[2],109,107
development,reference,inav_local_z_freeze__2019-03-06__08_02_26__fault,sensor_preflight.accel_inconsistency_m_s_s,109,0
development,reference,inav_local_z_freeze__2019-03-06__08_02_26__fault,sensor_preflight.gyro_inconsistency_rad_s,109,0
development,reference,inav_local_z_freeze__2019-03-06__08_02_26__fault,vehicle_attitude.pitchspeed,109,107
development,reference,inav_local_z_freeze__2019-03-06__08_02_26__fault,vehicle_attitude.q[0],109,107
development,reference,inav_local_z_freeze__2019-03-06__08_02_26__fault,vehicle_attitude.q[1],109,107
development,reference,inav_local_z_freeze__2019-03-06__08_02_26__fault,vehicle_attitude.q[2],109,107
development,reference,inav_local_z_freeze__2019-03-06__08_02_26__fault,vehicle_attitude.q[3],109,107
development,reference,inav_local_z_freeze__2019-03-06__08_02_26__fault,vehicle_attitude.rollspeed,109,107
development,reference,inav_local_z_freeze__2019-03-06__08_02_26__fault,vehicle_attitude.yawspeed,109,107
development,reference,inav_local_z_freeze__2019-03-06__08_02_26__fault,vehicle_attitude_setpoint.pitch_body,109,107
development,reference,inav_local_z_freeze__2019-03-06__08_02_26__fault,vehicle_attitude_setpoint.roll_body,109,107
development,reference,inav_local_z_freeze__2019-03-06__08_02_26__fault,vehicle_attitude_setpoint.yaw_body,109,107
development,reference,inav_local_z_freeze__2019-03-06__08_02_26__fault,vehicle_land_detected.ground_contact,109,107
development,reference,inav_local_z_freeze__2019-03-06__08_02_26__fault,vehicle_land_detected.landed,109,107
development,reference,inav_local_z_freeze__2019-03-06__08_02_26__fault,vehicle_land_detected.maybe_landed,109,107
development,reference,inav_local_z_freeze__2019-03-06__08_02_26__fault,vehicle_local_position.ax,109,105
development,reference,inav_local_z_freeze__2019-03-06__08_02_26__fault,vehicle_local_position.ay,109,105
development,reference,inav_local_z_freeze__2019-03-06__08_02_26__fault,vehicle_local_position.az,109,105
development,reference,inav_local_z_freeze__2019-03-06__08_02_26__fault,vehicle_local_position.dist_bottom,109,105
development,reference,inav_local_z_freeze__2019-03-06__08_02_26__fault,vehicle_local_position.dist_bottom_rate,109,105
development,reference,inav_local_z_freeze__2019-03-06__08_02_26__fault,vehicle_local_position.eph,109,105
development,reference,inav_local_z_freeze__2019-03-06__08_02_26__fault,vehicle_local_position.epv,109,105
development,reference,inav_local_z_freeze__2019-03-06__08_02_26__fault,vehicle_local_position.vx,109,105
development,reference,inav_local_z_freeze__2019-03-06__08_02_26__fault,vehicle_local_position.vy,109,105
development,reference,inav_local_z_freeze__2019-03-06__08_02_26__fault,vehicle_local_position.vz,109,105
development,reference,inav_local_z_freeze__2019-03-06__08_02_26__fault,vehicle_local_position.x,109,105
development,reference,inav_local_z_freeze__2019-03-06__08_02_26__fault,vehicle_local_position.y,109,105
development,reference,inav_local_z_freeze__2019-03-06__08_02_26__fault,vehicle_local_position.z,109,105
development,reference,inav_local_z_freeze__2019-03-06__08_02_26__fault,vehicle_rates_setpoint.pitch,109,107
development,reference,inav_local_z_freeze__2019-03-06__08_02_26__fault,vehicle_rates_setpoint.roll,109,107
development,reference,inav_local_z_freeze__2019-03-06__08_02_26__fault,vehicle_rates_setpoint.yaw,109,107
development,reference,inav_local_z_freeze__2019-03-06__08_02_26__fault,vehicle_status.arming_state,109,107
development,reference,inav_local_z_freeze__2019-03-06__08_02_26__fault,vehicle_status.nav_state,109,107
development,reference,inav_local_z_freeze__2019-03-06__08_02_26__fault,vehicle_vision_position.x,109,107
development,reference,inav_local_z_freeze__2019-03-06__08_02_26__fault,vehicle_vision_position.y,109,107
development,reference,inav_local_z_freeze__2019-03-06__08_02_26__fault,vehicle_vision_position.z,109,107
development,reference,land_detector_state_inversion__2019-01-18__08_39_38__fault,actuator_controls_0.control[0],73,71
development,reference,land_detector_state_inversion__2019-01-18__08_39_38__fault,actuator_controls_0.control[1],73,71
development,reference,land_detector_state_inversion__2019-01-18__08_39_38__fault,actuator_controls_0.control[2],73,71
development,reference,land_detector_state_inversion__2019-01-18__08_39_38__fault,actuator_controls_0.control[3],73,71
development,reference,land_detector_state_inversion__2019-01-18__08_39_38__fault,actuator_outputs.output[0],73,71
development,reference,land_detector_state_inversion__2019-01-18__08_39_38__fault,actuator_outputs.output[1],73,71
development,reference,land_detector_state_inversion__2019-01-18__08_39_38__fault,actuator_outputs.output[2],73,71
development,reference,land_detector_state_inversion__2019-01-18__08_39_38__fault,actuator_outputs.output[3],73,71
development,reference,land_detector_state_inversion__2019-01-18__08_39_38__fault,actuator_outputs.output[4],73,71
development,reference,land_detector_state_inversion__2019-01-18__08_39_38__fault,actuator_outputs.output[5],73,71
development,reference,land_detector_state_inversion__2019-01-18__08_39_38__fault,actuator_outputs.output[6],73,71
development,reference,land_detector_state_inversion__2019-01-18__08_39_38__fault,actuator_outputs.output[7],73,71
development,reference,land_detector_state_inversion__2019-01-18__08_39_38__fault,battery_status.current_a,73,71
development,reference,land_detector_state_inversion__2019-01-18__08_39_38__fault,battery_status.current_filtered_a,73,71
development,reference,land_detector_state_inversion__2019-01-18__08_39_38__fault,battery_status.discharged_mah,73,71
development,reference,land_detector_state_inversion__2019-01-18__08_39_38__fault,battery_status.remaining,73,71
development,reference,land_detector_state_inversion__2019-01-18__08_39_38__fault,battery_status.voltage_filtered_v,73,71
development,reference,land_detector_state_inversion__2019-01-18__08_39_38__fault,battery_status.voltage_v,73,71
development,reference,land_detector_state_inversion__2019-01-18__08_39_38__fault,cpuload.load,73,71
development,reference,land_detector_state_inversion__2019-01-18__08_39_38__fault,cpuload.ram_usage,73,71
development,reference,land_detector_state_inversion__2019-01-18__08_39_38__fault,distance_sensor.current_distance,73,71
development,reference,land_detector_state_inversion__2019-01-18__08_39_38__fault,ekf2_innovations.hagl_innov,73,71
development,reference,land_detector_state_inversion__2019-01-18__08_39_38__fault,ekf2_innovations.heading_innov,73,71
development,reference,land_detector_state_inversion__2019-01-18__08_39_38__fault,ekf2_innovations.output_tracking_error[0],73,71
development,reference,land_detector_state_inversion__2019-01-18__08_39_38__fault,ekf2_innovations.output_tracking_error[1],73,71
development,reference,land_detector_state_inversion__2019-01-18__08_39_38__fault,ekf2_innovations.output_tracking_error[2],73,71
development,reference,land_detector_state_inversion__2019-01-18__08_39_38__fault,ekf2_innovations.vel_pos_innov[3],73,71
development,reference,land_detector_state_inversion__2019-01-18__08_39_38__fault,ekf2_innovations.vel_pos_innov[4],73,71
development,reference,land_detector_state_inversion__2019-01-18__08_39_38__fault,ekf2_innovations.vel_pos_innov[5],73,71
development,reference,land_detector_state_inversion__2019-01-18__08_39_38__fault,estimator_status.hagl_test_ratio,73,71
development,reference,land_detector_state_inversion__2019-01-18__08_39_38__fault,estimator_status.hgt_test_ratio,73,71
development,reference,land_detector_state_inversion__2019-01-18__08_39_38__fault,estimator_status.mag_test_ratio,73,71
development,reference,land_detector_state_inversion__2019-01-18__08_39_38__fault,estimator_status.pos_horiz_accuracy,73,71
development,reference,land_detector_state_inversion__2019-01-18__08_39_38__fault,estimator_status.pos_test_ratio,73,71
development,reference,land_detector_state_inversion__2019-01-18__08_39_38__fault,estimator_status.pos_vert_accuracy,73,71
development,reference,land_detector_state_inversion__2019-01-18__08_39_38__fault,estimator_status.vibe[0],73,71
development,reference,land_detector_state_inversion__2019-01-18__08_39_38__fault,estimator_status.vibe[1],73,71
development,reference,land_detector_state_inversion__2019-01-18__08_39_38__fault,estimator_status.vibe[2],73,71
development,reference,land_detector_state_inversion__2019-01-18__08_39_38__fault,manual_control_setpoint.r,73,71
development,reference,land_detector_state_inversion__2019-01-18__08_39_38__fault,manual_control_setpoint.x,73,71
development,reference,land_detector_state_inversion__2019-01-18__08_39_38__fault,manual_control_setpoint.y,73,71
development,reference,land_detector_state_inversion__2019-01-18__08_39_38__fault,manual_control_setpoint.z,73,71
development,reference,land_detector_state_inversion__2019-01-18__08_39_38__fault,rate_ctrl_status.pitchspeed_integ,73,71
development,reference,land_detector_state_inversion__2019-01-18__08_39_38__fault,rate_ctrl_status.rollspeed_integ,73,71
development,reference,land_detector_state_inversion__2019-01-18__08_39_38__fault,rate_ctrl_status.yawspeed_integ,73,71
development,reference,land_detector_state_inversion__2019-01-18__08_39_38__fault,sensor_combined.accelerometer_m_s2[0],73,71
development,reference,land_detector_state_inversion__2019-01-18__08_39_38__fault,sensor_combined.accelerometer_m_s2[1],73,71
development,reference,land_detector_state_inversion__2019-01-18__08_39_38__fault,sensor_combined.accelerometer_m_s2[2],73,71
development,reference,land_detector_state_inversion__2019-01-18__08_39_38__fault,sensor_combined.gyro_rad[0],73,71
development,reference,land_detector_state_inversion__2019-01-18__08_39_38__fault,sensor_combined.gyro_rad[1],73,71
development,reference,land_detector_state_inversion__2019-01-18__08_39_38__fault,sensor_combined.gyro_rad[2],73,71
development,reference,land_detector_state_inversion__2019-01-18__08_39_38__fault,sensor_preflight.accel_inconsistency_m_s_s,73,0
development,reference,land_detector_state_inversion__2019-01-18__08_39_38__fault,sensor_preflight.gyro_inconsistency_rad_s,73,0
development,reference,land_detector_state_inversion__2019-01-18__08_39_38__fault,vehicle_attitude.pitchspeed,73,71
development,reference,land_detector_state_inversion__2019-01-18__08_39_38__fault,vehicle_attitude.q[0],73,71
development,reference,land_detector_state_inversion__2019-01-18__08_39_38__fault,vehicle_attitude.q[1],73,71
development,reference,land_detector_state_inversion__2019-01-18__08_39_38__fault,vehicle_attitude.q[2],73,71
development,reference,land_detector_state_inversion__2019-01-18__08_39_38__fault,vehicle_attitude.q[3],73,71
development,reference,land_detector_state_inversion__2019-01-18__08_39_38__fault,vehicle_attitude.rollspeed,73,71
development,reference,land_detector_state_inversion__2019-01-18__08_39_38__fault,vehicle_attitude.yawspeed,73,71
development,reference,land_detector_state_inversion__2019-01-18__08_39_38__fault,vehicle_attitude_setpoint.pitch_body,73,71
development,reference,land_detector_state_inversion__2019-01-18__08_39_38__fault,vehicle_attitude_setpoint.roll_body,73,71
development,reference,land_detector_state_inversion__2019-01-18__08_39_38__fault,vehicle_attitude_setpoint.yaw_body,73,71
development,reference,land_detector_state_inversion__2019-01-18__08_39_38__fault,vehicle_land_detected.ground_contact,73,35
development,reference,land_detector_state_inversion__2019-01-18__08_39_38__fault,vehicle_land_detected.landed,73,35
development,reference,land_detector_state_inversion__2019-01-18__08_39_38__fault,vehicle_land_detected.maybe_landed,73,35
development,reference,land_detector_state_inversion__2019-01-18__08_39_38__fault,vehicle_local_position.ax,73,71
development,reference,land_detector_state_inversion__2019-01-18__08_39_38__fault,vehicle_local_position.ay,73,71
development,reference,land_detector_state_inversion__2019-01-18__08_39_38__fault,vehicle_local_position.az,73,71
development,reference,land_detector_state_inversion__2019-01-18__08_39_38__fault,vehicle_local_position.dist_bottom,73,71
development,reference,land_detector_state_inversion__2019-01-18__08_39_38__fault,vehicle_local_position.dist_bottom_rate,73,71
development,reference,land_detector_state_inversion__2019-01-18__08_39_38__fault,vehicle_local_position.eph,73,71
development,reference,land_detector_state_inversion__2019-01-18__08_39_38__fault,vehicle_local_position.epv,73,71
development,reference,land_detector_state_inversion__2019-01-18__08_39_38__fault,vehicle_local_position.vx,73,71
development,reference,land_detector_state_inversion__2019-01-18__08_39_38__fault,vehicle_local_position.vy,73,71
development,reference,land_detector_state_inversion__2019-01-18__08_39_38__fault,vehicle_local_position.vz,73,71
development,reference,land_detector_state_inversion__2019-01-18__08_39_38__fault,vehicle_local_position.x,73,71
development,reference,land_detector_state_inversion__2019-01-18__08_39_38__fault,vehicle_local_position.y,73,71
development,reference,land_detector_state_inversion__2019-01-18__08_39_38__fault,vehicle_local_position.z,73,71
development,reference,land_detector_state_inversion__2019-01-18__08_39_38__fault,vehicle_rates_setpoint.pitch,73,71
development,reference,land_detector_state_inversion__2019-01-18__08_39_38__fault,vehicle_rates_setpoint.roll,73,71
development,reference,land_detector_state_inversion__2019-01-18__08_39_38__fault,vehicle_rates_setpoint.yaw,73,71
development,reference,land_detector_state_inversion__2019-01-18__08_39_38__fault,vehicle_status.arming_state,73,73
development,reference,land_detector_state_inversion__2019-01-18__08_39_38__fault,vehicle_status.nav_state,73,73
development,reference,land_detector_state_inversion__2019-01-18__08_39_38__fault,vehicle_vision_position.x,73,71
development,reference,land_detector_state_inversion__2019-01-18__08_39_38__fault,vehicle_vision_position.y,73,71
development,reference,land_detector_state_inversion__2019-01-18__08_39_38__fault,vehicle_vision_position.z,73,71
development,reference,land_detector_state_inversion__2019-01-25__17_38_05__fault,actuator_controls_0.control[0],105,103
development,reference,land_detector_state_inversion__2019-01-25__17_38_05__fault,actuator_controls_0.control[1],105,103
development,reference,land_detector_state_inversion__2019-01-25__17_38_05__fault,actuator_controls_0.control[2],105,103
development,reference,land_detector_state_inversion__2019-01-25__17_38_05__fault,actuator_controls_0.control[3],105,103
development,reference,land_detector_state_inversion__2019-01-25__17_38_05__fault,actuator_outputs.output[0],105,103
development,reference,land_detector_state_inversion__2019-01-25__17_38_05__fault,actuator_outputs.output[1],105,103
development,reference,land_detector_state_inversion__2019-01-25__17_38_05__fault,actuator_outputs.output[2],105,103
development,reference,land_detector_state_inversion__2019-01-25__17_38_05__fault,actuator_outputs.output[3],105,103
development,reference,land_detector_state_inversion__2019-01-25__17_38_05__fault,actuator_outputs.output[4],105,103
development,reference,land_detector_state_inversion__2019-01-25__17_38_05__fault,actuator_outputs.output[5],105,103
development,reference,land_detector_state_inversion__2019-01-25__17_38_05__fault,actuator_outputs.output[6],105,103
development,reference,land_detector_state_inversion__2019-01-25__17_38_05__fault,actuator_outputs.output[7],105,103
development,reference,land_detector_state_inversion__2019-01-25__17_38_05__fault,battery_status.current_a,105,103
development,reference,land_detector_state_inversion__2019-01-25__17_38_05__fault,battery_status.current_filtered_a,105,103
development,reference,land_detector_state_inversion__2019-01-25__17_38_05__fault,battery_status.discharged_mah,105,103
development,reference,land_detector_state_inversion__2019-01-25__17_38_05__fault,battery_status.remaining,105,103
development,reference,land_detector_state_inversion__2019-01-25__17_38_05__fault,battery_status.voltage_filtered_v,105,103
development,reference,land_detector_state_inversion__2019-01-25__17_38_05__fault,battery_status.voltage_v,105,103
development,reference,land_detector_state_inversion__2019-01-25__17_38_05__fault,cpuload.load,105,103
development,reference,land_detector_state_inversion__2019-01-25__17_38_05__fault,cpuload.ram_usage,105,103
development,reference,land_detector_state_inversion__2019-01-25__17_38_05__fault,distance_sensor.current_distance,105,103
development,reference,land_detector_state_inversion__2019-01-25__17_38_05__fault,ekf2_innovations.hagl_innov,105,103
development,reference,land_detector_state_inversion__2019-01-25__17_38_05__fault,ekf2_innovations.heading_innov,105,103
development,reference,land_detector_state_inversion__2019-01-25__17_38_05__fault,ekf2_innovations.output_tracking_error[0],105,103
development,reference,land_detector_state_inversion__2019-01-25__17_38_05__fault,ekf2_innovations.output_tracking_error[1],105,103
development,reference,land_detector_state_inversion__2019-01-25__17_38_05__fault,ekf2_innovations.output_tracking_error[2],105,103
development,reference,land_detector_state_inversion__2019-01-25__17_38_05__fault,ekf2_innovations.vel_pos_innov[3],105,103
development,reference,land_detector_state_inversion__2019-01-25__17_38_05__fault,ekf2_innovations.vel_pos_innov[4],105,103
development,reference,land_detector_state_inversion__2019-01-25__17_38_05__fault,ekf2_innovations.vel_pos_innov[5],105,103
development,reference,land_detector_state_inversion__2019-01-25__17_38_05__fault,estimator_status.hagl_test_ratio,105,103
development,reference,land_detector_state_inversion__2019-01-25__17_38_05__fault,estimator_status.hgt_test_ratio,105,103
development,reference,land_detector_state_inversion__2019-01-25__17_38_05__fault,estimator_status.mag_test_ratio,105,103
development,reference,land_detector_state_inversion__2019-01-25__17_38_05__fault,estimator_status.pos_horiz_accuracy,105,103
development,reference,land_detector_state_inversion__2019-01-25__17_38_05__fault,estimator_status.pos_test_ratio,105,103
development,reference,land_detector_state_inversion__2019-01-25__17_38_05__fault,estimator_status.pos_vert_accuracy,105,103
development,reference,land_detector_state_inversion__2019-01-25__17_38_05__fault,estimator_status.vibe[0],105,103
development,reference,land_detector_state_inversion__2019-01-25__17_38_05__fault,estimator_status.vibe[1],105,103
development,reference,land_detector_state_inversion__2019-01-25__17_38_05__fault,estimator_status.vibe[2],105,103
development,reference,land_detector_state_inversion__2019-01-25__17_38_05__fault,manual_control_setpoint.r,105,103
development,reference,land_detector_state_inversion__2019-01-25__17_38_05__fault,manual_control_setpoint.x,105,103
development,reference,land_detector_state_inversion__2019-01-25__17_38_05__fault,manual_control_setpoint.y,105,103
development,reference,land_detector_state_inversion__2019-01-25__17_38_05__fault,manual_control_setpoint.z,105,103
development,reference,land_detector_state_inversion__2019-01-25__17_38_05__fault,rate_ctrl_status.pitchspeed_integ,105,103
development,reference,land_detector_state_inversion__2019-01-25__17_38_05__fault,rate_ctrl_status.rollspeed_integ,105,103
development,reference,land_detector_state_inversion__2019-01-25__17_38_05__fault,rate_ctrl_status.yawspeed_integ,105,103
development,reference,land_detector_state_inversion__2019-01-25__17_38_05__fault,sensor_combined.accelerometer_m_s2[0],105,103
development,reference,land_detector_state_inversion__2019-01-25__17_38_05__fault,sensor_combined.accelerometer_m_s2[1],105,103
development,reference,land_detector_state_inversion__2019-01-25__17_38_05__fault,sensor_combined.accelerometer_m_s2[2],105,103
development,reference,land_detector_state_inversion__2019-01-25__17_38_05__fault,sensor_combined.gyro_rad[0],105,103
development,reference,land_detector_state_inversion__2019-01-25__17_38_05__fault,sensor_combined.gyro_rad[1],105,103
development,reference,land_detector_state_inversion__2019-01-25__17_38_05__fault,sensor_combined.gyro_rad[2],105,103
development,reference,land_detector_state_inversion__2019-01-25__17_38_05__fault,sensor_preflight.accel_inconsistency_m_s_s,105,0
development,reference,land_detector_state_inversion__2019-01-25__17_38_05__fault,sensor_preflight.gyro_inconsistency_rad_s,105,0
development,reference,land_detector_state_inversion__2019-01-25__17_38_05__fault,vehicle_attitude.pitchspeed,105,103
development,reference,land_detector_state_inversion__2019-01-25__17_38_05__fault,vehicle_attitude.q[0],105,103
development,reference,land_detector_state_inversion__2019-01-25__17_38_05__fault,vehicle_attitude.q[1],105,103
development,reference,land_detector_state_inversion__2019-01-25__17_38_05__fault,vehicle_attitude.q[2],105,103
development,reference,land_detector_state_inversion__2019-01-25__17_38_05__fault,vehicle_attitude.q[3],105,103
development,reference,land_detector_state_inversion__2019-01-25__17_38_05__fault,vehicle_attitude.rollspeed,105,103
development,reference,land_detector_state_inversion__2019-01-25__17_38_05__fault,vehicle_attitude.yawspeed,105,103
development,reference,land_detector_state_inversion__2019-01-25__17_38_05__fault,vehicle_attitude_setpoint.pitch_body,105,103
development,reference,land_detector_state_inversion__2019-01-25__17_38_05__fault,vehicle_attitude_setpoint.roll_body,105,103
development,reference,land_detector_state_inversion__2019-01-25__17_38_05__fault,vehicle_attitude_setpoint.yaw_body,105,103
development,reference,land_detector_state_inversion__2019-01-25__17_38_05__fault,vehicle_land_detected.ground_contact,105,67
development,reference,land_detector_state_inversion__2019-01-25__17_38_05__fault,vehicle_land_detected.landed,105,67
development,reference,land_detector_state_inversion__2019-01-25__17_38_05__fault,vehicle_land_detected.maybe_landed,105,67
development,reference,land_detector_state_inversion__2019-01-25__17_38_05__fault,vehicle_local_position.ax,105,103
development,reference,land_detector_state_inversion__2019-01-25__17_38_05__fault,vehicle_local_position.ay,105,103
development,reference,land_detector_state_inversion__2019-01-25__17_38_05__fault,vehicle_local_position.az,105,103
development,reference,land_detector_state_inversion__2019-01-25__17_38_05__fault,vehicle_local_position.dist_bottom,105,103
development,reference,land_detector_state_inversion__2019-01-25__17_38_05__fault,vehicle_local_position.dist_bottom_rate,105,103
development,reference,land_detector_state_inversion__2019-01-25__17_38_05__fault,vehicle_local_position.eph,105,103
development,reference,land_detector_state_inversion__2019-01-25__17_38_05__fault,vehicle_local_position.epv,105,103
development,reference,land_detector_state_inversion__2019-01-25__17_38_05__fault,vehicle_local_position.vx,105,103
development,reference,land_detector_state_inversion__2019-01-25__17_38_05__fault,vehicle_local_position.vy,105,103
development,reference,land_detector_state_inversion__2019-01-25__17_38_05__fault,vehicle_local_position.vz,105,103
development,reference,land_detector_state_inversion__2019-01-25__17_38_05__fault,vehicle_local_position.x,105,103
development,reference,land_detector_state_inversion__2019-01-25__17_38_05__fault,vehicle_local_position.y,105,103
development,reference,land_detector_state_inversion__2019-01-25__17_38_05__fault,vehicle_local_position.z,105,103
development,reference,land_detector_state_inversion__2019-01-25__17_38_05__fault,vehicle_rates_setpoint.pitch,105,103
development,reference,land_detector_state_inversion__2019-01-25__17_38_05__fault,vehicle_rates_setpoint.roll,105,103
development,reference,land_detector_state_inversion__2019-01-25__17_38_05__fault,vehicle_rates_setpoint.yaw,105,103
development,reference,land_detector_state_inversion__2019-01-25__17_38_05__fault,vehicle_status.arming_state,105,103
development,reference,land_detector_state_inversion__2019-01-25__17_38_05__fault,vehicle_status.nav_state,105,103
development,reference,land_detector_state_inversion__2019-01-25__17_38_05__fault,vehicle_vision_position.x,105,103
development,reference,land_detector_state_inversion__2019-01-25__17_38_05__fault,vehicle_vision_position.y,105,103
development,reference,land_detector_state_inversion__2019-01-25__17_38_05__fault,vehicle_vision_position.z,105,103
development,reference,land_detector_state_inversion__2019-03-06__08_02_26__fault,actuator_controls_0.control[0],109,107
development,reference,land_detector_state_inversion__2019-03-06__08_02_26__fault,actuator_controls_0.control[1],109,107
development,reference,land_detector_state_inversion__2019-03-06__08_02_26__fault,actuator_controls_0.control[2],109,107
development,reference,land_detector_state_inversion__2019-03-06__08_02_26__fault,actuator_controls_0.control[3],109,107
development,reference,land_detector_state_inversion__2019-03-06__08_02_26__fault,actuator_outputs.output[0],109,107
development,reference,land_detector_state_inversion__2019-03-06__08_02_26__fault,actuator_outputs.output[1],109,107
development,reference,land_detector_state_inversion__2019-03-06__08_02_26__fault,actuator_outputs.output[2],109,107
development,reference,land_detector_state_inversion__2019-03-06__08_02_26__fault,actuator_outputs.output[3],109,107
development,reference,land_detector_state_inversion__2019-03-06__08_02_26__fault,actuator_outputs.output[4],109,107
development,reference,land_detector_state_inversion__2019-03-06__08_02_26__fault,actuator_outputs.output[5],109,107
development,reference,land_detector_state_inversion__2019-03-06__08_02_26__fault,actuator_outputs.output[6],109,107
development,reference,land_detector_state_inversion__2019-03-06__08_02_26__fault,actuator_outputs.output[7],109,107
development,reference,land_detector_state_inversion__2019-03-06__08_02_26__fault,battery_status.current_a,109,107
development,reference,land_detector_state_inversion__2019-03-06__08_02_26__fault,battery_status.current_filtered_a,109,107
development,reference,land_detector_state_inversion__2019-03-06__08_02_26__fault,battery_status.discharged_mah,109,107
development,reference,land_detector_state_inversion__2019-03-06__08_02_26__fault,battery_status.remaining,109,107
development,reference,land_detector_state_inversion__2019-03-06__08_02_26__fault,battery_status.voltage_filtered_v,109,107
development,reference,land_detector_state_inversion__2019-03-06__08_02_26__fault,battery_status.voltage_v,109,107
development,reference,land_detector_state_inversion__2019-03-06__08_02_26__fault,cpuload.load,109,108
development,reference,land_detector_state_inversion__2019-03-06__08_02_26__fault,cpuload.ram_usage,109,108
development,reference,land_detector_state_inversion__2019-03-06__08_02_26__fault,distance_sensor.current_distance,109,107
development,reference,land_detector_state_inversion__2019-03-06__08_02_26__fault,ekf2_innovations.hagl_innov,109,107
development,reference,land_detector_state_inversion__2019-03-06__08_02_26__fault,ekf2_innovations.heading_innov,109,107
development,reference,land_detector_state_inversion__2019-03-06__08_02_26__fault,ekf2_innovations.output_tracking_error[0],109,107
development,reference,land_detector_state_inversion__2019-03-06__08_02_26__fault,ekf2_innovations.output_tracking_error[1],109,107
development,reference,land_detector_state_inversion__2019-03-06__08_02_26__fault,ekf2_innovations.output_tracking_error[2],109,107
development,reference,land_detector_state_inversion__2019-03-06__08_02_26__fault,ekf2_innovations.vel_pos_innov[3],109,107
development,reference,land_detector_state_inversion__2019-03-06__08_02_26__fault,ekf2_innovations.vel_pos_innov[4],109,107
development,reference,land_detector_state_inversion__2019-03-06__08_02_26__fault,ekf2_innovations.vel_pos_innov[5],109,107
development,reference,land_detector_state_inversion__2019-03-06__08_02_26__fault,estimator_status.hagl_test_ratio,109,107
development,reference,land_detector_state_inversion__2019-03-06__08_02_26__fault,estimator_status.hgt_test_ratio,109,107
development,reference,land_detector_state_inversion__2019-03-06__08_02_26__fault,estimator_status.mag_test_ratio,109,107
development,reference,land_detector_state_inversion__2019-03-06__08_02_26__fault,estimator_status.pos_horiz_accuracy,109,107
development,reference,land_detector_state_inversion__2019-03-06__08_02_26__fault,estimator_status.pos_test_ratio,109,107
development,reference,land_detector_state_inversion__2019-03-06__08_02_26__fault,estimator_status.pos_vert_accuracy,109,107
development,reference,land_detector_state_inversion__2019-03-06__08_02_26__fault,estimator_status.vibe[0],109,107
development,reference,land_detector_state_inversion__2019-03-06__08_02_26__fault,estimator_status.vibe[1],109,107
development,reference,land_detector_state_inversion__2019-03-06__08_02_26__fault,estimator_status.vibe[2],109,107
development,reference,land_detector_state_inversion__2019-03-06__08_02_26__fault,manual_control_setpoint.r,109,107
development,reference,land_detector_state_inversion__2019-03-06__08_02_26__fault,manual_control_setpoint.x,109,107
development,reference,land_detector_state_inversion__2019-03-06__08_02_26__fault,manual_control_setpoint.y,109,107
development,reference,land_detector_state_inversion__2019-03-06__08_02_26__fault,manual_control_setpoint.z,109,107
development,reference,land_detector_state_inversion__2019-03-06__08_02_26__fault,rate_ctrl_status.pitchspeed_integ,109,107
development,reference,land_detector_state_inversion__2019-03-06__08_02_26__fault,rate_ctrl_status.rollspeed_integ,109,107
development,reference,land_detector_state_inversion__2019-03-06__08_02_26__fault,rate_ctrl_status.yawspeed_integ,109,107
development,reference,land_detector_state_inversion__2019-03-06__08_02_26__fault,sensor_combined.accelerometer_m_s2[0],109,107
development,reference,land_detector_state_inversion__2019-03-06__08_02_26__fault,sensor_combined.accelerometer_m_s2[1],109,107
development,reference,land_detector_state_inversion__2019-03-06__08_02_26__fault,sensor_combined.accelerometer_m_s2[2],109,107
development,reference,land_detector_state_inversion__2019-03-06__08_02_26__fault,sensor_combined.gyro_rad[0],109,107
development,reference,land_detector_state_inversion__2019-03-06__08_02_26__fault,sensor_combined.gyro_rad[1],109,107
development,reference,land_detector_state_inversion__2019-03-06__08_02_26__fault,sensor_combined.gyro_rad[2],109,107
development,reference,land_detector_state_inversion__2019-03-06__08_02_26__fault,sensor_preflight.accel_inconsistency_m_s_s,109,0
development,reference,land_detector_state_inversion__2019-03-06__08_02_26__fault,sensor_preflight.gyro_inconsistency_rad_s,109,0
development,reference,land_detector_state_inversion__2019-03-06__08_02_26__fault,vehicle_attitude.pitchspeed,109,107
development,reference,land_detector_state_inversion__2019-03-06__08_02_26__fault,vehicle_attitude.q[0],109,107
development,reference,land_detector_state_inversion__2019-03-06__08_02_26__fault,vehicle_attitude.q[1],109,107
development,reference,land_detector_state_inversion__2019-03-06__08_02_26__fault,vehicle_attitude.q[2],109,107
development,reference,land_detector_state_inversion__2019-03-06__08_02_26__fault,vehicle_attitude.q[3],109,107
development,reference,land_detector_state_inversion__2019-03-06__08_02_26__fault,vehicle_attitude.rollspeed,109,107
development,reference,land_detector_state_inversion__2019-03-06__08_02_26__fault,vehicle_attitude.yawspeed,109,107
development,reference,land_detector_state_inversion__2019-03-06__08_02_26__fault,vehicle_attitude_setpoint.pitch_body,109,107
development,reference,land_detector_state_inversion__2019-03-06__08_02_26__fault,vehicle_attitude_setpoint.roll_body,109,107
development,reference,land_detector_state_inversion__2019-03-06__08_02_26__fault,vehicle_attitude_setpoint.yaw_body,109,107
development,reference,land_detector_state_inversion__2019-03-06__08_02_26__fault,vehicle_land_detected.ground_contact,109,71
development,reference,land_detector_state_inversion__2019-03-06__08_02_26__fault,vehicle_land_detected.landed,109,71
development,reference,land_detector_state_inversion__2019-03-06__08_02_26__fault,vehicle_land_detected.maybe_landed,109,71
development,reference,land_detector_state_inversion__2019-03-06__08_02_26__fault,vehicle_local_position.ax,109,107
development,reference,land_detector_state_inversion__2019-03-06__08_02_26__fault,vehicle_local_position.ay,109,107
development,reference,land_detector_state_inversion__2019-03-06__08_02_26__fault,vehicle_local_position.az,109,107
development,reference,land_detector_state_inversion__2019-03-06__08_02_26__fault,vehicle_local_position.dist_bottom,109,107
development,reference,land_detector_state_inversion__2019-03-06__08_02_26__fault,vehicle_local_position.dist_bottom_rate,109,107
development,reference,land_detector_state_inversion__2019-03-06__08_02_26__fault,vehicle_local_position.eph,109,107
development,reference,land_detector_state_inversion__2019-03-06__08_02_26__fault,vehicle_local_position.epv,109,107
development,reference,land_detector_state_inversion__2019-03-06__08_02_26__fault,vehicle_local_position.vx,109,107
development,reference,land_detector_state_inversion__2019-03-06__08_02_26__fault,vehicle_local_position.vy,109,107
development,reference,land_detector_state_inversion__2019-03-06__08_02_26__fault,vehicle_local_position.vz,109,107
development,reference,land_detector_state_inversion__2019-03-06__08_02_26__fault,vehicle_local_position.x,109,107
development,reference,land_detector_state_inversion__2019-03-06__08_02_26__fault,vehicle_local_position.y,109,107
development,reference,land_detector_state_inversion__2019-03-06__08_02_26__fault,vehicle_local_position.z,109,107
development,reference,land_detector_state_inversion__2019-03-06__08_02_26__fault,vehicle_rates_setpoint.pitch,109,107
development,reference,land_detector_state_inversion__2019-03-06__08_02_26__fault,vehicle_rates_setpoint.roll,109,107
development,reference,land_detector_state_inversion__2019-03-06__08_02_26__fault,vehicle_rates_setpoint.yaw,109,107
development,reference,land_detector_state_inversion__2019-03-06__08_02_26__fault,vehicle_status.arming_state,109,107
development,reference,land_detector_state_inversion__2019-03-06__08_02_26__fault,vehicle_status.nav_state,109,107
development,reference,land_detector_state_inversion__2019-03-06__08_02_26__fault,vehicle_vision_position.x,109,107
development,reference,land_detector_state_inversion__2019-03-06__08_02_26__fault,vehicle_vision_position.y,109,107
development,reference,land_detector_state_inversion__2019-03-06__08_02_26__fault,vehicle_vision_position.z,109,107
transfer,normal,commander_nav_state_override__2018-12-19__07_49_17__baseline,actuator_controls_0.control[0],97,93
transfer,normal,commander_nav_state_override__2018-12-19__07_49_17__baseline,actuator_controls_0.control[1],97,93
transfer,normal,commander_nav_state_override__2018-12-19__07_49_17__baseline,actuator_controls_0.control[2],97,93
transfer,normal,commander_nav_state_override__2018-12-19__07_49_17__baseline,actuator_controls_0.control[3],97,93
transfer,normal,commander_nav_state_override__2018-12-19__07_49_17__baseline,actuator_outputs.output[0],97,93
transfer,normal,commander_nav_state_override__2018-12-19__07_49_17__baseline,actuator_outputs.output[1],97,93
transfer,normal,commander_nav_state_override__2018-12-19__07_49_17__baseline,actuator_outputs.output[2],97,93
transfer,normal,commander_nav_state_override__2018-12-19__07_49_17__baseline,actuator_outputs.output[3],97,93
transfer,normal,commander_nav_state_override__2018-12-19__07_49_17__baseline,actuator_outputs.output[4],97,93
transfer,normal,commander_nav_state_override__2018-12-19__07_49_17__baseline,actuator_outputs.output[5],97,93
transfer,normal,commander_nav_state_override__2018-12-19__07_49_17__baseline,actuator_outputs.output[6],97,93
transfer,normal,commander_nav_state_override__2018-12-19__07_49_17__baseline,actuator_outputs.output[7],97,93
transfer,normal,commander_nav_state_override__2018-12-19__07_49_17__baseline,battery_status.current_a,97,94
transfer,normal,commander_nav_state_override__2018-12-19__07_49_17__baseline,battery_status.current_filtered_a,97,94
transfer,normal,commander_nav_state_override__2018-12-19__07_49_17__baseline,battery_status.discharged_mah,97,94
transfer,normal,commander_nav_state_override__2018-12-19__07_49_17__baseline,battery_status.remaining,97,94
transfer,normal,commander_nav_state_override__2018-12-19__07_49_17__baseline,battery_status.voltage_filtered_v,97,94
transfer,normal,commander_nav_state_override__2018-12-19__07_49_17__baseline,battery_status.voltage_v,97,94
transfer,normal,commander_nav_state_override__2018-12-19__07_49_17__baseline,cpuload.load,97,96
transfer,normal,commander_nav_state_override__2018-12-19__07_49_17__baseline,cpuload.ram_usage,97,96
transfer,normal,commander_nav_state_override__2018-12-19__07_49_17__baseline,distance_sensor.current_distance,97,93
transfer,normal,commander_nav_state_override__2018-12-19__07_49_17__baseline,ekf2_innovations.hagl_innov,97,80
transfer,normal,commander_nav_state_override__2018-12-19__07_49_17__baseline,ekf2_innovations.heading_innov,97,80
transfer,normal,commander_nav_state_override__2018-12-19__07_49_17__baseline,ekf2_innovations.output_tracking_error[0],97,80
transfer,normal,commander_nav_state_override__2018-12-19__07_49_17__baseline,ekf2_innovations.output_tracking_error[1],97,80
transfer,normal,commander_nav_state_override__2018-12-19__07_49_17__baseline,ekf2_innovations.output_tracking_error[2],97,80
transfer,normal,commander_nav_state_override__2018-12-19__07_49_17__baseline,ekf2_innovations.vel_pos_innov[3],97,80
transfer,normal,commander_nav_state_override__2018-12-19__07_49_17__baseline,ekf2_innovations.vel_pos_innov[4],97,80
transfer,normal,commander_nav_state_override__2018-12-19__07_49_17__baseline,ekf2_innovations.vel_pos_innov[5],97,80
transfer,normal,commander_nav_state_override__2018-12-19__07_49_17__baseline,estimator_status.hagl_test_ratio,97,80
transfer,normal,commander_nav_state_override__2018-12-19__07_49_17__baseline,estimator_status.hgt_test_ratio,97,80
transfer,normal,commander_nav_state_override__2018-12-19__07_49_17__baseline,estimator_status.mag_test_ratio,97,80
transfer,normal,commander_nav_state_override__2018-12-19__07_49_17__baseline,estimator_status.pos_horiz_accuracy,97,80
transfer,normal,commander_nav_state_override__2018-12-19__07_49_17__baseline,estimator_status.pos_test_ratio,97,80
transfer,normal,commander_nav_state_override__2018-12-19__07_49_17__baseline,estimator_status.pos_vert_accuracy,97,80
transfer,normal,commander_nav_state_override__2018-12-19__07_49_17__baseline,estimator_status.vibe[0],97,80
transfer,normal,commander_nav_state_override__2018-12-19__07_49_17__baseline,estimator_status.vibe[1],97,80
transfer,normal,commander_nav_state_override__2018-12-19__07_49_17__baseline,estimator_status.vibe[2],97,80
transfer,normal,commander_nav_state_override__2018-12-19__07_49_17__baseline,manual_control_setpoint.r,97,81
transfer,normal,commander_nav_state_override__2018-12-19__07_49_17__baseline,manual_control_setpoint.x,97,81
transfer,normal,commander_nav_state_override__2018-12-19__07_49_17__baseline,manual_control_setpoint.y,97,81
transfer,normal,commander_nav_state_override__2018-12-19__07_49_17__baseline,manual_control_setpoint.z,97,81
transfer,normal,commander_nav_state_override__2018-12-19__07_49_17__baseline,rate_ctrl_status.pitchspeed_integ,97,49
transfer,normal,commander_nav_state_override__2018-12-19__07_49_17__baseline,rate_ctrl_status.rollspeed_integ,97,49
transfer,normal,commander_nav_state_override__2018-12-19__07_49_17__baseline,rate_ctrl_status.yawspeed_integ,97,49
transfer,normal,commander_nav_state_override__2018-12-19__07_49_17__baseline,sensor_combined.accelerometer_m_s2[0],97,95
transfer,normal,commander_nav_state_override__2018-12-19__07_49_17__baseline,sensor_combined.accelerometer_m_s2[1],97,95
transfer,normal,commander_nav_state_override__2018-12-19__07_49_17__baseline,sensor_combined.accelerometer_m_s2[2],97,95
transfer,normal,commander_nav_state_override__2018-12-19__07_49_17__baseline,sensor_combined.gyro_rad[0],97,95
transfer,normal,commander_nav_state_override__2018-12-19__07_49_17__baseline,sensor_combined.gyro_rad[1],97,95
transfer,normal,commander_nav_state_override__2018-12-19__07_49_17__baseline,sensor_combined.gyro_rad[2],97,95
transfer,normal,commander_nav_state_override__2018-12-19__07_49_17__baseline,sensor_preflight.accel_inconsistency_m_s_s,97,0
transfer,normal,commander_nav_state_override__2018-12-19__07_49_17__baseline,sensor_preflight.gyro_inconsistency_rad_s,97,0
transfer,normal,commander_nav_state_override__2018-12-19__07_49_17__baseline,vehicle_attitude.pitchspeed,97,8
transfer,normal,commander_nav_state_override__2018-12-19__07_49_17__baseline,vehicle_attitude.q[0],97,8
transfer,normal,commander_nav_state_override__2018-12-19__07_49_17__baseline,vehicle_attitude.q[1],97,8
transfer,normal,commander_nav_state_override__2018-12-19__07_49_17__baseline,vehicle_attitude.q[2],97,8
transfer,normal,commander_nav_state_override__2018-12-19__07_49_17__baseline,vehicle_attitude.q[3],97,8
transfer,normal,commander_nav_state_override__2018-12-19__07_49_17__baseline,vehicle_attitude.rollspeed,97,8
transfer,normal,commander_nav_state_override__2018-12-19__07_49_17__baseline,vehicle_attitude.yawspeed,97,8
transfer,normal,commander_nav_state_override__2018-12-19__07_49_17__baseline,vehicle_attitude_setpoint.pitch_body,97,95
transfer,normal,commander_nav_state_override__2018-12-19__07_49_17__baseline,vehicle_attitude_setpoint.roll_body,97,95
transfer,normal,commander_nav_state_override__2018-12-19__07_49_17__baseline,vehicle_attitude_setpoint.yaw_body,97,95
transfer,normal,commander_nav_state_override__2018-12-19__07_49_17__baseline,vehicle_land_detected.ground_contact,97,96
transfer,normal,commander_nav_state_override__2018-12-19__07_49_17__baseline,vehicle_land_detected.landed,97,96
transfer,normal,commander_nav_state_override__2018-12-19__07_49_17__baseline,vehicle_land_detected.maybe_landed,97,96
transfer,normal,commander_nav_state_override__2018-12-19__07_49_17__baseline,vehicle_local_position.ax,97,95
transfer,normal,commander_nav_state_override__2018-12-19__07_49_17__baseline,vehicle_local_position.ay,97,95
transfer,normal,commander_nav_state_override__2018-12-19__07_49_17__baseline,vehicle_local_position.az,97,95
transfer,normal,commander_nav_state_override__2018-12-19__07_49_17__baseline,vehicle_local_position.dist_bottom,97,95
transfer,normal,commander_nav_state_override__2018-12-19__07_49_17__baseline,vehicle_local_position.dist_bottom_rate,97,95
transfer,normal,commander_nav_state_override__2018-12-19__07_49_17__baseline,vehicle_local_position.eph,97,95
transfer,normal,commander_nav_state_override__2018-12-19__07_49_17__baseline,vehicle_local_position.epv,97,95
transfer,normal,commander_nav_state_override__2018-12-19__07_49_17__baseline,vehicle_local_position.vx,97,95
transfer,normal,commander_nav_state_override__2018-12-19__07_49_17__baseline,vehicle_local_position.vy,97,95
transfer,normal,commander_nav_state_override__2018-12-19__07_49_17__baseline,vehicle_local_position.vz,97,95
transfer,normal,commander_nav_state_override__2018-12-19__07_49_17__baseline,vehicle_local_position.x,97,95
transfer,normal,commander_nav_state_override__2018-12-19__07_49_17__baseline,vehicle_local_position.y,97,95
transfer,normal,commander_nav_state_override__2018-12-19__07_49_17__baseline,vehicle_local_position.z,97,95
transfer,normal,commander_nav_state_override__2018-12-19__07_49_17__baseline,vehicle_rates_setpoint.pitch,97,23
transfer,normal,commander_nav_state_override__2018-12-19__07_49_17__baseline,vehicle_rates_setpoint.roll,97,23
transfer,normal,commander_nav_state_override__2018-12-19__07_49_17__baseline,vehicle_rates_setpoint.yaw,97,23
transfer,normal,commander_nav_state_override__2018-12-19__07_49_17__baseline,vehicle_status.arming_state,97,97
transfer,normal,commander_nav_state_override__2018-12-19__07_49_17__baseline,vehicle_status.nav_state,97,97
transfer,normal,commander_nav_state_override__2018-12-19__07_49_17__baseline,vehicle_vision_position.x,97,79
transfer,normal,commander_nav_state_override__2018-12-19__07_49_17__baseline,vehicle_vision_position.y,97,79
transfer,normal,commander_nav_state_override__2018-12-19__07_49_17__baseline,vehicle_vision_position.z,97,79
transfer,normal,commander_nav_state_override__2018-12-20__07_47_50__baseline,actuator_controls_0.control[0],141,139
transfer,normal,commander_nav_state_override__2018-12-20__07_47_50__baseline,actuator_controls_0.control[1],141,139
transfer,normal,commander_nav_state_override__2018-12-20__07_47_50__baseline,actuator_controls_0.control[2],141,139
transfer,normal,commander_nav_state_override__2018-12-20__07_47_50__baseline,actuator_controls_0.control[3],141,139
transfer,normal,commander_nav_state_override__2018-12-20__07_47_50__baseline,actuator_outputs.output[0],141,139
transfer,normal,commander_nav_state_override__2018-12-20__07_47_50__baseline,actuator_outputs.output[1],141,139
transfer,normal,commander_nav_state_override__2018-12-20__07_47_50__baseline,actuator_outputs.output[2],141,139
transfer,normal,commander_nav_state_override__2018-12-20__07_47_50__baseline,actuator_outputs.output[3],141,139
transfer,normal,commander_nav_state_override__2018-12-20__07_47_50__baseline,actuator_outputs.output[4],141,139
transfer,normal,commander_nav_state_override__2018-12-20__07_47_50__baseline,actuator_outputs.output[5],141,139
transfer,normal,commander_nav_state_override__2018-12-20__07_47_50__baseline,actuator_outputs.output[6],141,139
transfer,normal,commander_nav_state_override__2018-12-20__07_47_50__baseline,actuator_outputs.output[7],141,139
transfer,normal,commander_nav_state_override__2018-12-20__07_47_50__baseline,battery_status.current_a,141,139
transfer,normal,commander_nav_state_override__2018-12-20__07_47_50__baseline,battery_status.current_filtered_a,141,139
transfer,normal,commander_nav_state_override__2018-12-20__07_47_50__baseline,battery_status.discharged_mah,141,139
transfer,normal,commander_nav_state_override__2018-12-20__07_47_50__baseline,battery_status.remaining,141,139
transfer,normal,commander_nav_state_override__2018-12-20__07_47_50__baseline,battery_status.voltage_filtered_v,141,139
transfer,normal,commander_nav_state_override__2018-12-20__07_47_50__baseline,battery_status.voltage_v,141,139
transfer,normal,commander_nav_state_override__2018-12-20__07_47_50__baseline,cpuload.load,141,140
transfer,normal,commander_nav_state_override__2018-12-20__07_47_50__baseline,cpuload.ram_usage,141,140
transfer,normal,commander_nav_state_override__2018-12-20__07_47_50__baseline,distance_sensor.current_distance,141,139
transfer,normal,commander_nav_state_override__2018-12-20__07_47_50__baseline,ekf2_innovations.hagl_innov,141,139
transfer,normal,commander_nav_state_override__2018-12-20__07_47_50__baseline,ekf2_innovations.heading_innov,141,139
transfer,normal,commander_nav_state_override__2018-12-20__07_47_50__baseline,ekf2_innovations.output_tracking_error[0],141,139
transfer,normal,commander_nav_state_override__2018-12-20__07_47_50__baseline,ekf2_innovations.output_tracking_error[1],141,139
transfer,normal,commander_nav_state_override__2018-12-20__07_47_50__baseline,ekf2_innovations.output_tracking_error[2],141,139
transfer,normal,commander_nav_state_override__2018-12-20__07_47_50__baseline,ekf2_innovations.vel_pos_innov[3],141,139
transfer,normal,commander_nav_state_override__2018-12-20__07_47_50__baseline,ekf2_innovations.vel_pos_innov[4],141,139
transfer,normal,commander_nav_state_override__2018-12-20__07_47_50__baseline,ekf2_innovations.vel_pos_innov[5],141,139
transfer,normal,commander_nav_state_override__2018-12-20__07_47_50__baseline,estimator_status.hagl_test_ratio,141,139
transfer,normal,commander_nav_state_override__2018-12-20__07_47_50__baseline,estimator_status.hgt_test_ratio,141,139
transfer,normal,commander_nav_state_override__2018-12-20__07_47_50__baseline,estimator_status.mag_test_ratio,141,139
transfer,normal,commander_nav_state_override__2018-12-20__07_47_50__baseline,estimator_status.pos_horiz_accuracy,141,139
transfer,normal,commander_nav_state_override__2018-12-20__07_47_50__baseline,estimator_status.pos_test_ratio,141,139
transfer,normal,commander_nav_state_override__2018-12-20__07_47_50__baseline,estimator_status.pos_vert_accuracy,141,139
transfer,normal,commander_nav_state_override__2018-12-20__07_47_50__baseline,estimator_status.vibe[0],141,139
transfer,normal,commander_nav_state_override__2018-12-20__07_47_50__baseline,estimator_status.vibe[1],141,139
transfer,normal,commander_nav_state_override__2018-12-20__07_47_50__baseline,estimator_status.vibe[2],141,139
transfer,normal,commander_nav_state_override__2018-12-20__07_47_50__baseline,manual_control_setpoint.r,141,139
transfer,normal,commander_nav_state_override__2018-12-20__07_47_50__baseline,manual_control_setpoint.x,141,139
transfer,normal,commander_nav_state_override__2018-12-20__07_47_50__baseline,manual_control_setpoint.y,141,139
transfer,normal,commander_nav_state_override__2018-12-20__07_47_50__baseline,manual_control_setpoint.z,141,139
transfer,normal,commander_nav_state_override__2018-12-20__07_47_50__baseline,rate_ctrl_status.pitchspeed_integ,141,107
transfer,normal,commander_nav_state_override__2018-12-20__07_47_50__baseline,rate_ctrl_status.rollspeed_integ,141,107
transfer,normal,commander_nav_state_override__2018-12-20__07_47_50__baseline,rate_ctrl_status.yawspeed_integ,141,107
transfer,normal,commander_nav_state_override__2018-12-20__07_47_50__baseline,sensor_combined.accelerometer_m_s2[0],141,103
transfer,normal,commander_nav_state_override__2018-12-20__07_47_50__baseline,sensor_combined.accelerometer_m_s2[1],141,103
transfer,normal,commander_nav_state_override__2018-12-20__07_47_50__baseline,sensor_combined.accelerometer_m_s2[2],141,103
transfer,normal,commander_nav_state_override__2018-12-20__07_47_50__baseline,sensor_combined.gyro_rad[0],141,103
transfer,normal,commander_nav_state_override__2018-12-20__07_47_50__baseline,sensor_combined.gyro_rad[1],141,103
transfer,normal,commander_nav_state_override__2018-12-20__07_47_50__baseline,sensor_combined.gyro_rad[2],141,103
transfer,normal,commander_nav_state_override__2018-12-20__07_47_50__baseline,sensor_preflight.accel_inconsistency_m_s_s,141,0
transfer,normal,commander_nav_state_override__2018-12-20__07_47_50__baseline,sensor_preflight.gyro_inconsistency_rad_s,141,0
transfer,normal,commander_nav_state_override__2018-12-20__07_47_50__baseline,vehicle_attitude.pitchspeed,141,110
transfer,normal,commander_nav_state_override__2018-12-20__07_47_50__baseline,vehicle_attitude.q[0],141,110
transfer,normal,commander_nav_state_override__2018-12-20__07_47_50__baseline,vehicle_attitude.q[1],141,110
transfer,normal,commander_nav_state_override__2018-12-20__07_47_50__baseline,vehicle_attitude.q[2],141,110
transfer,normal,commander_nav_state_override__2018-12-20__07_47_50__baseline,vehicle_attitude.q[3],141,110
transfer,normal,commander_nav_state_override__2018-12-20__07_47_50__baseline,vehicle_attitude.rollspeed,141,110
transfer,normal,commander_nav_state_override__2018-12-20__07_47_50__baseline,vehicle_attitude.yawspeed,141,110
transfer,normal,commander_nav_state_override__2018-12-20__07_47_50__baseline,vehicle_attitude_setpoint.pitch_body,141,139
transfer,normal,commander_nav_state_override__2018-12-20__07_47_50__baseline,vehicle_attitude_setpoint.roll_body,141,139
transfer,normal,commander_nav_state_override__2018-12-20__07_47_50__baseline,vehicle_attitude_setpoint.yaw_body,141,139
transfer,normal,commander_nav_state_override__2018-12-20__07_47_50__baseline,vehicle_land_detected.ground_contact,141,139
transfer,normal,commander_nav_state_override__2018-12-20__07_47_50__baseline,vehicle_land_detected.landed,141,139
transfer,normal,commander_nav_state_override__2018-12-20__07_47_50__baseline,vehicle_land_detected.maybe_landed,141,139
transfer,normal,commander_nav_state_override__2018-12-20__07_47_50__baseline,vehicle_local_position.ax,141,139
transfer,normal,commander_nav_state_override__2018-12-20__07_47_50__baseline,vehicle_local_position.ay,141,139
transfer,normal,commander_nav_state_override__2018-12-20__07_47_50__baseline,vehicle_local_position.az,141,139
transfer,normal,commander_nav_state_override__2018-12-20__07_47_50__baseline,vehicle_local_position.dist_bottom,141,139
transfer,normal,commander_nav_state_override__2018-12-20__07_47_50__baseline,vehicle_local_position.dist_bottom_rate,141,139
transfer,normal,commander_nav_state_override__2018-12-20__07_47_50__baseline,vehicle_local_position.eph,141,139
transfer,normal,commander_nav_state_override__2018-12-20__07_47_50__baseline,vehicle_local_position.epv,141,139
transfer,normal,commander_nav_state_override__2018-12-20__07_47_50__baseline,vehicle_local_position.vx,141,139
transfer,normal,commander_nav_state_override__2018-12-20__07_47_50__baseline,vehicle_local_position.vy,141,139
transfer,normal,commander_nav_state_override__2018-12-20__07_47_50__baseline,vehicle_local_position.vz,141,139
transfer,normal,commander_nav_state_override__2018-12-20__07_47_50__baseline,vehicle_local_position.x,141,139
transfer,normal,commander_nav_state_override__2018-12-20__07_47_50__baseline,vehicle_local_position.y,141,139
transfer,normal,commander_nav_state_override__2018-12-20__07_47_50__baseline,vehicle_local_position.z,141,139
transfer,normal,commander_nav_state_override__2018-12-20__07_47_50__baseline,vehicle_rates_setpoint.pitch,141,117
transfer,normal,commander_nav_state_override__2018-12-20__07_47_50__baseline,vehicle_rates_setpoint.roll,141,117
transfer,normal,commander_nav_state_override__2018-12-20__07_47_50__baseline,vehicle_rates_setpoint.yaw,141,117
transfer,normal,commander_nav_state_override__2018-12-20__07_47_50__baseline,vehicle_status.arming_state,141,141
transfer,normal,commander_nav_state_override__2018-12-20__07_47_50__baseline,vehicle_status.nav_state,141,141
transfer,normal,commander_nav_state_override__2018-12-20__07_47_50__baseline,vehicle_vision_position.x,141,139
transfer,normal,commander_nav_state_override__2018-12-20__07_47_50__baseline,vehicle_vision_position.y,141,139
transfer,normal,commander_nav_state_override__2018-12-20__07_47_50__baseline,vehicle_vision_position.z,141,139
transfer,normal,commander_nav_state_override__2018-12-25__08_44_40__baseline,actuator_controls_0.control[0],165,161
transfer,normal,commander_nav_state_override__2018-12-25__08_44_40__baseline,actuator_controls_0.control[1],165,161
transfer,normal,commander_nav_state_override__2018-12-25__08_44_40__baseline,actuator_controls_0.control[2],165,161
transfer,normal,commander_nav_state_override__2018-12-25__08_44_40__baseline,actuator_controls_0.control[3],165,161
transfer,normal,commander_nav_state_override__2018-12-25__08_44_40__baseline,actuator_outputs.output[0],165,86
transfer,normal,commander_nav_state_override__2018-12-25__08_44_40__baseline,actuator_outputs.output[1],165,86
transfer,normal,commander_nav_state_override__2018-12-25__08_44_40__baseline,actuator_outputs.output[2],165,86
transfer,normal,commander_nav_state_override__2018-12-25__08_44_40__baseline,actuator_outputs.output[3],165,86
transfer,normal,commander_nav_state_override__2018-12-25__08_44_40__baseline,actuator_outputs.output[4],165,86
transfer,normal,commander_nav_state_override__2018-12-25__08_44_40__baseline,actuator_outputs.output[5],165,86
transfer,normal,commander_nav_state_override__2018-12-25__08_44_40__baseline,actuator_outputs.output[6],165,86
transfer,normal,commander_nav_state_override__2018-12-25__08_44_40__baseline,actuator_outputs.output[7],165,86
transfer,normal,commander_nav_state_override__2018-12-25__08_44_40__baseline,battery_status.current_a,165,161
transfer,normal,commander_nav_state_override__2018-12-25__08_44_40__baseline,battery_status.current_filtered_a,165,161
transfer,normal,commander_nav_state_override__2018-12-25__08_44_40__baseline,battery_status.discharged_mah,165,161
transfer,normal,commander_nav_state_override__2018-12-25__08_44_40__baseline,battery_status.remaining,165,161
transfer,normal,commander_nav_state_override__2018-12-25__08_44_40__baseline,battery_status.voltage_filtered_v,165,161
transfer,normal,commander_nav_state_override__2018-12-25__08_44_40__baseline,battery_status.voltage_v,165,161
transfer,normal,commander_nav_state_override__2018-12-25__08_44_40__baseline,cpuload.load,165,162
transfer,normal,commander_nav_state_override__2018-12-25__08_44_40__baseline,cpuload.ram_usage,165,162
transfer,normal,commander_nav_state_override__2018-12-25__08_44_40__baseline,distance_sensor.current_distance,165,161
transfer,normal,commander_nav_state_override__2018-12-25__08_44_40__baseline,ekf2_innovations.hagl_innov,165,161
transfer,normal,commander_nav_state_override__2018-12-25__08_44_40__baseline,ekf2_innovations.heading_innov,165,161
transfer,normal,commander_nav_state_override__2018-12-25__08_44_40__baseline,ekf2_innovations.output_tracking_error[0],165,161
transfer,normal,commander_nav_state_override__2018-12-25__08_44_40__baseline,ekf2_innovations.output_tracking_error[1],165,161
transfer,normal,commander_nav_state_override__2018-12-25__08_44_40__baseline,ekf2_innovations.output_tracking_error[2],165,161
transfer,normal,commander_nav_state_override__2018-12-25__08_44_40__baseline,ekf2_innovations.vel_pos_innov[3],165,161
transfer,normal,commander_nav_state_override__2018-12-25__08_44_40__baseline,ekf2_innovations.vel_pos_innov[4],165,161
transfer,normal,commander_nav_state_override__2018-12-25__08_44_40__baseline,ekf2_innovations.vel_pos_innov[5],165,161
transfer,normal,commander_nav_state_override__2018-12-25__08_44_40__baseline,estimator_status.hagl_test_ratio,165,161
transfer,normal,commander_nav_state_override__2018-12-25__08_44_40__baseline,estimator_status.hgt_test_ratio,165,161
transfer,normal,commander_nav_state_override__2018-12-25__08_44_40__baseline,estimator_status.mag_test_ratio,165,161
transfer,normal,commander_nav_state_override__2018-12-25__08_44_40__baseline,estimator_status.pos_horiz_accuracy,165,161
transfer,normal,commander_nav_state_override__2018-12-25__08_44_40__baseline,estimator_status.pos_test_ratio,165,161
transfer,normal,commander_nav_state_override__2018-12-25__08_44_40__baseline,estimator_status.pos_vert_accuracy,165,161
transfer,normal,commander_nav_state_override__2018-12-25__08_44_40__baseline,estimator_status.vibe[0],165,161
transfer,normal,commander_nav_state_override__2018-12-25__08_44_40__baseline,estimator_status.vibe[1],165,161
transfer,normal,commander_nav_state_override__2018-12-25__08_44_40__baseline,estimator_status.vibe[2],165,161
transfer,normal,commander_nav_state_override__2018-12-25__08_44_40__baseline,manual_control_setpoint.r,165,161
transfer,normal,commander_nav_state_override__2018-12-25__08_44_40__baseline,manual_control_setpoint.x,165,161
transfer,normal,commander_nav_state_override__2018-12-25__08_44_40__baseline,manual_control_setpoint.y,165,161
transfer,normal,commander_nav_state_override__2018-12-25__08_44_40__baseline,manual_control_setpoint.z,165,161
transfer,normal,commander_nav_state_override__2018-12-25__08_44_40__baseline,rate_ctrl_status.pitchspeed_integ,165,11
transfer,normal,commander_nav_state_override__2018-12-25__08_44_40__baseline,rate_ctrl_status.rollspeed_integ,165,11
transfer,normal,commander_nav_state_override__2018-12-25__08_44_40__baseline,rate_ctrl_status.yawspeed_integ,165,11
transfer,normal,commander_nav_state_override__2018-12-25__08_44_40__baseline,sensor_combined.accelerometer_m_s2[0],165,96
transfer,normal,commander_nav_state_override__2018-12-25__08_44_40__baseline,sensor_combined.accelerometer_m_s2[1],165,96
transfer,normal,commander_nav_state_override__2018-12-25__08_44_40__baseline,sensor_combined.accelerometer_m_s2[2],165,96
transfer,normal,commander_nav_state_override__2018-12-25__08_44_40__baseline,sensor_combined.gyro_rad[0],165,96
transfer,normal,commander_nav_state_override__2018-12-25__08_44_40__baseline,sensor_combined.gyro_rad[1],165,96
transfer,normal,commander_nav_state_override__2018-12-25__08_44_40__baseline,sensor_combined.gyro_rad[2],165,96
transfer,normal,commander_nav_state_override__2018-12-25__08_44_40__baseline,sensor_preflight.accel_inconsistency_m_s_s,165,0
transfer,normal,commander_nav_state_override__2018-12-25__08_44_40__baseline,sensor_preflight.gyro_inconsistency_rad_s,165,0
transfer,normal,commander_nav_state_override__2018-12-25__08_44_40__baseline,vehicle_attitude.pitchspeed,165,34
transfer,normal,commander_nav_state_override__2018-12-25__08_44_40__baseline,vehicle_attitude.q[0],165,34
transfer,normal,commander_nav_state_override__2018-12-25__08_44_40__baseline,vehicle_attitude.q[1],165,34
transfer,normal,commander_nav_state_override__2018-12-25__08_44_40__baseline,vehicle_attitude.q[2],165,34
transfer,normal,commander_nav_state_override__2018-12-25__08_44_40__baseline,vehicle_attitude.q[3],165,34
transfer,normal,commander_nav_state_override__2018-12-25__08_44_40__baseline,vehicle_attitude.rollspeed,165,34
transfer,normal,commander_nav_state_override__2018-12-25__08_44_40__baseline,vehicle_attitude.yawspeed,165,34
transfer,normal,commander_nav_state_override__2018-12-25__08_44_40__baseline,vehicle_attitude_setpoint.pitch_body,165,161
transfer,normal,commander_nav_state_override__2018-12-25__08_44_40__baseline,vehicle_attitude_setpoint.roll_body,165,161
transfer,normal,commander_nav_state_override__2018-12-25__08_44_40__baseline,vehicle_attitude_setpoint.yaw_body,165,161
transfer,normal,commander_nav_state_override__2018-12-25__08_44_40__baseline,vehicle_land_detected.ground_contact,165,165
transfer,normal,commander_nav_state_override__2018-12-25__08_44_40__baseline,vehicle_land_detected.landed,165,165
transfer,normal,commander_nav_state_override__2018-12-25__08_44_40__baseline,vehicle_land_detected.maybe_landed,165,165
transfer,normal,commander_nav_state_override__2018-12-25__08_44_40__baseline,vehicle_local_position.ax,165,161
transfer,normal,commander_nav_state_override__2018-12-25__08_44_40__baseline,vehicle_local_position.ay,165,161
transfer,normal,commander_nav_state_override__2018-12-25__08_44_40__baseline,vehicle_local_position.az,165,161
transfer,normal,commander_nav_state_override__2018-12-25__08_44_40__baseline,vehicle_local_position.dist_bottom,165,161
transfer,normal,commander_nav_state_override__2018-12-25__08_44_40__baseline,vehicle_local_position.dist_bottom_rate,165,161
transfer,normal,commander_nav_state_override__2018-12-25__08_44_40__baseline,vehicle_local_position.eph,165,161
transfer,normal,commander_nav_state_override__2018-12-25__08_44_40__baseline,vehicle_local_position.epv,165,161
transfer,normal,commander_nav_state_override__2018-12-25__08_44_40__baseline,vehicle_local_position.vx,165,161
transfer,normal,commander_nav_state_override__2018-12-25__08_44_40__baseline,vehicle_local_position.vy,165,161
transfer,normal,commander_nav_state_override__2018-12-25__08_44_40__baseline,vehicle_local_position.vz,165,161
transfer,normal,commander_nav_state_override__2018-12-25__08_44_40__baseline,vehicle_local_position.x,165,161
transfer,normal,commander_nav_state_override__2018-12-25__08_44_40__baseline,vehicle_local_position.y,165,161
transfer,normal,commander_nav_state_override__2018-12-25__08_44_40__baseline,vehicle_local_position.z,165,161
transfer,normal,commander_nav_state_override__2018-12-25__08_44_40__baseline,vehicle_rates_setpoint.pitch,165,28
transfer,normal,commander_nav_state_override__2018-12-25__08_44_40__baseline,vehicle_rates_setpoint.roll,165,28
transfer,normal,commander_nav_state_override__2018-12-25__08_44_40__baseline,vehicle_rates_setpoint.yaw,165,28
transfer,normal,commander_nav_state_override__2018-12-25__08_44_40__baseline,vehicle_status.arming_state,165,165
transfer,normal,commander_nav_state_override__2018-12-25__08_44_40__baseline,vehicle_status.nav_state,165,165
transfer,normal,commander_nav_state_override__2018-12-25__08_44_40__baseline,vehicle_vision_position.x,165,161
transfer,normal,commander_nav_state_override__2018-12-25__08_44_40__baseline,vehicle_vision_position.y,165,161
transfer,normal,commander_nav_state_override__2018-12-25__08_44_40__baseline,vehicle_vision_position.z,165,161
transfer,normal,ekf2_innovation_bias__2018-12-19__07_49_17__baseline,actuator_controls_0.control[0],96,92
transfer,normal,ekf2_innovation_bias__2018-12-19__07_49_17__baseline,actuator_controls_0.control[1],96,92
transfer,normal,ekf2_innovation_bias__2018-12-19__07_49_17__baseline,actuator_controls_0.control[2],96,92
transfer,normal,ekf2_innovation_bias__2018-12-19__07_49_17__baseline,actuator_controls_0.control[3],96,92
transfer,normal,ekf2_innovation_bias__2018-12-19__07_49_17__baseline,actuator_outputs.output[0],96,92
transfer,normal,ekf2_innovation_bias__2018-12-19__07_49_17__baseline,actuator_outputs.output[1],96,92
transfer,normal,ekf2_innovation_bias__2018-12-19__07_49_17__baseline,actuator_outputs.output[2],96,92
transfer,normal,ekf2_innovation_bias__2018-12-19__07_49_17__baseline,actuator_outputs.output[3],96,92
transfer,normal,ekf2_innovation_bias__2018-12-19__07_49_17__baseline,actuator_outputs.output[4],96,92
transfer,normal,ekf2_innovation_bias__2018-12-19__07_49_17__baseline,actuator_outputs.output[5],96,92
transfer,normal,ekf2_innovation_bias__2018-12-19__07_49_17__baseline,actuator_outputs.output[6],96,92
transfer,normal,ekf2_innovation_bias__2018-12-19__07_49_17__baseline,actuator_outputs.output[7],96,92
transfer,normal,ekf2_innovation_bias__2018-12-19__07_49_17__baseline,battery_status.current_a,96,93
transfer,normal,ekf2_innovation_bias__2018-12-19__07_49_17__baseline,battery_status.current_filtered_a,96,93
transfer,normal,ekf2_innovation_bias__2018-12-19__07_49_17__baseline,battery_status.discharged_mah,96,93
transfer,normal,ekf2_innovation_bias__2018-12-19__07_49_17__baseline,battery_status.remaining,96,93
transfer,normal,ekf2_innovation_bias__2018-12-19__07_49_17__baseline,battery_status.voltage_filtered_v,96,93
transfer,normal,ekf2_innovation_bias__2018-12-19__07_49_17__baseline,battery_status.voltage_v,96,93
transfer,normal,ekf2_innovation_bias__2018-12-19__07_49_17__baseline,cpuload.load,96,95
transfer,normal,ekf2_innovation_bias__2018-12-19__07_49_17__baseline,cpuload.ram_usage,96,95
transfer,normal,ekf2_innovation_bias__2018-12-19__07_49_17__baseline,distance_sensor.current_distance,96,92
transfer,normal,ekf2_innovation_bias__2018-12-19__07_49_17__baseline,ekf2_innovations.hagl_innov,96,92
transfer,normal,ekf2_innovation_bias__2018-12-19__07_49_17__baseline,ekf2_innovations.heading_innov,96,92
transfer,normal,ekf2_innovation_bias__2018-12-19__07_49_17__baseline,ekf2_innovations.output_tracking_error[0],96,92
transfer,normal,ekf2_innovation_bias__2018-12-19__07_49_17__baseline,ekf2_innovations.output_tracking_error[1],96,92
transfer,normal,ekf2_innovation_bias__2018-12-19__07_49_17__baseline,ekf2_innovations.output_tracking_error[2],96,92
transfer,normal,ekf2_innovation_bias__2018-12-19__07_49_17__baseline,ekf2_innovations.vel_pos_innov[3],96,92
transfer,normal,ekf2_innovation_bias__2018-12-19__07_49_17__baseline,ekf2_innovations.vel_pos_innov[4],96,92
transfer,normal,ekf2_innovation_bias__2018-12-19__07_49_17__baseline,ekf2_innovations.vel_pos_innov[5],96,92
transfer,normal,ekf2_innovation_bias__2018-12-19__07_49_17__baseline,estimator_status.hagl_test_ratio,96,92
transfer,normal,ekf2_innovation_bias__2018-12-19__07_49_17__baseline,estimator_status.hgt_test_ratio,96,92
transfer,normal,ekf2_innovation_bias__2018-12-19__07_49_17__baseline,estimator_status.mag_test_ratio,96,92
transfer,normal,ekf2_innovation_bias__2018-12-19__07_49_17__baseline,estimator_status.pos_horiz_accuracy,96,92
transfer,normal,ekf2_innovation_bias__2018-12-19__07_49_17__baseline,estimator_status.pos_test_ratio,96,92
transfer,normal,ekf2_innovation_bias__2018-12-19__07_49_17__baseline,estimator_status.pos_vert_accuracy,96,92
transfer,normal,ekf2_innovation_bias__2018-12-19__07_49_17__baseline,estimator_status.vibe[0],96,92
transfer,normal,ekf2_innovation_bias__2018-12-19__07_49_17__baseline,estimator_status.vibe[1],96,92
transfer,normal,ekf2_innovation_bias__2018-12-19__07_49_17__baseline,estimator_status.vibe[2],96,92
transfer,normal,ekf2_innovation_bias__2018-12-19__07_49_17__baseline,manual_control_setpoint.r,96,92
transfer,normal,ekf2_innovation_bias__2018-12-19__07_49_17__baseline,manual_control_setpoint.x,96,92
transfer,normal,ekf2_innovation_bias__2018-12-19__07_49_17__baseline,manual_control_setpoint.y,96,92
transfer,normal,ekf2_innovation_bias__2018-12-19__07_49_17__baseline,manual_control_setpoint.z,96,92
transfer,normal,ekf2_innovation_bias__2018-12-19__07_49_17__baseline,rate_ctrl_status.pitchspeed_integ,96,47
transfer,normal,ekf2_innovation_bias__2018-12-19__07_49_17__baseline,rate_ctrl_status.rollspeed_integ,96,47
transfer,normal,ekf2_innovation_bias__2018-12-19__07_49_17__baseline,rate_ctrl_status.yawspeed_integ,96,47
transfer,normal,ekf2_innovation_bias__2018-12-19__07_49_17__baseline,sensor_combined.accelerometer_m_s2[0],96,92
transfer,normal,ekf2_innovation_bias__2018-12-19__07_49_17__baseline,sensor_combined.accelerometer_m_s2[1],96,92
transfer,normal,ekf2_innovation_bias__2018-12-19__07_49_17__baseline,sensor_combined.accelerometer_m_s2[2],96,92
transfer,normal,ekf2_innovation_bias__2018-12-19__07_49_17__baseline,sensor_combined.gyro_rad[0],96,92
transfer,normal,ekf2_innovation_bias__2018-12-19__07_49_17__baseline,sensor_combined.gyro_rad[1],96,92
transfer,normal,ekf2_innovation_bias__2018-12-19__07_49_17__baseline,sensor_combined.gyro_rad[2],96,92
transfer,normal,ekf2_innovation_bias__2018-12-19__07_49_17__baseline,sensor_preflight.accel_inconsistency_m_s_s,96,0
transfer,normal,ekf2_innovation_bias__2018-12-19__07_49_17__baseline,sensor_preflight.gyro_inconsistency_rad_s,96,0
transfer,normal,ekf2_innovation_bias__2018-12-19__07_49_17__baseline,vehicle_attitude.pitchspeed,96,37
transfer,normal,ekf2_innovation_bias__2018-12-19__07_49_17__baseline,vehicle_attitude.q[0],96,37
transfer,normal,ekf2_innovation_bias__2018-12-19__07_49_17__baseline,vehicle_attitude.q[1],96,37
transfer,normal,ekf2_innovation_bias__2018-12-19__07_49_17__baseline,vehicle_attitude.q[2],96,37
transfer,normal,ekf2_innovation_bias__2018-12-19__07_49_17__baseline,vehicle_attitude.q[3],96,37
transfer,normal,ekf2_innovation_bias__2018-12-19__07_49_17__baseline,vehicle_attitude.rollspeed,96,37
transfer,normal,ekf2_innovation_bias__2018-12-19__07_49_17__baseline,vehicle_attitude.yawspeed,96,37
transfer,normal,ekf2_innovation_bias__2018-12-19__07_49_17__baseline,vehicle_attitude_setpoint.pitch_body,96,92
transfer,normal,ekf2_innovation_bias__2018-12-19__07_49_17__baseline,vehicle_attitude_setpoint.roll_body,96,92
transfer,normal,ekf2_innovation_bias__2018-12-19__07_49_17__baseline,vehicle_attitude_setpoint.yaw_body,96,92
transfer,normal,ekf2_innovation_bias__2018-12-19__07_49_17__baseline,vehicle_land_detected.ground_contact,96,95
transfer,normal,ekf2_innovation_bias__2018-12-19__07_49_17__baseline,vehicle_land_detected.landed,96,95
transfer,normal,ekf2_innovation_bias__2018-12-19__07_49_17__baseline,vehicle_land_detected.maybe_landed,96,95
transfer,normal,ekf2_innovation_bias__2018-12-19__07_49_17__baseline,vehicle_local_position.ax,96,92
transfer,normal,ekf2_innovation_bias__2018-12-19__07_49_17__baseline,vehicle_local_position.ay,96,92
transfer,normal,ekf2_innovation_bias__2018-12-19__07_49_17__baseline,vehicle_local_position.az,96,92
transfer,normal,ekf2_innovation_bias__2018-12-19__07_49_17__baseline,vehicle_local_position.dist_bottom,96,92
transfer,normal,ekf2_innovation_bias__2018-12-19__07_49_17__baseline,vehicle_local_position.dist_bottom_rate,96,92
transfer,normal,ekf2_innovation_bias__2018-12-19__07_49_17__baseline,vehicle_local_position.eph,96,92
transfer,normal,ekf2_innovation_bias__2018-12-19__07_49_17__baseline,vehicle_local_position.epv,96,92
transfer,normal,ekf2_innovation_bias__2018-12-19__07_49_17__baseline,vehicle_local_position.vx,96,92
transfer,normal,ekf2_innovation_bias__2018-12-19__07_49_17__baseline,vehicle_local_position.vy,96,92
transfer,normal,ekf2_innovation_bias__2018-12-19__07_49_17__baseline,vehicle_local_position.vz,96,92
transfer,normal,ekf2_innovation_bias__2018-12-19__07_49_17__baseline,vehicle_local_position.x,96,92
transfer,normal,ekf2_innovation_bias__2018-12-19__07_49_17__baseline,vehicle_local_position.y,96,92
transfer,normal,ekf2_innovation_bias__2018-12-19__07_49_17__baseline,vehicle_local_position.z,96,92
transfer,normal,ekf2_innovation_bias__2018-12-19__07_49_17__baseline,vehicle_rates_setpoint.pitch,96,49
transfer,normal,ekf2_innovation_bias__2018-12-19__07_49_17__baseline,vehicle_rates_setpoint.roll,96,49
transfer,normal,ekf2_innovation_bias__2018-12-19__07_49_17__baseline,vehicle_rates_setpoint.yaw,96,49
transfer,normal,ekf2_innovation_bias__2018-12-19__07_49_17__baseline,vehicle_status.arming_state,96,94
transfer,normal,ekf2_innovation_bias__2018-12-19__07_49_17__baseline,vehicle_status.nav_state,96,94
transfer,normal,ekf2_innovation_bias__2018-12-19__07_49_17__baseline,vehicle_vision_position.x,96,76
transfer,normal,ekf2_innovation_bias__2018-12-19__07_49_17__baseline,vehicle_vision_position.y,96,76
transfer,normal,ekf2_innovation_bias__2018-12-19__07_49_17__baseline,vehicle_vision_position.z,96,76
transfer,normal,ekf2_innovation_bias__2018-12-20__07_47_50__baseline,actuator_controls_0.control[0],141,139
transfer,normal,ekf2_innovation_bias__2018-12-20__07_47_50__baseline,actuator_controls_0.control[1],141,139
transfer,normal,ekf2_innovation_bias__2018-12-20__07_47_50__baseline,actuator_controls_0.control[2],141,139
transfer,normal,ekf2_innovation_bias__2018-12-20__07_47_50__baseline,actuator_controls_0.control[3],141,139
transfer,normal,ekf2_innovation_bias__2018-12-20__07_47_50__baseline,actuator_outputs.output[0],141,139
transfer,normal,ekf2_innovation_bias__2018-12-20__07_47_50__baseline,actuator_outputs.output[1],141,139
transfer,normal,ekf2_innovation_bias__2018-12-20__07_47_50__baseline,actuator_outputs.output[2],141,139
transfer,normal,ekf2_innovation_bias__2018-12-20__07_47_50__baseline,actuator_outputs.output[3],141,139
transfer,normal,ekf2_innovation_bias__2018-12-20__07_47_50__baseline,actuator_outputs.output[4],141,139
transfer,normal,ekf2_innovation_bias__2018-12-20__07_47_50__baseline,actuator_outputs.output[5],141,139
transfer,normal,ekf2_innovation_bias__2018-12-20__07_47_50__baseline,actuator_outputs.output[6],141,139
transfer,normal,ekf2_innovation_bias__2018-12-20__07_47_50__baseline,actuator_outputs.output[7],141,139
transfer,normal,ekf2_innovation_bias__2018-12-20__07_47_50__baseline,battery_status.current_a,141,139
transfer,normal,ekf2_innovation_bias__2018-12-20__07_47_50__baseline,battery_status.current_filtered_a,141,139
transfer,normal,ekf2_innovation_bias__2018-12-20__07_47_50__baseline,battery_status.discharged_mah,141,139
transfer,normal,ekf2_innovation_bias__2018-12-20__07_47_50__baseline,battery_status.remaining,141,139
transfer,normal,ekf2_innovation_bias__2018-12-20__07_47_50__baseline,battery_status.voltage_filtered_v,141,139
transfer,normal,ekf2_innovation_bias__2018-12-20__07_47_50__baseline,battery_status.voltage_v,141,139
transfer,normal,ekf2_innovation_bias__2018-12-20__07_47_50__baseline,cpuload.load,141,140
transfer,normal,ekf2_innovation_bias__2018-12-20__07_47_50__baseline,cpuload.ram_usage,141,140
transfer,normal,ekf2_innovation_bias__2018-12-20__07_47_50__baseline,distance_sensor.current_distance,141,139
transfer,normal,ekf2_innovation_bias__2018-12-20__07_47_50__baseline,ekf2_innovations.hagl_innov,141,139
transfer,normal,ekf2_innovation_bias__2018-12-20__07_47_50__baseline,ekf2_innovations.heading_innov,141,139
transfer,normal,ekf2_innovation_bias__2018-12-20__07_47_50__baseline,ekf2_innovations.output_tracking_error[0],141,139
transfer,normal,ekf2_innovation_bias__2018-12-20__07_47_50__baseline,ekf2_innovations.output_tracking_error[1],141,139
transfer,normal,ekf2_innovation_bias__2018-12-20__07_47_50__baseline,ekf2_innovations.output_tracking_error[2],141,139
transfer,normal,ekf2_innovation_bias__2018-12-20__07_47_50__baseline,ekf2_innovations.vel_pos_innov[3],141,139
transfer,normal,ekf2_innovation_bias__2018-12-20__07_47_50__baseline,ekf2_innovations.vel_pos_innov[4],141,139
transfer,normal,ekf2_innovation_bias__2018-12-20__07_47_50__baseline,ekf2_innovations.vel_pos_innov[5],141,139
transfer,normal,ekf2_innovation_bias__2018-12-20__07_47_50__baseline,estimator_status.hagl_test_ratio,141,139
transfer,normal,ekf2_innovation_bias__2018-12-20__07_47_50__baseline,estimator_status.hgt_test_ratio,141,139
transfer,normal,ekf2_innovation_bias__2018-12-20__07_47_50__baseline,estimator_status.mag_test_ratio,141,139
transfer,normal,ekf2_innovation_bias__2018-12-20__07_47_50__baseline,estimator_status.pos_horiz_accuracy,141,139
transfer,normal,ekf2_innovation_bias__2018-12-20__07_47_50__baseline,estimator_status.pos_test_ratio,141,139
transfer,normal,ekf2_innovation_bias__2018-12-20__07_47_50__baseline,estimator_status.pos_vert_accuracy,141,139
transfer,normal,ekf2_innovation_bias__2018-12-20__07_47_50__baseline,estimator_status.vibe[0],141,139
transfer,normal,ekf2_innovation_bias__2018-12-20__07_47_50__baseline,estimator_status.vibe[1],141,139
transfer,normal,ekf2_innovation_bias__2018-12-20__07_47_50__baseline,estimator_status.vibe[2],141,139
transfer,normal,ekf2_innovation_bias__2018-12-20__07_47_50__baseline,manual_control_setpoint.r,141,139
transfer,normal,ekf2_innovation_bias__2018-12-20__07_47_50__baseline,manual_control_setpoint.x,141,139
transfer,normal,ekf2_innovation_bias__2018-12-20__07_47_50__baseline,manual_control_setpoint.y,141,139
transfer,normal,ekf2_innovation_bias__2018-12-20__07_47_50__baseline,manual_control_setpoint.z,141,139
transfer,normal,ekf2_innovation_bias__2018-12-20__07_47_50__baseline,rate_ctrl_status.pitchspeed_integ,141,114
transfer,normal,ekf2_innovation_bias__2018-12-20__07_47_50__baseline,rate_ctrl_status.rollspeed_integ,141,114
transfer,normal,ekf2_innovation_bias__2018-12-20__07_47_50__baseline,rate_ctrl_status.yawspeed_integ,141,114
transfer,normal,ekf2_innovation_bias__2018-12-20__07_47_50__baseline,sensor_combined.accelerometer_m_s2[0],141,103
transfer,normal,ekf2_innovation_bias__2018-12-20__07_47_50__baseline,sensor_combined.accelerometer_m_s2[1],141,103
transfer,normal,ekf2_innovation_bias__2018-12-20__07_47_50__baseline,sensor_combined.accelerometer_m_s2[2],141,103
transfer,normal,ekf2_innovation_bias__2018-12-20__07_47_50__baseline,sensor_combined.gyro_rad[0],141,103
transfer,normal,ekf2_innovation_bias__2018-12-20__07_47_50__baseline,sensor_combined.gyro_rad[1],141,103
transfer,normal,ekf2_innovation_bias__2018-12-20__07_47_50__baseline,sensor_combined.gyro_rad[2],141,103
transfer,normal,ekf2_innovation_bias__2018-12-20__07_47_50__baseline,sensor_preflight.accel_inconsistency_m_s_s,141,0
transfer,normal,ekf2_innovation_bias__2018-12-20__07_47_50__baseline,sensor_preflight.gyro_inconsistency_rad_s,141,0
transfer,normal,ekf2_innovation_bias__2018-12-20__07_47_50__baseline,vehicle_attitude.pitchspeed,141,117
transfer,normal,ekf2_innovation_bias__2018-12-20__07_47_50__baseline,vehicle_attitude.q[0],141,117
transfer,normal,ekf2_innovation_bias__2018-12-20__07_47_50__baseline,vehicle_attitude.q[1],141,117
transfer,normal,ekf2_innovation_bias__2018-12-20__07_47_50__baseline,vehicle_attitude.q[2],141,117
transfer,normal,ekf2_innovation_bias__2018-12-20__07_47_50__baseline,vehicle_attitude.q[3],141,117
transfer,normal,ekf2_innovation_bias__2018-12-20__07_47_50__baseline,vehicle_attitude.rollspeed,141,117
transfer,normal,ekf2_innovation_bias__2018-12-20__07_47_50__baseline,vehicle_attitude.yawspeed,141,117
transfer,normal,ekf2_innovation_bias__2018-12-20__07_47_50__baseline,vehicle_attitude_setpoint.pitch_body,141,139
transfer,normal,ekf2_innovation_bias__2018-12-20__07_47_50__baseline,vehicle_attitude_setpoint.roll_body,141,139
transfer,normal,ekf2_innovation_bias__2018-12-20__07_47_50__baseline,vehicle_attitude_setpoint.yaw_body,141,139
transfer,normal,ekf2_innovation_bias__2018-12-20__07_47_50__baseline,vehicle_land_detected.ground_contact,141,139
transfer,normal,ekf2_innovation_bias__2018-12-20__07_47_50__baseline,vehicle_land_detected.landed,141,139
transfer,normal,ekf2_innovation_bias__2018-12-20__07_47_50__baseline,vehicle_land_detected.maybe_landed,141,139
transfer,normal,ekf2_innovation_bias__2018-12-20__07_47_50__baseline,vehicle_local_position.ax,141,139
transfer,normal,ekf2_innovation_bias__2018-12-20__07_47_50__baseline,vehicle_local_position.ay,141,139
transfer,normal,ekf2_innovation_bias__2018-12-20__07_47_50__baseline,vehicle_local_position.az,141,139
transfer,normal,ekf2_innovation_bias__2018-12-20__07_47_50__baseline,vehicle_local_position.dist_bottom,141,139
transfer,normal,ekf2_innovation_bias__2018-12-20__07_47_50__baseline,vehicle_local_position.dist_bottom_rate,141,139
transfer,normal,ekf2_innovation_bias__2018-12-20__07_47_50__baseline,vehicle_local_position.eph,141,139
transfer,normal,ekf2_innovation_bias__2018-12-20__07_47_50__baseline,vehicle_local_position.epv,141,139
transfer,normal,ekf2_innovation_bias__2018-12-20__07_47_50__baseline,vehicle_local_position.vx,141,139
transfer,normal,ekf2_innovation_bias__2018-12-20__07_47_50__baseline,vehicle_local_position.vy,141,139
transfer,normal,ekf2_innovation_bias__2018-12-20__07_47_50__baseline,vehicle_local_position.vz,141,139
transfer,normal,ekf2_innovation_bias__2018-12-20__07_47_50__baseline,vehicle_local_position.x,141,139
transfer,normal,ekf2_innovation_bias__2018-12-20__07_47_50__baseline,vehicle_local_position.y,141,139
transfer,normal,ekf2_innovation_bias__2018-12-20__07_47_50__baseline,vehicle_local_position.z,141,139
transfer,normal,ekf2_innovation_bias__2018-12-20__07_47_50__baseline,vehicle_rates_setpoint.pitch,141,139
transfer,normal,ekf2_innovation_bias__2018-12-20__07_47_50__baseline,vehicle_rates_setpoint.roll,141,139
transfer,normal,ekf2_innovation_bias__2018-12-20__07_47_50__baseline,vehicle_rates_setpoint.yaw,141,139
transfer,normal,ekf2_innovation_bias__2018-12-20__07_47_50__baseline,vehicle_status.arming_state,141,139
transfer,normal,ekf2_innovation_bias__2018-12-20__07_47_50__baseline,vehicle_status.nav_state,141,139
transfer,normal,ekf2_innovation_bias__2018-12-20__07_47_50__baseline,vehicle_vision_position.x,141,139
transfer,normal,ekf2_innovation_bias__2018-12-20__07_47_50__baseline,vehicle_vision_position.y,141,139
transfer,normal,ekf2_innovation_bias__2018-12-20__07_47_50__baseline,vehicle_vision_position.z,141,139
transfer,normal,ekf2_innovation_bias__2018-12-25__08_44_40__baseline,actuator_controls_0.control[0],164,108
transfer,normal,ekf2_innovation_bias__2018-12-25__08_44_40__baseline,actuator_controls_0.control[1],164,108
transfer,normal,ekf2_innovation_bias__2018-12-25__08_44_40__baseline,actuator_controls_0.control[2],164,108
transfer,normal,ekf2_innovation_bias__2018-12-25__08_44_40__baseline,actuator_controls_0.control[3],164,108
transfer,normal,ekf2_innovation_bias__2018-12-25__08_44_40__baseline,actuator_outputs.output[0],164,140
transfer,normal,ekf2_innovation_bias__2018-12-25__08_44_40__baseline,actuator_outputs.output[1],164,140
transfer,normal,ekf2_innovation_bias__2018-12-25__08_44_40__baseline,actuator_outputs.output[2],164,140
transfer,normal,ekf2_innovation_bias__2018-12-25__08_44_40__baseline,actuator_outputs.output[3],164,140
transfer,normal,ekf2_innovation_bias__2018-12-25__08_44_40__baseline,actuator_outputs.output[4],164,140
transfer,normal,ekf2_innovation_bias__2018-12-25__08_44_40__baseline,actuator_outputs.output[5],164,140
transfer,normal,ekf2_innovation_bias__2018-12-25__08_44_40__baseline,actuator_outputs.output[6],164,140
transfer,normal,ekf2_innovation_bias__2018-12-25__08_44_40__baseline,actuator_outputs.output[7],164,140
transfer,normal,ekf2_innovation_bias__2018-12-25__08_44_40__baseline,battery_status.current_a,164,160
transfer,normal,ekf2_innovation_bias__2018-12-25__08_44_40__baseline,battery_status.current_filtered_a,164,160
transfer,normal,ekf2_innovation_bias__2018-12-25__08_44_40__baseline,battery_status.discharged_mah,164,160
transfer,normal,ekf2_innovation_bias__2018-12-25__08_44_40__baseline,battery_status.remaining,164,160
transfer,normal,ekf2_innovation_bias__2018-12-25__08_44_40__baseline,battery_status.voltage_filtered_v,164,160
transfer,normal,ekf2_innovation_bias__2018-12-25__08_44_40__baseline,battery_status.voltage_v,164,160
transfer,normal,ekf2_innovation_bias__2018-12-25__08_44_40__baseline,cpuload.load,164,161
transfer,normal,ekf2_innovation_bias__2018-12-25__08_44_40__baseline,cpuload.ram_usage,164,161
transfer,normal,ekf2_innovation_bias__2018-12-25__08_44_40__baseline,distance_sensor.current_distance,164,160
transfer,normal,ekf2_innovation_bias__2018-12-25__08_44_40__baseline,ekf2_innovations.hagl_innov,164,160
transfer,normal,ekf2_innovation_bias__2018-12-25__08_44_40__baseline,ekf2_innovations.heading_innov,164,160
transfer,normal,ekf2_innovation_bias__2018-12-25__08_44_40__baseline,ekf2_innovations.output_tracking_error[0],164,160
transfer,normal,ekf2_innovation_bias__2018-12-25__08_44_40__baseline,ekf2_innovations.output_tracking_error[1],164,160
transfer,normal,ekf2_innovation_bias__2018-12-25__08_44_40__baseline,ekf2_innovations.output_tracking_error[2],164,160
transfer,normal,ekf2_innovation_bias__2018-12-25__08_44_40__baseline,ekf2_innovations.vel_pos_innov[3],164,160
transfer,normal,ekf2_innovation_bias__2018-12-25__08_44_40__baseline,ekf2_innovations.vel_pos_innov[4],164,160
transfer,normal,ekf2_innovation_bias__2018-12-25__08_44_40__baseline,ekf2_innovations.vel_pos_innov[5],164,160
transfer,normal,ekf2_innovation_bias__2018-12-25__08_44_40__baseline,estimator_status.hagl_test_ratio,164,160
transfer,normal,ekf2_innovation_bias__2018-12-25__08_44_40__baseline,estimator_status.hgt_test_ratio,164,160
transfer,normal,ekf2_innovation_bias__2018-12-25__08_44_40__baseline,estimator_status.mag_test_ratio,164,160
transfer,normal,ekf2_innovation_bias__2018-12-25__08_44_40__baseline,estimator_status.pos_horiz_accuracy,164,160
transfer,normal,ekf2_innovation_bias__2018-12-25__08_44_40__baseline,estimator_status.pos_test_ratio,164,160
transfer,normal,ekf2_innovation_bias__2018-12-25__08_44_40__baseline,estimator_status.pos_vert_accuracy,164,160
transfer,normal,ekf2_innovation_bias__2018-12-25__08_44_40__baseline,estimator_status.vibe[0],164,160
transfer,normal,ekf2_innovation_bias__2018-12-25__08_44_40__baseline,estimator_status.vibe[1],164,160
transfer,normal,ekf2_innovation_bias__2018-12-25__08_44_40__baseline,estimator_status.vibe[2],164,160
transfer,normal,ekf2_innovation_bias__2018-12-25__08_44_40__baseline,manual_control_setpoint.r,164,160
transfer,normal,ekf2_innovation_bias__2018-12-25__08_44_40__baseline,manual_control_setpoint.x,164,160
transfer,normal,ekf2_innovation_bias__2018-12-25__08_44_40__baseline,manual_control_setpoint.y,164,160
transfer,normal,ekf2_innovation_bias__2018-12-25__08_44_40__baseline,manual_control_setpoint.z,164,160
transfer,normal,ekf2_innovation_bias__2018-12-25__08_44_40__baseline,rate_ctrl_status.pitchspeed_integ,164,17
transfer,normal,ekf2_innovation_bias__2018-12-25__08_44_40__baseline,rate_ctrl_status.rollspeed_integ,164,17
transfer,normal,ekf2_innovation_bias__2018-12-25__08_44_40__baseline,rate_ctrl_status.yawspeed_integ,164,17
transfer,normal,ekf2_innovation_bias__2018-12-25__08_44_40__baseline,sensor_combined.accelerometer_m_s2[0],164,96
transfer,normal,ekf2_innovation_bias__2018-12-25__08_44_40__baseline,sensor_combined.accelerometer_m_s2[1],164,96
transfer,normal,ekf2_innovation_bias__2018-12-25__08_44_40__baseline,sensor_combined.accelerometer_m_s2[2],164,96
transfer,normal,ekf2_innovation_bias__2018-12-25__08_44_40__baseline,sensor_combined.gyro_rad[0],164,96
transfer,normal,ekf2_innovation_bias__2018-12-25__08_44_40__baseline,sensor_combined.gyro_rad[1],164,96
transfer,normal,ekf2_innovation_bias__2018-12-25__08_44_40__baseline,sensor_combined.gyro_rad[2],164,96
transfer,normal,ekf2_innovation_bias__2018-12-25__08_44_40__baseline,sensor_preflight.accel_inconsistency_m_s_s,164,0
transfer,normal,ekf2_innovation_bias__2018-12-25__08_44_40__baseline,sensor_preflight.gyro_inconsistency_rad_s,164,0
transfer,normal,ekf2_innovation_bias__2018-12-25__08_44_40__baseline,vehicle_attitude.pitchspeed,164,19
transfer,normal,ekf2_innovation_bias__2018-12-25__08_44_40__baseline,vehicle_attitude.q[0],164,19
transfer,normal,ekf2_innovation_bias__2018-12-25__08_44_40__baseline,vehicle_attitude.q[1],164,19
transfer,normal,ekf2_innovation_bias__2018-12-25__08_44_40__baseline,vehicle_attitude.q[2],164,19
transfer,normal,ekf2_innovation_bias__2018-12-25__08_44_40__baseline,vehicle_attitude.q[3],164,19
transfer,normal,ekf2_innovation_bias__2018-12-25__08_44_40__baseline,vehicle_attitude.rollspeed,164,19
transfer,normal,ekf2_innovation_bias__2018-12-25__08_44_40__baseline,vehicle_attitude.yawspeed,164,19
transfer,normal,ekf2_innovation_bias__2018-12-25__08_44_40__baseline,vehicle_attitude_setpoint.pitch_body,164,90
transfer,normal,ekf2_innovation_bias__2018-12-25__08_44_40__baseline,vehicle_attitude_setpoint.roll_body,164,90
transfer,normal,ekf2_innovation_bias__2018-12-25__08_44_40__baseline,vehicle_attitude_setpoint.yaw_body,164,90
transfer,normal,ekf2_innovation_bias__2018-12-25__08_44_40__baseline,vehicle_land_detected.ground_contact,164,164
transfer,normal,ekf2_innovation_bias__2018-12-25__08_44_40__baseline,vehicle_land_detected.landed,164,164
transfer,normal,ekf2_innovation_bias__2018-12-25__08_44_40__baseline,vehicle_land_detected.maybe_landed,164,164
transfer,normal,ekf2_innovation_bias__2018-12-25__08_44_40__baseline,vehicle_local_position.ax,164,160
transfer,normal,ekf2_innovation_bias__2018-12-25__08_44_40__baseline,vehicle_local_position.ay,164,160
transfer,normal,ekf2_innovation_bias__2018-12-25__08_44_40__baseline,vehicle_local_position.az,164,160
transfer,normal,ekf2_innovation_bias__2018-12-25__08_44_40__baseline,vehicle_local_position.dist_bottom,164,160
transfer,normal,ekf2_innovation_bias__2018-12-25__08_44_40__baseline,vehicle_local_position.dist_bottom_rate,164,160
transfer,normal,ekf2_innovation_bias__2018-12-25__08_44_40__baseline,vehicle_local_position.eph,164,160
transfer,normal,ekf2_innovation_bias__2018-12-25__08_44_40__baseline,vehicle_local_position.epv,164,160
transfer,normal,ekf2_innovation_bias__2018-12-25__08_44_40__baseline,vehicle_local_position.vx,164,160
transfer,normal,ekf2_innovation_bias__2018-12-25__08_44_40__baseline,vehicle_local_position.vy,164,160
transfer,normal,ekf2_innovation_bias__2018-12-25__08_44_40__baseline,vehicle_local_position.vz,164,160
transfer,normal,ekf2_innovation_bias__2018-12-25__08_44_40__baseline,vehicle_local_position.x,164,160
transfer,normal,ekf2_innovation_bias__2018-12-25__08_44_40__baseline,vehicle_local_position.y,164,160
transfer,normal,ekf2_innovation_bias__2018-12-25__08_44_40__baseline,vehicle_local_position.z,164,160
transfer,normal,ekf2_innovation_bias__2018-12-25__08_44_40__baseline,vehicle_rates_setpoint.pitch,164,28
transfer,normal,ekf2_innovation_bias__2018-12-25__08_44_40__baseline,vehicle_rates_setpoint.roll,164,28
transfer,normal,ekf2_innovation_bias__2018-12-25__08_44_40__baseline,vehicle_rates_setpoint.yaw,164,28
transfer,normal,ekf2_innovation_bias__2018-12-25__08_44_40__baseline,vehicle_status.arming_state,164,164
transfer,normal,ekf2_innovation_bias__2018-12-25__08_44_40__baseline,vehicle_status.nav_state,164,164
transfer,normal,ekf2_innovation_bias__2018-12-25__08_44_40__baseline,vehicle_vision_position.x,164,160
transfer,normal,ekf2_innovation_bias__2018-12-25__08_44_40__baseline,vehicle_vision_position.y,164,160
transfer,normal,ekf2_innovation_bias__2018-12-25__08_44_40__baseline,vehicle_vision_position.z,164,160
transfer,normal,inav_local_z_freeze__2018-12-19__07_49_17__baseline,actuator_controls_0.control[0],97,93
transfer,normal,inav_local_z_freeze__2018-12-19__07_49_17__baseline,actuator_controls_0.control[1],97,93
transfer,normal,inav_local_z_freeze__2018-12-19__07_49_17__baseline,actuator_controls_0.control[2],97,93
transfer,normal,inav_local_z_freeze__2018-12-19__07_49_17__baseline,actuator_controls_0.control[3],97,93
transfer,normal,inav_local_z_freeze__2018-12-19__07_49_17__baseline,actuator_outputs.output[0],97,93
transfer,normal,inav_local_z_freeze__2018-12-19__07_49_17__baseline,actuator_outputs.output[1],97,93
transfer,normal,inav_local_z_freeze__2018-12-19__07_49_17__baseline,actuator_outputs.output[2],97,93
transfer,normal,inav_local_z_freeze__2018-12-19__07_49_17__baseline,actuator_outputs.output[3],97,93
transfer,normal,inav_local_z_freeze__2018-12-19__07_49_17__baseline,actuator_outputs.output[4],97,93
transfer,normal,inav_local_z_freeze__2018-12-19__07_49_17__baseline,actuator_outputs.output[5],97,93
transfer,normal,inav_local_z_freeze__2018-12-19__07_49_17__baseline,actuator_outputs.output[6],97,93
transfer,normal,inav_local_z_freeze__2018-12-19__07_49_17__baseline,actuator_outputs.output[7],97,93
transfer,normal,inav_local_z_freeze__2018-12-19__07_49_17__baseline,battery_status.current_a,97,94
transfer,normal,inav_local_z_freeze__2018-12-19__07_49_17__baseline,battery_status.current_filtered_a,97,94
transfer,normal,inav_local_z_freeze__2018-12-19__07_49_17__baseline,battery_status.discharged_mah,97,94
transfer,normal,inav_local_z_freeze__2018-12-19__07_49_17__baseline,battery_status.remaining,97,94
transfer,normal,inav_local_z_freeze__2018-12-19__07_49_17__baseline,battery_status.voltage_filtered_v,97,94
transfer,normal,inav_local_z_freeze__2018-12-19__07_49_17__baseline,battery_status.voltage_v,97,94
transfer,normal,inav_local_z_freeze__2018-12-19__07_49_17__baseline,cpuload.load,97,96
transfer,normal,inav_local_z_freeze__2018-12-19__07_49_17__baseline,cpuload.ram_usage,97,96
transfer,normal,inav_local_z_freeze__2018-12-19__07_49_17__baseline,distance_sensor.current_distance,97,93
transfer,normal,inav_local_z_freeze__2018-12-19__07_49_17__baseline,ekf2_innovations.hagl_innov,97,80
transfer,normal,inav_local_z_freeze__2018-12-19__07_49_17__baseline,ekf2_innovations.heading_innov,97,80
transfer,normal,inav_local_z_freeze__2018-12-19__07_49_17__baseline,ekf2_innovations.output_tracking_error[0],97,80
transfer,normal,inav_local_z_freeze__2018-12-19__07_49_17__baseline,ekf2_innovations.output_tracking_error[1],97,80
transfer,normal,inav_local_z_freeze__2018-12-19__07_49_17__baseline,ekf2_innovations.output_tracking_error[2],97,80
transfer,normal,inav_local_z_freeze__2018-12-19__07_49_17__baseline,ekf2_innovations.vel_pos_innov[3],97,80
transfer,normal,inav_local_z_freeze__2018-12-19__07_49_17__baseline,ekf2_innovations.vel_pos_innov[4],97,80
transfer,normal,inav_local_z_freeze__2018-12-19__07_49_17__baseline,ekf2_innovations.vel_pos_innov[5],97,80
transfer,normal,inav_local_z_freeze__2018-12-19__07_49_17__baseline,estimator_status.hagl_test_ratio,97,80
transfer,normal,inav_local_z_freeze__2018-12-19__07_49_17__baseline,estimator_status.hgt_test_ratio,97,80
transfer,normal,inav_local_z_freeze__2018-12-19__07_49_17__baseline,estimator_status.mag_test_ratio,97,80
transfer,normal,inav_local_z_freeze__2018-12-19__07_49_17__baseline,estimator_status.pos_horiz_accuracy,97,80
transfer,normal,inav_local_z_freeze__2018-12-19__07_49_17__baseline,estimator_status.pos_test_ratio,97,80
transfer,normal,inav_local_z_freeze__2018-12-19__07_49_17__baseline,estimator_status.pos_vert_accuracy,97,80
transfer,normal,inav_local_z_freeze__2018-12-19__07_49_17__baseline,estimator_status.vibe[0],97,80
transfer,normal,inav_local_z_freeze__2018-12-19__07_49_17__baseline,estimator_status.vibe[1],97,80
transfer,normal,inav_local_z_freeze__2018-12-19__07_49_17__baseline,estimator_status.vibe[2],97,80
transfer,normal,inav_local_z_freeze__2018-12-19__07_49_17__baseline,manual_control_setpoint.r,97,93
transfer,normal,inav_local_z_freeze__2018-12-19__07_49_17__baseline,manual_control_setpoint.x,97,93
transfer,normal,inav_local_z_freeze__2018-12-19__07_49_17__baseline,manual_control_setpoint.y,97,93
transfer,normal,inav_local_z_freeze__2018-12-19__07_49_17__baseline,manual_control_setpoint.z,97,93
transfer,normal,inav_local_z_freeze__2018-12-19__07_49_17__baseline,rate_ctrl_status.pitchspeed_integ,97,18
transfer,normal,inav_local_z_freeze__2018-12-19__07_49_17__baseline,rate_ctrl_status.rollspeed_integ,97,18
transfer,normal,inav_local_z_freeze__2018-12-19__07_49_17__baseline,rate_ctrl_status.yawspeed_integ,97,18
transfer,normal,inav_local_z_freeze__2018-12-19__07_49_17__baseline,sensor_combined.accelerometer_m_s2[0],97,93
transfer,normal,inav_local_z_freeze__2018-12-19__07_49_17__baseline,sensor_combined.accelerometer_m_s2[1],97,93
transfer,normal,inav_local_z_freeze__2018-12-19__07_49_17__baseline,sensor_combined.accelerometer_m_s2[2],97,93
transfer,normal,inav_local_z_freeze__2018-12-19__07_49_17__baseline,sensor_combined.gyro_rad[0],97,93
transfer,normal,inav_local_z_freeze__2018-12-19__07_49_17__baseline,sensor_combined.gyro_rad[1],97,93
transfer,normal,inav_local_z_freeze__2018-12-19__07_49_17__baseline,sensor_combined.gyro_rad[2],97,93
transfer,normal,inav_local_z_freeze__2018-12-19__07_49_17__baseline,sensor_preflight.accel_inconsistency_m_s_s,97,0
transfer,normal,inav_local_z_freeze__2018-12-19__07_49_17__baseline,sensor_preflight.gyro_inconsistency_rad_s,97,0
transfer,normal,inav_local_z_freeze__2018-12-19__07_49_17__baseline,vehicle_attitude.pitchspeed,97,6
transfer,normal,inav_local_z_freeze__2018-12-19__07_49_17__baseline,vehicle_attitude.q[0],97,6
transfer,normal,inav_local_z_freeze__2018-12-19__07_49_17__baseline,vehicle_attitude.q[1],97,6
transfer,normal,inav_local_z_freeze__2018-12-19__07_49_17__baseline,vehicle_attitude.q[2],97,6
transfer,normal,inav_local_z_freeze__2018-12-19__07_49_17__baseline,vehicle_attitude.q[3],97,6
transfer,normal,inav_local_z_freeze__2018-12-19__07_49_17__baseline,vehicle_attitude.rollspeed,97,6
transfer,normal,inav_local_z_freeze__2018-12-19__07_49_17__baseline,vehicle_attitude.yawspeed,97,6
transfer,normal,inav_local_z_freeze__2018-12-19__07_49_17__baseline,vehicle_attitude_setpoint.pitch_body,97,93
transfer,normal,inav_local_z_freeze__2018-12-19__07_49_17__baseline,vehicle_attitude_setpoint.roll_body,97,93
transfer,normal,inav_local_z_freeze__2018-12-19__07_49_17__baseline,vehicle_attitude_setpoint.yaw_body,97,93
transfer,normal,inav_local_z_freeze__2018-12-19__07_49_17__baseline,vehicle_land_detected.ground_contact,97,96
transfer,normal,inav_local_z_freeze__2018-12-19__07_49_17__baseline,vehicle_land_detected.landed,97,96
transfer,normal,inav_local_z_freeze__2018-12-19__07_49_17__baseline,vehicle_land_detected.maybe_landed,97,96
transfer,normal,inav_local_z_freeze__2018-12-19__07_49_17__baseline,vehicle_local_position.ax,97,92
transfer,normal,inav_local_z_freeze__2018-12-19__07_49_17__baseline,vehicle_local_position.ay,97,92
transfer,normal,inav_local_z_freeze__2018-12-19__07_49_17__baseline,vehicle_local_position.az,97,92
transfer,normal,inav_local_z_freeze__2018-12-19__07_49_17__baseline,vehicle_local_position.dist_bottom,97,92
transfer,normal,inav_local_z_freeze__2018-12-19__07_49_17__baseline,vehicle_local_position.dist_bottom_rate,97,92
transfer,normal,inav_local_z_freeze__2018-12-19__07_49_17__baseline,vehicle_local_position.eph,97,92
transfer,normal,inav_local_z_freeze__2018-12-19__07_49_17__baseline,vehicle_local_position.epv,97,92
transfer,normal,inav_local_z_freeze__2018-12-19__07_49_17__baseline,vehicle_local_position.vx,97,92
transfer,normal,inav_local_z_freeze__2018-12-19__07_49_17__baseline,vehicle_local_position.vy,97,92
transfer,normal,inav_local_z_freeze__2018-12-19__07_49_17__baseline,vehicle_local_position.vz,97,92
transfer,normal,inav_local_z_freeze__2018-12-19__07_49_17__baseline,vehicle_local_position.x,97,92
transfer,normal,inav_local_z_freeze__2018-12-19__07_49_17__baseline,vehicle_local_position.y,97,92
transfer,normal,inav_local_z_freeze__2018-12-19__07_49_17__baseline,vehicle_local_position.z,97,92
transfer,normal,inav_local_z_freeze__2018-12-19__07_49_17__baseline,vehicle_rates_setpoint.pitch,97,26
transfer,normal,inav_local_z_freeze__2018-12-19__07_49_17__baseline,vehicle_rates_setpoint.roll,97,26
transfer,normal,inav_local_z_freeze__2018-12-19__07_49_17__baseline,vehicle_rates_setpoint.yaw,97,26
transfer,normal,inav_local_z_freeze__2018-12-19__07_49_17__baseline,vehicle_status.arming_state,97,95
transfer,normal,inav_local_z_freeze__2018-12-19__07_49_17__baseline,vehicle_status.nav_state,97,95
transfer,normal,inav_local_z_freeze__2018-12-19__07_49_17__baseline,vehicle_vision_position.x,97,77
transfer,normal,inav_local_z_freeze__2018-12-19__07_49_17__baseline,vehicle_vision_position.y,97,77
transfer,normal,inav_local_z_freeze__2018-12-19__07_49_17__baseline,vehicle_vision_position.z,97,77
transfer,normal,inav_local_z_freeze__2018-12-20__07_47_50__baseline,actuator_controls_0.control[0],141,139
transfer,normal,inav_local_z_freeze__2018-12-20__07_47_50__baseline,actuator_controls_0.control[1],141,139
transfer,normal,inav_local_z_freeze__2018-12-20__07_47_50__baseline,actuator_controls_0.control[2],141,139
transfer,normal,inav_local_z_freeze__2018-12-20__07_47_50__baseline,actuator_controls_0.control[3],141,139
transfer,normal,inav_local_z_freeze__2018-12-20__07_47_50__baseline,actuator_outputs.output[0],141,139
transfer,normal,inav_local_z_freeze__2018-12-20__07_47_50__baseline,actuator_outputs.output[1],141,139
transfer,normal,inav_local_z_freeze__2018-12-20__07_47_50__baseline,actuator_outputs.output[2],141,139
transfer,normal,inav_local_z_freeze__2018-12-20__07_47_50__baseline,actuator_outputs.output[3],141,139
transfer,normal,inav_local_z_freeze__2018-12-20__07_47_50__baseline,actuator_outputs.output[4],141,139
transfer,normal,inav_local_z_freeze__2018-12-20__07_47_50__baseline,actuator_outputs.output[5],141,139
transfer,normal,inav_local_z_freeze__2018-12-20__07_47_50__baseline,actuator_outputs.output[6],141,139
transfer,normal,inav_local_z_freeze__2018-12-20__07_47_50__baseline,actuator_outputs.output[7],141,139
transfer,normal,inav_local_z_freeze__2018-12-20__07_47_50__baseline,battery_status.current_a,141,139
transfer,normal,inav_local_z_freeze__2018-12-20__07_47_50__baseline,battery_status.current_filtered_a,141,139
transfer,normal,inav_local_z_freeze__2018-12-20__07_47_50__baseline,battery_status.discharged_mah,141,139
transfer,normal,inav_local_z_freeze__2018-12-20__07_47_50__baseline,battery_status.remaining,141,139
transfer,normal,inav_local_z_freeze__2018-12-20__07_47_50__baseline,battery_status.voltage_filtered_v,141,139
transfer,normal,inav_local_z_freeze__2018-12-20__07_47_50__baseline,battery_status.voltage_v,141,139
transfer,normal,inav_local_z_freeze__2018-12-20__07_47_50__baseline,cpuload.load,141,140
transfer,normal,inav_local_z_freeze__2018-12-20__07_47_50__baseline,cpuload.ram_usage,141,140
transfer,normal,inav_local_z_freeze__2018-12-20__07_47_50__baseline,distance_sensor.current_distance,141,139
transfer,normal,inav_local_z_freeze__2018-12-20__07_47_50__baseline,ekf2_innovations.hagl_innov,141,139
transfer,normal,inav_local_z_freeze__2018-12-20__07_47_50__baseline,ekf2_innovations.heading_innov,141,139
transfer,normal,inav_local_z_freeze__2018-12-20__07_47_50__baseline,ekf2_innovations.output_tracking_error[0],141,139
transfer,normal,inav_local_z_freeze__2018-12-20__07_47_50__baseline,ekf2_innovations.output_tracking_error[1],141,139
transfer,normal,inav_local_z_freeze__2018-12-20__07_47_50__baseline,ekf2_innovations.output_tracking_error[2],141,139
transfer,normal,inav_local_z_freeze__2018-12-20__07_47_50__baseline,ekf2_innovations.vel_pos_innov[3],141,139
transfer,normal,inav_local_z_freeze__2018-12-20__07_47_50__baseline,ekf2_innovations.vel_pos_innov[4],141,139
transfer,normal,inav_local_z_freeze__2018-12-20__07_47_50__baseline,ekf2_innovations.vel_pos_innov[5],141,139
transfer,normal,inav_local_z_freeze__2018-12-20__07_47_50__baseline,estimator_status.hagl_test_ratio,141,139
transfer,normal,inav_local_z_freeze__2018-12-20__07_47_50__baseline,estimator_status.hgt_test_ratio,141,139
transfer,normal,inav_local_z_freeze__2018-12-20__07_47_50__baseline,estimator_status.mag_test_ratio,141,139
transfer,normal,inav_local_z_freeze__2018-12-20__07_47_50__baseline,estimator_status.pos_horiz_accuracy,141,139
transfer,normal,inav_local_z_freeze__2018-12-20__07_47_50__baseline,estimator_status.pos_test_ratio,141,139
transfer,normal,inav_local_z_freeze__2018-12-20__07_47_50__baseline,estimator_status.pos_vert_accuracy,141,139
transfer,normal,inav_local_z_freeze__2018-12-20__07_47_50__baseline,estimator_status.vibe[0],141,139
transfer,normal,inav_local_z_freeze__2018-12-20__07_47_50__baseline,estimator_status.vibe[1],141,139
transfer,normal,inav_local_z_freeze__2018-12-20__07_47_50__baseline,estimator_status.vibe[2],141,139
transfer,normal,inav_local_z_freeze__2018-12-20__07_47_50__baseline,manual_control_setpoint.r,141,139
transfer,normal,inav_local_z_freeze__2018-12-20__07_47_50__baseline,manual_control_setpoint.x,141,139
transfer,normal,inav_local_z_freeze__2018-12-20__07_47_50__baseline,manual_control_setpoint.y,141,139
transfer,normal,inav_local_z_freeze__2018-12-20__07_47_50__baseline,manual_control_setpoint.z,141,139
transfer,normal,inav_local_z_freeze__2018-12-20__07_47_50__baseline,rate_ctrl_status.pitchspeed_integ,141,107
transfer,normal,inav_local_z_freeze__2018-12-20__07_47_50__baseline,rate_ctrl_status.rollspeed_integ,141,107
transfer,normal,inav_local_z_freeze__2018-12-20__07_47_50__baseline,rate_ctrl_status.yawspeed_integ,141,107
transfer,normal,inav_local_z_freeze__2018-12-20__07_47_50__baseline,sensor_combined.accelerometer_m_s2[0],141,103
transfer,normal,inav_local_z_freeze__2018-12-20__07_47_50__baseline,sensor_combined.accelerometer_m_s2[1],141,103
transfer,normal,inav_local_z_freeze__2018-12-20__07_47_50__baseline,sensor_combined.accelerometer_m_s2[2],141,103
transfer,normal,inav_local_z_freeze__2018-12-20__07_47_50__baseline,sensor_combined.gyro_rad[0],141,103
transfer,normal,inav_local_z_freeze__2018-12-20__07_47_50__baseline,sensor_combined.gyro_rad[1],141,103
transfer,normal,inav_local_z_freeze__2018-12-20__07_47_50__baseline,sensor_combined.gyro_rad[2],141,103
transfer,normal,inav_local_z_freeze__2018-12-20__07_47_50__baseline,sensor_preflight.accel_inconsistency_m_s_s,141,0
transfer,normal,inav_local_z_freeze__2018-12-20__07_47_50__baseline,sensor_preflight.gyro_inconsistency_rad_s,141,0
transfer,normal,inav_local_z_freeze__2018-12-20__07_47_50__baseline,vehicle_attitude.pitchspeed,141,67
transfer,normal,inav_local_z_freeze__2018-12-20__07_47_50__baseline,vehicle_attitude.q[0],141,67
transfer,normal,inav_local_z_freeze__2018-12-20__07_47_50__baseline,vehicle_attitude.q[1],141,67
transfer,normal,inav_local_z_freeze__2018-12-20__07_47_50__baseline,vehicle_attitude.q[2],141,67
transfer,normal,inav_local_z_freeze__2018-12-20__07_47_50__baseline,vehicle_attitude.q[3],141,67
transfer,normal,inav_local_z_freeze__2018-12-20__07_47_50__baseline,vehicle_attitude.rollspeed,141,67
transfer,normal,inav_local_z_freeze__2018-12-20__07_47_50__baseline,vehicle_attitude.yawspeed,141,67
transfer,normal,inav_local_z_freeze__2018-12-20__07_47_50__baseline,vehicle_attitude_setpoint.pitch_body,141,139
transfer,normal,inav_local_z_freeze__2018-12-20__07_47_50__baseline,vehicle_attitude_setpoint.roll_body,141,139
transfer,normal,inav_local_z_freeze__2018-12-20__07_47_50__baseline,vehicle_attitude_setpoint.yaw_body,141,139
transfer,normal,inav_local_z_freeze__2018-12-20__07_47_50__baseline,vehicle_land_detected.ground_contact,141,139
transfer,normal,inav_local_z_freeze__2018-12-20__07_47_50__baseline,vehicle_land_detected.landed,141,139
transfer,normal,inav_local_z_freeze__2018-12-20__07_47_50__baseline,vehicle_land_detected.maybe_landed,141,139
transfer,normal,inav_local_z_freeze__2018-12-20__07_47_50__baseline,vehicle_local_position.ax,141,136
transfer,normal,inav_local_z_freeze__2018-12-20__07_47_50__baseline,vehicle_local_position.ay,141,136
transfer,normal,inav_local_z_freeze__2018-12-20__07_47_50__baseline,vehicle_local_position.az,141,136
transfer,normal,inav_local_z_freeze__2018-12-20__07_47_50__baseline,vehicle_local_position.dist_bottom,141,136
transfer,normal,inav_local_z_freeze__2018-12-20__07_47_50__baseline,vehicle_local_position.dist_bottom_rate,141,136
transfer,normal,inav_local_z_freeze__2018-12-20__07_47_50__baseline,vehicle_local_position.eph,141,136
transfer,normal,inav_local_z_freeze__2018-12-20__07_47_50__baseline,vehicle_local_position.epv,141,136
transfer,normal,inav_local_z_freeze__2018-12-20__07_47_50__baseline,vehicle_local_position.vx,141,136
transfer,normal,inav_local_z_freeze__2018-12-20__07_47_50__baseline,vehicle_local_position.vy,141,136
transfer,normal,inav_local_z_freeze__2018-12-20__07_47_50__baseline,vehicle_local_position.vz,141,136
transfer,normal,inav_local_z_freeze__2018-12-20__07_47_50__baseline,vehicle_local_position.x,141,136
transfer,normal,inav_local_z_freeze__2018-12-20__07_47_50__baseline,vehicle_local_position.y,141,136
transfer,normal,inav_local_z_freeze__2018-12-20__07_47_50__baseline,vehicle_local_position.z,141,136
transfer,normal,inav_local_z_freeze__2018-12-20__07_47_50__baseline,vehicle_rates_setpoint.pitch,141,107
transfer,normal,inav_local_z_freeze__2018-12-20__07_47_50__baseline,vehicle_rates_setpoint.roll,141,107
transfer,normal,inav_local_z_freeze__2018-12-20__07_47_50__baseline,vehicle_rates_setpoint.yaw,141,107
transfer,normal,inav_local_z_freeze__2018-12-20__07_47_50__baseline,vehicle_status.arming_state,141,139
transfer,normal,inav_local_z_freeze__2018-12-20__07_47_50__baseline,vehicle_status.nav_state,141,139
transfer,normal,inav_local_z_freeze__2018-12-20__07_47_50__baseline,vehicle_vision_position.x,141,139
transfer,normal,inav_local_z_freeze__2018-12-20__07_47_50__baseline,vehicle_vision_position.y,141,139
transfer,normal,inav_local_z_freeze__2018-12-20__07_47_50__baseline,vehicle_vision_position.z,141,139
transfer,normal,inav_local_z_freeze__2018-12-25__08_44_40__baseline,actuator_controls_0.control[0],165,161
transfer,normal,inav_local_z_freeze__2018-12-25__08_44_40__baseline,actuator_controls_0.control[1],165,161
transfer,normal,inav_local_z_freeze__2018-12-25__08_44_40__baseline,actuator_controls_0.control[2],165,161
transfer,normal,inav_local_z_freeze__2018-12-25__08_44_40__baseline,actuator_controls_0.control[3],165,161
transfer,normal,inav_local_z_freeze__2018-12-25__08_44_40__baseline,actuator_outputs.output[0],165,161
transfer,normal,inav_local_z_freeze__2018-12-25__08_44_40__baseline,actuator_outputs.output[1],165,161
transfer,normal,inav_local_z_freeze__2018-12-25__08_44_40__baseline,actuator_outputs.output[2],165,161
transfer,normal,inav_local_z_freeze__2018-12-25__08_44_40__baseline,actuator_outputs.output[3],165,161
transfer,normal,inav_local_z_freeze__2018-12-25__08_44_40__baseline,actuator_outputs.output[4],165,161
transfer,normal,inav_local_z_freeze__2018-12-25__08_44_40__baseline,actuator_outputs.output[5],165,161
transfer,normal,inav_local_z_freeze__2018-12-25__08_44_40__baseline,actuator_outputs.output[6],165,161
transfer,normal,inav_local_z_freeze__2018-12-25__08_44_40__baseline,actuator_outputs.output[7],165,161
transfer,normal,inav_local_z_freeze__2018-12-25__08_44_40__baseline,battery_status.current_a,165,163
transfer,normal,inav_local_z_freeze__2018-12-25__08_44_40__baseline,battery_status.current_filtered_a,165,163
transfer,normal,inav_local_z_freeze__2018-12-25__08_44_40__baseline,battery_status.discharged_mah,165,163
transfer,normal,inav_local_z_freeze__2018-12-25__08_44_40__baseline,battery_status.remaining,165,163
transfer,normal,inav_local_z_freeze__2018-12-25__08_44_40__baseline,battery_status.voltage_filtered_v,165,163
transfer,normal,inav_local_z_freeze__2018-12-25__08_44_40__baseline,battery_status.voltage_v,165,163
transfer,normal,inav_local_z_freeze__2018-12-25__08_44_40__baseline,cpuload.load,165,162
transfer,normal,inav_local_z_freeze__2018-12-25__08_44_40__baseline,cpuload.ram_usage,165,162
transfer,normal,inav_local_z_freeze__2018-12-25__08_44_40__baseline,distance_sensor.current_distance,165,161
transfer,normal,inav_local_z_freeze__2018-12-25__08_44_40__baseline,ekf2_innovations.hagl_innov,165,161
transfer,normal,inav_local_z_freeze__2018-12-25__08_44_40__baseline,ekf2_innovations.heading_innov,165,161
transfer,normal,inav_local_z_freeze__2018-12-25__08_44_40__baseline,ekf2_innovations.output_tracking_error[0],165,161
transfer,normal,inav_local_z_freeze__2018-12-25__08_44_40__baseline,ekf2_innovations.output_tracking_error[1],165,161
transfer,normal,inav_local_z_freeze__2018-12-25__08_44_40__baseline,ekf2_innovations.output_tracking_error[2],165,161
transfer,normal,inav_local_z_freeze__2018-12-25__08_44_40__baseline,ekf2_innovations.vel_pos_innov[3],165,161
transfer,normal,inav_local_z_freeze__2018-12-25__08_44_40__baseline,ekf2_innovations.vel_pos_innov[4],165,161
transfer,normal,inav_local_z_freeze__2018-12-25__08_44_40__baseline,ekf2_innovations.vel_pos_innov[5],165,161
transfer,normal,inav_local_z_freeze__2018-12-25__08_44_40__baseline,estimator_status.hagl_test_ratio,165,161
transfer,normal,inav_local_z_freeze__2018-12-25__08_44_40__baseline,estimator_status.hgt_test_ratio,165,161
transfer,normal,inav_local_z_freeze__2018-12-25__08_44_40__baseline,estimator_status.mag_test_ratio,165,161
transfer,normal,inav_local_z_freeze__2018-12-25__08_44_40__baseline,estimator_status.pos_horiz_accuracy,165,161
transfer,normal,inav_local_z_freeze__2018-12-25__08_44_40__baseline,estimator_status.pos_test_ratio,165,161
transfer,normal,inav_local_z_freeze__2018-12-25__08_44_40__baseline,estimator_status.pos_vert_accuracy,165,161
transfer,normal,inav_local_z_freeze__2018-12-25__08_44_40__baseline,estimator_status.vibe[0],165,161
transfer,normal,inav_local_z_freeze__2018-12-25__08_44_40__baseline,estimator_status.vibe[1],165,161
transfer,normal,inav_local_z_freeze__2018-12-25__08_44_40__baseline,estimator_status.vibe[2],165,161
transfer,normal,inav_local_z_freeze__2018-12-25__08_44_40__baseline,manual_control_setpoint.r,165,161
transfer,normal,inav_local_z_freeze__2018-12-25__08_44_40__baseline,manual_control_setpoint.x,165,161
transfer,normal,inav_local_z_freeze__2018-12-25__08_44_40__baseline,manual_control_setpoint.y,165,161
transfer,normal,inav_local_z_freeze__2018-12-25__08_44_40__baseline,manual_control_setpoint.z,165,161
transfer,normal,inav_local_z_freeze__2018-12-25__08_44_40__baseline,rate_ctrl_status.pitchspeed_integ,165,89
transfer,normal,inav_local_z_freeze__2018-12-25__08_44_40__baseline,rate_ctrl_status.rollspeed_integ,165,89
transfer,normal,inav_local_z_freeze__2018-12-25__08_44_40__baseline,rate_ctrl_status.yawspeed_integ,165,89
transfer,normal,inav_local_z_freeze__2018-12-25__08_44_40__baseline,sensor_combined.accelerometer_m_s2[0],165,96
transfer,normal,inav_local_z_freeze__2018-12-25__08_44_40__baseline,sensor_combined.accelerometer_m_s2[1],165,96
transfer,normal,inav_local_z_freeze__2018-12-25__08_44_40__baseline,sensor_combined.accelerometer_m_s2[2],165,96
transfer,normal,inav_local_z_freeze__2018-12-25__08_44_40__baseline,sensor_combined.gyro_rad[0],165,96
transfer,normal,inav_local_z_freeze__2018-12-25__08_44_40__baseline,sensor_combined.gyro_rad[1],165,96
transfer,normal,inav_local_z_freeze__2018-12-25__08_44_40__baseline,sensor_combined.gyro_rad[2],165,96
transfer,normal,inav_local_z_freeze__2018-12-25__08_44_40__baseline,sensor_preflight.accel_inconsistency_m_s_s,165,0
transfer,normal,inav_local_z_freeze__2018-12-25__08_44_40__baseline,sensor_preflight.gyro_inconsistency_rad_s,165,0
transfer,normal,inav_local_z_freeze__2018-12-25__08_44_40__baseline,vehicle_attitude.pitchspeed,165,101
transfer,normal,inav_local_z_freeze__2018-12-25__08_44_40__baseline,vehicle_attitude.q[0],165,101
transfer,normal,inav_local_z_freeze__2018-12-25__08_44_40__baseline,vehicle_attitude.q[1],165,101
transfer,normal,inav_local_z_freeze__2018-12-25__08_44_40__baseline,vehicle_attitude.q[2],165,101
transfer,normal,inav_local_z_freeze__2018-12-25__08_44_40__baseline,vehicle_attitude.q[3],165,101
transfer,normal,inav_local_z_freeze__2018-12-25__08_44_40__baseline,vehicle_attitude.rollspeed,165,101
transfer,normal,inav_local_z_freeze__2018-12-25__08_44_40__baseline,vehicle_attitude.yawspeed,165,101
transfer,normal,inav_local_z_freeze__2018-12-25__08_44_40__baseline,vehicle_attitude_setpoint.pitch_body,165,161
transfer,normal,inav_local_z_freeze__2018-12-25__08_44_40__baseline,vehicle_attitude_setpoint.roll_body,165,161
transfer,normal,inav_local_z_freeze__2018-12-25__08_44_40__baseline,vehicle_attitude_setpoint.yaw_body,165,161
transfer,normal,inav_local_z_freeze__2018-12-25__08_44_40__baseline,vehicle_land_detected.ground_contact,165,165
transfer,normal,inav_local_z_freeze__2018-12-25__08_44_40__baseline,vehicle_land_detected.landed,165,165
transfer,normal,inav_local_z_freeze__2018-12-25__08_44_40__baseline,vehicle_land_detected.maybe_landed,165,165
transfer,normal,inav_local_z_freeze__2018-12-25__08_44_40__baseline,vehicle_local_position.ax,165,160
transfer,normal,inav_local_z_freeze__2018-12-25__08_44_40__baseline,vehicle_local_position.ay,165,160
transfer,normal,inav_local_z_freeze__2018-12-25__08_44_40__baseline,vehicle_local_position.az,165,160
transfer,normal,inav_local_z_freeze__2018-12-25__08_44_40__baseline,vehicle_local_position.dist_bottom,165,160
transfer,normal,inav_local_z_freeze__2018-12-25__08_44_40__baseline,vehicle_local_position.dist_bottom_rate,165,160
transfer,normal,inav_local_z_freeze__2018-12-25__08_44_40__baseline,vehicle_local_position.eph,165,160
transfer,normal,inav_local_z_freeze__2018-12-25__08_44_40__baseline,vehicle_local_position.epv,165,160
transfer,normal,inav_local_z_freeze__2018-12-25__08_44_40__baseline,vehicle_local_position.vx,165,160
transfer,normal,inav_local_z_freeze__2018-12-25__08_44_40__baseline,vehicle_local_position.vy,165,160
transfer,normal,inav_local_z_freeze__2018-12-25__08_44_40__baseline,vehicle_local_position.vz,165,160
transfer,normal,inav_local_z_freeze__2018-12-25__08_44_40__baseline,vehicle_local_position.x,165,160
transfer,normal,inav_local_z_freeze__2018-12-25__08_44_40__baseline,vehicle_local_position.y,165,160
transfer,normal,inav_local_z_freeze__2018-12-25__08_44_40__baseline,vehicle_local_position.z,165,160
transfer,normal,inav_local_z_freeze__2018-12-25__08_44_40__baseline,vehicle_rates_setpoint.pitch,165,93
transfer,normal,inav_local_z_freeze__2018-12-25__08_44_40__baseline,vehicle_rates_setpoint.roll,165,93
transfer,normal,inav_local_z_freeze__2018-12-25__08_44_40__baseline,vehicle_rates_setpoint.yaw,165,93
transfer,normal,inav_local_z_freeze__2018-12-25__08_44_40__baseline,vehicle_status.arming_state,165,165
transfer,normal,inav_local_z_freeze__2018-12-25__08_44_40__baseline,vehicle_status.nav_state,165,165
transfer,normal,inav_local_z_freeze__2018-12-25__08_44_40__baseline,vehicle_vision_position.x,165,161
transfer,normal,inav_local_z_freeze__2018-12-25__08_44_40__baseline,vehicle_vision_position.y,165,161
transfer,normal,inav_local_z_freeze__2018-12-25__08_44_40__baseline,vehicle_vision_position.z,165,161
transfer,normal,land_detector_state_inversion__2018-12-19__07_49_17__baseline,actuator_controls_0.control[0],97,93
transfer,normal,land_detector_state_inversion__2018-12-19__07_49_17__baseline,actuator_controls_0.control[1],97,93
transfer,normal,land_detector_state_inversion__2018-12-19__07_49_17__baseline,actuator_controls_0.control[2],97,93
transfer,normal,land_detector_state_inversion__2018-12-19__07_49_17__baseline,actuator_controls_0.control[3],97,93
transfer,normal,land_detector_state_inversion__2018-12-19__07_49_17__baseline,actuator_outputs.output[0],97,93
transfer,normal,land_detector_state_inversion__2018-12-19__07_49_17__baseline,actuator_outputs.output[1],97,93
transfer,normal,land_detector_state_inversion__2018-12-19__07_49_17__baseline,actuator_outputs.output[2],97,93
transfer,normal,land_detector_state_inversion__2018-12-19__07_49_17__baseline,actuator_outputs.output[3],97,93
transfer,normal,land_detector_state_inversion__2018-12-19__07_49_17__baseline,actuator_outputs.output[4],97,93
transfer,normal,land_detector_state_inversion__2018-12-19__07_49_17__baseline,actuator_outputs.output[5],97,93
transfer,normal,land_detector_state_inversion__2018-12-19__07_49_17__baseline,actuator_outputs.output[6],97,93
transfer,normal,land_detector_state_inversion__2018-12-19__07_49_17__baseline,actuator_outputs.output[7],97,93
transfer,normal,land_detector_state_inversion__2018-12-19__07_49_17__baseline,battery_status.current_a,97,94
transfer,normal,land_detector_state_inversion__2018-12-19__07_49_17__baseline,battery_status.current_filtered_a,97,94
transfer,normal,land_detector_state_inversion__2018-12-19__07_49_17__baseline,battery_status.discharged_mah,97,94
transfer,normal,land_detector_state_inversion__2018-12-19__07_49_17__baseline,battery_status.remaining,97,94
transfer,normal,land_detector_state_inversion__2018-12-19__07_49_17__baseline,battery_status.voltage_filtered_v,97,94
transfer,normal,land_detector_state_inversion__2018-12-19__07_49_17__baseline,battery_status.voltage_v,97,94
transfer,normal,land_detector_state_inversion__2018-12-19__07_49_17__baseline,cpuload.load,97,96
transfer,normal,land_detector_state_inversion__2018-12-19__07_49_17__baseline,cpuload.ram_usage,97,96
transfer,normal,land_detector_state_inversion__2018-12-19__07_49_17__baseline,distance_sensor.current_distance,97,93
transfer,normal,land_detector_state_inversion__2018-12-19__07_49_17__baseline,ekf2_innovations.hagl_innov,97,80
transfer,normal,land_detector_state_inversion__2018-12-19__07_49_17__baseline,ekf2_innovations.heading_innov,97,80
transfer,normal,land_detector_state_inversion__2018-12-19__07_49_17__baseline,ekf2_innovations.output_tracking_error[0],97,80
transfer,normal,land_detector_state_inversion__2018-12-19__07_49_17__baseline,ekf2_innovations.output_tracking_error[1],97,80
transfer,normal,land_detector_state_inversion__2018-12-19__07_49_17__baseline,ekf2_innovations.output_tracking_error[2],97,80
transfer,normal,land_detector_state_inversion__2018-12-19__07_49_17__baseline,ekf2_innovations.vel_pos_innov[3],97,80
transfer,normal,land_detector_state_inversion__2018-12-19__07_49_17__baseline,ekf2_innovations.vel_pos_innov[4],97,80
transfer,normal,land_detector_state_inversion__2018-12-19__07_49_17__baseline,ekf2_innovations.vel_pos_innov[5],97,80
transfer,normal,land_detector_state_inversion__2018-12-19__07_49_17__baseline,estimator_status.hagl_test_ratio,97,80
transfer,normal,land_detector_state_inversion__2018-12-19__07_49_17__baseline,estimator_status.hgt_test_ratio,97,80
transfer,normal,land_detector_state_inversion__2018-12-19__07_49_17__baseline,estimator_status.mag_test_ratio,97,80
transfer,normal,land_detector_state_inversion__2018-12-19__07_49_17__baseline,estimator_status.pos_horiz_accuracy,97,80
transfer,normal,land_detector_state_inversion__2018-12-19__07_49_17__baseline,estimator_status.pos_test_ratio,97,80
transfer,normal,land_detector_state_inversion__2018-12-19__07_49_17__baseline,estimator_status.pos_vert_accuracy,97,80
transfer,normal,land_detector_state_inversion__2018-12-19__07_49_17__baseline,estimator_status.vibe[0],97,80
transfer,normal,land_detector_state_inversion__2018-12-19__07_49_17__baseline,estimator_status.vibe[1],97,80
transfer,normal,land_detector_state_inversion__2018-12-19__07_49_17__baseline,estimator_status.vibe[2],97,80
transfer,normal,land_detector_state_inversion__2018-12-19__07_49_17__baseline,manual_control_setpoint.r,97,94
transfer,normal,land_detector_state_inversion__2018-12-19__07_49_17__baseline,manual_control_setpoint.x,97,94
transfer,normal,land_detector_state_inversion__2018-12-19__07_49_17__baseline,manual_control_setpoint.y,97,94
transfer,normal,land_detector_state_inversion__2018-12-19__07_49_17__baseline,manual_control_setpoint.z,97,94
transfer,normal,land_detector_state_inversion__2018-12-19__07_49_17__baseline,rate_ctrl_status.pitchspeed_integ,97,21
transfer,normal,land_detector_state_inversion__2018-12-19__07_49_17__baseline,rate_ctrl_status.rollspeed_integ,97,21
transfer,normal,land_detector_state_inversion__2018-12-19__07_49_17__baseline,rate_ctrl_status.yawspeed_integ,97,21
transfer,normal,land_detector_state_inversion__2018-12-19__07_49_17__baseline,sensor_combined.accelerometer_m_s2[0],97,95
transfer,normal,land_detector_state_inversion__2018-12-19__07_49_17__baseline,sensor_combined.accelerometer_m_s2[1],97,95
transfer,normal,land_detector_state_inversion__2018-12-19__07_49_17__baseline,sensor_combined.accelerometer_m_s2[2],97,95
transfer,normal,land_detector_state_inversion__2018-12-19__07_49_17__baseline,sensor_combined.gyro_rad[0],97,95
transfer,normal,land_detector_state_inversion__2018-12-19__07_49_17__baseline,sensor_combined.gyro_rad[1],97,95
transfer,normal,land_detector_state_inversion__2018-12-19__07_49_17__baseline,sensor_combined.gyro_rad[2],97,95
transfer,normal,land_detector_state_inversion__2018-12-19__07_49_17__baseline,sensor_preflight.accel_inconsistency_m_s_s,97,0
transfer,normal,land_detector_state_inversion__2018-12-19__07_49_17__baseline,sensor_preflight.gyro_inconsistency_rad_s,97,0
transfer,normal,land_detector_state_inversion__2018-12-19__07_49_17__baseline,vehicle_attitude.pitchspeed,97,6
transfer,normal,land_detector_state_inversion__2018-12-19__07_49_17__baseline,vehicle_attitude.q[0],97,6
transfer,normal,land_detector_state_inversion__2018-12-19__07_49_17__baseline,vehicle_attitude.q[1],97,6
transfer,normal,land_detector_state_inversion__2018-12-19__07_49_17__baseline,vehicle_attitude.q[2],97,6
transfer,normal,land_detector_state_inversion__2018-12-19__07_49_17__baseline,vehicle_attitude.q[3],97,6
transfer,normal,land_detector_state_inversion__2018-12-19__07_49_17__baseline,vehicle_attitude.rollspeed,97,6
transfer,normal,land_detector_state_inversion__2018-12-19__07_49_17__baseline,vehicle_attitude.yawspeed,97,6
transfer,normal,land_detector_state_inversion__2018-12-19__07_49_17__baseline,vehicle_attitude_setpoint.pitch_body,97,95
transfer,normal,land_detector_state_inversion__2018-12-19__07_49_17__baseline,vehicle_attitude_setpoint.roll_body,97,95
transfer,normal,land_detector_state_inversion__2018-12-19__07_49_17__baseline,vehicle_attitude_setpoint.yaw_body,97,95
transfer,normal,land_detector_state_inversion__2018-12-19__07_49_17__baseline,vehicle_land_detected.ground_contact,97,59
transfer,normal,land_detector_state_inversion__2018-12-19__07_49_17__baseline,vehicle_land_detected.landed,97,59
transfer,normal,land_detector_state_inversion__2018-12-19__07_49_17__baseline,vehicle_land_detected.maybe_landed,97,59
transfer,normal,land_detector_state_inversion__2018-12-19__07_49_17__baseline,vehicle_local_position.ax,97,95
transfer,normal,land_detector_state_inversion__2018-12-19__07_49_17__baseline,vehicle_local_position.ay,97,95
transfer,normal,land_detector_state_inversion__2018-12-19__07_49_17__baseline,vehicle_local_position.az,97,95
transfer,normal,land_detector_state_inversion__2018-12-19__07_49_17__baseline,vehicle_local_position.dist_bottom,97,95
transfer,normal,land_detector_state_inversion__2018-12-19__07_49_17__baseline,vehicle_local_position.dist_bottom_rate,97,95
transfer,normal,land_detector_state_inversion__2018-12-19__07_49_17__baseline,vehicle_local_position.eph,97,95
transfer,normal,land_detector_state_inversion__2018-12-19__07_49_17__baseline,vehicle_local_position.epv,97,95
transfer,normal,land_detector_state_inversion__2018-12-19__07_49_17__baseline,vehicle_local_position.vx,97,95
transfer,normal,land_detector_state_inversion__2018-12-19__07_49_17__baseline,vehicle_local_position.vy,97,95
transfer,normal,land_detector_state_inversion__2018-12-19__07_49_17__baseline,vehicle_local_position.vz,97,95
transfer,normal,land_detector_state_inversion__2018-12-19__07_49_17__baseline,vehicle_local_position.x,97,95
transfer,normal,land_detector_state_inversion__2018-12-19__07_49_17__baseline,vehicle_local_position.y,97,95
transfer,normal,land_detector_state_inversion__2018-12-19__07_49_17__baseline,vehicle_local_position.z,97,95
transfer,normal,land_detector_state_inversion__2018-12-19__07_49_17__baseline,vehicle_rates_setpoint.pitch,97,24
transfer,normal,land_detector_state_inversion__2018-12-19__07_49_17__baseline,vehicle_rates_setpoint.roll,97,24
transfer,normal,land_detector_state_inversion__2018-12-19__07_49_17__baseline,vehicle_rates_setpoint.yaw,97,24
transfer,normal,land_detector_state_inversion__2018-12-19__07_49_17__baseline,vehicle_status.arming_state,97,95
transfer,normal,land_detector_state_inversion__2018-12-19__07_49_17__baseline,vehicle_status.nav_state,97,95
transfer,normal,land_detector_state_inversion__2018-12-19__07_49_17__baseline,vehicle_vision_position.x,97,79
transfer,normal,land_detector_state_inversion__2018-12-19__07_49_17__baseline,vehicle_vision_position.y,97,79
transfer,normal,land_detector_state_inversion__2018-12-19__07_49_17__baseline,vehicle_vision_position.z,97,79
transfer,normal,land_detector_state_inversion__2018-12-20__07_47_50__baseline,actuator_controls_0.control[0],141,133
transfer,normal,land_detector_state_inversion__2018-12-20__07_47_50__baseline,actuator_controls_0.control[1],141,133
transfer,normal,land_detector_state_inversion__2018-12-20__07_47_50__baseline,actuator_controls_0.control[2],141,133
transfer,normal,land_detector_state_inversion__2018-12-20__07_47_50__baseline,actuator_controls_0.control[3],141,133
transfer,normal,land_detector_state_inversion__2018-12-20__07_47_50__baseline,actuator_outputs.output[0],141,139
transfer,normal,land_detector_state_inversion__2018-12-20__07_47_50__baseline,actuator_outputs.output[1],141,139
transfer,normal,land_detector_state_inversion__2018-12-20__07_47_50__baseline,actuator_outputs.output[2],141,139
transfer,normal,land_detector_state_inversion__2018-12-20__07_47_50__baseline,actuator_outputs.output[3],141,139
transfer,normal,land_detector_state_inversion__2018-12-20__07_47_50__baseline,actuator_outputs.output[4],141,139
transfer,normal,land_detector_state_inversion__2018-12-20__07_47_50__baseline,actuator_outputs.output[5],141,139
transfer,normal,land_detector_state_inversion__2018-12-20__07_47_50__baseline,actuator_outputs.output[6],141,139
transfer,normal,land_detector_state_inversion__2018-12-20__07_47_50__baseline,actuator_outputs.output[7],141,139
transfer,normal,land_detector_state_inversion__2018-12-20__07_47_50__baseline,battery_status.current_a,141,139
transfer,normal,land_detector_state_inversion__2018-12-20__07_47_50__baseline,battery_status.current_filtered_a,141,139
transfer,normal,land_detector_state_inversion__2018-12-20__07_47_50__baseline,battery_status.discharged_mah,141,139
transfer,normal,land_detector_state_inversion__2018-12-20__07_47_50__baseline,battery_status.remaining,141,139
transfer,normal,land_detector_state_inversion__2018-12-20__07_47_50__baseline,battery_status.voltage_filtered_v,141,139
transfer,normal,land_detector_state_inversion__2018-12-20__07_47_50__baseline,battery_status.voltage_v,141,139
transfer,normal,land_detector_state_inversion__2018-12-20__07_47_50__baseline,cpuload.load,141,140
transfer,normal,land_detector_state_inversion__2018-12-20__07_47_50__baseline,cpuload.ram_usage,141,140
transfer,normal,land_detector_state_inversion__2018-12-20__07_47_50__baseline,distance_sensor.current_distance,141,139
transfer,normal,land_detector_state_inversion__2018-12-20__07_47_50__baseline,ekf2_innovations.hagl_innov,141,139
transfer,normal,land_detector_state_inversion__2018-12-20__07_47_50__baseline,ekf2_innovations.heading_innov,141,139
transfer,normal,land_detector_state_inversion__2018-12-20__07_47_50__baseline,ekf2_innovations.output_tracking_error[0],141,139
transfer,normal,land_detector_state_inversion__2018-12-20__07_47_50__baseline,ekf2_innovations.output_tracking_error[1],141,139
transfer,normal,land_detector_state_inversion__2018-12-20__07_47_50__baseline,ekf2_innovations.output_tracking_error[2],141,139
transfer,normal,land_detector_state_inversion__2018-12-20__07_47_50__baseline,ekf2_innovations.vel_pos_innov[3],141,139
transfer,normal,land_detector_state_inversion__2018-12-20__07_47_50__baseline,ekf2_innovations.vel_pos_innov[4],141,139
transfer,normal,land_detector_state_inversion__2018-12-20__07_47_50__baseline,ekf2_innovations.vel_pos_innov[5],141,139
transfer,normal,land_detector_state_inversion__2018-12-20__07_47_50__baseline,estimator_status.hagl_test_ratio,141,139
transfer,normal,land_detector_state_inversion__2018-12-20__07_47_50__baseline,estimator_status.hgt_test_ratio,141,139
transfer,normal,land_detector_state_inversion__2018-12-20__07_47_50__baseline,estimator_status.mag_test_ratio,141,139
transfer,normal,land_detector_state_inversion__2018-12-20__07_47_50__baseline,estimator_status.pos_horiz_accuracy,141,139
transfer,normal,land_detector_state_inversion__2018-12-20__07_47_50__baseline,estimator_status.pos_test_ratio,141,139
transfer,normal,land_detector_state_inversion__2018-12-20__07_47_50__baseline,estimator_status.pos_vert_accuracy,141,139
transfer,normal,land_detector_state_inversion__2018-12-20__07_47_50__baseline,estimator_status.vibe[0],141,139
transfer,normal,land_detector_state_inversion__2018-12-20__07_47_50__baseline,estimator_status.vibe[1],141,139
transfer,normal,land_detector_state_inversion__2018-12-20__07_47_50__baseline,estimator_status.vibe[2],141,139
transfer,normal,land_detector_state_inversion__2018-12-20__07_47_50__baseline,manual_control_setpoint.r,141,139
transfer,normal,land_detector_state_inversion__2018-12-20__07_47_50__baseline,manual_control_setpoint.x,141,139
transfer,normal,land_detector_state_inversion__2018-12-20__07_47_50__baseline,manual_control_setpoint.y,141,139
transfer,normal,land_detector_state_inversion__2018-12-20__07_47_50__baseline,manual_control_setpoint.z,141,139
transfer,normal,land_detector_state_inversion__2018-12-20__07_47_50__baseline,rate_ctrl_status.pitchspeed_integ,141,139
transfer,normal,land_detector_state_inversion__2018-12-20__07_47_50__baseline,rate_ctrl_status.rollspeed_integ,141,139
transfer,normal,land_detector_state_inversion__2018-12-20__07_47_50__baseline,rate_ctrl_status.yawspeed_integ,141,139
transfer,normal,land_detector_state_inversion__2018-12-20__07_47_50__baseline,sensor_combined.accelerometer_m_s2[0],141,103
transfer,normal,land_detector_state_inversion__2018-12-20__07_47_50__baseline,sensor_combined.accelerometer_m_s2[1],141,103
transfer,normal,land_detector_state_inversion__2018-12-20__07_47_50__baseline,sensor_combined.accelerometer_m_s2[2],141,103
transfer,normal,land_detector_state_inversion__2018-12-20__07_47_50__baseline,sensor_combined.gyro_rad[0],141,103
transfer,normal,land_detector_state_inversion__2018-12-20__07_47_50__baseline,sensor_combined.gyro_rad[1],141,103
transfer,normal,land_detector_state_inversion__2018-12-20__07_47_50__baseline,sensor_combined.gyro_rad[2],141,103
transfer,normal,land_detector_state_inversion__2018-12-20__07_47_50__baseline,sensor_preflight.accel_inconsistency_m_s_s,141,0
transfer,normal,land_detector_state_inversion__2018-12-20__07_47_50__baseline,sensor_preflight.gyro_inconsistency_rad_s,141,0
transfer,normal,land_detector_state_inversion__2018-12-20__07_47_50__baseline,vehicle_attitude.pitchspeed,141,139
transfer,normal,land_detector_state_inversion__2018-12-20__07_47_50__baseline,vehicle_attitude.q[0],141,139
transfer,normal,land_detector_state_inversion__2018-12-20__07_47_50__baseline,vehicle_attitude.q[1],141,139
transfer,normal,land_detector_state_inversion__2018-12-20__07_47_50__baseline,vehicle_attitude.q[2],141,139
transfer,normal,land_detector_state_inversion__2018-12-20__07_47_50__baseline,vehicle_attitude.q[3],141,139
transfer,normal,land_detector_state_inversion__2018-12-20__07_47_50__baseline,vehicle_attitude.rollspeed,141,139
transfer,normal,land_detector_state_inversion__2018-12-20__07_47_50__baseline,vehicle_attitude.yawspeed,141,139
transfer,normal,land_detector_state_inversion__2018-12-20__07_47_50__baseline,vehicle_attitude_setpoint.pitch_body,141,139
transfer,normal,land_detector_state_inversion__2018-12-20__07_47_50__baseline,vehicle_attitude_setpoint.roll_body,141,139
transfer,normal,land_detector_state_inversion__2018-12-20__07_47_50__baseline,vehicle_attitude_setpoint.yaw_body,141,139
transfer,normal,land_detector_state_inversion__2018-12-20__07_47_50__baseline,vehicle_land_detected.ground_contact,141,103
transfer,normal,land_detector_state_inversion__2018-12-20__07_47_50__baseline,vehicle_land_detected.landed,141,103
transfer,normal,land_detector_state_inversion__2018-12-20__07_47_50__baseline,vehicle_land_detected.maybe_landed,141,103
transfer,normal,land_detector_state_inversion__2018-12-20__07_47_50__baseline,vehicle_local_position.ax,141,139
transfer,normal,land_detector_state_inversion__2018-12-20__07_47_50__baseline,vehicle_local_position.ay,141,139
transfer,normal,land_detector_state_inversion__2018-12-20__07_47_50__baseline,vehicle_local_position.az,141,139
transfer,normal,land_detector_state_inversion__2018-12-20__07_47_50__baseline,vehicle_local_position.dist_bottom,141,139
transfer,normal,land_detector_state_inversion__2018-12-20__07_47_50__baseline,vehicle_local_position.dist_bottom_rate,141,139
transfer,normal,land_detector_state_inversion__2018-12-20__07_47_50__baseline,vehicle_local_position.eph,141,139
transfer,normal,land_detector_state_inversion__2018-12-20__07_47_50__baseline,vehicle_local_position.epv,141,139
transfer,normal,land_detector_state_inversion__2018-12-20__07_47_50__baseline,vehicle_local_position.vx,141,139
transfer,normal,land_detector_state_inversion__2018-12-20__07_47_50__baseline,vehicle_local_position.vy,141,139
transfer,normal,land_detector_state_inversion__2018-12-20__07_47_50__baseline,vehicle_local_position.vz,141,139
transfer,normal,land_detector_state_inversion__2018-12-20__07_47_50__baseline,vehicle_local_position.x,141,139
transfer,normal,land_detector_state_inversion__2018-12-20__07_47_50__baseline,vehicle_local_position.y,141,139
transfer,normal,land_detector_state_inversion__2018-12-20__07_47_50__baseline,vehicle_local_position.z,141,139
transfer,normal,land_detector_state_inversion__2018-12-20__07_47_50__baseline,vehicle_rates_setpoint.pitch,141,125
transfer,normal,land_detector_state_inversion__2018-12-20__07_47_50__baseline,vehicle_rates_setpoint.roll,141,125
transfer,normal,land_detector_state_inversion__2018-12-20__07_47_50__baseline,vehicle_rates_setpoint.yaw,141,125
transfer,normal,land_detector_state_inversion__2018-12-20__07_47_50__baseline,vehicle_status.arming_state,141,139
transfer,normal,land_detector_state_inversion__2018-12-20__07_47_50__baseline,vehicle_status.nav_state,141,139
transfer,normal,land_detector_state_inversion__2018-12-20__07_47_50__baseline,vehicle_vision_position.x,141,139
transfer,normal,land_detector_state_inversion__2018-12-20__07_47_50__baseline,vehicle_vision_position.y,141,139
transfer,normal,land_detector_state_inversion__2018-12-20__07_47_50__baseline,vehicle_vision_position.z,141,139
transfer,normal,land_detector_state_inversion__2018-12-25__08_44_40__baseline,actuator_controls_0.control[0],165,161
transfer,normal,land_detector_state_inversion__2018-12-25__08_44_40__baseline,actuator_controls_0.control[1],165,161
transfer,normal,land_detector_state_inversion__2018-12-25__08_44_40__baseline,actuator_controls_0.control[2],165,161
transfer,normal,land_detector_state_inversion__2018-12-25__08_44_40__baseline,actuator_controls_0.control[3],165,161
transfer,normal,land_detector_state_inversion__2018-12-25__08_44_40__baseline,actuator_outputs.output[0],165,86
transfer,normal,land_detector_state_inversion__2018-12-25__08_44_40__baseline,actuator_outputs.output[1],165,86
transfer,normal,land_detector_state_inversion__2018-12-25__08_44_40__baseline,actuator_outputs.output[2],165,86
transfer,normal,land_detector_state_inversion__2018-12-25__08_44_40__baseline,actuator_outputs.output[3],165,86
transfer,normal,land_detector_state_inversion__2018-12-25__08_44_40__baseline,actuator_outputs.output[4],165,86
transfer,normal,land_detector_state_inversion__2018-12-25__08_44_40__baseline,actuator_outputs.output[5],165,86
transfer,normal,land_detector_state_inversion__2018-12-25__08_44_40__baseline,actuator_outputs.output[6],165,86
transfer,normal,land_detector_state_inversion__2018-12-25__08_44_40__baseline,actuator_outputs.output[7],165,86
transfer,normal,land_detector_state_inversion__2018-12-25__08_44_40__baseline,battery_status.current_a,165,161
transfer,normal,land_detector_state_inversion__2018-12-25__08_44_40__baseline,battery_status.current_filtered_a,165,161
transfer,normal,land_detector_state_inversion__2018-12-25__08_44_40__baseline,battery_status.discharged_mah,165,161
transfer,normal,land_detector_state_inversion__2018-12-25__08_44_40__baseline,battery_status.remaining,165,161
transfer,normal,land_detector_state_inversion__2018-12-25__08_44_40__baseline,battery_status.voltage_filtered_v,165,161
transfer,normal,land_detector_state_inversion__2018-12-25__08_44_40__baseline,battery_status.voltage_v,165,161
transfer,normal,land_detector_state_inversion__2018-12-25__08_44_40__baseline,cpuload.load,165,162
transfer,normal,land_detector_state_inversion__2018-12-25__08_44_40__baseline,cpuload.ram_usage,165,162
transfer,normal,land_detector_state_inversion__2018-12-25__08_44_40__baseline,distance_sensor.current_distance,165,161
transfer,normal,land_detector_state_inversion__2018-12-25__08_44_40__baseline,ekf2_innovations.hagl_innov,165,161
transfer,normal,land_detector_state_inversion__2018-12-25__08_44_40__baseline,ekf2_innovations.heading_innov,165,161
transfer,normal,land_detector_state_inversion__2018-12-25__08_44_40__baseline,ekf2_innovations.output_tracking_error[0],165,161
transfer,normal,land_detector_state_inversion__2018-12-25__08_44_40__baseline,ekf2_innovations.output_tracking_error[1],165,161
transfer,normal,land_detector_state_inversion__2018-12-25__08_44_40__baseline,ekf2_innovations.output_tracking_error[2],165,161
transfer,normal,land_detector_state_inversion__2018-12-25__08_44_40__baseline,ekf2_innovations.vel_pos_innov[3],165,161
transfer,normal,land_detector_state_inversion__2018-12-25__08_44_40__baseline,ekf2_innovations.vel_pos_innov[4],165,161
transfer,normal,land_detector_state_inversion__2018-12-25__08_44_40__baseline,ekf2_innovations.vel_pos_innov[5],165,161
transfer,normal,land_detector_state_inversion__2018-12-25__08_44_40__baseline,estimator_status.hagl_test_ratio,165,161
transfer,normal,land_detector_state_inversion__2018-12-25__08_44_40__baseline,estimator_status.hgt_test_ratio,165,161
transfer,normal,land_detector_state_inversion__2018-12-25__08_44_40__baseline,estimator_status.mag_test_ratio,165,161
transfer,normal,land_detector_state_inversion__2018-12-25__08_44_40__baseline,estimator_status.pos_horiz_accuracy,165,161
transfer,normal,land_detector_state_inversion__2018-12-25__08_44_40__baseline,estimator_status.pos_test_ratio,165,161
transfer,normal,land_detector_state_inversion__2018-12-25__08_44_40__baseline,estimator_status.pos_vert_accuracy,165,161
transfer,normal,land_detector_state_inversion__2018-12-25__08_44_40__baseline,estimator_status.vibe[0],165,161
transfer,normal,land_detector_state_inversion__2018-12-25__08_44_40__baseline,estimator_status.vibe[1],165,161
transfer,normal,land_detector_state_inversion__2018-12-25__08_44_40__baseline,estimator_status.vibe[2],165,161
transfer,normal,land_detector_state_inversion__2018-12-25__08_44_40__baseline,manual_control_setpoint.r,165,161
transfer,normal,land_detector_state_inversion__2018-12-25__08_44_40__baseline,manual_control_setpoint.x,165,161
transfer,normal,land_detector_state_inversion__2018-12-25__08_44_40__baseline,manual_control_setpoint.y,165,161
transfer,normal,land_detector_state_inversion__2018-12-25__08_44_40__baseline,manual_control_setpoint.z,165,161
transfer,normal,land_detector_state_inversion__2018-12-25__08_44_40__baseline,rate_ctrl_status.pitchspeed_integ,165,8
transfer,normal,land_detector_state_inversion__2018-12-25__08_44_40__baseline,rate_ctrl_status.rollspeed_integ,165,8
transfer,normal,land_detector_state_inversion__2018-12-25__08_44_40__baseline,rate_ctrl_status.yawspeed_integ,165,8
transfer,normal,land_detector_state_inversion__2018-12-25__08_44_40__baseline,sensor_combined.accelerometer_m_s2[0],165,96
transfer,normal,land_detector_state_inversion__2018-12-25__08_44_40__baseline,sensor_combined.accelerometer_m_s2[1],165,96
transfer,normal,land_detector_state_inversion__2018-12-25__08_44_40__baseline,sensor_combined.accelerometer_m_s2[2],165,96
transfer,normal,land_detector_state_inversion__2018-12-25__08_44_40__baseline,sensor_combined.gyro_rad[0],165,96
transfer,normal,land_detector_state_inversion__2018-12-25__08_44_40__baseline,sensor_combined.gyro_rad[1],165,96
transfer,normal,land_detector_state_inversion__2018-12-25__08_44_40__baseline,sensor_combined.gyro_rad[2],165,96
transfer,normal,land_detector_state_inversion__2018-12-25__08_44_40__baseline,sensor_preflight.accel_inconsistency_m_s_s,165,0
transfer,normal,land_detector_state_inversion__2018-12-25__08_44_40__baseline,sensor_preflight.gyro_inconsistency_rad_s,165,0
transfer,normal,land_detector_state_inversion__2018-12-25__08_44_40__baseline,vehicle_attitude.pitchspeed,165,33
transfer,normal,land_detector_state_inversion__2018-12-25__08_44_40__baseline,vehicle_attitude.q[0],165,33
transfer,normal,land_detector_state_inversion__2018-12-25__08_44_40__baseline,vehicle_attitude.q[1],165,33
transfer,normal,land_detector_state_inversion__2018-12-25__08_44_40__baseline,vehicle_attitude.q[2],165,33
transfer,normal,land_detector_state_inversion__2018-12-25__08_44_40__baseline,vehicle_attitude.q[3],165,33
transfer,normal,land_detector_state_inversion__2018-12-25__08_44_40__baseline,vehicle_attitude.rollspeed,165,33
transfer,normal,land_detector_state_inversion__2018-12-25__08_44_40__baseline,vehicle_attitude.yawspeed,165,33
transfer,normal,land_detector_state_inversion__2018-12-25__08_44_40__baseline,vehicle_attitude_setpoint.pitch_body,165,161
transfer,normal,land_detector_state_inversion__2018-12-25__08_44_40__baseline,vehicle_attitude_setpoint.roll_body,165,161
transfer,normal,land_detector_state_inversion__2018-12-25__08_44_40__baseline,vehicle_attitude_setpoint.yaw_body,165,161
transfer,normal,land_detector_state_inversion__2018-12-25__08_44_40__baseline,vehicle_land_detected.ground_contact,165,127
transfer,normal,land_detector_state_inversion__2018-12-25__08_44_40__baseline,vehicle_land_detected.landed,165,127
transfer,normal,land_detector_state_inversion__2018-12-25__08_44_40__baseline,vehicle_land_detected.maybe_landed,165,127
transfer,normal,land_detector_state_inversion__2018-12-25__08_44_40__baseline,vehicle_local_position.ax,165,161
transfer,normal,land_detector_state_inversion__2018-12-25__08_44_40__baseline,vehicle_local_position.ay,165,161
transfer,normal,land_detector_state_inversion__2018-12-25__08_44_40__baseline,vehicle_local_position.az,165,161
transfer,normal,land_detector_state_inversion__2018-12-25__08_44_40__baseline,vehicle_local_position.dist_bottom,165,161
transfer,normal,land_detector_state_inversion__2018-12-25__08_44_40__baseline,vehicle_local_position.dist_bottom_rate,165,161
transfer,normal,land_detector_state_inversion__2018-12-25__08_44_40__baseline,vehicle_local_position.eph,165,161
transfer,normal,land_detector_state_inversion__2018-12-25__08_44_40__baseline,vehicle_local_position.epv,165,161
transfer,normal,land_detector_state_inversion__2018-12-25__08_44_40__baseline,vehicle_local_position.vx,165,161
transfer,normal,land_detector_state_inversion__2018-12-25__08_44_40__baseline,vehicle_local_position.vy,165,161
transfer,normal,land_detector_state_inversion__2018-12-25__08_44_40__baseline,vehicle_local_position.vz,165,161
transfer,normal,land_detector_state_inversion__2018-12-25__08_44_40__baseline,vehicle_local_position.x,165,161
transfer,normal,land_detector_state_inversion__2018-12-25__08_44_40__baseline,vehicle_local_position.y,165,161
transfer,normal,land_detector_state_inversion__2018-12-25__08_44_40__baseline,vehicle_local_position.z,165,161
transfer,normal,land_detector_state_inversion__2018-12-25__08_44_40__baseline,vehicle_rates_setpoint.pitch,165,8
transfer,normal,land_detector_state_inversion__2018-12-25__08_44_40__baseline,vehicle_rates_setpoint.roll,165,8
transfer,normal,land_detector_state_inversion__2018-12-25__08_44_40__baseline,vehicle_rates_setpoint.yaw,165,8
transfer,normal,land_detector_state_inversion__2018-12-25__08_44_40__baseline,vehicle_status.arming_state,165,165
transfer,normal,land_detector_state_inversion__2018-12-25__08_44_40__baseline,vehicle_status.nav_state,165,165
transfer,normal,land_detector_state_inversion__2018-12-25__08_44_40__baseline,vehicle_vision_position.x,165,161
transfer,normal,land_detector_state_inversion__2018-12-25__08_44_40__baseline,vehicle_vision_position.y,165,161
transfer,normal,land_detector_state_inversion__2018-12-25__08_44_40__baseline,vehicle_vision_position.z,165,161
transfer,reference,commander_nav_state_override__2018-12-19__07_49_17__fault,actuator_controls_0.control[0],97,95
transfer,reference,commander_nav_state_override__2018-12-19__07_49_17__fault,actuator_controls_0.control[1],97,95
transfer,reference,commander_nav_state_override__2018-12-19__07_49_17__fault,actuator_controls_0.control[2],97,95
transfer,reference,commander_nav_state_override__2018-12-19__07_49_17__fault,actuator_controls_0.control[3],97,95
transfer,reference,commander_nav_state_override__2018-12-19__07_49_17__fault,actuator_outputs.output[0],97,95
transfer,reference,commander_nav_state_override__2018-12-19__07_49_17__fault,actuator_outputs.output[1],97,95
transfer,reference,commander_nav_state_override__2018-12-19__07_49_17__fault,actuator_outputs.output[2],97,95
transfer,reference,commander_nav_state_override__2018-12-19__07_49_17__fault,actuator_outputs.output[3],97,95
transfer,reference,commander_nav_state_override__2018-12-19__07_49_17__fault,actuator_outputs.output[4],97,95
transfer,reference,commander_nav_state_override__2018-12-19__07_49_17__fault,actuator_outputs.output[5],97,95
transfer,reference,commander_nav_state_override__2018-12-19__07_49_17__fault,actuator_outputs.output[6],97,95
transfer,reference,commander_nav_state_override__2018-12-19__07_49_17__fault,actuator_outputs.output[7],97,95
transfer,reference,commander_nav_state_override__2018-12-19__07_49_17__fault,battery_status.current_a,97,95
transfer,reference,commander_nav_state_override__2018-12-19__07_49_17__fault,battery_status.current_filtered_a,97,95
transfer,reference,commander_nav_state_override__2018-12-19__07_49_17__fault,battery_status.discharged_mah,97,95
transfer,reference,commander_nav_state_override__2018-12-19__07_49_17__fault,battery_status.remaining,97,95
transfer,reference,commander_nav_state_override__2018-12-19__07_49_17__fault,battery_status.voltage_filtered_v,97,95
transfer,reference,commander_nav_state_override__2018-12-19__07_49_17__fault,battery_status.voltage_v,97,95
transfer,reference,commander_nav_state_override__2018-12-19__07_49_17__fault,cpuload.load,97,96
transfer,reference,commander_nav_state_override__2018-12-19__07_49_17__fault,cpuload.ram_usage,97,96
transfer,reference,commander_nav_state_override__2018-12-19__07_49_17__fault,distance_sensor.current_distance,97,95
transfer,reference,commander_nav_state_override__2018-12-19__07_49_17__fault,ekf2_innovations.hagl_innov,97,81
transfer,reference,commander_nav_state_override__2018-12-19__07_49_17__fault,ekf2_innovations.heading_innov,97,81
transfer,reference,commander_nav_state_override__2018-12-19__07_49_17__fault,ekf2_innovations.output_tracking_error[0],97,81
transfer,reference,commander_nav_state_override__2018-12-19__07_49_17__fault,ekf2_innovations.output_tracking_error[1],97,81
transfer,reference,commander_nav_state_override__2018-12-19__07_49_17__fault,ekf2_innovations.output_tracking_error[2],97,81
transfer,reference,commander_nav_state_override__2018-12-19__07_49_17__fault,ekf2_innovations.vel_pos_innov[3],97,81
transfer,reference,commander_nav_state_override__2018-12-19__07_49_17__fault,ekf2_innovations.vel_pos_innov[4],97,81
transfer,reference,commander_nav_state_override__2018-12-19__07_49_17__fault,ekf2_innovations.vel_pos_innov[5],97,81
transfer,reference,commander_nav_state_override__2018-12-19__07_49_17__fault,estimator_status.hagl_test_ratio,97,82
transfer,reference,commander_nav_state_override__2018-12-19__07_49_17__fault,estimator_status.hgt_test_ratio,97,82
transfer,reference,commander_nav_state_override__2018-12-19__07_49_17__fault,estimator_status.mag_test_ratio,97,82
transfer,reference,commander_nav_state_override__2018-12-19__07_49_17__fault,estimator_status.pos_horiz_accuracy,97,82
transfer,reference,commander_nav_state_override__2018-12-19__07_49_17__fault,estimator_status.pos_test_ratio,97,82
transfer,reference,commander_nav_state_override__2018-12-19__07_49_17__fault,estimator_status.pos_vert_accuracy,97,82
transfer,reference,commander_nav_state_override__2018-12-19__07_49_17__fault,estimator_status.vibe[0],97,82
transfer,reference,commander_nav_state_override__2018-12-19__07_49_17__fault,estimator_status.vibe[1],97,82
transfer,reference,commander_nav_state_override__2018-12-19__07_49_17__fault,estimator_status.vibe[2],97,82
transfer,reference,commander_nav_state_override__2018-12-19__07_49_17__fault,manual_control_setpoint.r,97,95
transfer,reference,commander_nav_state_override__2018-12-19__07_49_17__fault,manual_control_setpoint.x,97,95
transfer,reference,commander_nav_state_override__2018-12-19__07_49_17__fault,manual_control_setpoint.y,97,95
transfer,reference,commander_nav_state_override__2018-12-19__07_49_17__fault,manual_control_setpoint.z,97,95
transfer,reference,commander_nav_state_override__2018-12-19__07_49_17__fault,rate_ctrl_status.pitchspeed_integ,97,52
transfer,reference,commander_nav_state_override__2018-12-19__07_49_17__fault,rate_ctrl_status.rollspeed_integ,97,52
transfer,reference,commander_nav_state_override__2018-12-19__07_49_17__fault,rate_ctrl_status.yawspeed_integ,97,52
transfer,reference,commander_nav_state_override__2018-12-19__07_49_17__fault,sensor_combined.accelerometer_m_s2[0],97,95
transfer,reference,commander_nav_state_override__2018-12-19__07_49_17__fault,sensor_combined.accelerometer_m_s2[1],97,95
transfer,reference,commander_nav_state_override__2018-12-19__07_49_17__fault,sensor_combined.accelerometer_m_s2[2],97,95
transfer,reference,commander_nav_state_override__2018-12-19__07_49_17__fault,sensor_combined.gyro_rad[0],97,95
transfer,reference,commander_nav_state_override__2018-12-19__07_49_17__fault,sensor_combined.gyro_rad[1],97,95
transfer,reference,commander_nav_state_override__2018-12-19__07_49_17__fault,sensor_combined.gyro_rad[2],97,95
transfer,reference,commander_nav_state_override__2018-12-19__07_49_17__fault,sensor_preflight.accel_inconsistency_m_s_s,97,0
transfer,reference,commander_nav_state_override__2018-12-19__07_49_17__fault,sensor_preflight.gyro_inconsistency_rad_s,97,0
transfer,reference,commander_nav_state_override__2018-12-19__07_49_17__fault,vehicle_attitude.pitchspeed,97,45
transfer,reference,commander_nav_state_override__2018-12-19__07_49_17__fault,vehicle_attitude.q[0],97,45
transfer,reference,commander_nav_state_override__2018-12-19__07_49_17__fault,vehicle_attitude.q[1],97,45
transfer,reference,commander_nav_state_override__2018-12-19__07_49_17__fault,vehicle_attitude.q[2],97,45
transfer,reference,commander_nav_state_override__2018-12-19__07_49_17__fault,vehicle_attitude.q[3],97,45
transfer,reference,commander_nav_state_override__2018-12-19__07_49_17__fault,vehicle_attitude.rollspeed,97,45
transfer,reference,commander_nav_state_override__2018-12-19__07_49_17__fault,vehicle_attitude.yawspeed,97,45
transfer,reference,commander_nav_state_override__2018-12-19__07_49_17__fault,vehicle_attitude_setpoint.pitch_body,97,95
transfer,reference,commander_nav_state_override__2018-12-19__07_49_17__fault,vehicle_attitude_setpoint.roll_body,97,95
transfer,reference,commander_nav_state_override__2018-12-19__07_49_17__fault,vehicle_attitude_setpoint.yaw_body,97,95
transfer,reference,commander_nav_state_override__2018-12-19__07_49_17__fault,vehicle_land_detected.ground_contact,97,96
transfer,reference,commander_nav_state_override__2018-12-19__07_49_17__fault,vehicle_land_detected.landed,97,96
transfer,reference,commander_nav_state_override__2018-12-19__07_49_17__fault,vehicle_land_detected.maybe_landed,97,96
transfer,reference,commander_nav_state_override__2018-12-19__07_49_17__fault,vehicle_local_position.ax,97,95
transfer,reference,commander_nav_state_override__2018-12-19__07_49_17__fault,vehicle_local_position.ay,97,95
transfer,reference,commander_nav_state_override__2018-12-19__07_49_17__fault,vehicle_local_position.az,97,95
transfer,reference,commander_nav_state_override__2018-12-19__07_49_17__fault,vehicle_local_position.dist_bottom,97,95
transfer,reference,commander_nav_state_override__2018-12-19__07_49_17__fault,vehicle_local_position.dist_bottom_rate,97,95
transfer,reference,commander_nav_state_override__2018-12-19__07_49_17__fault,vehicle_local_position.eph,97,95
transfer,reference,commander_nav_state_override__2018-12-19__07_49_17__fault,vehicle_local_position.epv,97,95
transfer,reference,commander_nav_state_override__2018-12-19__07_49_17__fault,vehicle_local_position.vx,97,95
transfer,reference,commander_nav_state_override__2018-12-19__07_49_17__fault,vehicle_local_position.vy,97,95
transfer,reference,commander_nav_state_override__2018-12-19__07_49_17__fault,vehicle_local_position.vz,97,95
transfer,reference,commander_nav_state_override__2018-12-19__07_49_17__fault,vehicle_local_position.x,97,95
transfer,reference,commander_nav_state_override__2018-12-19__07_49_17__fault,vehicle_local_position.y,97,95
transfer,reference,commander_nav_state_override__2018-12-19__07_49_17__fault,vehicle_local_position.z,97,95
transfer,reference,commander_nav_state_override__2018-12-19__07_49_17__fault,vehicle_rates_setpoint.pitch,97,32
transfer,reference,commander_nav_state_override__2018-12-19__07_49_17__fault,vehicle_rates_setpoint.roll,97,32
transfer,reference,commander_nav_state_override__2018-12-19__07_49_17__fault,vehicle_rates_setpoint.yaw,97,32
transfer,reference,commander_nav_state_override__2018-12-19__07_49_17__fault,vehicle_status.arming_state,97,59
transfer,reference,commander_nav_state_override__2018-12-19__07_49_17__fault,vehicle_status.nav_state,97,59
transfer,reference,commander_nav_state_override__2018-12-19__07_49_17__fault,vehicle_vision_position.x,97,79
transfer,reference,commander_nav_state_override__2018-12-19__07_49_17__fault,vehicle_vision_position.y,97,79
transfer,reference,commander_nav_state_override__2018-12-19__07_49_17__fault,vehicle_vision_position.z,97,79
transfer,reference,commander_nav_state_override__2018-12-20__07_47_50__fault,actuator_controls_0.control[0],141,126
transfer,reference,commander_nav_state_override__2018-12-20__07_47_50__fault,actuator_controls_0.control[1],141,126
transfer,reference,commander_nav_state_override__2018-12-20__07_47_50__fault,actuator_controls_0.control[2],141,126
transfer,reference,commander_nav_state_override__2018-12-20__07_47_50__fault,actuator_controls_0.control[3],141,126
transfer,reference,commander_nav_state_override__2018-12-20__07_47_50__fault,actuator_outputs.output[0],141,139
transfer,reference,commander_nav_state_override__2018-12-20__07_47_50__fault,actuator_outputs.output[1],141,139
transfer,reference,commander_nav_state_override__2018-12-20__07_47_50__fault,actuator_outputs.output[2],141,139
transfer,reference,commander_nav_state_override__2018-12-20__07_47_50__fault,actuator_outputs.output[3],141,139
transfer,reference,commander_nav_state_override__2018-12-20__07_47_50__fault,actuator_outputs.output[4],141,139
transfer,reference,commander_nav_state_override__2018-12-20__07_47_50__fault,actuator_outputs.output[5],141,139
transfer,reference,commander_nav_state_override__2018-12-20__07_47_50__fault,actuator_outputs.output[6],141,139
transfer,reference,commander_nav_state_override__2018-12-20__07_47_50__fault,actuator_outputs.output[7],141,139
transfer,reference,commander_nav_state_override__2018-12-20__07_47_50__fault,battery_status.current_a,141,139
transfer,reference,commander_nav_state_override__2018-12-20__07_47_50__fault,battery_status.current_filtered_a,141,139
transfer,reference,commander_nav_state_override__2018-12-20__07_47_50__fault,battery_status.discharged_mah,141,139
transfer,reference,commander_nav_state_override__2018-12-20__07_47_50__fault,battery_status.remaining,141,139
transfer,reference,commander_nav_state_override__2018-12-20__07_47_50__fault,battery_status.voltage_filtered_v,141,139
transfer,reference,commander_nav_state_override__2018-12-20__07_47_50__fault,battery_status.voltage_v,141,139
transfer,reference,commander_nav_state_override__2018-12-20__07_47_50__fault,cpuload.load,141,140
transfer,reference,commander_nav_state_override__2018-12-20__07_47_50__fault,cpuload.ram_usage,141,140
transfer,reference,commander_nav_state_override__2018-12-20__07_47_50__fault,distance_sensor.current_distance,141,139
transfer,reference,commander_nav_state_override__2018-12-20__07_47_50__fault,ekf2_innovations.hagl_innov,141,139
transfer,reference,commander_nav_state_override__2018-12-20__07_47_50__fault,ekf2_innovations.heading_innov,141,139
transfer,reference,commander_nav_state_override__2018-12-20__07_47_50__fault,ekf2_innovations.output_tracking_error[0],141,139
transfer,reference,commander_nav_state_override__2018-12-20__07_47_50__fault,ekf2_innovations.output_tracking_error[1],141,139
transfer,reference,commander_nav_state_override__2018-12-20__07_47_50__fault,ekf2_innovations.output_tracking_error[2],141,139
transfer,reference,commander_nav_state_override__2018-12-20__07_47_50__fault,ekf2_innovations.vel_pos_innov[3],141,139
transfer,reference,commander_nav_state_override__2018-12-20__07_47_50__fault,ekf2_innovations.vel_pos_innov[4],141,139
transfer,reference,commander_nav_state_override__2018-12-20__07_47_50__fault,ekf2_innovations.vel_pos_innov[5],141,139
transfer,reference,commander_nav_state_override__2018-12-20__07_47_50__fault,estimator_status.hagl_test_ratio,141,139
transfer,reference,commander_nav_state_override__2018-12-20__07_47_50__fault,estimator_status.hgt_test_ratio,141,139
transfer,reference,commander_nav_state_override__2018-12-20__07_47_50__fault,estimator_status.mag_test_ratio,141,139
transfer,reference,commander_nav_state_override__2018-12-20__07_47_50__fault,estimator_status.pos_horiz_accuracy,141,139
transfer,reference,commander_nav_state_override__2018-12-20__07_47_50__fault,estimator_status.pos_test_ratio,141,139
transfer,reference,commander_nav_state_override__2018-12-20__07_47_50__fault,estimator_status.pos_vert_accuracy,141,139
transfer,reference,commander_nav_state_override__2018-12-20__07_47_50__fault,estimator_status.vibe[0],141,139
transfer,reference,commander_nav_state_override__2018-12-20__07_47_50__fault,estimator_status.vibe[1],141,139
transfer,reference,commander_nav_state_override__2018-12-20__07_47_50__fault,estimator_status.vibe[2],141,139
transfer,reference,commander_nav_state_override__2018-12-20__07_47_50__fault,manual_control_setpoint.r,141,139
transfer,reference,commander_nav_state_override__2018-12-20__07_47_50__fault,manual_control_setpoint.x,141,139
transfer,reference,commander_nav_state_override__2018-12-20__07_47_50__fault,manual_control_setpoint.y,141,139
transfer,reference,commander_nav_state_override__2018-12-20__07_47_50__fault,manual_control_setpoint.z,141,139
transfer,reference,commander_nav_state_override__2018-12-20__07_47_50__fault,rate_ctrl_status.pitchspeed_integ,141,30
transfer,reference,commander_nav_state_override__2018-12-20__07_47_50__fault,rate_ctrl_status.rollspeed_integ,141,30
transfer,reference,commander_nav_state_override__2018-12-20__07_47_50__fault,rate_ctrl_status.yawspeed_integ,141,30
transfer,reference,commander_nav_state_override__2018-12-20__07_47_50__fault,sensor_combined.accelerometer_m_s2[0],141,103
transfer,reference,commander_nav_state_override__2018-12-20__07_47_50__fault,sensor_combined.accelerometer_m_s2[1],141,103
transfer,reference,commander_nav_state_override__2018-12-20__07_47_50__fault,sensor_combined.accelerometer_m_s2[2],141,103
transfer,reference,commander_nav_state_override__2018-12-20__07_47_50__fault,sensor_combined.gyro_rad[0],141,103
transfer,reference,commander_nav_state_override__2018-12-20__07_47_50__fault,sensor_combined.gyro_rad[1],141,103
transfer,reference,commander_nav_state_override__2018-12-20__07_47_50__fault,sensor_combined.gyro_rad[2],141,103
transfer,reference,commander_nav_state_override__2018-12-20__07_47_50__fault,sensor_preflight.accel_inconsistency_m_s_s,141,0
transfer,reference,commander_nav_state_override__2018-12-20__07_47_50__fault,sensor_preflight.gyro_inconsistency_rad_s,141,0
transfer,reference,commander_nav_state_override__2018-12-20__07_47_50__fault,vehicle_attitude.pitchspeed,141,26
transfer,reference,commander_nav_state_override__2018-12-20__07_47_50__fault,vehicle_attitude.q[0],141,26
transfer,reference,commander_nav_state_override__2018-12-20__07_47_50__fault,vehicle_attitude.q[1],141,26
transfer,reference,commander_nav_state_override__2018-12-20__07_47_50__fault,vehicle_attitude.q[2],141,26
transfer,reference,commander_nav_state_override__2018-12-20__07_47_50__fault,vehicle_attitude.q[3],141,26
transfer,reference,commander_nav_state_override__2018-12-20__07_47_50__fault,vehicle_attitude.rollspeed,141,26
transfer,reference,commander_nav_state_override__2018-12-20__07_47_50__fault,vehicle_attitude.yawspeed,141,26
transfer,reference,commander_nav_state_override__2018-12-20__07_47_50__fault,vehicle_attitude_setpoint.pitch_body,141,139
transfer,reference,commander_nav_state_override__2018-12-20__07_47_50__fault,vehicle_attitude_setpoint.roll_body,141,139
transfer,reference,commander_nav_state_override__2018-12-20__07_47_50__fault,vehicle_attitude_setpoint.yaw_body,141,139
transfer,reference,commander_nav_state_override__2018-12-20__07_47_50__fault,vehicle_land_detected.ground_contact,141,139
transfer,reference,commander_nav_state_override__2018-12-20__07_47_50__fault,vehicle_land_detected.landed,141,139
transfer,reference,commander_nav_state_override__2018-12-20__07_47_50__fault,vehicle_land_detected.maybe_landed,141,139
transfer,reference,commander_nav_state_override__2018-12-20__07_47_50__fault,vehicle_local_position.ax,141,139
transfer,reference,commander_nav_state_override__2018-12-20__07_47_50__fault,vehicle_local_position.ay,141,139
transfer,reference,commander_nav_state_override__2018-12-20__07_47_50__fault,vehicle_local_position.az,141,139
transfer,reference,commander_nav_state_override__2018-12-20__07_47_50__fault,vehicle_local_position.dist_bottom,141,139
transfer,reference,commander_nav_state_override__2018-12-20__07_47_50__fault,vehicle_local_position.dist_bottom_rate,141,139
transfer,reference,commander_nav_state_override__2018-12-20__07_47_50__fault,vehicle_local_position.eph,141,139
transfer,reference,commander_nav_state_override__2018-12-20__07_47_50__fault,vehicle_local_position.epv,141,139
transfer,reference,commander_nav_state_override__2018-12-20__07_47_50__fault,vehicle_local_position.vx,141,139
transfer,reference,commander_nav_state_override__2018-12-20__07_47_50__fault,vehicle_local_position.vy,141,139
transfer,reference,commander_nav_state_override__2018-12-20__07_47_50__fault,vehicle_local_position.vz,141,139
transfer,reference,commander_nav_state_override__2018-12-20__07_47_50__fault,vehicle_local_position.x,141,139
transfer,reference,commander_nav_state_override__2018-12-20__07_47_50__fault,vehicle_local_position.y,141,139
transfer,reference,commander_nav_state_override__2018-12-20__07_47_50__fault,vehicle_local_position.z,141,139
transfer,reference,commander_nav_state_override__2018-12-20__07_47_50__fault,vehicle_rates_setpoint.pitch,141,29
transfer,reference,commander_nav_state_override__2018-12-20__07_47_50__fault,vehicle_rates_setpoint.roll,141,29
transfer,reference,commander_nav_state_override__2018-12-20__07_47_50__fault,vehicle_rates_setpoint.yaw,141,29
transfer,reference,commander_nav_state_override__2018-12-20__07_47_50__fault,vehicle_status.arming_state,141,94
transfer,reference,commander_nav_state_override__2018-12-20__07_47_50__fault,vehicle_status.nav_state,141,94
transfer,reference,commander_nav_state_override__2018-12-20__07_47_50__fault,vehicle_vision_position.x,141,139
transfer,reference,commander_nav_state_override__2018-12-20__07_47_50__fault,vehicle_vision_position.y,141,139
transfer,reference,commander_nav_state_override__2018-12-20__07_47_50__fault,vehicle_vision_position.z,141,139
transfer,reference,commander_nav_state_override__2018-12-25__08_44_40__fault,actuator_controls_0.control[0],165,109
transfer,reference,commander_nav_state_override__2018-12-25__08_44_40__fault,actuator_controls_0.control[1],165,109
transfer,reference,commander_nav_state_override__2018-12-25__08_44_40__fault,actuator_controls_0.control[2],165,109
transfer,reference,commander_nav_state_override__2018-12-25__08_44_40__fault,actuator_controls_0.control[3],165,109
transfer,reference,commander_nav_state_override__2018-12-25__08_44_40__fault,actuator_outputs.output[0],165,97
transfer,reference,commander_nav_state_override__2018-12-25__08_44_40__fault,actuator_outputs.output[1],165,97
transfer,reference,commander_nav_state_override__2018-12-25__08_44_40__fault,actuator_outputs.output[2],165,97
transfer,reference,commander_nav_state_override__2018-12-25__08_44_40__fault,actuator_outputs.output[3],165,97
transfer,reference,commander_nav_state_override__2018-12-25__08_44_40__fault,actuator_outputs.output[4],165,97
transfer,reference,commander_nav_state_override__2018-12-25__08_44_40__fault,actuator_outputs.output[5],165,97
transfer,reference,commander_nav_state_override__2018-12-25__08_44_40__fault,actuator_outputs.output[6],165,97
transfer,reference,commander_nav_state_override__2018-12-25__08_44_40__fault,actuator_outputs.output[7],165,97
transfer,reference,commander_nav_state_override__2018-12-25__08_44_40__fault,battery_status.current_a,165,161
transfer,reference,commander_nav_state_override__2018-12-25__08_44_40__fault,battery_status.current_filtered_a,165,161
transfer,reference,commander_nav_state_override__2018-12-25__08_44_40__fault,battery_status.discharged_mah,165,161
transfer,reference,commander_nav_state_override__2018-12-25__08_44_40__fault,battery_status.remaining,165,161
transfer,reference,commander_nav_state_override__2018-12-25__08_44_40__fault,battery_status.voltage_filtered_v,165,161
transfer,reference,commander_nav_state_override__2018-12-25__08_44_40__fault,battery_status.voltage_v,165,161
transfer,reference,commander_nav_state_override__2018-12-25__08_44_40__fault,cpuload.load,165,162
transfer,reference,commander_nav_state_override__2018-12-25__08_44_40__fault,cpuload.ram_usage,165,162
transfer,reference,commander_nav_state_override__2018-12-25__08_44_40__fault,distance_sensor.current_distance,165,161
transfer,reference,commander_nav_state_override__2018-12-25__08_44_40__fault,ekf2_innovations.hagl_innov,165,161
transfer,reference,commander_nav_state_override__2018-12-25__08_44_40__fault,ekf2_innovations.heading_innov,165,161
transfer,reference,commander_nav_state_override__2018-12-25__08_44_40__fault,ekf2_innovations.output_tracking_error[0],165,161
transfer,reference,commander_nav_state_override__2018-12-25__08_44_40__fault,ekf2_innovations.output_tracking_error[1],165,161
transfer,reference,commander_nav_state_override__2018-12-25__08_44_40__fault,ekf2_innovations.output_tracking_error[2],165,161
transfer,reference,commander_nav_state_override__2018-12-25__08_44_40__fault,ekf2_innovations.vel_pos_innov[3],165,161
transfer,reference,commander_nav_state_override__2018-12-25__08_44_40__fault,ekf2_innovations.vel_pos_innov[4],165,161
transfer,reference,commander_nav_state_override__2018-12-25__08_44_40__fault,ekf2_innovations.vel_pos_innov[5],165,161
transfer,reference,commander_nav_state_override__2018-12-25__08_44_40__fault,estimator_status.hagl_test_ratio,165,161
transfer,reference,commander_nav_state_override__2018-12-25__08_44_40__fault,estimator_status.hgt_test_ratio,165,161
transfer,reference,commander_nav_state_override__2018-12-25__08_44_40__fault,estimator_status.mag_test_ratio,165,161
transfer,reference,commander_nav_state_override__2018-12-25__08_44_40__fault,estimator_status.pos_horiz_accuracy,165,161
transfer,reference,commander_nav_state_override__2018-12-25__08_44_40__fault,estimator_status.pos_test_ratio,165,161
transfer,reference,commander_nav_state_override__2018-12-25__08_44_40__fault,estimator_status.pos_vert_accuracy,165,161
transfer,reference,commander_nav_state_override__2018-12-25__08_44_40__fault,estimator_status.vibe[0],165,161
transfer,reference,commander_nav_state_override__2018-12-25__08_44_40__fault,estimator_status.vibe[1],165,161
transfer,reference,commander_nav_state_override__2018-12-25__08_44_40__fault,estimator_status.vibe[2],165,161
transfer,reference,commander_nav_state_override__2018-12-25__08_44_40__fault,manual_control_setpoint.r,165,161
transfer,reference,commander_nav_state_override__2018-12-25__08_44_40__fault,manual_control_setpoint.x,165,161
transfer,reference,commander_nav_state_override__2018-12-25__08_44_40__fault,manual_control_setpoint.y,165,161
transfer,reference,commander_nav_state_override__2018-12-25__08_44_40__fault,manual_control_setpoint.z,165,161
transfer,reference,commander_nav_state_override__2018-12-25__08_44_40__fault,rate_ctrl_status.pitchspeed_integ,165,8
transfer,reference,commander_nav_state_override__2018-12-25__08_44_40__fault,rate_ctrl_status.rollspeed_integ,165,8
transfer,reference,commander_nav_state_override__2018-12-25__08_44_40__fault,rate_ctrl_status.yawspeed_integ,165,8
transfer,reference,commander_nav_state_override__2018-12-25__08_44_40__fault,sensor_combined.accelerometer_m_s2[0],165,96
transfer,reference,commander_nav_state_override__2018-12-25__08_44_40__fault,sensor_combined.accelerometer_m_s2[1],165,96
transfer,reference,commander_nav_state_override__2018-12-25__08_44_40__fault,sensor_combined.accelerometer_m_s2[2],165,96
transfer,reference,commander_nav_state_override__2018-12-25__08_44_40__fault,sensor_combined.gyro_rad[0],165,96
transfer,reference,commander_nav_state_override__2018-12-25__08_44_40__fault,sensor_combined.gyro_rad[1],165,96
transfer,reference,commander_nav_state_override__2018-12-25__08_44_40__fault,sensor_combined.gyro_rad[2],165,96
transfer,reference,commander_nav_state_override__2018-12-25__08_44_40__fault,sensor_preflight.accel_inconsistency_m_s_s,165,0
transfer,reference,commander_nav_state_override__2018-12-25__08_44_40__fault,sensor_preflight.gyro_inconsistency_rad_s,165,0
transfer,reference,commander_nav_state_override__2018-12-25__08_44_40__fault,vehicle_attitude.pitchspeed,165,35
transfer,reference,commander_nav_state_override__2018-12-25__08_44_40__fault,vehicle_attitude.q[0],165,35
transfer,reference,commander_nav_state_override__2018-12-25__08_44_40__fault,vehicle_attitude.q[1],165,35
transfer,reference,commander_nav_state_override__2018-12-25__08_44_40__fault,vehicle_attitude.q[2],165,35
transfer,reference,commander_nav_state_override__2018-12-25__08_44_40__fault,vehicle_attitude.q[3],165,35
transfer,reference,commander_nav_state_override__2018-12-25__08_44_40__fault,vehicle_attitude.rollspeed,165,35
transfer,reference,commander_nav_state_override__2018-12-25__08_44_40__fault,vehicle_attitude.yawspeed,165,35
transfer,reference,commander_nav_state_override__2018-12-25__08_44_40__fault,vehicle_attitude_setpoint.pitch_body,165,139
transfer,reference,commander_nav_state_override__2018-12-25__08_44_40__fault,vehicle_attitude_setpoint.roll_body,165,139
transfer,reference,commander_nav_state_override__2018-12-25__08_44_40__fault,vehicle_attitude_setpoint.yaw_body,165,139
transfer,reference,commander_nav_state_override__2018-12-25__08_44_40__fault,vehicle_land_detected.ground_contact,165,165
transfer,reference,commander_nav_state_override__2018-12-25__08_44_40__fault,vehicle_land_detected.landed,165,165
transfer,reference,commander_nav_state_override__2018-12-25__08_44_40__fault,vehicle_land_detected.maybe_landed,165,165
transfer,reference,commander_nav_state_override__2018-12-25__08_44_40__fault,vehicle_local_position.ax,165,161
transfer,reference,commander_nav_state_override__2018-12-25__08_44_40__fault,vehicle_local_position.ay,165,161
transfer,reference,commander_nav_state_override__2018-12-25__08_44_40__fault,vehicle_local_position.az,165,161
transfer,reference,commander_nav_state_override__2018-12-25__08_44_40__fault,vehicle_local_position.dist_bottom,165,161
transfer,reference,commander_nav_state_override__2018-12-25__08_44_40__fault,vehicle_local_position.dist_bottom_rate,165,161
transfer,reference,commander_nav_state_override__2018-12-25__08_44_40__fault,vehicle_local_position.eph,165,161
transfer,reference,commander_nav_state_override__2018-12-25__08_44_40__fault,vehicle_local_position.epv,165,161
transfer,reference,commander_nav_state_override__2018-12-25__08_44_40__fault,vehicle_local_position.vx,165,161
transfer,reference,commander_nav_state_override__2018-12-25__08_44_40__fault,vehicle_local_position.vy,165,161
transfer,reference,commander_nav_state_override__2018-12-25__08_44_40__fault,vehicle_local_position.vz,165,161
transfer,reference,commander_nav_state_override__2018-12-25__08_44_40__fault,vehicle_local_position.x,165,161
transfer,reference,commander_nav_state_override__2018-12-25__08_44_40__fault,vehicle_local_position.y,165,161
transfer,reference,commander_nav_state_override__2018-12-25__08_44_40__fault,vehicle_local_position.z,165,161
transfer,reference,commander_nav_state_override__2018-12-25__08_44_40__fault,vehicle_rates_setpoint.pitch,165,8
transfer,reference,commander_nav_state_override__2018-12-25__08_44_40__fault,vehicle_rates_setpoint.roll,165,8
transfer,reference,commander_nav_state_override__2018-12-25__08_44_40__fault,vehicle_rates_setpoint.yaw,165,8
transfer,reference,commander_nav_state_override__2018-12-25__08_44_40__fault,vehicle_status.arming_state,165,117
transfer,reference,commander_nav_state_override__2018-12-25__08_44_40__fault,vehicle_status.nav_state,165,117
transfer,reference,commander_nav_state_override__2018-12-25__08_44_40__fault,vehicle_vision_position.x,165,161
transfer,reference,commander_nav_state_override__2018-12-25__08_44_40__fault,vehicle_vision_position.y,165,161
transfer,reference,commander_nav_state_override__2018-12-25__08_44_40__fault,vehicle_vision_position.z,165,161
transfer,reference,ekf2_innovation_bias__2018-12-19__07_49_17__fault,actuator_controls_0.control[0],97,95
transfer,reference,ekf2_innovation_bias__2018-12-19__07_49_17__fault,actuator_controls_0.control[1],97,95
transfer,reference,ekf2_innovation_bias__2018-12-19__07_49_17__fault,actuator_controls_0.control[2],97,95
transfer,reference,ekf2_innovation_bias__2018-12-19__07_49_17__fault,actuator_controls_0.control[3],97,95
transfer,reference,ekf2_innovation_bias__2018-12-19__07_49_17__fault,actuator_outputs.output[0],97,95
transfer,reference,ekf2_innovation_bias__2018-12-19__07_49_17__fault,actuator_outputs.output[1],97,95
transfer,reference,ekf2_innovation_bias__2018-12-19__07_49_17__fault,actuator_outputs.output[2],97,95
transfer,reference,ekf2_innovation_bias__2018-12-19__07_49_17__fault,actuator_outputs.output[3],97,95
transfer,reference,ekf2_innovation_bias__2018-12-19__07_49_17__fault,actuator_outputs.output[4],97,95
transfer,reference,ekf2_innovation_bias__2018-12-19__07_49_17__fault,actuator_outputs.output[5],97,95
transfer,reference,ekf2_innovation_bias__2018-12-19__07_49_17__fault,actuator_outputs.output[6],97,95
transfer,reference,ekf2_innovation_bias__2018-12-19__07_49_17__fault,actuator_outputs.output[7],97,95
transfer,reference,ekf2_innovation_bias__2018-12-19__07_49_17__fault,battery_status.current_a,97,95
transfer,reference,ekf2_innovation_bias__2018-12-19__07_49_17__fault,battery_status.current_filtered_a,97,95
transfer,reference,ekf2_innovation_bias__2018-12-19__07_49_17__fault,battery_status.discharged_mah,97,95
transfer,reference,ekf2_innovation_bias__2018-12-19__07_49_17__fault,battery_status.remaining,97,95
transfer,reference,ekf2_innovation_bias__2018-12-19__07_49_17__fault,battery_status.voltage_filtered_v,97,95
transfer,reference,ekf2_innovation_bias__2018-12-19__07_49_17__fault,battery_status.voltage_v,97,95
transfer,reference,ekf2_innovation_bias__2018-12-19__07_49_17__fault,cpuload.load,97,96
transfer,reference,ekf2_innovation_bias__2018-12-19__07_49_17__fault,cpuload.ram_usage,97,96
transfer,reference,ekf2_innovation_bias__2018-12-19__07_49_17__fault,distance_sensor.current_distance,97,95
transfer,reference,ekf2_innovation_bias__2018-12-19__07_49_17__fault,ekf2_innovations.hagl_innov,97,95
transfer,reference,ekf2_innovation_bias__2018-12-19__07_49_17__fault,ekf2_innovations.heading_innov,97,95
transfer,reference,ekf2_innovation_bias__2018-12-19__07_49_17__fault,ekf2_innovations.output_tracking_error[0],97,95
transfer,reference,ekf2_innovation_bias__2018-12-19__07_49_17__fault,ekf2_innovations.output_tracking_error[1],97,95
transfer,reference,ekf2_innovation_bias__2018-12-19__07_49_17__fault,ekf2_innovations.output_tracking_error[2],97,95
transfer,reference,ekf2_innovation_bias__2018-12-19__07_49_17__fault,ekf2_innovations.vel_pos_innov[3],97,95
transfer,reference,ekf2_innovation_bias__2018-12-19__07_49_17__fault,ekf2_innovations.vel_pos_innov[4],97,95
transfer,reference,ekf2_innovation_bias__2018-12-19__07_49_17__fault,ekf2_innovations.vel_pos_innov[5],97,95
transfer,reference,ekf2_innovation_bias__2018-12-19__07_49_17__fault,estimator_status.hagl_test_ratio,97,95
transfer,reference,ekf2_innovation_bias__2018-12-19__07_49_17__fault,estimator_status.hgt_test_ratio,97,95
transfer,reference,ekf2_innovation_bias__2018-12-19__07_49_17__fault,estimator_status.mag_test_ratio,97,95
transfer,reference,ekf2_innovation_bias__2018-12-19__07_49_17__fault,estimator_status.pos_horiz_accuracy,97,95
transfer,reference,ekf2_innovation_bias__2018-12-19__07_49_17__fault,estimator_status.pos_test_ratio,97,95
transfer,reference,ekf2_innovation_bias__2018-12-19__07_49_17__fault,estimator_status.pos_vert_accuracy,97,95
transfer,reference,ekf2_innovation_bias__2018-12-19__07_49_17__fault,estimator_status.vibe[0],97,95
transfer,reference,ekf2_innovation_bias__2018-12-19__07_49_17__fault,estimator_status.vibe[1],97,95
transfer,reference,ekf2_innovation_bias__2018-12-19__07_49_17__fault,estimator_status.vibe[2],97,95
transfer,reference,ekf2_innovation_bias__2018-12-19__07_49_17__fault,manual_control_setpoint.r,97,95
transfer,reference,ekf2_innovation_bias__2018-12-19__07_49_17__fault,manual_control_setpoint.x,97,95
transfer,reference,ekf2_innovation_bias__2018-12-19__07_49_17__fault,manual_control_setpoint.y,97,95
transfer,reference,ekf2_innovation_bias__2018-12-19__07_49_17__fault,manual_control_setpoint.z,97,95
transfer,reference,ekf2_innovation_bias__2018-12-19__07_49_17__fault,rate_ctrl_status.pitchspeed_integ,97,47
transfer,reference,ekf2_innovation_bias__2018-12-19__07_49_17__fault,rate_ctrl_status.rollspeed_integ,97,47
transfer,reference,ekf2_innovation_bias__2018-12-19__07_49_17__fault,rate_ctrl_status.yawspeed_integ,97,47
transfer,reference,ekf2_innovation_bias__2018-12-19__07_49_17__fault,sensor_combined.accelerometer_m_s2[0],97,95
transfer,reference,ekf2_innovation_bias__2018-12-19__07_49_17__fault,sensor_combined.accelerometer_m_s2[1],97,95
transfer,reference,ekf2_innovation_bias__2018-12-19__07_49_17__fault,sensor_combined.accelerometer_m_s2[2],97,95
transfer,reference,ekf2_innovation_bias__2018-12-19__07_49_17__fault,sensor_combined.gyro_rad[0],97,95
transfer,reference,ekf2_innovation_bias__2018-12-19__07_49_17__fault,sensor_combined.gyro_rad[1],97,95
transfer,reference,ekf2_innovation_bias__2018-12-19__07_49_17__fault,sensor_combined.gyro_rad[2],97,95
transfer,reference,ekf2_innovation_bias__2018-12-19__07_49_17__fault,sensor_preflight.accel_inconsistency_m_s_s,97,0
transfer,reference,ekf2_innovation_bias__2018-12-19__07_49_17__fault,sensor_preflight.gyro_inconsistency_rad_s,97,0
transfer,reference,ekf2_innovation_bias__2018-12-19__07_49_17__fault,vehicle_attitude.pitchspeed,97,37
transfer,reference,ekf2_innovation_bias__2018-12-19__07_49_17__fault,vehicle_attitude.q[0],97,37
transfer,reference,ekf2_innovation_bias__2018-12-19__07_49_17__fault,vehicle_attitude.q[1],97,37
transfer,reference,ekf2_innovation_bias__2018-12-19__07_49_17__fault,vehicle_attitude.q[2],97,37
transfer,reference,ekf2_innovation_bias__2018-12-19__07_49_17__fault,vehicle_attitude.q[3],97,37
transfer,reference,ekf2_innovation_bias__2018-12-19__07_49_17__fault,vehicle_attitude.rollspeed,97,37
transfer,reference,ekf2_innovation_bias__2018-12-19__07_49_17__fault,vehicle_attitude.yawspeed,97,37
transfer,reference,ekf2_innovation_bias__2018-12-19__07_49_17__fault,vehicle_attitude_setpoint.pitch_body,97,95
transfer,reference,ekf2_innovation_bias__2018-12-19__07_49_17__fault,vehicle_attitude_setpoint.roll_body,97,95
transfer,reference,ekf2_innovation_bias__2018-12-19__07_49_17__fault,vehicle_attitude_setpoint.yaw_body,97,95
transfer,reference,ekf2_innovation_bias__2018-12-19__07_49_17__fault,vehicle_land_detected.ground_contact,97,96
transfer,reference,ekf2_innovation_bias__2018-12-19__07_49_17__fault,vehicle_land_detected.landed,97,96
transfer,reference,ekf2_innovation_bias__2018-12-19__07_49_17__fault,vehicle_land_detected.maybe_landed,97,96
transfer,reference,ekf2_innovation_bias__2018-12-19__07_49_17__fault,vehicle_local_position.ax,97,95
transfer,reference,ekf2_innovation_bias__2018-12-19__07_49_17__fault,vehicle_local_position.ay,97,95
transfer,reference,ekf2_innovation_bias__2018-12-19__07_49_17__fault,vehicle_local_position.az,97,95
transfer,reference,ekf2_innovation_bias__2018-12-19__07_49_17__fault,vehicle_local_position.dist_bottom,97,95
transfer,reference,ekf2_innovation_bias__2018-12-19__07_49_17__fault,vehicle_local_position.dist_bottom_rate,97,95
transfer,reference,ekf2_innovation_bias__2018-12-19__07_49_17__fault,vehicle_local_position.eph,97,95
transfer,reference,ekf2_innovation_bias__2018-12-19__07_49_17__fault,vehicle_local_position.epv,97,95
transfer,reference,ekf2_innovation_bias__2018-12-19__07_49_17__fault,vehicle_local_position.vx,97,95
transfer,reference,ekf2_innovation_bias__2018-12-19__07_49_17__fault,vehicle_local_position.vy,97,95
transfer,reference,ekf2_innovation_bias__2018-12-19__07_49_17__fault,vehicle_local_position.vz,97,95
transfer,reference,ekf2_innovation_bias__2018-12-19__07_49_17__fault,vehicle_local_position.x,97,95
transfer,reference,ekf2_innovation_bias__2018-12-19__07_49_17__fault,vehicle_local_position.y,97,95
transfer,reference,ekf2_innovation_bias__2018-12-19__07_49_17__fault,vehicle_local_position.z,97,95
transfer,reference,ekf2_innovation_bias__2018-12-19__07_49_17__fault,vehicle_rates_setpoint.pitch,97,45
transfer,reference,ekf2_innovation_bias__2018-12-19__07_49_17__fault,vehicle_rates_setpoint.roll,97,45
transfer,reference,ekf2_innovation_bias__2018-12-19__07_49_17__fault,vehicle_rates_setpoint.yaw,97,45
transfer,reference,ekf2_innovation_bias__2018-12-19__07_49_17__fault,vehicle_status.arming_state,97,95
transfer,reference,ekf2_innovation_bias__2018-12-19__07_49_17__fault,vehicle_status.nav_state,97,95
transfer,reference,ekf2_innovation_bias__2018-12-19__07_49_17__fault,vehicle_vision_position.x,97,79
transfer,reference,ekf2_innovation_bias__2018-12-19__07_49_17__fault,vehicle_vision_position.y,97,79
transfer,reference,ekf2_innovation_bias__2018-12-19__07_49_17__fault,vehicle_vision_position.z,97,79
transfer,reference,ekf2_innovation_bias__2018-12-20__07_47_50__fault,actuator_controls_0.control[0],141,139
transfer,reference,ekf2_innovation_bias__2018-12-20__07_47_50__fault,actuator_controls_0.control[1],141,139
transfer,reference,ekf2_innovation_bias__2018-12-20__07_47_50__fault,actuator_controls_0.control[2],141,139
transfer,reference,ekf2_innovation_bias__2018-12-20__07_47_50__fault,actuator_controls_0.control[3],141,139
transfer,reference,ekf2_innovation_bias__2018-12-20__07_47_50__fault,actuator_outputs.output[0],141,139
transfer,reference,ekf2_innovation_bias__2018-12-20__07_47_50__fault,actuator_outputs.output[1],141,139
transfer,reference,ekf2_innovation_bias__2018-12-20__07_47_50__fault,actuator_outputs.output[2],141,139
transfer,reference,ekf2_innovation_bias__2018-12-20__07_47_50__fault,actuator_outputs.output[3],141,139
transfer,reference,ekf2_innovation_bias__2018-12-20__07_47_50__fault,actuator_outputs.output[4],141,139
transfer,reference,ekf2_innovation_bias__2018-12-20__07_47_50__fault,actuator_outputs.output[5],141,139
transfer,reference,ekf2_innovation_bias__2018-12-20__07_47_50__fault,actuator_outputs.output[6],141,139
transfer,reference,ekf2_innovation_bias__2018-12-20__07_47_50__fault,actuator_outputs.output[7],141,139
transfer,reference,ekf2_innovation_bias__2018-12-20__07_47_50__fault,battery_status.current_a,141,139
transfer,reference,ekf2_innovation_bias__2018-12-20__07_47_50__fault,battery_status.current_filtered_a,141,139
transfer,reference,ekf2_innovation_bias__2018-12-20__07_47_50__fault,battery_status.discharged_mah,141,139
transfer,reference,ekf2_innovation_bias__2018-12-20__07_47_50__fault,battery_status.remaining,141,139
transfer,reference,ekf2_innovation_bias__2018-12-20__07_47_50__fault,battery_status.voltage_filtered_v,141,139
transfer,reference,ekf2_innovation_bias__2018-12-20__07_47_50__fault,battery_status.voltage_v,141,139
transfer,reference,ekf2_innovation_bias__2018-12-20__07_47_50__fault,cpuload.load,141,140
transfer,reference,ekf2_innovation_bias__2018-12-20__07_47_50__fault,cpuload.ram_usage,141,140
transfer,reference,ekf2_innovation_bias__2018-12-20__07_47_50__fault,distance_sensor.current_distance,141,139
transfer,reference,ekf2_innovation_bias__2018-12-20__07_47_50__fault,ekf2_innovations.hagl_innov,141,139
transfer,reference,ekf2_innovation_bias__2018-12-20__07_47_50__fault,ekf2_innovations.heading_innov,141,139
transfer,reference,ekf2_innovation_bias__2018-12-20__07_47_50__fault,ekf2_innovations.output_tracking_error[0],141,139
transfer,reference,ekf2_innovation_bias__2018-12-20__07_47_50__fault,ekf2_innovations.output_tracking_error[1],141,139
transfer,reference,ekf2_innovation_bias__2018-12-20__07_47_50__fault,ekf2_innovations.output_tracking_error[2],141,139
transfer,reference,ekf2_innovation_bias__2018-12-20__07_47_50__fault,ekf2_innovations.vel_pos_innov[3],141,139
transfer,reference,ekf2_innovation_bias__2018-12-20__07_47_50__fault,ekf2_innovations.vel_pos_innov[4],141,139
transfer,reference,ekf2_innovation_bias__2018-12-20__07_47_50__fault,ekf2_innovations.vel_pos_innov[5],141,139
transfer,reference,ekf2_innovation_bias__2018-12-20__07_47_50__fault,estimator_status.hagl_test_ratio,141,139
transfer,reference,ekf2_innovation_bias__2018-12-20__07_47_50__fault,estimator_status.hgt_test_ratio,141,139
transfer,reference,ekf2_innovation_bias__2018-12-20__07_47_50__fault,estimator_status.mag_test_ratio,141,139
transfer,reference,ekf2_innovation_bias__2018-12-20__07_47_50__fault,estimator_status.pos_horiz_accuracy,141,139
transfer,reference,ekf2_innovation_bias__2018-12-20__07_47_50__fault,estimator_status.pos_test_ratio,141,139
transfer,reference,ekf2_innovation_bias__2018-12-20__07_47_50__fault,estimator_status.pos_vert_accuracy,141,139
transfer,reference,ekf2_innovation_bias__2018-12-20__07_47_50__fault,estimator_status.vibe[0],141,139
transfer,reference,ekf2_innovation_bias__2018-12-20__07_47_50__fault,estimator_status.vibe[1],141,139
transfer,reference,ekf2_innovation_bias__2018-12-20__07_47_50__fault,estimator_status.vibe[2],141,139
transfer,reference,ekf2_innovation_bias__2018-12-20__07_47_50__fault,manual_control_setpoint.r,141,139
transfer,reference,ekf2_innovation_bias__2018-12-20__07_47_50__fault,manual_control_setpoint.x,141,139
transfer,reference,ekf2_innovation_bias__2018-12-20__07_47_50__fault,manual_control_setpoint.y,141,139
transfer,reference,ekf2_innovation_bias__2018-12-20__07_47_50__fault,manual_control_setpoint.z,141,139
transfer,reference,ekf2_innovation_bias__2018-12-20__07_47_50__fault,rate_ctrl_status.pitchspeed_integ,141,114
transfer,reference,ekf2_innovation_bias__2018-12-20__07_47_50__fault,rate_ctrl_status.rollspeed_integ,141,114
transfer,reference,ekf2_innovation_bias__2018-12-20__07_47_50__fault,rate_ctrl_status.yawspeed_integ,141,114
transfer,reference,ekf2_innovation_bias__2018-12-20__07_47_50__fault,sensor_combined.accelerometer_m_s2[0],141,103
transfer,reference,ekf2_innovation_bias__2018-12-20__07_47_50__fault,sensor_combined.accelerometer_m_s2[1],141,103
transfer,reference,ekf2_innovation_bias__2018-12-20__07_47_50__fault,sensor_combined.accelerometer_m_s2[2],141,103
transfer,reference,ekf2_innovation_bias__2018-12-20__07_47_50__fault,sensor_combined.gyro_rad[0],141,103
transfer,reference,ekf2_innovation_bias__2018-12-20__07_47_50__fault,sensor_combined.gyro_rad[1],141,103
transfer,reference,ekf2_innovation_bias__2018-12-20__07_47_50__fault,sensor_combined.gyro_rad[2],141,103
transfer,reference,ekf2_innovation_bias__2018-12-20__07_47_50__fault,sensor_preflight.accel_inconsistency_m_s_s,141,0
transfer,reference,ekf2_innovation_bias__2018-12-20__07_47_50__fault,sensor_preflight.gyro_inconsistency_rad_s,141,0
transfer,reference,ekf2_innovation_bias__2018-12-20__07_47_50__fault,vehicle_attitude.pitchspeed,141,115
transfer,reference,ekf2_innovation_bias__2018-12-20__07_47_50__fault,vehicle_attitude.q[0],141,115
transfer,reference,ekf2_innovation_bias__2018-12-20__07_47_50__fault,vehicle_attitude.q[1],141,115
transfer,reference,ekf2_innovation_bias__2018-12-20__07_47_50__fault,vehicle_attitude.q[2],141,115
transfer,reference,ekf2_innovation_bias__2018-12-20__07_47_50__fault,vehicle_attitude.q[3],141,115
transfer,reference,ekf2_innovation_bias__2018-12-20__07_47_50__fault,vehicle_attitude.rollspeed,141,115
transfer,reference,ekf2_innovation_bias__2018-12-20__07_47_50__fault,vehicle_attitude.yawspeed,141,115
transfer,reference,ekf2_innovation_bias__2018-12-20__07_47_50__fault,vehicle_attitude_setpoint.pitch_body,141,139
transfer,reference,ekf2_innovation_bias__2018-12-20__07_47_50__fault,vehicle_attitude_setpoint.roll_body,141,139
transfer,reference,ekf2_innovation_bias__2018-12-20__07_47_50__fault,vehicle_attitude_setpoint.yaw_body,141,139
transfer,reference,ekf2_innovation_bias__2018-12-20__07_47_50__fault,vehicle_land_detected.ground_contact,141,139
transfer,reference,ekf2_innovation_bias__2018-12-20__07_47_50__fault,vehicle_land_detected.landed,141,139
transfer,reference,ekf2_innovation_bias__2018-12-20__07_47_50__fault,vehicle_land_detected.maybe_landed,141,139
transfer,reference,ekf2_innovation_bias__2018-12-20__07_47_50__fault,vehicle_local_position.ax,141,139
transfer,reference,ekf2_innovation_bias__2018-12-20__07_47_50__fault,vehicle_local_position.ay,141,139
transfer,reference,ekf2_innovation_bias__2018-12-20__07_47_50__fault,vehicle_local_position.az,141,139
transfer,reference,ekf2_innovation_bias__2018-12-20__07_47_50__fault,vehicle_local_position.dist_bottom,141,139
transfer,reference,ekf2_innovation_bias__2018-12-20__07_47_50__fault,vehicle_local_position.dist_bottom_rate,141,139
transfer,reference,ekf2_innovation_bias__2018-12-20__07_47_50__fault,vehicle_local_position.eph,141,139
transfer,reference,ekf2_innovation_bias__2018-12-20__07_47_50__fault,vehicle_local_position.epv,141,139
transfer,reference,ekf2_innovation_bias__2018-12-20__07_47_50__fault,vehicle_local_position.vx,141,139
transfer,reference,ekf2_innovation_bias__2018-12-20__07_47_50__fault,vehicle_local_position.vy,141,139
transfer,reference,ekf2_innovation_bias__2018-12-20__07_47_50__fault,vehicle_local_position.vz,141,139
transfer,reference,ekf2_innovation_bias__2018-12-20__07_47_50__fault,vehicle_local_position.x,141,139
transfer,reference,ekf2_innovation_bias__2018-12-20__07_47_50__fault,vehicle_local_position.y,141,139
transfer,reference,ekf2_innovation_bias__2018-12-20__07_47_50__fault,vehicle_local_position.z,141,139
transfer,reference,ekf2_innovation_bias__2018-12-20__07_47_50__fault,vehicle_rates_setpoint.pitch,141,139
transfer,reference,ekf2_innovation_bias__2018-12-20__07_47_50__fault,vehicle_rates_setpoint.roll,141,139
transfer,reference,ekf2_innovation_bias__2018-12-20__07_47_50__fault,vehicle_rates_setpoint.yaw,141,139
transfer,reference,ekf2_innovation_bias__2018-12-20__07_47_50__fault,vehicle_status.arming_state,141,139
transfer,reference,ekf2_innovation_bias__2018-12-20__07_47_50__fault,vehicle_status.nav_state,141,139
transfer,reference,ekf2_innovation_bias__2018-12-20__07_47_50__fault,vehicle_vision_position.x,141,139
transfer,reference,ekf2_innovation_bias__2018-12-20__07_47_50__fault,vehicle_vision_position.y,141,139
transfer,reference,ekf2_innovation_bias__2018-12-20__07_47_50__fault,vehicle_vision_position.z,141,139
transfer,reference,ekf2_innovation_bias__2018-12-25__08_44_40__fault,actuator_controls_0.control[0],165,161
transfer,reference,ekf2_innovation_bias__2018-12-25__08_44_40__fault,actuator_controls_0.control[1],165,161
transfer,reference,ekf2_innovation_bias__2018-12-25__08_44_40__fault,actuator_controls_0.control[2],165,161
transfer,reference,ekf2_innovation_bias__2018-12-25__08_44_40__fault,actuator_controls_0.control[3],165,161
transfer,reference,ekf2_innovation_bias__2018-12-25__08_44_40__fault,actuator_outputs.output[0],165,80
transfer,reference,ekf2_innovation_bias__2018-12-25__08_44_40__fault,actuator_outputs.output[1],165,80
transfer,reference,ekf2_innovation_bias__2018-12-25__08_44_40__fault,actuator_outputs.output[2],165,80
transfer,reference,ekf2_innovation_bias__2018-12-25__08_44_40__fault,actuator_outputs.output[3],165,80
transfer,reference,ekf2_innovation_bias__2018-12-25__08_44_40__fault,actuator_outputs.output[4],165,80
transfer,reference,ekf2_innovation_bias__2018-12-25__08_44_40__fault,actuator_outputs.output[5],165,80
transfer,reference,ekf2_innovation_bias__2018-12-25__08_44_40__fault,actuator_outputs.output[6],165,80
transfer,reference,ekf2_innovation_bias__2018-12-25__08_44_40__fault,actuator_outputs.output[7],165,80
transfer,reference,ekf2_innovation_bias__2018-12-25__08_44_40__fault,battery_status.current_a,165,161
transfer,reference,ekf2_innovation_bias__2018-12-25__08_44_40__fault,battery_status.current_filtered_a,165,161
transfer,reference,ekf2_innovation_bias__2018-12-25__08_44_40__fault,battery_status.discharged_mah,165,161
transfer,reference,ekf2_innovation_bias__2018-12-25__08_44_40__fault,battery_status.remaining,165,161
transfer,reference,ekf2_innovation_bias__2018-12-25__08_44_40__fault,battery_status.voltage_filtered_v,165,161
transfer,reference,ekf2_innovation_bias__2018-12-25__08_44_40__fault,battery_status.voltage_v,165,161
transfer,reference,ekf2_innovation_bias__2018-12-25__08_44_40__fault,cpuload.load,165,162
transfer,reference,ekf2_innovation_bias__2018-12-25__08_44_40__fault,cpuload.ram_usage,165,162
transfer,reference,ekf2_innovation_bias__2018-12-25__08_44_40__fault,distance_sensor.current_distance,165,161
transfer,reference,ekf2_innovation_bias__2018-12-25__08_44_40__fault,ekf2_innovations.hagl_innov,165,161
transfer,reference,ekf2_innovation_bias__2018-12-25__08_44_40__fault,ekf2_innovations.heading_innov,165,161
transfer,reference,ekf2_innovation_bias__2018-12-25__08_44_40__fault,ekf2_innovations.output_tracking_error[0],165,161
transfer,reference,ekf2_innovation_bias__2018-12-25__08_44_40__fault,ekf2_innovations.output_tracking_error[1],165,161
transfer,reference,ekf2_innovation_bias__2018-12-25__08_44_40__fault,ekf2_innovations.output_tracking_error[2],165,161
transfer,reference,ekf2_innovation_bias__2018-12-25__08_44_40__fault,ekf2_innovations.vel_pos_innov[3],165,161
transfer,reference,ekf2_innovation_bias__2018-12-25__08_44_40__fault,ekf2_innovations.vel_pos_innov[4],165,161
transfer,reference,ekf2_innovation_bias__2018-12-25__08_44_40__fault,ekf2_innovations.vel_pos_innov[5],165,161
transfer,reference,ekf2_innovation_bias__2018-12-25__08_44_40__fault,estimator_status.hagl_test_ratio,165,161
transfer,reference,ekf2_innovation_bias__2018-12-25__08_44_40__fault,estimator_status.hgt_test_ratio,165,161
transfer,reference,ekf2_innovation_bias__2018-12-25__08_44_40__fault,estimator_status.mag_test_ratio,165,161
transfer,reference,ekf2_innovation_bias__2018-12-25__08_44_40__fault,estimator_status.pos_horiz_accuracy,165,161
transfer,reference,ekf2_innovation_bias__2018-12-25__08_44_40__fault,estimator_status.pos_test_ratio,165,161
transfer,reference,ekf2_innovation_bias__2018-12-25__08_44_40__fault,estimator_status.pos_vert_accuracy,165,161
transfer,reference,ekf2_innovation_bias__2018-12-25__08_44_40__fault,estimator_status.vibe[0],165,161
transfer,reference,ekf2_innovation_bias__2018-12-25__08_44_40__fault,estimator_status.vibe[1],165,161
transfer,reference,ekf2_innovation_bias__2018-12-25__08_44_40__fault,estimator_status.vibe[2],165,161
transfer,reference,ekf2_innovation_bias__2018-12-25__08_44_40__fault,manual_control_setpoint.r,165,161
transfer,reference,ekf2_innovation_bias__2018-12-25__08_44_40__fault,manual_control_setpoint.x,165,161
transfer,reference,ekf2_innovation_bias__2018-12-25__08_44_40__fault,manual_control_setpoint.y,165,161
transfer,reference,ekf2_innovation_bias__2018-12-25__08_44_40__fault,manual_control_setpoint.z,165,161
transfer,reference,ekf2_innovation_bias__2018-12-25__08_44_40__fault,rate_ctrl_status.pitchspeed_integ,165,105
transfer,reference,ekf2_innovation_bias__2018-12-25__08_44_40__fault,rate_ctrl_status.rollspeed_integ,165,105
transfer,reference,ekf2_innovation_bias__2018-12-25__08_44_40__fault,rate_ctrl_status.yawspeed_integ,165,105
transfer,reference,ekf2_innovation_bias__2018-12-25__08_44_40__fault,sensor_combined.accelerometer_m_s2[0],165,96
transfer,reference,ekf2_innovation_bias__2018-12-25__08_44_40__fault,sensor_combined.accelerometer_m_s2[1],165,96
transfer,reference,ekf2_innovation_bias__2018-12-25__08_44_40__fault,sensor_combined.accelerometer_m_s2[2],165,96
transfer,reference,ekf2_innovation_bias__2018-12-25__08_44_40__fault,sensor_combined.gyro_rad[0],165,96
transfer,reference,ekf2_innovation_bias__2018-12-25__08_44_40__fault,sensor_combined.gyro_rad[1],165,96
transfer,reference,ekf2_innovation_bias__2018-12-25__08_44_40__fault,sensor_combined.gyro_rad[2],165,96
transfer,reference,ekf2_innovation_bias__2018-12-25__08_44_40__fault,sensor_preflight.accel_inconsistency_m_s_s,165,0
transfer,reference,ekf2_innovation_bias__2018-12-25__08_44_40__fault,sensor_preflight.gyro_inconsistency_rad_s,165,0
transfer,reference,ekf2_innovation_bias__2018-12-25__08_44_40__fault,vehicle_attitude.pitchspeed,165,107
transfer,reference,ekf2_innovation_bias__2018-12-25__08_44_40__fault,vehicle_attitude.q[0],165,107
transfer,reference,ekf2_innovation_bias__2018-12-25__08_44_40__fault,vehicle_attitude.q[1],165,107
transfer,reference,ekf2_innovation_bias__2018-12-25__08_44_40__fault,vehicle_attitude.q[2],165,107
transfer,reference,ekf2_innovation_bias__2018-12-25__08_44_40__fault,vehicle_attitude.q[3],165,107
transfer,reference,ekf2_innovation_bias__2018-12-25__08_44_40__fault,vehicle_attitude.rollspeed,165,107
transfer,reference,ekf2_innovation_bias__2018-12-25__08_44_40__fault,vehicle_attitude.yawspeed,165,107
transfer,reference,ekf2_innovation_bias__2018-12-25__08_44_40__fault,vehicle_attitude_setpoint.pitch_body,165,161
transfer,reference,ekf2_innovation_bias__2018-12-25__08_44_40__fault,vehicle_attitude_setpoint.roll_body,165,161
transfer,reference,ekf2_innovation_bias__2018-12-25__08_44_40__fault,vehicle_attitude_setpoint.yaw_body,165,161
transfer,reference,ekf2_innovation_bias__2018-12-25__08_44_40__fault,vehicle_land_detected.ground_contact,165,165
transfer,reference,ekf2_innovation_bias__2018-12-25__08_44_40__fault,vehicle_land_detected.landed,165,165
transfer,reference,ekf2_innovation_bias__2018-12-25__08_44_40__fault,vehicle_land_detected.maybe_landed,165,165
transfer,reference,ekf2_innovation_bias__2018-12-25__08_44_40__fault,vehicle_local_position.ax,165,161
transfer,reference,ekf2_innovation_bias__2018-12-25__08_44_40__fault,vehicle_local_position.ay,165,161
transfer,reference,ekf2_innovation_bias__2018-12-25__08_44_40__fault,vehicle_local_position.az,165,161
transfer,reference,ekf2_innovation_bias__2018-12-25__08_44_40__fault,vehicle_local_position.dist_bottom,165,161
transfer,reference,ekf2_innovation_bias__2018-12-25__08_44_40__fault,vehicle_local_position.dist_bottom_rate,165,161
transfer,reference,ekf2_innovation_bias__2018-12-25__08_44_40__fault,vehicle_local_position.eph,165,161
transfer,reference,ekf2_innovation_bias__2018-12-25__08_44_40__fault,vehicle_local_position.epv,165,161
transfer,reference,ekf2_innovation_bias__2018-12-25__08_44_40__fault,vehicle_local_position.vx,165,161
transfer,reference,ekf2_innovation_bias__2018-12-25__08_44_40__fault,vehicle_local_position.vy,165,161
transfer,reference,ekf2_innovation_bias__2018-12-25__08_44_40__fault,vehicle_local_position.vz,165,161
transfer,reference,ekf2_innovation_bias__2018-12-25__08_44_40__fault,vehicle_local_position.x,165,161
transfer,reference,ekf2_innovation_bias__2018-12-25__08_44_40__fault,vehicle_local_position.y,165,161
transfer,reference,ekf2_innovation_bias__2018-12-25__08_44_40__fault,vehicle_local_position.z,165,161
transfer,reference,ekf2_innovation_bias__2018-12-25__08_44_40__fault,vehicle_rates_setpoint.pitch,165,106
transfer,reference,ekf2_innovation_bias__2018-12-25__08_44_40__fault,vehicle_rates_setpoint.roll,165,106
transfer,reference,ekf2_innovation_bias__2018-12-25__08_44_40__fault,vehicle_rates_setpoint.yaw,165,106
transfer,reference,ekf2_innovation_bias__2018-12-25__08_44_40__fault,vehicle_status.arming_state,165,165
transfer,reference,ekf2_innovation_bias__2018-12-25__08_44_40__fault,vehicle_status.nav_state,165,165
transfer,reference,ekf2_innovation_bias__2018-12-25__08_44_40__fault,vehicle_vision_position.x,165,161
transfer,reference,ekf2_innovation_bias__2018-12-25__08_44_40__fault,vehicle_vision_position.y,165,161
transfer,reference,ekf2_innovation_bias__2018-12-25__08_44_40__fault,vehicle_vision_position.z,165,161
transfer,reference,inav_local_z_freeze__2018-12-19__07_49_17__fault,actuator_controls_0.control[0],97,95
transfer,reference,inav_local_z_freeze__2018-12-19__07_49_17__fault,actuator_controls_0.control[1],97,95
transfer,reference,inav_local_z_freeze__2018-12-19__07_49_17__fault,actuator_controls_0.control[2],97,95
transfer,reference,inav_local_z_freeze__2018-12-19__07_49_17__fault,actuator_controls_0.control[3],97,95
transfer,reference,inav_local_z_freeze__2018-12-19__07_49_17__fault,actuator_outputs.output[0],97,95
transfer,reference,inav_local_z_freeze__2018-12-19__07_49_17__fault,actuator_outputs.output[1],97,95
transfer,reference,inav_local_z_freeze__2018-12-19__07_49_17__fault,actuator_outputs.output[2],97,95
transfer,reference,inav_local_z_freeze__2018-12-19__07_49_17__fault,actuator_outputs.output[3],97,95
transfer,reference,inav_local_z_freeze__2018-12-19__07_49_17__fault,actuator_outputs.output[4],97,95
transfer,reference,inav_local_z_freeze__2018-12-19__07_49_17__fault,actuator_outputs.output[5],97,95
transfer,reference,inav_local_z_freeze__2018-12-19__07_49_17__fault,actuator_outputs.output[6],97,95
transfer,reference,inav_local_z_freeze__2018-12-19__07_49_17__fault,actuator_outputs.output[7],97,95
transfer,reference,inav_local_z_freeze__2018-12-19__07_49_17__fault,battery_status.current_a,97,95
transfer,reference,inav_local_z_freeze__2018-12-19__07_49_17__fault,battery_status.current_filtered_a,97,95
transfer,reference,inav_local_z_freeze__2018-12-19__07_49_17__fault,battery_status.discharged_mah,97,95
transfer,reference,inav_local_z_freeze__2018-12-19__07_49_17__fault,battery_status.remaining,97,95
transfer,reference,inav_local_z_freeze__2018-12-19__07_49_17__fault,battery_status.voltage_filtered_v,97,95
transfer,reference,inav_local_z_freeze__2018-12-19__07_49_17__fault,battery_status.voltage_v,97,95
transfer,reference,inav_local_z_freeze__2018-12-19__07_49_17__fault,cpuload.load,97,96
transfer,reference,inav_local_z_freeze__2018-12-19__07_49_17__fault,cpuload.ram_usage,97,96
transfer,reference,inav_local_z_freeze__2018-12-19__07_49_17__fault,distance_sensor.current_distance,97,95
transfer,reference,inav_local_z_freeze__2018-12-19__07_49_17__fault,ekf2_innovations.hagl_innov,97,81
transfer,reference,inav_local_z_freeze__2018-12-19__07_49_17__fault,ekf2_innovations.heading_innov,97,81
transfer,reference,inav_local_z_freeze__2018-12-19__07_49_17__fault,ekf2_innovations.output_tracking_error[0],97,81
transfer,reference,inav_local_z_freeze__2018-12-19__07_49_17__fault,ekf2_innovations.output_tracking_error[1],97,81
transfer,reference,inav_local_z_freeze__2018-12-19__07_49_17__fault,ekf2_innovations.output_tracking_error[2],97,81
transfer,reference,inav_local_z_freeze__2018-12-19__07_49_17__fault,ekf2_innovations.vel_pos_innov[3],97,81
transfer,reference,inav_local_z_freeze__2018-12-19__07_49_17__fault,ekf2_innovations.vel_pos_innov[4],97,81
transfer,reference,inav_local_z_freeze__2018-12-19__07_49_17__fault,ekf2_innovations.vel_pos_innov[5],97,81
transfer,reference,inav_local_z_freeze__2018-12-19__07_49_17__fault,estimator_status.hagl_test_ratio,97,82
transfer,reference,inav_local_z_freeze__2018-12-19__07_49_17__fault,estimator_status.hgt_test_ratio,97,82
transfer,reference,inav_local_z_freeze__2018-12-19__07_49_17__fault,estimator_status.mag_test_ratio,97,82
transfer,reference,inav_local_z_freeze__2018-12-19__07_49_17__fault,estimator_status.pos_horiz_accuracy,97,82
transfer,reference,inav_local_z_freeze__2018-12-19__07_49_17__fault,estimator_status.pos_test_ratio,97,82
transfer,reference,inav_local_z_freeze__2018-12-19__07_49_17__fault,estimator_status.pos_vert_accuracy,97,82
transfer,reference,inav_local_z_freeze__2018-12-19__07_49_17__fault,estimator_status.vibe[0],97,82
transfer,reference,inav_local_z_freeze__2018-12-19__07_49_17__fault,estimator_status.vibe[1],97,82
transfer,reference,inav_local_z_freeze__2018-12-19__07_49_17__fault,estimator_status.vibe[2],97,82
transfer,reference,inav_local_z_freeze__2018-12-19__07_49_17__fault,manual_control_setpoint.r,97,81
transfer,reference,inav_local_z_freeze__2018-12-19__07_49_17__fault,manual_control_setpoint.x,97,81
transfer,reference,inav_local_z_freeze__2018-12-19__07_49_17__fault,manual_control_setpoint.y,97,81
transfer,reference,inav_local_z_freeze__2018-12-19__07_49_17__fault,manual_control_setpoint.z,97,81
transfer,reference,inav_local_z_freeze__2018-12-19__07_49_17__fault,rate_ctrl_status.pitchspeed_integ,97,36
transfer,reference,inav_local_z_freeze__2018-12-19__07_49_17__fault,rate_ctrl_status.rollspeed_integ,97,36
transfer,reference,inav_local_z_freeze__2018-12-19__07_49_17__fault,rate_ctrl_status.yawspeed_integ,97,36
transfer,reference,inav_local_z_freeze__2018-12-19__07_49_17__fault,sensor_combined.accelerometer_m_s2[0],97,95
transfer,reference,inav_local_z_freeze__2018-12-19__07_49_17__fault,sensor_combined.accelerometer_m_s2[1],97,95
transfer,reference,inav_local_z_freeze__2018-12-19__07_49_17__fault,sensor_combined.accelerometer_m_s2[2],97,95
transfer,reference,inav_local_z_freeze__2018-12-19__07_49_17__fault,sensor_combined.gyro_rad[0],97,95
transfer,reference,inav_local_z_freeze__2018-12-19__07_49_17__fault,sensor_combined.gyro_rad[1],97,95
transfer,reference,inav_local_z_freeze__2018-12-19__07_49_17__fault,sensor_combined.gyro_rad[2],97,95
transfer,reference,inav_local_z_freeze__2018-12-19__07_49_17__fault,sensor_preflight.accel_inconsistency_m_s_s,97,0
transfer,reference,inav_local_z_freeze__2018-12-19__07_49_17__fault,sensor_preflight.gyro_inconsistency_rad_s,97,0
transfer,reference,inav_local_z_freeze__2018-12-19__07_49_17__fault,vehicle_attitude.pitchspeed,97,3
transfer,reference,inav_local_z_freeze__2018-12-19__07_49_17__fault,vehicle_attitude.q[0],97,3
transfer,reference,inav_local_z_freeze__2018-12-19__07_49_17__fault,vehicle_attitude.q[1],97,3
transfer,reference,inav_local_z_freeze__2018-12-19__07_49_17__fault,vehicle_attitude.q[2],97,3
transfer,reference,inav_local_z_freeze__2018-12-19__07_49_17__fault,vehicle_attitude.q[3],97,3
transfer,reference,inav_local_z_freeze__2018-12-19__07_49_17__fault,vehicle_attitude.rollspeed,97,3
transfer,reference,inav_local_z_freeze__2018-12-19__07_49_17__fault,vehicle_attitude.yawspeed,97,3
transfer,reference,inav_local_z_freeze__2018-12-19__07_49_17__fault,vehicle_attitude_setpoint.pitch_body,97,95
transfer,reference,inav_local_z_freeze__2018-12-19__07_49_17__fault,vehicle_attitude_setpoint.roll_body,97,95
transfer,reference,inav_local_z_freeze__2018-12-19__07_49_17__fault,vehicle_attitude_setpoint.yaw_body,97,95
transfer,reference,inav_local_z_freeze__2018-12-19__07_49_17__fault,vehicle_land_detected.ground_contact,97,96
transfer,reference,inav_local_z_freeze__2018-12-19__07_49_17__fault,vehicle_land_detected.landed,97,96
transfer,reference,inav_local_z_freeze__2018-12-19__07_49_17__fault,vehicle_land_detected.maybe_landed,97,96
transfer,reference,inav_local_z_freeze__2018-12-19__07_49_17__fault,vehicle_local_position.ax,97,92
transfer,reference,inav_local_z_freeze__2018-12-19__07_49_17__fault,vehicle_local_position.ay,97,92
transfer,reference,inav_local_z_freeze__2018-12-19__07_49_17__fault,vehicle_local_position.az,97,92
transfer,reference,inav_local_z_freeze__2018-12-19__07_49_17__fault,vehicle_local_position.dist_bottom,97,92
transfer,reference,inav_local_z_freeze__2018-12-19__07_49_17__fault,vehicle_local_position.dist_bottom_rate,97,92
transfer,reference,inav_local_z_freeze__2018-12-19__07_49_17__fault,vehicle_local_position.eph,97,92
transfer,reference,inav_local_z_freeze__2018-12-19__07_49_17__fault,vehicle_local_position.epv,97,92
transfer,reference,inav_local_z_freeze__2018-12-19__07_49_17__fault,vehicle_local_position.vx,97,92
transfer,reference,inav_local_z_freeze__2018-12-19__07_49_17__fault,vehicle_local_position.vy,97,92
transfer,reference,inav_local_z_freeze__2018-12-19__07_49_17__fault,vehicle_local_position.vz,97,92
transfer,reference,inav_local_z_freeze__2018-12-19__07_49_17__fault,vehicle_local_position.x,97,92
transfer,reference,inav_local_z_freeze__2018-12-19__07_49_17__fault,vehicle_local_position.y,97,92
transfer,reference,inav_local_z_freeze__2018-12-19__07_49_17__fault,vehicle_local_position.z,97,92
transfer,reference,inav_local_z_freeze__2018-12-19__07_49_17__fault,vehicle_rates_setpoint.pitch,97,16
transfer,reference,inav_local_z_freeze__2018-12-19__07_49_17__fault,vehicle_rates_setpoint.roll,97,16
transfer,reference,inav_local_z_freeze__2018-12-19__07_49_17__fault,vehicle_rates_setpoint.yaw,97,16
transfer,reference,inav_local_z_freeze__2018-12-19__07_49_17__fault,vehicle_status.arming_state,97,95
transfer,reference,inav_local_z_freeze__2018-12-19__07_49_17__fault,vehicle_status.nav_state,97,95
transfer,reference,inav_local_z_freeze__2018-12-19__07_49_17__fault,vehicle_vision_position.x,97,79
transfer,reference,inav_local_z_freeze__2018-12-19__07_49_17__fault,vehicle_vision_position.y,97,79
transfer,reference,inav_local_z_freeze__2018-12-19__07_49_17__fault,vehicle_vision_position.z,97,79
transfer,reference,inav_local_z_freeze__2018-12-20__07_47_50__fault,actuator_controls_0.control[0],141,139
transfer,reference,inav_local_z_freeze__2018-12-20__07_47_50__fault,actuator_controls_0.control[1],141,139
transfer,reference,inav_local_z_freeze__2018-12-20__07_47_50__fault,actuator_controls_0.control[2],141,139
transfer,reference,inav_local_z_freeze__2018-12-20__07_47_50__fault,actuator_controls_0.control[3],141,139
transfer,reference,inav_local_z_freeze__2018-12-20__07_47_50__fault,actuator_outputs.output[0],141,139
transfer,reference,inav_local_z_freeze__2018-12-20__07_47_50__fault,actuator_outputs.output[1],141,139
transfer,reference,inav_local_z_freeze__2018-12-20__07_47_50__fault,actuator_outputs.output[2],141,139
transfer,reference,inav_local_z_freeze__2018-12-20__07_47_50__fault,actuator_outputs.output[3],141,139
transfer,reference,inav_local_z_freeze__2018-12-20__07_47_50__fault,actuator_outputs.output[4],141,139
transfer,reference,inav_local_z_freeze__2018-12-20__07_47_50__fault,actuator_outputs.output[5],141,139
transfer,reference,inav_local_z_freeze__2018-12-20__07_47_50__fault,actuator_outputs.output[6],141,139
transfer,reference,inav_local_z_freeze__2018-12-20__07_47_50__fault,actuator_outputs.output[7],141,139
transfer,reference,inav_local_z_freeze__2018-12-20__07_47_50__fault,battery_status.current_a,141,139
transfer,reference,inav_local_z_freeze__2018-12-20__07_47_50__fault,battery_status.current_filtered_a,141,139
transfer,reference,inav_local_z_freeze__2018-12-20__07_47_50__fault,battery_status.discharged_mah,141,139
transfer,reference,inav_local_z_freeze__2018-12-20__07_47_50__fault,battery_status.remaining,141,139
transfer,reference,inav_local_z_freeze__2018-12-20__07_47_50__fault,battery_status.voltage_filtered_v,141,139
transfer,reference,inav_local_z_freeze__2018-12-20__07_47_50__fault,battery_status.voltage_v,141,139
transfer,reference,inav_local_z_freeze__2018-12-20__07_47_50__fault,cpuload.load,141,140
transfer,reference,inav_local_z_freeze__2018-12-20__07_47_50__fault,cpuload.ram_usage,141,140
transfer,reference,inav_local_z_freeze__2018-12-20__07_47_50__fault,distance_sensor.current_distance,141,139
transfer,reference,inav_local_z_freeze__2018-12-20__07_47_50__fault,ekf2_innovations.hagl_innov,141,139
transfer,reference,inav_local_z_freeze__2018-12-20__07_47_50__fault,ekf2_innovations.heading_innov,141,139
transfer,reference,inav_local_z_freeze__2018-12-20__07_47_50__fault,ekf2_innovations.output_tracking_error[0],141,139
transfer,reference,inav_local_z_freeze__2018-12-20__07_47_50__fault,ekf2_innovations.output_tracking_error[1],141,139
transfer,reference,inav_local_z_freeze__2018-12-20__07_47_50__fault,ekf2_innovations.output_tracking_error[2],141,139
transfer,reference,inav_local_z_freeze__2018-12-20__07_47_50__fault,ekf2_innovations.vel_pos_innov[3],141,139
transfer,reference,inav_local_z_freeze__2018-12-20__07_47_50__fault,ekf2_innovations.vel_pos_innov[4],141,139
transfer,reference,inav_local_z_freeze__2018-12-20__07_47_50__fault,ekf2_innovations.vel_pos_innov[5],141,139
transfer,reference,inav_local_z_freeze__2018-12-20__07_47_50__fault,estimator_status.hagl_test_ratio,141,139
transfer,reference,inav_local_z_freeze__2018-12-20__07_47_50__fault,estimator_status.hgt_test_ratio,141,139
transfer,reference,inav_local_z_freeze__2018-12-20__07_47_50__fault,estimator_status.mag_test_ratio,141,139
transfer,reference,inav_local_z_freeze__2018-12-20__07_47_50__fault,estimator_status.pos_horiz_accuracy,141,139
transfer,reference,inav_local_z_freeze__2018-12-20__07_47_50__fault,estimator_status.pos_test_ratio,141,139
transfer,reference,inav_local_z_freeze__2018-12-20__07_47_50__fault,estimator_status.pos_vert_accuracy,141,139
transfer,reference,inav_local_z_freeze__2018-12-20__07_47_50__fault,estimator_status.vibe[0],141,139
transfer,reference,inav_local_z_freeze__2018-12-20__07_47_50__fault,estimator_status.vibe[1],141,139
transfer,reference,inav_local_z_freeze__2018-12-20__07_47_50__fault,estimator_status.vibe[2],141,139
transfer,reference,inav_local_z_freeze__2018-12-20__07_47_50__fault,manual_control_setpoint.r,141,139
transfer,reference,inav_local_z_freeze__2018-12-20__07_47_50__fault,manual_control_setpoint.x,141,139
transfer,reference,inav_local_z_freeze__2018-12-20__07_47_50__fault,manual_control_setpoint.y,141,139
transfer,reference,inav_local_z_freeze__2018-12-20__07_47_50__fault,manual_control_setpoint.z,141,139
transfer,reference,inav_local_z_freeze__2018-12-20__07_47_50__fault,rate_ctrl_status.pitchspeed_integ,141,87
transfer,reference,inav_local_z_freeze__2018-12-20__07_47_50__fault,rate_ctrl_status.rollspeed_integ,141,87
transfer,reference,inav_local_z_freeze__2018-12-20__07_47_50__fault,rate_ctrl_status.yawspeed_integ,141,87
transfer,reference,inav_local_z_freeze__2018-12-20__07_47_50__fault,sensor_combined.accelerometer_m_s2[0],141,103
transfer,reference,inav_local_z_freeze__2018-12-20__07_47_50__fault,sensor_combined.accelerometer_m_s2[1],141,103
transfer,reference,inav_local_z_freeze__2018-12-20__07_47_50__fault,sensor_combined.accelerometer_m_s2[2],141,103
transfer,reference,inav_local_z_freeze__2018-12-20__07_47_50__fault,sensor_combined.gyro_rad[0],141,103
transfer,reference,inav_local_z_freeze__2018-12-20__07_47_50__fault,sensor_combined.gyro_rad[1],141,103
transfer,reference,inav_local_z_freeze__2018-12-20__07_47_50__fault,sensor_combined.gyro_rad[2],141,103
transfer,reference,inav_local_z_freeze__2018-12-20__07_47_50__fault,sensor_preflight.accel_inconsistency_m_s_s,141,0
transfer,reference,inav_local_z_freeze__2018-12-20__07_47_50__fault,sensor_preflight.gyro_inconsistency_rad_s,141,0
transfer,reference,inav_local_z_freeze__2018-12-20__07_47_50__fault,vehicle_attitude.pitchspeed,141,67
transfer,reference,inav_local_z_freeze__2018-12-20__07_47_50__fault,vehicle_attitude.q[0],141,67
transfer,reference,inav_local_z_freeze__2018-12-20__07_47_50__fault,vehicle_attitude.q[1],141,67
transfer,reference,inav_local_z_freeze__2018-12-20__07_47_50__fault,vehicle_attitude.q[2],141,67
transfer,reference,inav_local_z_freeze__2018-12-20__07_47_50__fault,vehicle_attitude.q[3],141,67
transfer,reference,inav_local_z_freeze__2018-12-20__07_47_50__fault,vehicle_attitude.rollspeed,141,67
transfer,reference,inav_local_z_freeze__2018-12-20__07_47_50__fault,vehicle_attitude.yawspeed,141,67
transfer,reference,inav_local_z_freeze__2018-12-20__07_47_50__fault,vehicle_attitude_setpoint.pitch_body,141,139
transfer,reference,inav_local_z_freeze__2018-12-20__07_47_50__fault,vehicle_attitude_setpoint.roll_body,141,139
transfer,reference,inav_local_z_freeze__2018-12-20__07_47_50__fault,vehicle_attitude_setpoint.yaw_body,141,139
transfer,reference,inav_local_z_freeze__2018-12-20__07_47_50__fault,vehicle_land_detected.ground_contact,141,139
transfer,reference,inav_local_z_freeze__2018-12-20__07_47_50__fault,vehicle_land_detected.landed,141,139
transfer,reference,inav_local_z_freeze__2018-12-20__07_47_50__fault,vehicle_land_detected.maybe_landed,141,139
transfer,reference,inav_local_z_freeze__2018-12-20__07_47_50__fault,vehicle_local_position.ax,141,136
transfer,reference,inav_local_z_freeze__2018-12-20__07_47_50__fault,vehicle_local_position.ay,141,136
transfer,reference,inav_local_z_freeze__2018-12-20__07_47_50__fault,vehicle_local_position.az,141,136
transfer,reference,inav_local_z_freeze__2018-12-20__07_47_50__fault,vehicle_local_position.dist_bottom,141,136
transfer,reference,inav_local_z_freeze__2018-12-20__07_47_50__fault,vehicle_local_position.dist_bottom_rate,141,136
transfer,reference,inav_local_z_freeze__2018-12-20__07_47_50__fault,vehicle_local_position.eph,141,136
transfer,reference,inav_local_z_freeze__2018-12-20__07_47_50__fault,vehicle_local_position.epv,141,136
transfer,reference,inav_local_z_freeze__2018-12-20__07_47_50__fault,vehicle_local_position.vx,141,136
transfer,reference,inav_local_z_freeze__2018-12-20__07_47_50__fault,vehicle_local_position.vy,141,136
transfer,reference,inav_local_z_freeze__2018-12-20__07_47_50__fault,vehicle_local_position.vz,141,136
transfer,reference,inav_local_z_freeze__2018-12-20__07_47_50__fault,vehicle_local_position.x,141,136
transfer,reference,inav_local_z_freeze__2018-12-20__07_47_50__fault,vehicle_local_position.y,141,136
transfer,reference,inav_local_z_freeze__2018-12-20__07_47_50__fault,vehicle_local_position.z,141,136
transfer,reference,inav_local_z_freeze__2018-12-20__07_47_50__fault,vehicle_rates_setpoint.pitch,141,93
transfer,reference,inav_local_z_freeze__2018-12-20__07_47_50__fault,vehicle_rates_setpoint.roll,141,93
transfer,reference,inav_local_z_freeze__2018-12-20__07_47_50__fault,vehicle_rates_setpoint.yaw,141,93
transfer,reference,inav_local_z_freeze__2018-12-20__07_47_50__fault,vehicle_status.arming_state,141,139
transfer,reference,inav_local_z_freeze__2018-12-20__07_47_50__fault,vehicle_status.nav_state,141,139
transfer,reference,inav_local_z_freeze__2018-12-20__07_47_50__fault,vehicle_vision_position.x,141,139
transfer,reference,inav_local_z_freeze__2018-12-20__07_47_50__fault,vehicle_vision_position.y,141,139
transfer,reference,inav_local_z_freeze__2018-12-20__07_47_50__fault,vehicle_vision_position.z,141,139
transfer,reference,inav_local_z_freeze__2018-12-25__08_44_40__fault,actuator_controls_0.control[0],165,161
transfer,reference,inav_local_z_freeze__2018-12-25__08_44_40__fault,actuator_controls_0.control[1],165,161
transfer,reference,inav_local_z_freeze__2018-12-25__08_44_40__fault,actuator_controls_0.control[2],165,161
transfer,reference,inav_local_z_freeze__2018-12-25__08_44_40__fault,actuator_controls_0.control[3],165,161
transfer,reference,inav_local_z_freeze__2018-12-25__08_44_40__fault,actuator_outputs.output[0],165,144
transfer,reference,inav_local_z_freeze__2018-12-25__08_44_40__fault,actuator_outputs.output[1],165,144
transfer,reference,inav_local_z_freeze__2018-12-25__08_44_40__fault,actuator_outputs.output[2],165,144
transfer,reference,inav_local_z_freeze__2018-12-25__08_44_40__fault,actuator_outputs.output[3],165,144
transfer,reference,inav_local_z_freeze__2018-12-25__08_44_40__fault,actuator_outputs.output[4],165,144
transfer,reference,inav_local_z_freeze__2018-12-25__08_44_40__fault,actuator_outputs.output[5],165,144
transfer,reference,inav_local_z_freeze__2018-12-25__08_44_40__fault,actuator_outputs.output[6],165,144
transfer,reference,inav_local_z_freeze__2018-12-25__08_44_40__fault,actuator_outputs.output[7],165,144
transfer,reference,inav_local_z_freeze__2018-12-25__08_44_40__fault,battery_status.current_a,165,163
transfer,reference,inav_local_z_freeze__2018-12-25__08_44_40__fault,battery_status.current_filtered_a,165,163
transfer,reference,inav_local_z_freeze__2018-12-25__08_44_40__fault,battery_status.discharged_mah,165,163
transfer,reference,inav_local_z_freeze__2018-12-25__08_44_40__fault,battery_status.remaining,165,163
transfer,reference,inav_local_z_freeze__2018-12-25__08_44_40__fault,battery_status.voltage_filtered_v,165,163
transfer,reference,inav_local_z_freeze__2018-12-25__08_44_40__fault,battery_status.voltage_v,165,163
transfer,reference,inav_local_z_freeze__2018-12-25__08_44_40__fault,cpuload.load,165,162
transfer,reference,inav_local_z_freeze__2018-12-25__08_44_40__fault,cpuload.ram_usage,165,162
transfer,reference,inav_local_z_freeze__2018-12-25__08_44_40__fault,distance_sensor.current_distance,165,161
transfer,reference,inav_local_z_freeze__2018-12-25__08_44_40__fault,ekf2_innovations.hagl_innov,165,161
transfer,reference,inav_local_z_freeze__2018-12-25__08_44_40__fault,ekf2_innovations.heading_innov,165,161
transfer,reference,inav_local_z_freeze__2018-12-25__08_44_40__fault,ekf2_innovations.output_tracking_error[0],165,161
transfer,reference,inav_local_z_freeze__2018-12-25__08_44_40__fault,ekf2_innovations.output_tracking_error[1],165,161
transfer,reference,inav_local_z_freeze__2018-12-25__08_44_40__fault,ekf2_innovations.output_tracking_error[2],165,161
transfer,reference,inav_local_z_freeze__2018-12-25__08_44_40__fault,ekf2_innovations.vel_pos_innov[3],165,161
transfer,reference,inav_local_z_freeze__2018-12-25__08_44_40__fault,ekf2_innovations.vel_pos_innov[4],165,161
transfer,reference,inav_local_z_freeze__2018-12-25__08_44_40__fault,ekf2_innovations.vel_pos_innov[5],165,161
transfer,reference,inav_local_z_freeze__2018-12-25__08_44_40__fault,estimator_status.hagl_test_ratio,165,161
transfer,reference,inav_local_z_freeze__2018-12-25__08_44_40__fault,estimator_status.hgt_test_ratio,165,161
transfer,reference,inav_local_z_freeze__2018-12-25__08_44_40__fault,estimator_status.mag_test_ratio,165,161
transfer,reference,inav_local_z_freeze__2018-12-25__08_44_40__fault,estimator_status.pos_horiz_accuracy,165,161
transfer,reference,inav_local_z_freeze__2018-12-25__08_44_40__fault,estimator_status.pos_test_ratio,165,161
transfer,reference,inav_local_z_freeze__2018-12-25__08_44_40__fault,estimator_status.pos_vert_accuracy,165,161
transfer,reference,inav_local_z_freeze__2018-12-25__08_44_40__fault,estimator_status.vibe[0],165,161
transfer,reference,inav_local_z_freeze__2018-12-25__08_44_40__fault,estimator_status.vibe[1],165,161
transfer,reference,inav_local_z_freeze__2018-12-25__08_44_40__fault,estimator_status.vibe[2],165,161
transfer,reference,inav_local_z_freeze__2018-12-25__08_44_40__fault,manual_control_setpoint.r,165,161
transfer,reference,inav_local_z_freeze__2018-12-25__08_44_40__fault,manual_control_setpoint.x,165,161
transfer,reference,inav_local_z_freeze__2018-12-25__08_44_40__fault,manual_control_setpoint.y,165,161
transfer,reference,inav_local_z_freeze__2018-12-25__08_44_40__fault,manual_control_setpoint.z,165,161
transfer,reference,inav_local_z_freeze__2018-12-25__08_44_40__fault,rate_ctrl_status.pitchspeed_integ,165,31
transfer,reference,inav_local_z_freeze__2018-12-25__08_44_40__fault,rate_ctrl_status.rollspeed_integ,165,31
transfer,reference,inav_local_z_freeze__2018-12-25__08_44_40__fault,rate_ctrl_status.yawspeed_integ,165,31
transfer,reference,inav_local_z_freeze__2018-12-25__08_44_40__fault,sensor_combined.accelerometer_m_s2[0],165,96
transfer,reference,inav_local_z_freeze__2018-12-25__08_44_40__fault,sensor_combined.accelerometer_m_s2[1],165,96
transfer,reference,inav_local_z_freeze__2018-12-25__08_44_40__fault,sensor_combined.accelerometer_m_s2[2],165,96
transfer,reference,inav_local_z_freeze__2018-12-25__08_44_40__fault,sensor_combined.gyro_rad[0],165,96
transfer,reference,inav_local_z_freeze__2018-12-25__08_44_40__fault,sensor_combined.gyro_rad[1],165,96
transfer,reference,inav_local_z_freeze__2018-12-25__08_44_40__fault,sensor_combined.gyro_rad[2],165,96
transfer,reference,inav_local_z_freeze__2018-12-25__08_44_40__fault,sensor_preflight.accel_inconsistency_m_s_s,165,0
transfer,reference,inav_local_z_freeze__2018-12-25__08_44_40__fault,sensor_preflight.gyro_inconsistency_rad_s,165,0
transfer,reference,inav_local_z_freeze__2018-12-25__08_44_40__fault,vehicle_attitude.pitchspeed,165,36
transfer,reference,inav_local_z_freeze__2018-12-25__08_44_40__fault,vehicle_attitude.q[0],165,36
transfer,reference,inav_local_z_freeze__2018-12-25__08_44_40__fault,vehicle_attitude.q[1],165,36
transfer,reference,inav_local_z_freeze__2018-12-25__08_44_40__fault,vehicle_attitude.q[2],165,36
transfer,reference,inav_local_z_freeze__2018-12-25__08_44_40__fault,vehicle_attitude.q[3],165,36
transfer,reference,inav_local_z_freeze__2018-12-25__08_44_40__fault,vehicle_attitude.rollspeed,165,36
transfer,reference,inav_local_z_freeze__2018-12-25__08_44_40__fault,vehicle_attitude.yawspeed,165,36
transfer,reference,inav_local_z_freeze__2018-12-25__08_44_40__fault,vehicle_attitude_setpoint.pitch_body,165,161
transfer,reference,inav_local_z_freeze__2018-12-25__08_44_40__fault,vehicle_attitude_setpoint.roll_body,165,161
transfer,reference,inav_local_z_freeze__2018-12-25__08_44_40__fault,vehicle_attitude_setpoint.yaw_body,165,161
transfer,reference,inav_local_z_freeze__2018-12-25__08_44_40__fault,vehicle_land_detected.ground_contact,165,165
transfer,reference,inav_local_z_freeze__2018-12-25__08_44_40__fault,vehicle_land_detected.landed,165,165
transfer,reference,inav_local_z_freeze__2018-12-25__08_44_40__fault,vehicle_land_detected.maybe_landed,165,165
transfer,reference,inav_local_z_freeze__2018-12-25__08_44_40__fault,vehicle_local_position.ax,165,160
transfer,reference,inav_local_z_freeze__2018-12-25__08_44_40__fault,vehicle_local_position.ay,165,160
transfer,reference,inav_local_z_freeze__2018-12-25__08_44_40__fault,vehicle_local_position.az,165,160
transfer,reference,inav_local_z_freeze__2018-12-25__08_44_40__fault,vehicle_local_position.dist_bottom,165,160
transfer,reference,inav_local_z_freeze__2018-12-25__08_44_40__fault,vehicle_local_position.dist_bottom_rate,165,160
transfer,reference,inav_local_z_freeze__2018-12-25__08_44_40__fault,vehicle_local_position.eph,165,160
transfer,reference,inav_local_z_freeze__2018-12-25__08_44_40__fault,vehicle_local_position.epv,165,160
transfer,reference,inav_local_z_freeze__2018-12-25__08_44_40__fault,vehicle_local_position.vx,165,160
transfer,reference,inav_local_z_freeze__2018-12-25__08_44_40__fault,vehicle_local_position.vy,165,160
transfer,reference,inav_local_z_freeze__2018-12-25__08_44_40__fault,vehicle_local_position.vz,165,160
transfer,reference,inav_local_z_freeze__2018-12-25__08_44_40__fault,vehicle_local_position.x,165,160
transfer,reference,inav_local_z_freeze__2018-12-25__08_44_40__fault,vehicle_local_position.y,165,160
transfer,reference,inav_local_z_freeze__2018-12-25__08_44_40__fault,vehicle_local_position.z,165,160
transfer,reference,inav_local_z_freeze__2018-12-25__08_44_40__fault,vehicle_rates_setpoint.pitch,165,40
transfer,reference,inav_local_z_freeze__2018-12-25__08_44_40__fault,vehicle_rates_setpoint.roll,165,40
transfer,reference,inav_local_z_freeze__2018-12-25__08_44_40__fault,vehicle_rates_setpoint.yaw,165,40
transfer,reference,inav_local_z_freeze__2018-12-25__08_44_40__fault,vehicle_status.arming_state,165,165
transfer,reference,inav_local_z_freeze__2018-12-25__08_44_40__fault,vehicle_status.nav_state,165,165
transfer,reference,inav_local_z_freeze__2018-12-25__08_44_40__fault,vehicle_vision_position.x,165,161
transfer,reference,inav_local_z_freeze__2018-12-25__08_44_40__fault,vehicle_vision_position.y,165,161
transfer,reference,inav_local_z_freeze__2018-12-25__08_44_40__fault,vehicle_vision_position.z,165,161
transfer,reference,land_detector_state_inversion__2018-12-19__07_49_17__fault,actuator_controls_0.control[0],97,95
transfer,reference,land_detector_state_inversion__2018-12-19__07_49_17__fault,actuator_controls_0.control[1],97,95
transfer,reference,land_detector_state_inversion__2018-12-19__07_49_17__fault,actuator_controls_0.control[2],97,95
transfer,reference,land_detector_state_inversion__2018-12-19__07_49_17__fault,actuator_controls_0.control[3],97,95
transfer,reference,land_detector_state_inversion__2018-12-19__07_49_17__fault,actuator_outputs.output[0],97,95
transfer,reference,land_detector_state_inversion__2018-12-19__07_49_17__fault,actuator_outputs.output[1],97,95
transfer,reference,land_detector_state_inversion__2018-12-19__07_49_17__fault,actuator_outputs.output[2],97,95
transfer,reference,land_detector_state_inversion__2018-12-19__07_49_17__fault,actuator_outputs.output[3],97,95
transfer,reference,land_detector_state_inversion__2018-12-19__07_49_17__fault,actuator_outputs.output[4],97,95
transfer,reference,land_detector_state_inversion__2018-12-19__07_49_17__fault,actuator_outputs.output[5],97,95
transfer,reference,land_detector_state_inversion__2018-12-19__07_49_17__fault,actuator_outputs.output[6],97,95
transfer,reference,land_detector_state_inversion__2018-12-19__07_49_17__fault,actuator_outputs.output[7],97,95
transfer,reference,land_detector_state_inversion__2018-12-19__07_49_17__fault,battery_status.current_a,97,95
transfer,reference,land_detector_state_inversion__2018-12-19__07_49_17__fault,battery_status.current_filtered_a,97,95
transfer,reference,land_detector_state_inversion__2018-12-19__07_49_17__fault,battery_status.discharged_mah,97,95
transfer,reference,land_detector_state_inversion__2018-12-19__07_49_17__fault,battery_status.remaining,97,95
transfer,reference,land_detector_state_inversion__2018-12-19__07_49_17__fault,battery_status.voltage_filtered_v,97,95
transfer,reference,land_detector_state_inversion__2018-12-19__07_49_17__fault,battery_status.voltage_v,97,95
transfer,reference,land_detector_state_inversion__2018-12-19__07_49_17__fault,cpuload.load,97,96
transfer,reference,land_detector_state_inversion__2018-12-19__07_49_17__fault,cpuload.ram_usage,97,96
transfer,reference,land_detector_state_inversion__2018-12-19__07_49_17__fault,distance_sensor.current_distance,97,95
transfer,reference,land_detector_state_inversion__2018-12-19__07_49_17__fault,ekf2_innovations.hagl_innov,97,81
transfer,reference,land_detector_state_inversion__2018-12-19__07_49_17__fault,ekf2_innovations.heading_innov,97,81
transfer,reference,land_detector_state_inversion__2018-12-19__07_49_17__fault,ekf2_innovations.output_tracking_error[0],97,81
transfer,reference,land_detector_state_inversion__2018-12-19__07_49_17__fault,ekf2_innovations.output_tracking_error[1],97,81
transfer,reference,land_detector_state_inversion__2018-12-19__07_49_17__fault,ekf2_innovations.output_tracking_error[2],97,81
transfer,reference,land_detector_state_inversion__2018-12-19__07_49_17__fault,ekf2_innovations.vel_pos_innov[3],97,81
transfer,reference,land_detector_state_inversion__2018-12-19__07_49_17__fault,ekf2_innovations.vel_pos_innov[4],97,81
transfer,reference,land_detector_state_inversion__2018-12-19__07_49_17__fault,ekf2_innovations.vel_pos_innov[5],97,81
transfer,reference,land_detector_state_inversion__2018-12-19__07_49_17__fault,estimator_status.hagl_test_ratio,97,82
transfer,reference,land_detector_state_inversion__2018-12-19__07_49_17__fault,estimator_status.hgt_test_ratio,97,82
transfer,reference,land_detector_state_inversion__2018-12-19__07_49_17__fault,estimator_status.mag_test_ratio,97,82
transfer,reference,land_detector_state_inversion__2018-12-19__07_49_17__fault,estimator_status.pos_horiz_accuracy,97,82
transfer,reference,land_detector_state_inversion__2018-12-19__07_49_17__fault,estimator_status.pos_test_ratio,97,82
transfer,reference,land_detector_state_inversion__2018-12-19__07_49_17__fault,estimator_status.pos_vert_accuracy,97,82
transfer,reference,land_detector_state_inversion__2018-12-19__07_49_17__fault,estimator_status.vibe[0],97,82
transfer,reference,land_detector_state_inversion__2018-12-19__07_49_17__fault,estimator_status.vibe[1],97,82
transfer,reference,land_detector_state_inversion__2018-12-19__07_49_17__fault,estimator_status.vibe[2],97,82
transfer,reference,land_detector_state_inversion__2018-12-19__07_49_17__fault,manual_control_setpoint.r,97,78
transfer,reference,land_detector_state_inversion__2018-12-19__07_49_17__fault,manual_control_setpoint.x,97,78
transfer,reference,land_detector_state_inversion__2018-12-19__07_49_17__fault,manual_control_setpoint.y,97,78
transfer,reference,land_detector_state_inversion__2018-12-19__07_49_17__fault,manual_control_setpoint.z,97,78
transfer,reference,land_detector_state_inversion__2018-12-19__07_49_17__fault,rate_ctrl_status.pitchspeed_integ,97,5
transfer,reference,land_detector_state_inversion__2018-12-19__07_49_17__fault,rate_ctrl_status.rollspeed_integ,97,5
transfer,reference,land_detector_state_inversion__2018-12-19__07_49_17__fault,rate_ctrl_status.yawspeed_integ,97,5
transfer,reference,land_detector_state_inversion__2018-12-19__07_49_17__fault,sensor_combined.accelerometer_m_s2[0],97,95
transfer,reference,land_detector_state_inversion__2018-12-19__07_49_17__fault,sensor_combined.accelerometer_m_s2[1],97,95
transfer,reference,land_detector_state_inversion__2018-12-19__07_49_17__fault,sensor_combined.accelerometer_m_s2[2],97,95
transfer,reference,land_detector_state_inversion__2018-12-19__07_49_17__fault,sensor_combined.gyro_rad[0],97,95
transfer,reference,land_detector_state_inversion__2018-12-19__07_49_17__fault,sensor_combined.gyro_rad[1],97,95
transfer,reference,land_detector_state_inversion__2018-12-19__07_49_17__fault,sensor_combined.gyro_rad[2],97,95
transfer,reference,land_detector_state_inversion__2018-12-19__07_49_17__fault,sensor_preflight.accel_inconsistency_m_s_s,97,0
transfer,reference,land_detector_state_inversion__2018-12-19__07_49_17__fault,sensor_preflight.gyro_inconsistency_rad_s,97,0
transfer,reference,land_detector_state_inversion__2018-12-19__07_49_17__fault,vehicle_attitude.pitchspeed,97,7
transfer,reference,land_detector_state_inversion__2018-12-19__07_49_17__fault,vehicle_attitude.q[0],97,7
transfer,reference,land_detector_state_inversion__2018-12-19__07_49_17__fault,vehicle_attitude.q[1],97,7
transfer,reference,land_detector_state_inversion__2018-12-19__07_49_17__fault,vehicle_attitude.q[2],97,7
transfer,reference,land_detector_state_inversion__2018-12-19__07_49_17__fault,vehicle_attitude.q[3],97,7
transfer,reference,land_detector_state_inversion__2018-12-19__07_49_17__fault,vehicle_attitude.rollspeed,97,7
transfer,reference,land_detector_state_inversion__2018-12-19__07_49_17__fault,vehicle_attitude.yawspeed,97,7
transfer,reference,land_detector_state_inversion__2018-12-19__07_49_17__fault,vehicle_attitude_setpoint.pitch_body,97,95
transfer,reference,land_detector_state_inversion__2018-12-19__07_49_17__fault,vehicle_attitude_setpoint.roll_body,97,95
transfer,reference,land_detector_state_inversion__2018-12-19__07_49_17__fault,vehicle_attitude_setpoint.yaw_body,97,95
transfer,reference,land_detector_state_inversion__2018-12-19__07_49_17__fault,vehicle_land_detected.ground_contact,97,59
transfer,reference,land_detector_state_inversion__2018-12-19__07_49_17__fault,vehicle_land_detected.landed,97,59
transfer,reference,land_detector_state_inversion__2018-12-19__07_49_17__fault,vehicle_land_detected.maybe_landed,97,59
transfer,reference,land_detector_state_inversion__2018-12-19__07_49_17__fault,vehicle_local_position.ax,97,95
transfer,reference,land_detector_state_inversion__2018-12-19__07_49_17__fault,vehicle_local_position.ay,97,95
transfer,reference,land_detector_state_inversion__2018-12-19__07_49_17__fault,vehicle_local_position.az,97,95
transfer,reference,land_detector_state_inversion__2018-12-19__07_49_17__fault,vehicle_local_position.dist_bottom,97,95
transfer,reference,land_detector_state_inversion__2018-12-19__07_49_17__fault,vehicle_local_position.dist_bottom_rate,97,95
transfer,reference,land_detector_state_inversion__2018-12-19__07_49_17__fault,vehicle_local_position.eph,97,95
transfer,reference,land_detector_state_inversion__2018-12-19__07_49_17__fault,vehicle_local_position.epv,97,95
transfer,reference,land_detector_state_inversion__2018-12-19__07_49_17__fault,vehicle_local_position.vx,97,95
transfer,reference,land_detector_state_inversion__2018-12-19__07_49_17__fault,vehicle_local_position.vy,97,95
transfer,reference,land_detector_state_inversion__2018-12-19__07_49_17__fault,vehicle_local_position.vz,97,95
transfer,reference,land_detector_state_inversion__2018-12-19__07_49_17__fault,vehicle_local_position.x,97,95
transfer,reference,land_detector_state_inversion__2018-12-19__07_49_17__fault,vehicle_local_position.y,97,95
transfer,reference,land_detector_state_inversion__2018-12-19__07_49_17__fault,vehicle_local_position.z,97,95
transfer,reference,land_detector_state_inversion__2018-12-19__07_49_17__fault,vehicle_rates_setpoint.pitch,97,6
transfer,reference,land_detector_state_inversion__2018-12-19__07_49_17__fault,vehicle_rates_setpoint.roll,97,6
transfer,reference,land_detector_state_inversion__2018-12-19__07_49_17__fault,vehicle_rates_setpoint.yaw,97,6
transfer,reference,land_detector_state_inversion__2018-12-19__07_49_17__fault,vehicle_status.arming_state,97,95
transfer,reference,land_detector_state_inversion__2018-12-19__07_49_17__fault,vehicle_status.nav_state,97,95
transfer,reference,land_detector_state_inversion__2018-12-19__07_49_17__fault,vehicle_vision_position.x,97,79
transfer,reference,land_detector_state_inversion__2018-12-19__07_49_17__fault,vehicle_vision_position.y,97,79
transfer,reference,land_detector_state_inversion__2018-12-19__07_49_17__fault,vehicle_vision_position.z,97,79
transfer,reference,land_detector_state_inversion__2018-12-20__07_47_50__fault,actuator_controls_0.control[0],141,139
transfer,reference,land_detector_state_inversion__2018-12-20__07_47_50__fault,actuator_controls_0.control[1],141,139
transfer,reference,land_detector_state_inversion__2018-12-20__07_47_50__fault,actuator_controls_0.control[2],141,139
transfer,reference,land_detector_state_inversion__2018-12-20__07_47_50__fault,actuator_controls_0.control[3],141,139
transfer,reference,land_detector_state_inversion__2018-12-20__07_47_50__fault,actuator_outputs.output[0],141,139
transfer,reference,land_detector_state_inversion__2018-12-20__07_47_50__fault,actuator_outputs.output[1],141,139
transfer,reference,land_detector_state_inversion__2018-12-20__07_47_50__fault,actuator_outputs.output[2],141,139
transfer,reference,land_detector_state_inversion__2018-12-20__07_47_50__fault,actuator_outputs.output[3],141,139
transfer,reference,land_detector_state_inversion__2018-12-20__07_47_50__fault,actuator_outputs.output[4],141,139
transfer,reference,land_detector_state_inversion__2018-12-20__07_47_50__fault,actuator_outputs.output[5],141,139
transfer,reference,land_detector_state_inversion__2018-12-20__07_47_50__fault,actuator_outputs.output[6],141,139
transfer,reference,land_detector_state_inversion__2018-12-20__07_47_50__fault,actuator_outputs.output[7],141,139
transfer,reference,land_detector_state_inversion__2018-12-20__07_47_50__fault,battery_status.current_a,141,139
transfer,reference,land_detector_state_inversion__2018-12-20__07_47_50__fault,battery_status.current_filtered_a,141,139
transfer,reference,land_detector_state_inversion__2018-12-20__07_47_50__fault,battery_status.discharged_mah,141,139
transfer,reference,land_detector_state_inversion__2018-12-20__07_47_50__fault,battery_status.remaining,141,139
transfer,reference,land_detector_state_inversion__2018-12-20__07_47_50__fault,battery_status.voltage_filtered_v,141,139
transfer,reference,land_detector_state_inversion__2018-12-20__07_47_50__fault,battery_status.voltage_v,141,139
transfer,reference,land_detector_state_inversion__2018-12-20__07_47_50__fault,cpuload.load,141,140
transfer,reference,land_detector_state_inversion__2018-12-20__07_47_50__fault,cpuload.ram_usage,141,140
transfer,reference,land_detector_state_inversion__2018-12-20__07_47_50__fault,distance_sensor.current_distance,141,139
transfer,reference,land_detector_state_inversion__2018-12-20__07_47_50__fault,ekf2_innovations.hagl_innov,141,139
transfer,reference,land_detector_state_inversion__2018-12-20__07_47_50__fault,ekf2_innovations.heading_innov,141,139
transfer,reference,land_detector_state_inversion__2018-12-20__07_47_50__fault,ekf2_innovations.output_tracking_error[0],141,139
transfer,reference,land_detector_state_inversion__2018-12-20__07_47_50__fault,ekf2_innovations.output_tracking_error[1],141,139
transfer,reference,land_detector_state_inversion__2018-12-20__07_47_50__fault,ekf2_innovations.output_tracking_error[2],141,139
transfer,reference,land_detector_state_inversion__2018-12-20__07_47_50__fault,ekf2_innovations.vel_pos_innov[3],141,139
transfer,reference,land_detector_state_inversion__2018-12-20__07_47_50__fault,ekf2_innovations.vel_pos_innov[4],141,139
transfer,reference,land_detector_state_inversion__2018-12-20__07_47_50__fault,ekf2_innovations.vel_pos_innov[5],141,139
transfer,reference,land_detector_state_inversion__2018-12-20__07_47_50__fault,estimator_status.hagl_test_ratio,141,139
transfer,reference,land_detector_state_inversion__2018-12-20__07_47_50__fault,estimator_status.hgt_test_ratio,141,139
transfer,reference,land_detector_state_inversion__2018-12-20__07_47_50__fault,estimator_status.mag_test_ratio,141,139
transfer,reference,land_detector_state_inversion__2018-12-20__07_47_50__fault,estimator_status.pos_horiz_accuracy,141,139
transfer,reference,land_detector_state_inversion__2018-12-20__07_47_50__fault,estimator_status.pos_test_ratio,141,139
transfer,reference,land_detector_state_inversion__2018-12-20__07_47_50__fault,estimator_status.pos_vert_accuracy,141,139
transfer,reference,land_detector_state_inversion__2018-12-20__07_47_50__fault,estimator_status.vibe[0],141,139
transfer,reference,land_detector_state_inversion__2018-12-20__07_47_50__fault,estimator_status.vibe[1],141,139
transfer,reference,land_detector_state_inversion__2018-12-20__07_47_50__fault,estimator_status.vibe[2],141,139
transfer,reference,land_detector_state_inversion__2018-12-20__07_47_50__fault,manual_control_setpoint.r,141,139
transfer,reference,land_detector_state_inversion__2018-12-20__07_47_50__fault,manual_control_setpoint.x,141,139
transfer,reference,land_detector_state_inversion__2018-12-20__07_47_50__fault,manual_control_setpoint.y,141,139
transfer,reference,land_detector_state_inversion__2018-12-20__07_47_50__fault,manual_control_setpoint.z,141,139
transfer,reference,land_detector_state_inversion__2018-12-20__07_47_50__fault,rate_ctrl_status.pitchspeed_integ,141,119
transfer,reference,land_detector_state_inversion__2018-12-20__07_47_50__fault,rate_ctrl_status.rollspeed_integ,141,119
transfer,reference,land_detector_state_inversion__2018-12-20__07_47_50__fault,rate_ctrl_status.yawspeed_integ,141,119
transfer,reference,land_detector_state_inversion__2018-12-20__07_47_50__fault,sensor_combined.accelerometer_m_s2[0],141,103
transfer,reference,land_detector_state_inversion__2018-12-20__07_47_50__fault,sensor_combined.accelerometer_m_s2[1],141,103
transfer,reference,land_detector_state_inversion__2018-12-20__07_47_50__fault,sensor_combined.accelerometer_m_s2[2],141,103
transfer,reference,land_detector_state_inversion__2018-12-20__07_47_50__fault,sensor_combined.gyro_rad[0],141,103
transfer,reference,land_detector_state_inversion__2018-12-20__07_47_50__fault,sensor_combined.gyro_rad[1],141,103
transfer,reference,land_detector_state_inversion__2018-12-20__07_47_50__fault,sensor_combined.gyro_rad[2],141,103
transfer,reference,land_detector_state_inversion__2018-12-20__07_47_50__fault,sensor_preflight.accel_inconsistency_m_s_s,141,0
transfer,reference,land_detector_state_inversion__2018-12-20__07_47_50__fault,sensor_preflight.gyro_inconsistency_rad_s,141,0
transfer,reference,land_detector_state_inversion__2018-12-20__07_47_50__fault,vehicle_attitude.pitchspeed,141,127
transfer,reference,land_detector_state_inversion__2018-12-20__07_47_50__fault,vehicle_attitude.q[0],141,127
transfer,reference,land_detector_state_inversion__2018-12-20__07_47_50__fault,vehicle_attitude.q[1],141,127
transfer,reference,land_detector_state_inversion__2018-12-20__07_47_50__fault,vehicle_attitude.q[2],141,127
transfer,reference,land_detector_state_inversion__2018-12-20__07_47_50__fault,vehicle_attitude.q[3],141,127
transfer,reference,land_detector_state_inversion__2018-12-20__07_47_50__fault,vehicle_attitude.rollspeed,141,127
transfer,reference,land_detector_state_inversion__2018-12-20__07_47_50__fault,vehicle_attitude.yawspeed,141,127
transfer,reference,land_detector_state_inversion__2018-12-20__07_47_50__fault,vehicle_attitude_setpoint.pitch_body,141,139
transfer,reference,land_detector_state_inversion__2018-12-20__07_47_50__fault,vehicle_attitude_setpoint.roll_body,141,139
transfer,reference,land_detector_state_inversion__2018-12-20__07_47_50__fault,vehicle_attitude_setpoint.yaw_body,141,139
transfer,reference,land_detector_state_inversion__2018-12-20__07_47_50__fault,vehicle_land_detected.ground_contact,141,103
transfer,reference,land_detector_state_inversion__2018-12-20__07_47_50__fault,vehicle_land_detected.landed,141,103
transfer,reference,land_detector_state_inversion__2018-12-20__07_47_50__fault,vehicle_land_detected.maybe_landed,141,103
transfer,reference,land_detector_state_inversion__2018-12-20__07_47_50__fault,vehicle_local_position.ax,141,139
transfer,reference,land_detector_state_inversion__2018-12-20__07_47_50__fault,vehicle_local_position.ay,141,139
transfer,reference,land_detector_state_inversion__2018-12-20__07_47_50__fault,vehicle_local_position.az,141,139
transfer,reference,land_detector_state_inversion__2018-12-20__07_47_50__fault,vehicle_local_position.dist_bottom,141,139
transfer,reference,land_detector_state_inversion__2018-12-20__07_47_50__fault,vehicle_local_position.dist_bottom_rate,141,139
transfer,reference,land_detector_state_inversion__2018-12-20__07_47_50__fault,vehicle_local_position.eph,141,139
transfer,reference,land_detector_state_inversion__2018-12-20__07_47_50__fault,vehicle_local_position.epv,141,139
transfer,reference,land_detector_state_inversion__2018-12-20__07_47_50__fault,vehicle_local_position.vx,141,139
transfer,reference,land_detector_state_inversion__2018-12-20__07_47_50__fault,vehicle_local_position.vy,141,139
transfer,reference,land_detector_state_inversion__2018-12-20__07_47_50__fault,vehicle_local_position.vz,141,139
transfer,reference,land_detector_state_inversion__2018-12-20__07_47_50__fault,vehicle_local_position.x,141,139
transfer,reference,land_detector_state_inversion__2018-12-20__07_47_50__fault,vehicle_local_position.y,141,139
transfer,reference,land_detector_state_inversion__2018-12-20__07_47_50__fault,vehicle_local_position.z,141,139
transfer,reference,land_detector_state_inversion__2018-12-20__07_47_50__fault,vehicle_rates_setpoint.pitch,141,109
transfer,reference,land_detector_state_inversion__2018-12-20__07_47_50__fault,vehicle_rates_setpoint.roll,141,109
transfer,reference,land_detector_state_inversion__2018-12-20__07_47_50__fault,vehicle_rates_setpoint.yaw,141,109
transfer,reference,land_detector_state_inversion__2018-12-20__07_47_50__fault,vehicle_status.arming_state,141,139
transfer,reference,land_detector_state_inversion__2018-12-20__07_47_50__fault,vehicle_status.nav_state,141,139
transfer,reference,land_detector_state_inversion__2018-12-20__07_47_50__fault,vehicle_vision_position.x,141,139
transfer,reference,land_detector_state_inversion__2018-12-20__07_47_50__fault,vehicle_vision_position.y,141,139
transfer,reference,land_detector_state_inversion__2018-12-20__07_47_50__fault,vehicle_vision_position.z,141,139
transfer,reference,land_detector_state_inversion__2018-12-25__08_44_40__fault,actuator_controls_0.control[0],165,161
transfer,reference,land_detector_state_inversion__2018-12-25__08_44_40__fault,actuator_controls_0.control[1],165,161
transfer,reference,land_detector_state_inversion__2018-12-25__08_44_40__fault,actuator_controls_0.control[2],165,161
transfer,reference,land_detector_state_inversion__2018-12-25__08_44_40__fault,actuator_controls_0.control[3],165,161
transfer,reference,land_detector_state_inversion__2018-12-25__08_44_40__fault,actuator_outputs.output[0],165,161
transfer,reference,land_detector_state_inversion__2018-12-25__08_44_40__fault,actuator_outputs.output[1],165,161
transfer,reference,land_detector_state_inversion__2018-12-25__08_44_40__fault,actuator_outputs.output[2],165,161
transfer,reference,land_detector_state_inversion__2018-12-25__08_44_40__fault,actuator_outputs.output[3],165,161
transfer,reference,land_detector_state_inversion__2018-12-25__08_44_40__fault,actuator_outputs.output[4],165,161
transfer,reference,land_detector_state_inversion__2018-12-25__08_44_40__fault,actuator_outputs.output[5],165,161
transfer,reference,land_detector_state_inversion__2018-12-25__08_44_40__fault,actuator_outputs.output[6],165,161
transfer,reference,land_detector_state_inversion__2018-12-25__08_44_40__fault,actuator_outputs.output[7],165,161
transfer,reference,land_detector_state_inversion__2018-12-25__08_44_40__fault,battery_status.current_a,165,161
transfer,reference,land_detector_state_inversion__2018-12-25__08_44_40__fault,battery_status.current_filtered_a,165,161
transfer,reference,land_detector_state_inversion__2018-12-25__08_44_40__fault,battery_status.discharged_mah,165,161
transfer,reference,land_detector_state_inversion__2018-12-25__08_44_40__fault,battery_status.remaining,165,161
transfer,reference,land_detector_state_inversion__2018-12-25__08_44_40__fault,battery_status.voltage_filtered_v,165,161
transfer,reference,land_detector_state_inversion__2018-12-25__08_44_40__fault,battery_status.voltage_v,165,161
transfer,reference,land_detector_state_inversion__2018-12-25__08_44_40__fault,cpuload.load,165,162
transfer,reference,land_detector_state_inversion__2018-12-25__08_44_40__fault,cpuload.ram_usage,165,162
transfer,reference,land_detector_state_inversion__2018-12-25__08_44_40__fault,distance_sensor.current_distance,165,161
transfer,reference,land_detector_state_inversion__2018-12-25__08_44_40__fault,ekf2_innovations.hagl_innov,165,161
transfer,reference,land_detector_state_inversion__2018-12-25__08_44_40__fault,ekf2_innovations.heading_innov,165,161
transfer,reference,land_detector_state_inversion__2018-12-25__08_44_40__fault,ekf2_innovations.output_tracking_error[0],165,161
transfer,reference,land_detector_state_inversion__2018-12-25__08_44_40__fault,ekf2_innovations.output_tracking_error[1],165,161
transfer,reference,land_detector_state_inversion__2018-12-25__08_44_40__fault,ekf2_innovations.output_tracking_error[2],165,161
transfer,reference,land_detector_state_inversion__2018-12-25__08_44_40__fault,ekf2_innovations.vel_pos_innov[3],165,161
transfer,reference,land_detector_state_inversion__2018-12-25__08_44_40__fault,ekf2_innovations.vel_pos_innov[4],165,161
transfer,reference,land_detector_state_inversion__2018-12-25__08_44_40__fault,ekf2_innovations.vel_pos_innov[5],165,161
transfer,reference,land_detector_state_inversion__2018-12-25__08_44_40__fault,estimator_status.hagl_test_ratio,165,161
transfer,reference,land_detector_state_inversion__2018-12-25__08_44_40__fault,estimator_status.hgt_test_ratio,165,161
transfer,reference,land_detector_state_inversion__2018-12-25__08_44_40__fault,estimator_status.mag_test_ratio,165,161
transfer,reference,land_detector_state_inversion__2018-12-25__08_44_40__fault,estimator_status.pos_horiz_accuracy,165,161
transfer,reference,land_detector_state_inversion__2018-12-25__08_44_40__fault,estimator_status.pos_test_ratio,165,161
transfer,reference,land_detector_state_inversion__2018-12-25__08_44_40__fault,estimator_status.pos_vert_accuracy,165,161
transfer,reference,land_detector_state_inversion__2018-12-25__08_44_40__fault,estimator_status.vibe[0],165,161
transfer,reference,land_detector_state_inversion__2018-12-25__08_44_40__fault,estimator_status.vibe[1],165,161
transfer,reference,land_detector_state_inversion__2018-12-25__08_44_40__fault,estimator_status.vibe[2],165,161
transfer,reference,land_detector_state_inversion__2018-12-25__08_44_40__fault,manual_control_setpoint.r,165,161
transfer,reference,land_detector_state_inversion__2018-12-25__08_44_40__fault,manual_control_setpoint.x,165,161
transfer,reference,land_detector_state_inversion__2018-12-25__08_44_40__fault,manual_control_setpoint.y,165,161
transfer,reference,land_detector_state_inversion__2018-12-25__08_44_40__fault,manual_control_setpoint.z,165,161
transfer,reference,land_detector_state_inversion__2018-12-25__08_44_40__fault,rate_ctrl_status.pitchspeed_integ,165,8
transfer,reference,land_detector_state_inversion__2018-12-25__08_44_40__fault,rate_ctrl_status.rollspeed_integ,165,8
transfer,reference,land_detector_state_inversion__2018-12-25__08_44_40__fault,rate_ctrl_status.yawspeed_integ,165,8
transfer,reference,land_detector_state_inversion__2018-12-25__08_44_40__fault,sensor_combined.accelerometer_m_s2[0],165,96
transfer,reference,land_detector_state_inversion__2018-12-25__08_44_40__fault,sensor_combined.accelerometer_m_s2[1],165,96
transfer,reference,land_detector_state_inversion__2018-12-25__08_44_40__fault,sensor_combined.accelerometer_m_s2[2],165,96
transfer,reference,land_detector_state_inversion__2018-12-25__08_44_40__fault,sensor_combined.gyro_rad[0],165,96
transfer,reference,land_detector_state_inversion__2018-12-25__08_44_40__fault,sensor_combined.gyro_rad[1],165,96
transfer,reference,land_detector_state_inversion__2018-12-25__08_44_40__fault,sensor_combined.gyro_rad[2],165,96
transfer,reference,land_detector_state_inversion__2018-12-25__08_44_40__fault,sensor_preflight.accel_inconsistency_m_s_s,165,0
transfer,reference,land_detector_state_inversion__2018-12-25__08_44_40__fault,sensor_preflight.gyro_inconsistency_rad_s,165,0
transfer,reference,land_detector_state_inversion__2018-12-25__08_44_40__fault,vehicle_attitude.pitchspeed,165,33
transfer,reference,land_detector_state_inversion__2018-12-25__08_44_40__fault,vehicle_attitude.q[0],165,33
transfer,reference,land_detector_state_inversion__2018-12-25__08_44_40__fault,vehicle_attitude.q[1],165,33
transfer,reference,land_detector_state_inversion__2018-12-25__08_44_40__fault,vehicle_attitude.q[2],165,33
transfer,reference,land_detector_state_inversion__2018-12-25__08_44_40__fault,vehicle_attitude.q[3],165,33
transfer,reference,land_detector_state_inversion__2018-12-25__08_44_40__fault,vehicle_attitude.rollspeed,165,33
transfer,reference,land_detector_state_inversion__2018-12-25__08_44_40__fault,vehicle_attitude.yawspeed,165,33
transfer,reference,land_detector_state_inversion__2018-12-25__08_44_40__fault,vehicle_attitude_setpoint.pitch_body,165,161
transfer,reference,land_detector_state_inversion__2018-12-25__08_44_40__fault,vehicle_attitude_setpoint.roll_body,165,161
transfer,reference,land_detector_state_inversion__2018-12-25__08_44_40__fault,vehicle_attitude_setpoint.yaw_body,165,161
transfer,reference,land_detector_state_inversion__2018-12-25__08_44_40__fault,vehicle_land_detected.ground_contact,165,127
transfer,reference,land_detector_state_inversion__2018-12-25__08_44_40__fault,vehicle_land_detected.landed,165,127
transfer,reference,land_detector_state_inversion__2018-12-25__08_44_40__fault,vehicle_land_detected.maybe_landed,165,127
transfer,reference,land_detector_state_inversion__2018-12-25__08_44_40__fault,vehicle_local_position.ax,165,161
transfer,reference,land_detector_state_inversion__2018-12-25__08_44_40__fault,vehicle_local_position.ay,165,161
transfer,reference,land_detector_state_inversion__2018-12-25__08_44_40__fault,vehicle_local_position.az,165,161
transfer,reference,land_detector_state_inversion__2018-12-25__08_44_40__fault,vehicle_local_position.dist_bottom,165,161
transfer,reference,land_detector_state_inversion__2018-12-25__08_44_40__fault,vehicle_local_position.dist_bottom_rate,165,161
transfer,reference,land_detector_state_inversion__2018-12-25__08_44_40__fault,vehicle_local_position.eph,165,161
transfer,reference,land_detector_state_inversion__2018-12-25__08_44_40__fault,vehicle_local_position.epv,165,161
transfer,reference,land_detector_state_inversion__2018-12-25__08_44_40__fault,vehicle_local_position.vx,165,161
transfer,reference,land_detector_state_inversion__2018-12-25__08_44_40__fault,vehicle_local_position.vy,165,161
transfer,reference,land_detector_state_inversion__2018-12-25__08_44_40__fault,vehicle_local_position.vz,165,161
transfer,reference,land_detector_state_inversion__2018-12-25__08_44_40__fault,vehicle_local_position.x,165,161
transfer,reference,land_detector_state_inversion__2018-12-25__08_44_40__fault,vehicle_local_position.y,165,161
transfer,reference,land_detector_state_inversion__2018-12-25__08_44_40__fault,vehicle_local_position.z,165,161
transfer,reference,land_detector_state_inversion__2018-12-25__08_44_40__fault,vehicle_rates_setpoint.pitch,165,8
transfer,reference,land_detector_state_inversion__2018-12-25__08_44_40__fault,vehicle_rates_setpoint.roll,165,8
transfer,reference,land_detector_state_inversion__2018-12-25__08_44_40__fault,vehicle_rates_setpoint.yaw,165,8
transfer,reference,land_detector_state_inversion__2018-12-25__08_44_40__fault,vehicle_status.arming_state,165,165
transfer,reference,land_detector_state_inversion__2018-12-25__08_44_40__fault,vehicle_status.nav_state,165,165
transfer,reference,land_detector_state_inversion__2018-12-25__08_44_40__fault,vehicle_vision_position.x,165,161
transfer,reference,land_detector_state_inversion__2018-12-25__08_44_40__fault,vehicle_vision_position.y,165,161
transfer,reference,land_detector_state_inversion__2018-12-25__08_44_40__fault,vehicle_vision_position.z,165,161
