dataset,group,run_id,time_s,score,threshold,alarm,strongest_channel
development,normal,commander_nav_state_override__2019-01-18__08_39_38__baseline,9.694156,0.0,4.572563171386719,False,actuator_controls_0.control[0]
development,normal,commander_nav_state_override__2019-01-18__08_39_38__baseline,10.494156,0.0,4.572563171386719,False,actuator_controls_0.control[0]
development,normal,commander_nav_state_override__2019-01-18__08_39_38__baseline,11.294156,0.0,4.572563171386719,False,actuator_controls_0.control[0]
development,normal,commander_nav_state_override__2019-01-18__08_39_38__baseline,12.094156,0.0,4.572563171386719,False,actuator_controls_0.control[0]
development,normal,commander_nav_state_override__2019-01-18__08_39_38__baseline,12.894156,0.0565276965062068,4.572563171386719,False,actuator_controls_0.control[2]
development,normal,commander_nav_state_override__2019-01-18__08_39_38__baseline,13.694156,0.0565276965062068,4.572563171386719,False,actuator_controls_0.control[2]
development,normal,commander_nav_state_override__2019-01-18__08_39_38__baseline,14.494156,0.024892930827872913,4.572563171386719,False,actuator_controls_0.control[2]
development,normal,commander_nav_state_override__2019-01-18__08_39_38__baseline,15.294156,0.020118986979030827,4.572563171386719,False,actuator_controls_0.control[3]
development,normal,commander_nav_state_override__2019-01-18__08_39_38__baseline,16.094156,0.022334449155622462,4.572563171386719,False,actuator_controls_0.control[3]
development,normal,commander_nav_state_override__2019-01-18__08_39_38__baseline,16.894156000000002,0.021362067295845513,4.572563171386719,False,actuator_controls_0.control[3]
development,normal,commander_nav_state_override__2019-01-18__08_39_38__baseline,17.694156000000003,0.016986684741621596,4.572563171386719,False,actuator_controls_0.control[3]
development,normal,commander_nav_state_override__2019-01-18__08_39_38__baseline,18.494156,0.016986684741621596,4.572563171386719,False,actuator_controls_0.control[3]
development,normal,commander_nav_state_override__2019-01-18__08_39_38__baseline,19.294156,0.016986684741621596,4.572563171386719,False,actuator_controls_0.control[3]
development,normal,commander_nav_state_override__2019-01-18__08_39_38__baseline,20.094156,0.016986684741621596,4.572563171386719,False,actuator_controls_0.control[3]
development,normal,commander_nav_state_override__2019-01-18__08_39_38__baseline,20.894156000000002,0.016986684741621596,4.572563171386719,False,actuator_controls_0.control[3]
development,normal,commander_nav_state_override__2019-01-18__08_39_38__baseline,21.694156000000003,0.016986684741621596,4.572563171386719,False,actuator_controls_0.control[3]
development,normal,commander_nav_state_override__2019-01-18__08_39_38__baseline,22.494156,0.016986684741621596,4.572563171386719,False,actuator_controls_0.control[3]
development,normal,commander_nav_state_override__2019-01-18__08_39_38__baseline,23.294156,0.004079453611372894,4.572563171386719,False,actuator_controls_0.control[0]
development,normal,commander_nav_state_override__2019-01-18__08_39_38__baseline,24.094156,0.004079453611372894,4.572563171386719,False,actuator_controls_0.control[0]
development,normal,commander_nav_state_override__2019-01-18__08_39_38__baseline,24.894156000000002,0.01610545643854228,4.572563171386719,False,actuator_controls_0.control[2]
development,normal,commander_nav_state_override__2019-01-18__08_39_38__baseline,25.694156000000003,0.0004678312066703919,4.572563171386719,False,actuator_controls_0.control[2]
development,normal,commander_nav_state_override__2019-01-18__08_39_38__baseline,26.494156,0.002530170337532043,4.572563171386719,False,actuator_controls_0.control[3]
development,normal,commander_nav_state_override__2019-01-18__08_39_38__baseline,27.294156,0.006841131775063256,4.572563171386719,False,actuator_controls_0.control[3]
development,normal,commander_nav_state_override__2019-01-18__08_39_38__baseline,28.094156,0.007306500648444968,4.572563171386719,False,actuator_controls_0.control[1]
development,normal,commander_nav_state_override__2019-01-18__08_39_38__baseline,28.894156000000002,0.0,4.572563171386719,False,actuator_controls_0.control[0]
development,normal,commander_nav_state_override__2019-01-18__08_39_38__baseline,29.694156000000003,0.0,4.572563171386719,False,actuator_controls_0.control[0]
development,normal,commander_nav_state_override__2019-01-18__08_39_38__baseline,30.494156,0.002923115236747774,4.572563171386719,False,actuator_controls_0.control[3]
development,normal,commander_nav_state_override__2019-01-18__08_39_38__baseline,31.294156,0.013548276898836394,4.572563171386719,False,actuator_controls_0.control[3]
development,normal,commander_nav_state_override__2019-01-18__08_39_38__baseline,32.094156,0.007145599230610533,4.572563171386719,False,actuator_controls_0.control[3]
development,normal,commander_nav_state_override__2019-01-18__08_39_38__baseline,32.894155999999995,0.0,4.572563171386719,False,actuator_controls_0.control[0]
development,normal,commander_nav_state_override__2019-01-18__08_39_38__baseline,33.694156,0.0,4.572563171386719,False,actuator_controls_0.control[0]
development,normal,commander_nav_state_override__2019-01-18__08_39_38__baseline,34.494156,0.0,4.572563171386719,False,actuator_controls_0.control[0]
development,normal,commander_nav_state_override__2019-01-18__08_39_38__baseline,35.294156,0.0,4.572563171386719,False,actuator_controls_0.control[0]
development,normal,commander_nav_state_override__2019-01-18__08_39_38__baseline,36.094156,0.0,4.572563171386719,False,actuator_controls_0.control[0]
development,normal,commander_nav_state_override__2019-01-18__08_39_38__baseline,36.894155999999995,0.0,4.572563171386719,False,actuator_controls_0.control[0]
development,normal,commander_nav_state_override__2019-01-18__08_39_38__baseline,37.694156,0.010447954624480124,4.572563171386719,False,actuator_controls_0.control[3]
development,normal,commander_nav_state_override__2019-01-18__08_39_38__baseline,38.494156,0.009650739023761923,4.572563171386719,False,actuator_controls_0.control[3]
development,normal,commander_nav_state_override__2019-01-18__08_39_38__baseline,39.294156,0.009650739023761923,4.572563171386719,False,actuator_controls_0.control[3]
development,normal,commander_nav_state_override__2019-01-18__08_39_38__baseline,40.094156,0.009650739023761923,4.572563171386719,False,actuator_controls_0.control[3]
development,normal,commander_nav_state_override__2019-01-18__08_39_38__baseline,40.894155999999995,0.011672913328055668,4.572563171386719,False,actuator_controls_0.control[3]
development,normal,commander_nav_state_override__2019-01-18__08_39_38__baseline,41.694156,0.01641569753759292,4.572563171386719,False,actuator_controls_0.control[2]
development,normal,commander_nav_state_override__2019-01-18__08_39_38__baseline,42.494156,0.0,4.572563171386719,False,actuator_controls_0.control[0]
development,normal,commander_nav_state_override__2019-01-18__08_39_38__baseline,43.294156,0.0,4.572563171386719,False,actuator_controls_0.control[0]
development,normal,commander_nav_state_override__2019-01-18__08_39_38__baseline,44.094156,0.0,4.572563171386719,False,actuator_controls_0.control[0]
development,normal,commander_nav_state_override__2019-01-18__08_39_38__baseline,44.894155999999995,0.0,4.572563171386719,False,actuator_controls_0.control[0]
development,normal,commander_nav_state_override__2019-01-18__08_39_38__baseline,45.694156,0.0,4.572563171386719,False,actuator_controls_0.control[0]
development,normal,commander_nav_state_override__2019-01-18__08_39_38__baseline,46.494156,0.0,4.572563171386719,False,actuator_controls_0.control[0]
development,normal,commander_nav_state_override__2019-01-18__08_39_38__baseline,47.294156,0.0,4.572563171386719,False,actuator_controls_0.control[0]
development,normal,commander_nav_state_override__2019-01-18__08_39_38__baseline,48.094156,0.02686665458122423,4.572563171386719,False,actuator_controls_0.control[3]
development,normal,commander_nav_state_override__2019-01-18__08_39_38__baseline,48.894155999999995,0.03195551251499379,4.572563171386719,False,actuator_controls_0.control[0]
development,normal,commander_nav_state_override__2019-01-18__08_39_38__baseline,49.694156,0.010403498248787904,4.572563171386719,False,actuator_controls_0.control[0]
development,normal,commander_nav_state_override__2019-01-18__08_39_38__baseline,50.494156,0.0,4.572563171386719,False,actuator_controls_0.control[0]
development,normal,commander_nav_state_override__2019-01-18__08_39_38__baseline,51.294156,0.0,4.572563171386719,False,actuator_controls_0.control[0]
development,normal,commander_nav_state_override__2019-01-18__08_39_38__baseline,52.094156,0.011215235432965055,4.572563171386719,False,actuator_controls_0.control[1]
development,normal,commander_nav_state_override__2019-01-18__08_39_38__baseline,52.894155999999995,0.007367015506586852,4.572563171386719,False,actuator_controls_0.control[1]
development,normal,commander_nav_state_override__2019-01-18__08_39_38__baseline,53.694156,0.007367015506586852,4.572563171386719,False,actuator_controls_0.control[1]
development,normal,commander_nav_state_override__2019-01-18__08_39_38__baseline,54.494156,0.00666953289184638,4.572563171386719,False,actuator_controls_0.control[1]
development,normal,commander_nav_state_override__2019-01-18__08_39_38__baseline,55.294156,0.00666953289184638,4.572563171386719,False,actuator_controls_0.control[1]
development,normal,commander_nav_state_override__2019-01-18__08_39_38__baseline,56.094156,0.00666953289184638,4.572563171386719,False,actuator_controls_0.control[1]
development,normal,commander_nav_state_override__2019-01-18__08_39_38__baseline,56.894155999999995,0.011005797009135598,4.572563171386719,False,actuator_controls_0.control[1]
development,normal,commander_nav_state_override__2019-01-18__08_39_38__baseline,57.694156,1.0,4.572563171386719,False,vehicle_status.nav_state
development,normal,commander_nav_state_override__2019-01-18__08_39_38__baseline,58.494156,1.0,4.572563171386719,False,vehicle_status.nav_state
development,normal,commander_nav_state_override__2019-01-18__08_39_38__baseline,59.294156,1.0,4.572563171386719,False,vehicle_status.nav_state
development,normal,commander_nav_state_override__2019-01-18__08_39_38__baseline,60.094156,1.0,4.572563171386719,False,vehicle_status.nav_state
development,normal,commander_nav_state_override__2019-01-18__08_39_38__baseline,60.894155999999995,1.0,4.572563171386719,False,vehicle_status.nav_state
development,normal,commander_nav_state_override__2019-01-18__08_39_38__baseline,61.694156,1.0,4.572563171386719,False,vehicle_status.nav_state
development,normal,commander_nav_state_override__2019-01-18__08_39_38__baseline,62.494156,1.0,4.572563171386719,False,vehicle_status.nav_state
development,normal,commander_nav_state_override__2019-01-18__08_39_38__baseline,63.294156,1.0,4.572563171386719,False,vehicle_status.nav_state
development,normal,commander_nav_state_override__2019-01-18__08_39_38__baseline,64.094156,1.0,4.572563171386719,False,vehicle_status.nav_state
development,normal,commander_nav_state_override__2019-01-18__08_39_38__baseline,64.894156,1.0,4.572563171386719,False,vehicle_status.nav_state
development,normal,commander_nav_state_override__2019-01-18__08_39_38__baseline,65.69415599999999,0.2077102796195559,4.572563171386719,False,actuator_controls_0.control[2]
development,normal,commander_nav_state_override__2019-01-18__08_39_38__baseline,66.494156,0.32924940714950646,4.572563171386719,False,actuator_controls_0.control[1]
development,normal,commander_nav_state_override__2019-01-18__08_39_38__baseline,67.294156,0.32924940714950646,4.572563171386719,False,actuator_controls_0.control[1]
development,normal,commander_nav_state_override__2019-01-25__17_38_05__baseline,9.618523999999999,0.0,4.572563171386719,False,actuator_controls_0.control[0]
development,normal,commander_nav_state_override__2019-01-25__17_38_05__baseline,10.418524,0.0,4.572563171386719,False,actuator_controls_0.control[0]
development,normal,commander_nav_state_override__2019-01-25__17_38_05__baseline,11.218523999999999,0.0,4.572563171386719,False,actuator_controls_0.control[0]
development,normal,commander_nav_state_override__2019-01-25__17_38_05__baseline,12.018524,0.0,4.572563171386719,False,actuator_controls_0.control[0]
development,normal,commander_nav_state_override__2019-01-25__17_38_05__baseline,12.818524,0.0,4.572563171386719,False,actuator_controls_0.control[0]
development,normal,commander_nav_state_override__2019-01-25__17_38_05__baseline,13.618523999999999,0.0,4.572563171386719,False,actuator_controls_0.control[0]
development,normal,commander_nav_state_override__2019-01-25__17_38_05__baseline,14.418524,0.0,4.572563171386719,False,actuator_controls_0.control[0]
development,normal,commander_nav_state_override__2019-01-25__17_38_05__baseline,15.218523999999999,0.0,4.572563171386719,False,actuator_controls_0.control[0]
development,normal,commander_nav_state_override__2019-01-25__17_38_05__baseline,16.018524,0.0,4.572563171386719,False,actuator_controls_0.control[0]
development,normal,commander_nav_state_override__2019-01-25__17_38_05__baseline,16.818524,0.0,4.572563171386719,False,actuator_controls_0.control[0]
development,normal,commander_nav_state_override__2019-01-25__17_38_05__baseline,17.618524,0.0,4.572563171386719,False,actuator_controls_0.control[0]
development,normal,commander_nav_state_override__2019-01-25__17_38_05__baseline,18.418523999999998,0.0,4.572563171386719,False,actuator_controls_0.control[0]
development,normal,commander_nav_state_override__2019-01-25__17_38_05__baseline,19.218524,0.0,4.572563171386719,False,actuator_controls_0.control[0]
development,normal,commander_nav_state_override__2019-01-25__17_38_05__baseline,20.018524,0.0,4.572563171386719,False,actuator_controls_0.control[0]
development,normal,commander_nav_state_override__2019-01-25__17_38_05__baseline,20.818524,0.0,4.572563171386719,False,actuator_controls_0.control[0]
development,normal,commander_nav_state_override__2019-01-25__17_38_05__baseline,21.618524,0.0,4.572563171386719,False,actuator_controls_0.control[0]
development,normal,commander_nav_state_override__2019-01-25__17_38_05__baseline,22.418523999999998,0.0,4.572563171386719,False,actuator_controls_0.control[0]
development,normal,commander_nav_state_override__2019-01-25__17_38_05__baseline,23.218524,0.0,4.572563171386719,False,actuator_controls_0.control[0]
development,normal,commander_nav_state_override__2019-01-25__17_38_05__baseline,24.018524,0.0,4.572563171386719,False,actuator_controls_0.control[0]
development,normal,commander_nav_state_override__2019-01-25__17_38_05__baseline,24.818524,0.0,4.572563171386719,False,actuator_controls_0.control[0]
development,normal,commander_nav_state_override__2019-01-25__17_38_05__baseline,25.618524,0.0,4.572563171386719,False,actuator_controls_0.control[0]
development,normal,commander_nav_state_override__2019-01-25__17_38_05__baseline,26.418523999999998,0.0,4.572563171386719,False,actuator_controls_0.control[0]
development,normal,commander_nav_state_override__2019-01-25__17_38_05__baseline,27.218524,0.0,4.572563171386719,False,actuator_controls_0.control[0]
development,normal,commander_nav_state_override__2019-01-25__17_38_05__baseline,28.018524,0.0,4.572563171386719,False,actuator_controls_0.control[0]
development,normal,commander_nav_state_override__2019-01-25__17_38_05__baseline,28.818524,0.0,4.572563171386719,False,actuator_controls_0.control[0]
development,normal,commander_nav_state_override__2019-01-25__17_38_05__baseline,29.618524,0.0,4.572563171386719,False,actuator_controls_0.control[0]
development,normal,commander_nav_state_override__2019-01-25__17_38_05__baseline,30.418523999999998,0.0,4.572563171386719,False,actuator_controls_0.control[0]
development,normal,commander_nav_state_override__2019-01-25__17_38_05__baseline,31.218524,0.0,4.572563171386719,False,actuator_controls_0.control[0]
development,normal,commander_nav_state_override__2019-01-25__17_38_05__baseline,32.018524,0.0,4.572563171386719,False,actuator_controls_0.control[0]
development,normal,commander_nav_state_override__2019-01-25__17_38_05__baseline,32.818524,0.0,4.572563171386719,False,actuator_controls_0.control[0]
development,normal,commander_nav_state_override__2019-01-25__17_38_05__baseline,33.618524,0.0,4.572563171386719,False,actuator_controls_0.control[0]
development,normal,commander_nav_state_override__2019-01-25__17_38_05__baseline,34.418524,0.0,4.572563171386719,False,actuator_controls_0.control[0]
development,normal,commander_nav_state_override__2019-01-25__17_38_05__baseline,35.218524,0.0,4.572563171386719,False,actuator_controls_0.control[0]
development,normal,commander_nav_state_override__2019-01-25__17_38_05__baseline,36.018524,0.0,4.572563171386719,False,actuator_controls_0.control[0]
development,normal,commander_nav_state_override__2019-01-25__17_38_05__baseline,36.818524,0.0,4.572563171386719,False,actuator_controls_0.control[0]
development,normal,commander_nav_state_override__2019-01-25__17_38_05__baseline,37.618524,0.0,4.572563171386719,False,actuator_controls_0.control[0]
development,normal,commander_nav_state_override__2019-01-25__17_38_05__baseline,38.418524,0.0,4.572563171386719,False,actuator_controls_0.control[0]
development,normal,commander_nav_state_override__2019-01-25__17_38_05__baseline,39.218524,0.0,4.572563171386719,False,actuator_controls_0.control[0]
development,normal,commander_nav_state_override__2019-01-25__17_38_05__baseline,40.018524,0.0,4.572563171386719,False,actuator_controls_0.control[0]
development,normal,commander_nav_state_override__2019-01-25__17_38_05__baseline,40.818524,0.0,4.572563171386719,False,actuator_controls_0.control[0]
development,normal,commander_nav_state_override__2019-01-25__17_38_05__baseline,41.618524,0.0,4.572563171386719,False,actuator_controls_0.control[0]
development,normal,commander_nav_state_override__2019-01-25__17_38_05__baseline,42.418524,0.0,4.572563171386719,False,actuator_controls_0.control[0]
development,normal,commander_nav_state_override__2019-01-25__17_38_05__baseline,43.218524,0.0,4.572563171386719,False,actuator_controls_0.control[0]
development,normal,commander_nav_state_override__2019-01-25__17_38_05__baseline,44.018524,0.0,4.572563171386719,False,actuator_controls_0.control[0]
development,normal,commander_nav_state_override__2019-01-25__17_38_05__baseline,44.818524,0.0,4.572563171386719,False,actuator_controls_0.control[0]
development,normal,commander_nav_state_override__2019-01-25__17_38_05__baseline,45.618524,0.0,4.572563171386719,False,actuator_controls_0.control[0]
development,normal,commander_nav_state_override__2019-01-25__17_38_05__baseline,46.418524,0.0,4.572563171386719,False,actuator_controls_0.control[0]
development,normal,commander_nav_state_override__2019-01-25__17_38_05__baseline,47.218524,0.0,4.572563171386719,False,actuator_controls_0.control[0]
development,normal,commander_nav_state_override__2019-01-25__17_38_05__baseline,48.018524,0.0,4.572563171386719,False,actuator_controls_0.control[0]
development,normal,commander_nav_state_override__2019-01-25__17_38_05__baseline,48.818524,0.0,4.572563171386719,False,actuator_controls_0.control[0]
development,normal,commander_nav_state_override__2019-01-25__17_38_05__baseline,49.618524,0.0,4.572563171386719,False,actuator_controls_0.control[0]
development,normal,commander_nav_state_override__2019-01-25__17_38_05__baseline,50.418524,0.0,4.572563171386719,False,actuator_controls_0.control[0]
development,normal,commander_nav_state_override__2019-01-25__17_38_05__baseline,51.218524,0.0,4.572563171386719,False,actuator_controls_0.control[0]
development,normal,commander_nav_state_override__2019-01-25__17_38_05__baseline,52.018524,0.0,4.572563171386719,False,actuator_controls_0.control[0]
development,normal,commander_nav_state_override__2019-01-25__17_38_05__baseline,52.818524,0.0,4.572563171386719,False,actuator_controls_0.control[0]
development,normal,commander_nav_state_override__2019-01-25__17_38_05__baseline,53.618524,0.0,4.572563171386719,False,actuator_controls_0.control[0]
development,normal,commander_nav_state_override__2019-01-25__17_38_05__baseline,54.418524,0.0,4.572563171386719,False,actuator_controls_0.control[0]
development,normal,commander_nav_state_override__2019-01-25__17_38_05__baseline,55.218524,0.0,4.572563171386719,False,actuator_controls_0.control[0]
development,normal,commander_nav_state_override__2019-01-25__17_38_05__baseline,56.018524,0.0,4.572563171386719,False,actuator_controls_0.control[0]
development,normal,commander_nav_state_override__2019-01-25__17_38_05__baseline,56.818524,0.0,4.572563171386719,False,actuator_controls_0.control[0]
development,normal,commander_nav_state_override__2019-01-25__17_38_05__baseline,57.618524,0.0,4.572563171386719,False,actuator_controls_0.control[0]
development,normal,commander_nav_state_override__2019-01-25__17_38_05__baseline,58.418524,0.0,4.572563171386719,False,actuator_controls_0.control[0]
development,normal,commander_nav_state_override__2019-01-25__17_38_05__baseline,59.218524,0.0,4.572563171386719,False,actuator_controls_0.control[0]
development,normal,commander_nav_state_override__2019-01-25__17_38_05__baseline,60.018524,0.0,4.572563171386719,False,actuator_controls_0.control[0]
development,normal,commander_nav_state_override__2019-01-25__17_38_05__baseline,60.818524,0.0,4.572563171386719,False,actuator_controls_0.control[0]
development,normal,commander_nav_state_override__2019-01-25__17_38_05__baseline,61.618524,0.0,4.572563171386719,False,actuator_controls_0.control[0]
development,normal,commander_nav_state_override__2019-01-25__17_38_05__baseline,62.418524,0.0,4.572563171386719,False,actuator_controls_0.control[0]
development,normal,commander_nav_state_override__2019-01-25__17_38_05__baseline,63.218524,0.0,4.572563171386719,False,actuator_controls_0.control[0]
development,normal,commander_nav_state_override__2019-01-25__17_38_05__baseline,64.018524,0.0,4.572563171386719,False,actuator_controls_0.control[0]
development,normal,commander_nav_state_override__2019-01-25__17_38_05__baseline,64.818524,0.0,4.572563171386719,False,actuator_controls_0.control[0]
development,normal,commander_nav_state_override__2019-01-25__17_38_05__baseline,65.618524,0.0,4.572563171386719,False,actuator_controls_0.control[0]
development,normal,commander_nav_state_override__2019-01-25__17_38_05__baseline,66.418524,0.0,4.572563171386719,False,actuator_controls_0.control[0]
development,normal,commander_nav_state_override__2019-01-25__17_38_05__baseline,67.218524,0.0,4.572563171386719,False,actuator_controls_0.control[0]
development,normal,commander_nav_state_override__2019-01-25__17_38_05__baseline,68.018524,0.0,4.572563171386719,False,actuator_controls_0.control[0]
development,normal,commander_nav_state_override__2019-01-25__17_38_05__baseline,68.818524,0.0,4.572563171386719,False,actuator_controls_0.control[0]
development,normal,commander_nav_state_override__2019-01-25__17_38_05__baseline,69.618524,0.0,4.572563171386719,False,actuator_controls_0.control[0]
development,normal,commander_nav_state_override__2019-01-25__17_38_05__baseline,70.418524,0.0,4.572563171386719,False,actuator_controls_0.control[0]
development,normal,commander_nav_state_override__2019-01-25__17_38_05__baseline,71.218524,0.0,4.572563171386719,False,actuator_controls_0.control[0]
development,normal,commander_nav_state_override__2019-01-25__17_38_05__baseline,72.018524,0.0,4.572563171386719,False,actuator_controls_0.control[0]
development,normal,commander_nav_state_override__2019-01-25__17_38_05__baseline,72.818524,0.0,4.572563171386719,False,actuator_controls_0.control[0]
development,normal,commander_nav_state_override__2019-01-25__17_38_05__baseline,73.618524,0.0,4.572563171386719,False,actuator_controls_0.control[0]
development,normal,commander_nav_state_override__2019-01-25__17_38_05__baseline,74.418524,0.0,4.572563171386719,False,actuator_controls_0.control[0]
development,normal,commander_nav_state_override__2019-01-25__17_38_05__baseline,75.218524,0.0,4.572563171386719,False,actuator_controls_0.control[0]
development,normal,commander_nav_state_override__2019-01-25__17_38_05__baseline,76.018524,0.0,4.572563171386719,False,actuator_controls_0.control[0]
development,normal,commander_nav_state_override__2019-01-25__17_38_05__baseline,76.818524,0.0,4.572563171386719,False,actuator_controls_0.control[0]
development,normal,commander_nav_state_override__2019-01-25__17_38_05__baseline,77.618524,0.0,4.572563171386719,False,actuator_controls_0.control[0]
development,normal,commander_nav_state_override__2019-01-25__17_38_05__baseline,78.418524,0.0,4.572563171386719,False,actuator_controls_0.control[0]
development,normal,commander_nav_state_override__2019-01-25__17_38_05__baseline,79.218524,0.0,4.572563171386719,False,actuator_controls_0.control[0]
development,normal,commander_nav_state_override__2019-01-25__17_38_05__baseline,80.018524,0.0,4.572563171386719,False,actuator_controls_0.control[0]
development,normal,commander_nav_state_override__2019-01-25__17_38_05__baseline,80.818524,0.0,4.572563171386719,False,actuator_controls_0.control[0]
development,normal,commander_nav_state_override__2019-01-25__17_38_05__baseline,81.618524,0.0,4.572563171386719,False,actuator_controls_0.control[0]
development,normal,commander_nav_state_override__2019-01-25__17_38_05__baseline,82.418524,0.0,4.572563171386719,False,actuator_controls_0.control[0]
development,normal,commander_nav_state_override__2019-01-25__17_38_05__baseline,83.218524,0.0,4.572563171386719,False,actuator_controls_0.control[0]
development,normal,commander_nav_state_override__2019-01-25__17_38_05__baseline,84.018524,0.0,4.572563171386719,False,actuator_controls_0.control[0]
development,normal,commander_nav_state_override__2019-01-25__17_38_05__baseline,84.818524,0.0,4.572563171386719,False,actuator_controls_0.control[0]
development,normal,commander_nav_state_override__2019-01-25__17_38_05__baseline,85.618524,0.0,4.572563171386719,False,actuator_controls_0.control[0]
development,normal,commander_nav_state_override__2019-01-25__17_38_05__baseline,86.418524,0.0,4.572563171386719,False,actuator_controls_0.control[0]
development,normal,commander_nav_state_override__2019-01-25__17_38_05__baseline,87.218524,0.0,4.572563171386719,False,actuator_controls_0.control[0]
development,normal,commander_nav_state_override__2019-01-25__17_38_05__baseline,88.018524,0.0,4.572563171386719,False,actuator_controls_0.control[0]
development,normal,commander_nav_state_override__2019-01-25__17_38_05__baseline,88.818524,0.0,4.572563171386719,False,actuator_controls_0.control[0]
development,normal,commander_nav_state_override__2019-01-25__17_38_05__baseline,89.618524,0.0,4.572563171386719,False,actuator_controls_0.control[0]
development,normal,commander_nav_state_override__2019-01-25__17_38_05__baseline,90.418524,0.0,4.572563171386719,False,actuator_controls_0.control[0]
development,normal,commander_nav_state_override__2019-01-25__17_38_05__baseline,91.218524,0.0,4.572563171386719,False,actuator_controls_0.control[0]
development,normal,commander_nav_state_override__2019-01-25__17_38_05__baseline,92.018524,0.0,4.572563171386719,False,actuator_controls_0.control[0]
development,normal,commander_nav_state_override__2019-01-25__17_38_05__baseline,92.818524,0.0,4.572563171386719,False,actuator_controls_0.control[0]
development,normal,commander_nav_state_override__2019-03-06__08_02_26__baseline,9.620426,0.0,4.572563171386719,False,actuator_controls_0.control[0]
development,normal,commander_nav_state_override__2019-03-06__08_02_26__baseline,10.420426,0.0,4.572563171386719,False,actuator_controls_0.control[0]
development,normal,commander_nav_state_override__2019-03-06__08_02_26__baseline,11.220426,0.0,4.572563171386719,False,actuator_controls_0.control[0]
development,normal,commander_nav_state_override__2019-03-06__08_02_26__baseline,12.020426,0.0,4.572563171386719,False,actuator_controls_0.control[0]
development,normal,commander_nav_state_override__2019-03-06__08_02_26__baseline,12.820426000000001,0.0,4.572563171386719,False,actuator_controls_0.control[0]
development,normal,commander_nav_state_override__2019-03-06__08_02_26__baseline,13.620426,0.0,4.572563171386719,False,actuator_controls_0.control[0]
development,normal,commander_nav_state_override__2019-03-06__08_02_26__baseline,14.420426,0.0,4.572563171386719,False,actuator_controls_0.control[0]
development,normal,commander_nav_state_override__2019-03-06__08_02_26__baseline,15.220426,0.0,4.572563171386719,False,actuator_controls_0.control[0]
development,normal,commander_nav_state_override__2019-03-06__08_02_26__baseline,16.020426,0.0,4.572563171386719,False,actuator_controls_0.control[0]
development,normal,commander_nav_state_override__2019-03-06__08_02_26__baseline,16.820426,0.0,4.572563171386719,False,actuator_controls_0.control[0]
development,normal,commander_nav_state_override__2019-03-06__08_02_26__baseline,17.620426000000002,0.0,4.572563171386719,False,actuator_controls_0.control[0]
development,normal,commander_nav_state_override__2019-03-06__08_02_26__baseline,18.420426,0.0,4.572563171386719,False,actuator_controls_0.control[0]
development,normal,commander_nav_state_override__2019-03-06__08_02_26__baseline,19.220426,0.0,4.572563171386719,False,actuator_controls_0.control[0]
development,normal,commander_nav_state_override__2019-03-06__08_02_26__baseline,20.020426,0.0,4.572563171386719,False,actuator_controls_0.control[0]
development,normal,commander_nav_state_override__2019-03-06__08_02_26__baseline,20.820426,0.0,4.572563171386719,False,actuator_controls_0.control[0]
development,normal,commander_nav_state_override__2019-03-06__08_02_26__baseline,21.620426000000002,0.0,4.572563171386719,False,actuator_controls_0.control[0]
development,normal,commander_nav_state_override__2019-03-06__08_02_26__baseline,22.420426,0.0,4.572563171386719,False,actuator_controls_0.control[0]
development,normal,commander_nav_state_override__2019-03-06__08_02_26__baseline,23.220426,0.0,4.572563171386719,False,actuator_controls_0.control[0]
development,normal,commander_nav_state_override__2019-03-06__08_02_26__baseline,24.020426,0.0,4.572563171386719,False,actuator_controls_0.control[0]
development,normal,commander_nav_state_override__2019-03-06__08_02_26__baseline,24.820426,0.0,4.572563171386719,False,actuator_controls_0.control[0]
development,normal,commander_nav_state_override__2019-03-06__08_02_26__baseline,25.620426000000002,0.0,4.572563171386719,False,actuator_controls_0.control[0]
development,normal,commander_nav_state_override__2019-03-06__08_02_26__baseline,26.420426,0.0,4.572563171386719,False,actuator_controls_0.control[0]
development,normal,commander_nav_state_override__2019-03-06__08_02_26__baseline,27.220426,0.0,4.572563171386719,False,actuator_controls_0.control[0]
development,normal,commander_nav_state_override__2019-03-06__08_02_26__baseline,28.020426,0.0,4.572563171386719,False,actuator_controls_0.control[0]
development,normal,commander_nav_state_override__2019-03-06__08_02_26__baseline,28.820426,0.0,4.572563171386719,False,actuator_controls_0.control[0]
development,normal,commander_nav_state_override__2019-03-06__08_02_26__baseline,29.620426000000002,0.0,4.572563171386719,False,actuator_controls_0.control[0]
development,normal,commander_nav_state_override__2019-03-06__08_02_26__baseline,30.420426,0.0,4.572563171386719,False,actuator_controls_0.control[0]
development,normal,commander_nav_state_override__2019-03-06__08_02_26__baseline,31.220426,0.0,4.572563171386719,False,actuator_controls_0.control[0]
development,normal,commander_nav_state_override__2019-03-06__08_02_26__baseline,32.020426,0.0,4.572563171386719,False,actuator_controls_0.control[0]
development,normal,commander_nav_state_override__2019-03-06__08_02_26__baseline,32.820426,0.0,4.572563171386719,False,actuator_controls_0.control[0]
development,normal,commander_nav_state_override__2019-03-06__08_02_26__baseline,33.620426,0.0,4.572563171386719,False,actuator_controls_0.control[0]
development,normal,commander_nav_state_override__2019-03-06__08_02_26__baseline,34.420426,0.0,4.572563171386719,False,actuator_controls_0.control[0]
development,normal,commander_nav_state_override__2019-03-06__08_02_26__baseline,35.220426,0.0,4.572563171386719,False,actuator_controls_0.control[0]
development,normal,commander_nav_state_override__2019-03-06__08_02_26__baseline,36.020426,0.0,4.572563171386719,False,actuator_controls_0.control[0]
development,normal,commander_nav_state_override__2019-03-06__08_02_26__baseline,36.820426,0.0,4.572563171386719,False,actuator_controls_0.control[0]
development,normal,commander_nav_state_override__2019-03-06__08_02_26__baseline,37.620426,0.0,4.572563171386719,False,actuator_controls_0.control[0]
development,normal,commander_nav_state_override__2019-03-06__08_02_26__baseline,38.420426,0.0,4.572563171386719,False,actuator_controls_0.control[0]
development,normal,commander_nav_state_override__2019-03-06__08_02_26__baseline,39.220426,0.0,4.572563171386719,False,actuator_controls_0.control[0]
development,normal,commander_nav_state_override__2019-03-06__08_02_26__baseline,40.020426,0.0,4.572563171386719,False,actuator_controls_0.control[0]
development,normal,commander_nav_state_override__2019-03-06__08_02_26__baseline,40.820426,0.0,4.572563171386719,False,actuator_controls_0.control[0]
development,normal,commander_nav_state_override__2019-03-06__08_02_26__baseline,41.620426,0.0,4.572563171386719,False,actuator_controls_0.control[0]
development,normal,commander_nav_state_override__2019-03-06__08_02_26__baseline,42.420426,0.0,4.572563171386719,False,actuator_controls_0.control[0]
development,normal,commander_nav_state_override__2019-03-06__08_02_26__baseline,43.220426,0.0,4.572563171386719,False,actuator_controls_0.control[0]
development,normal,commander_nav_state_override__2019-03-06__08_02_26__baseline,44.020426,0.0,4.572563171386719,False,actuator_controls_0.control[0]
development,normal,commander_nav_state_override__2019-03-06__08_02_26__baseline,44.820426,0.0,4.572563171386719,False,actuator_controls_0.control[0]
development,normal,commander_nav_state_override__2019-03-06__08_02_26__baseline,45.620426,0.0,4.572563171386719,False,actuator_controls_0.control[0]
development,normal,commander_nav_state_override__2019-03-06__08_02_26__baseline,46.420426,0.0,4.572563171386719,False,actuator_controls_0.control[0]
development,normal,commander_nav_state_override__2019-03-06__08_02_26__baseline,47.220426,0.0,4.572563171386719,False,actuator_controls_0.control[0]
development,normal,commander_nav_state_override__2019-03-06__08_02_26__baseline,48.020426,0.0,4.572563171386719,False,actuator_controls_0.control[0]
development,normal,commander_nav_state_override__2019-03-06__08_02_26__baseline,48.820426,0.0,4.572563171386719,False,actuator_controls_0.control[0]
development,normal,commander_nav_state_override__2019-03-06__08_02_26__baseline,49.620426,0.0,4.572563171386719,False,actuator_controls_0.control[0]
development,normal,commander_nav_state_override__2019-03-06__08_02_26__baseline,50.420426,0.0,4.572563171386719,False,actuator_controls_0.control[0]
development,normal,commander_nav_state_override__2019-03-06__08_02_26__baseline,51.220426,0.0,4.572563171386719,False,actuator_controls_0.control[0]
development,normal,commander_nav_state_override__2019-03-06__08_02_26__baseline,52.020426,0.0,4.572563171386719,False,actuator_controls_0.control[0]
development,normal,commander_nav_state_override__2019-03-06__08_02_26__baseline,52.820426,0.0,4.572563171386719,False,actuator_controls_0.control[0]
development,normal,commander_nav_state_override__2019-03-06__08_02_26__baseline,53.620426,0.0,4.572563171386719,False,actuator_controls_0.control[0]
development,normal,commander_nav_state_override__2019-03-06__08_02_26__baseline,54.420426,0.0,4.572563171386719,False,actuator_controls_0.control[0]
development,normal,commander_nav_state_override__2019-03-06__08_02_26__baseline,55.220426,0.0,4.572563171386719,False,actuator_controls_0.control[0]
development,normal,commander_nav_state_override__2019-03-06__08_02_26__baseline,56.020426,0.0,4.572563171386719,False,actuator_controls_0.control[0]
development,normal,commander_nav_state_override__2019-03-06__08_02_26__baseline,56.820426,0.0,4.572563171386719,False,actuator_controls_0.control[0]
development,normal,commander_nav_state_override__2019-03-06__08_02_26__baseline,57.620426,0.0,4.572563171386719,False,actuator_controls_0.control[0]
development,normal,commander_nav_state_override__2019-03-06__08_02_26__baseline,58.420426,0.0,4.572563171386719,False,actuator_controls_0.control[0]
development,normal,commander_nav_state_override__2019-03-06__08_02_26__baseline,59.220426,0.0,4.572563171386719,False,actuator_controls_0.control[0]
development,normal,commander_nav_state_override__2019-03-06__08_02_26__baseline,60.020426,0.0,4.572563171386719,False,actuator_controls_0.control[0]
development,normal,commander_nav_state_override__2019-03-06__08_02_26__baseline,60.820426,0.0,4.572563171386719,False,actuator_controls_0.control[0]
development,normal,commander_nav_state_override__2019-03-06__08_02_26__baseline,61.620426,0.0,4.572563171386719,False,actuator_controls_0.control[0]
development,normal,commander_nav_state_override__2019-03-06__08_02_26__baseline,62.420426,0.0,4.572563171386719,False,actuator_controls_0.control[0]
development,normal,commander_nav_state_override__2019-03-06__08_02_26__baseline,63.220426,0.0,4.572563171386719,False,actuator_controls_0.control[0]
development,normal,commander_nav_state_override__2019-03-06__08_02_26__baseline,64.020426,0.0,4.572563171386719,False,actuator_controls_0.control[0]
development,normal,commander_nav_state_override__2019-03-06__08_02_26__baseline,64.820426,0.0,4.572563171386719,False,actuator_controls_0.control[0]
development,normal,commander_nav_state_override__2019-03-06__08_02_26__baseline,65.620426,0.0,4.572563171386719,False,actuator_controls_0.control[0]
development,normal,commander_nav_state_override__2019-03-06__08_02_26__baseline,66.420426,0.0,4.572563171386719,False,actuator_controls_0.control[0]
development,normal,commander_nav_state_override__2019-03-06__08_02_26__baseline,67.220426,0.0,4.572563171386719,False,actuator_controls_0.control[0]
development,normal,commander_nav_state_override__2019-03-06__08_02_26__baseline,68.020426,0.0,4.572563171386719,False,actuator_controls_0.control[0]
development,normal,commander_nav_state_override__2019-03-06__08_02_26__baseline,68.820426,0.0,4.572563171386719,False,actuator_controls_0.control[0]
development,normal,commander_nav_state_override__2019-03-06__08_02_26__baseline,69.620426,0.0,4.572563171386719,False,actuator_controls_0.control[0]
development,normal,commander_nav_state_override__2019-03-06__08_02_26__baseline,70.420426,0.0,4.572563171386719,False,actuator_controls_0.control[0]
development,normal,commander_nav_state_override__2019-03-06__08_02_26__baseline,71.220426,0.0,4.572563171386719,False,actuator_controls_0.control[0]
development,normal,commander_nav_state_override__2019-03-06__08_02_26__baseline,72.020426,0.0,4.572563171386719,False,actuator_controls_0.control[0]
development,normal,commander_nav_state_override__2019-03-06__08_02_26__baseline,72.820426,0.0,4.572563171386719,False,actuator_controls_0.control[0]
development,normal,commander_nav_state_override__2019-03-06__08_02_26__baseline,73.620426,0.0,4.572563171386719,False,actuator_controls_0.control[0]
development,normal,commander_nav_state_override__2019-03-06__08_02_26__baseline,74.420426,0.0,4.572563171386719,False,actuator_controls_0.control[0]
development,normal,commander_nav_state_override__2019-03-06__08_02_26__baseline,75.220426,0.0,4.572563171386719,False,actuator_controls_0.control[0]
development,normal,commander_nav_state_override__2019-03-06__08_02_26__baseline,76.020426,0.0,4.572563171386719,False,actuator_controls_0.control[0]
development,normal,commander_nav_state_override__2019-03-06__08_02_26__baseline,76.820426,0.0,4.572563171386719,False,actuator_controls_0.control[0]
development,normal,commander_nav_state_override__2019-03-06__08_02_26__baseline,77.620426,0.0029574445009885957,4.572563171386719,False,vehicle_status.nav_state
development,normal,commander_nav_state_override__2019-03-06__08_02_26__baseline,78.420426,0.0029574445009885957,4.572563171386719,False,vehicle_status.nav_state
development,normal,commander_nav_state_override__2019-03-06__08_02_26__baseline,79.220426,0.0029574445009885957,4.572563171386719,False,vehicle_status.nav_state
development,normal,commander_nav_state_override__2019-03-06__08_02_26__baseline,80.020426,0.0029574445009885957,4.572563171386719,False,vehicle_status.nav_state
development,normal,commander_nav_state_override__2019-03-06__08_02_26__baseline,80.820426,0.0029574445009885957,4.572563171386719,False,vehicle_status.nav_state
development,normal,commander_nav_state_override__2019-03-06__08_02_26__baseline,81.620426,0.0029574445009885957,4.572563171386719,False,vehicle_status.nav_state
development,normal,commander_nav_state_override__2019-03-06__08_02_26__baseline,82.420426,0.0029574445009885957,4.572563171386719,False,vehicle_status.nav_state
development,normal,commander_nav_state_override__2019-03-06__08_02_26__baseline,83.220426,0.0029574445009885957,4.572563171386719,False,vehicle_status.nav_state
development,normal,commander_nav_state_override__2019-03-06__08_02_26__baseline,84.020426,0.0029574445009885957,4.572563171386719,False,vehicle_status.nav_state
development,normal,commander_nav_state_override__2019-03-06__08_02_26__baseline,84.820426,0.0029574445009885957,4.572563171386719,False,vehicle_status.nav_state
development,normal,commander_nav_state_override__2019-03-06__08_02_26__baseline,85.620426,0.0,4.572563171386719,False,actuator_controls_0.control[0]
development,normal,commander_nav_state_override__2019-03-06__08_02_26__baseline,86.420426,0.0,4.572563171386719,False,actuator_controls_0.control[0]
development,normal,commander_nav_state_override__2019-03-06__08_02_26__baseline,87.220426,0.0,4.572563171386719,False,actuator_controls_0.control[0]
development,normal,commander_nav_state_override__2019-03-06__08_02_26__baseline,88.020426,0.0,4.572563171386719,False,actuator_controls_0.control[0]
development,normal,commander_nav_state_override__2019-03-06__08_02_26__baseline,88.820426,0.0,4.572563171386719,False,actuator_controls_0.control[0]
development,normal,commander_nav_state_override__2019-03-06__08_02_26__baseline,89.620426,0.0,4.572563171386719,False,actuator_controls_0.control[0]
development,normal,commander_nav_state_override__2019-03-06__08_02_26__baseline,90.420426,0.0,4.572563171386719,False,actuator_controls_0.control[0]
development,normal,commander_nav_state_override__2019-03-06__08_02_26__baseline,91.220426,0.0,4.572563171386719,False,actuator_controls_0.control[0]
development,normal,commander_nav_state_override__2019-03-06__08_02_26__baseline,92.020426,0.0,4.572563171386719,False,actuator_controls_0.control[0]
development,normal,commander_nav_state_override__2019-03-06__08_02_26__baseline,92.820426,0.0,4.572563171386719,False,actuator_controls_0.control[0]
development,normal,commander_nav_state_override__2019-03-06__08_02_26__baseline,93.620426,0.0,4.572563171386719,False,actuator_controls_0.control[0]
development,normal,commander_nav_state_override__2019-03-06__08_02_26__baseline,94.420426,0.0,4.572563171386719,False,actuator_controls_0.control[0]
development,normal,commander_nav_state_override__2019-03-06__08_02_26__baseline,95.220426,0.0,4.572563171386719,False,actuator_controls_0.control[0]
development,normal,commander_nav_state_override__2019-03-06__08_02_26__baseline,96.020426,0.0,4.572563171386719,False,actuator_controls_0.control[0]
development,normal,ekf2_innovation_bias__2019-01-18__08_39_38__baseline,9.623759,0.0,4.572563171386719,False,actuator_controls_0.control[0]
development,normal,ekf2_innovation_bias__2019-01-18__08_39_38__baseline,10.423759,0.0,4.572563171386719,False,actuator_controls_0.control[0]
development,normal,ekf2_innovation_bias__2019-01-18__08_39_38__baseline,11.223759,0.0,4.572563171386719,False,actuator_controls_0.control[0]
development,normal,ekf2_innovation_bias__2019-01-18__08_39_38__baseline,12.023759,0.0,4.572563171386719,False,actuator_controls_0.control[0]
development,normal,ekf2_innovation_bias__2019-01-18__08_39_38__baseline,12.823759,0.08500877987944573,4.572563171386719,False,actuator_controls_0.control[2]
development,normal,ekf2_innovation_bias__2019-01-18__08_39_38__baseline,13.623759,0.08500877987944573,4.572563171386719,False,actuator_controls_0.control[2]
development,normal,ekf2_innovation_bias__2019-01-18__08_39_38__baseline,14.423759,0.08500877987944573,4.572563171386719,False,actuator_controls_0.control[2]
development,normal,ekf2_innovation_bias__2019-01-18__08_39_38__baseline,15.223759,0.10090954523250581,4.572563171386719,False,actuator_controls_0.control[2]
development,normal,ekf2_innovation_bias__2019-01-18__08_39_38__baseline,16.023759,0.8241853872409216,4.572563171386719,False,estimator_status.pos_test_ratio
development,normal,ekf2_innovation_bias__2019-01-18__08_39_38__baseline,16.823759,0.8241853872409216,4.572563171386719,False,estimator_status.pos_test_ratio
development,normal,ekf2_innovation_bias__2019-01-18__08_39_38__baseline,17.623759,0.8398577640163903,4.572563171386719,False,estimator_status.pos_test_ratio
development,normal,ekf2_innovation_bias__2019-01-18__08_39_38__baseline,18.423758999999997,0.8398577640163903,4.572563171386719,False,estimator_status.pos_test_ratio
development,normal,ekf2_innovation_bias__2019-01-18__08_39_38__baseline,19.223758999999998,0.8398577640163903,4.572563171386719,False,estimator_status.pos_test_ratio
development,normal,ekf2_innovation_bias__2019-01-18__08_39_38__baseline,20.023759,0.8398581062259554,4.572563171386719,False,estimator_status.pos_test_ratio
development,normal,ekf2_innovation_bias__2019-01-18__08_39_38__baseline,20.823759,0.3322310428691547,4.572563171386719,False,ekf2_innovations.hagl_innov
development,normal,ekf2_innovation_bias__2019-01-18__08_39_38__baseline,21.623759,0.3322310428691547,4.572563171386719,False,ekf2_innovations.hagl_innov
development,normal,ekf2_innovation_bias__2019-01-18__08_39_38__baseline,22.423758999999997,0.3322310428691547,4.572563171386719,False,ekf2_innovations.hagl_innov
development,normal,ekf2_innovation_bias__2019-01-18__08_39_38__baseline,23.223758999999998,0.8417652357867026,4.572563171386719,False,estimator_status.pos_vert_accuracy
development,normal,ekf2_innovation_bias__2019-01-18__08_39_38__baseline,24.023759,0.7345141423093595,4.572563171386719,False,estimator_status.mag_test_ratio
development,normal,ekf2_innovation_bias__2019-01-18__08_39_38__baseline,24.823759,0.7345141423093595,4.572563171386719,False,estimator_status.mag_test_ratio
development,normal,ekf2_innovation_bias__2019-01-18__08_39_38__baseline,25.623759,0.7345141423093595,4.572563171386719,False,estimator_status.mag_test_ratio
development,normal,ekf2_innovation_bias__2019-01-18__08_39_38__baseline,26.423758999999997,0.8429242419104365,4.572563171386719,False,ekf2_innovations.hagl_innov
development,normal,ekf2_innovation_bias__2019-01-18__08_39_38__baseline,27.223758999999998,0.8462977373787979,4.572563171386719,False,estimator_status.pos_test_ratio
development,normal,ekf2_innovation_bias__2019-01-18__08_39_38__baseline,28.023759,0.9428814257695038,4.572563171386719,False,ekf2_innovations.output_tracking_error[1]
development,normal,ekf2_innovation_bias__2019-01-18__08_39_38__baseline,28.823759,0.8462968476339288,4.572563171386719,False,estimator_status.pos_test_ratio
development,normal,ekf2_innovation_bias__2019-01-18__08_39_38__baseline,29.623759,0.8462968476339288,4.572563171386719,False,estimator_status.pos_test_ratio
development,normal,ekf2_innovation_bias__2019-01-18__08_39_38__baseline,30.423758999999997,0.8462968476339288,4.572563171386719,False,estimator_status.pos_test_ratio
development,normal,ekf2_innovation_bias__2019-01-18__08_39_38__baseline,31.223758999999998,0.8579863841658264,4.572563171386719,False,estimator_status.pos_test_ratio
development,normal,ekf2_innovation_bias__2019-01-18__08_39_38__baseline,32.023759,0.8935516082822926,4.572563171386719,False,estimator_status.pos_test_ratio
development,normal,ekf2_innovation_bias__2019-01-18__08_39_38__baseline,32.823758999999995,0.8561812971522004,4.572563171386719,False,estimator_status.pos_test_ratio
development,normal,ekf2_innovation_bias__2019-01-18__08_39_38__baseline,33.623759,0.06426367926552534,4.572563171386719,False,estimator_status.vibe[1]
development,normal,ekf2_innovation_bias__2019-01-18__08_39_38__baseline,34.423759,0.06426367926552534,4.572563171386719,False,estimator_status.vibe[1]
development,normal,ekf2_innovation_bias__2019-01-18__08_39_38__baseline,35.223759,0.06426367926552534,4.572563171386719,False,estimator_status.vibe[1]
development,normal,ekf2_innovation_bias__2019-01-18__08_39_38__baseline,36.023759,0.11867905419007978,4.572563171386719,False,estimator_status.vibe[1]
development,normal,ekf2_innovation_bias__2019-01-18__08_39_38__baseline,36.823758999999995,0.11867905419007978,4.572563171386719,False,estimator_status.vibe[1]
development,normal,ekf2_innovation_bias__2019-01-18__08_39_38__baseline,37.623759,0.11867905419007978,4.572563171386719,False,estimator_status.vibe[1]
development,normal,ekf2_innovation_bias__2019-01-18__08_39_38__baseline,38.423759,0.11867905419007978,4.572563171386719,False,estimator_status.vibe[1]
development,normal,ekf2_innovation_bias__2019-01-18__08_39_38__baseline,39.223759,0.11867905419007978,4.572563171386719,False,estimator_status.vibe[1]
development,normal,ekf2_innovation_bias__2019-01-18__08_39_38__baseline,40.023759,0.0683488290549533,4.572563171386719,False,estimator_status.vibe[1]
development,normal,ekf2_innovation_bias__2019-01-18__08_39_38__baseline,40.823758999999995,0.0683488290549533,4.572563171386719,False,estimator_status.vibe[1]
development,normal,ekf2_innovation_bias__2019-01-18__08_39_38__baseline,41.623759,0.0683488290549533,4.572563171386719,False,estimator_status.vibe[1]
development,normal,ekf2_innovation_bias__2019-01-18__08_39_38__baseline,42.423759,0.06734406736862779,4.572563171386719,False,estimator_status.vibe[1]
development,normal,ekf2_innovation_bias__2019-01-18__08_39_38__baseline,43.223759,0.06734406736862779,4.572563171386719,False,estimator_status.vibe[1]
development,normal,ekf2_innovation_bias__2019-01-18__08_39_38__baseline,44.023759,0.06734406736862779,4.572563171386719,False,estimator_status.vibe[1]
development,normal,ekf2_innovation_bias__2019-01-18__08_39_38__baseline,44.823758999999995,0.08514499808770797,4.572563171386719,False,estimator_status.vibe[1]
development,normal,ekf2_innovation_bias__2019-01-18__08_39_38__baseline,45.623759,0.07402650553374938,4.572563171386719,False,estimator_status.vibe[1]
development,normal,ekf2_innovation_bias__2019-01-18__08_39_38__baseline,46.423759,0.07402650553374938,4.572563171386719,False,estimator_status.vibe[1]
development,normal,ekf2_innovation_bias__2019-01-18__08_39_38__baseline,47.223759,0.07402650553374938,4.572563171386719,False,estimator_status.vibe[1]
development,normal,ekf2_innovation_bias__2019-01-18__08_39_38__baseline,48.023759,0.08580069781059017,4.572563171386719,False,estimator_status.vibe[1]
development,normal,ekf2_innovation_bias__2019-01-18__08_39_38__baseline,48.823758999999995,0.06387549270311277,4.572563171386719,False,estimator_status.vibe[1]
development,normal,ekf2_innovation_bias__2019-01-18__08_39_38__baseline,49.623759,0.06387549270311277,4.572563171386719,False,estimator_status.vibe[1]
development,normal,ekf2_innovation_bias__2019-01-18__08_39_38__baseline,50.423759,0.06387549270311277,4.572563171386719,False,estimator_status.vibe[1]
development,normal,ekf2_innovation_bias__2019-01-18__08_39_38__baseline,51.223759,0.07943440537570592,4.572563171386719,False,estimator_status.vibe[1]
development,normal,ekf2_innovation_bias__2019-01-18__08_39_38__baseline,52.023759,0.06878164055102277,4.572563171386719,False,estimator_status.vibe[1]
development,normal,ekf2_innovation_bias__2019-01-18__08_39_38__baseline,52.823758999999995,0.06878164055102277,4.572563171386719,False,estimator_status.vibe[1]
development,normal,ekf2_innovation_bias__2019-01-18__08_39_38__baseline,53.623759,0.06878164055102277,4.572563171386719,False,estimator_status.vibe[1]
development,normal,ekf2_innovation_bias__2019-01-18__08_39_38__baseline,54.423759,0.06878164055102277,4.572563171386719,False,estimator_status.vibe[1]
development,normal,ekf2_innovation_bias__2019-01-18__08_39_38__baseline,55.223759,0.06878164055102277,4.572563171386719,False,estimator_status.vibe[1]
development,normal,ekf2_innovation_bias__2019-01-18__08_39_38__baseline,56.023759,0.08688267419672609,4.572563171386719,False,estimator_status.vibe[1]
development,normal,ekf2_innovation_bias__2019-01-18__08_39_38__baseline,56.823758999999995,0.08688267419672609,4.572563171386719,False,estimator_status.vibe[1]
development,normal,ekf2_innovation_bias__2019-01-18__08_39_38__baseline,57.623759,0.1036066458835944,4.572563171386719,False,actuator_controls_0.control[3]
development,normal,ekf2_innovation_bias__2019-01-18__08_39_38__baseline,58.423759,0.1036066458835944,4.572563171386719,False,actuator_controls_0.control[3]
development,normal,ekf2_innovation_bias__2019-01-18__08_39_38__baseline,59.223759,0.1036066458835944,4.572563171386719,False,actuator_controls_0.control[3]
development,normal,ekf2_innovation_bias__2019-01-18__08_39_38__baseline,60.023759,0.1036066458835944,4.572563171386719,False,actuator_controls_0.control[3]
development,normal,ekf2_innovation_bias__2019-01-18__08_39_38__baseline,60.823758999999995,0.1036066458835944,4.572563171386719,False,actuator_controls_0.control[3]
development,normal,ekf2_innovation_bias__2019-01-18__08_39_38__baseline,61.623759,0.1310245054593412,4.572563171386719,False,actuator_controls_0.control[2]
development,normal,ekf2_innovation_bias__2019-01-18__08_39_38__baseline,62.423759,0.14848577668829524,4.572563171386719,False,estimator_status.vibe[1]
development,normal,ekf2_innovation_bias__2019-01-18__08_39_38__baseline,63.223759,0.14848577668829524,4.572563171386719,False,estimator_status.vibe[1]
development,normal,ekf2_innovation_bias__2019-01-18__08_39_38__baseline,64.023759,0.14848577668829524,4.572563171386719,False,estimator_status.vibe[1]
development,normal,ekf2_innovation_bias__2019-01-18__08_39_38__baseline,64.823759,0.16192494116428083,4.572563171386719,False,estimator_status.vibe[1]
development,normal,ekf2_innovation_bias__2019-01-18__08_39_38__baseline,65.62375899999999,0.16192494116428083,4.572563171386719,False,estimator_status.vibe[1]
development,normal,ekf2_innovation_bias__2019-01-18__08_39_38__baseline,66.423759,0.19496264631421645,4.572563171386719,False,estimator_status.vibe[1]
development,normal,ekf2_innovation_bias__2019-01-18__08_39_38__baseline,67.223759,0.19496264631421645,4.572563171386719,False,estimator_status.vibe[1]
development,normal,ekf2_innovation_bias__2019-01-25__17_38_05__baseline,9.622311,0.0,4.572563171386719,False,actuator_controls_0.control[0]
development,normal,ekf2_innovation_bias__2019-01-25__17_38_05__baseline,10.422311,0.0,4.572563171386719,False,actuator_controls_0.control[0]
development,normal,ekf2_innovation_bias__2019-01-25__17_38_05__baseline,11.222311,0.0,4.572563171386719,False,actuator_controls_0.control[0]
development,normal,ekf2_innovation_bias__2019-01-25__17_38_05__baseline,12.022311,0.0,4.572563171386719,False,actuator_controls_0.control[0]
development,normal,ekf2_innovation_bias__2019-01-25__17_38_05__baseline,12.822311000000001,0.8369910060482117,4.572563171386719,False,estimator_status.pos_test_ratio
development,normal,ekf2_innovation_bias__2019-01-25__17_38_05__baseline,13.622311,0.8369905953967337,4.572563171386719,False,estimator_status.pos_test_ratio
development,normal,ekf2_innovation_bias__2019-01-25__17_38_05__baseline,14.422311,0.8369905269548208,4.572563171386719,False,estimator_status.pos_test_ratio
development,normal,ekf2_innovation_bias__2019-01-25__17_38_05__baseline,15.222311,0.8381157868468905,4.572563171386719,False,ekf2_innovations.output_tracking_error[1]
development,normal,ekf2_innovation_bias__2019-01-25__17_38_05__baseline,16.022311,0.8562293767144038,4.572563171386719,False,ekf2_innovations.output_tracking_error[1]
development,normal,ekf2_innovation_bias__2019-01-25__17_38_05__baseline,16.822311,0.8580182548293425,4.572563171386719,False,ekf2_innovations.output_tracking_error[1]
development,normal,ekf2_innovation_bias__2019-01-25__17_38_05__baseline,17.622311,0.8580182548293425,4.572563171386719,False,ekf2_innovations.output_tracking_error[1]
development,normal,ekf2_innovation_bias__2019-01-25__17_38_05__baseline,18.422310999999997,0.8580182548293425,4.572563171386719,False,ekf2_innovations.output_tracking_error[1]
development,normal,ekf2_innovation_bias__2019-01-25__17_38_05__baseline,19.222310999999998,0.8580183852424056,4.572563171386719,False,ekf2_innovations.output_tracking_error[1]
development,normal,ekf2_innovation_bias__2019-01-25__17_38_05__baseline,20.022311,0.8580185156554686,4.572563171386719,False,ekf2_innovations.output_tracking_error[1]
development,normal,ekf2_innovation_bias__2019-01-25__17_38_05__baseline,20.822311,0.8580184504489372,4.572563171386719,False,ekf2_innovations.output_tracking_error[1]
development,normal,ekf2_innovation_bias__2019-01-25__17_38_05__baseline,21.622311,0.858018320035874,4.572563171386719,False,ekf2_innovations.output_tracking_error[1]
development,normal,ekf2_innovation_bias__2019-01-25__17_38_05__baseline,22.422310999999997,0.8580181896228108,4.572563171386719,False,ekf2_innovations.output_tracking_error[1]
development,normal,ekf2_innovation_bias__2019-01-25__17_38_05__baseline,23.222310999999998,0.8580181896228108,4.572563171386719,False,ekf2_innovations.output_tracking_error[1]
development,normal,ekf2_innovation_bias__2019-01-25__17_38_05__baseline,24.022311,0.8580181896228108,4.572563171386719,False,ekf2_innovations.output_tracking_error[1]
development,normal,ekf2_innovation_bias__2019-01-25__17_38_05__baseline,24.822311,0.9237878448113239,4.572563171386719,False,ekf2_innovations.output_tracking_error[1]
development,normal,ekf2_innovation_bias__2019-01-25__17_38_05__baseline,25.622311,0.9237878448113239,4.572563171386719,False,ekf2_innovations.output_tracking_error[1]
development,normal,ekf2_innovation_bias__2019-01-25__17_38_05__baseline,26.422310999999997,0.12328092047562995,4.572563171386719,False,estimator_status.vibe[2]
development,normal,ekf2_innovation_bias__2019-01-25__17_38_05__baseline,27.222310999999998,0.12328092047562995,4.572563171386719,False,estimator_status.vibe[2]
development,normal,ekf2_innovation_bias__2019-01-25__17_38_05__baseline,28.022311,0.09582586545779741,4.572563171386719,False,estimator_status.vibe[2]
development,normal,ekf2_innovation_bias__2019-01-25__17_38_05__baseline,28.822311,0.09582586545779741,4.572563171386719,False,estimator_status.vibe[2]
development,normal,ekf2_innovation_bias__2019-01-25__17_38_05__baseline,29.622311,0.09582586545779741,4.572563171386719,False,estimator_status.vibe[2]
development,normal,ekf2_innovation_bias__2019-01-25__17_38_05__baseline,30.422310999999997,0.09582586545779741,4.572563171386719,False,estimator_status.vibe[2]
development,normal,ekf2_innovation_bias__2019-01-25__17_38_05__baseline,31.222310999999998,0.09582586545779741,4.572563171386719,False,estimator_status.vibe[2]
development,normal,ekf2_innovation_bias__2019-01-25__17_38_05__baseline,32.022311,0.09582586545779741,4.572563171386719,False,estimator_status.vibe[2]
development,normal,ekf2_innovation_bias__2019-01-25__17_38_05__baseline,32.822311,0.07960489215269542,4.572563171386719,False,estimator_status.vibe[2]
development,normal,ekf2_innovation_bias__2019-01-25__17_38_05__baseline,33.622311,0.10734955853382529,4.572563171386719,False,estimator_status.vibe[1]
development,normal,ekf2_innovation_bias__2019-01-25__17_38_05__baseline,34.422311,0.10734955853382529,4.572563171386719,False,estimator_status.vibe[1]
development,normal,ekf2_innovation_bias__2019-01-25__17_38_05__baseline,35.222311000000005,0.10801970987045338,4.572563171386719,False,estimator_status.vibe[2]
development,normal,ekf2_innovation_bias__2019-01-25__17_38_05__baseline,36.022311,0.10801970987045338,4.572563171386719,False,estimator_status.vibe[2]
development,normal,ekf2_innovation_bias__2019-01-25__17_38_05__baseline,36.822311,0.10801970987045338,4.572563171386719,False,estimator_status.vibe[2]
development,normal,ekf2_innovation_bias__2019-01-25__17_38_05__baseline,37.622311,0.10801970987045338,4.572563171386719,False,estimator_status.vibe[2]
development,normal,ekf2_innovation_bias__2019-01-25__17_38_05__baseline,38.422311,0.10801970987045338,4.572563171386719,False,estimator_status.vibe[2]
development,normal,ekf2_innovation_bias__2019-01-25__17_38_05__baseline,39.222311000000005,0.10801970987045338,4.572563171386719,False,estimator_status.vibe[2]
development,normal,ekf2_innovation_bias__2019-01-25__17_38_05__baseline,40.022311,0.10801970987045338,4.572563171386719,False,estimator_status.vibe[2]
development,normal,ekf2_innovation_bias__2019-01-25__17_38_05__baseline,40.822311,0.10801970987045338,4.572563171386719,False,estimator_status.vibe[2]
development,normal,ekf2_innovation_bias__2019-01-25__17_38_05__baseline,41.622311,0.10801970987045338,4.572563171386719,False,estimator_status.vibe[2]
development,normal,ekf2_innovation_bias__2019-01-25__17_38_05__baseline,42.422311,0.10801970987045338,4.572563171386719,False,estimator_status.vibe[2]
development,normal,ekf2_innovation_bias__2019-01-25__17_38_05__baseline,43.222311000000005,0.10801970987045338,4.572563171386719,False,estimator_status.vibe[2]
development,normal,ekf2_innovation_bias__2019-01-25__17_38_05__baseline,44.022311,0.10801970987045338,4.572563171386719,False,estimator_status.vibe[2]
development,normal,ekf2_innovation_bias__2019-01-25__17_38_05__baseline,44.822311,0.09764456404488149,4.572563171386719,False,estimator_status.vibe[1]
development,normal,ekf2_innovation_bias__2019-01-25__17_38_05__baseline,45.622311,0.11410092799535611,4.572563171386719,False,estimator_status.vibe[1]
development,normal,ekf2_innovation_bias__2019-01-25__17_38_05__baseline,46.422311,0.09274229700381488,4.572563171386719,False,estimator_status.vibe[2]
development,normal,ekf2_innovation_bias__2019-01-25__17_38_05__baseline,47.222311000000005,0.08367209988996042,4.572563171386719,False,estimator_status.vibe[1]
development,normal,ekf2_innovation_bias__2019-01-25__17_38_05__baseline,48.022311,0.08367209988996042,4.572563171386719,False,estimator_status.vibe[1]
development,normal,ekf2_innovation_bias__2019-01-25__17_38_05__baseline,48.822311,0.08367209988996042,4.572563171386719,False,estimator_status.vibe[1]
development,normal,ekf2_innovation_bias__2019-01-25__17_38_05__baseline,49.622311,0.08367209988996042,4.572563171386719,False,estimator_status.vibe[1]
development,normal,ekf2_innovation_bias__2019-01-25__17_38_05__baseline,50.422311,0.08367209988996042,4.572563171386719,False,estimator_status.vibe[1]
development,normal,ekf2_innovation_bias__2019-01-25__17_38_05__baseline,51.222311000000005,0.08367209988996042,4.572563171386719,False,estimator_status.vibe[1]
development,normal,ekf2_innovation_bias__2019-01-25__17_38_05__baseline,52.022311,0.08367209988996042,4.572563171386719,False,estimator_status.vibe[1]
development,normal,ekf2_innovation_bias__2019-01-25__17_38_05__baseline,52.822311,0.08733788276142143,4.572563171386719,False,estimator_status.vibe[1]
development,normal,ekf2_innovation_bias__2019-01-25__17_38_05__baseline,53.622311,0.08367209988996042,4.572563171386719,False,estimator_status.vibe[1]
development,normal,ekf2_innovation_bias__2019-01-25__17_38_05__baseline,54.422311,0.08753491620111732,4.572563171386719,False,estimator_status.vibe[2]
development,normal,ekf2_innovation_bias__2019-01-25__17_38_05__baseline,55.222311000000005,0.08753491620111732,4.572563171386719,False,estimator_status.vibe[2]
development,normal,ekf2_innovation_bias__2019-01-25__17_38_05__baseline,56.022311,0.08753491620111732,4.572563171386719,False,estimator_status.vibe[2]
development,normal,ekf2_innovation_bias__2019-01-25__17_38_05__baseline,56.822311,0.08753491620111732,4.572563171386719,False,estimator_status.vibe[2]
development,normal,ekf2_innovation_bias__2019-01-25__17_38_05__baseline,57.622311,0.08753491620111732,4.572563171386719,False,estimator_status.vibe[2]
development,normal,ekf2_innovation_bias__2019-01-25__17_38_05__baseline,58.422311,0.11247565018110915,4.572563171386719,False,estimator_status.vibe[2]
development,normal,ekf2_innovation_bias__2019-01-25__17_38_05__baseline,59.222311000000005,0.11247565018110915,4.572563171386719,False,estimator_status.vibe[2]
development,normal,ekf2_innovation_bias__2019-01-25__17_38_05__baseline,60.022311,0.11247565018110915,4.572563171386719,False,estimator_status.vibe[2]
development,normal,ekf2_innovation_bias__2019-01-25__17_38_05__baseline,60.822311,0.11247565018110915,4.572563171386719,False,estimator_status.vibe[2]
development,normal,ekf2_innovation_bias__2019-01-25__17_38_05__baseline,61.622311,0.11247565018110915,4.572563171386719,False,estimator_status.vibe[2]
development,normal,ekf2_innovation_bias__2019-01-25__17_38_05__baseline,62.422311,0.11247565018110915,4.572563171386719,False,estimator_status.vibe[2]
development,normal,ekf2_innovation_bias__2019-01-25__17_38_05__baseline,63.222311000000005,0.11247565018110915,4.572563171386719,False,estimator_status.vibe[2]
development,normal,ekf2_innovation_bias__2019-01-25__17_38_05__baseline,64.022311,0.0935229945867439,4.572563171386719,False,estimator_status.vibe[2]
development,normal,ekf2_innovation_bias__2019-01-25__17_38_05__baseline,64.822311,0.0935229945867439,4.572563171386719,False,estimator_status.vibe[2]
development,normal,ekf2_innovation_bias__2019-01-25__17_38_05__baseline,65.622311,0.0935229945867439,4.572563171386719,False,estimator_status.vibe[2]
development,normal,ekf2_innovation_bias__2019-01-25__17_38_05__baseline,66.42231100000001,0.07943831091445376,4.572563171386719,False,estimator_status.vibe[1]
development,normal,ekf2_innovation_bias__2019-01-25__17_38_05__baseline,67.222311,0.07943831091445376,4.572563171386719,False,estimator_status.vibe[1]
development,normal,ekf2_innovation_bias__2019-01-25__17_38_05__baseline,68.022311,0.07943831091445376,4.572563171386719,False,estimator_status.vibe[1]
development,normal,ekf2_innovation_bias__2019-01-25__17_38_05__baseline,68.822311,0.08942245723553993,4.572563171386719,False,estimator_status.vibe[1]
development,normal,ekf2_innovation_bias__2019-01-25__17_38_05__baseline,69.622311,0.09119397333866751,4.572563171386719,False,estimator_status.vibe[2]
development,normal,ekf2_innovation_bias__2019-01-25__17_38_05__baseline,70.42231100000001,0.10423581952265591,4.572563171386719,False,estimator_status.vibe[1]
development,normal,ekf2_innovation_bias__2019-01-25__17_38_05__baseline,71.222311,0.10423581952265591,4.572563171386719,False,estimator_status.vibe[1]
development,normal,ekf2_innovation_bias__2019-01-25__17_38_05__baseline,72.022311,0.10553970981154182,4.572563171386719,False,estimator_status.vibe[2]
development,normal,ekf2_innovation_bias__2019-01-25__17_38_05__baseline,72.822311,0.10553970981154182,4.572563171386719,False,estimator_status.vibe[2]
development,normal,ekf2_innovation_bias__2019-01-25__17_38_05__baseline,73.622311,0.10553970981154182,4.572563171386719,False,estimator_status.vibe[2]
development,normal,ekf2_innovation_bias__2019-01-25__17_38_05__baseline,74.42231100000001,0.10553970981154182,4.572563171386719,False,estimator_status.vibe[2]
development,normal,ekf2_innovation_bias__2019-01-25__17_38_05__baseline,75.222311,0.12121129405832623,4.572563171386719,False,estimator_status.vibe[2]
development,normal,ekf2_innovation_bias__2019-01-25__17_38_05__baseline,76.022311,0.10553970981154182,4.572563171386719,False,estimator_status.vibe[2]
development,normal,ekf2_innovation_bias__2019-01-25__17_38_05__baseline,76.822311,0.08065995854979381,4.572563171386719,False,estimator_status.vibe[1]
development,normal,ekf2_innovation_bias__2019-01-25__17_38_05__baseline,77.622311,0.068399363680083,4.572563171386719,False,estimator_status.vibe[2]
development,normal,ekf2_innovation_bias__2019-01-25__17_38_05__baseline,78.42231100000001,0.068399363680083,4.572563171386719,False,estimator_status.vibe[2]
development,normal,ekf2_innovation_bias__2019-01-25__17_38_05__baseline,79.222311,0.08017550214367389,4.572563171386719,False,estimator_status.vibe[2]
development,normal,ekf2_innovation_bias__2019-01-25__17_38_05__baseline,80.022311,0.08017550214367389,4.572563171386719,False,estimator_status.vibe[2]
development,normal,ekf2_innovation_bias__2019-01-25__17_38_05__baseline,80.822311,0.11087116496515413,4.572563171386719,False,estimator_status.vibe[1]
development,normal,ekf2_innovation_bias__2019-01-25__17_38_05__baseline,81.622311,0.11087116496515413,4.572563171386719,False,estimator_status.vibe[1]
development,normal,ekf2_innovation_bias__2019-01-25__17_38_05__baseline,82.42231100000001,0.11639670223484706,4.572563171386719,False,estimator_status.vibe[1]
development,normal,ekf2_innovation_bias__2019-01-25__17_38_05__baseline,83.222311,0.20950850385325037,4.572563171386719,False,estimator_status.vibe[1]
development,normal,ekf2_innovation_bias__2019-01-25__17_38_05__baseline,84.022311,0.20950850385325037,4.572563171386719,False,estimator_status.vibe[1]
development,normal,ekf2_innovation_bias__2019-01-25__17_38_05__baseline,84.822311,0.20950850385325037,4.572563171386719,False,estimator_status.vibe[1]
development,normal,ekf2_innovation_bias__2019-01-25__17_38_05__baseline,85.622311,0.20950850385325037,4.572563171386719,False,estimator_status.vibe[1]
development,normal,ekf2_innovation_bias__2019-01-25__17_38_05__baseline,86.42231100000001,0.20950850385325037,4.572563171386719,False,estimator_status.vibe[1]
development,normal,ekf2_innovation_bias__2019-01-25__17_38_05__baseline,87.222311,0.20950850385325037,4.572563171386719,False,estimator_status.vibe[1]
development,normal,ekf2_innovation_bias__2019-01-25__17_38_05__baseline,88.022311,0.7629220924749901,4.572563171386719,False,ekf2_innovations.output_tracking_error[1]
development,normal,ekf2_innovation_bias__2019-01-25__17_38_05__baseline,88.822311,0.8856907331150783,4.572563171386719,False,ekf2_innovations.output_tracking_error[1]
development,normal,ekf2_innovation_bias__2019-01-25__17_38_05__baseline,89.622311,0.8856907331150783,4.572563171386719,False,ekf2_innovations.output_tracking_error[1]
development,normal,ekf2_innovation_bias__2019-01-25__17_38_05__baseline,90.42231100000001,0.8953442340831019,4.572563171386719,False,ekf2_innovations.output_tracking_error[1]
development,normal,ekf2_innovation_bias__2019-01-25__17_38_05__baseline,91.222311,0.8953441688765703,4.572563171386719,False,ekf2_innovations.output_tracking_error[1]
development,normal,ekf2_innovation_bias__2019-01-25__17_38_05__baseline,92.022311,0.8953433863981912,4.572563171386719,False,ekf2_innovations.output_tracking_error[1]
development,normal,ekf2_innovation_bias__2019-01-25__17_38_05__baseline,92.822311,0.8953431907785966,4.572563171386719,False,ekf2_innovations.output_tracking_error[1]
development,normal,ekf2_innovation_bias__2019-03-06__08_02_26__baseline,9.620228,0.0,4.572563171386719,False,actuator_controls_0.control[0]
development,normal,ekf2_innovation_bias__2019-03-06__08_02_26__baseline,10.420228,0.0,4.572563171386719,False,actuator_controls_0.control[0]
development,normal,ekf2_innovation_bias__2019-03-06__08_02_26__baseline,11.220227999999999,0.0,4.572563171386719,False,actuator_controls_0.control[0]
development,normal,ekf2_innovation_bias__2019-03-06__08_02_26__baseline,12.020228,0.0,4.572563171386719,False,actuator_controls_0.control[0]
development,normal,ekf2_innovation_bias__2019-03-06__08_02_26__baseline,12.820228,0.13972772579106196,4.572563171386719,False,estimator_status.vibe[1]
development,normal,ekf2_innovation_bias__2019-03-06__08_02_26__baseline,13.620228,0.18328231376710694,4.572563171386719,False,estimator_status.vibe[1]
development,normal,ekf2_innovation_bias__2019-03-06__08_02_26__baseline,14.420228,0.17090755810958874,4.572563171386719,False,estimator_status.vibe[1]
development,normal,ekf2_innovation_bias__2019-03-06__08_02_26__baseline,15.220227999999999,0.17090755810958874,4.572563171386719,False,estimator_status.vibe[1]
development,normal,ekf2_innovation_bias__2019-03-06__08_02_26__baseline,16.020228,0.17090755810958874,4.572563171386719,False,estimator_status.vibe[1]
development,normal,ekf2_innovation_bias__2019-03-06__08_02_26__baseline,16.820228,0.12095882924459558,4.572563171386719,False,estimator_status.vibe[2]
development,normal,ekf2_innovation_bias__2019-03-06__08_02_26__baseline,17.620228,0.09650087870951149,4.572563171386719,False,estimator_status.vibe[2]
development,normal,ekf2_innovation_bias__2019-03-06__08_02_26__baseline,18.420227999999998,0.08386996528025832,4.572563171386719,False,estimator_status.vibe[2]
development,normal,ekf2_innovation_bias__2019-03-06__08_02_26__baseline,19.220228,0.10306989575977105,4.572563171386719,False,estimator_status.vibe[1]
development,normal,ekf2_innovation_bias__2019-03-06__08_02_26__baseline,20.020228,0.10306989575977105,4.572563171386719,False,estimator_status.vibe[1]
development,normal,ekf2_innovation_bias__2019-03-06__08_02_26__baseline,20.820228,0.12101866007515466,4.572563171386719,False,estimator_status.vibe[2]
development,normal,ekf2_innovation_bias__2019-03-06__08_02_26__baseline,21.620228,0.17177681061698732,4.572563171386719,False,estimator_status.vibe[2]
development,normal,ekf2_innovation_bias__2019-03-06__08_02_26__baseline,22.420227999999998,0.1782613339120741,4.572563171386719,False,estimator_status.vibe[2]
development,normal,ekf2_innovation_bias__2019-03-06__08_02_26__baseline,23.220228,0.19375629769503455,4.572563171386719,False,estimator_status.vibe[1]
development,normal,ekf2_innovation_bias__2019-03-06__08_02_26__baseline,24.020228,0.19375629769503455,4.572563171386719,False,estimator_status.vibe[1]
development,normal,ekf2_innovation_bias__2019-03-06__08_02_26__baseline,24.820228,0.19375629769503455,4.572563171386719,False,estimator_status.vibe[1]
development,normal,ekf2_innovation_bias__2019-03-06__08_02_26__baseline,25.620228,0.19375629769503455,4.572563171386719,False,estimator_status.vibe[1]
development,normal,ekf2_innovation_bias__2019-03-06__08_02_26__baseline,26.420227999999998,0.19375629769503455,4.572563171386719,False,estimator_status.vibe[1]
development,normal,ekf2_innovation_bias__2019-03-06__08_02_26__baseline,27.220228,0.19375629769503455,4.572563171386719,False,estimator_status.vibe[1]
development,normal,ekf2_innovation_bias__2019-03-06__08_02_26__baseline,28.020228,0.19375629769503455,4.572563171386719,False,estimator_status.vibe[1]
development,normal,ekf2_innovation_bias__2019-03-06__08_02_26__baseline,28.820228,0.19375629769503455,4.572563171386719,False,estimator_status.vibe[1]
development,normal,ekf2_innovation_bias__2019-03-06__08_02_26__baseline,29.620228,0.1732875243186067,4.572563171386719,False,estimator_status.vibe[1]
development,normal,ekf2_innovation_bias__2019-03-06__08_02_26__baseline,30.420227999999998,0.1732875243186067,4.572563171386719,False,estimator_status.vibe[1]
development,normal,ekf2_innovation_bias__2019-03-06__08_02_26__baseline,31.220228,0.1732875243186067,4.572563171386719,False,estimator_status.vibe[1]
development,normal,ekf2_innovation_bias__2019-03-06__08_02_26__baseline,32.020228,0.1732875243186067,4.572563171386719,False,estimator_status.vibe[1]
development,normal,ekf2_innovation_bias__2019-03-06__08_02_26__baseline,32.820228,0.1732875243186067,4.572563171386719,False,estimator_status.vibe[1]
development,normal,ekf2_innovation_bias__2019-03-06__08_02_26__baseline,33.620228000000004,0.1732875243186067,4.572563171386719,False,estimator_status.vibe[1]
development,normal,ekf2_innovation_bias__2019-03-06__08_02_26__baseline,34.420228,0.1732875243186067,4.572563171386719,False,estimator_status.vibe[1]
development,normal,ekf2_innovation_bias__2019-03-06__08_02_26__baseline,35.220228000000006,0.22741259178041318,4.572563171386719,False,estimator_status.vibe[1]
development,normal,ekf2_innovation_bias__2019-03-06__08_02_26__baseline,36.020228,0.8620608681309129,4.572563171386719,False,estimator_status.pos_test_ratio
development,normal,ekf2_innovation_bias__2019-03-06__08_02_26__baseline,36.820228,0.9066092986551848,4.572563171386719,False,estimator_status.pos_test_ratio
development,normal,ekf2_innovation_bias__2019-03-06__08_02_26__baseline,37.620228000000004,0.8838639977058269,4.572563171386719,False,estimator_status.pos_test_ratio
development,normal,ekf2_innovation_bias__2019-03-06__08_02_26__baseline,38.420228,0.8838639977058269,4.572563171386719,False,estimator_status.pos_test_ratio
development,normal,ekf2_innovation_bias__2019-03-06__08_02_26__baseline,39.220228000000006,0.8838631079609579,4.572563171386719,False,estimator_status.pos_test_ratio
development,normal,ekf2_innovation_bias__2019-03-06__08_02_26__baseline,40.020228,0.8838631079609579,4.572563171386719,False,estimator_status.pos_test_ratio
development,normal,ekf2_innovation_bias__2019-03-06__08_02_26__baseline,40.820228,0.8838631079609579,4.572563171386719,False,estimator_status.pos_test_ratio
development,normal,ekf2_innovation_bias__2019-03-06__08_02_26__baseline,41.620228000000004,0.883862971077132,4.572563171386719,False,estimator_status.pos_test_ratio
development,normal,ekf2_innovation_bias__2019-03-06__08_02_26__baseline,42.420228,0.883862971077132,4.572563171386719,False,estimator_status.pos_test_ratio
development,normal,ekf2_innovation_bias__2019-03-06__08_02_26__baseline,43.220228000000006,0.883862971077132,4.572563171386719,False,estimator_status.pos_test_ratio
development,normal,ekf2_innovation_bias__2019-03-06__08_02_26__baseline,44.020228,0.883862971077132,4.572563171386719,False,estimator_status.pos_test_ratio
development,normal,ekf2_innovation_bias__2019-03-06__08_02_26__baseline,44.820228,0.7926152544704546,4.572563171386719,False,estimator_status.pos_test_ratio
development,normal,ekf2_innovation_bias__2019-03-06__08_02_26__baseline,45.620228000000004,0.7903084882344928,4.572563171386719,False,estimator_status.pos_test_ratio
development,normal,ekf2_innovation_bias__2019-03-06__08_02_26__baseline,46.420228,0.7903084882344928,4.572563171386719,False,estimator_status.pos_test_ratio
development,normal,ekf2_innovation_bias__2019-03-06__08_02_26__baseline,47.220228000000006,0.14982011458943548,4.572563171386719,False,estimator_status.vibe[2]
development,normal,ekf2_innovation_bias__2019-03-06__08_02_26__baseline,48.020228,0.14982011458943548,4.572563171386719,False,estimator_status.vibe[2]
development,normal,ekf2_innovation_bias__2019-03-06__08_02_26__baseline,48.820228,0.14982011458943548,4.572563171386719,False,estimator_status.vibe[2]
development,normal,ekf2_innovation_bias__2019-03-06__08_02_26__baseline,49.620228000000004,0.13288311931014815,4.572563171386719,False,estimator_status.vibe[1]
development,normal,ekf2_innovation_bias__2019-03-06__08_02_26__baseline,50.420228,0.9153458404085161,4.572563171386719,False,estimator_status.pos_test_ratio
development,normal,ekf2_innovation_bias__2019-03-06__08_02_26__baseline,51.220228000000006,0.915345566640864,4.572563171386719,False,estimator_status.pos_test_ratio
development,normal,ekf2_innovation_bias__2019-03-06__08_02_26__baseline,52.020228,0.9722424923970814,4.572563171386719,False,ekf2_innovations.output_tracking_error[1]
development,normal,ekf2_innovation_bias__2019-03-06__08_02_26__baseline,52.820228,0.9722424923970814,4.572563171386719,False,ekf2_innovations.output_tracking_error[1]
development,normal,ekf2_innovation_bias__2019-03-06__08_02_26__baseline,53.620228000000004,0.9722424923970814,4.572563171386719,False,ekf2_innovations.output_tracking_error[1]
development,normal,ekf2_innovation_bias__2019-03-06__08_02_26__baseline,54.420228,0.9722428184297393,4.572563171386719,False,ekf2_innovations.output_tracking_error[1]
development,normal,ekf2_innovation_bias__2019-03-06__08_02_26__baseline,55.220228000000006,0.9722428836362708,4.572563171386719,False,ekf2_innovations.output_tracking_error[1]
development,normal,ekf2_innovation_bias__2019-03-06__08_02_26__baseline,56.020228,0.972243014049334,4.572563171386719,False,ekf2_innovations.output_tracking_error[1]
development,normal,ekf2_innovation_bias__2019-03-06__08_02_26__baseline,56.820228,0.9722431444623972,4.572563171386719,False,ekf2_innovations.output_tracking_error[1]
development,normal,ekf2_innovation_bias__2019-03-06__08_02_26__baseline,57.620228000000004,0.9722434052885235,4.572563171386719,False,ekf2_innovations.output_tracking_error[1]
development,normal,ekf2_innovation_bias__2019-03-06__08_02_26__baseline,58.420228,0.9722435357015867,4.572563171386719,False,ekf2_innovations.output_tracking_error[1]
development,normal,ekf2_innovation_bias__2019-03-06__08_02_26__baseline,59.220228000000006,0.97224366611465,4.572563171386719,False,ekf2_innovations.output_tracking_error[1]
development,normal,ekf2_innovation_bias__2019-03-06__08_02_26__baseline,60.020228,0.13399859147990206,4.572563171386719,False,estimator_status.vibe[2]
development,normal,ekf2_innovation_bias__2019-03-06__08_02_26__baseline,60.820228,0.13399859147990206,4.572563171386719,False,estimator_status.vibe[2]
development,normal,ekf2_innovation_bias__2019-03-06__08_02_26__baseline,61.620228000000004,0.13399859147990206,4.572563171386719,False,estimator_status.vibe[2]
development,normal,ekf2_innovation_bias__2019-03-06__08_02_26__baseline,62.420228,0.13399859147990206,4.572563171386719,False,estimator_status.vibe[2]
development,normal,ekf2_innovation_bias__2019-03-06__08_02_26__baseline,63.220228000000006,0.14811607877602975,4.572563171386719,False,estimator_status.vibe[1]
development,normal,ekf2_innovation_bias__2019-03-06__08_02_26__baseline,64.020228,0.10680300984862191,4.572563171386719,False,estimator_status.vibe[1]
development,normal,ekf2_innovation_bias__2019-03-06__08_02_26__baseline,64.820228,0.10680300984862191,4.572563171386719,False,estimator_status.vibe[1]
development,normal,ekf2_innovation_bias__2019-03-06__08_02_26__baseline,65.620228,0.10680300984862191,4.572563171386719,False,estimator_status.vibe[1]
development,normal,ekf2_innovation_bias__2019-03-06__08_02_26__baseline,66.42022800000001,0.1838101645102541,4.572563171386719,False,estimator_status.vibe[1]
development,normal,ekf2_innovation_bias__2019-03-06__08_02_26__baseline,67.220228,0.18927608043225524,4.572563171386719,False,estimator_status.vibe[1]
development,normal,ekf2_innovation_bias__2019-03-06__08_02_26__baseline,68.020228,0.18927608043225524,4.572563171386719,False,estimator_status.vibe[1]
development,normal,ekf2_innovation_bias__2019-03-06__08_02_26__baseline,68.820228,0.9722431723114903,4.572563171386719,False,ekf2_innovations.output_tracking_error[1]
development,normal,ekf2_innovation_bias__2019-03-06__08_02_26__baseline,69.620228,0.9722431723114903,4.572563171386719,False,ekf2_innovations.output_tracking_error[1]
development,normal,ekf2_innovation_bias__2019-03-06__08_02_26__baseline,70.42022800000001,0.9722431723114903,4.572563171386719,False,ekf2_innovations.output_tracking_error[1]
development,normal,ekf2_innovation_bias__2019-03-06__08_02_26__baseline,71.220228,0.9722431723114903,4.572563171386719,False,ekf2_innovations.output_tracking_error[1]
development,normal,ekf2_innovation_bias__2019-03-06__08_02_26__baseline,72.020228,0.9722431723114903,4.572563171386719,False,ekf2_innovations.output_tracking_error[1]
development,normal,ekf2_innovation_bias__2019-03-06__08_02_26__baseline,72.820228,0.9722431723114903,4.572563171386719,False,ekf2_innovations.output_tracking_error[1]
development,normal,ekf2_innovation_bias__2019-03-06__08_02_26__baseline,73.620228,0.9722431723114903,4.572563171386719,False,ekf2_innovations.output_tracking_error[1]
development,normal,ekf2_innovation_bias__2019-03-06__08_02_26__baseline,74.42022800000001,0.9722431723114903,4.572563171386719,False,ekf2_innovations.output_tracking_error[1]
development,normal,ekf2_innovation_bias__2019-03-06__08_02_26__baseline,75.220228,0.9722431723114903,4.572563171386719,False,ekf2_innovations.output_tracking_error[1]
development,normal,ekf2_innovation_bias__2019-03-06__08_02_26__baseline,76.020228,0.9722431723114903,4.572563171386719,False,ekf2_innovations.output_tracking_error[1]
development,normal,ekf2_innovation_bias__2019-03-06__08_02_26__baseline,76.820228,0.9722431723114903,4.572563171386719,False,ekf2_innovations.output_tracking_error[1]
development,normal,ekf2_innovation_bias__2019-03-06__08_02_26__baseline,77.620228,0.9722431723114903,4.572563171386719,False,ekf2_innovations.output_tracking_error[1]
development,normal,ekf2_innovation_bias__2019-03-06__08_02_26__baseline,78.42022800000001,0.25861450747912407,4.572563171386719,False,estimator_status.vibe[1]
development,normal,ekf2_innovation_bias__2019-03-06__08_02_26__baseline,79.220228,0.25861450747912407,4.572563171386719,False,estimator_status.vibe[1]
development,normal,ekf2_innovation_bias__2019-03-06__08_02_26__baseline,80.020228,0.25861450747912407,4.572563171386719,False,estimator_status.vibe[1]
development,normal,ekf2_innovation_bias__2019-03-06__08_02_26__baseline,80.820228,0.25861450747912407,4.572563171386719,False,estimator_status.vibe[1]
development,normal,ekf2_innovation_bias__2019-03-06__08_02_26__baseline,81.620228,0.25861450747912407,4.572563171386719,False,estimator_status.vibe[1]
development,normal,ekf2_innovation_bias__2019-03-06__08_02_26__baseline,82.42022800000001,0.25861450747912407,4.572563171386719,False,estimator_status.vibe[1]
development,normal,ekf2_innovation_bias__2019-03-06__08_02_26__baseline,83.220228,0.25861450747912407,4.572563171386719,False,estimator_status.vibe[1]
development,normal,ekf2_innovation_bias__2019-03-06__08_02_26__baseline,84.020228,0.25861450747912407,4.572563171386719,False,estimator_status.vibe[1]
development,normal,ekf2_innovation_bias__2019-03-06__08_02_26__baseline,84.820228,0.25861450747912407,4.572563171386719,False,estimator_status.vibe[1]
development,normal,ekf2_innovation_bias__2019-03-06__08_02_26__baseline,85.620228,0.25861450747912407,4.572563171386719,False,estimator_status.vibe[1]
development,normal,ekf2_innovation_bias__2019-03-06__08_02_26__baseline,86.42022800000001,0.25861450747912407,4.572563171386719,False,estimator_status.vibe[1]
development,normal,ekf2_innovation_bias__2019-03-06__08_02_26__baseline,87.220228,0.25861450747912407,4.572563171386719,False,estimator_status.vibe[1]
development,normal,ekf2_innovation_bias__2019-03-06__08_02_26__baseline,88.020228,0.25861450747912407,4.572563171386719,False,estimator_status.vibe[1]
development,normal,ekf2_innovation_bias__2019-03-06__08_02_26__baseline,88.820228,0.25861450747912407,4.572563171386719,False,estimator_status.vibe[1]
development,normal,ekf2_innovation_bias__2019-03-06__08_02_26__baseline,89.620228,0.25861450747912407,4.572563171386719,False,estimator_status.vibe[1]
development,normal,ekf2_innovation_bias__2019-03-06__08_02_26__baseline,90.42022800000001,0.25861450747912407,4.572563171386719,False,estimator_status.vibe[1]
development,normal,ekf2_innovation_bias__2019-03-06__08_02_26__baseline,91.220228,0.2770587855546463,4.572563171386719,False,estimator_status.vibe[1]
development,normal,ekf2_innovation_bias__2019-03-06__08_02_26__baseline,92.020228,0.2770587855546463,4.572563171386719,False,estimator_status.vibe[1]
development,normal,ekf2_innovation_bias__2019-03-06__08_02_26__baseline,92.820228,0.36517310302023576,4.572563171386719,False,estimator_status.vibe[1]
development,normal,ekf2_innovation_bias__2019-03-06__08_02_26__baseline,93.620228,0.28827816683480656,4.572563171386719,False,estimator_status.vibe[1]
development,normal,ekf2_innovation_bias__2019-03-06__08_02_26__baseline,94.42022800000001,0.28827816683480656,4.572563171386719,False,estimator_status.vibe[1]
development,normal,ekf2_innovation_bias__2019-03-06__08_02_26__baseline,95.220228,0.28827816683480656,4.572563171386719,False,estimator_status.vibe[1]
development,normal,ekf2_innovation_bias__2019-03-06__08_02_26__baseline,96.020228,1.0,4.572563171386719,False,actuator_controls_0.control[0]
development,normal,inav_local_z_freeze__2019-01-18__08_39_38__baseline,9.691896,0.0,4.572563171386719,False,actuator_controls_0.control[0]
development,normal,inav_local_z_freeze__2019-01-18__08_39_38__baseline,10.491896,0.0,4.572563171386719,False,actuator_controls_0.control[0]
development,normal,inav_local_z_freeze__2019-01-18__08_39_38__baseline,11.291896,0.0,4.572563171386719,False,actuator_controls_0.control[0]
development,normal,inav_local_z_freeze__2019-01-18__08_39_38__baseline,12.091896,0.0,4.572563171386719,False,actuator_controls_0.control[0]
development,normal,inav_local_z_freeze__2019-01-18__08_39_38__baseline,12.891896000000001,0.046700865815578835,4.572563171386719,False,actuator_controls_0.control[1]
development,normal,inav_local_z_freeze__2019-01-18__08_39_38__baseline,13.691896,0.06077425026791796,4.572563171386719,False,actuator_controls_0.control[1]
development,normal,inav_local_z_freeze__2019-01-18__08_39_38__baseline,14.491896,0.43869588508180596,4.572563171386719,False,vehicle_local_position.vy
development,normal,inav_local_z_freeze__2019-01-18__08_39_38__baseline,15.291896,0.2913695371265068,4.572563171386719,False,vehicle_local_position.vz
development,normal,inav_local_z_freeze__2019-01-18__08_39_38__baseline,16.091896,0.3444196672839507,4.572563171386719,False,vehicle_local_position.vz
development,normal,inav_local_z_freeze__2019-01-18__08_39_38__baseline,16.891896,0.3444196672839507,4.572563171386719,False,vehicle_local_position.vz
development,normal,inav_local_z_freeze__2019-01-18__08_39_38__baseline,17.691896,0.3444196672839507,4.572563171386719,False,vehicle_local_position.vz
development,normal,inav_local_z_freeze__2019-01-18__08_39_38__baseline,18.491895999999997,0.3444196672839507,4.572563171386719,False,vehicle_local_position.vz
development,normal,inav_local_z_freeze__2019-01-18__08_39_38__baseline,19.291895999999998,0.3050377907257318,4.572563171386719,False,vehicle_local_position.vz
development,normal,inav_local_z_freeze__2019-01-18__08_39_38__baseline,20.091896,0.3050377907257318,4.572563171386719,False,vehicle_local_position.vz
development,normal,inav_local_z_freeze__2019-01-18__08_39_38__baseline,20.891896,0.29947256760264857,4.572563171386719,False,vehicle_local_position.vz
development,normal,inav_local_z_freeze__2019-01-18__08_39_38__baseline,21.691896,0.29947256760264857,4.572563171386719,False,vehicle_local_position.vz
development,normal,inav_local_z_freeze__2019-01-18__08_39_38__baseline,22.491895999999997,0.29947256760264857,4.572563171386719,False,vehicle_local_position.vz
development,normal,inav_local_z_freeze__2019-01-18__08_39_38__baseline,23.291895999999998,0.24398513059055,4.572563171386719,False,vehicle_local_position.vz
development,normal,inav_local_z_freeze__2019-01-18__08_39_38__baseline,24.091896,0.20832783262821894,4.572563171386719,False,vehicle_local_position.vz
development,normal,inav_local_z_freeze__2019-01-18__08_39_38__baseline,24.891896,0.20832783262821894,4.572563171386719,False,vehicle_local_position.vz
development,normal,inav_local_z_freeze__2019-01-18__08_39_38__baseline,25.691896,0.20832783262821894,4.572563171386719,False,vehicle_local_position.vz
development,normal,inav_local_z_freeze__2019-01-18__08_39_38__baseline,26.491895999999997,0.20832783262821894,4.572563171386719,False,vehicle_local_position.vz
development,normal,inav_local_z_freeze__2019-01-18__08_39_38__baseline,27.291895999999998,0.2146963409217027,4.572563171386719,False,vehicle_local_position.vz
development,normal,inav_local_z_freeze__2019-01-18__08_39_38__baseline,28.091896,0.2156663513748071,4.572563171386719,False,vehicle_local_position.vz
development,normal,inav_local_z_freeze__2019-01-18__08_39_38__baseline,28.891896,0.2156663513748071,4.572563171386719,False,vehicle_local_position.vz
development,normal,inav_local_z_freeze__2019-01-18__08_39_38__baseline,29.691896,0.20832783262821894,4.572563171386719,False,vehicle_local_position.vz
development,normal,inav_local_z_freeze__2019-01-18__08_39_38__baseline,30.491895999999997,0.1928797733128778,4.572563171386719,False,vehicle_local_position.vz
development,normal,inav_local_z_freeze__2019-01-18__08_39_38__baseline,31.291895999999998,0.1365521444082809,4.572563171386719,False,vehicle_local_position.vy
development,normal,inav_local_z_freeze__2019-01-18__08_39_38__baseline,32.091896,0.15163980392638587,4.572563171386719,False,vehicle_local_position.vy
development,normal,inav_local_z_freeze__2019-01-18__08_39_38__baseline,32.891895999999996,0.1365521444082809,4.572563171386719,False,vehicle_local_position.vy
development,normal,inav_local_z_freeze__2019-01-18__08_39_38__baseline,33.691896,0.1365521444082809,4.572563171386719,False,vehicle_local_position.vy
development,normal,inav_local_z_freeze__2019-01-18__08_39_38__baseline,34.491896,0.13318316395689286,4.572563171386719,False,vehicle_local_position.vy
development,normal,inav_local_z_freeze__2019-01-18__08_39_38__baseline,35.291896,0.11402543136851477,4.572563171386719,False,vehicle_local_position.vz
development,normal,inav_local_z_freeze__2019-01-18__08_39_38__baseline,36.091896,0.11402543136851477,4.572563171386719,False,vehicle_local_position.vz
development,normal,inav_local_z_freeze__2019-01-18__08_39_38__baseline,36.891895999999996,0.1479017603205757,4.572563171386719,False,vehicle_local_position.vz
development,normal,inav_local_z_freeze__2019-01-18__08_39_38__baseline,37.691896,0.1479017603205757,4.572563171386719,False,vehicle_local_position.vz
development,normal,inav_local_z_freeze__2019-01-18__08_39_38__baseline,38.491896,0.13039012838356767,4.572563171386719,False,vehicle_local_position.vy
development,normal,inav_local_z_freeze__2019-01-18__08_39_38__baseline,39.291896,0.12336716589455649,4.572563171386719,False,vehicle_local_position.vy
development,normal,inav_local_z_freeze__2019-01-18__08_39_38__baseline,40.091896,0.12336716589455649,4.572563171386719,False,vehicle_local_position.vy
development,normal,inav_local_z_freeze__2019-01-18__08_39_38__baseline,40.891895999999996,0.12336716589455649,4.572563171386719,False,vehicle_local_position.vy
development,normal,inav_local_z_freeze__2019-01-18__08_39_38__baseline,41.691896,0.2723731252249837,4.572563171386719,False,vehicle_local_position.vy
development,normal,inav_local_z_freeze__2019-01-18__08_39_38__baseline,42.491896,0.12281618953213007,4.572563171386719,False,vehicle_local_position.vy
development,normal,inav_local_z_freeze__2019-01-18__08_39_38__baseline,43.291896,0.12281618953213007,4.572563171386719,False,vehicle_local_position.vy
development,normal,inav_local_z_freeze__2019-01-18__08_39_38__baseline,44.091896,0.20901862071358032,4.572563171386719,False,vehicle_local_position.vz
development,normal,inav_local_z_freeze__2019-01-18__08_39_38__baseline,44.891895999999996,0.3344797353981431,4.572563171386719,False,vehicle_local_position.vz
development,normal,inav_local_z_freeze__2019-01-18__08_39_38__baseline,45.691896,0.3344797353981431,4.572563171386719,False,vehicle_local_position.vz
development,normal,inav_local_z_freeze__2019-01-18__08_39_38__baseline,46.491896,0.27059248284783144,4.572563171386719,False,vehicle_local_position.vy
development,normal,inav_local_z_freeze__2019-01-18__08_39_38__baseline,47.291896,0.4127677506117954,4.572563171386719,False,vehicle_local_position.vy
development,normal,inav_local_z_freeze__2019-01-18__08_39_38__baseline,48.091896,0.46822723004895433,4.572563171386719,False,vehicle_local_position.vy
development,normal,inav_local_z_freeze__2019-01-18__08_39_38__baseline,48.891895999999996,0.35232898836654103,4.572563171386719,False,vehicle_local_position.vy
development,normal,inav_local_z_freeze__2019-01-18__08_39_38__baseline,49.691896,0.16719990182512892,4.572563171386719,False,vehicle_local_position.vz
development,normal,inav_local_z_freeze__2019-01-18__08_39_38__baseline,50.491896,0.16719990182512892,4.572563171386719,False,vehicle_local_position.vz
development,normal,inav_local_z_freeze__2019-01-18__08_39_38__baseline,51.291896,0.19665746828321548,4.572563171386719,False,vehicle_local_position.vz
development,normal,inav_local_z_freeze__2019-01-18__08_39_38__baseline,52.091896,0.6452948634823041,4.572563171386719,False,vehicle_local_position.vy
development,normal,inav_local_z_freeze__2019-01-18__08_39_38__baseline,52.891895999999996,0.5311297305323021,4.572563171386719,False,vehicle_local_position.vy
development,normal,inav_local_z_freeze__2019-01-18__08_39_38__baseline,53.691896,0.2073637226427852,4.572563171386719,False,vehicle_local_position.vy
development,normal,inav_local_z_freeze__2019-01-18__08_39_38__baseline,54.491896,0.2073637226427852,4.572563171386719,False,vehicle_local_position.vy
development,normal,inav_local_z_freeze__2019-01-18__08_39_38__baseline,55.291896,0.2073637226427852,4.572563171386719,False,vehicle_local_position.vy
development,normal,inav_local_z_freeze__2019-01-18__08_39_38__baseline,56.091896,0.2614709759798774,4.572563171386719,False,vehicle_local_position.vz
development,normal,inav_local_z_freeze__2019-01-18__08_39_38__baseline,56.891895999999996,0.2614709759798774,4.572563171386719,False,vehicle_local_position.vz
development,normal,inav_local_z_freeze__2019-01-18__08_39_38__baseline,57.691896,0.3852900994361121,4.572563171386719,False,vehicle_local_position.vy
development,normal,inav_local_z_freeze__2019-01-18__08_39_38__baseline,58.491896,0.3937024863834801,4.572563171386719,False,vehicle_local_position.vy
development,normal,inav_local_z_freeze__2019-01-18__08_39_38__baseline,59.291896,0.30811789198433204,4.572563171386719,False,vehicle_local_position.vy
development,normal,inav_local_z_freeze__2019-01-18__08_39_38__baseline,60.091896,0.2836781547652746,4.572563171386719,False,vehicle_local_position.vy
development,normal,inav_local_z_freeze__2019-01-18__08_39_38__baseline,60.891895999999996,0.24762048207867957,4.572563171386719,False,vehicle_local_position.vz
development,normal,inav_local_z_freeze__2019-01-18__08_39_38__baseline,61.691896,0.24762048207867957,4.572563171386719,False,vehicle_local_position.vz
development,normal,inav_local_z_freeze__2019-01-18__08_39_38__baseline,62.491896,0.21430272541547968,4.572563171386719,False,vehicle_local_position.vz
development,normal,inav_local_z_freeze__2019-01-18__08_39_38__baseline,63.291896,0.21430272541547968,4.572563171386719,False,vehicle_local_position.vz
development,normal,inav_local_z_freeze__2019-01-18__08_39_38__baseline,64.091896,0.21430272541547968,4.572563171386719,False,vehicle_local_position.vz
development,normal,inav_local_z_freeze__2019-01-18__08_39_38__baseline,64.891896,0.36089202421249833,4.572563171386719,False,vehicle_local_position.vz
development,normal,inav_local_z_freeze__2019-01-18__08_39_38__baseline,65.691896,0.4705390083598319,4.572563171386719,False,vehicle_local_position.vz
development,normal,inav_local_z_freeze__2019-01-18__08_39_38__baseline,66.49189600000001,1.0,4.572563171386719,False,vehicle_local_position.vz
development,normal,inav_local_z_freeze__2019-01-18__08_39_38__baseline,67.29189600000001,1.0,4.572563171386719,False,vehicle_local_position.vz
development,normal,inav_local_z_freeze__2019-01-25__17_38_05__baseline,9.620818,0.0,4.572563171386719,False,actuator_controls_0.control[0]
development,normal,inav_local_z_freeze__2019-01-25__17_38_05__baseline,10.420818,0.0,4.572563171386719,False,actuator_controls_0.control[0]
development,normal,inav_local_z_freeze__2019-01-25__17_38_05__baseline,11.220818,0.0,4.572563171386719,False,actuator_controls_0.control[0]
development,normal,inav_local_z_freeze__2019-01-25__17_38_05__baseline,12.020818,0.0,4.572563171386719,False,actuator_controls_0.control[0]
development,normal,inav_local_z_freeze__2019-01-25__17_38_05__baseline,12.820818000000001,0.0,4.572563171386719,False,actuator_controls_0.control[0]
development,normal,inav_local_z_freeze__2019-01-25__17_38_05__baseline,13.620818,0.0,4.572563171386719,False,actuator_controls_0.control[0]
development,normal,inav_local_z_freeze__2019-01-25__17_38_05__baseline,14.420818,0.18595802199551084,4.572563171386719,False,vehicle_local_position.vz
development,normal,inav_local_z_freeze__2019-01-25__17_38_05__baseline,15.220818,0.18595802199551084,4.572563171386719,False,vehicle_local_position.vz
development,normal,inav_local_z_freeze__2019-01-25__17_38_05__baseline,16.020818,0.31006330665431664,4.572563171386719,False,vehicle_local_position.vz
development,normal,inav_local_z_freeze__2019-01-25__17_38_05__baseline,16.820818,0.22876336440395084,4.572563171386719,False,vehicle_local_position.vz
development,normal,inav_local_z_freeze__2019-01-25__17_38_05__baseline,17.620818,0.19145775902641476,4.572563171386719,False,vehicle_local_position.vz
development,normal,inav_local_z_freeze__2019-01-25__17_38_05__baseline,18.420817999999997,0.19145775902641476,4.572563171386719,False,vehicle_local_position.vz
development,normal,inav_local_z_freeze__2019-01-25__17_38_05__baseline,19.220817999999998,0.19145775902641476,4.572563171386719,False,vehicle_local_position.vz
development,normal,inav_local_z_freeze__2019-01-25__17_38_05__baseline,20.020818,0.19145775902641476,4.572563171386719,False,vehicle_local_position.vz
development,normal,inav_local_z_freeze__2019-01-25__17_38_05__baseline,20.820818,0.20473076751869357,4.572563171386719,False,vehicle_local_position.vz
development,normal,inav_local_z_freeze__2019-01-25__17_38_05__baseline,21.620818,0.16776298923603286,4.572563171386719,False,vehicle_local_position.vy
development,normal,inav_local_z_freeze__2019-01-25__17_38_05__baseline,22.420817999999997,0.16776298923603286,4.572563171386719,False,vehicle_local_position.vy
development,normal,inav_local_z_freeze__2019-01-25__17_38_05__baseline,23.220817999999998,0.16776298923603286,4.572563171386719,False,vehicle_local_position.vy
development,normal,inav_local_z_freeze__2019-01-25__17_38_05__baseline,24.020818,0.16776298923603286,4.572563171386719,False,vehicle_local_position.vy
development,normal,inav_local_z_freeze__2019-01-25__17_38_05__baseline,24.820818,0.1809508588583468,4.572563171386719,False,vehicle_local_position.vz
development,normal,inav_local_z_freeze__2019-01-25__17_38_05__baseline,25.620818,0.18595802199551084,4.572563171386719,False,vehicle_local_position.vz
development,normal,inav_local_z_freeze__2019-01-25__17_38_05__baseline,26.420817999999997,0.18595802199551084,4.572563171386719,False,vehicle_local_position.vz
development,normal,inav_local_z_freeze__2019-01-25__17_38_05__baseline,27.220817999999998,0.13261682919677886,4.572563171386719,False,vehicle_local_position.vz
development,normal,inav_local_z_freeze__2019-01-25__17_38_05__baseline,28.020818,0.13261682919677886,4.572563171386719,False,vehicle_local_position.vz
development,normal,inav_local_z_freeze__2019-01-25__17_38_05__baseline,28.820818,0.13261682919677886,4.572563171386719,False,vehicle_local_position.vz
development,normal,inav_local_z_freeze__2019-01-25__17_38_05__baseline,29.620818,0.15421650474481605,4.572563171386719,False,vehicle_local_position.vz
development,normal,inav_local_z_freeze__2019-01-25__17_38_05__baseline,30.420817999999997,0.15421650474481605,4.572563171386719,False,vehicle_local_position.vz
development,normal,inav_local_z_freeze__2019-01-25__17_38_05__baseline,31.220817999999998,0.16288017569289634,4.572563171386719,False,vehicle_local_position.vy
development,normal,inav_local_z_freeze__2019-01-25__17_38_05__baseline,32.020818,0.16365406615615177,4.572563171386719,False,vehicle_local_position.vy
development,normal,inav_local_z_freeze__2019-01-25__17_38_05__baseline,32.820817999999996,0.19137365824270786,4.572563171386719,False,vehicle_local_position.vy
development,normal,inav_local_z_freeze__2019-01-25__17_38_05__baseline,33.620818,0.14602135174680142,4.572563171386719,False,vehicle_local_position.vz
development,normal,inav_local_z_freeze__2019-01-25__17_38_05__baseline,34.420818,0.15120762915749544,4.572563171386719,False,vehicle_local_position.vz
development,normal,inav_local_z_freeze__2019-01-25__17_38_05__baseline,35.220818,0.15120762915749544,4.572563171386719,False,vehicle_local_position.vz
development,normal,inav_local_z_freeze__2019-01-25__17_38_05__baseline,36.020818,0.15938005558874396,4.572563171386719,False,vehicle_local_position.vz
development,normal,inav_local_z_freeze__2019-01-25__17_38_05__baseline,36.820817999999996,0.15938005558874396,4.572563171386719,False,vehicle_local_position.vz
development,normal,inav_local_z_freeze__2019-01-25__17_38_05__baseline,37.620818,0.16383233863748356,4.572563171386719,False,vehicle_local_position.vz
development,normal,inav_local_z_freeze__2019-01-25__17_38_05__baseline,38.420818,0.10870286818344967,4.572563171386719,False,vehicle_local_position.vz
development,normal,inav_local_z_freeze__2019-01-25__17_38_05__baseline,39.220818,0.12017306519372897,4.572563171386719,False,vehicle_local_position.vy
development,normal,inav_local_z_freeze__2019-01-25__17_38_05__baseline,40.020818,0.1529873026419093,4.572563171386719,False,vehicle_local_position.vy
development,normal,inav_local_z_freeze__2019-01-25__17_38_05__baseline,40.820817999999996,0.09562129086997373,4.572563171386719,False,vehicle_local_position.vz
development,normal,inav_local_z_freeze__2019-01-25__17_38_05__baseline,41.620818,0.10854530473839143,4.572563171386719,False,vehicle_local_position.vz
development,normal,inav_local_z_freeze__2019-01-25__17_38_05__baseline,42.420818,0.15587912272175908,4.572563171386719,False,vehicle_local_position.vz
development,normal,inav_local_z_freeze__2019-01-25__17_38_05__baseline,43.220818,0.15587912272175908,4.572563171386719,False,vehicle_local_position.vz
development,normal,inav_local_z_freeze__2019-01-25__17_38_05__baseline,44.020818,0.13167165239899298,4.572563171386719,False,vehicle_local_position.vz
development,normal,inav_local_z_freeze__2019-01-25__17_38_05__baseline,44.820817999999996,0.13167165239899298,4.572563171386719,False,vehicle_local_position.vz
development,normal,inav_local_z_freeze__2019-01-25__17_38_05__baseline,45.620818,0.13167165239899298,4.572563171386719,False,vehicle_local_position.vz
development,normal,inav_local_z_freeze__2019-01-25__17_38_05__baseline,46.420818,0.10908708342664362,4.572563171386719,False,vehicle_local_position.vx
development,normal,inav_local_z_freeze__2019-01-25__17_38_05__baseline,47.220818,0.10908708342664362,4.572563171386719,False,vehicle_local_position.vx
development,normal,inav_local_z_freeze__2019-01-25__17_38_05__baseline,48.020818,0.10908708342664362,4.572563171386719,False,vehicle_local_position.vx
development,normal,inav_local_z_freeze__2019-01-25__17_38_05__baseline,48.820817999999996,0.14975957759171188,4.572563171386719,False,vehicle_local_position.vz
development,normal,inav_local_z_freeze__2019-01-25__17_38_05__baseline,49.620818,0.14975957759171188,4.572563171386719,False,vehicle_local_position.vz
development,normal,inav_local_z_freeze__2019-01-25__17_38_05__baseline,50.420818,0.10908708342664362,4.572563171386719,False,vehicle_local_position.vx
development,normal,inav_local_z_freeze__2019-01-25__17_38_05__baseline,51.220818,0.10908708342664362,4.572563171386719,False,vehicle_local_position.vx
development,normal,inav_local_z_freeze__2019-01-25__17_38_05__baseline,52.020818,0.10908708342664362,4.572563171386719,False,vehicle_local_position.vx
development,normal,inav_local_z_freeze__2019-01-25__17_38_05__baseline,52.820817999999996,0.10908708342664362,4.572563171386719,False,vehicle_local_position.vx
development,normal,inav_local_z_freeze__2019-01-25__17_38_05__baseline,53.620818,0.10908708342664362,4.572563171386719,False,vehicle_local_position.vx
development,normal,inav_local_z_freeze__2019-01-25__17_38_05__baseline,54.420818,0.13153611320218345,4.572563171386719,False,vehicle_local_position.vz
development,normal,inav_local_z_freeze__2019-01-25__17_38_05__baseline,55.220818,0.11837637997695184,4.572563171386719,False,vehicle_local_position.vz
development,normal,inav_local_z_freeze__2019-01-25__17_38_05__baseline,56.020818,0.13500736771493485,4.572563171386719,False,vehicle_local_position.vy
development,normal,inav_local_z_freeze__2019-01-25__17_38_05__baseline,56.820817999999996,0.13500736771493485,4.572563171386719,False,vehicle_local_position.vy
development,normal,inav_local_z_freeze__2019-01-25__17_38_05__baseline,57.620818,0.13638504698327794,4.572563171386719,False,vehicle_local_position.vz
development,normal,inav_local_z_freeze__2019-01-25__17_38_05__baseline,58.420818,0.12409973459668122,4.572563171386719,False,vehicle_local_position.vx
development,normal,inav_local_z_freeze__2019-01-25__17_38_05__baseline,59.220818,0.15664409136050003,4.572563171386719,False,vehicle_local_position.vx
development,normal,inav_local_z_freeze__2019-01-25__17_38_05__baseline,60.020818,0.10930882109249991,4.572563171386719,False,vehicle_local_position.vz
development,normal,inav_local_z_freeze__2019-01-25__17_38_05__baseline,60.820817999999996,0.21240018738606306,4.572563171386719,False,vehicle_local_position.vz
development,normal,inav_local_z_freeze__2019-01-25__17_38_05__baseline,61.620818,0.21240018738606306,4.572563171386719,False,vehicle_local_position.vz
development,normal,inav_local_z_freeze__2019-01-25__17_38_05__baseline,62.420818,0.21240018738606306,4.572563171386719,False,vehicle_local_position.vz
development,normal,inav_local_z_freeze__2019-01-25__17_38_05__baseline,63.220818,0.236390536080836,4.572563171386719,False,vehicle_local_position.vz
development,normal,inav_local_z_freeze__2019-01-25__17_38_05__baseline,64.020818,0.365042011708273,4.572563171386719,False,vehicle_local_position.vz
development,normal,inav_local_z_freeze__2019-01-25__17_38_05__baseline,64.820818,0.365042011708273,4.572563171386719,False,vehicle_local_position.vz
development,normal,inav_local_z_freeze__2019-01-25__17_38_05__baseline,65.620818,0.365042011708273,4.572563171386719,False,vehicle_local_position.vz
development,normal,inav_local_z_freeze__2019-01-25__17_38_05__baseline,66.42081800000001,0.21838489581683887,4.572563171386719,False,vehicle_local_position.vz
development,normal,inav_local_z_freeze__2019-01-25__17_38_05__baseline,67.22081800000001,0.17211951828966673,4.572563171386719,False,vehicle_local_position.vz
development,normal,inav_local_z_freeze__2019-01-25__17_38_05__baseline,68.020818,0.17211951828966673,4.572563171386719,False,vehicle_local_position.vz
development,normal,inav_local_z_freeze__2019-01-25__17_38_05__baseline,68.820818,0.17211951828966673,4.572563171386719,False,vehicle_local_position.vz
development,normal,inav_local_z_freeze__2019-01-25__17_38_05__baseline,69.620818,0.21345316376125983,4.572563171386719,False,vehicle_local_position.vz
development,normal,inav_local_z_freeze__2019-01-25__17_38_05__baseline,70.42081800000001,0.22575531452530911,4.572563171386719,False,vehicle_local_position.vz
development,normal,inav_local_z_freeze__2019-01-25__17_38_05__baseline,71.22081800000001,0.22756365291977948,4.572563171386719,False,vehicle_local_position.vz
development,normal,inav_local_z_freeze__2019-01-25__17_38_05__baseline,72.020818,0.383341894284285,4.572563171386719,False,vehicle_local_position.vz
development,normal,inav_local_z_freeze__2019-01-25__17_38_05__baseline,72.820818,0.33281953572566314,4.572563171386719,False,vehicle_local_position.vz
development,normal,inav_local_z_freeze__2019-01-25__17_38_05__baseline,73.620818,0.33281953572566314,4.572563171386719,False,vehicle_local_position.vz
development,normal,inav_local_z_freeze__2019-01-25__17_38_05__baseline,74.42081800000001,0.18165061707947427,4.572563171386719,False,vehicle_local_position.vz
development,normal,inav_local_z_freeze__2019-01-25__17_38_05__baseline,75.22081800000001,0.18165061707947427,4.572563171386719,False,vehicle_local_position.vz
development,normal,inav_local_z_freeze__2019-01-25__17_38_05__baseline,76.020818,0.18165061707947427,4.572563171386719,False,vehicle_local_position.vz
development,normal,inav_local_z_freeze__2019-01-25__17_38_05__baseline,76.820818,0.12264388766732849,4.572563171386719,False,vehicle_local_position.vz
development,normal,inav_local_z_freeze__2019-01-25__17_38_05__baseline,77.620818,0.12264388766732849,4.572563171386719,False,vehicle_local_position.vz
development,normal,inav_local_z_freeze__2019-01-25__17_38_05__baseline,78.42081800000001,0.12264388766732849,4.572563171386719,False,vehicle_local_position.vz
development,normal,inav_local_z_freeze__2019-01-25__17_38_05__baseline,79.22081800000001,0.2446307966742707,4.572563171386719,False,vehicle_local_position.vz
development,normal,inav_local_z_freeze__2019-01-25__17_38_05__baseline,80.020818,0.14908597947709668,4.572563171386719,False,vehicle_local_position.vz
development,normal,inav_local_z_freeze__2019-01-25__17_38_05__baseline,80.820818,0.09505705883038253,4.572563171386719,False,vehicle_local_position.vx
development,normal,inav_local_z_freeze__2019-01-25__17_38_05__baseline,81.620818,0.08565153683011234,4.572563171386719,False,vehicle_local_position.vz
development,normal,inav_local_z_freeze__2019-01-25__17_38_05__baseline,82.42081800000001,0.08565153683011234,4.572563171386719,False,vehicle_local_position.vz
development,normal,inav_local_z_freeze__2019-01-25__17_38_05__baseline,83.22081800000001,0.09335511199105204,4.572563171386719,False,vehicle_local_position.vz
development,normal,inav_local_z_freeze__2019-01-25__17_38_05__baseline,84.020818,0.07328666489049719,4.572563171386719,False,vehicle_local_position.vz
development,normal,inav_local_z_freeze__2019-01-25__17_38_05__baseline,84.820818,0.07328666489049719,4.572563171386719,False,vehicle_local_position.vz
development,normal,inav_local_z_freeze__2019-01-25__17_38_05__baseline,85.620818,0.07328666489049719,4.572563171386719,False,vehicle_local_position.vz
development,normal,inav_local_z_freeze__2019-01-25__17_38_05__baseline,86.42081800000001,0.07328666489049719,4.572563171386719,False,vehicle_local_position.vz
development,normal,inav_local_z_freeze__2019-01-25__17_38_05__baseline,87.22081800000001,0.07328666489049719,4.572563171386719,False,vehicle_local_position.vz
development,normal,inav_local_z_freeze__2019-01-25__17_38_05__baseline,88.020818,0.07328666489049719,4.572563171386719,False,vehicle_local_position.vz
development,normal,inav_local_z_freeze__2019-01-25__17_38_05__baseline,88.820818,0.07328666489049719,4.572563171386719,False,vehicle_local_position.vz
development,normal,inav_local_z_freeze__2019-01-25__17_38_05__baseline,89.620818,0.10900759897412782,4.572563171386719,False,vehicle_local_position.vy
development,normal,inav_local_z_freeze__2019-01-25__17_38_05__baseline,90.42081800000001,0.09783513320825851,4.572563171386719,False,vehicle_local_position.vz
development,normal,inav_local_z_freeze__2019-01-25__17_38_05__baseline,91.22081800000001,0.18595802199551084,4.572563171386719,False,vehicle_local_position.vz
development,normal,inav_local_z_freeze__2019-01-25__17_38_05__baseline,92.020818,0.09356858909617087,4.572563171386719,False,vehicle_local_position.vz
development,normal,inav_local_z_freeze__2019-01-25__17_38_05__baseline,92.820818,0.052249574454212085,4.572563171386719,False,vehicle_local_position.vz
development,normal,inav_local_z_freeze__2019-03-06__08_02_26__baseline,9.620042,0.0,4.572563171386719,False,actuator_controls_0.control[0]
development,normal,inav_local_z_freeze__2019-03-06__08_02_26__baseline,10.420042,0.0,4.572563171386719,False,actuator_controls_0.control[0]
development,normal,inav_local_z_freeze__2019-03-06__08_02_26__baseline,11.220042,0.0,4.572563171386719,False,actuator_controls_0.control[0]
development,normal,inav_local_z_freeze__2019-03-06__08_02_26__baseline,12.020042,0.0,4.572563171386719,False,actuator_controls_0.control[0]
development,normal,inav_local_z_freeze__2019-03-06__08_02_26__baseline,12.820042,0.0,4.572563171386719,False,actuator_controls_0.control[0]
development,normal,inav_local_z_freeze__2019-03-06__08_02_26__baseline,13.620042,0.0,4.572563171386719,False,actuator_controls_0.control[0]
development,normal,inav_local_z_freeze__2019-03-06__08_02_26__baseline,14.420042,0.008594520962045955,4.572563171386719,False,vehicle_local_position.vz
development,normal,inav_local_z_freeze__2019-03-06__08_02_26__baseline,15.220042,0.008594520962045955,4.572563171386719,False,vehicle_local_position.vz
development,normal,inav_local_z_freeze__2019-03-06__08_02_26__baseline,16.020042,0.008594520962045955,4.572563171386719,False,vehicle_local_position.vz
development,normal,inav_local_z_freeze__2019-03-06__08_02_26__baseline,16.820042,0.006314180248963552,4.572563171386719,False,vehicle_local_position.vz
development,normal,inav_local_z_freeze__2019-03-06__08_02_26__baseline,17.620042,0.006314180248963552,4.572563171386719,False,vehicle_local_position.vz
development,normal,inav_local_z_freeze__2019-03-06__08_02_26__baseline,18.420042,0.006314180248963552,4.572563171386719,False,vehicle_local_position.vz
development,normal,inav_local_z_freeze__2019-03-06__08_02_26__baseline,19.220042,0.006314180248963552,4.572563171386719,False,vehicle_local_position.vz
development,normal,inav_local_z_freeze__2019-03-06__08_02_26__baseline,20.020042,0.006314180248963552,4.572563171386719,False,vehicle_local_position.vz
development,normal,inav_local_z_freeze__2019-03-06__08_02_26__baseline,20.820042,0.006314180248963552,4.572563171386719,False,vehicle_local_position.vz
development,normal,inav_local_z_freeze__2019-03-06__08_02_26__baseline,21.620042,0.006314180248963552,4.572563171386719,False,vehicle_local_position.vz
development,normal,inav_local_z_freeze__2019-03-06__08_02_26__baseline,22.420042,0.006314180248963552,4.572563171386719,False,vehicle_local_position.vz
development,normal,inav_local_z_freeze__2019-03-06__08_02_26__baseline,23.220042,0.006314180248963552,4.572563171386719,False,vehicle_local_position.vz
development,normal,inav_local_z_freeze__2019-03-06__08_02_26__baseline,24.020042,0.006314180248963552,4.572563171386719,False,vehicle_local_position.vz
development,normal,inav_local_z_freeze__2019-03-06__08_02_26__baseline,24.820042,0.006314180248963552,4.572563171386719,False,vehicle_local_position.vz
development,normal,inav_local_z_freeze__2019-03-06__08_02_26__baseline,25.620042,0.006314180248963552,4.572563171386719,False,vehicle_local_position.vz
development,normal,inav_local_z_freeze__2019-03-06__08_02_26__baseline,26.420042,0.005506703646044725,4.572563171386719,False,vehicle_local_position.vz
development,normal,inav_local_z_freeze__2019-03-06__08_02_26__baseline,27.220042,0.005506703646044725,4.572563171386719,False,vehicle_local_position.vz
development,normal,inav_local_z_freeze__2019-03-06__08_02_26__baseline,28.020042,0.005506703646044725,4.572563171386719,False,vehicle_local_position.vz
development,normal,inav_local_z_freeze__2019-03-06__08_02_26__baseline,28.820042,0.008161427879306507,4.572563171386719,False,vehicle_local_position.vz
development,normal,inav_local_z_freeze__2019-03-06__08_02_26__baseline,29.620042,0.008161427879306507,4.572563171386719,False,vehicle_local_position.vz
development,normal,inav_local_z_freeze__2019-03-06__08_02_26__baseline,30.420042,0.008161427879306507,4.572563171386719,False,vehicle_local_position.vz
development,normal,inav_local_z_freeze__2019-03-06__08_02_26__baseline,31.220042,0.008161427879306507,4.572563171386719,False,vehicle_local_position.vz
development,normal,inav_local_z_freeze__2019-03-06__08_02_26__baseline,32.020042,0.008161427879306507,4.572563171386719,False,vehicle_local_position.vz
development,normal,inav_local_z_freeze__2019-03-06__08_02_26__baseline,32.820041999999994,0.008161427879306507,4.572563171386719,False,vehicle_local_position.vz
development,normal,inav_local_z_freeze__2019-03-06__08_02_26__baseline,33.620042,0.008161427879306507,4.572563171386719,False,vehicle_local_position.vz
development,normal,inav_local_z_freeze__2019-03-06__08_02_26__baseline,34.420041999999995,0.008161427879306507,4.572563171386719,False,vehicle_local_position.vz
development,normal,inav_local_z_freeze__2019-03-06__08_02_26__baseline,35.220042,0.008629330168462825,4.572563171386719,False,vehicle_local_position.vz
development,normal,inav_local_z_freeze__2019-03-06__08_02_26__baseline,36.020042,0.012815659588834396,4.572563171386719,False,vehicle_local_position.vz
development,normal,inav_local_z_freeze__2019-03-06__08_02_26__baseline,36.820041999999994,0.006532137550617991,4.572563171386719,False,vehicle_local_position.vy
development,normal,inav_local_z_freeze__2019-03-06__08_02_26__baseline,37.620042,0.008238529482268768,4.572563171386719,False,vehicle_local_position.vx
development,normal,inav_local_z_freeze__2019-03-06__08_02_26__baseline,38.420041999999995,0.008238529482268768,4.572563171386719,False,vehicle_local_position.vx
development,normal,inav_local_z_freeze__2019-03-06__08_02_26__baseline,39.220042,0.008238529482268768,4.572563171386719,False,vehicle_local_position.vx
development,normal,inav_local_z_freeze__2019-03-06__08_02_26__baseline,40.020042,0.008238529482268768,4.572563171386719,False,vehicle_local_position.vx
development,normal,inav_local_z_freeze__2019-03-06__08_02_26__baseline,40.820041999999994,0.021682910880674235,4.572563171386719,False,vehicle_local_position.vz
development,normal,inav_local_z_freeze__2019-03-06__08_02_26__baseline,41.620042,0.015968588878117723,4.572563171386719,False,vehicle_local_position.vz
development,normal,inav_local_z_freeze__2019-03-06__08_02_26__baseline,42.420041999999995,0.03620222801942791,4.572563171386719,False,vehicle_local_position.vy
development,normal,inav_local_z_freeze__2019-03-06__08_02_26__baseline,43.220042,0.03560991007061684,4.572563171386719,False,vehicle_local_position.vy
development,normal,inav_local_z_freeze__2019-03-06__08_02_26__baseline,44.020042,0.03560991007061684,4.572563171386719,False,vehicle_local_position.vy
development,normal,inav_local_z_freeze__2019-03-06__08_02_26__baseline,44.820041999999994,0.032709556612570884,4.572563171386719,False,vehicle_local_position.vy
development,normal,inav_local_z_freeze__2019-03-06__08_02_26__baseline,45.620042,0.032709556612570884,4.572563171386719,False,vehicle_local_position.vy
development,normal,inav_local_z_freeze__2019-03-06__08_02_26__baseline,46.420041999999995,0.032709556612570884,4.572563171386719,False,vehicle_local_position.vy
development,normal,inav_local_z_freeze__2019-03-06__08_02_26__baseline,47.220042,0.038313185833051155,4.572563171386719,False,vehicle_local_position.vy
development,normal,inav_local_z_freeze__2019-03-06__08_02_26__baseline,48.020042,0.043157878995363066,4.572563171386719,False,vehicle_local_position.vy
development,normal,inav_local_z_freeze__2019-03-06__08_02_26__baseline,48.820041999999994,0.04360597706207894,4.572563171386719,False,vehicle_local_position.vy
development,normal,inav_local_z_freeze__2019-03-06__08_02_26__baseline,49.620042,0.04360597706207894,4.572563171386719,False,vehicle_local_position.vy
development,normal,inav_local_z_freeze__2019-03-06__08_02_26__baseline,50.420041999999995,0.04360597706207894,4.572563171386719,False,vehicle_local_position.vy
development,normal,inav_local_z_freeze__2019-03-06__08_02_26__baseline,51.220042,0.04658350593209205,4.572563171386719,False,vehicle_local_position.vy
development,normal,inav_local_z_freeze__2019-03-06__08_02_26__baseline,52.020042,0.034779473263125964,4.572563171386719,False,vehicle_local_position.vy
development,normal,inav_local_z_freeze__2019-03-06__08_02_26__baseline,52.820041999999994,0.00408797617122358,4.572563171386719,False,vehicle_local_position.vz
development,normal,inav_local_z_freeze__2019-03-06__08_02_26__baseline,53.620042,0.00408797617122358,4.572563171386719,False,vehicle_local_position.vz
development,normal,inav_local_z_freeze__2019-03-06__08_02_26__baseline,54.420041999999995,0.00408797617122358,4.572563171386719,False,vehicle_local_position.vz
development,normal,inav_local_z_freeze__2019-03-06__08_02_26__baseline,55.220042,0.00408797617122358,4.572563171386719,False,vehicle_local_position.vz
development,normal,inav_local_z_freeze__2019-03-06__08_02_26__baseline,56.020042,0.00408797617122358,4.572563171386719,False,vehicle_local_position.vz
development,normal,inav_local_z_freeze__2019-03-06__08_02_26__baseline,56.820041999999994,0.00408797617122358,4.572563171386719,False,vehicle_local_position.vz
development,normal,inav_local_z_freeze__2019-03-06__08_02_26__baseline,57.620042,0.0029008077896515417,4.572563171386719,False,vehicle_local_position.vx
development,normal,inav_local_z_freeze__2019-03-06__08_02_26__baseline,58.420041999999995,0.0029008077896515417,4.572563171386719,False,vehicle_local_position.vx
development,normal,inav_local_z_freeze__2019-03-06__08_02_26__baseline,59.220042,0.0029008077896515417,4.572563171386719,False,vehicle_local_position.vx
development,normal,inav_local_z_freeze__2019-03-06__08_02_26__baseline,60.020042,0.0029008077896515417,4.572563171386719,False,vehicle_local_position.vx
development,normal,inav_local_z_freeze__2019-03-06__08_02_26__baseline,60.820041999999994,0.0029008077896515417,4.572563171386719,False,vehicle_local_position.vx
development,normal,inav_local_z_freeze__2019-03-06__08_02_26__baseline,61.620042,0.0029008077896515417,4.572563171386719,False,vehicle_local_position.vx
development,normal,inav_local_z_freeze__2019-03-06__08_02_26__baseline,62.420041999999995,0.0029008077896515417,4.572563171386719,False,vehicle_local_position.vx
development,normal,inav_local_z_freeze__2019-03-06__08_02_26__baseline,63.220042,0.0028260222581982537,4.572563171386719,False,vehicle_local_position.vx
development,normal,inav_local_z_freeze__2019-03-06__08_02_26__baseline,64.020042,0.0028260222581982537,4.572563171386719,False,vehicle_local_position.vx
development,normal,inav_local_z_freeze__2019-03-06__08_02_26__baseline,64.820042,0.0028260222581982537,4.572563171386719,False,vehicle_local_position.vx
development,normal,inav_local_z_freeze__2019-03-06__08_02_26__baseline,65.620042,0.006848613019649119,4.572563171386719,False,vehicle_local_position.vx
development,normal,inav_local_z_freeze__2019-03-06__08_02_26__baseline,66.42004200000001,0.006848613019649119,4.572563171386719,False,vehicle_local_position.vx
development,normal,inav_local_z_freeze__2019-03-06__08_02_26__baseline,67.220042,0.006848613019649119,4.572563171386719,False,vehicle_local_position.vx
development,normal,inav_local_z_freeze__2019-03-06__08_02_26__baseline,68.020042,0.007139635237247831,4.572563171386719,False,vehicle_local_position.vx
development,normal,inav_local_z_freeze__2019-03-06__08_02_26__baseline,68.820042,0.010546740848723625,4.572563171386719,False,vehicle_local_position.vz
development,normal,inav_local_z_freeze__2019-03-06__08_02_26__baseline,69.620042,0.011076223550487402,4.572563171386719,False,vehicle_local_position.vz
development,normal,inav_local_z_freeze__2019-03-06__08_02_26__baseline,70.42004200000001,0.02325036447383411,4.572563171386719,False,vehicle_local_position.vz
development,normal,inav_local_z_freeze__2019-03-06__08_02_26__baseline,71.220042,0.02325036447383411,4.572563171386719,False,vehicle_local_position.vz
development,normal,inav_local_z_freeze__2019-03-06__08_02_26__baseline,72.020042,0.02325036447383411,4.572563171386719,False,vehicle_local_position.vz
development,normal,inav_local_z_freeze__2019-03-06__08_02_26__baseline,72.820042,0.02325036447383411,4.572563171386719,False,vehicle_local_position.vz
development,normal,inav_local_z_freeze__2019-03-06__08_02_26__baseline,73.620042,0.007716058935417028,4.572563171386719,False,vehicle_local_position.vz
development,normal,inav_local_z_freeze__2019-03-06__08_02_26__baseline,74.42004200000001,0.007716058935417028,4.572563171386719,False,vehicle_local_position.vz
development,normal,inav_local_z_freeze__2019-03-06__08_02_26__baseline,75.220042,0.007716058935417028,4.572563171386719,False,vehicle_local_position.vz
development,normal,inav_local_z_freeze__2019-03-06__08_02_26__baseline,76.020042,0.007716058935417028,4.572563171386719,False,vehicle_local_position.vz
development,normal,inav_local_z_freeze__2019-03-06__08_02_26__baseline,76.820042,0.014691237226364008,4.572563171386719,False,vehicle_local_position.vz
development,normal,inav_local_z_freeze__2019-03-06__08_02_26__baseline,77.620042,0.030015456773071023,4.572563171386719,False,vehicle_local_position.vz
development,normal,inav_local_z_freeze__2019-03-06__08_02_26__baseline,78.42004200000001,0.030015456773071023,4.572563171386719,False,vehicle_local_position.vz
development,normal,inav_local_z_freeze__2019-03-06__08_02_26__baseline,79.220042,0.030015456773071023,4.572563171386719,False,vehicle_local_position.vz
development,normal,inav_local_z_freeze__2019-03-06__08_02_26__baseline,80.020042,0.03629306984487061,4.572563171386719,False,vehicle_local_position.vz
development,normal,inav_local_z_freeze__2019-03-06__08_02_26__baseline,80.820042,0.03629306984487061,4.572563171386719,False,vehicle_local_position.vz
development,normal,inav_local_z_freeze__2019-03-06__08_02_26__baseline,81.620042,0.03629306984487061,4.572563171386719,False,vehicle_local_position.vz
development,normal,inav_local_z_freeze__2019-03-06__08_02_26__baseline,82.42004200000001,0.03629306984487061,4.572563171386719,False,vehicle_local_position.vz
development,normal,inav_local_z_freeze__2019-03-06__08_02_26__baseline,83.220042,0.03629306984487061,4.572563171386719,False,vehicle_local_position.vz
development,normal,inav_local_z_freeze__2019-03-06__08_02_26__baseline,84.020042,0.03161154103066735,4.572563171386719,False,vehicle_local_position.vz
development,normal,inav_local_z_freeze__2019-03-06__08_02_26__baseline,84.820042,0.03161154103066735,4.572563171386719,False,vehicle_local_position.vz
development,normal,inav_local_z_freeze__2019-03-06__08_02_26__baseline,85.620042,0.02858506542859546,4.572563171386719,False,vehicle_local_position.vz
development,normal,inav_local_z_freeze__2019-03-06__08_02_26__baseline,86.42004200000001,0.011427594013532945,4.572563171386719,False,vehicle_local_position.vx
development,normal,inav_local_z_freeze__2019-03-06__08_02_26__baseline,87.220042,0.010560529032025742,4.572563171386719,False,vehicle_local_position.vx
development,normal,inav_local_z_freeze__2019-03-06__08_02_26__baseline,88.020042,0.010560529032025742,4.572563171386719,False,vehicle_local_position.vx
development,normal,inav_local_z_freeze__2019-03-06__08_02_26__baseline,88.820042,0.006022853658189286,4.572563171386719,False,vehicle_local_position.vx
development,normal,inav_local_z_freeze__2019-03-06__08_02_26__baseline,89.620042,0.05628964552950494,4.572563171386719,False,vehicle_local_position.vz
development,normal,inav_local_z_freeze__2019-03-06__08_02_26__baseline,90.42004200000001,0.021598298200155335,4.572563171386719,False,vehicle_local_position.vz
development,normal,inav_local_z_freeze__2019-03-06__08_02_26__baseline,91.220042,0.006200314840615027,4.572563171386719,False,vehicle_local_position.vx
development,normal,inav_local_z_freeze__2019-03-06__08_02_26__baseline,92.020042,0.00484896794201397,4.572563171386719,False,vehicle_local_position.vx
development,normal,inav_local_z_freeze__2019-03-06__08_02_26__baseline,92.820042,0.00484896794201397,4.572563171386719,False,vehicle_local_position.vx
development,normal,inav_local_z_freeze__2019-03-06__08_02_26__baseline,93.620042,0.00484896794201397,4.572563171386719,False,vehicle_local_position.vx
development,normal,inav_local_z_freeze__2019-03-06__08_02_26__baseline,94.42004200000001,0.00517979536183782,4.572563171386719,False,vehicle_local_position.vx
development,normal,inav_local_z_freeze__2019-03-06__08_02_26__baseline,95.220042,0.007706456991019177,4.572563171386719,False,vehicle_local_position.vz
development,normal,inav_local_z_freeze__2019-03-06__08_02_26__baseline,96.020042,0.05492047004515459,4.572563171386719,False,vehicle_local_position.vz
development,normal,land_detector_state_inversion__2019-01-18__08_39_38__baseline,9.699842,0.0,4.572563171386719,False,actuator_controls_0.control[0]
development,normal,land_detector_state_inversion__2019-01-18__08_39_38__baseline,10.499842000000001,0.0,4.572563171386719,False,actuator_controls_0.control[0]
development,normal,land_detector_state_inversion__2019-01-18__08_39_38__baseline,11.299842,0.0,4.572563171386719,False,actuator_controls_0.control[0]
development,normal,land_detector_state_inversion__2019-01-18__08_39_38__baseline,12.099842,0.0,4.572563171386719,False,actuator_controls_0.control[0]
development,normal,land_detector_state_inversion__2019-01-18__08_39_38__baseline,12.899842000000001,0.1282644380937838,4.572563171386719,False,actuator_controls_0.control[2]
development,normal,land_detector_state_inversion__2019-01-18__08_39_38__baseline,13.699842,0.10619637982441842,4.572563171386719,False,actuator_controls_0.control[2]
development,normal,land_detector_state_inversion__2019-01-18__08_39_38__baseline,14.499842000000001,0.10619637982441842,4.572563171386719,False,actuator_controls_0.control[2]
development,normal,land_detector_state_inversion__2019-01-18__08_39_38__baseline,15.299842,0.10619637982441842,4.572563171386719,False,actuator_controls_0.control[2]
development,normal,land_detector_state_inversion__2019-01-18__08_39_38__baseline,16.099842,0.06822927886709382,4.572563171386719,False,actuator_controls_0.control[2]
development,normal,land_detector_state_inversion__2019-01-18__08_39_38__baseline,16.899842,0.038156563993641826,4.572563171386719,False,actuator_controls_0.control[2]
development,normal,land_detector_state_inversion__2019-01-18__08_39_38__baseline,17.699842,0.038156563993641826,4.572563171386719,False,actuator_controls_0.control[2]
development,normal,land_detector_state_inversion__2019-01-18__08_39_38__baseline,18.499841999999997,0.038156563993641826,4.572563171386719,False,actuator_controls_0.control[2]
development,normal,land_detector_state_inversion__2019-01-18__08_39_38__baseline,19.299841999999998,0.04270037685080812,4.572563171386719,False,actuator_controls_0.control[2]
development,normal,land_detector_state_inversion__2019-01-18__08_39_38__baseline,20.099842,0.02282492009544851,4.572563171386719,False,actuator_controls_0.control[3]
development,normal,land_detector_state_inversion__2019-01-18__08_39_38__baseline,20.899842,0.02282492009544851,4.572563171386719,False,actuator_controls_0.control[3]
development,normal,land_detector_state_inversion__2019-01-18__08_39_38__baseline,21.699842,0.02282492009544851,4.572563171386719,False,actuator_controls_0.control[3]
development,normal,land_detector_state_inversion__2019-01-18__08_39_38__baseline,22.499841999999997,0.02282492009544851,4.572563171386719,False,actuator_controls_0.control[3]
development,normal,land_detector_state_inversion__2019-01-18__08_39_38__baseline,23.299841999999998,0.006329633538625218,4.572563171386719,False,actuator_controls_0.control[3]
development,normal,land_detector_state_inversion__2019-01-18__08_39_38__baseline,24.099842,0.005140587864750373,4.572563171386719,False,actuator_controls_0.control[1]
development,normal,land_detector_state_inversion__2019-01-18__08_39_38__baseline,24.899842,0.0,4.572563171386719,False,actuator_controls_0.control[0]
development,normal,land_detector_state_inversion__2019-01-18__08_39_38__baseline,25.699842,0.0,4.572563171386719,False,actuator_controls_0.control[0]
development,normal,land_detector_state_inversion__2019-01-18__08_39_38__baseline,26.499841999999997,0.0,4.572563171386719,False,actuator_controls_0.control[0]
development,normal,land_detector_state_inversion__2019-01-18__08_39_38__baseline,27.299841999999998,0.0,4.572563171386719,False,actuator_controls_0.control[0]
development,normal,land_detector_state_inversion__2019-01-18__08_39_38__baseline,28.099842,0.0,4.572563171386719,False,actuator_controls_0.control[0]
development,normal,land_detector_state_inversion__2019-01-18__08_39_38__baseline,28.899842,0.0024931178064281677,4.572563171386719,False,actuator_controls_0.control[0]
development,normal,land_detector_state_inversion__2019-01-18__08_39_38__baseline,29.699842,0.021328465998073816,4.572563171386719,False,actuator_controls_0.control[3]
development,normal,land_detector_state_inversion__2019-01-18__08_39_38__baseline,30.499841999999997,0.026526658487330327,4.572563171386719,False,actuator_controls_0.control[2]
development,normal,land_detector_state_inversion__2019-01-18__08_39_38__baseline,31.299841999999998,0.026498567575675643,4.572563171386719,False,actuator_controls_0.control[2]
development,normal,land_detector_state_inversion__2019-01-18__08_39_38__baseline,32.099842,0.026498567575675643,4.572563171386719,False,actuator_controls_0.control[2]
development,normal,land_detector_state_inversion__2019-01-18__08_39_38__baseline,32.899842,0.026498567575675643,4.572563171386719,False,actuator_controls_0.control[2]
development,normal,land_detector_state_inversion__2019-01-18__08_39_38__baseline,33.699842000000004,0.0,4.572563171386719,False,actuator_controls_0.control[0]
development,normal,land_detector_state_inversion__2019-01-18__08_39_38__baseline,34.499842,0.0,4.572563171386719,False,actuator_controls_0.control[0]
development,normal,land_detector_state_inversion__2019-01-18__08_39_38__baseline,35.299842000000005,0.0,4.572563171386719,False,actuator_controls_0.control[0]
development,normal,land_detector_state_inversion__2019-01-18__08_39_38__baseline,36.099842,0.0,4.572563171386719,False,actuator_controls_0.control[0]
development,normal,land_detector_state_inversion__2019-01-18__08_39_38__baseline,36.899842,0.0,4.572563171386719,False,actuator_controls_0.control[0]
development,normal,land_detector_state_inversion__2019-01-18__08_39_38__baseline,37.699842000000004,0.0,4.572563171386719,False,actuator_controls_0.control[0]
development,normal,land_detector_state_inversion__2019-01-18__08_39_38__baseline,38.499842,0.0,4.572563171386719,False,actuator_controls_0.control[0]
development,normal,land_detector_state_inversion__2019-01-18__08_39_38__baseline,39.299842000000005,0.0,4.572563171386719,False,actuator_controls_0.control[0]
development,normal,land_detector_state_inversion__2019-01-18__08_39_38__baseline,40.099842,0.029197648503250972,4.572563171386719,False,actuator_controls_0.control[2]
development,normal,land_detector_state_inversion__2019-01-18__08_39_38__baseline,40.899842,0.030544055247048493,4.572563171386719,False,actuator_controls_0.control[2]
development,normal,land_detector_state_inversion__2019-01-18__08_39_38__baseline,41.699842000000004,0.0,4.572563171386719,False,actuator_controls_0.control[0]
development,normal,land_detector_state_inversion__2019-01-18__08_39_38__baseline,42.499842,0.0,4.572563171386719,False,actuator_controls_0.control[0]
development,normal,land_detector_state_inversion__2019-01-18__08_39_38__baseline,43.299842000000005,0.0,4.572563171386719,False,actuator_controls_0.control[0]
development,normal,land_detector_state_inversion__2019-01-18__08_39_38__baseline,44.099842,0.0,4.572563171386719,False,actuator_controls_0.control[0]
development,normal,land_detector_state_inversion__2019-01-18__08_39_38__baseline,44.899842,0.0,4.572563171386719,False,actuator_controls_0.control[0]
development,normal,land_detector_state_inversion__2019-01-18__08_39_38__baseline,45.699842000000004,0.0,4.572563171386719,False,actuator_controls_0.control[0]
development,normal,land_detector_state_inversion__2019-01-18__08_39_38__baseline,46.499842,0.004520019342703652,4.572563171386719,False,actuator_controls_0.control[3]
development,normal,land_detector_state_inversion__2019-01-18__08_39_38__baseline,47.299842000000005,0.016034064045802824,4.572563171386719,False,actuator_controls_0.control[3]
development,normal,land_detector_state_inversion__2019-01-18__08_39_38__baseline,48.099842,0.04848810223829563,4.572563171386719,False,actuator_controls_0.control[2]
development,normal,land_detector_state_inversion__2019-01-18__08_39_38__baseline,48.899842,0.027127556413319723,4.572563171386719,False,actuator_controls_0.control[2]
development,normal,land_detector_state_inversion__2019-01-18__08_39_38__baseline,49.699842000000004,0.024068970113419037,4.572563171386719,False,actuator_controls_0.control[2]
development,normal,land_detector_state_inversion__2019-01-18__08_39_38__baseline,50.499842,0.00803808939716239,4.572563171386719,False,actuator_controls_0.control[3]
development,normal,land_detector_state_inversion__2019-01-18__08_39_38__baseline,51.299842000000005,0.0006407707816061805,4.572563171386719,False,actuator_controls_0.control[3]
development,normal,land_detector_state_inversion__2019-01-18__08_39_38__baseline,52.099842,0.0,4.572563171386719,False,actuator_controls_0.control[0]
development,normal,land_detector_state_inversion__2019-01-18__08_39_38__baseline,52.899842,0.0,4.572563171386719,False,actuator_controls_0.control[0]
development,normal,land_detector_state_inversion__2019-01-18__08_39_38__baseline,53.699842000000004,0.0003783960665135613,4.572563171386719,False,actuator_controls_0.control[0]
development,normal,land_detector_state_inversion__2019-01-18__08_39_38__baseline,54.499842,0.027154628263545536,4.572563171386719,False,actuator_controls_0.control[1]
development,normal,land_detector_state_inversion__2019-01-18__08_39_38__baseline,55.299842000000005,0.03885127538812382,4.572563171386719,False,actuator_controls_0.control[1]
development,normal,land_detector_state_inversion__2019-01-18__08_39_38__baseline,56.099842,0.03885127538812382,4.572563171386719,False,actuator_controls_0.control[1]
development,normal,land_detector_state_inversion__2019-01-18__08_39_38__baseline,56.899842,0.03037404328010913,4.572563171386719,False,actuator_controls_0.control[1]
development,normal,land_detector_state_inversion__2019-01-18__08_39_38__baseline,57.699842000000004,0.05076164949736361,4.572563171386719,False,actuator_controls_0.control[2]
development,normal,land_detector_state_inversion__2019-01-18__08_39_38__baseline,58.499842,0.05076164949736361,4.572563171386719,False,actuator_controls_0.control[2]
development,normal,land_detector_state_inversion__2019-01-18__08_39_38__baseline,59.299842000000005,0.06583646970829526,4.572563171386719,False,actuator_controls_0.control[2]
development,normal,land_detector_state_inversion__2019-01-18__08_39_38__baseline,60.099842,0.022350432687044636,4.572563171386719,False,actuator_controls_0.control[1]
development,normal,land_detector_state_inversion__2019-01-18__08_39_38__baseline,60.899842,0.015531579787324177,4.572563171386719,False,actuator_controls_0.control[1]
development,normal,land_detector_state_inversion__2019-01-18__08_39_38__baseline,61.699842000000004,0.015531579787324177,4.572563171386719,False,actuator_controls_0.control[1]
development,normal,land_detector_state_inversion__2019-01-18__08_39_38__baseline,62.499842,0.09337579385410319,4.572563171386719,False,actuator_controls_0.control[2]
development,normal,land_detector_state_inversion__2019-01-18__08_39_38__baseline,63.299842000000005,0.09337579385410319,4.572563171386719,False,actuator_controls_0.control[2]
development,normal,land_detector_state_inversion__2019-01-18__08_39_38__baseline,64.099842,0.09337579385410319,4.572563171386719,False,actuator_controls_0.control[2]
development,normal,land_detector_state_inversion__2019-01-18__08_39_38__baseline,64.89984199999999,0.09337579385410319,4.572563171386719,False,actuator_controls_0.control[2]
development,normal,land_detector_state_inversion__2019-01-18__08_39_38__baseline,65.69984199999999,0.09337579385410319,4.572563171386719,False,actuator_controls_0.control[2]
development,normal,land_detector_state_inversion__2019-01-18__08_39_38__baseline,66.499842,0.3417639398407324,4.572563171386719,False,actuator_controls_0.control[1]
development,normal,land_detector_state_inversion__2019-01-18__08_39_38__baseline,67.299842,0.3417639398407324,4.572563171386719,False,actuator_controls_0.control[1]
development,normal,land_detector_state_inversion__2019-01-25__17_38_05__baseline,9.619415,0.0,4.572563171386719,False,actuator_controls_0.control[0]
development,normal,land_detector_state_inversion__2019-01-25__17_38_05__baseline,10.419415,0.0,4.572563171386719,False,actuator_controls_0.control[0]
development,normal,land_detector_state_inversion__2019-01-25__17_38_05__baseline,11.219415,0.0,4.572563171386719,False,actuator_controls_0.control[0]
development,normal,land_detector_state_inversion__2019-01-25__17_38_05__baseline,12.019415,0.0,4.572563171386719,False,actuator_controls_0.control[0]
development,normal,land_detector_state_inversion__2019-01-25__17_38_05__baseline,12.819415000000001,0.016456848626787618,4.572563171386719,False,actuator_controls_0.control[2]
development,normal,land_detector_state_inversion__2019-01-25__17_38_05__baseline,13.619415,0.016456848626787618,4.572563171386719,False,actuator_controls_0.control[2]
development,normal,land_detector_state_inversion__2019-01-25__17_38_05__baseline,14.419415,0.016456848626787618,4.572563171386719,False,actuator_controls_0.control[2]
development,normal,land_detector_state_inversion__2019-01-25__17_38_05__baseline,15.219415,0.016456848626787618,4.572563171386719,False,actuator_controls_0.control[2]
development,normal,land_detector_state_inversion__2019-01-25__17_38_05__baseline,16.019415,0.0041151305676499685,4.572563171386719,False,actuator_controls_0.control[0]
development,normal,land_detector_state_inversion__2019-01-25__17_38_05__baseline,16.819415,0.0041151305676499685,4.572563171386719,False,actuator_controls_0.control[0]
development,normal,land_detector_state_inversion__2019-01-25__17_38_05__baseline,17.619415,0.0041151305676499685,4.572563171386719,False,actuator_controls_0.control[0]
development,normal,land_detector_state_inversion__2019-01-25__17_38_05__baseline,18.419414999999997,0.011896386897976192,4.572563171386719,False,actuator_controls_0.control[0]
development,normal,land_detector_state_inversion__2019-01-25__17_38_05__baseline,19.219414999999998,0.016950010880166,4.572563171386719,False,actuator_controls_0.control[0]
development,normal,land_detector_state_inversion__2019-01-25__17_38_05__baseline,20.019415,0.016950010880166,4.572563171386719,False,actuator_controls_0.control[0]
development,normal,land_detector_state_inversion__2019-01-25__17_38_05__baseline,20.819415,0.01868652651619864,4.572563171386719,False,actuator_controls_0.control[0]
development,normal,land_detector_state_inversion__2019-01-25__17_38_05__baseline,21.619415,0.01868652651619864,4.572563171386719,False,actuator_controls_0.control[0]
development,normal,land_detector_state_inversion__2019-01-25__17_38_05__baseline,22.419414999999997,0.01485926973944638,4.572563171386719,False,actuator_controls_0.control[0]
development,normal,land_detector_state_inversion__2019-01-25__17_38_05__baseline,23.219414999999998,0.01485926973944638,4.572563171386719,False,actuator_controls_0.control[0]
development,normal,land_detector_state_inversion__2019-01-25__17_38_05__baseline,24.019415,0.01485926973944638,4.572563171386719,False,actuator_controls_0.control[0]
development,normal,land_detector_state_inversion__2019-01-25__17_38_05__baseline,24.819415,0.011560238198166949,4.572563171386719,False,actuator_controls_0.control[0]
development,normal,land_detector_state_inversion__2019-01-25__17_38_05__baseline,25.619415,0.011560238198166949,4.572563171386719,False,actuator_controls_0.control[0]
development,normal,land_detector_state_inversion__2019-01-25__17_38_05__baseline,26.419414999999997,0.011560238198166949,4.572563171386719,False,actuator_controls_0.control[0]
development,normal,land_detector_state_inversion__2019-01-25__17_38_05__baseline,27.219414999999998,0.0,4.572563171386719,False,actuator_controls_0.control[0]
development,normal,land_detector_state_inversion__2019-01-25__17_38_05__baseline,28.019415,0.0,4.572563171386719,False,actuator_controls_0.control[0]
development,normal,land_detector_state_inversion__2019-01-25__17_38_05__baseline,28.819415,0.0,4.572563171386719,False,actuator_controls_0.control[0]
development,normal,land_detector_state_inversion__2019-01-25__17_38_05__baseline,29.619415,0.0,4.572563171386719,False,actuator_controls_0.control[0]
development,normal,land_detector_state_inversion__2019-01-25__17_38_05__baseline,30.419414999999997,0.043264118352476136,4.572563171386719,False,actuator_controls_0.control[2]
development,normal,land_detector_state_inversion__2019-01-25__17_38_05__baseline,31.219414999999998,0.06846481703127966,4.572563171386719,False,actuator_controls_0.control[2]
development,normal,land_detector_state_inversion__2019-01-25__17_38_05__baseline,32.019415,0.06893455216057959,4.572563171386719,False,actuator_controls_0.control[2]
development,normal,land_detector_state_inversion__2019-01-25__17_38_05__baseline,32.819415,0.05186627437218968,4.572563171386719,False,actuator_controls_0.control[2]
development,normal,land_detector_state_inversion__2019-01-25__17_38_05__baseline,33.619415000000004,0.016082472082624512,4.572563171386719,False,actuator_controls_0.control[2]
development,normal,land_detector_state_inversion__2019-01-25__17_38_05__baseline,34.419415,0.010910396993210073,4.572563171386719,False,actuator_controls_0.control[2]
development,normal,land_detector_state_inversion__2019-01-25__17_38_05__baseline,35.219415000000005,0.0002361374320686126,4.572563171386719,False,actuator_controls_0.control[3]
development,normal,land_detector_state_inversion__2019-01-25__17_38_05__baseline,36.019415,0.002400940029857378,4.572563171386719,False,actuator_controls_0.control[3]
development,normal,land_detector_state_inversion__2019-01-25__17_38_05__baseline,36.819415,0.002400940029857378,4.572563171386719,False,actuator_controls_0.control[3]
development,normal,land_detector_state_inversion__2019-01-25__17_38_05__baseline,37.619415000000004,0.001773290471902642,4.572563171386719,False,actuator_controls_0.control[3]
development,normal,land_detector_state_inversion__2019-01-25__17_38_05__baseline,38.419415,0.0,4.572563171386719,False,actuator_controls_0.control[0]
development,normal,land_detector_state_inversion__2019-01-25__17_38_05__baseline,39.219415000000005,0.0033971308670909337,4.572563171386719,False,actuator_controls_0.control[0]
development,normal,land_detector_state_inversion__2019-01-25__17_38_05__baseline,40.019415,0.0,4.572563171386719,False,actuator_controls_0.control[0]
development,normal,land_detector_state_inversion__2019-01-25__17_38_05__baseline,40.819415,0.0,4.572563171386719,False,actuator_controls_0.control[0]
development,normal,land_detector_state_inversion__2019-01-25__17_38_05__baseline,41.619415000000004,0.0,4.572563171386719,False,actuator_controls_0.control[0]
development,normal,land_detector_state_inversion__2019-01-25__17_38_05__baseline,42.419415,0.007076545522612781,4.572563171386719,False,actuator_controls_0.control[0]
development,normal,land_detector_state_inversion__2019-01-25__17_38_05__baseline,43.219415000000005,0.007076545522612781,4.572563171386719,False,actuator_controls_0.control[0]
development,normal,land_detector_state_inversion__2019-01-25__17_38_05__baseline,44.019415,0.0049694419821145665,4.572563171386719,False,actuator_controls_0.control[0]
development,normal,land_detector_state_inversion__2019-01-25__17_38_05__baseline,44.819415,0.0049630017121407,4.572563171386719,False,actuator_controls_0.control[1]
development,normal,land_detector_state_inversion__2019-01-25__17_38_05__baseline,45.619415000000004,0.0,4.572563171386719,False,actuator_controls_0.control[0]
development,normal,land_detector_state_inversion__2019-01-25__17_38_05__baseline,46.419415,0.0,4.572563171386719,False,actuator_controls_0.control[0]
development,normal,land_detector_state_inversion__2019-01-25__17_38_05__baseline,47.219415000000005,0.0,4.572563171386719,False,actuator_controls_0.control[0]
development,normal,land_detector_state_inversion__2019-01-25__17_38_05__baseline,48.019415,0.0,4.572563171386719,False,actuator_controls_0.control[0]
development,normal,land_detector_state_inversion__2019-01-25__17_38_05__baseline,48.819415,0.0,4.572563171386719,False,actuator_controls_0.control[0]
development,normal,land_detector_state_inversion__2019-01-25__17_38_05__baseline,49.619415000000004,0.00814654709476116,4.572563171386719,False,actuator_controls_0.control[1]
development,normal,land_detector_state_inversion__2019-01-25__17_38_05__baseline,50.419415,0.01485022508003219,4.572563171386719,False,actuator_controls_0.control[1]
development,normal,land_detector_state_inversion__2019-01-25__17_38_05__baseline,51.219415000000005,0.01485022508003219,4.572563171386719,False,actuator_controls_0.control[1]
development,normal,land_detector_state_inversion__2019-01-25__17_38_05__baseline,52.019415,0.00666038421596646,4.572563171386719,False,actuator_controls_0.control[0]
development,normal,land_detector_state_inversion__2019-01-25__17_38_05__baseline,52.819415,0.0,4.572563171386719,False,actuator_controls_0.control[0]
development,normal,land_detector_state_inversion__2019-01-25__17_38_05__baseline,53.619415000000004,0.0,4.572563171386719,False,actuator_controls_0.control[0]
development,normal,land_detector_state_inversion__2019-01-25__17_38_05__baseline,54.419415,0.0,4.572563171386719,False,actuator_controls_0.control[0]
development,normal,land_detector_state_inversion__2019-01-25__17_38_05__baseline,55.219415000000005,0.012108734660785315,4.572563171386719,False,actuator_controls_0.control[1]
development,normal,land_detector_state_inversion__2019-01-25__17_38_05__baseline,56.019415,0.001670052803836493,4.572563171386719,False,actuator_controls_0.control[0]
development,normal,land_detector_state_inversion__2019-01-25__17_38_05__baseline,56.819415,0.007468182032989513,4.572563171386719,False,actuator_controls_0.control[0]
development,normal,land_detector_state_inversion__2019-01-25__17_38_05__baseline,57.619415000000004,0.0,4.572563171386719,False,actuator_controls_0.control[0]
development,normal,land_detector_state_inversion__2019-01-25__17_38_05__baseline,58.419415,0.0,4.572563171386719,False,actuator_controls_0.control[0]
development,normal,land_detector_state_inversion__2019-01-25__17_38_05__baseline,59.219415000000005,0.0,4.572563171386719,False,actuator_controls_0.control[0]
development,normal,land_detector_state_inversion__2019-01-25__17_38_05__baseline,60.019415,0.0,4.572563171386719,False,actuator_controls_0.control[0]
development,normal,land_detector_state_inversion__2019-01-25__17_38_05__baseline,60.819415,0.0,4.572563171386719,False,actuator_controls_0.control[0]
development,normal,land_detector_state_inversion__2019-01-25__17_38_05__baseline,61.619415000000004,0.010725744638261783,4.572563171386719,False,actuator_controls_0.control[0]
development,normal,land_detector_state_inversion__2019-01-25__17_38_05__baseline,62.419415,0.010725744638261783,4.572563171386719,False,actuator_controls_0.control[0]
development,normal,land_detector_state_inversion__2019-01-25__17_38_05__baseline,63.219415000000005,0.026390270740250597,4.572563171386719,False,actuator_controls_0.control[0]
development,normal,land_detector_state_inversion__2019-01-25__17_38_05__baseline,64.019415,0.07081099357815712,4.572563171386719,False,actuator_controls_0.control[2]
development,normal,land_detector_state_inversion__2019-01-25__17_38_05__baseline,64.81941499999999,0.07081099357815712,4.572563171386719,False,actuator_controls_0.control[2]
development,normal,land_detector_state_inversion__2019-01-25__17_38_05__baseline,65.61941499999999,0.07081099357815712,4.572563171386719,False,actuator_controls_0.control[2]
development,normal,land_detector_state_inversion__2019-01-25__17_38_05__baseline,66.419415,0.07081099357815712,4.572563171386719,False,actuator_controls_0.control[2]
development,normal,land_detector_state_inversion__2019-01-25__17_38_05__baseline,67.219415,0.07081099357815712,4.572563171386719,False,actuator_controls_0.control[2]
development,normal,land_detector_state_inversion__2019-01-25__17_38_05__baseline,68.019415,0.07081099357815712,4.572563171386719,False,actuator_controls_0.control[2]
development,normal,land_detector_state_inversion__2019-01-25__17_38_05__baseline,68.81941499999999,0.07081099357815712,4.572563171386719,False,actuator_controls_0.control[2]
development,normal,land_detector_state_inversion__2019-01-25__17_38_05__baseline,69.61941499999999,0.07081099357815712,4.572563171386719,False,actuator_controls_0.control[2]
development,normal,land_detector_state_inversion__2019-01-25__17_38_05__baseline,70.419415,0.07081099357815712,4.572563171386719,False,actuator_controls_0.control[2]
development,normal,land_detector_state_inversion__2019-01-25__17_38_05__baseline,71.219415,0.07081099357815712,4.572563171386719,False,actuator_controls_0.control[2]
development,normal,land_detector_state_inversion__2019-01-25__17_38_05__baseline,72.019415,0.0,4.572563171386719,False,actuator_controls_0.control[0]
development,normal,land_detector_state_inversion__2019-01-25__17_38_05__baseline,72.81941499999999,0.0,4.572563171386719,False,actuator_controls_0.control[0]
development,normal,land_detector_state_inversion__2019-01-25__17_38_05__baseline,73.61941499999999,0.0,4.572563171386719,False,actuator_controls_0.control[0]
development,normal,land_detector_state_inversion__2019-01-25__17_38_05__baseline,74.419415,0.0,4.572563171386719,False,actuator_controls_0.control[0]
development,normal,land_detector_state_inversion__2019-01-25__17_38_05__baseline,75.219415,0.0,4.572563171386719,False,actuator_controls_0.control[0]
development,normal,land_detector_state_inversion__2019-01-25__17_38_05__baseline,76.019415,0.0,4.572563171386719,False,actuator_controls_0.control[0]
development,normal,land_detector_state_inversion__2019-01-25__17_38_05__baseline,76.81941499999999,0.02660837355142702,4.572563171386719,False,actuator_controls_0.control[2]
development,normal,land_detector_state_inversion__2019-01-25__17_38_05__baseline,77.61941499999999,0.03203645289022772,4.572563171386719,False,actuator_controls_0.control[2]
development,normal,land_detector_state_inversion__2019-01-25__17_38_05__baseline,78.419415,0.03203645289022772,4.572563171386719,False,actuator_controls_0.control[2]
development,normal,land_detector_state_inversion__2019-01-25__17_38_05__baseline,79.219415,0.012985523956537242,4.572563171386719,False,actuator_controls_0.control[0]
development,normal,land_detector_state_inversion__2019-01-25__17_38_05__baseline,80.019415,0.012985523956537242,4.572563171386719,False,actuator_controls_0.control[0]
development,normal,land_detector_state_inversion__2019-01-25__17_38_05__baseline,80.81941499999999,0.021322760794990687,4.572563171386719,False,actuator_controls_0.control[0]
development,normal,land_detector_state_inversion__2019-01-25__17_38_05__baseline,81.61941499999999,0.026971059967616978,4.572563171386719,False,actuator_controls_0.control[0]
development,normal,land_detector_state_inversion__2019-01-25__17_38_05__baseline,82.419415,0.02804387354729201,4.572563171386719,False,actuator_controls_0.control[1]
development,normal,land_detector_state_inversion__2019-01-25__17_38_05__baseline,83.219415,0.07251170569862977,4.572563171386719,False,actuator_controls_0.control[2]
development,normal,land_detector_state_inversion__2019-01-25__17_38_05__baseline,84.019415,0.07251170569862977,4.572563171386719,False,actuator_controls_0.control[2]
development,normal,land_detector_state_inversion__2019-01-25__17_38_05__baseline,84.81941499999999,0.07251170569862977,4.572563171386719,False,actuator_controls_0.control[2]
development,normal,land_detector_state_inversion__2019-01-25__17_38_05__baseline,85.61941499999999,0.07251170569862977,4.572563171386719,False,actuator_controls_0.control[2]
development,normal,land_detector_state_inversion__2019-01-25__17_38_05__baseline,86.419415,0.07251170569862977,4.572563171386719,False,actuator_controls_0.control[2]
development,normal,land_detector_state_inversion__2019-01-25__17_38_05__baseline,87.219415,0.07251170569862977,4.572563171386719,False,actuator_controls_0.control[2]
development,normal,land_detector_state_inversion__2019-01-25__17_38_05__baseline,88.019415,0.07251170569862977,4.572563171386719,False,actuator_controls_0.control[2]
development,normal,land_detector_state_inversion__2019-01-25__17_38_05__baseline,88.81941499999999,0.07251170569862977,4.572563171386719,False,actuator_controls_0.control[2]
development,normal,land_detector_state_inversion__2019-01-25__17_38_05__baseline,89.61941499999999,0.07251170569862977,4.572563171386719,False,actuator_controls_0.control[2]
development,normal,land_detector_state_inversion__2019-01-25__17_38_05__baseline,90.419415,0.09900516774579839,4.572563171386719,False,actuator_controls_0.control[2]
development,normal,land_detector_state_inversion__2019-01-25__17_38_05__baseline,91.219415,0.09900516774579839,4.572563171386719,False,actuator_controls_0.control[2]
development,normal,land_detector_state_inversion__2019-01-25__17_38_05__baseline,92.019415,0.014522312361391282,4.572563171386719,False,actuator_controls_0.control[0]
development,normal,land_detector_state_inversion__2019-01-25__17_38_05__baseline,92.81941499999999,0.0,4.572563171386719,False,actuator_controls_0.control[0]
development,normal,land_detector_state_inversion__2019-03-06__08_02_26__baseline,9.619843,0.0,4.572563171386719,False,actuator_controls_0.control[0]
development,normal,land_detector_state_inversion__2019-03-06__08_02_26__baseline,10.419843,0.0,4.572563171386719,False,actuator_controls_0.control[0]
development,normal,land_detector_state_inversion__2019-03-06__08_02_26__baseline,11.219843,0.0,4.572563171386719,False,actuator_controls_0.control[0]
development,normal,land_detector_state_inversion__2019-03-06__08_02_26__baseline,12.019843,0.0,4.572563171386719,False,actuator_controls_0.control[0]
development,normal,land_detector_state_inversion__2019-03-06__08_02_26__baseline,12.819843,0.09655136474814241,4.572563171386719,False,actuator_controls_0.control[2]
development,normal,land_detector_state_inversion__2019-03-06__08_02_26__baseline,13.619843,0.11815818569397363,4.572563171386719,False,actuator_controls_0.control[2]
development,normal,land_detector_state_inversion__2019-03-06__08_02_26__baseline,14.419843,0.09630832248485281,4.572563171386719,False,actuator_controls_0.control[2]
development,normal,land_detector_state_inversion__2019-03-06__08_02_26__baseline,15.219843,0.0792622629470908,4.572563171386719,False,actuator_controls_0.control[1]
development,normal,land_detector_state_inversion__2019-03-06__08_02_26__baseline,16.019843,0.0792622629470908,4.572563171386719,False,actuator_controls_0.control[1]
development,normal,land_detector_state_inversion__2019-03-06__08_02_26__baseline,16.819843000000002,0.049114159498061694,4.572563171386719,False,actuator_controls_0.control[1]
development,normal,land_detector_state_inversion__2019-03-06__08_02_26__baseline,17.619843000000003,0.034250950581146966,4.572563171386719,False,actuator_controls_0.control[1]
development,normal,land_detector_state_inversion__2019-03-06__08_02_26__baseline,18.419843,0.034250950581146966,4.572563171386719,False,actuator_controls_0.control[1]
development,normal,land_detector_state_inversion__2019-03-06__08_02_26__baseline,19.219843,0.034250950581146966,4.572563171386719,False,actuator_controls_0.control[1]
development,normal,land_detector_state_inversion__2019-03-06__08_02_26__baseline,20.019843,0.034250950581146966,4.572563171386719,False,actuator_controls_0.control[1]
development,normal,land_detector_state_inversion__2019-03-06__08_02_26__baseline,20.819843000000002,0.034250950581146966,4.572563171386719,False,actuator_controls_0.control[1]
development,normal,land_detector_state_inversion__2019-03-06__08_02_26__baseline,21.619843000000003,0.04182968814857366,4.572563171386719,False,actuator_controls_0.control[2]
development,normal,land_detector_state_inversion__2019-03-06__08_02_26__baseline,22.419843,0.04182968814857366,4.572563171386719,False,actuator_controls_0.control[2]
development,normal,land_detector_state_inversion__2019-03-06__08_02_26__baseline,23.219843,0.07251170569862977,4.572563171386719,False,actuator_controls_0.control[2]
development,normal,land_detector_state_inversion__2019-03-06__08_02_26__baseline,24.019843,0.05860947241059611,4.572563171386719,False,actuator_controls_0.control[1]
development,normal,land_detector_state_inversion__2019-03-06__08_02_26__baseline,24.819843000000002,0.05860947241059611,4.572563171386719,False,actuator_controls_0.control[1]
development,normal,land_detector_state_inversion__2019-03-06__08_02_26__baseline,25.619843000000003,0.05860947241059611,4.572563171386719,False,actuator_controls_0.control[1]
development,normal,land_detector_state_inversion__2019-03-06__08_02_26__baseline,26.419843,0.07027095550905361,4.572563171386719,False,actuator_controls_0.control[1]
development,normal,land_detector_state_inversion__2019-03-06__08_02_26__baseline,27.219843,0.07027095550905361,4.572563171386719,False,actuator_controls_0.control[1]
development,normal,land_detector_state_inversion__2019-03-06__08_02_26__baseline,28.019843,0.08590562659352062,4.572563171386719,False,actuator_controls_0.control[1]
development,normal,land_detector_state_inversion__2019-03-06__08_02_26__baseline,28.819843000000002,0.07666220468563434,4.572563171386719,False,actuator_controls_0.control[1]
development,normal,land_detector_state_inversion__2019-03-06__08_02_26__baseline,29.619843000000003,0.06640142851561187,4.572563171386719,False,actuator_controls_0.control[1]
development,normal,land_detector_state_inversion__2019-03-06__08_02_26__baseline,30.419843,0.05307463702048072,4.572563171386719,False,actuator_controls_0.control[1]
development,normal,land_detector_state_inversion__2019-03-06__08_02_26__baseline,31.219843,0.05307463702048072,4.572563171386719,False,actuator_controls_0.control[1]
development,normal,land_detector_state_inversion__2019-03-06__08_02_26__baseline,32.019843,0.05307463702048072,4.572563171386719,False,actuator_controls_0.control[1]
development,normal,land_detector_state_inversion__2019-03-06__08_02_26__baseline,32.819843,0.07975719734646591,4.572563171386719,False,actuator_controls_0.control[1]
development,normal,land_detector_state_inversion__2019-03-06__08_02_26__baseline,33.619843,0.07975719734646591,4.572563171386719,False,actuator_controls_0.control[1]
development,normal,land_detector_state_inversion__2019-03-06__08_02_26__baseline,34.419843,0.0797572016988493,4.572563171386719,False,actuator_controls_0.control[1]
development,normal,land_detector_state_inversion__2019-03-06__08_02_26__baseline,35.219843000000004,0.0797572016988493,4.572563171386719,False,actuator_controls_0.control[1]
development,normal,land_detector_state_inversion__2019-03-06__08_02_26__baseline,36.019843,0.013695975808076579,4.572563171386719,False,actuator_controls_0.control[0]
development,normal,land_detector_state_inversion__2019-03-06__08_02_26__baseline,36.819843,0.020045112373874324,4.572563171386719,False,actuator_controls_0.control[2]
development,normal,land_detector_state_inversion__2019-03-06__08_02_26__baseline,37.619843,0.009685562132819382,4.572563171386719,False,actuator_controls_0.control[2]
development,normal,land_detector_state_inversion__2019-03-06__08_02_26__baseline,38.419843,0.00505587918185217,4.572563171386719,False,actuator_controls_0.control[1]
development,normal,land_detector_state_inversion__2019-03-06__08_02_26__baseline,39.219843000000004,0.012568264165856761,4.572563171386719,False,actuator_controls_0.control[1]
development,normal,land_detector_state_inversion__2019-03-06__08_02_26__baseline,40.019843,0.03293786814670461,4.572563171386719,False,actuator_controls_0.control[1]
development,normal,land_detector_state_inversion__2019-03-06__08_02_26__baseline,40.819843,0.01628885611001251,4.572563171386719,False,actuator_controls_0.control[1]
development,normal,land_detector_state_inversion__2019-03-06__08_02_26__baseline,41.619843,0.01628885611001251,4.572563171386719,False,actuator_controls_0.control[1]
development,normal,land_detector_state_inversion__2019-03-06__08_02_26__baseline,42.419843,0.03832009949861043,4.572563171386719,False,actuator_controls_0.control[3]
development,normal,land_detector_state_inversion__2019-03-06__08_02_26__baseline,43.219843000000004,0.05882916019849972,4.572563171386719,False,actuator_controls_0.control[1]
development,normal,land_detector_state_inversion__2019-03-06__08_02_26__baseline,44.019843,0.06443629205424027,4.572563171386719,False,actuator_controls_0.control[1]
development,normal,land_detector_state_inversion__2019-03-06__08_02_26__baseline,44.819843,0.03832009949861043,4.572563171386719,False,actuator_controls_0.control[3]
development,normal,land_detector_state_inversion__2019-03-06__08_02_26__baseline,45.619843,0.03832009949861043,4.572563171386719,False,actuator_controls_0.control[3]
development,normal,land_detector_state_inversion__2019-03-06__08_02_26__baseline,46.419843,0.03832009949861043,4.572563171386719,False,actuator_controls_0.control[3]
development,normal,land_detector_state_inversion__2019-03-06__08_02_26__baseline,47.219843000000004,0.03832009949861043,4.572563171386719,False,actuator_controls_0.control[3]
development,normal,land_detector_state_inversion__2019-03-06__08_02_26__baseline,48.019843,0.041112076227684625,4.572563171386719,False,actuator_controls_0.control[1]
development,normal,land_detector_state_inversion__2019-03-06__08_02_26__baseline,48.819843,0.039934966344064064,4.572563171386719,False,actuator_controls_0.control[1]
development,normal,land_detector_state_inversion__2019-03-06__08_02_26__baseline,49.619843,0.04194223089984396,4.572563171386719,False,actuator_controls_0.control[3]
development,normal,land_detector_state_inversion__2019-03-06__08_02_26__baseline,50.419843,0.0397073306923889,4.572563171386719,False,actuator_controls_0.control[2]
development,normal,land_detector_state_inversion__2019-03-06__08_02_26__baseline,51.219843000000004,0.0397073306923889,4.572563171386719,False,actuator_controls_0.control[2]
development,normal,land_detector_state_inversion__2019-03-06__08_02_26__baseline,52.019843,0.052662585417345205,4.572563171386719,False,actuator_controls_0.control[0]
development,normal,land_detector_state_inversion__2019-03-06__08_02_26__baseline,52.819843,0.03999350570981126,4.572563171386719,False,actuator_controls_0.control[0]
development,normal,land_detector_state_inversion__2019-03-06__08_02_26__baseline,53.619843,0.05147006281986728,4.572563171386719,False,actuator_controls_0.control[1]
development,normal,land_detector_state_inversion__2019-03-06__08_02_26__baseline,54.419843,0.03888992348277069,4.572563171386719,False,actuator_controls_0.control[1]
development,normal,land_detector_state_inversion__2019-03-06__08_02_26__baseline,55.219843000000004,0.06073689478231547,4.572563171386719,False,actuator_controls_0.control[2]
development,normal,land_detector_state_inversion__2019-03-06__08_02_26__baseline,56.019843,0.04322940709165399,4.572563171386719,False,actuator_controls_0.control[2]
development,normal,land_detector_state_inversion__2019-03-06__08_02_26__baseline,56.819843,0.04399988552425766,4.572563171386719,False,actuator_controls_0.control[1]
development,normal,land_detector_state_inversion__2019-03-06__08_02_26__baseline,57.619843,0.045162413278166204,4.572563171386719,False,actuator_controls_0.control[1]
development,normal,land_detector_state_inversion__2019-03-06__08_02_26__baseline,58.419843,0.024332403244704887,4.572563171386719,False,actuator_controls_0.control[0]
development,normal,land_detector_state_inversion__2019-03-06__08_02_26__baseline,59.219843000000004,0.024332403244704887,4.572563171386719,False,actuator_controls_0.control[0]
development,normal,land_detector_state_inversion__2019-03-06__08_02_26__baseline,60.019843,0.045109376183231804,4.572563171386719,False,actuator_controls_0.control[0]
development,normal,land_detector_state_inversion__2019-03-06__08_02_26__baseline,60.819843,0.045109376183231804,4.572563171386719,False,actuator_controls_0.control[0]
development,normal,land_detector_state_inversion__2019-03-06__08_02_26__baseline,61.619843,0.03408940130572277,4.572563171386719,False,actuator_controls_0.control[1]
development,normal,land_detector_state_inversion__2019-03-06__08_02_26__baseline,62.419843,0.022323887680257816,4.572563171386719,False,actuator_controls_0.control[1]
development,normal,land_detector_state_inversion__2019-03-06__08_02_26__baseline,63.219843000000004,0.022323887680257816,4.572563171386719,False,actuator_controls_0.control[1]
development,normal,land_detector_state_inversion__2019-03-06__08_02_26__baseline,64.019843,0.022323887680257816,4.572563171386719,False,actuator_controls_0.control[1]
development,normal,land_detector_state_inversion__2019-03-06__08_02_26__baseline,64.81984299999999,0.030783882392393106,4.572563171386719,False,actuator_controls_0.control[1]
development,normal,land_detector_state_inversion__2019-03-06__08_02_26__baseline,65.61984299999999,0.01989781808114607,4.572563171386719,False,actuator_controls_0.control[0]
development,normal,land_detector_state_inversion__2019-03-06__08_02_26__baseline,66.419843,0.058662051436902216,4.572563171386719,False,actuator_controls_0.control[0]
development,normal,land_detector_state_inversion__2019-03-06__08_02_26__baseline,67.219843,0.019502323775802795,4.572563171386719,False,actuator_controls_0.control[1]
development,normal,land_detector_state_inversion__2019-03-06__08_02_26__baseline,68.019843,0.03651930355850028,4.572563171386719,False,actuator_controls_0.control[1]
development,normal,land_detector_state_inversion__2019-03-06__08_02_26__baseline,68.81984299999999,0.03651930355850028,4.572563171386719,False,actuator_controls_0.control[1]
development,normal,land_detector_state_inversion__2019-03-06__08_02_26__baseline,69.61984299999999,0.03651930355850028,4.572563171386719,False,actuator_controls_0.control[1]
development,normal,land_detector_state_inversion__2019-03-06__08_02_26__baseline,70.419843,0.05738022360449646,4.572563171386719,False,actuator_controls_0.control[1]
development,normal,land_detector_state_inversion__2019-03-06__08_02_26__baseline,71.219843,0.0657456076590095,4.572563171386719,False,actuator_controls_0.control[1]
development,normal,land_detector_state_inversion__2019-03-06__08_02_26__baseline,72.019843,0.07251170732606675,4.572563171386719,False,actuator_controls_0.control[2]
development,normal,land_detector_state_inversion__2019-03-06__08_02_26__baseline,72.81984299999999,0.07251170732606675,4.572563171386719,False,actuator_controls_0.control[2]
development,normal,land_detector_state_inversion__2019-03-06__08_02_26__baseline,73.61984299999999,0.053407210361022785,4.572563171386719,False,actuator_controls_0.control[1]
development,normal,land_detector_state_inversion__2019-03-06__08_02_26__baseline,74.419843,0.059315356041218875,4.572563171386719,False,actuator_controls_0.control[1]
development,normal,land_detector_state_inversion__2019-03-06__08_02_26__baseline,75.219843,0.059315356041218875,4.572563171386719,False,actuator_controls_0.control[1]
development,normal,land_detector_state_inversion__2019-03-06__08_02_26__baseline,76.019843,0.07169915487647184,4.572563171386719,False,actuator_controls_0.control[1]
development,normal,land_detector_state_inversion__2019-03-06__08_02_26__baseline,76.81984299999999,0.06512439790782071,4.572563171386719,False,actuator_controls_0.control[1]
development,normal,land_detector_state_inversion__2019-03-06__08_02_26__baseline,77.61984299999999,0.06512439790782071,4.572563171386719,False,actuator_controls_0.control[1]
development,normal,land_detector_state_inversion__2019-03-06__08_02_26__baseline,78.419843,0.06512439790782071,4.572563171386719,False,actuator_controls_0.control[1]
development,normal,land_detector_state_inversion__2019-03-06__08_02_26__baseline,79.219843,0.08126487748749318,4.572563171386719,False,actuator_controls_0.control[1]
development,normal,land_detector_state_inversion__2019-03-06__08_02_26__baseline,80.019843,0.08126487748749318,4.572563171386719,False,actuator_controls_0.control[1]
development,normal,land_detector_state_inversion__2019-03-06__08_02_26__baseline,80.81984299999999,0.07975719734646591,4.572563171386719,False,actuator_controls_0.control[1]
development,normal,land_detector_state_inversion__2019-03-06__08_02_26__baseline,81.61984299999999,0.07975719734646591,4.572563171386719,False,actuator_controls_0.control[1]
development,normal,land_detector_state_inversion__2019-03-06__08_02_26__baseline,82.419843,0.07975719734646591,4.572563171386719,False,actuator_controls_0.control[1]
development,normal,land_detector_state_inversion__2019-03-06__08_02_26__baseline,83.219843,0.07975719734646591,4.572563171386719,False,actuator_controls_0.control[1]
development,normal,land_detector_state_inversion__2019-03-06__08_02_26__baseline,84.019843,0.07251170569862977,4.572563171386719,False,actuator_controls_0.control[2]
development,normal,land_detector_state_inversion__2019-03-06__08_02_26__baseline,84.81984299999999,0.1128484221552904,4.572563171386719,False,actuator_controls_0.control[2]
development,normal,land_detector_state_inversion__2019-03-06__08_02_26__baseline,85.61984299999999,0.07251170569862977,4.572563171386719,False,actuator_controls_0.control[2]
development,normal,land_detector_state_inversion__2019-03-06__08_02_26__baseline,86.419843,0.07251170569862977,4.572563171386719,False,actuator_controls_0.control[2]
development,normal,land_detector_state_inversion__2019-03-06__08_02_26__baseline,87.219843,0.07251170569862977,4.572563171386719,False,actuator_controls_0.control[2]
development,normal,land_detector_state_inversion__2019-03-06__08_02_26__baseline,88.019843,0.07584169785957014,4.572563171386719,False,actuator_controls_0.control[0]
development,normal,land_detector_state_inversion__2019-03-06__08_02_26__baseline,88.81984299999999,0.07584169785957014,4.572563171386719,False,actuator_controls_0.control[0]
development,normal,land_detector_state_inversion__2019-03-06__08_02_26__baseline,89.61984299999999,0.08388475443534829,4.572563171386719,False,actuator_controls_0.control[0]
development,normal,land_detector_state_inversion__2019-03-06__08_02_26__baseline,90.419843,0.12025686979681104,4.572563171386719,False,actuator_controls_0.control[2]
development,normal,land_detector_state_inversion__2019-03-06__08_02_26__baseline,91.219843,0.15143630448420953,4.572563171386719,False,actuator_controls_0.control[2]
development,normal,land_detector_state_inversion__2019-03-06__08_02_26__baseline,92.019843,0.09469479321054655,4.572563171386719,False,actuator_controls_0.control[0]
development,normal,land_detector_state_inversion__2019-03-06__08_02_26__baseline,92.81984299999999,0.08952147991529535,4.572563171386719,False,actuator_controls_0.control[2]
development,normal,land_detector_state_inversion__2019-03-06__08_02_26__baseline,93.61984299999999,0.10640774758031545,4.572563171386719,False,actuator_controls_0.control[1]
development,normal,land_detector_state_inversion__2019-03-06__08_02_26__baseline,94.419843,0.12469840563407227,4.572563171386719,False,actuator_controls_0.control[1]
development,normal,land_detector_state_inversion__2019-03-06__08_02_26__baseline,95.219843,0.12480377956088763,4.572563171386719,False,actuator_controls_0.control[1]
development,normal,land_detector_state_inversion__2019-03-06__08_02_26__baseline,96.019843,1.0,4.572563171386719,False,actuator_controls_0.control[2]
development,reference,commander_nav_state_override__2019-01-18__08_39_38__fault,9.621462,0.0,4.572563171386719,False,actuator_controls_0.control[0]
development,reference,commander_nav_state_override__2019-01-18__08_39_38__fault,10.421462,0.0,4.572563171386719,False,actuator_controls_0.control[0]
development,reference,commander_nav_state_override__2019-01-18__08_39_38__fault,11.221461999999999,0.0,4.572563171386719,False,actuator_controls_0.control[0]
development,reference,commander_nav_state_override__2019-01-18__08_39_38__fault,12.021462,0.0,4.572563171386719,False,actuator_controls_0.control[0]
development,reference,commander_nav_state_override__2019-01-18__08_39_38__fault,12.821462,0.0,4.572563171386719,False,actuator_controls_0.control[0]
development,reference,commander_nav_state_override__2019-01-18__08_39_38__fault,13.621462,0.0,4.572563171386719,False,actuator_controls_0.control[0]
development,reference,commander_nav_state_override__2019-01-18__08_39_38__fault,14.421462,0.0,4.572563171386719,False,actuator_controls_0.control[0]
development,reference,commander_nav_state_override__2019-01-18__08_39_38__fault,15.221461999999999,0.0,4.572563171386719,False,actuator_controls_0.control[0]
development,reference,commander_nav_state_override__2019-01-18__08_39_38__fault,16.021462,0.0,4.572563171386719,False,actuator_controls_0.control[0]
development,reference,commander_nav_state_override__2019-01-18__08_39_38__fault,16.821462,0.0,4.572563171386719,False,actuator_controls_0.control[0]
development,reference,commander_nav_state_override__2019-01-18__08_39_38__fault,17.621462,0.0,4.572563171386719,False,actuator_controls_0.control[0]
development,reference,commander_nav_state_override__2019-01-18__08_39_38__fault,18.421462,0.0,4.572563171386719,False,actuator_controls_0.control[0]
development,reference,commander_nav_state_override__2019-01-18__08_39_38__fault,19.221462,0.0,4.572563171386719,False,actuator_controls_0.control[0]
development,reference,commander_nav_state_override__2019-01-18__08_39_38__fault,20.021462,0.0,4.572563171386719,False,actuator_controls_0.control[0]
development,reference,commander_nav_state_override__2019-01-18__08_39_38__fault,20.821462,0.0,4.572563171386719,False,actuator_controls_0.control[0]
development,reference,commander_nav_state_override__2019-01-18__08_39_38__fault,21.621462,0.0,4.572563171386719,False,actuator_controls_0.control[0]
development,reference,commander_nav_state_override__2019-01-18__08_39_38__fault,22.421462,0.0,4.572563171386719,False,actuator_controls_0.control[0]
development,reference,commander_nav_state_override__2019-01-18__08_39_38__fault,23.221462,0.0,4.572563171386719,False,actuator_controls_0.control[0]
development,reference,commander_nav_state_override__2019-01-18__08_39_38__fault,24.021462,0.0,4.572563171386719,False,actuator_controls_0.control[0]
development,reference,commander_nav_state_override__2019-01-18__08_39_38__fault,24.821462,0.0,4.572563171386719,False,actuator_controls_0.control[0]
development,reference,commander_nav_state_override__2019-01-18__08_39_38__fault,25.621462,0.0,4.572563171386719,False,actuator_controls_0.control[0]
development,reference,commander_nav_state_override__2019-01-18__08_39_38__fault,26.421462,0.0,4.572563171386719,False,actuator_controls_0.control[0]
development,reference,commander_nav_state_override__2019-01-18__08_39_38__fault,27.221462,0.0,4.572563171386719,False,actuator_controls_0.control[0]
development,reference,commander_nav_state_override__2019-01-18__08_39_38__fault,28.021462,0.0,4.572563171386719,False,actuator_controls_0.control[0]
development,reference,commander_nav_state_override__2019-01-18__08_39_38__fault,28.821462,0.0,4.572563171386719,False,actuator_controls_0.control[0]
development,reference,commander_nav_state_override__2019-01-18__08_39_38__fault,29.621462,0.0,4.572563171386719,False,actuator_controls_0.control[0]
development,reference,commander_nav_state_override__2019-01-18__08_39_38__fault,30.421462,0.0,4.572563171386719,False,actuator_controls_0.control[0]
development,reference,commander_nav_state_override__2019-01-18__08_39_38__fault,31.221462,0.0,4.572563171386719,False,actuator_controls_0.control[0]
development,reference,commander_nav_state_override__2019-01-18__08_39_38__fault,32.021462,0.0,4.572563171386719,False,actuator_controls_0.control[0]
development,reference,commander_nav_state_override__2019-01-18__08_39_38__fault,32.821462,0.0,4.572563171386719,False,actuator_controls_0.control[0]
development,reference,commander_nav_state_override__2019-01-18__08_39_38__fault,33.621462,0.0,4.572563171386719,False,actuator_controls_0.control[0]
development,reference,commander_nav_state_override__2019-01-18__08_39_38__fault,34.421462,0.0,4.572563171386719,False,actuator_controls_0.control[0]
development,reference,commander_nav_state_override__2019-01-18__08_39_38__fault,35.221462,0.0,4.572563171386719,False,actuator_controls_0.control[0]
development,reference,commander_nav_state_override__2019-01-18__08_39_38__fault,36.021462,0.0,4.572563171386719,False,actuator_controls_0.control[0]
development,reference,commander_nav_state_override__2019-01-18__08_39_38__fault,36.821462,0.0,4.572563171386719,False,actuator_controls_0.control[0]
development,reference,commander_nav_state_override__2019-01-18__08_39_38__fault,37.621462,0.0,4.572563171386719,False,actuator_controls_0.control[0]
development,reference,commander_nav_state_override__2019-01-18__08_39_38__fault,38.421462,0.0,4.572563171386719,False,actuator_controls_0.control[0]
development,reference,commander_nav_state_override__2019-01-18__08_39_38__fault,39.221462,0.0,4.572563171386719,False,actuator_controls_0.control[0]
development,reference,commander_nav_state_override__2019-01-18__08_39_38__fault,40.021462,0.0,4.572563171386719,False,actuator_controls_0.control[0]
development,reference,commander_nav_state_override__2019-01-18__08_39_38__fault,40.821462,0.0,4.572563171386719,False,actuator_controls_0.control[0]
development,reference,commander_nav_state_override__2019-01-18__08_39_38__fault,41.621462,0.0,4.572563171386719,False,actuator_controls_0.control[0]
development,reference,commander_nav_state_override__2019-01-18__08_39_38__fault,42.421462,14.314955325485746,4.572563171386719,True,vehicle_status.nav_state
development,reference,commander_nav_state_override__2019-01-18__08_39_38__fault,43.221462,14.314955325485746,4.572563171386719,True,vehicle_status.nav_state
development,reference,commander_nav_state_override__2019-01-18__08_39_38__fault,44.021462,14.314955325485746,4.572563171386719,True,vehicle_status.nav_state
development,reference,commander_nav_state_override__2019-01-18__08_39_38__fault,44.821462,14.314955325485746,4.572563171386719,True,vehicle_status.nav_state
development,reference,commander_nav_state_override__2019-01-18__08_39_38__fault,45.621462,14.314955325485746,4.572563171386719,True,vehicle_status.nav_state
development,reference,commander_nav_state_override__2019-01-18__08_39_38__fault,46.421462,14.314955325485746,4.572563171386719,True,vehicle_status.nav_state
development,reference,commander_nav_state_override__2019-01-18__08_39_38__fault,47.221462,14.314955325485746,4.572563171386719,True,vehicle_status.nav_state
development,reference,commander_nav_state_override__2019-01-18__08_39_38__fault,48.021462,14.314955325485746,4.572563171386719,True,vehicle_status.nav_state
development,reference,commander_nav_state_override__2019-01-18__08_39_38__fault,48.821462,14.314955325485746,4.572563171386719,True,vehicle_status.nav_state
development,reference,commander_nav_state_override__2019-01-18__08_39_38__fault,49.621462,14.314955325485746,4.572563171386719,True,vehicle_status.nav_state
development,reference,commander_nav_state_override__2019-01-18__08_39_38__fault,50.421462,14.314955325485746,4.572563171386719,True,vehicle_status.nav_state
development,reference,commander_nav_state_override__2019-01-18__08_39_38__fault,51.221462,14.314955325485746,4.572563171386719,True,vehicle_status.nav_state
development,reference,commander_nav_state_override__2019-01-18__08_39_38__fault,52.021462,14.314955325485746,4.572563171386719,True,vehicle_status.nav_state
development,reference,commander_nav_state_override__2019-01-18__08_39_38__fault,52.821462,14.314955325485746,4.572563171386719,True,vehicle_status.nav_state
development,reference,commander_nav_state_override__2019-01-18__08_39_38__fault,53.621462,14.314955325485746,4.572563171386719,True,vehicle_status.nav_state
development,reference,commander_nav_state_override__2019-01-18__08_39_38__fault,54.421462,14.314955325485746,4.572563171386719,True,vehicle_status.nav_state
development,reference,commander_nav_state_override__2019-01-18__08_39_38__fault,55.221462,14.314955325485746,4.572563171386719,True,vehicle_status.nav_state
development,reference,commander_nav_state_override__2019-01-18__08_39_38__fault,56.021462,0.0,4.572563171386719,False,actuator_controls_0.control[0]
development,reference,commander_nav_state_override__2019-01-18__08_39_38__fault,56.821462,0.0,4.572563171386719,False,actuator_controls_0.control[0]
development,reference,commander_nav_state_override__2019-01-18__08_39_38__fault,57.621462,0.0,4.572563171386719,False,actuator_controls_0.control[0]
development,reference,commander_nav_state_override__2019-01-18__08_39_38__fault,58.421462,0.0,4.572563171386719,False,actuator_controls_0.control[0]
development,reference,commander_nav_state_override__2019-01-18__08_39_38__fault,59.221462,0.0,4.572563171386719,False,actuator_controls_0.control[0]
development,reference,commander_nav_state_override__2019-01-18__08_39_38__fault,60.021462,0.0,4.572563171386719,False,actuator_controls_0.control[0]
development,reference,commander_nav_state_override__2019-01-18__08_39_38__fault,60.821462,0.0,4.572563171386719,False,actuator_controls_0.control[0]
development,reference,commander_nav_state_override__2019-01-18__08_39_38__fault,61.621462,0.0,4.572563171386719,False,actuator_controls_0.control[0]
development,reference,commander_nav_state_override__2019-01-18__08_39_38__fault,62.421462,0.0,4.572563171386719,False,actuator_controls_0.control[0]
development,reference,commander_nav_state_override__2019-01-18__08_39_38__fault,63.221462,0.0,4.572563171386719,False,actuator_controls_0.control[0]
development,reference,commander_nav_state_override__2019-01-18__08_39_38__fault,64.021462,0.0,4.572563171386719,False,actuator_controls_0.control[0]
development,reference,commander_nav_state_override__2019-01-18__08_39_38__fault,64.821462,0.0,4.572563171386719,False,actuator_controls_0.control[0]
development,reference,commander_nav_state_override__2019-01-18__08_39_38__fault,65.621462,0.0,4.572563171386719,False,actuator_controls_0.control[0]
development,reference,commander_nav_state_override__2019-01-18__08_39_38__fault,66.421462,0.0,4.572563171386719,False,actuator_controls_0.control[0]
development,reference,commander_nav_state_override__2019-01-18__08_39_38__fault,67.221462,0.0,4.572563171386719,False,actuator_controls_0.control[0]
development,reference,commander_nav_state_override__2019-01-25__17_38_05__fault,9.627716,0.0,4.572563171386719,False,actuator_controls_0.control[0]
development,reference,commander_nav_state_override__2019-01-25__17_38_05__fault,10.427716,0.0,4.572563171386719,False,actuator_controls_0.control[0]
development,reference,commander_nav_state_override__2019-01-25__17_38_05__fault,11.227716,0.0,4.572563171386719,False,actuator_controls_0.control[0]
development,reference,commander_nav_state_override__2019-01-25__17_38_05__fault,12.027716,0.0,4.572563171386719,False,actuator_controls_0.control[0]
development,reference,commander_nav_state_override__2019-01-25__17_38_05__fault,12.827716,0.024867159618182203,4.572563171386719,False,actuator_controls_0.control[1]
development,reference,commander_nav_state_override__2019-01-25__17_38_05__fault,13.627716,0.024867159618182203,4.572563171386719,False,actuator_controls_0.control[1]
development,reference,commander_nav_state_override__2019-01-25__17_38_05__fault,14.427716,0.019761345674713642,4.572563171386719,False,actuator_controls_0.control[1]
development,reference,commander_nav_state_override__2019-01-25__17_38_05__fault,15.227716,0.016412202262077277,4.572563171386719,False,actuator_controls_0.control[1]
development,reference,commander_nav_state_override__2019-01-25__17_38_05__fault,16.027716,0.007923564841889582,4.572563171386719,False,actuator_controls_0.control[0]
development,reference,commander_nav_state_override__2019-01-25__17_38_05__fault,16.827716000000002,0.029393490176031954,4.572563171386719,False,actuator_controls_0.control[0]
development,reference,commander_nav_state_override__2019-01-25__17_38_05__fault,17.627716000000003,0.029393490176031954,4.572563171386719,False,actuator_controls_0.control[0]
development,reference,commander_nav_state_override__2019-01-25__17_38_05__fault,18.427716,0.020719580596470062,4.572563171386719,False,actuator_controls_0.control[1]
development,reference,commander_nav_state_override__2019-01-25__17_38_05__fault,19.227716,0.015862864050333172,4.572563171386719,False,actuator_controls_0.control[0]
development,reference,commander_nav_state_override__2019-01-25__17_38_05__fault,20.027716,0.011295070492442934,4.572563171386719,False,actuator_controls_0.control[0]
development,reference,commander_nav_state_override__2019-01-25__17_38_05__fault,20.827716000000002,0.011295070492442934,4.572563171386719,False,actuator_controls_0.control[0]
development,reference,commander_nav_state_override__2019-01-25__17_38_05__fault,21.627716000000003,0.0,4.572563171386719,False,actuator_controls_0.control[0]
development,reference,commander_nav_state_override__2019-01-25__17_38_05__fault,22.427716,0.0,4.572563171386719,False,actuator_controls_0.control[0]
development,reference,commander_nav_state_override__2019-01-25__17_38_05__fault,23.227716,0.008705973541646534,4.572563171386719,False,actuator_controls_0.control[1]
development,reference,commander_nav_state_override__2019-01-25__17_38_05__fault,24.027716,0.0005635978330897805,4.572563171386719,False,actuator_controls_0.control[1]
development,reference,commander_nav_state_override__2019-01-25__17_38_05__fault,24.827716000000002,0.0,4.572563171386719,False,actuator_controls_0.control[0]
development,reference,commander_nav_state_override__2019-01-25__17_38_05__fault,25.627716000000003,0.00592970776360877,4.572563171386719,False,actuator_controls_0.control[0]
development,reference,commander_nav_state_override__2019-01-25__17_38_05__fault,26.427716,0.00902896043649424,4.572563171386719,False,actuator_controls_0.control[0]
development,reference,commander_nav_state_override__2019-01-25__17_38_05__fault,27.227716,0.00902896043649424,4.572563171386719,False,actuator_controls_0.control[0]
development,reference,commander_nav_state_override__2019-01-25__17_38_05__fault,28.027716,0.0,4.572563171386719,False,actuator_controls_0.control[0]
development,reference,commander_nav_state_override__2019-01-25__17_38_05__fault,28.827716000000002,0.0,4.572563171386719,False,actuator_controls_0.control[0]
development,reference,commander_nav_state_override__2019-01-25__17_38_05__fault,29.627716000000003,0.02594680749018563,4.572563171386719,False,actuator_controls_0.control[1]
development,reference,commander_nav_state_override__2019-01-25__17_38_05__fault,30.427716,0.015153865377033043,4.572563171386719,False,actuator_controls_0.control[1]
development,reference,commander_nav_state_override__2019-01-25__17_38_05__fault,31.227716,0.008626934488606939,4.572563171386719,False,actuator_controls_0.control[1]
development,reference,commander_nav_state_override__2019-01-25__17_38_05__fault,32.027716,0.006152279353099592,4.572563171386719,False,actuator_controls_0.control[1]
development,reference,commander_nav_state_override__2019-01-25__17_38_05__fault,32.827715999999995,0.004494463986328613,4.572563171386719,False,actuator_controls_0.control[0]
development,reference,commander_nav_state_override__2019-01-25__17_38_05__fault,33.627716,0.004494463986328613,4.572563171386719,False,actuator_controls_0.control[0]
development,reference,commander_nav_state_override__2019-01-25__17_38_05__fault,34.427716,0.0020020803891872513,4.572563171386719,False,actuator_controls_0.control[0]
development,reference,commander_nav_state_override__2019-01-25__17_38_05__fault,35.227716,0.0020020803891872513,4.572563171386719,False,actuator_controls_0.control[0]
development,reference,commander_nav_state_override__2019-01-25__17_38_05__fault,36.027716,0.0016037242206335522,4.572563171386719,False,actuator_controls_0.control[0]
development,reference,commander_nav_state_override__2019-01-25__17_38_05__fault,36.827715999999995,0.001560952224116176,4.572563171386719,False,actuator_controls_0.control[1]
development,reference,commander_nav_state_override__2019-01-25__17_38_05__fault,37.627716,0.0,4.572563171386719,False,actuator_controls_0.control[0]
development,reference,commander_nav_state_override__2019-01-25__17_38_05__fault,38.427716,0.0,4.572563171386719,False,actuator_controls_0.control[0]
development,reference,commander_nav_state_override__2019-01-25__17_38_05__fault,39.227716,0.0,4.572563171386719,False,actuator_controls_0.control[0]
development,reference,commander_nav_state_override__2019-01-25__17_38_05__fault,40.027716,0.006202731132123813,4.572563171386719,False,actuator_controls_0.control[0]
development,reference,commander_nav_state_override__2019-01-25__17_38_05__fault,40.827715999999995,0.027756790781550238,4.572563171386719,False,actuator_controls_0.control[2]
development,reference,commander_nav_state_override__2019-01-25__17_38_05__fault,41.627716,14.314955325485746,4.572563171386719,True,vehicle_status.nav_state
development,reference,commander_nav_state_override__2019-01-25__17_38_05__fault,42.427716,14.314955325485746,4.572563171386719,True,vehicle_status.nav_state
development,reference,commander_nav_state_override__2019-01-25__17_38_05__fault,43.227716,14.314955325485746,4.572563171386719,True,vehicle_status.nav_state
development,reference,commander_nav_state_override__2019-01-25__17_38_05__fault,44.027716,14.314955325485746,4.572563171386719,True,vehicle_status.nav_state
development,reference,commander_nav_state_override__2019-01-25__17_38_05__fault,44.827715999999995,14.314955325485746,4.572563171386719,True,vehicle_status.nav_state
development,reference,commander_nav_state_override__2019-01-25__17_38_05__fault,45.627716,14.314955325485746,4.572563171386719,True,vehicle_status.nav_state
development,reference,commander_nav_state_override__2019-01-25__17_38_05__fault,46.427716,14.314955325485746,4.572563171386719,True,vehicle_status.nav_state
development,reference,commander_nav_state_override__2019-01-25__17_38_05__fault,47.227716,14.314955325485746,4.572563171386719,True,vehicle_status.nav_state
development,reference,commander_nav_state_override__2019-01-25__17_38_05__fault,48.027716,14.314955325485746,4.572563171386719,True,vehicle_status.nav_state
development,reference,commander_nav_state_override__2019-01-25__17_38_05__fault,48.827715999999995,14.314955325485746,4.572563171386719,True,vehicle_status.nav_state
development,reference,commander_nav_state_override__2019-01-25__17_38_05__fault,49.627716,14.314955325485746,4.572563171386719,True,vehicle_status.nav_state
development,reference,commander_nav_state_override__2019-01-25__17_38_05__fault,50.427716,14.314955325485746,4.572563171386719,True,vehicle_status.nav_state
development,reference,commander_nav_state_override__2019-01-25__17_38_05__fault,51.227716,14.314955325485746,4.572563171386719,True,vehicle_status.nav_state
development,reference,commander_nav_state_override__2019-01-25__17_38_05__fault,52.027716,14.314955325485746,4.572563171386719,True,vehicle_status.nav_state
development,reference,commander_nav_state_override__2019-01-25__17_38_05__fault,52.827715999999995,14.314955325485746,4.572563171386719,True,vehicle_status.nav_state
development,reference,commander_nav_state_override__2019-01-25__17_38_05__fault,53.627716,14.314955325485746,4.572563171386719,True,vehicle_status.nav_state
development,reference,commander_nav_state_override__2019-01-25__17_38_05__fault,54.427716,14.314955325485746,4.572563171386719,True,vehicle_status.nav_state
development,reference,commander_nav_state_override__2019-01-25__17_38_05__fault,55.227716,14.314955325485746,4.572563171386719,True,vehicle_status.nav_state
development,reference,commander_nav_state_override__2019-01-25__17_38_05__fault,56.027716,14.314955325485746,4.572563171386719,True,vehicle_status.nav_state
development,reference,commander_nav_state_override__2019-01-25__17_38_05__fault,56.827715999999995,14.314955325485746,4.572563171386719,True,vehicle_status.nav_state
development,reference,commander_nav_state_override__2019-01-25__17_38_05__fault,57.627716,14.314955325485746,4.572563171386719,True,vehicle_status.nav_state
development,reference,commander_nav_state_override__2019-01-25__17_38_05__fault,58.427716,14.314955325485746,4.572563171386719,True,vehicle_status.nav_state
development,reference,commander_nav_state_override__2019-01-25__17_38_05__fault,59.227716,14.314955325485746,4.572563171386719,True,vehicle_status.nav_state
development,reference,commander_nav_state_override__2019-01-25__17_38_05__fault,60.027716,14.314955325485746,4.572563171386719,True,vehicle_status.nav_state
development,reference,commander_nav_state_override__2019-01-25__17_38_05__fault,60.827715999999995,14.314955325485746,4.572563171386719,True,vehicle_status.nav_state
development,reference,commander_nav_state_override__2019-01-25__17_38_05__fault,61.627716,14.314955325485746,4.572563171386719,True,vehicle_status.nav_state
development,reference,commander_nav_state_override__2019-01-25__17_38_05__fault,62.427716,14.314955325485746,4.572563171386719,True,vehicle_status.nav_state
development,reference,commander_nav_state_override__2019-01-25__17_38_05__fault,63.227716,14.314955325485746,4.572563171386719,True,vehicle_status.nav_state
development,reference,commander_nav_state_override__2019-01-25__17_38_05__fault,64.027716,14.314955325485746,4.572563171386719,True,vehicle_status.nav_state
development,reference,commander_nav_state_override__2019-01-25__17_38_05__fault,64.827716,14.314955325485746,4.572563171386719,True,vehicle_status.nav_state
development,reference,commander_nav_state_override__2019-01-25__17_38_05__fault,65.62771599999999,14.314955325485746,4.572563171386719,True,vehicle_status.nav_state
development,reference,commander_nav_state_override__2019-01-25__17_38_05__fault,66.427716,14.314955325485746,4.572563171386719,True,vehicle_status.nav_state
development,reference,commander_nav_state_override__2019-01-25__17_38_05__fault,67.227716,14.314955325485746,4.572563171386719,True,vehicle_status.nav_state
development,reference,commander_nav_state_override__2019-01-25__17_38_05__fault,68.027716,14.314955325485746,4.572563171386719,True,vehicle_status.nav_state
development,reference,commander_nav_state_override__2019-01-25__17_38_05__fault,68.827716,14.314955325485746,4.572563171386719,True,vehicle_status.nav_state
development,reference,commander_nav_state_override__2019-01-25__17_38_05__fault,69.62771599999999,14.314955325485746,4.572563171386719,True,vehicle_status.nav_state
development,reference,commander_nav_state_override__2019-01-25__17_38_05__fault,70.427716,14.314955325485746,4.572563171386719,True,vehicle_status.nav_state
development,reference,commander_nav_state_override__2019-01-25__17_38_05__fault,71.227716,14.314955325485746,4.572563171386719,True,vehicle_status.nav_state
development,reference,commander_nav_state_override__2019-01-25__17_38_05__fault,72.027716,14.314955325485746,4.572563171386719,True,vehicle_status.nav_state
development,reference,commander_nav_state_override__2019-01-25__17_38_05__fault,72.827716,14.314955325485746,4.572563171386719,True,vehicle_status.nav_state
development,reference,commander_nav_state_override__2019-01-25__17_38_05__fault,73.62771599999999,14.314955325485746,4.572563171386719,True,vehicle_status.nav_state
development,reference,commander_nav_state_override__2019-01-25__17_38_05__fault,74.427716,14.314955325485746,4.572563171386719,True,vehicle_status.nav_state
development,reference,commander_nav_state_override__2019-01-25__17_38_05__fault,75.227716,14.314955325485746,4.572563171386719,True,vehicle_status.nav_state
development,reference,commander_nav_state_override__2019-01-25__17_38_05__fault,76.027716,14.314955325485746,4.572563171386719,True,vehicle_status.nav_state
development,reference,commander_nav_state_override__2019-01-25__17_38_05__fault,76.827716,14.314955325485746,4.572563171386719,True,vehicle_status.nav_state
development,reference,commander_nav_state_override__2019-01-25__17_38_05__fault,77.62771599999999,14.314955325485746,4.572563171386719,True,vehicle_status.nav_state
development,reference,commander_nav_state_override__2019-01-25__17_38_05__fault,78.427716,14.314955325485746,4.572563171386719,True,vehicle_status.nav_state
development,reference,commander_nav_state_override__2019-01-25__17_38_05__fault,79.227716,14.314955325485746,4.572563171386719,True,vehicle_status.nav_state
development,reference,commander_nav_state_override__2019-01-25__17_38_05__fault,80.027716,14.314955325485746,4.572563171386719,True,vehicle_status.nav_state
development,reference,commander_nav_state_override__2019-01-25__17_38_05__fault,80.827716,14.314955325485746,4.572563171386719,True,vehicle_status.nav_state
development,reference,commander_nav_state_override__2019-01-25__17_38_05__fault,81.62771599999999,14.314955325485746,4.572563171386719,True,vehicle_status.nav_state
development,reference,commander_nav_state_override__2019-01-25__17_38_05__fault,82.427716,14.314955325485746,4.572563171386719,True,vehicle_status.nav_state
development,reference,commander_nav_state_override__2019-01-25__17_38_05__fault,83.227716,14.314955325485746,4.572563171386719,True,vehicle_status.nav_state
development,reference,commander_nav_state_override__2019-01-25__17_38_05__fault,84.027716,14.314955325485746,4.572563171386719,True,vehicle_status.nav_state
development,reference,commander_nav_state_override__2019-01-25__17_38_05__fault,84.827716,14.314955325485746,4.572563171386719,True,vehicle_status.nav_state
development,reference,commander_nav_state_override__2019-01-25__17_38_05__fault,85.62771599999999,14.314955325485746,4.572563171386719,True,vehicle_status.nav_state
development,reference,commander_nav_state_override__2019-01-25__17_38_05__fault,86.427716,14.314955325485746,4.572563171386719,True,vehicle_status.nav_state
development,reference,commander_nav_state_override__2019-01-25__17_38_05__fault,87.227716,14.314955325485746,4.572563171386719,True,vehicle_status.nav_state
development,reference,commander_nav_state_override__2019-01-25__17_38_05__fault,88.027716,14.314955325485746,4.572563171386719,True,vehicle_status.nav_state
development,reference,commander_nav_state_override__2019-01-25__17_38_05__fault,88.827716,14.314955325485746,4.572563171386719,True,vehicle_status.nav_state
development,reference,commander_nav_state_override__2019-01-25__17_38_05__fault,89.62771599999999,14.314955325485746,4.572563171386719,True,vehicle_status.nav_state
development,reference,commander_nav_state_override__2019-01-25__17_38_05__fault,90.427716,14.314955325485746,4.572563171386719,True,vehicle_status.nav_state
development,reference,commander_nav_state_override__2019-01-25__17_38_05__fault,91.227716,14.314955325485746,4.572563171386719,True,vehicle_status.nav_state
development,reference,commander_nav_state_override__2019-01-25__17_38_05__fault,92.027716,14.314955325485746,4.572563171386719,True,vehicle_status.nav_state
development,reference,commander_nav_state_override__2019-01-25__17_38_05__fault,92.827716,14.314955325485746,4.572563171386719,True,vehicle_status.nav_state
development,reference,commander_nav_state_override__2019-03-06__08_02_26__fault,9.622125,0.0,4.572563171386719,False,actuator_controls_0.control[0]
development,reference,commander_nav_state_override__2019-03-06__08_02_26__fault,10.422125000000001,0.0,4.572563171386719,False,actuator_controls_0.control[0]
development,reference,commander_nav_state_override__2019-03-06__08_02_26__fault,11.222125,0.0,4.572563171386719,False,actuator_controls_0.control[0]
development,reference,commander_nav_state_override__2019-03-06__08_02_26__fault,12.022125,0.0,4.572563171386719,False,actuator_controls_0.control[0]
development,reference,commander_nav_state_override__2019-03-06__08_02_26__fault,12.822125000000002,0.0,4.572563171386719,False,actuator_controls_0.control[0]
development,reference,commander_nav_state_override__2019-03-06__08_02_26__fault,13.622125,0.0,4.572563171386719,False,actuator_controls_0.control[0]
development,reference,commander_nav_state_override__2019-03-06__08_02_26__fault,14.422125000000001,0.0,4.572563171386719,False,actuator_controls_0.control[0]
development,reference,commander_nav_state_override__2019-03-06__08_02_26__fault,15.222125,0.0,4.572563171386719,False,actuator_controls_0.control[0]
development,reference,commander_nav_state_override__2019-03-06__08_02_26__fault,16.022125,0.0,4.572563171386719,False,actuator_controls_0.control[0]
development,reference,commander_nav_state_override__2019-03-06__08_02_26__fault,16.822125,0.0,4.572563171386719,False,actuator_controls_0.control[0]
development,reference,commander_nav_state_override__2019-03-06__08_02_26__fault,17.622125,0.0,4.572563171386719,False,actuator_controls_0.control[0]
development,reference,commander_nav_state_override__2019-03-06__08_02_26__fault,18.422124999999998,0.0,4.572563171386719,False,actuator_controls_0.control[0]
development,reference,commander_nav_state_override__2019-03-06__08_02_26__fault,19.222125,0.0,4.572563171386719,False,actuator_controls_0.control[0]
development,reference,commander_nav_state_override__2019-03-06__08_02_26__fault,20.022125,0.0,4.572563171386719,False,actuator_controls_0.control[0]
development,reference,commander_nav_state_override__2019-03-06__08_02_26__fault,20.822125,0.0,4.572563171386719,False,actuator_controls_0.control[0]
development,reference,commander_nav_state_override__2019-03-06__08_02_26__fault,21.622125,0.0,4.572563171386719,False,actuator_controls_0.control[0]
development,reference,commander_nav_state_override__2019-03-06__08_02_26__fault,22.422124999999998,0.0,4.572563171386719,False,actuator_controls_0.control[0]
development,reference,commander_nav_state_override__2019-03-06__08_02_26__fault,23.222125,0.0,4.572563171386719,False,actuator_controls_0.control[0]
development,reference,commander_nav_state_override__2019-03-06__08_02_26__fault,24.022125,0.0,4.572563171386719,False,actuator_controls_0.control[0]
development,reference,commander_nav_state_override__2019-03-06__08_02_26__fault,24.822125,0.0,4.572563171386719,False,actuator_controls_0.control[0]
development,reference,commander_nav_state_override__2019-03-06__08_02_26__fault,25.622125,0.0,4.572563171386719,False,actuator_controls_0.control[0]
development,reference,commander_nav_state_override__2019-03-06__08_02_26__fault,26.422124999999998,0.0,4.572563171386719,False,actuator_controls_0.control[0]
development,reference,commander_nav_state_override__2019-03-06__08_02_26__fault,27.222125,0.0,4.572563171386719,False,actuator_controls_0.control[0]
development,reference,commander_nav_state_override__2019-03-06__08_02_26__fault,28.022125,0.0,4.572563171386719,False,actuator_controls_0.control[0]
development,reference,commander_nav_state_override__2019-03-06__08_02_26__fault,28.822125,0.0,4.572563171386719,False,actuator_controls_0.control[0]
development,reference,commander_nav_state_override__2019-03-06__08_02_26__fault,29.622125,0.0,4.572563171386719,False,actuator_controls_0.control[0]
development,reference,commander_nav_state_override__2019-03-06__08_02_26__fault,30.422124999999998,0.0,4.572563171386719,False,actuator_controls_0.control[0]
development,reference,commander_nav_state_override__2019-03-06__08_02_26__fault,31.222125,0.0,4.572563171386719,False,actuator_controls_0.control[0]
development,reference,commander_nav_state_override__2019-03-06__08_02_26__fault,32.022125,0.0,4.572563171386719,False,actuator_controls_0.control[0]
development,reference,commander_nav_state_override__2019-03-06__08_02_26__fault,32.822125,0.0,4.572563171386719,False,actuator_controls_0.control[0]
development,reference,commander_nav_state_override__2019-03-06__08_02_26__fault,33.622125000000004,0.0,4.572563171386719,False,actuator_controls_0.control[0]
development,reference,commander_nav_state_override__2019-03-06__08_02_26__fault,34.422125,0.0,4.572563171386719,False,actuator_controls_0.control[0]
development,reference,commander_nav_state_override__2019-03-06__08_02_26__fault,35.222125000000005,0.0,4.572563171386719,False,actuator_controls_0.control[0]
development,reference,commander_nav_state_override__2019-03-06__08_02_26__fault,36.022125,0.0,4.572563171386719,False,actuator_controls_0.control[0]
development,reference,commander_nav_state_override__2019-03-06__08_02_26__fault,36.822125,0.0,4.572563171386719,False,actuator_controls_0.control[0]
development,reference,commander_nav_state_override__2019-03-06__08_02_26__fault,37.622125000000004,0.0,4.572563171386719,False,actuator_controls_0.control[0]
development,reference,commander_nav_state_override__2019-03-06__08_02_26__fault,38.422125,0.0,4.572563171386719,False,actuator_controls_0.control[0]
development,reference,commander_nav_state_override__2019-03-06__08_02_26__fault,39.222125000000005,0.0,4.572563171386719,False,actuator_controls_0.control[0]
development,reference,commander_nav_state_override__2019-03-06__08_02_26__fault,40.022125,0.0,4.572563171386719,False,actuator_controls_0.control[0]
development,reference,commander_nav_state_override__2019-03-06__08_02_26__fault,40.822125,0.0,4.572563171386719,False,actuator_controls_0.control[0]
development,reference,commander_nav_state_override__2019-03-06__08_02_26__fault,41.622125000000004,14.314955325485746,4.572563171386719,True,vehicle_status.nav_state
development,reference,commander_nav_state_override__2019-03-06__08_02_26__fault,42.422125,14.314955325485746,4.572563171386719,True,vehicle_status.nav_state
development,reference,commander_nav_state_override__2019-03-06__08_02_26__fault,43.222125000000005,14.314955325485746,4.572563171386719,True,vehicle_status.nav_state
development,reference,commander_nav_state_override__2019-03-06__08_02_26__fault,44.022125,14.314955325485746,4.572563171386719,True,vehicle_status.nav_state
development,reference,commander_nav_state_override__2019-03-06__08_02_26__fault,44.822125,14.314955325485746,4.572563171386719,True,vehicle_status.nav_state
development,reference,commander_nav_state_override__2019-03-06__08_02_26__fault,45.622125000000004,14.314955325485746,4.572563171386719,True,vehicle_status.nav_state
development,reference,commander_nav_state_override__2019-03-06__08_02_26__fault,46.422125,14.314955325485746,4.572563171386719,True,vehicle_status.nav_state
development,reference,commander_nav_state_override__2019-03-06__08_02_26__fault,47.222125000000005,14.314955325485746,4.572563171386719,True,vehicle_status.nav_state
development,reference,commander_nav_state_override__2019-03-06__08_02_26__fault,48.022125,14.314955325485746,4.572563171386719,True,vehicle_status.nav_state
development,reference,commander_nav_state_override__2019-03-06__08_02_26__fault,48.822125,14.314955325485746,4.572563171386719,True,vehicle_status.nav_state
development,reference,commander_nav_state_override__2019-03-06__08_02_26__fault,49.622125000000004,14.314955325485746,4.572563171386719,True,vehicle_status.nav_state
development,reference,commander_nav_state_override__2019-03-06__08_02_26__fault,50.422125,14.314955325485746,4.572563171386719,True,vehicle_status.nav_state
development,reference,commander_nav_state_override__2019-03-06__08_02_26__fault,51.222125000000005,14.314955325485746,4.572563171386719,True,vehicle_status.nav_state
development,reference,commander_nav_state_override__2019-03-06__08_02_26__fault,52.022125,14.314955325485746,4.572563171386719,True,vehicle_status.nav_state
development,reference,commander_nav_state_override__2019-03-06__08_02_26__fault,52.822125,14.314955325485746,4.572563171386719,True,vehicle_status.nav_state
development,reference,commander_nav_state_override__2019-03-06__08_02_26__fault,53.622125000000004,14.314955325485746,4.572563171386719,True,vehicle_status.nav_state
development,reference,commander_nav_state_override__2019-03-06__08_02_26__fault,54.422125,14.314955325485746,4.572563171386719,True,vehicle_status.nav_state
development,reference,commander_nav_state_override__2019-03-06__08_02_26__fault,55.222125000000005,14.314955325485746,4.572563171386719,True,vehicle_status.nav_state
development,reference,commander_nav_state_override__2019-03-06__08_02_26__fault,56.022125,14.314955325485746,4.572563171386719,True,vehicle_status.nav_state
development,reference,commander_nav_state_override__2019-03-06__08_02_26__fault,56.822125,14.314955325485746,4.572563171386719,True,vehicle_status.nav_state
development,reference,commander_nav_state_override__2019-03-06__08_02_26__fault,57.622125000000004,14.314955325485746,4.572563171386719,True,vehicle_status.nav_state
development,reference,commander_nav_state_override__2019-03-06__08_02_26__fault,58.422125,14.314955325485746,4.572563171386719,True,vehicle_status.nav_state
development,reference,commander_nav_state_override__2019-03-06__08_02_26__fault,59.222125000000005,14.314955325485746,4.572563171386719,True,vehicle_status.nav_state
development,reference,commander_nav_state_override__2019-03-06__08_02_26__fault,60.022125,14.314955325485746,4.572563171386719,True,vehicle_status.nav_state
development,reference,commander_nav_state_override__2019-03-06__08_02_26__fault,60.822125,14.314955325485746,4.572563171386719,True,vehicle_status.nav_state
development,reference,commander_nav_state_override__2019-03-06__08_02_26__fault,61.622125000000004,14.314955325485746,4.572563171386719,True,vehicle_status.nav_state
development,reference,commander_nav_state_override__2019-03-06__08_02_26__fault,62.422125,14.314955325485746,4.572563171386719,True,vehicle_status.nav_state
development,reference,commander_nav_state_override__2019-03-06__08_02_26__fault,63.222125000000005,14.314955325485746,4.572563171386719,True,vehicle_status.nav_state
development,reference,commander_nav_state_override__2019-03-06__08_02_26__fault,64.022125,14.314955325485746,4.572563171386719,True,vehicle_status.nav_state
development,reference,commander_nav_state_override__2019-03-06__08_02_26__fault,64.822125,14.314955325485746,4.572563171386719,True,vehicle_status.nav_state
development,reference,commander_nav_state_override__2019-03-06__08_02_26__fault,65.622125,14.314955325485746,4.572563171386719,True,vehicle_status.nav_state
development,reference,commander_nav_state_override__2019-03-06__08_02_26__fault,66.42212500000001,14.314955325485746,4.572563171386719,True,vehicle_status.nav_state
development,reference,commander_nav_state_override__2019-03-06__08_02_26__fault,67.222125,14.314955325485746,4.572563171386719,True,vehicle_status.nav_state
development,reference,commander_nav_state_override__2019-03-06__08_02_26__fault,68.022125,14.314955325485746,4.572563171386719,True,vehicle_status.nav_state
development,reference,commander_nav_state_override__2019-03-06__08_02_26__fault,68.822125,14.314955325485746,4.572563171386719,True,vehicle_status.nav_state
development,reference,commander_nav_state_override__2019-03-06__08_02_26__fault,69.622125,14.314955325485746,4.572563171386719,True,vehicle_status.nav_state
development,reference,commander_nav_state_override__2019-03-06__08_02_26__fault,70.42212500000001,14.314955325485746,4.572563171386719,True,vehicle_status.nav_state
development,reference,commander_nav_state_override__2019-03-06__08_02_26__fault,71.222125,14.314955325485746,4.572563171386719,True,vehicle_status.nav_state
development,reference,commander_nav_state_override__2019-03-06__08_02_26__fault,72.022125,14.314955325485746,4.572563171386719,True,vehicle_status.nav_state
development,reference,commander_nav_state_override__2019-03-06__08_02_26__fault,72.822125,14.314955325485746,4.572563171386719,True,vehicle_status.nav_state
development,reference,commander_nav_state_override__2019-03-06__08_02_26__fault,73.622125,14.314955325485746,4.572563171386719,True,vehicle_status.nav_state
development,reference,commander_nav_state_override__2019-03-06__08_02_26__fault,74.42212500000001,14.314955325485746,4.572563171386719,True,vehicle_status.nav_state
development,reference,commander_nav_state_override__2019-03-06__08_02_26__fault,75.222125,14.314955325485746,4.572563171386719,True,vehicle_status.nav_state
development,reference,commander_nav_state_override__2019-03-06__08_02_26__fault,76.022125,14.314955325485746,4.572563171386719,True,vehicle_status.nav_state
development,reference,commander_nav_state_override__2019-03-06__08_02_26__fault,76.822125,14.314955325485746,4.572563171386719,True,vehicle_status.nav_state
development,reference,commander_nav_state_override__2019-03-06__08_02_26__fault,77.622125,14.314955325485746,4.572563171386719,True,vehicle_status.nav_state
development,reference,commander_nav_state_override__2019-03-06__08_02_26__fault,78.42212500000001,14.314955325485746,4.572563171386719,True,vehicle_status.nav_state
development,reference,commander_nav_state_override__2019-03-06__08_02_26__fault,79.222125,14.314955325485746,4.572563171386719,True,vehicle_status.nav_state
development,reference,commander_nav_state_override__2019-03-06__08_02_26__fault,80.022125,14.314955325485746,4.572563171386719,True,vehicle_status.nav_state
development,reference,commander_nav_state_override__2019-03-06__08_02_26__fault,80.822125,14.314955325485746,4.572563171386719,True,vehicle_status.nav_state
development,reference,commander_nav_state_override__2019-03-06__08_02_26__fault,81.622125,14.314955325485746,4.572563171386719,True,vehicle_status.nav_state
development,reference,commander_nav_state_override__2019-03-06__08_02_26__fault,82.42212500000001,14.314955325485746,4.572563171386719,True,vehicle_status.nav_state
development,reference,commander_nav_state_override__2019-03-06__08_02_26__fault,83.222125,14.314955325485746,4.572563171386719,True,vehicle_status.nav_state
development,reference,commander_nav_state_override__2019-03-06__08_02_26__fault,84.022125,14.314955325485746,4.572563171386719,True,vehicle_status.nav_state
development,reference,commander_nav_state_override__2019-03-06__08_02_26__fault,84.822125,12.362420432646182,4.572563171386719,True,vehicle_status.nav_state
development,reference,commander_nav_state_override__2019-03-06__08_02_26__fault,85.622125,2.385825800679086,4.572563171386719,False,vehicle_status.nav_state
development,reference,commander_nav_state_override__2019-03-06__08_02_26__fault,86.42212500000001,2.385825800679086,4.572563171386719,False,vehicle_status.nav_state
development,reference,commander_nav_state_override__2019-03-06__08_02_26__fault,87.222125,2.385825800679086,4.572563171386719,False,vehicle_status.nav_state
development,reference,commander_nav_state_override__2019-03-06__08_02_26__fault,88.022125,2.385825800679086,4.572563171386719,False,vehicle_status.nav_state
development,reference,commander_nav_state_override__2019-03-06__08_02_26__fault,88.822125,2.385825800679086,4.572563171386719,False,vehicle_status.nav_state
development,reference,commander_nav_state_override__2019-03-06__08_02_26__fault,89.622125,2.385825800679086,4.572563171386719,False,vehicle_status.nav_state
development,reference,commander_nav_state_override__2019-03-06__08_02_26__fault,90.42212500000001,2.385825800679086,4.572563171386719,False,vehicle_status.nav_state
development,reference,commander_nav_state_override__2019-03-06__08_02_26__fault,91.222125,2.385825800679086,4.572563171386719,False,vehicle_status.nav_state
development,reference,commander_nav_state_override__2019-03-06__08_02_26__fault,92.022125,2.385825800679086,4.572563171386719,False,vehicle_status.nav_state
development,reference,commander_nav_state_override__2019-03-06__08_02_26__fault,92.822125,2.385825800679086,4.572563171386719,False,vehicle_status.nav_state
development,reference,commander_nav_state_override__2019-03-06__08_02_26__fault,93.622125,2.385825800679086,4.572563171386719,False,vehicle_status.nav_state
development,reference,commander_nav_state_override__2019-03-06__08_02_26__fault,94.42212500000001,2.385825800679086,4.572563171386719,False,vehicle_status.nav_state
development,reference,commander_nav_state_override__2019-03-06__08_02_26__fault,95.222125,2.385825800679086,4.572563171386719,False,vehicle_status.nav_state
development,reference,commander_nav_state_override__2019-03-06__08_02_26__fault,96.022125,2.385825800679086,4.572563171386719,False,vehicle_status.nav_state
development,reference,ekf2_innovation_bias__2019-01-18__08_39_38__fault,9.627809,0.0,4.572563171386719,False,actuator_controls_0.control[0]
development,reference,ekf2_innovation_bias__2019-01-18__08_39_38__fault,10.427809,0.0,4.572563171386719,False,actuator_controls_0.control[0]
development,reference,ekf2_innovation_bias__2019-01-18__08_39_38__fault,11.227808999999999,0.0,4.572563171386719,False,actuator_controls_0.control[0]
development,reference,ekf2_innovation_bias__2019-01-18__08_39_38__fault,12.027809,0.0,4.572563171386719,False,actuator_controls_0.control[0]
development,reference,ekf2_innovation_bias__2019-01-18__08_39_38__fault,12.827809,0.051743397642525585,4.572563171386719,False,estimator_status.vibe[1]
development,reference,ekf2_innovation_bias__2019-01-18__08_39_38__fault,13.627809,0.051743397642525585,4.572563171386719,False,estimator_status.vibe[1]
development,reference,ekf2_innovation_bias__2019-01-18__08_39_38__fault,14.427809,0.05105909837983256,4.572563171386719,False,estimator_status.vibe[1]
development,reference,ekf2_innovation_bias__2019-01-18__08_39_38__fault,15.227808999999999,0.060800870297242945,4.572563171386719,False,estimator_status.vibe[2]
development,reference,ekf2_innovation_bias__2019-01-18__08_39_38__fault,16.027809,0.060800870297242945,4.572563171386719,False,estimator_status.vibe[2]
development,reference,ekf2_innovation_bias__2019-01-18__08_39_38__fault,16.827809000000002,0.06764000524133343,4.572563171386719,False,estimator_status.vibe[1]
development,reference,ekf2_innovation_bias__2019-01-18__08_39_38__fault,17.627809000000003,1.0341197309137748,4.572563171386719,False,estimator_status.pos_test_ratio
development,reference,ekf2_innovation_bias__2019-01-18__08_39_38__fault,18.427809,1.0544417774912342,4.572563171386719,False,estimator_status.pos_test_ratio
development,reference,ekf2_innovation_bias__2019-01-18__08_39_38__fault,19.227809,1.054441845933147,4.572563171386719,False,estimator_status.pos_test_ratio
development,reference,ekf2_innovation_bias__2019-01-18__08_39_38__fault,20.027809,1.0544420512588863,4.572563171386719,False,estimator_status.pos_test_ratio
development,reference,ekf2_innovation_bias__2019-01-18__08_39_38__fault,20.827809000000002,0.5563667631081928,4.572563171386719,False,ekf2_innovations.hagl_innov
development,reference,ekf2_innovation_bias__2019-01-18__08_39_38__fault,21.627809000000003,0.5563667631081928,4.572563171386719,False,ekf2_innovations.hagl_innov
development,reference,ekf2_innovation_bias__2019-01-18__08_39_38__fault,22.427809,0.5563667631081928,4.572563171386719,False,ekf2_innovations.hagl_innov
development,reference,ekf2_innovation_bias__2019-01-18__08_39_38__fault,23.227809,0.8417652357867026,4.572563171386719,False,estimator_status.pos_vert_accuracy
development,reference,ekf2_innovation_bias__2019-01-18__08_39_38__fault,24.027809,0.732634418076567,4.572563171386719,False,estimator_status.mag_test_ratio
development,reference,ekf2_innovation_bias__2019-01-18__08_39_38__fault,24.827809000000002,0.732634418076567,4.572563171386719,False,estimator_status.mag_test_ratio
development,reference,ekf2_innovation_bias__2019-01-18__08_39_38__fault,25.627809000000003,0.732634418076567,4.572563171386719,False,estimator_status.mag_test_ratio
development,reference,ekf2_innovation_bias__2019-01-18__08_39_38__fault,26.427809,0.732634418076567,4.572563171386719,False,estimator_status.mag_test_ratio
development,reference,ekf2_innovation_bias__2019-01-18__08_39_38__fault,27.227809,0.7345141423093595,4.572563171386719,False,estimator_status.mag_test_ratio
development,reference,ekf2_innovation_bias__2019-01-18__08_39_38__fault,28.027809,0.8462971898434939,4.572563171386719,False,estimator_status.pos_test_ratio
development,reference,ekf2_innovation_bias__2019-01-18__08_39_38__fault,28.827809000000002,0.8462968476339288,4.572563171386719,False,estimator_status.pos_test_ratio
development,reference,ekf2_innovation_bias__2019-01-18__08_39_38__fault,29.627809000000003,0.8462968476339288,4.572563171386719,False,estimator_status.pos_test_ratio
development,reference,ekf2_innovation_bias__2019-01-18__08_39_38__fault,30.427809,0.8462968476339288,4.572563171386719,False,estimator_status.pos_test_ratio
development,reference,ekf2_innovation_bias__2019-01-18__08_39_38__fault,31.227809,0.8579863841658264,4.572563171386719,False,estimator_status.pos_test_ratio
development,reference,ekf2_innovation_bias__2019-01-18__08_39_38__fault,32.027809,0.8935516082822926,4.572563171386719,False,estimator_status.pos_test_ratio
development,reference,ekf2_innovation_bias__2019-01-18__08_39_38__fault,32.827808999999995,19.165629148483276,4.572563171386719,True,ekf2_innovations.vel_pos_innov[3]
development,reference,ekf2_innovation_bias__2019-01-18__08_39_38__fault,33.627809,19.62590456008911,4.572563171386719,True,ekf2_innovations.vel_pos_innov[3]
development,reference,ekf2_innovation_bias__2019-01-18__08_39_38__fault,34.427808999999996,19.73942279815674,4.572563171386719,True,ekf2_innovations.vel_pos_innov[3]
development,reference,ekf2_innovation_bias__2019-01-18__08_39_38__fault,35.227809,19.78686213493347,4.572563171386719,True,ekf2_innovations.vel_pos_innov[3]
development,reference,ekf2_innovation_bias__2019-01-18__08_39_38__fault,36.027809,19.80911612510681,4.572563171386719,True,ekf2_innovations.vel_pos_innov[3]
development,reference,ekf2_innovation_bias__2019-01-18__08_39_38__fault,36.827808999999995,19.801913499832153,4.572563171386719,True,ekf2_innovations.vel_pos_innov[3]
development,reference,ekf2_innovation_bias__2019-01-18__08_39_38__fault,37.627809,19.77137565612793,4.572563171386719,True,ekf2_innovations.vel_pos_innov[3]
development,reference,ekf2_innovation_bias__2019-01-18__08_39_38__fault,38.427808999999996,19.70508337020874,4.572563171386719,True,ekf2_innovations.vel_pos_innov[3]
development,reference,ekf2_innovation_bias__2019-01-18__08_39_38__fault,39.227809,19.523119926452637,4.572563171386719,True,ekf2_innovations.vel_pos_innov[3]
development,reference,ekf2_innovation_bias__2019-01-18__08_39_38__fault,40.027809,18.133537769317627,4.572563171386719,True,ekf2_innovations.vel_pos_innov[3]
development,reference,ekf2_innovation_bias__2019-01-18__08_39_38__fault,40.827808999999995,3.41181218624115,4.572563171386719,False,ekf2_innovations.vel_pos_innov[3]
development,reference,ekf2_innovation_bias__2019-01-18__08_39_38__fault,41.627809,3.41181218624115,4.572563171386719,False,ekf2_innovations.vel_pos_innov[3]
development,reference,ekf2_innovation_bias__2019-01-18__08_39_38__fault,42.427808999999996,3.41181218624115,4.572563171386719,False,ekf2_innovations.vel_pos_innov[3]
development,reference,ekf2_innovation_bias__2019-01-18__08_39_38__fault,43.227809,3.41181218624115,4.572563171386719,False,ekf2_innovations.vel_pos_innov[3]
development,reference,ekf2_innovation_bias__2019-01-18__08_39_38__fault,44.027809,3.41181218624115,4.572563171386719,False,ekf2_innovations.vel_pos_innov[3]
development,reference,ekf2_innovation_bias__2019-01-18__08_39_38__fault,44.827808999999995,3.41181218624115,4.572563171386719,False,ekf2_innovations.vel_pos_innov[3]
development,reference,ekf2_innovation_bias__2019-01-18__08_39_38__fault,45.627809,3.41181218624115,4.572563171386719,False,ekf2_innovations.vel_pos_innov[3]
development,reference,ekf2_innovation_bias__2019-01-18__08_39_38__fault,46.427808999999996,3.41181218624115,4.572563171386719,False,ekf2_innovations.vel_pos_innov[3]
development,reference,ekf2_innovation_bias__2019-01-18__08_39_38__fault,47.227809,3.41181218624115,4.572563171386719,False,ekf2_innovations.vel_pos_innov[3]
development,reference,ekf2_innovation_bias__2019-01-18__08_39_38__fault,48.027809,3.41181218624115,4.572563171386719,False,ekf2_innovations.vel_pos_innov[3]
development,reference,ekf2_innovation_bias__2019-01-18__08_39_38__fault,48.827808999999995,3.41181218624115,4.572563171386719,False,ekf2_innovations.vel_pos_innov[3]
development,reference,ekf2_innovation_bias__2019-01-18__08_39_38__fault,49.627809,3.41181218624115,4.572563171386719,False,ekf2_innovations.vel_pos_innov[3]
development,reference,ekf2_innovation_bias__2019-01-18__08_39_38__fault,50.427808999999996,3.41181218624115,4.572563171386719,False,ekf2_innovations.vel_pos_innov[3]
development,reference,ekf2_innovation_bias__2019-01-18__08_39_38__fault,51.227809,3.41181218624115,4.572563171386719,False,ekf2_innovations.vel_pos_innov[3]
development,reference,ekf2_innovation_bias__2019-01-18__08_39_38__fault,52.027809,3.41181218624115,4.572563171386719,False,ekf2_innovations.vel_pos_innov[3]
development,reference,ekf2_innovation_bias__2019-01-18__08_39_38__fault,52.827808999999995,3.41181218624115,4.572563171386719,False,ekf2_innovations.vel_pos_innov[3]
development,reference,ekf2_innovation_bias__2019-01-18__08_39_38__fault,53.627809,3.41181218624115,4.572563171386719,False,ekf2_innovations.vel_pos_innov[3]
development,reference,ekf2_innovation_bias__2019-01-18__08_39_38__fault,54.427808999999996,3.41181218624115,4.572563171386719,False,ekf2_innovations.vel_pos_innov[3]
development,reference,ekf2_innovation_bias__2019-01-18__08_39_38__fault,55.227809,3.41181218624115,4.572563171386719,False,ekf2_innovations.vel_pos_innov[3]
development,reference,ekf2_innovation_bias__2019-01-18__08_39_38__fault,56.027809,3.41181218624115,4.572563171386719,False,ekf2_innovations.vel_pos_innov[3]
development,reference,ekf2_innovation_bias__2019-01-18__08_39_38__fault,56.827808999999995,3.41181218624115,4.572563171386719,False,ekf2_innovations.vel_pos_innov[3]
development,reference,ekf2_innovation_bias__2019-01-18__08_39_38__fault,57.627809,3.41181218624115,4.572563171386719,False,ekf2_innovations.vel_pos_innov[3]
development,reference,ekf2_innovation_bias__2019-01-18__08_39_38__fault,58.427808999999996,3.41181218624115,4.572563171386719,False,ekf2_innovations.vel_pos_innov[3]
development,reference,ekf2_innovation_bias__2019-01-18__08_39_38__fault,59.227809,3.41181218624115,4.572563171386719,False,ekf2_innovations.vel_pos_innov[3]
development,reference,ekf2_innovation_bias__2019-01-18__08_39_38__fault,60.027809,3.41181218624115,4.572563171386719,False,ekf2_innovations.vel_pos_innov[3]
development,reference,ekf2_innovation_bias__2019-01-18__08_39_38__fault,60.827808999999995,3.41181218624115,4.572563171386719,False,ekf2_innovations.vel_pos_innov[3]
development,reference,ekf2_innovation_bias__2019-01-18__08_39_38__fault,61.627809,3.41181218624115,4.572563171386719,False,ekf2_innovations.vel_pos_innov[3]
development,reference,ekf2_innovation_bias__2019-01-18__08_39_38__fault,62.427808999999996,3.41181218624115,4.572563171386719,False,ekf2_innovations.vel_pos_innov[3]
development,reference,ekf2_innovation_bias__2019-01-18__08_39_38__fault,63.227809,3.41181218624115,4.572563171386719,False,ekf2_innovations.vel_pos_innov[3]
development,reference,ekf2_innovation_bias__2019-01-18__08_39_38__fault,64.027809,3.41181218624115,4.572563171386719,False,ekf2_innovations.vel_pos_innov[3]
development,reference,ekf2_innovation_bias__2019-01-18__08_39_38__fault,64.827809,3.41181218624115,4.572563171386719,False,ekf2_innovations.vel_pos_innov[3]
development,reference,ekf2_innovation_bias__2019-01-18__08_39_38__fault,65.627809,3.41181218624115,4.572563171386719,False,ekf2_innovations.vel_pos_innov[3]
development,reference,ekf2_innovation_bias__2019-01-18__08_39_38__fault,66.42780900000001,3.41181218624115,4.572563171386719,False,ekf2_innovations.vel_pos_innov[3]
development,reference,ekf2_innovation_bias__2019-01-18__08_39_38__fault,67.22780900000001,3.41181218624115,4.572563171386719,False,ekf2_innovations.vel_pos_innov[3]
development,reference,ekf2_innovation_bias__2019-01-25__17_38_05__fault,9.616724999999999,0.0,4.572563171386719,False,actuator_controls_0.control[0]
development,reference,ekf2_innovation_bias__2019-01-25__17_38_05__fault,10.416725,0.0,4.572563171386719,False,actuator_controls_0.control[0]
development,reference,ekf2_innovation_bias__2019-01-25__17_38_05__fault,11.216724999999999,0.0,4.572563171386719,False,actuator_controls_0.control[0]
development,reference,ekf2_innovation_bias__2019-01-25__17_38_05__fault,12.016725,0.0,4.572563171386719,False,actuator_controls_0.control[0]
development,reference,ekf2_innovation_bias__2019-01-25__17_38_05__fault,12.816725,0.8369910060482117,4.572563171386719,False,estimator_status.pos_test_ratio
development,reference,ekf2_innovation_bias__2019-01-25__17_38_05__fault,13.616724999999999,0.8369905953967337,4.572563171386719,False,estimator_status.pos_test_ratio
development,reference,ekf2_innovation_bias__2019-01-25__17_38_05__fault,14.416725,0.8369905269548208,4.572563171386719,False,estimator_status.pos_test_ratio
development,reference,ekf2_innovation_bias__2019-01-25__17_38_05__fault,15.216724999999999,0.8381157868468905,4.572563171386719,False,ekf2_innovations.output_tracking_error[1]
development,reference,ekf2_innovation_bias__2019-01-25__17_38_05__fault,16.016725,0.8562293767144038,4.572563171386719,False,ekf2_innovations.output_tracking_error[1]
development,reference,ekf2_innovation_bias__2019-01-25__17_38_05__fault,16.816725,0.8580182548293425,4.572563171386719,False,ekf2_innovations.output_tracking_error[1]
development,reference,ekf2_innovation_bias__2019-01-25__17_38_05__fault,17.616725000000002,0.8580182548293425,4.572563171386719,False,ekf2_innovations.output_tracking_error[1]
development,reference,ekf2_innovation_bias__2019-01-25__17_38_05__fault,18.416725,0.8580182548293425,4.572563171386719,False,ekf2_innovations.output_tracking_error[1]
development,reference,ekf2_innovation_bias__2019-01-25__17_38_05__fault,19.216725,0.8580183852424056,4.572563171386719,False,ekf2_innovations.output_tracking_error[1]
development,reference,ekf2_innovation_bias__2019-01-25__17_38_05__fault,20.016725,0.8580185156554686,4.572563171386719,False,ekf2_innovations.output_tracking_error[1]
development,reference,ekf2_innovation_bias__2019-01-25__17_38_05__fault,20.816725,0.8580184504489372,4.572563171386719,False,ekf2_innovations.output_tracking_error[1]
development,reference,ekf2_innovation_bias__2019-01-25__17_38_05__fault,21.616725000000002,0.858018320035874,4.572563171386719,False,ekf2_innovations.output_tracking_error[1]
development,reference,ekf2_innovation_bias__2019-01-25__17_38_05__fault,22.416725,0.8580181896228108,4.572563171386719,False,ekf2_innovations.output_tracking_error[1]
development,reference,ekf2_innovation_bias__2019-01-25__17_38_05__fault,23.216725,0.8580181896228108,4.572563171386719,False,ekf2_innovations.output_tracking_error[1]
development,reference,ekf2_innovation_bias__2019-01-25__17_38_05__fault,24.016725,0.8580181896228108,4.572563171386719,False,ekf2_innovations.output_tracking_error[1]
development,reference,ekf2_innovation_bias__2019-01-25__17_38_05__fault,24.816725,0.9237878448113239,4.572563171386719,False,ekf2_innovations.output_tracking_error[1]
development,reference,ekf2_innovation_bias__2019-01-25__17_38_05__fault,25.616725000000002,0.9237878448113239,4.572563171386719,False,ekf2_innovations.output_tracking_error[1]
development,reference,ekf2_innovation_bias__2019-01-25__17_38_05__fault,26.416725,0.12332907398707879,4.572563171386719,False,estimator_status.vibe[2]
development,reference,ekf2_innovation_bias__2019-01-25__17_38_05__fault,27.216725,0.12332907398707879,4.572563171386719,False,estimator_status.vibe[2]
development,reference,ekf2_innovation_bias__2019-01-25__17_38_05__fault,28.016725,0.09583162499544129,4.572563171386719,False,estimator_status.vibe[2]
development,reference,ekf2_innovation_bias__2019-01-25__17_38_05__fault,28.816725,0.09583162499544129,4.572563171386719,False,estimator_status.vibe[2]
development,reference,ekf2_innovation_bias__2019-01-25__17_38_05__fault,29.616725000000002,0.09583162499544129,4.572563171386719,False,estimator_status.vibe[2]
development,reference,ekf2_innovation_bias__2019-01-25__17_38_05__fault,30.416725,0.09583162499544129,4.572563171386719,False,estimator_status.vibe[2]
development,reference,ekf2_innovation_bias__2019-01-25__17_38_05__fault,31.216725,0.09583162499544129,4.572563171386719,False,estimator_status.vibe[2]
development,reference,ekf2_innovation_bias__2019-01-25__17_38_05__fault,32.016725,0.15086697414517403,4.572563171386719,False,ekf2_innovations.vel_pos_innov[3]
development,reference,ekf2_innovation_bias__2019-01-25__17_38_05__fault,32.816725,19.325556755065918,4.572563171386719,True,ekf2_innovations.vel_pos_innov[3]
development,reference,ekf2_innovation_bias__2019-01-25__17_38_05__fault,33.616725,19.643207788467407,4.572563171386719,True,ekf2_innovations.vel_pos_innov[3]
development,reference,ekf2_innovation_bias__2019-01-25__17_38_05__fault,34.416725,19.738847017288208,4.572563171386719,True,ekf2_innovations.vel_pos_innov[3]
development,reference,ekf2_innovation_bias__2019-01-25__17_38_05__fault,35.216725000000004,19.780904054641724,4.572563171386719,True,ekf2_innovations.vel_pos_innov[3]
development,reference,ekf2_innovation_bias__2019-01-25__17_38_05__fault,36.016725,19.800420999526978,4.572563171386719,True,ekf2_innovations.vel_pos_innov[3]
development,reference,ekf2_innovation_bias__2019-01-25__17_38_05__fault,36.816725,19.78374481201172,4.572563171386719,True,ekf2_innovations.vel_pos_innov[3]
development,reference,ekf2_innovation_bias__2019-01-25__17_38_05__fault,37.616725,19.744932651519775,4.572563171386719,True,ekf2_innovations.vel_pos_innov[3]
development,reference,ekf2_innovation_bias__2019-01-25__17_38_05__fault,38.416725,19.658018350601196,4.572563171386719,True,ekf2_innovations.vel_pos_innov[3]
development,reference,ekf2_innovation_bias__2019-01-25__17_38_05__fault,39.216725000000004,19.38851833343506,4.572563171386719,True,ekf2_innovations.vel_pos_innov[3]
development,reference,ekf2_innovation_bias__2019-01-25__17_38_05__fault,40.016725,3.41181218624115,4.572563171386719,False,ekf2_innovations.vel_pos_innov[3]
development,reference,ekf2_innovation_bias__2019-01-25__17_38_05__fault,40.816725,3.41181218624115,4.572563171386719,False,ekf2_innovations.vel_pos_innov[3]
development,reference,ekf2_innovation_bias__2019-01-25__17_38_05__fault,41.616725,3.41181218624115,4.572563171386719,False,ekf2_innovations.vel_pos_innov[3]
development,reference,ekf2_innovation_bias__2019-01-25__17_38_05__fault,42.416725,3.41181218624115,4.572563171386719,False,ekf2_innovations.vel_pos_innov[3]
development,reference,ekf2_innovation_bias__2019-01-25__17_38_05__fault,43.216725000000004,3.41181218624115,4.572563171386719,False,ekf2_innovations.vel_pos_innov[3]
development,reference,ekf2_innovation_bias__2019-01-25__17_38_05__fault,44.016725,3.41181218624115,4.572563171386719,False,ekf2_innovations.vel_pos_innov[3]
development,reference,ekf2_innovation_bias__2019-01-25__17_38_05__fault,44.816725,3.41181218624115,4.572563171386719,False,ekf2_innovations.vel_pos_innov[3]
development,reference,ekf2_innovation_bias__2019-01-25__17_38_05__fault,45.616725,3.41181218624115,4.572563171386719,False,ekf2_innovations.vel_pos_innov[3]
development,reference,ekf2_innovation_bias__2019-01-25__17_38_05__fault,46.416725,3.41181218624115,4.572563171386719,False,ekf2_innovations.vel_pos_innov[3]
development,reference,ekf2_innovation_bias__2019-01-25__17_38_05__fault,47.216725000000004,3.41181218624115,4.572563171386719,False,ekf2_innovations.vel_pos_innov[3]
development,reference,ekf2_innovation_bias__2019-01-25__17_38_05__fault,48.016725,3.41181218624115,4.572563171386719,False,ekf2_innovations.vel_pos_innov[3]
development,reference,ekf2_innovation_bias__2019-01-25__17_38_05__fault,48.816725,3.41181218624115,4.572563171386719,False,ekf2_innovations.vel_pos_innov[3]
development,reference,ekf2_innovation_bias__2019-01-25__17_38_05__fault,49.616725,3.41181218624115,4.572563171386719,False,ekf2_innovations.vel_pos_innov[3]
development,reference,ekf2_innovation_bias__2019-01-25__17_38_05__fault,50.416725,3.41181218624115,4.572563171386719,False,ekf2_innovations.vel_pos_innov[3]
development,reference,ekf2_innovation_bias__2019-01-25__17_38_05__fault,51.216725000000004,3.41181218624115,4.572563171386719,False,ekf2_innovations.vel_pos_innov[3]
development,reference,ekf2_innovation_bias__2019-01-25__17_38_05__fault,52.016725,3.41181218624115,4.572563171386719,False,ekf2_innovations.vel_pos_innov[3]
development,reference,ekf2_innovation_bias__2019-01-25__17_38_05__fault,52.816725,3.41181218624115,4.572563171386719,False,ekf2_innovations.vel_pos_innov[3]
development,reference,ekf2_innovation_bias__2019-01-25__17_38_05__fault,53.616725,3.41181218624115,4.572563171386719,False,ekf2_innovations.vel_pos_innov[3]
development,reference,ekf2_innovation_bias__2019-01-25__17_38_05__fault,54.416725,3.41181218624115,4.572563171386719,False,ekf2_innovations.vel_pos_innov[3]
development,reference,ekf2_innovation_bias__2019-01-25__17_38_05__fault,55.216725000000004,3.41181218624115,4.572563171386719,False,ekf2_innovations.vel_pos_innov[3]
development,reference,ekf2_innovation_bias__2019-01-25__17_38_05__fault,56.016725,3.41181218624115,4.572563171386719,False,ekf2_innovations.vel_pos_innov[3]
development,reference,ekf2_innovation_bias__2019-01-25__17_38_05__fault,56.816725,3.41181218624115,4.572563171386719,False,ekf2_innovations.vel_pos_innov[3]
development,reference,ekf2_innovation_bias__2019-01-25__17_38_05__fault,57.616725,3.41181218624115,4.572563171386719,False,ekf2_innovations.vel_pos_innov[3]
development,reference,ekf2_innovation_bias__2019-01-25__17_38_05__fault,58.416725,3.41181218624115,4.572563171386719,False,ekf2_innovations.vel_pos_innov[3]
development,reference,ekf2_innovation_bias__2019-01-25__17_38_05__fault,59.216725000000004,3.41181218624115,4.572563171386719,False,ekf2_innovations.vel_pos_innov[3]
development,reference,ekf2_innovation_bias__2019-01-25__17_38_05__fault,60.016725,3.41181218624115,4.572563171386719,False,ekf2_innovations.vel_pos_innov[3]
development,reference,ekf2_innovation_bias__2019-01-25__17_38_05__fault,60.816725,3.41181218624115,4.572563171386719,False,ekf2_innovations.vel_pos_innov[3]
development,reference,ekf2_innovation_bias__2019-01-25__17_38_05__fault,61.616725,3.41181218624115,4.572563171386719,False,ekf2_innovations.vel_pos_innov[3]
development,reference,ekf2_innovation_bias__2019-01-25__17_38_05__fault,62.416725,3.41181218624115,4.572563171386719,False,ekf2_innovations.vel_pos_innov[3]
development,reference,ekf2_innovation_bias__2019-01-25__17_38_05__fault,63.216725000000004,3.41181218624115,4.572563171386719,False,ekf2_innovations.vel_pos_innov[3]
development,reference,ekf2_innovation_bias__2019-01-25__17_38_05__fault,64.016725,3.41181218624115,4.572563171386719,False,ekf2_innovations.vel_pos_innov[3]
development,reference,ekf2_innovation_bias__2019-01-25__17_38_05__fault,64.81672499999999,3.41181218624115,4.572563171386719,False,ekf2_innovations.vel_pos_innov[3]
development,reference,ekf2_innovation_bias__2019-01-25__17_38_05__fault,65.61672499999999,3.41181218624115,4.572563171386719,False,ekf2_innovations.vel_pos_innov[3]
development,reference,ekf2_innovation_bias__2019-01-25__17_38_05__fault,66.416725,3.41181218624115,4.572563171386719,False,ekf2_innovations.vel_pos_innov[3]
development,reference,ekf2_innovation_bias__2019-01-25__17_38_05__fault,67.216725,3.41181218624115,4.572563171386719,False,ekf2_innovations.vel_pos_innov[3]
development,reference,ekf2_innovation_bias__2019-01-25__17_38_05__fault,68.016725,3.41181218624115,4.572563171386719,False,ekf2_innovations.vel_pos_innov[3]
development,reference,ekf2_innovation_bias__2019-01-25__17_38_05__fault,68.81672499999999,3.41181218624115,4.572563171386719,False,ekf2_innovations.vel_pos_innov[3]
development,reference,ekf2_innovation_bias__2019-01-25__17_38_05__fault,69.61672499999999,3.41181218624115,4.572563171386719,False,ekf2_innovations.vel_pos_innov[3]
development,reference,ekf2_innovation_bias__2019-01-25__17_38_05__fault,70.416725,3.41181218624115,4.572563171386719,False,ekf2_innovations.vel_pos_innov[3]
development,reference,ekf2_innovation_bias__2019-01-25__17_38_05__fault,71.216725,3.41181218624115,4.572563171386719,False,ekf2_innovations.vel_pos_innov[3]
development,reference,ekf2_innovation_bias__2019-01-25__17_38_05__fault,72.016725,3.41181218624115,4.572563171386719,False,ekf2_innovations.vel_pos_innov[3]
development,reference,ekf2_innovation_bias__2019-01-25__17_38_05__fault,72.81672499999999,3.41181218624115,4.572563171386719,False,ekf2_innovations.vel_pos_innov[3]
development,reference,ekf2_innovation_bias__2019-01-25__17_38_05__fault,73.61672499999999,3.41181218624115,4.572563171386719,False,ekf2_innovations.vel_pos_innov[3]
development,reference,ekf2_innovation_bias__2019-01-25__17_38_05__fault,74.416725,3.41181218624115,4.572563171386719,False,ekf2_innovations.vel_pos_innov[3]
development,reference,ekf2_innovation_bias__2019-01-25__17_38_05__fault,75.216725,3.41181218624115,4.572563171386719,False,ekf2_innovations.vel_pos_innov[3]
development,reference,ekf2_innovation_bias__2019-01-25__17_38_05__fault,76.016725,3.41181218624115,4.572563171386719,False,ekf2_innovations.vel_pos_innov[3]
development,reference,ekf2_innovation_bias__2019-01-25__17_38_05__fault,76.81672499999999,3.41181218624115,4.572563171386719,False,ekf2_innovations.vel_pos_innov[3]
development,reference,ekf2_innovation_bias__2019-01-25__17_38_05__fault,77.61672499999999,3.41181218624115,4.572563171386719,False,ekf2_innovations.vel_pos_innov[3]
development,reference,ekf2_innovation_bias__2019-01-25__17_38_05__fault,78.416725,3.41181218624115,4.572563171386719,False,ekf2_innovations.vel_pos_innov[3]
development,reference,ekf2_innovation_bias__2019-01-25__17_38_05__fault,79.216725,3.41181218624115,4.572563171386719,False,ekf2_innovations.vel_pos_innov[3]
development,reference,ekf2_innovation_bias__2019-01-25__17_38_05__fault,80.016725,3.41181218624115,4.572563171386719,False,ekf2_innovations.vel_pos_innov[3]
development,reference,ekf2_innovation_bias__2019-01-25__17_38_05__fault,80.81672499999999,3.41181218624115,4.572563171386719,False,ekf2_innovations.vel_pos_innov[3]
development,reference,ekf2_innovation_bias__2019-01-25__17_38_05__fault,81.61672499999999,3.41181218624115,4.572563171386719,False,ekf2_innovations.vel_pos_innov[3]
development,reference,ekf2_innovation_bias__2019-01-25__17_38_05__fault,82.416725,3.41181218624115,4.572563171386719,False,ekf2_innovations.vel_pos_innov[3]
development,reference,ekf2_innovation_bias__2019-01-25__17_38_05__fault,83.216725,3.41181218624115,4.572563171386719,False,ekf2_innovations.vel_pos_innov[3]
development,reference,ekf2_innovation_bias__2019-01-25__17_38_05__fault,84.016725,3.41181218624115,4.572563171386719,False,ekf2_innovations.vel_pos_innov[3]
development,reference,ekf2_innovation_bias__2019-01-25__17_38_05__fault,84.81672499999999,3.41181218624115,4.572563171386719,False,ekf2_innovations.vel_pos_innov[3]
development,reference,ekf2_innovation_bias__2019-01-25__17_38_05__fault,85.61672499999999,3.41181218624115,4.572563171386719,False,ekf2_innovations.vel_pos_innov[3]
development,reference,ekf2_innovation_bias__2019-01-25__17_38_05__fault,86.416725,3.41181218624115,4.572563171386719,False,ekf2_innovations.vel_pos_innov[3]
development,reference,ekf2_innovation_bias__2019-01-25__17_38_05__fault,87.216725,3.41181218624115,4.572563171386719,False,ekf2_innovations.vel_pos_innov[3]
development,reference,ekf2_innovation_bias__2019-01-25__17_38_05__fault,88.016725,13.94965648651123,4.572563171386719,True,ekf2_innovations.vel_pos_innov[3]
development,reference,ekf2_innovation_bias__2019-01-25__17_38_05__fault,88.81672499999999,15.375450849533081,4.572563171386719,True,ekf2_innovations.vel_pos_innov[3]
development,reference,ekf2_innovation_bias__2019-01-25__17_38_05__fault,89.61672499999999,15.375450849533081,4.572563171386719,True,ekf2_innovations.vel_pos_innov[3]
development,reference,ekf2_innovation_bias__2019-01-25__17_38_05__fault,90.416725,16.424518823623657,4.572563171386719,True,ekf2_innovations.vel_pos_innov[3]
development,reference,ekf2_innovation_bias__2019-01-25__17_38_05__fault,91.216725,16.424514055252075,4.572563171386719,True,ekf2_innovations.vel_pos_innov[3]
development,reference,ekf2_innovation_bias__2019-01-25__17_38_05__fault,92.016725,16.424509286880493,4.572563171386719,True,ekf2_innovations.vel_pos_innov[3]
development,reference,ekf2_innovation_bias__2019-01-25__17_38_05__fault,92.81672499999999,16.424505710601807,4.572563171386719,True,ekf2_innovations.vel_pos_innov[3]
development,reference,ekf2_innovation_bias__2019-03-06__08_02_26__fault,9.620044,0.0,4.572563171386719,False,actuator_controls_0.control[0]
development,reference,ekf2_innovation_bias__2019-03-06__08_02_26__fault,10.420044,0.0,4.572563171386719,False,actuator_controls_0.control[0]
development,reference,ekf2_innovation_bias__2019-03-06__08_02_26__fault,11.220044,0.0,4.572563171386719,False,actuator_controls_0.control[0]
development,reference,ekf2_innovation_bias__2019-03-06__08_02_26__fault,12.020044,0.0,4.572563171386719,False,actuator_controls_0.control[0]
development,reference,ekf2_innovation_bias__2019-03-06__08_02_26__fault,12.820044000000001,0.16354479746955364,4.572563171386719,False,estimator_status.vibe[2]
development,reference,ekf2_innovation_bias__2019-03-06__08_02_26__fault,13.620044,0.24265605793947784,4.572563171386719,False,estimator_status.vibe[1]
development,reference,ekf2_innovation_bias__2019-03-06__08_02_26__fault,14.420044,0.24265605793947784,4.572563171386719,False,estimator_status.vibe[1]
development,reference,ekf2_innovation_bias__2019-03-06__08_02_26__fault,15.220044,0.24265605793947784,4.572563171386719,False,estimator_status.vibe[1]
development,reference,ekf2_innovation_bias__2019-03-06__08_02_26__fault,16.020044,0.24265605793947784,4.572563171386719,False,estimator_status.vibe[1]
development,reference,ekf2_innovation_bias__2019-03-06__08_02_26__fault,16.820044,0.15670748260440925,4.572563171386719,False,estimator_status.vibe[2]
development,reference,ekf2_innovation_bias__2019-03-06__08_02_26__fault,17.620044,0.1134256811784709,4.572563171386719,False,estimator_status.vibe[2]
development,reference,ekf2_innovation_bias__2019-03-06__08_02_26__fault,18.420043999999997,0.10031629970423923,4.572563171386719,False,estimator_status.vibe[2]
development,reference,ekf2_innovation_bias__2019-03-06__08_02_26__fault,19.220043999999998,0.12867473649796268,4.572563171386719,False,estimator_status.vibe[1]
development,reference,ekf2_innovation_bias__2019-03-06__08_02_26__fault,20.020044,0.12867473649796268,4.572563171386719,False,estimator_status.vibe[1]
development,reference,ekf2_innovation_bias__2019-03-06__08_02_26__fault,20.820044,0.14590721399076997,4.572563171386719,False,estimator_status.vibe[2]
development,reference,ekf2_innovation_bias__2019-03-06__08_02_26__fault,21.620044,0.1647197075352813,4.572563171386719,False,estimator_status.vibe[2]
development,reference,ekf2_innovation_bias__2019-03-06__08_02_26__fault,22.420043999999997,0.1647197075352813,4.572563171386719,False,estimator_status.vibe[2]
development,reference,ekf2_innovation_bias__2019-03-06__08_02_26__fault,23.220043999999998,0.24924956734746948,4.572563171386719,False,estimator_status.vibe[1]
development,reference,ekf2_innovation_bias__2019-03-06__08_02_26__fault,24.020044,0.24924956734746948,4.572563171386719,False,estimator_status.vibe[1]
development,reference,ekf2_innovation_bias__2019-03-06__08_02_26__fault,24.820044,0.24924956734746948,4.572563171386719,False,estimator_status.vibe[1]
development,reference,ekf2_innovation_bias__2019-03-06__08_02_26__fault,25.620044,0.24924956734746948,4.572563171386719,False,estimator_status.vibe[1]
development,reference,ekf2_innovation_bias__2019-03-06__08_02_26__fault,26.420043999999997,0.24924956734746948,4.572563171386719,False,estimator_status.vibe[1]
development,reference,ekf2_innovation_bias__2019-03-06__08_02_26__fault,27.220043999999998,0.24924956734746948,4.572563171386719,False,estimator_status.vibe[1]
development,reference,ekf2_innovation_bias__2019-03-06__08_02_26__fault,28.020044,0.24924956734746948,4.572563171386719,False,estimator_status.vibe[1]
development,reference,ekf2_innovation_bias__2019-03-06__08_02_26__fault,28.820044,0.24924956734746948,4.572563171386719,False,estimator_status.vibe[1]
development,reference,ekf2_innovation_bias__2019-03-06__08_02_26__fault,29.620044,0.1996624012821534,4.572563171386719,False,estimator_status.vibe[1]
development,reference,ekf2_innovation_bias__2019-03-06__08_02_26__fault,30.420043999999997,0.1996624012821534,4.572563171386719,False,estimator_status.vibe[1]
development,reference,ekf2_innovation_bias__2019-03-06__08_02_26__fault,31.220043999999998,0.1996624012821534,4.572563171386719,False,estimator_status.vibe[1]
development,reference,ekf2_innovation_bias__2019-03-06__08_02_26__fault,32.020044,0.23373641073703766,4.572563171386719,False,ekf2_innovations.vel_pos_innov[3]
development,reference,ekf2_innovation_bias__2019-03-06__08_02_26__fault,32.820043999999996,19.35842990875244,4.572563171386719,True,ekf2_innovations.vel_pos_innov[3]
development,reference,ekf2_innovation_bias__2019-03-06__08_02_26__fault,33.620044,19.659117460250854,4.572563171386719,True,ekf2_innovations.vel_pos_innov[3]
development,reference,ekf2_innovation_bias__2019-03-06__08_02_26__fault,34.420044,19.750148057937622,4.572563171386719,True,ekf2_innovations.vel_pos_innov[3]
development,reference,ekf2_innovation_bias__2019-03-06__08_02_26__fault,35.220044,19.790241718292236,4.572563171386719,True,ekf2_innovations.vel_pos_innov[3]
development,reference,ekf2_innovation_bias__2019-03-06__08_02_26__fault,36.020044,19.80880618095398,4.572563171386719,True,ekf2_innovations.vel_pos_innov[3]
development,reference,ekf2_innovation_bias__2019-03-06__08_02_26__fault,36.820043999999996,19.792661666870117,4.572563171386719,True,ekf2_innovations.vel_pos_innov[3]
development,reference,ekf2_innovation_bias__2019-03-06__08_02_26__fault,37.620044,19.755324125289917,4.572563171386719,True,ekf2_innovations.vel_pos_innov[3]
development,reference,ekf2_innovation_bias__2019-03-06__08_02_26__fault,38.420044,19.671732187271118,4.572563171386719,True,ekf2_innovations.vel_pos_innov[3]
development,reference,ekf2_innovation_bias__2019-03-06__08_02_26__fault,39.220044,19.411633014678955,4.572563171386719,True,ekf2_innovations.vel_pos_innov[3]
development,reference,ekf2_innovation_bias__2019-03-06__08_02_26__fault,40.020044,3.41181218624115,4.572563171386719,False,ekf2_innovations.vel_pos_innov[3]
development,reference,ekf2_innovation_bias__2019-03-06__08_02_26__fault,40.820043999999996,3.41181218624115,4.572563171386719,False,ekf2_innovations.vel_pos_innov[3]
development,reference,ekf2_innovation_bias__2019-03-06__08_02_26__fault,41.620044,3.41181218624115,4.572563171386719,False,ekf2_innovations.vel_pos_innov[3]
development,reference,ekf2_innovation_bias__2019-03-06__08_02_26__fault,42.420044,3.41181218624115,4.572563171386719,False,ekf2_innovations.vel_pos_innov[3]
development,reference,ekf2_innovation_bias__2019-03-06__08_02_26__fault,43.220044,3.41181218624115,4.572563171386719,False,ekf2_innovations.vel_pos_innov[3]
development,reference,ekf2_innovation_bias__2019-03-06__08_02_26__fault,44.020044,3.41181218624115,4.572563171386719,False,ekf2_innovations.vel_pos_innov[3]
development,reference,ekf2_innovation_bias__2019-03-06__08_02_26__fault,44.820043999999996,3.41181218624115,4.572563171386719,False,ekf2_innovations.vel_pos_innov[3]
development,reference,ekf2_innovation_bias__2019-03-06__08_02_26__fault,45.620044,3.41181218624115,4.572563171386719,False,ekf2_innovations.vel_pos_innov[3]
development,reference,ekf2_innovation_bias__2019-03-06__08_02_26__fault,46.420044,3.41181218624115,4.572563171386719,False,ekf2_innovations.vel_pos_innov[3]
development,reference,ekf2_innovation_bias__2019-03-06__08_02_26__fault,47.220044,3.41181218624115,4.572563171386719,False,ekf2_innovations.vel_pos_innov[3]
development,reference,ekf2_innovation_bias__2019-03-06__08_02_26__fault,48.020044,14.054062366485596,4.572563171386719,True,ekf2_innovations.vel_pos_innov[3]
development,reference,ekf2_innovation_bias__2019-03-06__08_02_26__fault,48.820043999999996,14.054062366485596,4.572563171386719,True,ekf2_innovations.vel_pos_innov[3]
development,reference,ekf2_innovation_bias__2019-03-06__08_02_26__fault,49.620044,14.535969495773315,4.572563171386719,True,ekf2_innovations.vel_pos_innov[3]
development,reference,ekf2_innovation_bias__2019-03-06__08_02_26__fault,50.420044,15.698658227920532,4.572563171386719,True,ekf2_innovations.vel_pos_innov[3]
development,reference,ekf2_innovation_bias__2019-03-06__08_02_26__fault,51.220044,15.845597982406616,4.572563171386719,True,ekf2_innovations.vel_pos_innov[3]
development,reference,ekf2_innovation_bias__2019-03-06__08_02_26__fault,52.020044,15.845581293106079,4.572563171386719,True,ekf2_innovations.vel_pos_innov[3]
development,reference,ekf2_innovation_bias__2019-03-06__08_02_26__fault,52.820043999999996,15.845571756362915,4.572563171386719,True,ekf2_innovations.vel_pos_innov[3]
development,reference,ekf2_innovation_bias__2019-03-06__08_02_26__fault,53.620044,15.845565795898438,4.572563171386719,True,ekf2_innovations.vel_pos_innov[3]
development,reference,ekf2_innovation_bias__2019-03-06__08_02_26__fault,54.420044,15.845565795898438,4.572563171386719,True,ekf2_innovations.vel_pos_innov[3]
development,reference,ekf2_innovation_bias__2019-03-06__08_02_26__fault,55.220044,15.845565795898438,4.572563171386719,True,ekf2_innovations.vel_pos_innov[3]
development,reference,ekf2_innovation_bias__2019-03-06__08_02_26__fault,56.020044,15.84560751914978,4.572563171386719,True,ekf2_innovations.vel_pos_innov[3]
development,reference,ekf2_innovation_bias__2019-03-06__08_02_26__fault,56.820043999999996,15.845609903335571,4.572563171386719,True,ekf2_innovations.vel_pos_innov[3]
development,reference,ekf2_innovation_bias__2019-03-06__08_02_26__fault,57.620044,16.066477298736572,4.572563171386719,True,ekf2_innovations.vel_pos_innov[3]
development,reference,ekf2_innovation_bias__2019-03-06__08_02_26__fault,58.420044,16.534115076065063,4.572563171386719,True,ekf2_innovations.vel_pos_innov[3]
development,reference,ekf2_innovation_bias__2019-03-06__08_02_26__fault,59.220044,3.41181218624115,4.572563171386719,False,ekf2_innovations.vel_pos_innov[3]
development,reference,ekf2_innovation_bias__2019-03-06__08_02_26__fault,60.020044,3.41181218624115,4.572563171386719,False,ekf2_innovations.vel_pos_innov[3]
development,reference,ekf2_innovation_bias__2019-03-06__08_02_26__fault,60.820043999999996,3.41181218624115,4.572563171386719,False,ekf2_innovations.vel_pos_innov[3]
development,reference,ekf2_innovation_bias__2019-03-06__08_02_26__fault,61.620044,3.41181218624115,4.572563171386719,False,ekf2_innovations.vel_pos_innov[3]
development,reference,ekf2_innovation_bias__2019-03-06__08_02_26__fault,62.420044,3.41181218624115,4.572563171386719,False,ekf2_innovations.vel_pos_innov[3]
development,reference,ekf2_innovation_bias__2019-03-06__08_02_26__fault,63.220044,3.41181218624115,4.572563171386719,False,ekf2_innovations.vel_pos_innov[3]
development,reference,ekf2_innovation_bias__2019-03-06__08_02_26__fault,64.020044,3.41181218624115,4.572563171386719,False,ekf2_innovations.vel_pos_innov[3]
development,reference,ekf2_innovation_bias__2019-03-06__08_02_26__fault,64.820044,3.41181218624115,4.572563171386719,False,ekf2_innovations.vel_pos_innov[3]
development,reference,ekf2_innovation_bias__2019-03-06__08_02_26__fault,65.620044,3.41181218624115,4.572563171386719,False,ekf2_innovations.vel_pos_innov[3]
development,reference,ekf2_innovation_bias__2019-03-06__08_02_26__fault,66.420044,3.41181218624115,4.572563171386719,False,ekf2_innovations.vel_pos_innov[3]
development,reference,ekf2_innovation_bias__2019-03-06__08_02_26__fault,67.220044,3.41181218624115,4.572563171386719,False,ekf2_innovations.vel_pos_innov[3]
development,reference,ekf2_innovation_bias__2019-03-06__08_02_26__fault,68.020044,3.41181218624115,4.572563171386719,False,ekf2_innovations.vel_pos_innov[3]
development,reference,ekf2_innovation_bias__2019-03-06__08_02_26__fault,68.820044,3.4118130803108215,4.572563171386719,False,ekf2_innovations.vel_pos_innov[3]
development,reference,ekf2_innovation_bias__2019-03-06__08_02_26__fault,69.620044,3.4148579835891724,4.572563171386719,False,ekf2_innovations.vel_pos_innov[3]
development,reference,ekf2_innovation_bias__2019-03-06__08_02_26__fault,70.420044,3.4148579835891724,4.572563171386719,False,ekf2_innovations.vel_pos_innov[3]
development,reference,ekf2_innovation_bias__2019-03-06__08_02_26__fault,71.220044,3.4148579835891724,4.572563171386719,False,ekf2_innovations.vel_pos_innov[3]
development,reference,ekf2_innovation_bias__2019-03-06__08_02_26__fault,72.020044,3.4148579835891724,4.572563171386719,False,ekf2_innovations.vel_pos_innov[3]
development,reference,ekf2_innovation_bias__2019-03-06__08_02_26__fault,72.820044,3.4148579835891724,4.572563171386719,False,ekf2_innovations.vel_pos_innov[3]
development,reference,ekf2_innovation_bias__2019-03-06__08_02_26__fault,73.620044,3.4148579835891724,4.572563171386719,False,ekf2_innovations.vel_pos_innov[3]
development,reference,ekf2_innovation_bias__2019-03-06__08_02_26__fault,74.420044,3.4148579835891724,4.572563171386719,False,ekf2_innovations.vel_pos_innov[3]
development,reference,ekf2_innovation_bias__2019-03-06__08_02_26__fault,75.220044,3.4148579835891724,4.572563171386719,False,ekf2_innovations.vel_pos_innov[3]
development,reference,ekf2_innovation_bias__2019-03-06__08_02_26__fault,76.020044,3.4148579835891724,4.572563171386719,False,ekf2_innovations.vel_pos_innov[3]
development,reference,ekf2_innovation_bias__2019-03-06__08_02_26__fault,76.820044,3.4148579835891724,4.572563171386719,False,ekf2_innovations.vel_pos_innov[3]
development,reference,ekf2_innovation_bias__2019-03-06__08_02_26__fault,77.620044,3.4118205308914185,4.572563171386719,False,ekf2_innovations.vel_pos_innov[3]
development,reference,ekf2_innovation_bias__2019-03-06__08_02_26__fault,78.420044,3.41181218624115,4.572563171386719,False,ekf2_innovations.vel_pos_innov[3]
development,reference,ekf2_innovation_bias__2019-03-06__08_02_26__fault,79.220044,3.41181218624115,4.572563171386719,False,ekf2_innovations.vel_pos_innov[3]
development,reference,ekf2_innovation_bias__2019-03-06__08_02_26__fault,80.020044,3.41181218624115,4.572563171386719,False,ekf2_innovations.vel_pos_innov[3]
development,reference,ekf2_innovation_bias__2019-03-06__08_02_26__fault,80.820044,3.41181218624115,4.572563171386719,False,ekf2_innovations.vel_pos_innov[3]
development,reference,ekf2_innovation_bias__2019-03-06__08_02_26__fault,81.620044,3.41181218624115,4.572563171386719,False,ekf2_innovations.vel_pos_innov[3]
development,reference,ekf2_innovation_bias__2019-03-06__08_02_26__fault,82.420044,3.41181218624115,4.572563171386719,False,ekf2_innovations.vel_pos_innov[3]
development,reference,ekf2_innovation_bias__2019-03-06__08_02_26__fault,83.220044,3.41181218624115,4.572563171386719,False,ekf2_innovations.vel_pos_innov[3]
development,reference,ekf2_innovation_bias__2019-03-06__08_02_26__fault,84.020044,3.41181218624115,4.572563171386719,False,ekf2_innovations.vel_pos_innov[3]
development,reference,ekf2_innovation_bias__2019-03-06__08_02_26__fault,84.820044,3.41181218624115,4.572563171386719,False,ekf2_innovations.vel_pos_innov[3]
development,reference,ekf2_innovation_bias__2019-03-06__08_02_26__fault,85.620044,3.41181218624115,4.572563171386719,False,ekf2_innovations.vel_pos_innov[3]
development,reference,ekf2_innovation_bias__2019-03-06__08_02_26__fault,86.420044,3.41181218624115,4.572563171386719,False,ekf2_innovations.vel_pos_innov[3]
development,reference,ekf2_innovation_bias__2019-03-06__08_02_26__fault,87.220044,3.41181218624115,4.572563171386719,False,ekf2_innovations.vel_pos_innov[3]
development,reference,ekf2_innovation_bias__2019-03-06__08_02_26__fault,88.020044,3.41181218624115,4.572563171386719,False,ekf2_innovations.vel_pos_innov[3]
development,reference,ekf2_innovation_bias__2019-03-06__08_02_26__fault,88.820044,3.41181218624115,4.572563171386719,False,ekf2_innovations.vel_pos_innov[3]
development,reference,ekf2_innovation_bias__2019-03-06__08_02_26__fault,89.620044,3.41181218624115,4.572563171386719,False,ekf2_innovations.vel_pos_innov[3]
development,reference,ekf2_innovation_bias__2019-03-06__08_02_26__fault,90.420044,3.41181218624115,4.572563171386719,False,ekf2_innovations.vel_pos_innov[3]
development,reference,ekf2_innovation_bias__2019-03-06__08_02_26__fault,91.220044,3.41181218624115,4.572563171386719,False,ekf2_innovations.vel_pos_innov[3]
development,reference,ekf2_innovation_bias__2019-03-06__08_02_26__fault,92.020044,3.41181218624115,4.572563171386719,False,ekf2_innovations.vel_pos_innov[3]
development,reference,ekf2_innovation_bias__2019-03-06__08_02_26__fault,92.820044,3.41181218624115,4.572563171386719,False,ekf2_innovations.vel_pos_innov[3]
development,reference,ekf2_innovation_bias__2019-03-06__08_02_26__fault,93.620044,3.41181218624115,4.572563171386719,False,ekf2_innovations.vel_pos_innov[3]
development,reference,ekf2_innovation_bias__2019-03-06__08_02_26__fault,94.420044,3.41181218624115,4.572563171386719,False,ekf2_innovations.vel_pos_innov[3]
development,reference,ekf2_innovation_bias__2019-03-06__08_02_26__fault,95.220044,3.41181218624115,4.572563171386719,False,ekf2_innovations.vel_pos_innov[3]
development,reference,ekf2_innovation_bias__2019-03-06__08_02_26__fault,96.020044,3.41181218624115,4.572563171386719,False,ekf2_innovations.vel_pos_innov[3]
development,reference,inav_local_z_freeze__2019-01-18__08_39_38__fault,9.617708,0.0,4.572563171386719,False,actuator_controls_0.control[0]
development,reference,inav_local_z_freeze__2019-01-18__08_39_38__fault,10.417708000000001,0.0,4.572563171386719,False,actuator_controls_0.control[0]
development,reference,inav_local_z_freeze__2019-01-18__08_39_38__fault,11.217708,0.0,4.572563171386719,False,actuator_controls_0.control[0]
development,reference,inav_local_z_freeze__2019-01-18__08_39_38__fault,12.017708,0.0,4.572563171386719,False,actuator_controls_0.control[0]
development,reference,inav_local_z_freeze__2019-01-18__08_39_38__fault,12.817708000000001,0.0,4.572563171386719,False,actuator_controls_0.control[0]
development,reference,inav_local_z_freeze__2019-01-18__08_39_38__fault,13.617708,0.0,4.572563171386719,False,actuator_controls_0.control[0]
development,reference,inav_local_z_freeze__2019-01-18__08_39_38__fault,14.417708000000001,0.04938562096564866,4.572563171386719,False,vehicle_local_position.vy
development,reference,inav_local_z_freeze__2019-01-18__08_39_38__fault,15.217708,0.057796888851283645,4.572563171386719,False,vehicle_local_position.vx
development,reference,inav_local_z_freeze__2019-01-18__08_39_38__fault,16.017708,0.05914352855671691,4.572563171386719,False,vehicle_local_position.vx
development,reference,inav_local_z_freeze__2019-01-18__08_39_38__fault,16.817708,0.05022816353683432,4.572563171386719,False,vehicle_local_position.vx
development,reference,inav_local_z_freeze__2019-01-18__08_39_38__fault,17.617708,0.05022816353683432,4.572563171386719,False,vehicle_local_position.vx
development,reference,inav_local_z_freeze__2019-01-18__08_39_38__fault,18.417707999999998,0.05022816353683432,4.572563171386719,False,vehicle_local_position.vx
development,reference,inav_local_z_freeze__2019-01-18__08_39_38__fault,19.217708,0.05022816353683432,4.572563171386719,False,vehicle_local_position.vx
development,reference,inav_local_z_freeze__2019-01-18__08_39_38__fault,20.017708,0.09076346003264664,4.572563171386719,False,vehicle_local_position.vz
development,reference,inav_local_z_freeze__2019-01-18__08_39_38__fault,20.817708,0.09354794862948218,4.572563171386719,False,vehicle_local_position.vy
development,reference,inav_local_z_freeze__2019-01-18__08_39_38__fault,21.617708,0.09354794862948218,4.572563171386719,False,vehicle_local_position.vy
development,reference,inav_local_z_freeze__2019-01-18__08_39_38__fault,22.417707999999998,0.09956602850523244,4.572563171386719,False,vehicle_local_position.vy
development,reference,inav_local_z_freeze__2019-01-18__08_39_38__fault,23.217708,0.07569879798628254,4.572563171386719,False,vehicle_local_position.vy
development,reference,inav_local_z_freeze__2019-01-18__08_39_38__fault,24.017708,0.1311505856101972,4.572563171386719,False,vehicle_local_position.vz
development,reference,inav_local_z_freeze__2019-01-18__08_39_38__fault,24.817708,0.07569879798628254,4.572563171386719,False,vehicle_local_position.vy
development,reference,inav_local_z_freeze__2019-01-18__08_39_38__fault,25.617708,0.07569879798628254,4.572563171386719,False,vehicle_local_position.vy
development,reference,inav_local_z_freeze__2019-01-18__08_39_38__fault,26.417707999999998,0.07569879798628254,4.572563171386719,False,vehicle_local_position.vy
development,reference,inav_local_z_freeze__2019-01-18__08_39_38__fault,27.217708,0.07126322428094968,4.572563171386719,False,vehicle_local_position.vz
development,reference,inav_local_z_freeze__2019-01-18__08_39_38__fault,28.017708,0.04470425253132104,4.572563171386719,False,vehicle_local_position.vz
development,reference,inav_local_z_freeze__2019-01-18__08_39_38__fault,28.817708,0.04470425253132104,4.572563171386719,False,vehicle_local_position.vz
development,reference,inav_local_z_freeze__2019-01-18__08_39_38__fault,29.617708,0.04270701262663092,4.572563171386719,False,vehicle_local_position.vz
development,reference,inav_local_z_freeze__2019-01-18__08_39_38__fault,30.417707999999998,0.04270701262663092,4.572563171386719,False,vehicle_local_position.vz
development,reference,inav_local_z_freeze__2019-01-18__08_39_38__fault,31.217708,0.03767663022848508,4.572563171386719,False,vehicle_local_position.vz
development,reference,inav_local_z_freeze__2019-01-18__08_39_38__fault,32.017708,0.058549166345324984,4.572563171386719,False,vehicle_local_position.vy
development,reference,inav_local_z_freeze__2019-01-18__08_39_38__fault,32.817707999999996,0.04880957594648032,4.572563171386719,False,vehicle_local_position.vy
development,reference,inav_local_z_freeze__2019-01-18__08_39_38__fault,33.617708,0.04880957594648032,4.572563171386719,False,vehicle_local_position.vy
development,reference,inav_local_z_freeze__2019-01-18__08_39_38__fault,34.417708,0.07131850013924329,4.572563171386719,False,vehicle_local_position.vz
development,reference,inav_local_z_freeze__2019-01-18__08_39_38__fault,35.217708,0.28329968452453613,4.572563171386719,False,vehicle_local_position.z
development,reference,inav_local_z_freeze__2019-01-18__08_39_38__fault,36.017708,0.28329968452453613,4.572563171386719,False,vehicle_local_position.z
development,reference,inav_local_z_freeze__2019-01-18__08_39_38__fault,36.817707999999996,0.49343228340148926,4.572563171386719,False,vehicle_local_position.z
development,reference,inav_local_z_freeze__2019-01-18__08_39_38__fault,37.617708,0.5491125583648682,4.572563171386719,False,vehicle_local_position.z
development,reference,inav_local_z_freeze__2019-01-18__08_39_38__fault,38.417708,0.7332611083984375,4.572563171386719,False,vehicle_local_position.z
development,reference,inav_local_z_freeze__2019-01-18__08_39_38__fault,39.217708,0.7332611083984375,4.572563171386719,False,vehicle_local_position.z
development,reference,inav_local_z_freeze__2019-01-18__08_39_38__fault,40.017708,0.7332611083984375,4.572563171386719,False,vehicle_local_position.z
development,reference,inav_local_z_freeze__2019-01-18__08_39_38__fault,40.817707999999996,0.7349801063537598,4.572563171386719,False,vehicle_local_position.z
development,reference,inav_local_z_freeze__2019-01-18__08_39_38__fault,41.617708,1.1806797981262207,4.572563171386719,False,vehicle_local_position.z
development,reference,inav_local_z_freeze__2019-01-18__08_39_38__fault,42.417708,1.45682692527771,4.572563171386719,False,vehicle_local_position.z
development,reference,inav_local_z_freeze__2019-01-18__08_39_38__fault,43.217708,1.617048978805542,4.572563171386719,False,vehicle_local_position.z
development,reference,inav_local_z_freeze__2019-01-18__08_39_38__fault,44.017708,15.487698316574097,4.572563171386719,True,vehicle_local_position.z
development,reference,inav_local_z_freeze__2019-01-18__08_39_38__fault,44.817707999999996,19.9234139919281,4.572563171386719,True,vehicle_local_position.z
development,reference,inav_local_z_freeze__2019-01-18__08_39_38__fault,45.617708,19.93479013442993,4.572563171386719,True,vehicle_local_position.z
development,reference,inav_local_z_freeze__2019-01-18__08_39_38__fault,46.417708,19.94353175163269,4.572563171386719,True,vehicle_local_position.z
development,reference,inav_local_z_freeze__2019-01-18__08_39_38__fault,47.217708,19.942535161972046,4.572563171386719,True,vehicle_local_position.z
development,reference,inav_local_z_freeze__2019-01-18__08_39_38__fault,48.017708,19.942535161972046,4.572563171386719,True,vehicle_local_position.z
development,reference,inav_local_z_freeze__2019-01-18__08_39_38__fault,48.817707999999996,19.942535161972046,4.572563171386719,True,vehicle_local_position.z
development,reference,inav_local_z_freeze__2019-01-18__08_39_38__fault,49.617708,19.948437213897705,4.572563171386719,True,vehicle_local_position.z
development,reference,inav_local_z_freeze__2019-01-18__08_39_38__fault,50.417708,19.949657917022705,4.572563171386719,True,vehicle_local_position.z
development,reference,inav_local_z_freeze__2019-01-18__08_39_38__fault,51.217708,19.956281185150146,4.572563171386719,True,vehicle_local_position.z
development,reference,inav_local_z_freeze__2019-01-18__08_39_38__fault,52.017708,19.957406520843506,4.572563171386719,True,vehicle_local_position.z
development,reference,inav_local_z_freeze__2019-01-18__08_39_38__fault,52.817707999999996,19.952081441879272,4.572563171386719,True,vehicle_local_position.z
development,reference,inav_local_z_freeze__2019-01-18__08_39_38__fault,53.617708,19.937939643859863,4.572563171386719,True,vehicle_local_position.z
development,reference,inav_local_z_freeze__2019-01-18__08_39_38__fault,54.417708,19.902456998825073,4.572563171386719,True,vehicle_local_position.z
development,reference,inav_local_z_freeze__2019-01-18__08_39_38__fault,55.217708,19.87238049507141,4.572563171386719,True,vehicle_local_position.z
development,reference,inav_local_z_freeze__2019-01-18__08_39_38__fault,56.017708,19.799315929412842,4.572563171386719,True,vehicle_local_position.z
development,reference,inav_local_z_freeze__2019-01-18__08_39_38__fault,56.817707999999996,19.483132362365723,4.572563171386719,True,vehicle_local_position.z
development,reference,inav_local_z_freeze__2019-01-18__08_39_38__fault,57.617708,19.483132362365723,4.572563171386719,True,vehicle_local_position.z
development,reference,inav_local_z_freeze__2019-01-18__08_39_38__fault,58.417708,19.483132362365723,4.572563171386719,True,vehicle_local_position.z
development,reference,inav_local_z_freeze__2019-01-18__08_39_38__fault,59.217708,19.937191009521484,4.572563171386719,True,vehicle_local_position.z
development,reference,inav_local_z_freeze__2019-01-18__08_39_38__fault,60.017708,19.969265460968018,4.572563171386719,True,vehicle_local_position.z
development,reference,inav_local_z_freeze__2019-01-18__08_39_38__fault,60.817707999999996,19.982253313064575,4.572563171386719,True,vehicle_local_position.z
development,reference,inav_local_z_freeze__2019-01-18__08_39_38__fault,61.617708,23.78206729888916,4.572563171386719,True,vehicle_local_position.z
development,reference,inav_local_z_freeze__2019-01-18__08_39_38__fault,62.417708,27.0955491065979,4.572563171386719,True,vehicle_local_position.z
development,reference,inav_local_z_freeze__2019-01-18__08_39_38__fault,63.217708,30.215730667114258,4.572563171386719,True,vehicle_local_position.z
development,reference,inav_local_z_freeze__2019-01-18__08_39_38__fault,64.017708,35.431251525878906,4.572563171386719,True,vehicle_local_position.z
development,reference,inav_local_z_freeze__2019-01-18__08_39_38__fault,64.817708,40.35383224487305,4.572563171386719,True,vehicle_local_position.z
development,reference,inav_local_z_freeze__2019-01-18__08_39_38__fault,65.617708,42.28827476501465,4.572563171386719,True,vehicle_local_position.z
development,reference,inav_local_z_freeze__2019-01-18__08_39_38__fault,66.417708,41.28988265991211,4.572563171386719,True,vehicle_local_position.z
development,reference,inav_local_z_freeze__2019-01-18__08_39_38__fault,67.217708,40.11399269104004,4.572563171386719,True,vehicle_local_position.z
development,reference,inav_local_z_freeze__2019-01-25__17_38_05__fault,9.626572,0.0,4.572563171386719,False,actuator_controls_0.control[0]
development,reference,inav_local_z_freeze__2019-01-25__17_38_05__fault,10.426572,0.0,4.572563171386719,False,actuator_controls_0.control[0]
development,reference,inav_local_z_freeze__2019-01-25__17_38_05__fault,11.226571999999999,0.0,4.572563171386719,False,actuator_controls_0.control[0]
development,reference,inav_local_z_freeze__2019-01-25__17_38_05__fault,12.026572,0.0,4.572563171386719,False,actuator_controls_0.control[0]
development,reference,inav_local_z_freeze__2019-01-25__17_38_05__fault,12.826572,0.04106520112577994,4.572563171386719,False,actuator_controls_0.control[1]
development,reference,inav_local_z_freeze__2019-01-25__17_38_05__fault,13.626572,0.04106520112577994,4.572563171386719,False,actuator_controls_0.control[1]
development,reference,inav_local_z_freeze__2019-01-25__17_38_05__fault,14.426572,0.11263477690204987,4.572563171386719,False,vehicle_local_position.vz
development,reference,inav_local_z_freeze__2019-01-25__17_38_05__fault,15.226571999999999,0.12035852487354597,4.572563171386719,False,vehicle_local_position.vz
development,reference,inav_local_z_freeze__2019-01-25__17_38_05__fault,16.026572,0.12035852487354597,4.572563171386719,False,vehicle_local_position.vz
development,reference,inav_local_z_freeze__2019-01-25__17_38_05__fault,16.826572000000002,0.11186151147352516,4.572563171386719,False,vehicle_local_position.vz
development,reference,inav_local_z_freeze__2019-01-25__17_38_05__fault,17.626572000000003,0.11186151147352516,4.572563171386719,False,vehicle_local_position.vz
development,reference,inav_local_z_freeze__2019-01-25__17_38_05__fault,18.426572,0.11186151147352516,4.572563171386719,False,vehicle_local_position.vz
development,reference,inav_local_z_freeze__2019-01-25__17_38_05__fault,19.226572,0.08037765747789685,4.572563171386719,False,vehicle_local_position.vy
development,reference,inav_local_z_freeze__2019-01-25__17_38_05__fault,20.026572,0.08037765747789685,4.572563171386719,False,vehicle_local_position.vy
development,reference,inav_local_z_freeze__2019-01-25__17_38_05__fault,20.826572000000002,0.08037765747789685,4.572563171386719,False,vehicle_local_position.vy
development,reference,inav_local_z_freeze__2019-01-25__17_38_05__fault,21.626572000000003,0.11352784494605789,4.572563171386719,False,vehicle_local_position.vz
development,reference,inav_local_z_freeze__2019-01-25__17_38_05__fault,22.426572,0.14426829548053258,4.572563171386719,False,vehicle_local_position.vz
development,reference,inav_local_z_freeze__2019-01-25__17_38_05__fault,23.226572,0.14426829548053258,4.572563171386719,False,vehicle_local_position.vz
development,reference,inav_local_z_freeze__2019-01-25__17_38_05__fault,24.026572,0.14426829548053258,4.572563171386719,False,vehicle_local_position.vz
development,reference,inav_local_z_freeze__2019-01-25__17_38_05__fault,24.826572000000002,0.14426829548053258,4.572563171386719,False,vehicle_local_position.vz
development,reference,inav_local_z_freeze__2019-01-25__17_38_05__fault,25.626572000000003,0.14426829548053258,4.572563171386719,False,vehicle_local_position.vz
development,reference,inav_local_z_freeze__2019-01-25__17_38_05__fault,26.426572,0.15722396899364693,4.572563171386719,False,vehicle_local_position.vz
development,reference,inav_local_z_freeze__2019-01-25__17_38_05__fault,27.226572,0.19042649794255684,4.572563171386719,False,vehicle_local_position.vz
development,reference,inav_local_z_freeze__2019-01-25__17_38_05__fault,28.026572,0.1994372871000097,4.572563171386719,False,vehicle_local_position.vy
development,reference,inav_local_z_freeze__2019-01-25__17_38_05__fault,28.826572000000002,0.2432686484101865,4.572563171386719,False,vehicle_local_position.vy
development,reference,inav_local_z_freeze__2019-01-25__17_38_05__fault,29.626572000000003,0.183995261589931,4.572563171386719,False,vehicle_local_position.vy
development,reference,inav_local_z_freeze__2019-01-25__17_38_05__fault,30.426572,0.14486141414907638,4.572563171386719,False,actuator_controls_0.control[2]
development,reference,inav_local_z_freeze__2019-01-25__17_38_05__fault,31.226572,0.23160822974973017,4.572563171386719,False,actuator_controls_0.control[2]
development,reference,inav_local_z_freeze__2019-01-25__17_38_05__fault,32.026572,0.1013904457785395,4.572563171386719,False,vehicle_local_position.vz
development,reference,inav_local_z_freeze__2019-01-25__17_38_05__fault,32.826572,0.09766088738033483,4.572563171386719,False,vehicle_local_position.vz
development,reference,inav_local_z_freeze__2019-01-25__17_38_05__fault,33.626572,0.09766088738033483,4.572563171386719,False,vehicle_local_position.vz
development,reference,inav_local_z_freeze__2019-01-25__17_38_05__fault,34.426572,0.09766088738033483,4.572563171386719,False,vehicle_local_position.vz
development,reference,inav_local_z_freeze__2019-01-25__17_38_05__fault,35.226572000000004,0.14144155037659134,4.572563171386719,False,vehicle_local_position.vz
development,reference,inav_local_z_freeze__2019-01-25__17_38_05__fault,36.026572,0.07545213056091016,4.572563171386719,False,vehicle_local_position.vz
development,reference,inav_local_z_freeze__2019-01-25__17_38_05__fault,36.826572,0.18235057592391968,4.572563171386719,False,vehicle_local_position.z
development,reference,inav_local_z_freeze__2019-01-25__17_38_05__fault,37.626572,0.18235057592391968,4.572563171386719,False,vehicle_local_position.z
development,reference,inav_local_z_freeze__2019-01-25__17_38_05__fault,38.426572,0.18235057592391968,4.572563171386719,False,vehicle_local_position.z
development,reference,inav_local_z_freeze__2019-01-25__17_38_05__fault,39.226572000000004,0.46144843101501465,4.572563171386719,False,vehicle_local_position.z
development,reference,inav_local_z_freeze__2019-01-25__17_38_05__fault,40.026572,0.46144843101501465,4.572563171386719,False,vehicle_local_position.z
development,reference,inav_local_z_freeze__2019-01-25__17_38_05__fault,40.826572,0.5572229623794556,4.572563171386719,False,vehicle_local_position.z
development,reference,inav_local_z_freeze__2019-01-25__17_38_05__fault,41.626572,0.5664610862731934,4.572563171386719,False,vehicle_local_position.z
development,reference,inav_local_z_freeze__2019-01-25__17_38_05__fault,42.426572,0.5664610862731934,4.572563171386719,False,vehicle_local_position.z
development,reference,inav_local_z_freeze__2019-01-25__17_38_05__fault,43.226572000000004,0.5664610862731934,4.572563171386719,False,vehicle_local_position.z
development,reference,inav_local_z_freeze__2019-01-25__17_38_05__fault,44.026572,14.592806100845337,4.572563171386719,True,vehicle_local_position.z
development,reference,inav_local_z_freeze__2019-01-25__17_38_05__fault,44.826572,19.116075038909912,4.572563171386719,True,vehicle_local_position.z
development,reference,inav_local_z_freeze__2019-01-25__17_38_05__fault,45.626572,19.45345640182495,4.572563171386719,True,vehicle_local_position.z
development,reference,inav_local_z_freeze__2019-01-25__17_38_05__fault,46.426572,19.570571184158325,4.572563171386719,True,vehicle_local_position.z
development,reference,inav_local_z_freeze__2019-01-25__17_38_05__fault,47.226572000000004,19.570571184158325,4.572563171386719,True,vehicle_local_position.z
development,reference,inav_local_z_freeze__2019-01-25__17_38_05__fault,48.026572,19.673802852630615,4.572563171386719,True,vehicle_local_position.z
development,reference,inav_local_z_freeze__2019-01-25__17_38_05__fault,48.826572,19.792697429656982,4.572563171386719,True,vehicle_local_position.z
development,reference,inav_local_z_freeze__2019-01-25__17_38_05__fault,49.626572,19.77416753768921,4.572563171386719,True,vehicle_local_position.z
development,reference,inav_local_z_freeze__2019-01-25__17_38_05__fault,50.426572,19.77416753768921,4.572563171386719,True,vehicle_local_position.z
development,reference,inav_local_z_freeze__2019-01-25__17_38_05__fault,51.226572000000004,19.77416753768921,4.572563171386719,True,vehicle_local_position.z
development,reference,inav_local_z_freeze__2019-01-25__17_38_05__fault,52.026572,19.79825735092163,4.572563171386719,True,vehicle_local_position.z
development,reference,inav_local_z_freeze__2019-01-25__17_38_05__fault,52.826572,19.865251779556274,4.572563171386719,True,vehicle_local_position.z
development,reference,inav_local_z_freeze__2019-01-25__17_38_05__fault,53.626572,19.868584871292114,4.572563171386719,True,vehicle_local_position.z
development,reference,inav_local_z_freeze__2019-01-25__17_38_05__fault,54.426572,19.868584871292114,4.572563171386719,True,vehicle_local_position.z
development,reference,inav_local_z_freeze__2019-01-25__17_38_05__fault,55.226572000000004,19.87911820411682,4.572563171386719,True,vehicle_local_position.z
development,reference,inav_local_z_freeze__2019-01-25__17_38_05__fault,56.026572,19.881234169006348,4.572563171386719,True,vehicle_local_position.z
development,reference,inav_local_z_freeze__2019-01-25__17_38_05__fault,56.826572,19.888956546783447,4.572563171386719,True,vehicle_local_position.z
development,reference,inav_local_z_freeze__2019-01-25__17_38_05__fault,57.626572,19.847605228424072,4.572563171386719,True,vehicle_local_position.z
development,reference,inav_local_z_freeze__2019-01-25__17_38_05__fault,58.426572,19.711099863052368,4.572563171386719,True,vehicle_local_position.z
development,reference,inav_local_z_freeze__2019-01-25__17_38_05__fault,59.226572000000004,19.696874618530273,4.572563171386719,True,vehicle_local_position.z
development,reference,inav_local_z_freeze__2019-01-25__17_38_05__fault,60.026572,19.696874618530273,4.572563171386719,True,vehicle_local_position.z
development,reference,inav_local_z_freeze__2019-01-25__17_38_05__fault,60.826572,19.64810609817505,4.572563171386719,True,vehicle_local_position.z
development,reference,inav_local_z_freeze__2019-01-25__17_38_05__fault,61.626572,19.64810609817505,4.572563171386719,True,vehicle_local_position.z
development,reference,inav_local_z_freeze__2019-01-25__17_38_05__fault,62.426572,19.64810609817505,4.572563171386719,True,vehicle_local_position.z
development,reference,inav_local_z_freeze__2019-01-25__17_38_05__fault,63.226572000000004,19.717527627944946,4.572563171386719,True,vehicle_local_position.z
development,reference,inav_local_z_freeze__2019-01-25__17_38_05__fault,64.026572,19.878472089767456,4.572563171386719,True,vehicle_local_position.z
development,reference,inav_local_z_freeze__2019-01-25__17_38_05__fault,64.826572,19.933922290802002,4.572563171386719,True,vehicle_local_position.z
development,reference,inav_local_z_freeze__2019-01-25__17_38_05__fault,65.626572,19.94694471359253,4.572563171386719,True,vehicle_local_position.z
development,reference,inav_local_z_freeze__2019-01-25__17_38_05__fault,66.42657200000001,19.956085681915283,4.572563171386719,True,vehicle_local_position.z
development,reference,inav_local_z_freeze__2019-01-25__17_38_05__fault,67.226572,19.962602853775024,4.572563171386719,True,vehicle_local_position.z
development,reference,inav_local_z_freeze__2019-01-25__17_38_05__fault,68.026572,19.96727466583252,4.572563171386719,True,vehicle_local_position.z
development,reference,inav_local_z_freeze__2019-01-25__17_38_05__fault,68.826572,19.96727466583252,4.572563171386719,True,vehicle_local_position.z
development,reference,inav_local_z_freeze__2019-01-25__17_38_05__fault,69.626572,19.963194131851196,4.572563171386719,True,vehicle_local_position.z
development,reference,inav_local_z_freeze__2019-01-25__17_38_05__fault,70.42657200000001,19.953536987304688,4.572563171386719,True,vehicle_local_position.z
development,reference,inav_local_z_freeze__2019-01-25__17_38_05__fault,71.226572,19.94020104408264,4.572563171386719,True,vehicle_local_position.z
development,reference,inav_local_z_freeze__2019-01-25__17_38_05__fault,72.026572,19.93065357208252,4.572563171386719,True,vehicle_local_position.z
development,reference,inav_local_z_freeze__2019-01-25__17_38_05__fault,72.826572,19.906330108642578,4.572563171386719,True,vehicle_local_position.z
development,reference,inav_local_z_freeze__2019-01-25__17_38_05__fault,73.626572,19.86535668373108,4.572563171386719,True,vehicle_local_position.z
development,reference,inav_local_z_freeze__2019-01-25__17_38_05__fault,74.42657200000001,19.671142101287842,4.572563171386719,True,vehicle_local_position.z
development,reference,inav_local_z_freeze__2019-01-25__17_38_05__fault,75.226572,19.671142101287842,4.572563171386719,True,vehicle_local_position.z
development,reference,inav_local_z_freeze__2019-01-25__17_38_05__fault,76.026572,19.671142101287842,4.572563171386719,True,vehicle_local_position.z
development,reference,inav_local_z_freeze__2019-01-25__17_38_05__fault,76.826572,19.7085702419281,4.572563171386719,True,vehicle_local_position.z
development,reference,inav_local_z_freeze__2019-01-25__17_38_05__fault,77.626572,19.924745559692383,4.572563171386719,True,vehicle_local_position.z
development,reference,inav_local_z_freeze__2019-01-25__17_38_05__fault,78.42657200000001,19.968397617340088,4.572563171386719,True,vehicle_local_position.z
development,reference,inav_local_z_freeze__2019-01-25__17_38_05__fault,79.226572,19.984081983566284,4.572563171386719,True,vehicle_local_position.z
development,reference,inav_local_z_freeze__2019-01-25__17_38_05__fault,80.026572,22.364907264709473,4.572563171386719,True,vehicle_local_position.z
development,reference,inav_local_z_freeze__2019-01-25__17_38_05__fault,80.826572,26.402785778045654,4.572563171386719,True,vehicle_local_position.z
development,reference,inav_local_z_freeze__2019-01-25__17_38_05__fault,81.626572,26.96002721786499,4.572563171386719,True,vehicle_local_position.z
development,reference,inav_local_z_freeze__2019-01-25__17_38_05__fault,82.42657200000001,26.96002721786499,4.572563171386719,True,vehicle_local_position.z
development,reference,inav_local_z_freeze__2019-01-25__17_38_05__fault,83.226572,26.96002721786499,4.572563171386719,True,vehicle_local_position.z
development,reference,inav_local_z_freeze__2019-01-25__17_38_05__fault,84.026572,27.27780818939209,4.572563171386719,True,vehicle_local_position.z
development,reference,inav_local_z_freeze__2019-01-25__17_38_05__fault,84.826572,27.27780818939209,4.572563171386719,True,vehicle_local_position.z
development,reference,inav_local_z_freeze__2019-01-25__17_38_05__fault,85.626572,27.27780818939209,4.572563171386719,True,vehicle_local_position.z
development,reference,inav_local_z_freeze__2019-01-25__17_38_05__fault,86.42657200000001,27.27780818939209,4.572563171386719,True,vehicle_local_position.z
development,reference,inav_local_z_freeze__2019-01-25__17_38_05__fault,87.226572,27.27780818939209,4.572563171386719,True,vehicle_local_position.z
development,reference,inav_local_z_freeze__2019-01-25__17_38_05__fault,88.026572,27.27780818939209,4.572563171386719,True,vehicle_local_position.z
development,reference,inav_local_z_freeze__2019-01-25__17_38_05__fault,88.826572,27.27780818939209,4.572563171386719,True,vehicle_local_position.z
development,reference,inav_local_z_freeze__2019-01-25__17_38_05__fault,89.626572,27.27780818939209,4.572563171386719,True,vehicle_local_position.z
development,reference,inav_local_z_freeze__2019-01-25__17_38_05__fault,90.42657200000001,27.27780818939209,4.572563171386719,True,vehicle_local_position.z
development,reference,inav_local_z_freeze__2019-01-25__17_38_05__fault,91.226572,27.27780818939209,4.572563171386719,True,vehicle_local_position.z
development,reference,inav_local_z_freeze__2019-01-25__17_38_05__fault,92.026572,27.065541744232178,4.572563171386719,True,vehicle_local_position.z
development,reference,inav_local_z_freeze__2019-01-25__17_38_05__fault,92.826572,27.052185535430908,4.572563171386719,True,vehicle_local_position.z
development,reference,inav_local_z_freeze__2019-03-06__08_02_26__fault,9.626177,0.0,4.572563171386719,False,actuator_controls_0.control[0]
development,reference,inav_local_z_freeze__2019-03-06__08_02_26__fault,10.426177000000001,0.0,4.572563171386719,False,actuator_controls_0.control[0]
development,reference,inav_local_z_freeze__2019-03-06__08_02_26__fault,11.226177,0.0,4.572563171386719,False,actuator_controls_0.control[0]
development,reference,inav_local_z_freeze__2019-03-06__08_02_26__fault,12.026177,0.0,4.572563171386719,False,actuator_controls_0.control[0]
development,reference,inav_local_z_freeze__2019-03-06__08_02_26__fault,12.826177000000001,0.0,4.572563171386719,False,actuator_controls_0.control[0]
development,reference,inav_local_z_freeze__2019-03-06__08_02_26__fault,13.626177,0.0,4.572563171386719,False,actuator_controls_0.control[0]
development,reference,inav_local_z_freeze__2019-03-06__08_02_26__fault,14.426177000000001,0.16052868043686497,4.572563171386719,False,vehicle_local_position.vz
development,reference,inav_local_z_freeze__2019-03-06__08_02_26__fault,15.226177,0.16052868043686497,4.572563171386719,False,vehicle_local_position.vz
development,reference,inav_local_z_freeze__2019-03-06__08_02_26__fault,16.026177,0.14100299040408001,4.572563171386719,False,vehicle_local_position.vz
development,reference,inav_local_z_freeze__2019-03-06__08_02_26__fault,16.826177,0.1255023316863375,4.572563171386719,False,vehicle_local_position.vz
development,reference,inav_local_z_freeze__2019-03-06__08_02_26__fault,17.626177000000002,0.1255023316863375,4.572563171386719,False,vehicle_local_position.vz
development,reference,inav_local_z_freeze__2019-03-06__08_02_26__fault,18.426177,0.1255023316863375,4.572563171386719,False,vehicle_local_position.vz
development,reference,inav_local_z_freeze__2019-03-06__08_02_26__fault,19.226177,0.17587677419028167,4.572563171386719,False,vehicle_local_position.vz
development,reference,inav_local_z_freeze__2019-03-06__08_02_26__fault,20.026177,0.17587677419028167,4.572563171386719,False,vehicle_local_position.vz
development,reference,inav_local_z_freeze__2019-03-06__08_02_26__fault,20.826177,0.17587677419028167,4.572563171386719,False,vehicle_local_position.vz
development,reference,inav_local_z_freeze__2019-03-06__08_02_26__fault,21.626177000000002,0.17587677419028167,4.572563171386719,False,vehicle_local_position.vz
development,reference,inav_local_z_freeze__2019-03-06__08_02_26__fault,22.426177,0.1799122085038336,4.572563171386719,False,vehicle_local_position.vz
development,reference,inav_local_z_freeze__2019-03-06__08_02_26__fault,23.226177,0.2036702336123407,4.572563171386719,False,vehicle_local_position.vz
development,reference,inav_local_z_freeze__2019-03-06__08_02_26__fault,24.026177,0.2036702336123407,4.572563171386719,False,vehicle_local_position.vz
development,reference,inav_local_z_freeze__2019-03-06__08_02_26__fault,24.826177,0.2036702336123407,4.572563171386719,False,vehicle_local_position.vz
development,reference,inav_local_z_freeze__2019-03-06__08_02_26__fault,25.626177000000002,0.2036702336123407,4.572563171386719,False,vehicle_local_position.vz
development,reference,inav_local_z_freeze__2019-03-06__08_02_26__fault,26.426177,0.2036702336123407,4.572563171386719,False,vehicle_local_position.vz
development,reference,inav_local_z_freeze__2019-03-06__08_02_26__fault,27.226177,0.29301258022564947,4.572563171386719,False,vehicle_local_position.vz
development,reference,inav_local_z_freeze__2019-03-06__08_02_26__fault,28.026177,0.29301258022564947,4.572563171386719,False,vehicle_local_position.vz
development,reference,inav_local_z_freeze__2019-03-06__08_02_26__fault,28.826177,0.18997139524242107,4.572563171386719,False,vehicle_local_position.vz
development,reference,inav_local_z_freeze__2019-03-06__08_02_26__fault,29.626177000000002,0.18997139524242107,4.572563171386719,False,vehicle_local_position.vz
development,reference,inav_local_z_freeze__2019-03-06__08_02_26__fault,30.426177,0.18997139524242107,4.572563171386719,False,vehicle_local_position.vz
development,reference,inav_local_z_freeze__2019-03-06__08_02_26__fault,31.226177,0.18997139524242107,4.572563171386719,False,vehicle_local_position.vz
development,reference,inav_local_z_freeze__2019-03-06__08_02_26__fault,32.026177,0.18997139524242107,4.572563171386719,False,vehicle_local_position.vz
development,reference,inav_local_z_freeze__2019-03-06__08_02_26__fault,32.826176999999994,0.18997139524242107,4.572563171386719,False,vehicle_local_position.vz
development,reference,inav_local_z_freeze__2019-03-06__08_02_26__fault,33.626177,0.1984406566878111,4.572563171386719,False,vehicle_local_position.vz
development,reference,inav_local_z_freeze__2019-03-06__08_02_26__fault,34.426176999999996,0.1984406566878111,4.572563171386719,False,vehicle_local_position.vz
development,reference,inav_local_z_freeze__2019-03-06__08_02_26__fault,35.226177,0.7004714012145996,4.572563171386719,False,vehicle_local_position.z
development,reference,inav_local_z_freeze__2019-03-06__08_02_26__fault,36.026177,0.8034622669219971,4.572563171386719,False,vehicle_local_position.z
development,reference,inav_local_z_freeze__2019-03-06__08_02_26__fault,36.826176999999994,1.0465025901794434,4.572563171386719,False,vehicle_local_position.z
development,reference,inav_local_z_freeze__2019-03-06__08_02_26__fault,37.626177,1.2280654907226562,4.572563171386719,False,vehicle_local_position.z
development,reference,inav_local_z_freeze__2019-03-06__08_02_26__fault,38.426176999999996,1.1505138874053955,4.572563171386719,False,vehicle_local_position.z
development,reference,inav_local_z_freeze__2019-03-06__08_02_26__fault,39.226177,0.8157145977020264,4.572563171386719,False,vehicle_local_position.z
development,reference,inav_local_z_freeze__2019-03-06__08_02_26__fault,40.026177,0.7843554019927979,4.572563171386719,False,vehicle_local_position.z
development,reference,inav_local_z_freeze__2019-03-06__08_02_26__fault,40.826176999999994,0.7843554019927979,4.572563171386719,False,vehicle_local_position.z
development,reference,inav_local_z_freeze__2019-03-06__08_02_26__fault,41.626177,0.7843554019927979,4.572563171386719,False,vehicle_local_position.z
development,reference,inav_local_z_freeze__2019-03-06__08_02_26__fault,42.426176999999996,0.8893406391143799,4.572563171386719,False,vehicle_local_position.z
development,reference,inav_local_z_freeze__2019-03-06__08_02_26__fault,43.226177,1.6626477241516113,4.572563171386719,False,vehicle_local_position.z
development,reference,inav_local_z_freeze__2019-03-06__08_02_26__fault,44.026177,8.45047116279602,4.572563171386719,True,vehicle_local_position.z
development,reference,inav_local_z_freeze__2019-03-06__08_02_26__fault,44.826176999999994,19.77014660835266,4.572563171386719,True,vehicle_local_position.z
development,reference,inav_local_z_freeze__2019-03-06__08_02_26__fault,45.626177,19.906141757965088,4.572563171386719,True,vehicle_local_position.z
development,reference,inav_local_z_freeze__2019-03-06__08_02_26__fault,46.426176999999996,19.951003789901733,4.572563171386719,True,vehicle_local_position.z
development,reference,inav_local_z_freeze__2019-03-06__08_02_26__fault,47.226177,19.971365928649902,4.572563171386719,True,vehicle_local_position.z
development,reference,inav_local_z_freeze__2019-03-06__08_02_26__fault,48.026177,19.98090624809265,4.572563171386719,True,vehicle_local_position.z
development,reference,inav_local_z_freeze__2019-03-06__08_02_26__fault,48.826176999999994,19.984183311462402,4.572563171386719,True,vehicle_local_position.z
development,reference,inav_local_z_freeze__2019-03-06__08_02_26__fault,49.626177,19.98685598373413,4.572563171386719,True,vehicle_local_position.z
development,reference,inav_local_z_freeze__2019-03-06__08_02_26__fault,50.426176999999996,19.987577199935913,4.572563171386719,True,vehicle_local_position.z
development,reference,inav_local_z_freeze__2019-03-06__08_02_26__fault,51.226177,19.987304210662842,4.572563171386719,True,vehicle_local_position.z
development,reference,inav_local_z_freeze__2019-03-06__08_02_26__fault,52.026177,19.98526096343994,4.572563171386719,True,vehicle_local_position.z
development,reference,inav_local_z_freeze__2019-03-06__08_02_26__fault,52.826176999999994,19.980274438858032,4.572563171386719,True,vehicle_local_position.z
development,reference,inav_local_z_freeze__2019-03-06__08_02_26__fault,53.626177,19.973653554916382,4.572563171386719,True,vehicle_local_position.z
development,reference,inav_local_z_freeze__2019-03-06__08_02_26__fault,54.426176999999996,19.9608051776886,4.572563171386719,True,vehicle_local_position.z
development,reference,inav_local_z_freeze__2019-03-06__08_02_26__fault,55.226177,19.927626848220825,4.572563171386719,True,vehicle_local_position.z
development,reference,inav_local_z_freeze__2019-03-06__08_02_26__fault,56.026177,19.858850240707397,4.572563171386719,True,vehicle_local_position.z
development,reference,inav_local_z_freeze__2019-03-06__08_02_26__fault,56.826176999999994,19.722825288772583,4.572563171386719,True,vehicle_local_position.z
development,reference,inav_local_z_freeze__2019-03-06__08_02_26__fault,57.626177,19.200801849365234,4.572563171386719,True,vehicle_local_position.z
development,reference,inav_local_z_freeze__2019-03-06__08_02_26__fault,58.426176999999996,18.999544382095337,4.572563171386719,True,vehicle_local_position.z
development,reference,inav_local_z_freeze__2019-03-06__08_02_26__fault,59.226177,18.999544382095337,4.572563171386719,True,vehicle_local_position.z
development,reference,inav_local_z_freeze__2019-03-06__08_02_26__fault,60.026177,18.999544382095337,4.572563171386719,True,vehicle_local_position.z
development,reference,inav_local_z_freeze__2019-03-06__08_02_26__fault,60.826176999999994,19.27073836326599,4.572563171386719,True,vehicle_local_position.z
development,reference,inav_local_z_freeze__2019-03-06__08_02_26__fault,61.626177,19.05679702758789,4.572563171386719,True,vehicle_local_position.z
development,reference,inav_local_z_freeze__2019-03-06__08_02_26__fault,62.426176999999996,18.997803926467896,4.572563171386719,True,vehicle_local_position.z
development,reference,inav_local_z_freeze__2019-03-06__08_02_26__fault,63.226177,18.997803926467896,4.572563171386719,True,vehicle_local_position.z
development,reference,inav_local_z_freeze__2019-03-06__08_02_26__fault,64.026177,18.997803926467896,4.572563171386719,True,vehicle_local_position.z
development,reference,inav_local_z_freeze__2019-03-06__08_02_26__fault,64.826177,19.136749505996704,4.572563171386719,True,vehicle_local_position.z
development,reference,inav_local_z_freeze__2019-03-06__08_02_26__fault,65.626177,19.22547221183777,4.572563171386719,True,vehicle_local_position.z
development,reference,inav_local_z_freeze__2019-03-06__08_02_26__fault,66.42617700000001,19.227426052093506,4.572563171386719,True,vehicle_local_position.z
development,reference,inav_local_z_freeze__2019-03-06__08_02_26__fault,67.226177,19.251221418380737,4.572563171386719,True,vehicle_local_position.z
development,reference,inav_local_z_freeze__2019-03-06__08_02_26__fault,68.026177,19.251221418380737,4.572563171386719,True,vehicle_local_position.z
development,reference,inav_local_z_freeze__2019-03-06__08_02_26__fault,68.826177,18.9375102519989,4.572563171386719,True,vehicle_local_position.z
development,reference,inav_local_z_freeze__2019-03-06__08_02_26__fault,69.626177,18.790926933288574,4.572563171386719,True,vehicle_local_position.z
development,reference,inav_local_z_freeze__2019-03-06__08_02_26__fault,70.42617700000001,18.790926933288574,4.572563171386719,True,vehicle_local_position.z
development,reference,inav_local_z_freeze__2019-03-06__08_02_26__fault,71.226177,18.706592321395874,4.572563171386719,True,vehicle_local_position.z
development,reference,inav_local_z_freeze__2019-03-06__08_02_26__fault,72.026177,18.487184047698975,4.572563171386719,True,vehicle_local_position.z
development,reference,inav_local_z_freeze__2019-03-06__08_02_26__fault,72.826177,18.487184047698975,4.572563171386719,True,vehicle_local_position.z
development,reference,inav_local_z_freeze__2019-03-06__08_02_26__fault,73.626177,18.487184047698975,4.572563171386719,True,vehicle_local_position.z
development,reference,inav_local_z_freeze__2019-03-06__08_02_26__fault,74.42617700000001,19.14613366127014,4.572563171386719,True,vehicle_local_position.z
development,reference,inav_local_z_freeze__2019-03-06__08_02_26__fault,75.226177,19.838831424713135,4.572563171386719,True,vehicle_local_position.z
development,reference,inav_local_z_freeze__2019-03-06__08_02_26__fault,76.026177,19.9155855178833,4.572563171386719,True,vehicle_local_position.z
development,reference,inav_local_z_freeze__2019-03-06__08_02_26__fault,76.826177,19.894176721572876,4.572563171386719,True,vehicle_local_position.z
development,reference,inav_local_z_freeze__2019-03-06__08_02_26__fault,77.626177,19.894176721572876,4.572563171386719,True,vehicle_local_position.z
development,reference,inav_local_z_freeze__2019-03-06__08_02_26__fault,78.42617700000001,19.85723853111267,4.572563171386719,True,vehicle_local_position.z
development,reference,inav_local_z_freeze__2019-03-06__08_02_26__fault,79.226177,19.85723853111267,4.572563171386719,True,vehicle_local_position.z
development,reference,inav_local_z_freeze__2019-03-06__08_02_26__fault,80.026177,19.85723853111267,4.572563171386719,True,vehicle_local_position.z
development,reference,inav_local_z_freeze__2019-03-06__08_02_26__fault,80.826177,19.857529401779175,4.572563171386719,True,vehicle_local_position.z
development,reference,inav_local_z_freeze__2019-03-06__08_02_26__fault,81.626177,19.922749996185303,4.572563171386719,True,vehicle_local_position.z
development,reference,inav_local_z_freeze__2019-03-06__08_02_26__fault,82.42617700000001,19.956108331680298,4.572563171386719,True,vehicle_local_position.z
development,reference,inav_local_z_freeze__2019-03-06__08_02_26__fault,83.226177,21.444449424743652,4.572563171386719,True,vehicle_local_position.z
development,reference,inav_local_z_freeze__2019-03-06__08_02_26__fault,84.026177,23.127713203430176,4.572563171386719,True,vehicle_local_position.z
development,reference,inav_local_z_freeze__2019-03-06__08_02_26__fault,84.826177,25.2182936668396,4.572563171386719,True,vehicle_local_position.z
development,reference,inav_local_z_freeze__2019-03-06__08_02_26__fault,85.626177,28.05915594100952,4.572563171386719,True,vehicle_local_position.z
development,reference,inav_local_z_freeze__2019-03-06__08_02_26__fault,86.42617700000001,28.16532611846924,4.572563171386719,True,vehicle_local_position.z
development,reference,inav_local_z_freeze__2019-03-06__08_02_26__fault,87.226177,27.32614755630493,4.572563171386719,True,vehicle_local_position.z
development,reference,inav_local_z_freeze__2019-03-06__08_02_26__fault,88.026177,25.523600578308105,4.572563171386719,True,vehicle_local_position.z
development,reference,inav_local_z_freeze__2019-03-06__08_02_26__fault,88.826177,21.87992572784424,4.572563171386719,True,vehicle_local_position.z
development,reference,inav_local_z_freeze__2019-03-06__08_02_26__fault,89.626177,20.284147262573242,4.572563171386719,True,vehicle_local_position.z
development,reference,inav_local_z_freeze__2019-03-06__08_02_26__fault,90.42617700000001,19.955307245254517,4.572563171386719,True,vehicle_local_position.z
development,reference,inav_local_z_freeze__2019-03-06__08_02_26__fault,91.226177,19.955307245254517,4.572563171386719,True,vehicle_local_position.z
development,reference,inav_local_z_freeze__2019-03-06__08_02_26__fault,92.026177,19.955307245254517,4.572563171386719,True,vehicle_local_position.z
development,reference,inav_local_z_freeze__2019-03-06__08_02_26__fault,92.826177,20.88966131210327,4.572563171386719,True,vehicle_local_position.z
development,reference,inav_local_z_freeze__2019-03-06__08_02_26__fault,93.626177,22.05770254135132,4.572563171386719,True,vehicle_local_position.z
development,reference,inav_local_z_freeze__2019-03-06__08_02_26__fault,94.42617700000001,22.05770254135132,4.572563171386719,True,vehicle_local_position.z
development,reference,inav_local_z_freeze__2019-03-06__08_02_26__fault,95.226177,22.05770254135132,4.572563171386719,True,vehicle_local_position.z
development,reference,inav_local_z_freeze__2019-03-06__08_02_26__fault,96.026177,25.204904079437256,4.572563171386719,True,vehicle_local_position.z
development,reference,land_detector_state_inversion__2019-01-18__08_39_38__fault,9.616906,0.0,4.572563171386719,False,actuator_controls_0.control[0]
development,reference,land_detector_state_inversion__2019-01-18__08_39_38__fault,10.416906,0.0,4.572563171386719,False,actuator_controls_0.control[0]
development,reference,land_detector_state_inversion__2019-01-18__08_39_38__fault,11.216906,0.0,4.572563171386719,False,actuator_controls_0.control[0]
development,reference,land_detector_state_inversion__2019-01-18__08_39_38__fault,12.016906,0.0,4.572563171386719,False,actuator_controls_0.control[0]
development,reference,land_detector_state_inversion__2019-01-18__08_39_38__fault,12.816906000000001,0.0,4.572563171386719,False,actuator_controls_0.control[0]
development,reference,land_detector_state_inversion__2019-01-18__08_39_38__fault,13.616906,0.0,4.572563171386719,False,actuator_controls_0.control[0]
development,reference,land_detector_state_inversion__2019-01-18__08_39_38__fault,14.416906,0.0,4.572563171386719,False,actuator_controls_0.control[0]
development,reference,land_detector_state_inversion__2019-01-18__08_39_38__fault,15.216906,0.0,4.572563171386719,False,actuator_controls_0.control[0]
development,reference,land_detector_state_inversion__2019-01-18__08_39_38__fault,16.016906,0.0,4.572563171386719,False,actuator_controls_0.control[0]
development,reference,land_detector_state_inversion__2019-01-18__08_39_38__fault,16.816906,0.0,4.572563171386719,False,actuator_controls_0.control[0]
development,reference,land_detector_state_inversion__2019-01-18__08_39_38__fault,17.616906,0.0,4.572563171386719,False,actuator_controls_0.control[0]
development,reference,land_detector_state_inversion__2019-01-18__08_39_38__fault,18.416905999999997,0.0,4.572563171386719,False,actuator_controls_0.control[0]
development,reference,land_detector_state_inversion__2019-01-18__08_39_38__fault,19.216905999999998,0.0,4.572563171386719,False,actuator_controls_0.control[0]
development,reference,land_detector_state_inversion__2019-01-18__08_39_38__fault,20.016906,0.0,4.572563171386719,False,actuator_controls_0.control[0]
development,reference,land_detector_state_inversion__2019-01-18__08_39_38__fault,20.816906,0.0,4.572563171386719,False,actuator_controls_0.control[0]
development,reference,land_detector_state_inversion__2019-01-18__08_39_38__fault,21.616906,0.0,4.572563171386719,False,actuator_controls_0.control[0]
development,reference,land_detector_state_inversion__2019-01-18__08_39_38__fault,22.416905999999997,0.0,4.572563171386719,False,actuator_controls_0.control[0]
development,reference,land_detector_state_inversion__2019-01-18__08_39_38__fault,23.216905999999998,0.0,4.572563171386719,False,actuator_controls_0.control[0]
development,reference,land_detector_state_inversion__2019-01-18__08_39_38__fault,24.016906,0.0,4.572563171386719,False,actuator_controls_0.control[0]
development,reference,land_detector_state_inversion__2019-01-18__08_39_38__fault,24.816906,0.0,4.572563171386719,False,actuator_controls_0.control[0]
development,reference,land_detector_state_inversion__2019-01-18__08_39_38__fault,25.616906,0.0,4.572563171386719,False,actuator_controls_0.control[0]
development,reference,land_detector_state_inversion__2019-01-18__08_39_38__fault,26.416905999999997,0.0,4.572563171386719,False,actuator_controls_0.control[0]
development,reference,land_detector_state_inversion__2019-01-18__08_39_38__fault,27.216905999999998,0.0,4.572563171386719,False,actuator_controls_0.control[0]
development,reference,land_detector_state_inversion__2019-01-18__08_39_38__fault,28.016906,0.0,4.572563171386719,False,actuator_controls_0.control[0]
development,reference,land_detector_state_inversion__2019-01-18__08_39_38__fault,28.816906,0.0,4.572563171386719,False,actuator_controls_0.control[0]
development,reference,land_detector_state_inversion__2019-01-18__08_39_38__fault,29.616906,0.0,4.572563171386719,False,actuator_controls_0.control[0]
development,reference,land_detector_state_inversion__2019-01-18__08_39_38__fault,30.416905999999997,0.0,4.572563171386719,False,actuator_controls_0.control[0]
development,reference,land_detector_state_inversion__2019-01-18__08_39_38__fault,31.216905999999998,0.0,4.572563171386719,False,actuator_controls_0.control[0]
development,reference,land_detector_state_inversion__2019-01-18__08_39_38__fault,32.016906,0.0,4.572563171386719,False,actuator_controls_0.control[0]
development,reference,land_detector_state_inversion__2019-01-18__08_39_38__fault,32.816905999999996,0.0,4.572563171386719,False,actuator_controls_0.control[0]
development,reference,land_detector_state_inversion__2019-01-18__08_39_38__fault,33.616906,0.0,4.572563171386719,False,actuator_controls_0.control[0]
development,reference,land_detector_state_inversion__2019-01-18__08_39_38__fault,34.416906,0.0,4.572563171386719,False,actuator_controls_0.control[0]
development,reference,land_detector_state_inversion__2019-01-18__08_39_38__fault,35.216906,0.0,4.572563171386719,False,actuator_controls_0.control[0]
development,reference,land_detector_state_inversion__2019-01-18__08_39_38__fault,36.016906,0.0,4.572563171386719,False,actuator_controls_0.control[0]
development,reference,land_detector_state_inversion__2019-01-18__08_39_38__fault,36.816905999999996,0.0,4.572563171386719,False,actuator_controls_0.control[0]
development,reference,land_detector_state_inversion__2019-01-18__08_39_38__fault,37.616906,0.0,4.572563171386719,False,actuator_controls_0.control[0]
development,reference,land_detector_state_inversion__2019-01-18__08_39_38__fault,38.416906,0.0,4.572563171386719,False,actuator_controls_0.control[0]
development,reference,land_detector_state_inversion__2019-01-18__08_39_38__fault,39.216906,0.0,4.572563171386719,False,actuator_controls_0.control[0]
development,reference,land_detector_state_inversion__2019-01-18__08_39_38__fault,40.016906,0.0,4.572563171386719,False,actuator_controls_0.control[0]
development,reference,land_detector_state_inversion__2019-01-18__08_39_38__fault,40.816905999999996,0.0,4.572563171386719,False,actuator_controls_0.control[0]
development,reference,land_detector_state_inversion__2019-01-18__08_39_38__fault,41.616906,171.76485061645508,4.572563171386719,True,vehicle_land_detected.landed
development,reference,land_detector_state_inversion__2019-01-18__08_39_38__fault,42.416906,171.76485061645508,4.572563171386719,True,vehicle_land_detected.landed
development,reference,land_detector_state_inversion__2019-01-18__08_39_38__fault,43.216906,171.76485061645508,4.572563171386719,True,vehicle_land_detected.landed
development,reference,land_detector_state_inversion__2019-01-18__08_39_38__fault,44.016906,171.76485061645508,4.572563171386719,True,vehicle_land_detected.landed
development,reference,land_detector_state_inversion__2019-01-18__08_39_38__fault,44.816905999999996,171.76485061645508,4.572563171386719,True,vehicle_land_detected.landed
development,reference,land_detector_state_inversion__2019-01-18__08_39_38__fault,45.616906,171.76485061645508,4.572563171386719,True,vehicle_land_detected.landed
development,reference,land_detector_state_inversion__2019-01-18__08_39_38__fault,46.416906,171.76485061645508,4.572563171386719,True,vehicle_land_detected.landed
development,reference,land_detector_state_inversion__2019-01-18__08_39_38__fault,47.216906,171.76485061645508,4.572563171386719,True,vehicle_land_detected.landed
development,reference,land_detector_state_inversion__2019-01-18__08_39_38__fault,48.016906,171.76485061645508,4.572563171386719,True,vehicle_land_detected.landed
development,reference,land_detector_state_inversion__2019-01-18__08_39_38__fault,48.816905999999996,171.76485061645508,4.572563171386719,True,vehicle_land_detected.landed
development,reference,land_detector_state_inversion__2019-01-18__08_39_38__fault,49.616906,171.76485061645508,4.572563171386719,True,vehicle_land_detected.landed
development,reference,land_detector_state_inversion__2019-01-18__08_39_38__fault,50.416906,171.76485061645508,4.572563171386719,True,vehicle_land_detected.landed
development,reference,land_detector_state_inversion__2019-01-18__08_39_38__fault,51.216906,171.76485061645508,4.572563171386719,True,vehicle_land_detected.landed
development,reference,land_detector_state_inversion__2019-01-18__08_39_38__fault,52.016906,171.76485061645508,4.572563171386719,True,vehicle_land_detected.landed
development,reference,land_detector_state_inversion__2019-01-18__08_39_38__fault,52.816905999999996,171.76485061645508,4.572563171386719,True,vehicle_land_detected.landed
development,reference,land_detector_state_inversion__2019-01-18__08_39_38__fault,53.616906,171.76485061645508,4.572563171386719,True,vehicle_land_detected.landed
development,reference,land_detector_state_inversion__2019-01-18__08_39_38__fault,54.416906,171.76485061645508,4.572563171386719,True,vehicle_land_detected.landed
development,reference,land_detector_state_inversion__2019-01-18__08_39_38__fault,55.216906,171.76485061645508,4.572563171386719,True,vehicle_land_detected.landed
development,reference,land_detector_state_inversion__2019-01-18__08_39_38__fault,56.016906,171.76485061645508,4.572563171386719,True,vehicle_land_detected.landed
development,reference,land_detector_state_inversion__2019-01-18__08_39_38__fault,56.816905999999996,171.76485061645508,4.572563171386719,True,vehicle_land_detected.landed
development,reference,land_detector_state_inversion__2019-01-18__08_39_38__fault,57.616906,171.76485061645508,4.572563171386719,True,vehicle_land_detected.landed
development,reference,land_detector_state_inversion__2019-01-18__08_39_38__fault,58.416906,171.76485061645508,4.572563171386719,True,vehicle_land_detected.landed
development,reference,land_detector_state_inversion__2019-01-18__08_39_38__fault,59.216906,171.76485061645508,4.572563171386719,True,vehicle_land_detected.landed
development,reference,land_detector_state_inversion__2019-01-18__08_39_38__fault,60.016906,171.76485061645508,4.572563171386719,True,vehicle_land_detected.landed
development,reference,land_detector_state_inversion__2019-01-18__08_39_38__fault,60.816905999999996,171.76485061645508,4.572563171386719,True,vehicle_land_detected.landed
development,reference,land_detector_state_inversion__2019-01-18__08_39_38__fault,61.616906,171.76485061645508,4.572563171386719,True,vehicle_land_detected.landed
development,reference,land_detector_state_inversion__2019-01-18__08_39_38__fault,62.416906,171.76485061645508,4.572563171386719,True,vehicle_land_detected.landed
development,reference,land_detector_state_inversion__2019-01-18__08_39_38__fault,63.216906,171.76485061645508,4.572563171386719,True,vehicle_land_detected.landed
development,reference,land_detector_state_inversion__2019-01-18__08_39_38__fault,64.016906,171.76485061645508,4.572563171386719,True,vehicle_land_detected.landed
development,reference,land_detector_state_inversion__2019-01-18__08_39_38__fault,64.816906,171.76485061645508,4.572563171386719,True,vehicle_land_detected.landed
development,reference,land_detector_state_inversion__2019-01-18__08_39_38__fault,65.616906,171.76485061645508,4.572563171386719,True,vehicle_land_detected.landed
development,reference,land_detector_state_inversion__2019-01-18__08_39_38__fault,66.41690600000001,171.76485061645508,4.572563171386719,True,vehicle_land_detected.landed
development,reference,land_detector_state_inversion__2019-01-18__08_39_38__fault,67.21690600000001,171.76485061645508,4.572563171386719,True,vehicle_land_detected.landed
development,reference,land_detector_state_inversion__2019-01-25__17_38_05__fault,9.623844,0.0,4.572563171386719,False,actuator_controls_0.control[0]
development,reference,land_detector_state_inversion__2019-01-25__17_38_05__fault,10.423844,0.0,4.572563171386719,False,actuator_controls_0.control[0]
development,reference,land_detector_state_inversion__2019-01-25__17_38_05__fault,11.223844,0.0,4.572563171386719,False,actuator_controls_0.control[0]
development,reference,land_detector_state_inversion__2019-01-25__17_38_05__fault,12.023844,0.0,4.572563171386719,False,actuator_controls_0.control[0]
development,reference,land_detector_state_inversion__2019-01-25__17_38_05__fault,12.823844000000001,0.016456848626787618,4.572563171386719,False,actuator_controls_0.control[2]
development,reference,land_detector_state_inversion__2019-01-25__17_38_05__fault,13.623844,0.016456848626787618,4.572563171386719,False,actuator_controls_0.control[2]
development,reference,land_detector_state_inversion__2019-01-25__17_38_05__fault,14.423844,0.016456848626787618,4.572563171386719,False,actuator_controls_0.control[2]
development,reference,land_detector_state_inversion__2019-01-25__17_38_05__fault,15.223844,0.016456848626787618,4.572563171386719,False,actuator_controls_0.control[2]
development,reference,land_detector_state_inversion__2019-01-25__17_38_05__fault,16.023844,0.006745790730229691,4.572563171386719,False,actuator_controls_0.control[0]
development,reference,land_detector_state_inversion__2019-01-25__17_38_05__fault,16.823844,0.01172110747717007,4.572563171386719,False,actuator_controls_0.control[0]
development,reference,land_detector_state_inversion__2019-01-25__17_38_05__fault,17.623844000000002,0.01172110747717007,4.572563171386719,False,actuator_controls_0.control[0]
development,reference,land_detector_state_inversion__2019-01-25__17_38_05__fault,18.423844,0.01172110747717007,4.572563171386719,False,actuator_controls_0.control[0]
development,reference,land_detector_state_inversion__2019-01-25__17_38_05__fault,19.223844,0.016950010880166,4.572563171386719,False,actuator_controls_0.control[0]
development,reference,land_detector_state_inversion__2019-01-25__17_38_05__fault,20.023844,0.01868652651619864,4.572563171386719,False,actuator_controls_0.control[0]
development,reference,land_detector_state_inversion__2019-01-25__17_38_05__fault,20.823844,0.01868652651619864,4.572563171386719,False,actuator_controls_0.control[0]
development,reference,land_detector_state_inversion__2019-01-25__17_38_05__fault,21.623844000000002,0.01868652651619864,4.572563171386719,False,actuator_controls_0.control[0]
development,reference,land_detector_state_inversion__2019-01-25__17_38_05__fault,22.423844,0.009934147388531567,4.572563171386719,False,actuator_controls_0.control[0]
development,reference,land_detector_state_inversion__2019-01-25__17_38_05__fault,23.223844,0.009934147388531567,4.572563171386719,False,actuator_controls_0.control[0]
development,reference,land_detector_state_inversion__2019-01-25__17_38_05__fault,24.023844,0.009934147388531567,4.572563171386719,False,actuator_controls_0.control[0]
development,reference,land_detector_state_inversion__2019-01-25__17_38_05__fault,24.823844,0.0027700296812052817,4.572563171386719,False,actuator_controls_0.control[0]
development,reference,land_detector_state_inversion__2019-01-25__17_38_05__fault,25.623844000000002,0.0027700296812052817,4.572563171386719,False,actuator_controls_0.control[0]
development,reference,land_detector_state_inversion__2019-01-25__17_38_05__fault,26.423844,0.0027700296812052817,4.572563171386719,False,actuator_controls_0.control[0]
development,reference,land_detector_state_inversion__2019-01-25__17_38_05__fault,27.223844,0.001961983966109478,4.572563171386719,False,actuator_controls_0.control[0]
development,reference,land_detector_state_inversion__2019-01-25__17_38_05__fault,28.023844,0.0,4.572563171386719,False,actuator_controls_0.control[0]
development,reference,land_detector_state_inversion__2019-01-25__17_38_05__fault,28.823844,0.0,4.572563171386719,False,actuator_controls_0.control[0]
development,reference,land_detector_state_inversion__2019-01-25__17_38_05__fault,29.623844000000002,0.05442067669390322,4.572563171386719,False,actuator_controls_0.control[2]
development,reference,land_detector_state_inversion__2019-01-25__17_38_05__fault,30.423844,0.09567404988570119,4.572563171386719,False,actuator_controls_0.control[2]
development,reference,land_detector_state_inversion__2019-01-25__17_38_05__fault,31.223844,0.10965257435896895,4.572563171386719,False,actuator_controls_0.control[2]
development,reference,land_detector_state_inversion__2019-01-25__17_38_05__fault,32.023844,0.10587831262657924,4.572563171386719,False,actuator_controls_0.control[2]
development,reference,land_detector_state_inversion__2019-01-25__17_38_05__fault,32.823843999999994,0.08319986914968344,4.572563171386719,False,actuator_controls_0.control[2]
development,reference,land_detector_state_inversion__2019-01-25__17_38_05__fault,33.623844,0.048034438209250165,4.572563171386719,False,actuator_controls_0.control[2]
development,reference,land_detector_state_inversion__2019-01-25__17_38_05__fault,34.423843999999995,0.017557256105773907,4.572563171386719,False,actuator_controls_0.control[2]
development,reference,land_detector_state_inversion__2019-01-25__17_38_05__fault,35.223844,0.004310986061529362,4.572563171386719,False,actuator_controls_0.control[2]
development,reference,land_detector_state_inversion__2019-01-25__17_38_05__fault,36.023844,0.004310986061529362,4.572563171386719,False,actuator_controls_0.control[2]
development,reference,land_detector_state_inversion__2019-01-25__17_38_05__fault,36.823843999999994,0.004310986061529362,4.572563171386719,False,actuator_controls_0.control[2]
development,reference,land_detector_state_inversion__2019-01-25__17_38_05__fault,37.623844,0.001773290471902642,4.572563171386719,False,actuator_controls_0.control[3]
development,reference,land_detector_state_inversion__2019-01-25__17_38_05__fault,38.423843999999995,0.0,4.572563171386719,False,actuator_controls_0.control[0]
development,reference,land_detector_state_inversion__2019-01-25__17_38_05__fault,39.223844,0.0,4.572563171386719,False,actuator_controls_0.control[0]
development,reference,land_detector_state_inversion__2019-01-25__17_38_05__fault,40.023844,0.0,4.572563171386719,False,actuator_controls_0.control[0]
development,reference,land_detector_state_inversion__2019-01-25__17_38_05__fault,40.823843999999994,0.0,4.572563171386719,False,actuator_controls_0.control[0]
development,reference,land_detector_state_inversion__2019-01-25__17_38_05__fault,41.623844,171.76485061645508,4.572563171386719,True,vehicle_land_detected.landed
development,reference,land_detector_state_inversion__2019-01-25__17_38_05__fault,42.423843999999995,171.76485061645508,4.572563171386719,True,vehicle_land_detected.landed
development,reference,land_detector_state_inversion__2019-01-25__17_38_05__fault,43.223844,171.76485061645508,4.572563171386719,True,vehicle_land_detected.landed
development,reference,land_detector_state_inversion__2019-01-25__17_38_05__fault,44.023844,171.76485061645508,4.572563171386719,True,vehicle_land_detected.landed
development,reference,land_detector_state_inversion__2019-01-25__17_38_05__fault,44.823843999999994,171.76485061645508,4.572563171386719,True,vehicle_land_detected.landed
development,reference,land_detector_state_inversion__2019-01-25__17_38_05__fault,45.623844,171.76485061645508,4.572563171386719,True,vehicle_land_detected.landed
development,reference,land_detector_state_inversion__2019-01-25__17_38_05__fault,46.423843999999995,171.76485061645508,4.572563171386719,True,vehicle_land_detected.landed
development,reference,land_detector_state_inversion__2019-01-25__17_38_05__fault,47.223844,171.76485061645508,4.572563171386719,True,vehicle_land_detected.landed
development,reference,land_detector_state_inversion__2019-01-25__17_38_05__fault,48.023844,171.76485061645508,4.572563171386719,True,vehicle_land_detected.landed
development,reference,land_detector_state_inversion__2019-01-25__17_38_05__fault,48.823843999999994,171.76485061645508,4.572563171386719,True,vehicle_land_detected.landed
development,reference,land_detector_state_inversion__2019-01-25__17_38_05__fault,49.623844,171.76485061645508,4.572563171386719,True,vehicle_land_detected.landed
development,reference,land_detector_state_inversion__2019-01-25__17_38_05__fault,50.423843999999995,171.76485061645508,4.572563171386719,True,vehicle_land_detected.landed
development,reference,land_detector_state_inversion__2019-01-25__17_38_05__fault,51.223844,171.76485061645508,4.572563171386719,True,vehicle_land_detected.landed
development,reference,land_detector_state_inversion__2019-01-25__17_38_05__fault,52.023844,171.76485061645508,4.572563171386719,True,vehicle_land_detected.landed
development,reference,land_detector_state_inversion__2019-01-25__17_38_05__fault,52.823843999999994,171.76485061645508,4.572563171386719,True,vehicle_land_detected.landed
development,reference,land_detector_state_inversion__2019-01-25__17_38_05__fault,53.623844,171.76485061645508,4.572563171386719,True,vehicle_land_detected.landed
development,reference,land_detector_state_inversion__2019-01-25__17_38_05__fault,54.423843999999995,171.76485061645508,4.572563171386719,True,vehicle_land_detected.landed
development,reference,land_detector_state_inversion__2019-01-25__17_38_05__fault,55.223844,171.76485061645508,4.572563171386719,True,vehicle_land_detected.landed
development,reference,land_detector_state_inversion__2019-01-25__17_38_05__fault,56.023844,171.76485061645508,4.572563171386719,True,vehicle_land_detected.landed
development,reference,land_detector_state_inversion__2019-01-25__17_38_05__fault,56.823843999999994,171.76485061645508,4.572563171386719,True,vehicle_land_detected.landed
development,reference,land_detector_state_inversion__2019-01-25__17_38_05__fault,57.623844,171.76485061645508,4.572563171386719,True,vehicle_land_detected.landed
development,reference,land_detector_state_inversion__2019-01-25__17_38_05__fault,58.423843999999995,171.76485061645508,4.572563171386719,True,vehicle_land_detected.landed
development,reference,land_detector_state_inversion__2019-01-25__17_38_05__fault,59.223844,171.76485061645508,4.572563171386719,True,vehicle_land_detected.landed
development,reference,land_detector_state_inversion__2019-01-25__17_38_05__fault,60.023844,171.76485061645508,4.572563171386719,True,vehicle_land_detected.landed
development,reference,land_detector_state_inversion__2019-01-25__17_38_05__fault,60.823843999999994,171.76485061645508,4.572563171386719,True,vehicle_land_detected.landed
development,reference,land_detector_state_inversion__2019-01-25__17_38_05__fault,61.623844,171.76485061645508,4.572563171386719,True,vehicle_land_detected.landed
development,reference,land_detector_state_inversion__2019-01-25__17_38_05__fault,62.423843999999995,171.76485061645508,4.572563171386719,True,vehicle_land_detected.landed
development,reference,land_detector_state_inversion__2019-01-25__17_38_05__fault,63.223844,171.76485061645508,4.572563171386719,True,vehicle_land_detected.landed
development,reference,land_detector_state_inversion__2019-01-25__17_38_05__fault,64.023844,171.76485061645508,4.572563171386719,True,vehicle_land_detected.landed
development,reference,land_detector_state_inversion__2019-01-25__17_38_05__fault,64.823844,171.76485061645508,4.572563171386719,True,vehicle_land_detected.landed
development,reference,land_detector_state_inversion__2019-01-25__17_38_05__fault,65.62384399999999,171.76485061645508,4.572563171386719,True,vehicle_land_detected.landed
development,reference,land_detector_state_inversion__2019-01-25__17_38_05__fault,66.423844,171.76485061645508,4.572563171386719,True,vehicle_land_detected.landed
development,reference,land_detector_state_inversion__2019-01-25__17_38_05__fault,67.223844,171.76485061645508,4.572563171386719,True,vehicle_land_detected.landed
development,reference,land_detector_state_inversion__2019-01-25__17_38_05__fault,68.023844,171.76485061645508,4.572563171386719,True,vehicle_land_detected.landed
development,reference,land_detector_state_inversion__2019-01-25__17_38_05__fault,68.823844,171.76485061645508,4.572563171386719,True,vehicle_land_detected.landed
development,reference,land_detector_state_inversion__2019-01-25__17_38_05__fault,69.62384399999999,171.76485061645508,4.572563171386719,True,vehicle_land_detected.landed
development,reference,land_detector_state_inversion__2019-01-25__17_38_05__fault,70.423844,171.76485061645508,4.572563171386719,True,vehicle_land_detected.landed
development,reference,land_detector_state_inversion__2019-01-25__17_38_05__fault,71.223844,171.76485061645508,4.572563171386719,True,vehicle_land_detected.landed
development,reference,land_detector_state_inversion__2019-01-25__17_38_05__fault,72.023844,171.76485061645508,4.572563171386719,True,vehicle_land_detected.landed
development,reference,land_detector_state_inversion__2019-01-25__17_38_05__fault,72.823844,171.76485061645508,4.572563171386719,True,vehicle_land_detected.landed
development,reference,land_detector_state_inversion__2019-01-25__17_38_05__fault,73.62384399999999,171.76485061645508,4.572563171386719,True,vehicle_land_detected.landed
development,reference,land_detector_state_inversion__2019-01-25__17_38_05__fault,74.423844,171.76485061645508,4.572563171386719,True,vehicle_land_detected.landed
development,reference,land_detector_state_inversion__2019-01-25__17_38_05__fault,75.223844,171.76485061645508,4.572563171386719,True,vehicle_land_detected.landed
development,reference,land_detector_state_inversion__2019-01-25__17_38_05__fault,76.023844,171.76485061645508,4.572563171386719,True,vehicle_land_detected.landed
development,reference,land_detector_state_inversion__2019-01-25__17_38_05__fault,76.823844,171.76485061645508,4.572563171386719,True,vehicle_land_detected.landed
development,reference,land_detector_state_inversion__2019-01-25__17_38_05__fault,77.62384399999999,171.76485061645508,4.572563171386719,True,vehicle_land_detected.landed
development,reference,land_detector_state_inversion__2019-01-25__17_38_05__fault,78.423844,171.76485061645508,4.572563171386719,True,vehicle_land_detected.landed
development,reference,land_detector_state_inversion__2019-01-25__17_38_05__fault,79.223844,171.76485061645508,4.572563171386719,True,vehicle_land_detected.landed
development,reference,land_detector_state_inversion__2019-01-25__17_38_05__fault,80.023844,171.76485061645508,4.572563171386719,True,vehicle_land_detected.landed
development,reference,land_detector_state_inversion__2019-01-25__17_38_05__fault,80.823844,171.76485061645508,4.572563171386719,True,vehicle_land_detected.landed
development,reference,land_detector_state_inversion__2019-01-25__17_38_05__fault,81.62384399999999,171.76485061645508,4.572563171386719,True,vehicle_land_detected.landed
development,reference,land_detector_state_inversion__2019-01-25__17_38_05__fault,82.423844,171.76485061645508,4.572563171386719,True,vehicle_land_detected.landed
development,reference,land_detector_state_inversion__2019-01-25__17_38_05__fault,83.223844,171.76485061645508,4.572563171386719,True,vehicle_land_detected.landed
development,reference,land_detector_state_inversion__2019-01-25__17_38_05__fault,84.023844,171.76485061645508,4.572563171386719,True,vehicle_land_detected.landed
development,reference,land_detector_state_inversion__2019-01-25__17_38_05__fault,84.823844,171.76485061645508,4.572563171386719,True,vehicle_land_detected.landed
development,reference,land_detector_state_inversion__2019-01-25__17_38_05__fault,85.62384399999999,171.76485061645508,4.572563171386719,True,vehicle_land_detected.landed
development,reference,land_detector_state_inversion__2019-01-25__17_38_05__fault,86.423844,171.76485061645508,4.572563171386719,True,vehicle_land_detected.landed
development,reference,land_detector_state_inversion__2019-01-25__17_38_05__fault,87.223844,171.76485061645508,4.572563171386719,True,vehicle_land_detected.landed
development,reference,land_detector_state_inversion__2019-01-25__17_38_05__fault,88.023844,171.76485061645508,4.572563171386719,True,vehicle_land_detected.landed
development,reference,land_detector_state_inversion__2019-01-25__17_38_05__fault,88.823844,171.76485061645508,4.572563171386719,True,vehicle_land_detected.landed
development,reference,land_detector_state_inversion__2019-01-25__17_38_05__fault,89.62384399999999,171.76485061645508,4.572563171386719,True,vehicle_land_detected.landed
development,reference,land_detector_state_inversion__2019-01-25__17_38_05__fault,90.423844,171.76485061645508,4.572563171386719,True,vehicle_land_detected.landed
development,reference,land_detector_state_inversion__2019-01-25__17_38_05__fault,91.223844,171.76485061645508,4.572563171386719,True,vehicle_land_detected.landed
development,reference,land_detector_state_inversion__2019-01-25__17_38_05__fault,92.023844,171.76485061645508,4.572563171386719,True,vehicle_land_detected.landed
development,reference,land_detector_state_inversion__2019-01-25__17_38_05__fault,92.823844,171.76485061645508,4.572563171386719,True,vehicle_land_detected.landed
development,reference,land_detector_state_inversion__2019-03-06__08_02_26__fault,9.613741,0.0,4.572563171386719,False,actuator_controls_0.control[0]
development,reference,land_detector_state_inversion__2019-03-06__08_02_26__fault,10.413741,0.0,4.572563171386719,False,actuator_controls_0.control[0]
development,reference,land_detector_state_inversion__2019-03-06__08_02_26__fault,11.213740999999999,0.0,4.572563171386719,False,actuator_controls_0.control[0]
development,reference,land_detector_state_inversion__2019-03-06__08_02_26__fault,12.013741,0.0,4.572563171386719,False,actuator_controls_0.control[0]
development,reference,land_detector_state_inversion__2019-03-06__08_02_26__fault,12.813741,0.0,4.572563171386719,False,actuator_controls_0.control[0]
development,reference,land_detector_state_inversion__2019-03-06__08_02_26__fault,13.613741,0.0,4.572563171386719,False,actuator_controls_0.control[0]
development,reference,land_detector_state_inversion__2019-03-06__08_02_26__fault,14.413741,0.0,4.572563171386719,False,actuator_controls_0.control[0]
development,reference,land_detector_state_inversion__2019-03-06__08_02_26__fault,15.213740999999999,0.0,4.572563171386719,False,actuator_controls_0.control[0]
development,reference,land_detector_state_inversion__2019-03-06__08_02_26__fault,16.013741,0.0,4.572563171386719,False,actuator_controls_0.control[0]
development,reference,land_detector_state_inversion__2019-03-06__08_02_26__fault,16.813741,0.0,4.572563171386719,False,actuator_controls_0.control[0]
development,reference,land_detector_state_inversion__2019-03-06__08_02_26__fault,17.613741,0.0,4.572563171386719,False,actuator_controls_0.control[0]
development,reference,land_detector_state_inversion__2019-03-06__08_02_26__fault,18.413740999999998,0.0,4.572563171386719,False,actuator_controls_0.control[0]
development,reference,land_detector_state_inversion__2019-03-06__08_02_26__fault,19.213741,0.0,4.572563171386719,False,actuator_controls_0.control[0]
development,reference,land_detector_state_inversion__2019-03-06__08_02_26__fault,20.013741,0.0,4.572563171386719,False,actuator_controls_0.control[0]
development,reference,land_detector_state_inversion__2019-03-06__08_02_26__fault,20.813741,0.0,4.572563171386719,False,actuator_controls_0.control[0]
development,reference,land_detector_state_inversion__2019-03-06__08_02_26__fault,21.613741,0.0,4.572563171386719,False,actuator_controls_0.control[0]
development,reference,land_detector_state_inversion__2019-03-06__08_02_26__fault,22.413740999999998,0.0,4.572563171386719,False,actuator_controls_0.control[0]
development,reference,land_detector_state_inversion__2019-03-06__08_02_26__fault,23.213741,0.0,4.572563171386719,False,actuator_controls_0.control[0]
development,reference,land_detector_state_inversion__2019-03-06__08_02_26__fault,24.013741,0.0,4.572563171386719,False,actuator_controls_0.control[0]
development,reference,land_detector_state_inversion__2019-03-06__08_02_26__fault,24.813741,0.0,4.572563171386719,False,actuator_controls_0.control[0]
development,reference,land_detector_state_inversion__2019-03-06__08_02_26__fault,25.613741,0.0,4.572563171386719,False,actuator_controls_0.control[0]
development,reference,land_detector_state_inversion__2019-03-06__08_02_26__fault,26.413740999999998,0.0,4.572563171386719,False,actuator_controls_0.control[0]
development,reference,land_detector_state_inversion__2019-03-06__08_02_26__fault,27.213741,0.0,4.572563171386719,False,actuator_controls_0.control[0]
development,reference,land_detector_state_inversion__2019-03-06__08_02_26__fault,28.013741,0.0,4.572563171386719,False,actuator_controls_0.control[0]
development,reference,land_detector_state_inversion__2019-03-06__08_02_26__fault,28.813741,0.0,4.572563171386719,False,actuator_controls_0.control[0]
development,reference,land_detector_state_inversion__2019-03-06__08_02_26__fault,29.613741,0.0,4.572563171386719,False,actuator_controls_0.control[0]
development,reference,land_detector_state_inversion__2019-03-06__08_02_26__fault,30.413740999999998,0.0,4.572563171386719,False,actuator_controls_0.control[0]
development,reference,land_detector_state_inversion__2019-03-06__08_02_26__fault,31.213741,0.0,4.572563171386719,False,actuator_controls_0.control[0]
development,reference,land_detector_state_inversion__2019-03-06__08_02_26__fault,32.013741,0.0,4.572563171386719,False,actuator_controls_0.control[0]
development,reference,land_detector_state_inversion__2019-03-06__08_02_26__fault,32.813741,0.0,4.572563171386719,False,actuator_controls_0.control[0]
development,reference,land_detector_state_inversion__2019-03-06__08_02_26__fault,33.613741000000005,0.0,4.572563171386719,False,actuator_controls_0.control[0]
development,reference,land_detector_state_inversion__2019-03-06__08_02_26__fault,34.413741,0.0,4.572563171386719,False,actuator_controls_0.control[0]
development,reference,land_detector_state_inversion__2019-03-06__08_02_26__fault,35.213741000000006,0.0,4.572563171386719,False,actuator_controls_0.control[0]
development,reference,land_detector_state_inversion__2019-03-06__08_02_26__fault,36.013741,0.0,4.572563171386719,False,actuator_controls_0.control[0]
development,reference,land_detector_state_inversion__2019-03-06__08_02_26__fault,36.813741,0.0,4.572563171386719,False,actuator_controls_0.control[0]
development,reference,land_detector_state_inversion__2019-03-06__08_02_26__fault,37.613741000000005,0.0,4.572563171386719,False,actuator_controls_0.control[0]
development,reference,land_detector_state_inversion__2019-03-06__08_02_26__fault,38.413741,0.0,4.572563171386719,False,actuator_controls_0.control[0]
development,reference,land_detector_state_inversion__2019-03-06__08_02_26__fault,39.213741000000006,0.0,4.572563171386719,False,actuator_controls_0.control[0]
development,reference,land_detector_state_inversion__2019-03-06__08_02_26__fault,40.013741,0.0,4.572563171386719,False,actuator_controls_0.control[0]
development,reference,land_detector_state_inversion__2019-03-06__08_02_26__fault,40.813741,0.0,4.572563171386719,False,actuator_controls_0.control[0]
development,reference,land_detector_state_inversion__2019-03-06__08_02_26__fault,41.613741000000005,171.76485061645508,4.572563171386719,True,vehicle_land_detected.landed
development,reference,land_detector_state_inversion__2019-03-06__08_02_26__fault,42.413741,171.76485061645508,4.572563171386719,True,vehicle_land_detected.landed
development,reference,land_detector_state_inversion__2019-03-06__08_02_26__fault,43.213741000000006,171.76485061645508,4.572563171386719,True,vehicle_land_detected.landed
development,reference,land_detector_state_inversion__2019-03-06__08_02_26__fault,44.013741,171.76485061645508,4.572563171386719,True,vehicle_land_detected.landed
development,reference,land_detector_state_inversion__2019-03-06__08_02_26__fault,44.813741,171.76485061645508,4.572563171386719,True,vehicle_land_detected.landed
development,reference,land_detector_state_inversion__2019-03-06__08_02_26__fault,45.613741000000005,171.76485061645508,4.572563171386719,True,vehicle_land_detected.landed
development,reference,land_detector_state_inversion__2019-03-06__08_02_26__fault,46.413741,171.76485061645508,4.572563171386719,True,vehicle_land_detected.landed
development,reference,land_detector_state_inversion__2019-03-06__08_02_26__fault,47.213741000000006,171.76485061645508,4.572563171386719,True,vehicle_land_detected.landed
development,reference,land_detector_state_inversion__2019-03-06__08_02_26__fault,48.013741,171.76485061645508,4.572563171386719,True,vehicle_land_detected.landed
development,reference,land_detector_state_inversion__2019-03-06__08_02_26__fault,48.813741,171.76485061645508,4.572563171386719,True,vehicle_land_detected.landed
development,reference,land_detector_state_inversion__2019-03-06__08_02_26__fault,49.613741000000005,171.76485061645508,4.572563171386719,True,vehicle_land_detected.landed
development,reference,land_detector_state_inversion__2019-03-06__08_02_26__fault,50.413741,171.76485061645508,4.572563171386719,True,vehicle_land_detected.landed
development,reference,land_detector_state_inversion__2019-03-06__08_02_26__fault,51.213741000000006,171.76485061645508,4.572563171386719,True,vehicle_land_detected.landed
development,reference,land_detector_state_inversion__2019-03-06__08_02_26__fault,52.013741,171.76485061645508,4.572563171386719,True,vehicle_land_detected.landed
development,reference,land_detector_state_inversion__2019-03-06__08_02_26__fault,52.813741,171.76485061645508,4.572563171386719,True,vehicle_land_detected.landed
development,reference,land_detector_state_inversion__2019-03-06__08_02_26__fault,53.613741000000005,171.76485061645508,4.572563171386719,True,vehicle_land_detected.landed
development,reference,land_detector_state_inversion__2019-03-06__08_02_26__fault,54.413741,171.76485061645508,4.572563171386719,True,vehicle_land_detected.landed
development,reference,land_detector_state_inversion__2019-03-06__08_02_26__fault,55.213741000000006,171.76485061645508,4.572563171386719,True,vehicle_land_detected.landed
development,reference,land_detector_state_inversion__2019-03-06__08_02_26__fault,56.013741,171.76485061645508,4.572563171386719,True,vehicle_land_detected.landed
development,reference,land_detector_state_inversion__2019-03-06__08_02_26__fault,56.813741,171.76485061645508,4.572563171386719,True,vehicle_land_detected.landed
development,reference,land_detector_state_inversion__2019-03-06__08_02_26__fault,57.613741000000005,171.76485061645508,4.572563171386719,True,vehicle_land_detected.landed
development,reference,land_detector_state_inversion__2019-03-06__08_02_26__fault,58.413741,171.76485061645508,4.572563171386719,True,vehicle_land_detected.landed
development,reference,land_detector_state_inversion__2019-03-06__08_02_26__fault,59.213741000000006,171.76485061645508,4.572563171386719,True,vehicle_land_detected.landed
development,reference,land_detector_state_inversion__2019-03-06__08_02_26__fault,60.013741,171.76485061645508,4.572563171386719,True,vehicle_land_detected.landed
development,reference,land_detector_state_inversion__2019-03-06__08_02_26__fault,60.813741,171.76485061645508,4.572563171386719,True,vehicle_land_detected.landed
development,reference,land_detector_state_inversion__2019-03-06__08_02_26__fault,61.613741000000005,171.76485061645508,4.572563171386719,True,vehicle_land_detected.landed
development,reference,land_detector_state_inversion__2019-03-06__08_02_26__fault,62.413741,171.76485061645508,4.572563171386719,True,vehicle_land_detected.landed
development,reference,land_detector_state_inversion__2019-03-06__08_02_26__fault,63.213741000000006,171.76485061645508,4.572563171386719,True,vehicle_land_detected.landed
development,reference,land_detector_state_inversion__2019-03-06__08_02_26__fault,64.013741,171.76485061645508,4.572563171386719,True,vehicle_land_detected.landed
development,reference,land_detector_state_inversion__2019-03-06__08_02_26__fault,64.813741,171.76485061645508,4.572563171386719,True,vehicle_land_detected.landed
development,reference,land_detector_state_inversion__2019-03-06__08_02_26__fault,65.61374099999999,171.76485061645508,4.572563171386719,True,vehicle_land_detected.landed
development,reference,land_detector_state_inversion__2019-03-06__08_02_26__fault,66.413741,171.76485061645508,4.572563171386719,True,vehicle_land_detected.landed
development,reference,land_detector_state_inversion__2019-03-06__08_02_26__fault,67.213741,171.76485061645508,4.572563171386719,True,vehicle_land_detected.landed
development,reference,land_detector_state_inversion__2019-03-06__08_02_26__fault,68.013741,171.76485061645508,4.572563171386719,True,vehicle_land_detected.landed
development,reference,land_detector_state_inversion__2019-03-06__08_02_26__fault,68.813741,171.76485061645508,4.572563171386719,True,vehicle_land_detected.landed
development,reference,land_detector_state_inversion__2019-03-06__08_02_26__fault,69.61374099999999,171.76485061645508,4.572563171386719,True,vehicle_land_detected.landed
development,reference,land_detector_state_inversion__2019-03-06__08_02_26__fault,70.413741,171.76485061645508,4.572563171386719,True,vehicle_land_detected.landed
development,reference,land_detector_state_inversion__2019-03-06__08_02_26__fault,71.213741,171.76485061645508,4.572563171386719,True,vehicle_land_detected.landed
development,reference,land_detector_state_inversion__2019-03-06__08_02_26__fault,72.013741,171.76485061645508,4.572563171386719,True,vehicle_land_detected.landed
development,reference,land_detector_state_inversion__2019-03-06__08_02_26__fault,72.813741,171.76485061645508,4.572563171386719,True,vehicle_land_detected.landed
development,reference,land_detector_state_inversion__2019-03-06__08_02_26__fault,73.61374099999999,171.76485061645508,4.572563171386719,True,vehicle_land_detected.landed
development,reference,land_detector_state_inversion__2019-03-06__08_02_26__fault,74.413741,171.76485061645508,4.572563171386719,True,vehicle_land_detected.landed
development,reference,land_detector_state_inversion__2019-03-06__08_02_26__fault,75.213741,171.76485061645508,4.572563171386719,True,vehicle_land_detected.landed
development,reference,land_detector_state_inversion__2019-03-06__08_02_26__fault,76.013741,171.76485061645508,4.572563171386719,True,vehicle_land_detected.landed
development,reference,land_detector_state_inversion__2019-03-06__08_02_26__fault,76.813741,171.76485061645508,4.572563171386719,True,vehicle_land_detected.landed
development,reference,land_detector_state_inversion__2019-03-06__08_02_26__fault,77.61374099999999,171.76485061645508,4.572563171386719,True,vehicle_land_detected.landed
development,reference,land_detector_state_inversion__2019-03-06__08_02_26__fault,78.413741,171.76485061645508,4.572563171386719,True,vehicle_land_detected.landed
development,reference,land_detector_state_inversion__2019-03-06__08_02_26__fault,79.213741,171.76485061645508,4.572563171386719,True,vehicle_land_detected.landed
development,reference,land_detector_state_inversion__2019-03-06__08_02_26__fault,80.013741,171.76485061645508,4.572563171386719,True,vehicle_land_detected.landed
development,reference,land_detector_state_inversion__2019-03-06__08_02_26__fault,80.813741,171.76485061645508,4.572563171386719,True,vehicle_land_detected.landed
development,reference,land_detector_state_inversion__2019-03-06__08_02_26__fault,81.61374099999999,171.76485061645508,4.572563171386719,True,vehicle_land_detected.landed
development,reference,land_detector_state_inversion__2019-03-06__08_02_26__fault,82.413741,171.76485061645508,4.572563171386719,True,vehicle_land_detected.landed
development,reference,land_detector_state_inversion__2019-03-06__08_02_26__fault,83.213741,171.76485061645508,4.572563171386719,True,vehicle_land_detected.landed
development,reference,land_detector_state_inversion__2019-03-06__08_02_26__fault,84.013741,171.76485061645508,4.572563171386719,True,vehicle_land_detected.landed
development,reference,land_detector_state_inversion__2019-03-06__08_02_26__fault,84.813741,171.76485061645508,4.572563171386719,True,vehicle_land_detected.landed
development,reference,land_detector_state_inversion__2019-03-06__08_02_26__fault,85.61374099999999,171.76485061645508,4.572563171386719,True,vehicle_land_detected.landed
development,reference,land_detector_state_inversion__2019-03-06__08_02_26__fault,86.413741,171.76485061645508,4.572563171386719,True,vehicle_land_detected.landed
development,reference,land_detector_state_inversion__2019-03-06__08_02_26__fault,87.213741,171.76485061645508,4.572563171386719,True,vehicle_land_detected.landed
development,reference,land_detector_state_inversion__2019-03-06__08_02_26__fault,88.013741,171.76485061645508,4.572563171386719,True,vehicle_land_detected.landed
development,reference,land_detector_state_inversion__2019-03-06__08_02_26__fault,88.813741,171.76485061645508,4.572563171386719,True,vehicle_land_detected.landed
development,reference,land_detector_state_inversion__2019-03-06__08_02_26__fault,89.61374099999999,171.76485061645508,4.572563171386719,True,vehicle_land_detected.landed
development,reference,land_detector_state_inversion__2019-03-06__08_02_26__fault,90.413741,171.76485061645508,4.572563171386719,True,vehicle_land_detected.landed
development,reference,land_detector_state_inversion__2019-03-06__08_02_26__fault,91.213741,171.76485061645508,4.572563171386719,True,vehicle_land_detected.landed
development,reference,land_detector_state_inversion__2019-03-06__08_02_26__fault,92.013741,171.76485061645508,4.572563171386719,True,vehicle_land_detected.landed
development,reference,land_detector_state_inversion__2019-03-06__08_02_26__fault,92.813741,171.76485061645508,4.572563171386719,True,vehicle_land_detected.landed
development,reference,land_detector_state_inversion__2019-03-06__08_02_26__fault,93.61374099999999,171.76485061645508,4.572563171386719,True,vehicle_land_detected.landed
development,reference,land_detector_state_inversion__2019-03-06__08_02_26__fault,94.413741,171.76485061645508,4.572563171386719,True,vehicle_land_detected.landed
development,reference,land_detector_state_inversion__2019-03-06__08_02_26__fault,95.213741,171.76485061645508,4.572563171386719,True,vehicle_land_detected.landed
development,reference,land_detector_state_inversion__2019-03-06__08_02_26__fault,96.013741,171.76485061645508,4.572563171386719,True,vehicle_land_detected.landed
transfer,normal,commander_nav_state_override__2018-12-19__07_49_17__baseline,9.632558,0.0,4.572563171386719,False,actuator_controls_0.control[0]
transfer,normal,commander_nav_state_override__2018-12-19__07_49_17__baseline,10.432558,0.0,4.572563171386719,False,actuator_controls_0.control[0]
transfer,normal,commander_nav_state_override__2018-12-19__07_49_17__baseline,11.232558,0.0,4.572563171386719,False,actuator_controls_0.control[0]
transfer,normal,commander_nav_state_override__2018-12-19__07_49_17__baseline,12.032558,0.0,4.572563171386719,False,actuator_controls_0.control[0]
transfer,normal,commander_nav_state_override__2018-12-19__07_49_17__baseline,12.832558,14.103832244873047,4.572563171386719,True,vehicle_attitude_setpoint.pitch_body
transfer,normal,commander_nav_state_override__2018-12-19__07_49_17__baseline,13.632558,14.103832244873047,4.572563171386719,True,vehicle_attitude_setpoint.pitch_body
transfer,normal,commander_nav_state_override__2018-12-19__07_49_17__baseline,14.432558,14.103832244873047,4.572563171386719,True,vehicle_attitude_setpoint.pitch_body
transfer,normal,commander_nav_state_override__2018-12-19__07_49_17__baseline,15.232558,14.103832244873047,4.572563171386719,True,vehicle_attitude_setpoint.pitch_body
transfer,normal,commander_nav_state_override__2018-12-19__07_49_17__baseline,16.032558,14.103832244873047,4.572563171386719,True,vehicle_attitude_setpoint.pitch_body
transfer,normal,commander_nav_state_override__2018-12-19__07_49_17__baseline,16.832558000000002,14.103832244873047,4.572563171386719,True,vehicle_attitude_setpoint.pitch_body
transfer,normal,commander_nav_state_override__2018-12-19__07_49_17__baseline,17.632558000000003,14.103832244873047,4.572563171386719,True,vehicle_attitude_setpoint.pitch_body
transfer,normal,commander_nav_state_override__2018-12-19__07_49_17__baseline,18.432558,14.103832244873047,4.572563171386719,True,vehicle_attitude_setpoint.pitch_body
transfer,normal,commander_nav_state_override__2018-12-19__07_49_17__baseline,19.232558,14.103832244873047,4.572563171386719,True,vehicle_attitude_setpoint.pitch_body
transfer,normal,commander_nav_state_override__2018-12-19__07_49_17__baseline,20.032558,14.103832244873047,4.572563171386719,True,vehicle_attitude_setpoint.pitch_body
transfer,normal,commander_nav_state_override__2018-12-19__07_49_17__baseline,20.832558000000002,4.04890775680542,4.572563171386719,False,vehicle_attitude_setpoint.pitch_body
transfer,normal,commander_nav_state_override__2018-12-19__07_49_17__baseline,21.632558000000003,4.04890775680542,4.572563171386719,False,vehicle_attitude_setpoint.pitch_body
transfer,normal,commander_nav_state_override__2018-12-19__07_49_17__baseline,22.432558,4.04890775680542,4.572563171386719,False,vehicle_attitude_setpoint.pitch_body
transfer,normal,commander_nav_state_override__2018-12-19__07_49_17__baseline,23.232558,4.04890775680542,4.572563171386719,False,vehicle_attitude_setpoint.pitch_body
transfer,normal,commander_nav_state_override__2018-12-19__07_49_17__baseline,24.032558,4.04890775680542,4.572563171386719,False,vehicle_attitude_setpoint.pitch_body
transfer,normal,commander_nav_state_override__2018-12-19__07_49_17__baseline,24.832558000000002,4.04890775680542,4.572563171386719,False,vehicle_attitude_setpoint.pitch_body
transfer,normal,commander_nav_state_override__2018-12-19__07_49_17__baseline,25.632558000000003,4.04890775680542,4.572563171386719,False,vehicle_attitude_setpoint.pitch_body
transfer,normal,commander_nav_state_override__2018-12-19__07_49_17__baseline,26.432558,4.04890775680542,4.572563171386719,False,vehicle_attitude_setpoint.pitch_body
transfer,normal,commander_nav_state_override__2018-12-19__07_49_17__baseline,27.232558,4.04890775680542,4.572563171386719,False,vehicle_attitude_setpoint.pitch_body
transfer,normal,commander_nav_state_override__2018-12-19__07_49_17__baseline,28.032558,4.04890775680542,4.572563171386719,False,vehicle_attitude_setpoint.pitch_body
transfer,normal,commander_nav_state_override__2018-12-19__07_49_17__baseline,28.832558000000002,0.5369472503662109,4.572563171386719,False,vehicle_attitude_setpoint.pitch_body
transfer,normal,commander_nav_state_override__2018-12-19__07_49_17__baseline,29.632558000000003,0.5369472503662109,4.572563171386719,False,vehicle_attitude_setpoint.pitch_body
transfer,normal,commander_nav_state_override__2018-12-19__07_49_17__baseline,30.432558,1.3986873626708984,4.572563171386719,False,vehicle_attitude_setpoint.roll_body
transfer,normal,commander_nav_state_override__2018-12-19__07_49_17__baseline,31.232558,1.3986873626708984,4.572563171386719,False,vehicle_attitude_setpoint.roll_body
transfer,normal,commander_nav_state_override__2018-12-19__07_49_17__baseline,32.032558,1.3986873626708984,4.572563171386719,False,vehicle_attitude_setpoint.roll_body
transfer,normal,commander_nav_state_override__2018-12-19__07_49_17__baseline,32.832558,1.600508689880371,4.572563171386719,False,vehicle_attitude_setpoint.roll_body
transfer,normal,commander_nav_state_override__2018-12-19__07_49_17__baseline,33.632558,1.600508689880371,4.572563171386719,False,vehicle_attitude_setpoint.roll_body
transfer,normal,commander_nav_state_override__2018-12-19__07_49_17__baseline,34.432558,1.600508689880371,4.572563171386719,False,vehicle_attitude_setpoint.roll_body
transfer,normal,commander_nav_state_override__2018-12-19__07_49_17__baseline,35.232558000000004,1.600508689880371,4.572563171386719,False,vehicle_attitude_setpoint.roll_body
transfer,normal,commander_nav_state_override__2018-12-19__07_49_17__baseline,36.032558,1.600508689880371,4.572563171386719,False,vehicle_attitude_setpoint.roll_body
transfer,normal,commander_nav_state_override__2018-12-19__07_49_17__baseline,36.832558,1.9741439819335938,4.572563171386719,False,vehicle_attitude_setpoint.roll_body
transfer,normal,commander_nav_state_override__2018-12-19__07_49_17__baseline,37.632558,1.9741439819335938,4.572563171386719,False,vehicle_attitude_setpoint.roll_body
transfer,normal,commander_nav_state_override__2018-12-19__07_49_17__baseline,38.432558,1.9741439819335938,4.572563171386719,False,vehicle_attitude_setpoint.roll_body
transfer,normal,commander_nav_state_override__2018-12-19__07_49_17__baseline,39.232558000000004,1.9741439819335938,4.572563171386719,False,vehicle_attitude_setpoint.roll_body
transfer,normal,commander_nav_state_override__2018-12-19__07_49_17__baseline,40.032558,1.5267181396484375,4.572563171386719,False,vehicle_attitude_setpoint.roll_body
transfer,normal,commander_nav_state_override__2018-12-19__07_49_17__baseline,40.832558,1.5267181396484375,4.572563171386719,False,vehicle_attitude_setpoint.roll_body
transfer,normal,commander_nav_state_override__2018-12-19__07_49_17__baseline,41.632558,1.5267181396484375,4.572563171386719,False,vehicle_attitude_setpoint.roll_body
transfer,normal,commander_nav_state_override__2018-12-19__07_49_17__baseline,42.432558,5.4878973960876465,4.572563171386719,True,vehicle_attitude_setpoint.roll_body
transfer,normal,commander_nav_state_override__2018-12-19__07_49_17__baseline,43.232558000000004,5.4878973960876465,4.572563171386719,True,vehicle_attitude_setpoint.roll_body
transfer,normal,commander_nav_state_override__2018-12-19__07_49_17__baseline,44.032558,5.4878973960876465,4.572563171386719,True,vehicle_attitude_setpoint.roll_body
transfer,normal,commander_nav_state_override__2018-12-19__07_49_17__baseline,44.832558,1.0515975952148438,4.572563171386719,False,vehicle_attitude_setpoint.pitch_body
transfer,normal,commander_nav_state_override__2018-12-19__07_49_17__baseline,45.632558,1.0515975952148438,4.572563171386719,False,vehicle_attitude_setpoint.pitch_body
transfer,normal,commander_nav_state_override__2018-12-19__07_49_17__baseline,46.432558,1.0515975952148438,4.572563171386719,False,vehicle_attitude_setpoint.pitch_body
transfer,normal,commander_nav_state_override__2018-12-19__07_49_17__baseline,47.232558000000004,2.1335792541503906,4.572563171386719,False,vehicle_attitude_setpoint.roll_body
transfer,normal,commander_nav_state_override__2018-12-19__07_49_17__baseline,48.032558,2.1335792541503906,4.572563171386719,False,vehicle_attitude_setpoint.roll_body
transfer,normal,commander_nav_state_override__2018-12-19__07_49_17__baseline,48.832558,2.1335792541503906,4.572563171386719,False,vehicle_attitude_setpoint.roll_body
transfer,normal,commander_nav_state_override__2018-12-19__07_49_17__baseline,49.632558,2.1335792541503906,4.572563171386719,False,vehicle_attitude_setpoint.roll_body
transfer,normal,commander_nav_state_override__2018-12-19__07_49_17__baseline,50.432558,2.1335792541503906,4.572563171386719,False,vehicle_attitude_setpoint.roll_body
transfer,normal,commander_nav_state_override__2018-12-19__07_49_17__baseline,51.232558000000004,2.1335792541503906,4.572563171386719,False,vehicle_attitude_setpoint.roll_body
transfer,normal,commander_nav_state_override__2018-12-19__07_49_17__baseline,52.032558,2.1335792541503906,4.572563171386719,False,vehicle_attitude_setpoint.roll_body
transfer,normal,commander_nav_state_override__2018-12-19__07_49_17__baseline,52.832558,2.1335792541503906,4.572563171386719,False,vehicle_attitude_setpoint.roll_body
transfer,normal,commander_nav_state_override__2018-12-19__07_49_17__baseline,53.632558,2.1335792541503906,4.572563171386719,False,vehicle_attitude_setpoint.roll_body
transfer,normal,commander_nav_state_override__2018-12-19__07_49_17__baseline,54.432558,2.1335792541503906,4.572563171386719,False,vehicle_attitude_setpoint.roll_body
transfer,normal,commander_nav_state_override__2018-12-19__07_49_17__baseline,55.232558000000004,2.1335792541503906,4.572563171386719,False,vehicle_attitude_setpoint.roll_body
transfer,normal,commander_nav_state_override__2018-12-19__07_49_17__baseline,56.032558,2.1335792541503906,4.572563171386719,False,vehicle_attitude_setpoint.roll_body
transfer,normal,commander_nav_state_override__2018-12-19__07_49_17__baseline,56.832558,1.4191246032714844,4.572563171386719,False,vehicle_attitude_setpoint.roll_body
transfer,normal,commander_nav_state_override__2018-12-19__07_49_17__baseline,57.632558,1.4191246032714844,4.572563171386719,False,vehicle_attitude_setpoint.roll_body
transfer,normal,commander_nav_state_override__2018-12-19__07_49_17__baseline,58.432558,2.704603672027588,4.572563171386719,False,vehicle_attitude_setpoint.pitch_body
transfer,normal,commander_nav_state_override__2018-12-19__07_49_17__baseline,59.232558000000004,2.704603672027588,4.572563171386719,False,vehicle_attitude_setpoint.pitch_body
transfer,normal,commander_nav_state_override__2018-12-19__07_49_17__baseline,60.032558,1.4191246032714844,4.572563171386719,False,vehicle_attitude_setpoint.roll_body
transfer,normal,commander_nav_state_override__2018-12-19__07_49_17__baseline,60.832558,1.4191246032714844,4.572563171386719,False,vehicle_attitude_setpoint.roll_body
transfer,normal,commander_nav_state_override__2018-12-19__07_49_17__baseline,61.632558,1.4191246032714844,4.572563171386719,False,vehicle_attitude_setpoint.roll_body
transfer,normal,commander_nav_state_override__2018-12-19__07_49_17__baseline,62.432558,1.4191246032714844,4.572563171386719,False,vehicle_attitude_setpoint.roll_body
transfer,normal,commander_nav_state_override__2018-12-19__07_49_17__baseline,63.232558000000004,1.4191246032714844,4.572563171386719,False,vehicle_attitude_setpoint.roll_body
transfer,normal,commander_nav_state_override__2018-12-19__07_49_17__baseline,64.032558,1.4191246032714844,4.572563171386719,False,vehicle_attitude_setpoint.roll_body
transfer,normal,commander_nav_state_override__2018-12-19__07_49_17__baseline,64.83255799999999,1.251211166381836,4.572563171386719,False,vehicle_attitude_setpoint.roll_body
transfer,normal,commander_nav_state_override__2018-12-19__07_49_17__baseline,65.63255799999999,1.2874725461006165,4.572563171386719,False,vehicle_attitude_setpoint.pitch_body
transfer,normal,commander_nav_state_override__2018-12-19__07_49_17__baseline,66.432558,1.2874725461006165,4.572563171386719,False,vehicle_attitude_setpoint.pitch_body
transfer,normal,commander_nav_state_override__2018-12-19__07_49_17__baseline,67.232558,2.645535469055176,4.572563171386719,False,vehicle_attitude_setpoint.pitch_body
transfer,normal,commander_nav_state_override__2018-12-19__07_49_17__baseline,68.032558,4.862275123596191,4.572563171386719,True,vehicle_attitude_setpoint.roll_body
transfer,normal,commander_nav_state_override__2018-12-19__07_49_17__baseline,68.83255799999999,4.862275123596191,4.572563171386719,True,vehicle_attitude_setpoint.roll_body
transfer,normal,commander_nav_state_override__2018-12-19__07_49_17__baseline,69.63255799999999,4.862275123596191,4.572563171386719,True,vehicle_attitude_setpoint.roll_body
transfer,normal,commander_nav_state_override__2018-12-19__07_49_17__baseline,70.432558,4.862275123596191,4.572563171386719,True,vehicle_attitude_setpoint.roll_body
transfer,normal,commander_nav_state_override__2018-12-19__07_49_17__baseline,71.232558,4.862275123596191,4.572563171386719,True,vehicle_attitude_setpoint.roll_body
transfer,normal,commander_nav_state_override__2018-12-19__07_49_17__baseline,72.032558,4.862275123596191,4.572563171386719,True,vehicle_attitude_setpoint.roll_body
transfer,normal,commander_nav_state_override__2018-12-19__07_49_17__baseline,72.83255799999999,4.862275123596191,4.572563171386719,True,vehicle_attitude_setpoint.roll_body
transfer,normal,commander_nav_state_override__2018-12-19__07_49_17__baseline,73.63255799999999,4.862275123596191,4.572563171386719,True,vehicle_attitude_setpoint.roll_body
transfer,normal,commander_nav_state_override__2018-12-19__07_49_17__baseline,74.432558,4.862275123596191,4.572563171386719,True,vehicle_attitude_setpoint.roll_body
transfer,normal,commander_nav_state_override__2018-12-19__07_49_17__baseline,75.232558,4.862275123596191,4.572563171386719,True,vehicle_attitude_setpoint.roll_body
transfer,normal,commander_nav_state_override__2018-12-19__07_49_17__baseline,76.032558,1.4731025695800781,4.572563171386719,False,vehicle_attitude_setpoint.roll_body
transfer,normal,commander_nav_state_override__2018-12-19__07_49_17__baseline,76.83255799999999,1.4731025695800781,4.572563171386719,False,vehicle_attitude_setpoint.roll_body
transfer,normal,commander_nav_state_override__2018-12-19__07_49_17__baseline,77.63255799999999,1.4569568634033203,4.572563171386719,False,vehicle_attitude_setpoint.roll_body
transfer,normal,commander_nav_state_override__2018-12-19__07_49_17__baseline,78.432558,1.4569568634033203,4.572563171386719,False,vehicle_attitude_setpoint.roll_body
transfer,normal,commander_nav_state_override__2018-12-19__07_49_17__baseline,79.232558,1.4569568634033203,4.572563171386719,False,vehicle_attitude_setpoint.roll_body
transfer,normal,commander_nav_state_override__2018-12-19__07_49_17__baseline,80.032558,1.4862823486328125,4.572563171386719,False,vehicle_attitude_setpoint.roll_body
transfer,normal,commander_nav_state_override__2018-12-19__07_49_17__baseline,80.83255799999999,1.4862823486328125,4.572563171386719,False,vehicle_attitude_setpoint.roll_body
transfer,normal,commander_nav_state_override__2018-12-19__07_49_17__baseline,81.63255799999999,1.4862823486328125,4.572563171386719,False,vehicle_attitude_setpoint.roll_body
transfer,normal,commander_nav_state_override__2018-12-19__07_49_17__baseline,82.432558,1.4862823486328125,4.572563171386719,False,vehicle_attitude_setpoint.roll_body
transfer,normal,commander_nav_state_override__2018-12-19__07_49_17__baseline,83.232558,3.4545516967773438,4.572563171386719,False,vehicle_attitude_setpoint.pitch_body
transfer,normal,commander_nav_state_override__2018-12-19__07_49_17__baseline,84.032558,3.4545516967773438,4.572563171386719,False,vehicle_attitude_setpoint.pitch_body
transfer,normal,commander_nav_state_override__2018-12-19__07_49_17__baseline,84.83255799999999,3.058185577392578,4.572563171386719,False,vehicle_attitude_setpoint.pitch_body
transfer,normal,commander_nav_state_override__2018-12-19__07_49_17__baseline,85.63255799999999,3.058185577392578,4.572563171386719,False,vehicle_attitude_setpoint.pitch_body
transfer,normal,commander_nav_state_override__2018-12-19__07_49_17__baseline,86.432558,3.058185577392578,4.572563171386719,False,vehicle_attitude_setpoint.pitch_body
transfer,normal,commander_nav_state_override__2018-12-20__07_47_50__baseline,9.615898,0.0,4.572563171386719,False,actuator_controls_0.control[0]
transfer,normal,commander_nav_state_override__2018-12-20__07_47_50__baseline,10.415898,0.0,4.572563171386719,False,actuator_controls_0.control[0]
transfer,normal,commander_nav_state_override__2018-12-20__07_47_50__baseline,11.215898,0.0,4.572563171386719,False,actuator_controls_0.control[0]
transfer,normal,commander_nav_state_override__2018-12-20__07_47_50__baseline,12.015898,0.0,4.572563171386719,False,actuator_controls_0.control[0]
transfer,normal,commander_nav_state_override__2018-12-20__07_47_50__baseline,12.815898,0.0,4.572563171386719,False,actuator_controls_0.control[0]
transfer,normal,commander_nav_state_override__2018-12-20__07_47_50__baseline,13.615898,0.0,4.572563171386719,False,actuator_controls_0.control[0]
transfer,normal,commander_nav_state_override__2018-12-20__07_47_50__baseline,14.415898,0.0,4.572563171386719,False,actuator_controls_0.control[0]
transfer,normal,commander_nav_state_override__2018-12-20__07_47_50__baseline,15.215898,0.0,4.572563171386719,False,actuator_controls_0.control[0]
transfer,normal,commander_nav_state_override__2018-12-20__07_47_50__baseline,16.015898,0.0,4.572563171386719,False,actuator_controls_0.control[0]
transfer,normal,commander_nav_state_override__2018-12-20__07_47_50__baseline,16.815898,0.0,4.572563171386719,False,actuator_controls_0.control[0]
transfer,normal,commander_nav_state_override__2018-12-20__07_47_50__baseline,17.615898,0.0,4.572563171386719,False,actuator_controls_0.control[0]
transfer,normal,commander_nav_state_override__2018-12-20__07_47_50__baseline,18.415898,0.0,4.572563171386719,False,actuator_controls_0.control[0]
transfer,normal,commander_nav_state_override__2018-12-20__07_47_50__baseline,19.215898,0.0,4.572563171386719,False,actuator_controls_0.control[0]
transfer,normal,commander_nav_state_override__2018-12-20__07_47_50__baseline,20.015898,0.0,4.572563171386719,False,actuator_controls_0.control[0]
transfer,normal,commander_nav_state_override__2018-12-20__07_47_50__baseline,20.815898,0.0,4.572563171386719,False,actuator_controls_0.control[0]
transfer,normal,commander_nav_state_override__2018-12-20__07_47_50__baseline,21.615898,0.0,4.572563171386719,False,actuator_controls_0.control[0]
transfer,normal,commander_nav_state_override__2018-12-20__07_47_50__baseline,22.415898,0.0,4.572563171386719,False,actuator_controls_0.control[0]
transfer,normal,commander_nav_state_override__2018-12-20__07_47_50__baseline,23.215898,0.0,4.572563171386719,False,actuator_controls_0.control[0]
transfer,normal,commander_nav_state_override__2018-12-20__07_47_50__baseline,24.015898,0.0,4.572563171386719,False,actuator_controls_0.control[0]
transfer,normal,commander_nav_state_override__2018-12-20__07_47_50__baseline,24.815898,0.0,4.572563171386719,False,actuator_controls_0.control[0]
transfer,normal,commander_nav_state_override__2018-12-20__07_47_50__baseline,25.615898,0.0,4.572563171386719,False,actuator_controls_0.control[0]
transfer,normal,commander_nav_state_override__2018-12-20__07_47_50__baseline,26.415898,0.0,4.572563171386719,False,actuator_controls_0.control[0]
transfer,normal,commander_nav_state_override__2018-12-20__07_47_50__baseline,27.215898,0.0,4.572563171386719,False,actuator_controls_0.control[0]
transfer,normal,commander_nav_state_override__2018-12-20__07_47_50__baseline,28.015898,0.0,4.572563171386719,False,actuator_controls_0.control[0]
transfer,normal,commander_nav_state_override__2018-12-20__07_47_50__baseline,28.815898,0.0,4.572563171386719,False,actuator_controls_0.control[0]
transfer,normal,commander_nav_state_override__2018-12-20__07_47_50__baseline,29.615898,0.0,4.572563171386719,False,actuator_controls_0.control[0]
transfer,normal,commander_nav_state_override__2018-12-20__07_47_50__baseline,30.415898,0.0,4.572563171386719,False,actuator_controls_0.control[0]
transfer,normal,commander_nav_state_override__2018-12-20__07_47_50__baseline,31.215898,0.0,4.572563171386719,False,actuator_controls_0.control[0]
transfer,normal,commander_nav_state_override__2018-12-20__07_47_50__baseline,32.015898,0.0,4.572563171386719,False,actuator_controls_0.control[0]
transfer,normal,commander_nav_state_override__2018-12-20__07_47_50__baseline,32.815898,0.0,4.572563171386719,False,actuator_controls_0.control[0]
transfer,normal,commander_nav_state_override__2018-12-20__07_47_50__baseline,33.615898,0.0,4.572563171386719,False,actuator_controls_0.control[0]
transfer,normal,commander_nav_state_override__2018-12-20__07_47_50__baseline,34.415898,0.0,4.572563171386719,False,actuator_controls_0.control[0]
transfer,normal,commander_nav_state_override__2018-12-20__07_47_50__baseline,35.215898,0.0,4.572563171386719,False,actuator_controls_0.control[0]
transfer,normal,commander_nav_state_override__2018-12-20__07_47_50__baseline,36.015898,0.0,4.572563171386719,False,actuator_controls_0.control[0]
transfer,normal,commander_nav_state_override__2018-12-20__07_47_50__baseline,36.815898,0.0,4.572563171386719,False,actuator_controls_0.control[0]
transfer,normal,commander_nav_state_override__2018-12-20__07_47_50__baseline,37.615898,0.0,4.572563171386719,False,actuator_controls_0.control[0]
transfer,normal,commander_nav_state_override__2018-12-20__07_47_50__baseline,38.415898,0.0,4.572563171386719,False,actuator_controls_0.control[0]
transfer,normal,commander_nav_state_override__2018-12-20__07_47_50__baseline,39.215898,0.0,4.572563171386719,False,actuator_controls_0.control[0]
transfer,normal,commander_nav_state_override__2018-12-20__07_47_50__baseline,40.015898,0.0,4.572563171386719,False,actuator_controls_0.control[0]
transfer,normal,commander_nav_state_override__2018-12-20__07_47_50__baseline,40.815898,0.0,4.572563171386719,False,actuator_controls_0.control[0]
transfer,normal,commander_nav_state_override__2018-12-20__07_47_50__baseline,41.615898,0.0,4.572563171386719,False,actuator_controls_0.control[0]
transfer,normal,commander_nav_state_override__2018-12-20__07_47_50__baseline,42.415898,0.0,4.572563171386719,False,actuator_controls_0.control[0]
transfer,normal,commander_nav_state_override__2018-12-20__07_47_50__baseline,43.215898,0.0,4.572563171386719,False,actuator_controls_0.control[0]
transfer,normal,commander_nav_state_override__2018-12-20__07_47_50__baseline,44.015898,0.0,4.572563171386719,False,actuator_controls_0.control[0]
transfer,normal,commander_nav_state_override__2018-12-20__07_47_50__baseline,44.815898,0.0,4.572563171386719,False,actuator_controls_0.control[0]
transfer,normal,commander_nav_state_override__2018-12-20__07_47_50__baseline,45.615898,0.0,4.572563171386719,False,actuator_controls_0.control[0]
transfer,normal,commander_nav_state_override__2018-12-20__07_47_50__baseline,46.415898,0.0,4.572563171386719,False,actuator_controls_0.control[0]
transfer,normal,commander_nav_state_override__2018-12-20__07_47_50__baseline,47.215898,0.0,4.572563171386719,False,actuator_controls_0.control[0]
transfer,normal,commander_nav_state_override__2018-12-20__07_47_50__baseline,48.015898,0.0,4.572563171386719,False,actuator_controls_0.control[0]
transfer,normal,commander_nav_state_override__2018-12-20__07_47_50__baseline,48.815898,0.0,4.572563171386719,False,actuator_controls_0.control[0]
transfer,normal,commander_nav_state_override__2018-12-20__07_47_50__baseline,49.615898,0.0,4.572563171386719,False,actuator_controls_0.control[0]
transfer,normal,commander_nav_state_override__2018-12-20__07_47_50__baseline,50.415898,0.0,4.572563171386719,False,actuator_controls_0.control[0]
transfer,normal,commander_nav_state_override__2018-12-20__07_47_50__baseline,51.215898,0.0,4.572563171386719,False,actuator_controls_0.control[0]
transfer,normal,commander_nav_state_override__2018-12-20__07_47_50__baseline,52.015898,0.0,4.572563171386719,False,actuator_controls_0.control[0]
transfer,normal,commander_nav_state_override__2018-12-20__07_47_50__baseline,52.815898,0.0,4.572563171386719,False,actuator_controls_0.control[0]
transfer,normal,commander_nav_state_override__2018-12-20__07_47_50__baseline,53.615898,0.0,4.572563171386719,False,actuator_controls_0.control[0]
transfer,normal,commander_nav_state_override__2018-12-20__07_47_50__baseline,54.415898,0.0,4.572563171386719,False,actuator_controls_0.control[0]
transfer,normal,commander_nav_state_override__2018-12-20__07_47_50__baseline,55.215898,0.0,4.572563171386719,False,actuator_controls_0.control[0]
transfer,normal,commander_nav_state_override__2018-12-20__07_47_50__baseline,56.015898,0.0,4.572563171386719,False,actuator_controls_0.control[0]
transfer,normal,commander_nav_state_override__2018-12-20__07_47_50__baseline,56.815898,0.0,4.572563171386719,False,actuator_controls_0.control[0]
transfer,normal,commander_nav_state_override__2018-12-20__07_47_50__baseline,57.615898,0.0,4.572563171386719,False,actuator_controls_0.control[0]
transfer,normal,commander_nav_state_override__2018-12-20__07_47_50__baseline,58.415898,0.0,4.572563171386719,False,actuator_controls_0.control[0]
transfer,normal,commander_nav_state_override__2018-12-20__07_47_50__baseline,59.215898,0.0,4.572563171386719,False,actuator_controls_0.control[0]
transfer,normal,commander_nav_state_override__2018-12-20__07_47_50__baseline,60.015898,0.0,4.572563171386719,False,actuator_controls_0.control[0]
transfer,normal,commander_nav_state_override__2018-12-20__07_47_50__baseline,60.815898,0.0,4.572563171386719,False,actuator_controls_0.control[0]
transfer,normal,commander_nav_state_override__2018-12-20__07_47_50__baseline,61.615898,0.0,4.572563171386719,False,actuator_controls_0.control[0]
transfer,normal,commander_nav_state_override__2018-12-20__07_47_50__baseline,62.415898,0.0,4.572563171386719,False,actuator_controls_0.control[0]
transfer,normal,commander_nav_state_override__2018-12-20__07_47_50__baseline,63.215898,0.0,4.572563171386719,False,actuator_controls_0.control[0]
transfer,normal,commander_nav_state_override__2018-12-20__07_47_50__baseline,64.015898,0.0,4.572563171386719,False,actuator_controls_0.control[0]
transfer,normal,commander_nav_state_override__2018-12-20__07_47_50__baseline,64.815898,0.0,4.572563171386719,False,actuator_controls_0.control[0]
transfer,normal,commander_nav_state_override__2018-12-20__07_47_50__baseline,65.615898,0.0,4.572563171386719,False,actuator_controls_0.control[0]
transfer,normal,commander_nav_state_override__2018-12-20__07_47_50__baseline,66.41589800000001,0.0,4.572563171386719,False,actuator_controls_0.control[0]
transfer,normal,commander_nav_state_override__2018-12-20__07_47_50__baseline,67.21589800000001,0.0,4.572563171386719,False,actuator_controls_0.control[0]
transfer,normal,commander_nav_state_override__2018-12-20__07_47_50__baseline,68.015898,0.0,4.572563171386719,False,actuator_controls_0.control[0]
transfer,normal,commander_nav_state_override__2018-12-20__07_47_50__baseline,68.815898,0.0,4.572563171386719,False,actuator_controls_0.control[0]
transfer,normal,commander_nav_state_override__2018-12-20__07_47_50__baseline,69.615898,0.0,4.572563171386719,False,actuator_controls_0.control[0]
transfer,normal,commander_nav_state_override__2018-12-20__07_47_50__baseline,70.41589800000001,0.0,4.572563171386719,False,actuator_controls_0.control[0]
transfer,normal,commander_nav_state_override__2018-12-20__07_47_50__baseline,71.21589800000001,0.0,4.572563171386719,False,actuator_controls_0.control[0]
transfer,normal,commander_nav_state_override__2018-12-20__07_47_50__baseline,72.015898,0.0,4.572563171386719,False,actuator_controls_0.control[0]
transfer,normal,commander_nav_state_override__2018-12-20__07_47_50__baseline,72.815898,0.0,4.572563171386719,False,actuator_controls_0.control[0]
transfer,normal,commander_nav_state_override__2018-12-20__07_47_50__baseline,73.615898,0.0,4.572563171386719,False,actuator_controls_0.control[0]
transfer,normal,commander_nav_state_override__2018-12-20__07_47_50__baseline,74.41589800000001,0.0,4.572563171386719,False,actuator_controls_0.control[0]
transfer,normal,commander_nav_state_override__2018-12-20__07_47_50__baseline,75.21589800000001,0.0,4.572563171386719,False,actuator_controls_0.control[0]
transfer,normal,commander_nav_state_override__2018-12-20__07_47_50__baseline,76.015898,0.0,4.572563171386719,False,actuator_controls_0.control[0]
transfer,normal,commander_nav_state_override__2018-12-20__07_47_50__baseline,76.815898,0.0,4.572563171386719,False,actuator_controls_0.control[0]
transfer,normal,commander_nav_state_override__2018-12-20__07_47_50__baseline,77.615898,0.0,4.572563171386719,False,actuator_controls_0.control[0]
transfer,normal,commander_nav_state_override__2018-12-20__07_47_50__baseline,78.41589800000001,0.0,4.572563171386719,False,actuator_controls_0.control[0]
transfer,normal,commander_nav_state_override__2018-12-20__07_47_50__baseline,79.21589800000001,0.0,4.572563171386719,False,actuator_controls_0.control[0]
transfer,normal,commander_nav_state_override__2018-12-20__07_47_50__baseline,80.015898,0.0,4.572563171386719,False,actuator_controls_0.control[0]
transfer,normal,commander_nav_state_override__2018-12-20__07_47_50__baseline,80.815898,0.0,4.572563171386719,False,actuator_controls_0.control[0]
transfer,normal,commander_nav_state_override__2018-12-20__07_47_50__baseline,81.615898,0.0,4.572563171386719,False,actuator_controls_0.control[0]
transfer,normal,commander_nav_state_override__2018-12-20__07_47_50__baseline,82.41589800000001,0.0,4.572563171386719,False,actuator_controls_0.control[0]
transfer,normal,commander_nav_state_override__2018-12-20__07_47_50__baseline,83.21589800000001,0.0,4.572563171386719,False,actuator_controls_0.control[0]
transfer,normal,commander_nav_state_override__2018-12-20__07_47_50__baseline,84.015898,0.0,4.572563171386719,False,actuator_controls_0.control[0]
transfer,normal,commander_nav_state_override__2018-12-20__07_47_50__baseline,84.815898,0.0,4.572563171386719,False,actuator_controls_0.control[0]
transfer,normal,commander_nav_state_override__2018-12-20__07_47_50__baseline,85.615898,0.0,4.572563171386719,False,actuator_controls_0.control[0]
transfer,normal,commander_nav_state_override__2018-12-20__07_47_50__baseline,86.41589800000001,0.0,4.572563171386719,False,actuator_controls_0.control[0]
transfer,normal,commander_nav_state_override__2018-12-20__07_47_50__baseline,87.21589800000001,0.0,4.572563171386719,False,actuator_controls_0.control[0]
transfer,normal,commander_nav_state_override__2018-12-20__07_47_50__baseline,88.015898,0.0,4.572563171386719,False,actuator_controls_0.control[0]
transfer,normal,commander_nav_state_override__2018-12-20__07_47_50__baseline,88.815898,0.0,4.572563171386719,False,actuator_controls_0.control[0]
transfer,normal,commander_nav_state_override__2018-12-20__07_47_50__baseline,89.615898,0.0,4.572563171386719,False,actuator_controls_0.control[0]
transfer,normal,commander_nav_state_override__2018-12-20__07_47_50__baseline,90.41589800000001,0.0,4.572563171386719,False,actuator_controls_0.control[0]
transfer,normal,commander_nav_state_override__2018-12-20__07_47_50__baseline,91.21589800000001,0.0,4.572563171386719,False,actuator_controls_0.control[0]
transfer,normal,commander_nav_state_override__2018-12-20__07_47_50__baseline,92.015898,0.0,4.572563171386719,False,actuator_controls_0.control[0]
transfer,normal,commander_nav_state_override__2018-12-20__07_47_50__baseline,92.815898,0.0,4.572563171386719,False,actuator_controls_0.control[0]
transfer,normal,commander_nav_state_override__2018-12-20__07_47_50__baseline,93.615898,0.0,4.572563171386719,False,actuator_controls_0.control[0]
transfer,normal,commander_nav_state_override__2018-12-20__07_47_50__baseline,94.41589800000001,0.0,4.572563171386719,False,actuator_controls_0.control[0]
transfer,normal,commander_nav_state_override__2018-12-20__07_47_50__baseline,95.21589800000001,0.0,4.572563171386719,False,actuator_controls_0.control[0]
transfer,normal,commander_nav_state_override__2018-12-20__07_47_50__baseline,96.015898,0.0,4.572563171386719,False,actuator_controls_0.control[0]
transfer,normal,commander_nav_state_override__2018-12-20__07_47_50__baseline,96.815898,0.0,4.572563171386719,False,actuator_controls_0.control[0]
transfer,normal,commander_nav_state_override__2018-12-20__07_47_50__baseline,97.615898,0.0,4.572563171386719,False,actuator_controls_0.control[0]
transfer,normal,commander_nav_state_override__2018-12-20__07_47_50__baseline,98.41589800000001,0.0,4.572563171386719,False,actuator_controls_0.control[0]
transfer,normal,commander_nav_state_override__2018-12-20__07_47_50__baseline,99.21589800000001,0.0,4.572563171386719,False,actuator_controls_0.control[0]
transfer,normal,commander_nav_state_override__2018-12-20__07_47_50__baseline,100.015898,0.0,4.572563171386719,False,actuator_controls_0.control[0]
transfer,normal,commander_nav_state_override__2018-12-20__07_47_50__baseline,100.815898,0.0,4.572563171386719,False,actuator_controls_0.control[0]
transfer,normal,commander_nav_state_override__2018-12-20__07_47_50__baseline,101.615898,0.0,4.572563171386719,False,actuator_controls_0.control[0]
transfer,normal,commander_nav_state_override__2018-12-20__07_47_50__baseline,102.41589800000001,0.0,4.572563171386719,False,actuator_controls_0.control[0]
transfer,normal,commander_nav_state_override__2018-12-20__07_47_50__baseline,103.21589800000001,0.0,4.572563171386719,False,actuator_controls_0.control[0]
transfer,normal,commander_nav_state_override__2018-12-20__07_47_50__baseline,104.015898,0.0,4.572563171386719,False,actuator_controls_0.control[0]
transfer,normal,commander_nav_state_override__2018-12-20__07_47_50__baseline,104.815898,0.0,4.572563171386719,False,actuator_controls_0.control[0]
transfer,normal,commander_nav_state_override__2018-12-20__07_47_50__baseline,105.615898,0.0,4.572563171386719,False,actuator_controls_0.control[0]
transfer,normal,commander_nav_state_override__2018-12-20__07_47_50__baseline,106.41589800000001,0.0,4.572563171386719,False,actuator_controls_0.control[0]
transfer,normal,commander_nav_state_override__2018-12-20__07_47_50__baseline,107.21589800000001,0.0,4.572563171386719,False,actuator_controls_0.control[0]
transfer,normal,commander_nav_state_override__2018-12-20__07_47_50__baseline,108.015898,0.0,4.572563171386719,False,actuator_controls_0.control[0]
transfer,normal,commander_nav_state_override__2018-12-20__07_47_50__baseline,108.815898,0.0,4.572563171386719,False,actuator_controls_0.control[0]
transfer,normal,commander_nav_state_override__2018-12-20__07_47_50__baseline,109.615898,0.0,4.572563171386719,False,actuator_controls_0.control[0]
transfer,normal,commander_nav_state_override__2018-12-20__07_47_50__baseline,110.41589800000001,0.0,4.572563171386719,False,actuator_controls_0.control[0]
transfer,normal,commander_nav_state_override__2018-12-20__07_47_50__baseline,111.21589800000001,0.0,4.572563171386719,False,actuator_controls_0.control[0]
transfer,normal,commander_nav_state_override__2018-12-20__07_47_50__baseline,112.015898,0.0,4.572563171386719,False,actuator_controls_0.control[0]
transfer,normal,commander_nav_state_override__2018-12-20__07_47_50__baseline,112.815898,0.0,4.572563171386719,False,actuator_controls_0.control[0]
transfer,normal,commander_nav_state_override__2018-12-20__07_47_50__baseline,113.615898,0.0,4.572563171386719,False,actuator_controls_0.control[0]
transfer,normal,commander_nav_state_override__2018-12-20__07_47_50__baseline,114.41589800000001,0.0,4.572563171386719,False,actuator_controls_0.control[0]
transfer,normal,commander_nav_state_override__2018-12-20__07_47_50__baseline,115.21589800000001,0.0,4.572563171386719,False,actuator_controls_0.control[0]
transfer,normal,commander_nav_state_override__2018-12-20__07_47_50__baseline,116.015898,0.0,4.572563171386719,False,actuator_controls_0.control[0]
transfer,normal,commander_nav_state_override__2018-12-20__07_47_50__baseline,116.815898,0.0031993793120708787,4.572563171386719,False,vehicle_status.nav_state
transfer,normal,commander_nav_state_override__2018-12-20__07_47_50__baseline,117.615898,0.0031993793120708787,4.572563171386719,False,vehicle_status.nav_state
transfer,normal,commander_nav_state_override__2018-12-20__07_47_50__baseline,118.41589800000001,0.0031993793120708787,4.572563171386719,False,vehicle_status.nav_state
transfer,normal,commander_nav_state_override__2018-12-20__07_47_50__baseline,119.21589800000001,0.0031993793120708787,4.572563171386719,False,vehicle_status.nav_state
transfer,normal,commander_nav_state_override__2018-12-20__07_47_50__baseline,120.015898,0.0032006828401478305,4.572563171386719,False,vehicle_status.nav_state
transfer,normal,commander_nav_state_override__2018-12-20__07_47_50__baseline,120.815898,0.0032006828401478305,4.572563171386719,False,vehicle_status.nav_state
transfer,normal,commander_nav_state_override__2018-12-20__07_47_50__baseline,121.615898,0.0032000310761093544,4.572563171386719,False,vehicle_status.nav_state
transfer,normal,commander_nav_state_override__2018-12-25__08_44_40__baseline,9.616792,0.0,4.572563171386719,False,actuator_controls_0.control[0]
transfer,normal,commander_nav_state_override__2018-12-25__08_44_40__baseline,10.416792000000001,0.0,4.572563171386719,False,actuator_controls_0.control[0]
transfer,normal,commander_nav_state_override__2018-12-25__08_44_40__baseline,11.216792,0.0,4.572563171386719,False,actuator_controls_0.control[0]
transfer,normal,commander_nav_state_override__2018-12-25__08_44_40__baseline,12.016792,0.0,4.572563171386719,False,actuator_controls_0.control[0]
transfer,normal,commander_nav_state_override__2018-12-25__08_44_40__baseline,12.816792000000001,0.0,4.572563171386719,False,actuator_controls_0.control[0]
transfer,normal,commander_nav_state_override__2018-12-25__08_44_40__baseline,13.616792,0.0,4.572563171386719,False,actuator_controls_0.control[0]
transfer,normal,commander_nav_state_override__2018-12-25__08_44_40__baseline,14.416792000000001,3.7413036823272705,4.572563171386719,False,vehicle_attitude_setpoint.pitch_body
transfer,normal,commander_nav_state_override__2018-12-25__08_44_40__baseline,15.216792,3.7413036823272705,4.572563171386719,False,vehicle_attitude_setpoint.pitch_body
transfer,normal,commander_nav_state_override__2018-12-25__08_44_40__baseline,16.016792,3.0501675605773926,4.572563171386719,False,vehicle_attitude_setpoint.pitch_body
transfer,normal,commander_nav_state_override__2018-12-25__08_44_40__baseline,16.816792,2.7183371782302856,4.572563171386719,False,vehicle_attitude_setpoint.pitch_body
transfer,normal,commander_nav_state_override__2018-12-25__08_44_40__baseline,17.616792,3.525218367576599,4.572563171386719,False,vehicle_attitude_setpoint.roll_body
transfer,normal,commander_nav_state_override__2018-12-25__08_44_40__baseline,18.416791999999997,3.525218367576599,4.572563171386719,False,vehicle_attitude_setpoint.roll_body
transfer,normal,commander_nav_state_override__2018-12-25__08_44_40__baseline,19.216791999999998,3.525218367576599,4.572563171386719,False,vehicle_attitude_setpoint.roll_body
transfer,normal,commander_nav_state_override__2018-12-25__08_44_40__baseline,20.016792,3.525218367576599,4.572563171386719,False,vehicle_attitude_setpoint.roll_body
transfer,normal,commander_nav_state_override__2018-12-25__08_44_40__baseline,20.816792,3.517134189605713,4.572563171386719,False,vehicle_attitude_setpoint.roll_body
transfer,normal,commander_nav_state_override__2018-12-25__08_44_40__baseline,21.616792,3.2606863975524902,4.572563171386719,False,vehicle_attitude_setpoint.roll_body
transfer,normal,commander_nav_state_override__2018-12-25__08_44_40__baseline,22.416791999999997,3.2606863975524902,4.572563171386719,False,vehicle_attitude_setpoint.roll_body
transfer,normal,commander_nav_state_override__2018-12-25__08_44_40__baseline,23.216791999999998,2.9196977615356445,4.572563171386719,False,vehicle_attitude_setpoint.pitch_body
transfer,normal,commander_nav_state_override__2018-12-25__08_44_40__baseline,24.016792,4.717538356781006,4.572563171386719,True,vehicle_attitude_setpoint.pitch_body
transfer,normal,commander_nav_state_override__2018-12-25__08_44_40__baseline,24.816792,4.717538356781006,4.572563171386719,True,vehicle_attitude_setpoint.pitch_body
transfer,normal,commander_nav_state_override__2018-12-25__08_44_40__baseline,25.616792,4.717538356781006,4.572563171386719,True,vehicle_attitude_setpoint.pitch_body
transfer,normal,commander_nav_state_override__2018-12-25__08_44_40__baseline,26.416791999999997,4.717538356781006,4.572563171386719,True,vehicle_attitude_setpoint.pitch_body
transfer,normal,commander_nav_state_override__2018-12-25__08_44_40__baseline,27.216791999999998,4.717538356781006,4.572563171386719,True,vehicle_attitude_setpoint.pitch_body
transfer,normal,commander_nav_state_override__2018-12-25__08_44_40__baseline,28.016792,4.717538356781006,4.572563171386719,True,vehicle_attitude_setpoint.pitch_body
transfer,normal,commander_nav_state_override__2018-12-25__08_44_40__baseline,28.816792,4.717538356781006,4.572563171386719,True,vehicle_attitude_setpoint.pitch_body
transfer,normal,commander_nav_state_override__2018-12-25__08_44_40__baseline,29.616792,4.717538356781006,4.572563171386719,True,vehicle_attitude_setpoint.pitch_body
transfer,normal,commander_nav_state_override__2018-12-25__08_44_40__baseline,30.416791999999997,4.717538356781006,4.572563171386719,True,vehicle_attitude_setpoint.pitch_body
transfer,normal,commander_nav_state_override__2018-12-25__08_44_40__baseline,31.216791999999998,4.717538356781006,4.572563171386719,True,vehicle_attitude_setpoint.pitch_body
transfer,normal,commander_nav_state_override__2018-12-25__08_44_40__baseline,32.016792,4.717538356781006,4.572563171386719,True,vehicle_attitude_setpoint.pitch_body
transfer,normal,commander_nav_state_override__2018-12-25__08_44_40__baseline,32.816792,2.0926713943481445,4.572563171386719,False,vehicle_attitude_setpoint.roll_body
transfer,normal,commander_nav_state_override__2018-12-25__08_44_40__baseline,33.616792000000004,2.0926713943481445,4.572563171386719,False,vehicle_attitude_setpoint.roll_body
transfer,normal,commander_nav_state_override__2018-12-25__08_44_40__baseline,34.416792,2.0926713943481445,4.572563171386719,False,vehicle_attitude_setpoint.roll_body
transfer,normal,commander_nav_state_override__2018-12-25__08_44_40__baseline,35.216792000000005,2.2965359687805176,4.572563171386719,False,vehicle_attitude_setpoint.pitch_body
transfer,normal,commander_nav_state_override__2018-12-25__08_44_40__baseline,36.016792,2.2965359687805176,4.572563171386719,False,vehicle_attitude_setpoint.pitch_body
transfer,normal,commander_nav_state_override__2018-12-25__08_44_40__baseline,36.816792,3.4509682655334473,4.572563171386719,False,vehicle_attitude_setpoint.pitch_body
transfer,normal,commander_nav_state_override__2018-12-25__08_44_40__baseline,37.616792000000004,3.4509682655334473,4.572563171386719,False,vehicle_attitude_setpoint.pitch_body
transfer,normal,commander_nav_state_override__2018-12-25__08_44_40__baseline,38.416792,3.4509682655334473,4.572563171386719,False,vehicle_attitude_setpoint.pitch_body
transfer,normal,commander_nav_state_override__2018-12-25__08_44_40__baseline,39.216792000000005,4.251379072666168,4.572563171386719,False,vehicle_attitude_setpoint.pitch_body
transfer,normal,commander_nav_state_override__2018-12-25__08_44_40__baseline,40.016792,2.7586859464645386,4.572563171386719,False,vehicle_attitude_setpoint.pitch_body
transfer,normal,commander_nav_state_override__2018-12-25__08_44_40__baseline,40.816792,1.6312205791473389,4.572563171386719,False,vehicle_attitude_setpoint.roll_body
transfer,normal,commander_nav_state_override__2018-12-25__08_44_40__baseline,41.616792000000004,1.6312205791473389,4.572563171386719,False,vehicle_attitude_setpoint.roll_body
transfer,normal,commander_nav_state_override__2018-12-25__08_44_40__baseline,42.416792,1.6312205791473389,4.572563171386719,False,vehicle_attitude_setpoint.roll_body
transfer,normal,commander_nav_state_override__2018-12-25__08_44_40__baseline,43.216792000000005,1.5903353691101074,4.572563171386719,False,vehicle_attitude_setpoint.pitch_body
transfer,normal,commander_nav_state_override__2018-12-25__08_44_40__baseline,44.016792,1.5903353691101074,4.572563171386719,False,vehicle_attitude_setpoint.pitch_body
transfer,normal,commander_nav_state_override__2018-12-25__08_44_40__baseline,44.816792,3.1288111209869385,4.572563171386719,False,manual_control_setpoint.z
transfer,normal,commander_nav_state_override__2018-12-25__08_44_40__baseline,45.616792000000004,3.128807544708252,4.572563171386719,False,manual_control_setpoint.z
transfer,normal,commander_nav_state_override__2018-12-25__08_44_40__baseline,46.416792,3.128805160522461,4.572563171386719,False,manual_control_setpoint.z
transfer,normal,commander_nav_state_override__2018-12-25__08_44_40__baseline,47.216792000000005,3.365042805671692,4.572563171386719,False,vehicle_attitude_setpoint.pitch_body
transfer,normal,commander_nav_state_override__2018-12-25__08_44_40__baseline,48.016792,3.365042805671692,4.572563171386719,False,vehicle_attitude_setpoint.pitch_body
transfer,normal,commander_nav_state_override__2018-12-25__08_44_40__baseline,48.816792,5.371490716934204,4.572563171386719,True,vehicle_attitude_setpoint.pitch_body
transfer,normal,commander_nav_state_override__2018-12-25__08_44_40__baseline,49.616792000000004,6.6868603229522705,4.572563171386719,True,vehicle_attitude_setpoint.pitch_body
transfer,normal,commander_nav_state_override__2018-12-25__08_44_40__baseline,50.416792,8.83633017539978,4.572563171386719,True,vehicle_attitude_setpoint.pitch_body
transfer,normal,commander_nav_state_override__2018-12-25__08_44_40__baseline,51.216792000000005,8.83633017539978,4.572563171386719,True,vehicle_attitude_setpoint.pitch_body
transfer,normal,commander_nav_state_override__2018-12-25__08_44_40__baseline,52.016792,8.83633017539978,4.572563171386719,True,vehicle_attitude_setpoint.pitch_body
transfer,normal,commander_nav_state_override__2018-12-25__08_44_40__baseline,52.816792,8.83633017539978,4.572563171386719,True,vehicle_attitude_setpoint.pitch_body
transfer,normal,commander_nav_state_override__2018-12-25__08_44_40__baseline,53.616792000000004,8.83633017539978,4.572563171386719,True,vehicle_attitude_setpoint.pitch_body
transfer,normal,commander_nav_state_override__2018-12-25__08_44_40__baseline,54.416792,8.83633017539978,4.572563171386719,True,vehicle_attitude_setpoint.pitch_body
transfer,normal,commander_nav_state_override__2018-12-25__08_44_40__baseline,55.216792000000005,8.83633017539978,4.572563171386719,True,vehicle_attitude_setpoint.pitch_body
transfer,normal,commander_nav_state_override__2018-12-25__08_44_40__baseline,56.016792,8.83633017539978,4.572563171386719,True,vehicle_attitude_setpoint.pitch_body
transfer,normal,commander_nav_state_override__2018-12-25__08_44_40__baseline,56.816792,8.83633017539978,4.572563171386719,True,vehicle_attitude_setpoint.pitch_body
transfer,normal,commander_nav_state_override__2018-12-25__08_44_40__baseline,57.616792000000004,4.274089336395264,4.572563171386719,False,vehicle_attitude_setpoint.pitch_body
transfer,normal,commander_nav_state_override__2018-12-25__08_44_40__baseline,58.416792,2.3018133640289307,4.572563171386719,False,vehicle_attitude_setpoint.pitch_body
transfer,normal,commander_nav_state_override__2018-12-25__08_44_40__baseline,59.216792000000005,2.3018133640289307,4.572563171386719,False,vehicle_attitude_setpoint.pitch_body
transfer,normal,commander_nav_state_override__2018-12-25__08_44_40__baseline,60.016792,2.3018133640289307,4.572563171386719,False,vehicle_attitude_setpoint.pitch_body
transfer,normal,commander_nav_state_override__2018-12-25__08_44_40__baseline,60.816792,3.0817067623138428,4.572563171386719,False,vehicle_attitude_setpoint.pitch_body
transfer,normal,commander_nav_state_override__2018-12-25__08_44_40__baseline,61.616792000000004,1.787726879119873,4.572563171386719,False,vehicle_attitude_setpoint.pitch_body
transfer,normal,commander_nav_state_override__2018-12-25__08_44_40__baseline,62.416792,2.3290491104125977,4.572563171386719,False,vehicle_attitude_setpoint.roll_body
transfer,normal,commander_nav_state_override__2018-12-25__08_44_40__baseline,63.216792000000005,1.460200548171997,4.572563171386719,False,vehicle_attitude_setpoint.pitch_body
transfer,normal,commander_nav_state_override__2018-12-25__08_44_40__baseline,64.016792,1.460200548171997,4.572563171386719,False,vehicle_attitude_setpoint.pitch_body
transfer,normal,commander_nav_state_override__2018-12-25__08_44_40__baseline,64.81679199999999,1.460200548171997,4.572563171386719,False,vehicle_attitude_setpoint.pitch_body
transfer,normal,commander_nav_state_override__2018-12-25__08_44_40__baseline,65.61679199999999,1.814560890197754,4.572563171386719,False,vehicle_attitude_setpoint.pitch_body
transfer,normal,commander_nav_state_override__2018-12-25__08_44_40__baseline,66.416792,2.180757522583008,4.572563171386719,False,manual_control_setpoint.y
transfer,normal,commander_nav_state_override__2018-12-25__08_44_40__baseline,67.216792,1.9037127494812012,4.572563171386719,False,manual_control_setpoint.y
transfer,normal,commander_nav_state_override__2018-12-25__08_44_40__baseline,68.016792,1.903703212738037,4.572563171386719,False,manual_control_setpoint.y
transfer,normal,commander_nav_state_override__2018-12-25__08_44_40__baseline,68.81679199999999,1.962810754776001,4.572563171386719,False,vehicle_attitude_setpoint.pitch_body
transfer,normal,commander_nav_state_override__2018-12-25__08_44_40__baseline,69.61679199999999,1.962810754776001,4.572563171386719,False,vehicle_attitude_setpoint.pitch_body
transfer,normal,commander_nav_state_override__2018-12-25__08_44_40__baseline,70.416792,1.9036865234375,4.572563171386719,False,manual_control_setpoint.y
transfer,normal,commander_nav_state_override__2018-12-25__08_44_40__baseline,71.216792,1.9037139415740967,4.572563171386719,False,manual_control_setpoint.y
transfer,normal,commander_nav_state_override__2018-12-25__08_44_40__baseline,72.016792,1.854637861251831,4.572563171386719,False,manual_control_setpoint.y
transfer,normal,commander_nav_state_override__2018-12-25__08_44_40__baseline,72.81679199999999,1.814560890197754,4.572563171386719,False,vehicle_attitude_setpoint.pitch_body
transfer,normal,commander_nav_state_override__2018-12-25__08_44_40__baseline,73.61679199999999,3.134204149246216,4.572563171386719,False,vehicle_attitude_setpoint.pitch_body
transfer,normal,commander_nav_state_override__2018-12-25__08_44_40__baseline,74.416792,1.9879436492919922,4.572563171386719,False,vehicle_attitude_setpoint.pitch_body
transfer,normal,commander_nav_state_override__2018-12-25__08_44_40__baseline,75.216792,1.6846692562103271,4.572563171386719,False,vehicle_attitude_setpoint.roll_body
transfer,normal,commander_nav_state_override__2018-12-25__08_44_40__baseline,76.016792,2.132502645254135,4.572563171386719,False,vehicle_attitude_setpoint.roll_body
transfer,normal,commander_nav_state_override__2018-12-25__08_44_40__baseline,76.81679199999999,1.6846692562103271,4.572563171386719,False,vehicle_attitude_setpoint.roll_body
transfer,normal,commander_nav_state_override__2018-12-25__08_44_40__baseline,77.61679199999999,1.6846692562103271,4.572563171386719,False,vehicle_attitude_setpoint.roll_body
transfer,normal,commander_nav_state_override__2018-12-25__08_44_40__baseline,78.416792,1.047685146331787,4.572563171386719,False,vehicle_attitude_setpoint.pitch_body
transfer,normal,commander_nav_state_override__2018-12-25__08_44_40__baseline,79.216792,1.047685146331787,4.572563171386719,False,vehicle_attitude_setpoint.pitch_body
transfer,normal,commander_nav_state_override__2018-12-25__08_44_40__baseline,80.016792,2.3223280906677246,4.572563171386719,False,vehicle_attitude_setpoint.pitch_body
transfer,normal,commander_nav_state_override__2018-12-25__08_44_40__baseline,80.81679199999999,1.7859292030334473,4.572563171386719,False,vehicle_attitude_setpoint.pitch_body
transfer,normal,commander_nav_state_override__2018-12-25__08_44_40__baseline,81.61679199999999,1.731630563735962,4.572563171386719,False,vehicle_attitude_setpoint.roll_body
transfer,normal,commander_nav_state_override__2018-12-25__08_44_40__baseline,82.416792,1.8226134777069092,4.572563171386719,False,vehicle_attitude_setpoint.roll_body
transfer,normal,commander_nav_state_override__2018-12-25__08_44_40__baseline,83.216792,1.8226134777069092,4.572563171386719,False,vehicle_attitude_setpoint.roll_body
transfer,normal,commander_nav_state_override__2018-12-25__08_44_40__baseline,84.016792,1.4487051963806152,4.572563171386719,False,vehicle_attitude_setpoint.roll_body
transfer,normal,commander_nav_state_override__2018-12-25__08_44_40__baseline,84.81679199999999,1.4487051963806152,4.572563171386719,False,vehicle_attitude_setpoint.roll_body
transfer,normal,commander_nav_state_override__2018-12-25__08_44_40__baseline,85.61679199999999,1.4487051963806152,4.572563171386719,False,vehicle_attitude_setpoint.roll_body
transfer,normal,commander_nav_state_override__2018-12-25__08_44_40__baseline,86.416792,1.778019666671753,4.572563171386719,False,vehicle_attitude_setpoint.roll_body
transfer,normal,commander_nav_state_override__2018-12-25__08_44_40__baseline,87.216792,1.778019666671753,4.572563171386719,False,vehicle_attitude_setpoint.roll_body
transfer,normal,commander_nav_state_override__2018-12-25__08_44_40__baseline,88.016792,1.778019666671753,4.572563171386719,False,vehicle_attitude_setpoint.roll_body
transfer,normal,commander_nav_state_override__2018-12-25__08_44_40__baseline,88.81679199999999,1.778019666671753,4.572563171386719,False,vehicle_attitude_setpoint.roll_body
transfer,normal,commander_nav_state_override__2018-12-25__08_44_40__baseline,89.61679199999999,1.778019666671753,4.572563171386719,False,vehicle_attitude_setpoint.roll_body
transfer,normal,commander_nav_state_override__2018-12-25__08_44_40__baseline,90.416792,2.147192358970642,4.572563171386719,False,vehicle_attitude_setpoint.pitch_body
transfer,normal,commander_nav_state_override__2018-12-25__08_44_40__baseline,91.216792,1.778019666671753,4.572563171386719,False,vehicle_attitude_setpoint.roll_body
transfer,normal,commander_nav_state_override__2018-12-25__08_44_40__baseline,92.016792,1.778019666671753,4.572563171386719,False,vehicle_attitude_setpoint.roll_body
transfer,normal,commander_nav_state_override__2018-12-25__08_44_40__baseline,92.81679199999999,1.778019666671753,4.572563171386719,False,vehicle_attitude_setpoint.roll_body
transfer,normal,commander_nav_state_override__2018-12-25__08_44_40__baseline,93.61679199999999,1.778019666671753,4.572563171386719,False,vehicle_attitude_setpoint.roll_body
transfer,normal,commander_nav_state_override__2018-12-25__08_44_40__baseline,94.416792,1.6608786582946777,4.572563171386719,False,manual_control_setpoint.z
transfer,normal,commander_nav_state_override__2018-12-25__08_44_40__baseline,95.216792,1.6608786582946777,4.572563171386719,False,manual_control_setpoint.z
transfer,normal,commander_nav_state_override__2018-12-25__08_44_40__baseline,96.016792,1.162806749343872,4.572563171386719,False,vehicle_attitude_setpoint.pitch_body
transfer,normal,commander_nav_state_override__2018-12-25__08_44_40__baseline,96.81679199999999,1.162806749343872,4.572563171386719,False,vehicle_attitude_setpoint.pitch_body
transfer,normal,commander_nav_state_override__2018-12-25__08_44_40__baseline,97.61679199999999,1.4094650745391846,4.572563171386719,False,vehicle_attitude_setpoint.roll_body
transfer,normal,commander_nav_state_override__2018-12-25__08_44_40__baseline,98.416792,6.710624694824219,4.572563171386719,True,vehicle_attitude_setpoint.pitch_body
transfer,normal,commander_nav_state_override__2018-12-25__08_44_40__baseline,99.216792,6.710624694824219,4.572563171386719,True,vehicle_attitude_setpoint.pitch_body
transfer,normal,commander_nav_state_override__2018-12-25__08_44_40__baseline,100.016792,6.710624694824219,4.572563171386719,True,vehicle_attitude_setpoint.pitch_body
transfer,normal,commander_nav_state_override__2018-12-25__08_44_40__baseline,100.81679199999999,6.710624694824219,4.572563171386719,True,vehicle_attitude_setpoint.pitch_body
transfer,normal,commander_nav_state_override__2018-12-25__08_44_40__baseline,101.61679199999999,6.710624694824219,4.572563171386719,True,vehicle_attitude_setpoint.pitch_body
transfer,normal,commander_nav_state_override__2018-12-25__08_44_40__baseline,102.416792,6.710624694824219,4.572563171386719,True,vehicle_attitude_setpoint.pitch_body
transfer,normal,commander_nav_state_override__2018-12-25__08_44_40__baseline,103.216792,6.710624694824219,4.572563171386719,True,vehicle_attitude_setpoint.pitch_body
transfer,normal,commander_nav_state_override__2018-12-25__08_44_40__baseline,104.016792,6.710624694824219,4.572563171386719,True,vehicle_attitude_setpoint.pitch_body
transfer,normal,commander_nav_state_override__2018-12-25__08_44_40__baseline,104.81679199999999,6.710624694824219,4.572563171386719,True,vehicle_attitude_setpoint.pitch_body
transfer,normal,commander_nav_state_override__2018-12-25__08_44_40__baseline,105.61679199999999,6.710624694824219,4.572563171386719,True,vehicle_attitude_setpoint.pitch_body
transfer,normal,commander_nav_state_override__2018-12-25__08_44_40__baseline,106.416792,5.553762912750244,4.572563171386719,True,vehicle_attitude_setpoint.pitch_body
transfer,normal,commander_nav_state_override__2018-12-25__08_44_40__baseline,107.216792,2.2897982597351074,4.572563171386719,False,vehicle_attitude_setpoint.pitch_body
transfer,normal,commander_nav_state_override__2018-12-25__08_44_40__baseline,108.016792,3.9889109134674072,4.572563171386719,False,manual_control_setpoint.y
transfer,normal,commander_nav_state_override__2018-12-25__08_44_40__baseline,108.81679199999999,3.9889109134674072,4.572563171386719,False,manual_control_setpoint.y
transfer,normal,commander_nav_state_override__2018-12-25__08_44_40__baseline,109.61679199999999,3.9889109134674072,4.572563171386719,False,manual_control_setpoint.y
transfer,normal,commander_nav_state_override__2018-12-25__08_44_40__baseline,110.416792,3.9889109134674072,4.572563171386719,False,manual_control_setpoint.y
transfer,normal,commander_nav_state_override__2018-12-25__08_44_40__baseline,111.216792,3.9889109134674072,4.572563171386719,False,manual_control_setpoint.y
transfer,normal,commander_nav_state_override__2018-12-25__08_44_40__baseline,112.016792,3.9889109134674072,4.572563171386719,False,manual_control_setpoint.y
transfer,normal,commander_nav_state_override__2018-12-25__08_44_40__baseline,112.81679199999999,3.9889109134674072,4.572563171386719,False,manual_control_setpoint.y
transfer,normal,commander_nav_state_override__2018-12-25__08_44_40__baseline,113.61679199999999,3.956509828567505,4.572563171386719,False,manual_control_setpoint.y
transfer,normal,commander_nav_state_override__2018-12-25__08_44_40__baseline,114.416792,4.013738632202148,4.572563171386719,False,manual_control_setpoint.x
transfer,normal,commander_nav_state_override__2018-12-25__08_44_40__baseline,115.216792,4.013738632202148,4.572563171386719,False,manual_control_setpoint.x
transfer,normal,commander_nav_state_override__2018-12-25__08_44_40__baseline,116.016792,4.013738632202148,4.572563171386719,False,manual_control_setpoint.x
transfer,normal,commander_nav_state_override__2018-12-25__08_44_40__baseline,116.81679199999999,4.013738632202148,4.572563171386719,False,manual_control_setpoint.x
transfer,normal,commander_nav_state_override__2018-12-25__08_44_40__baseline,117.61679199999999,4.013738632202148,4.572563171386719,False,manual_control_setpoint.x
transfer,normal,commander_nav_state_override__2018-12-25__08_44_40__baseline,118.416792,4.013738632202148,4.572563171386719,False,manual_control_setpoint.x
transfer,normal,commander_nav_state_override__2018-12-25__08_44_40__baseline,119.216792,4.013738632202148,4.572563171386719,False,manual_control_setpoint.x
transfer,normal,commander_nav_state_override__2018-12-25__08_44_40__baseline,120.016792,4.013738632202148,4.572563171386719,False,manual_control_setpoint.x
transfer,normal,commander_nav_state_override__2018-12-25__08_44_40__baseline,120.81679199999999,4.013738632202148,4.572563171386719,False,manual_control_setpoint.x
transfer,normal,commander_nav_state_override__2018-12-25__08_44_40__baseline,121.61679199999999,4.013738632202148,4.572563171386719,False,manual_control_setpoint.x
transfer,normal,commander_nav_state_override__2018-12-25__08_44_40__baseline,122.416792,1.3513630628585815,4.572563171386719,False,vehicle_attitude_setpoint.pitch_body
transfer,normal,commander_nav_state_override__2018-12-25__08_44_40__baseline,123.216792,1.3513630628585815,4.572563171386719,False,vehicle_attitude_setpoint.pitch_body
transfer,normal,commander_nav_state_override__2018-12-25__08_44_40__baseline,124.016792,1.3513630628585815,4.572563171386719,False,vehicle_attitude_setpoint.pitch_body
transfer,normal,commander_nav_state_override__2018-12-25__08_44_40__baseline,124.81679199999999,1.3513630628585815,4.572563171386719,False,vehicle_attitude_setpoint.pitch_body
transfer,normal,commander_nav_state_override__2018-12-25__08_44_40__baseline,125.61679199999999,1.401754915714264,4.572563171386719,False,vehicle_attitude_setpoint.roll_body
transfer,normal,commander_nav_state_override__2018-12-25__08_44_40__baseline,126.416792,1.1077022552490234,4.572563171386719,False,manual_control_setpoint.x
transfer,normal,commander_nav_state_override__2018-12-25__08_44_40__baseline,127.216792,1.1077022552490234,4.572563171386719,False,manual_control_setpoint.x
transfer,normal,commander_nav_state_override__2018-12-25__08_44_40__baseline,128.016792,1.1077022552490234,4.572563171386719,False,manual_control_setpoint.x
transfer,normal,commander_nav_state_override__2018-12-25__08_44_40__baseline,128.81679200000002,1.1077022552490234,4.572563171386719,False,manual_control_setpoint.x
transfer,normal,commander_nav_state_override__2018-12-25__08_44_40__baseline,129.616792,1.1427319049835205,4.572563171386719,False,vehicle_attitude_setpoint.roll_body
transfer,normal,commander_nav_state_override__2018-12-25__08_44_40__baseline,130.41679200000002,0.5528673529624939,4.572563171386719,False,vehicle_attitude_setpoint.roll_body
transfer,normal,commander_nav_state_override__2018-12-25__08_44_40__baseline,131.216792,0.5175280570983887,4.572563171386719,False,manual_control_setpoint.x
transfer,normal,commander_nav_state_override__2018-12-25__08_44_40__baseline,132.016792,0.5175280570983887,4.572563171386719,False,manual_control_setpoint.x
transfer,normal,commander_nav_state_override__2018-12-25__08_44_40__baseline,132.81679200000002,0.8665966987609863,4.572563171386719,False,vehicle_attitude_setpoint.pitch_body
transfer,normal,commander_nav_state_override__2018-12-25__08_44_40__baseline,133.616792,1.0191726684570312,4.572563171386719,False,vehicle_attitude_setpoint.pitch_body
transfer,normal,commander_nav_state_override__2018-12-25__08_44_40__baseline,134.41679200000002,1.0191726684570312,4.572563171386719,False,vehicle_attitude_setpoint.pitch_body
transfer,normal,commander_nav_state_override__2018-12-25__08_44_40__baseline,135.216792,1.0191726684570312,4.572563171386719,False,vehicle_attitude_setpoint.pitch_body
transfer,normal,commander_nav_state_override__2018-12-25__08_44_40__baseline,136.016792,1.0191726684570312,4.572563171386719,False,vehicle_attitude_setpoint.pitch_body
transfer,normal,commander_nav_state_override__2018-12-25__08_44_40__baseline,136.81679200000002,0.7324528694152832,4.572563171386719,False,vehicle_attitude_setpoint.pitch_body
transfer,normal,commander_nav_state_override__2018-12-25__08_44_40__baseline,137.616792,0.7037746906280518,4.572563171386719,False,manual_control_setpoint.y
transfer,normal,commander_nav_state_override__2018-12-25__08_44_40__baseline,138.41679200000002,1.4164435863494873,4.572563171386719,False,vehicle_attitude_setpoint.roll_body
transfer,normal,commander_nav_state_override__2018-12-25__08_44_40__baseline,139.216792,2.156240940093994,4.572563171386719,False,manual_control_setpoint.z
transfer,normal,commander_nav_state_override__2018-12-25__08_44_40__baseline,140.016792,3.2633566856384277,4.572563171386719,False,manual_control_setpoint.z
transfer,normal,commander_nav_state_override__2018-12-25__08_44_40__baseline,140.81679200000002,3.2633566856384277,4.572563171386719,False,manual_control_setpoint.z
transfer,normal,ekf2_innovation_bias__2018-12-19__07_49_17__baseline,9.617917,0.0,4.572563171386719,False,actuator_controls_0.control[0]
transfer,normal,ekf2_innovation_bias__2018-12-19__07_49_17__baseline,10.417917000000001,0.0,4.572563171386719,False,actuator_controls_0.control[0]
transfer,normal,ekf2_innovation_bias__2018-12-19__07_49_17__baseline,11.217917,0.0,4.572563171386719,False,actuator_controls_0.control[0]
transfer,normal,ekf2_innovation_bias__2018-12-19__07_49_17__baseline,12.017917,0.0,4.572563171386719,False,actuator_controls_0.control[0]
transfer,normal,ekf2_innovation_bias__2018-12-19__07_49_17__baseline,12.817917000000001,0.0,4.572563171386719,False,actuator_controls_0.control[0]
transfer,normal,ekf2_innovation_bias__2018-12-19__07_49_17__baseline,13.617917,0.0,4.572563171386719,False,actuator_controls_0.control[0]
transfer,normal,ekf2_innovation_bias__2018-12-19__07_49_17__baseline,14.417917000000001,33.726828561346366,4.572563171386719,True,estimator_status.mag_test_ratio
transfer,normal,ekf2_innovation_bias__2018-12-19__07_49_17__baseline,15.217917,48.757069225218316,4.572563171386719,True,estimator_status.mag_test_ratio
transfer,normal,ekf2_innovation_bias__2018-12-19__07_49_17__baseline,16.017917,62.809242720677865,4.572563171386719,True,estimator_status.mag_test_ratio
transfer,normal,ekf2_innovation_bias__2018-12-19__07_49_17__baseline,16.817917,79.37799650724598,4.572563171386719,True,estimator_status.mag_test_ratio
transfer,normal,ekf2_innovation_bias__2018-12-19__07_49_17__baseline,17.617917000000002,94.98883184829116,4.572563171386719,True,estimator_status.mag_test_ratio
transfer,normal,ekf2_innovation_bias__2018-12-19__07_49_17__baseline,18.417917,92.34356591061791,4.572563171386719,True,estimator_status.mag_test_ratio
transfer,normal,ekf2_innovation_bias__2018-12-19__07_49_17__baseline,19.217917,92.34356591061791,4.572563171386719,True,estimator_status.mag_test_ratio
transfer,normal,ekf2_innovation_bias__2018-12-19__07_49_17__baseline,20.017917,92.34356591061791,4.572563171386719,True,estimator_status.mag_test_ratio
transfer,normal,ekf2_innovation_bias__2018-12-19__07_49_17__baseline,20.817917,110.26679135275401,4.572563171386719,True,estimator_status.mag_test_ratio
transfer,normal,ekf2_innovation_bias__2018-12-19__07_49_17__baseline,21.617917000000002,120.42633037439698,4.572563171386719,True,estimator_status.mag_test_ratio
transfer,normal,ekf2_innovation_bias__2018-12-19__07_49_17__baseline,22.417917,144.83885781026706,4.572563171386719,True,estimator_status.mag_test_ratio
transfer,normal,ekf2_innovation_bias__2018-12-19__07_49_17__baseline,23.217917,157.09814484424317,4.572563171386719,True,estimator_status.mag_test_ratio
transfer,normal,ekf2_innovation_bias__2018-12-19__07_49_17__baseline,24.017917,167.5342091373292,4.572563171386719,True,estimator_status.mag_test_ratio
transfer,normal,ekf2_innovation_bias__2018-12-19__07_49_17__baseline,24.817917,182.56676172480135,4.572563171386719,True,estimator_status.mag_test_ratio
transfer,normal,ekf2_innovation_bias__2018-12-19__07_49_17__baseline,25.617917000000002,205.19639130678993,4.572563171386719,True,estimator_status.mag_test_ratio
transfer,normal,ekf2_innovation_bias__2018-12-19__07_49_17__baseline,26.417917,226.03010217141593,4.572563171386719,True,estimator_status.mag_test_ratio
transfer,normal,ekf2_innovation_bias__2018-12-19__07_49_17__baseline,27.217917,241.45145582154967,4.572563171386719,True,estimator_status.mag_test_ratio
transfer,normal,ekf2_innovation_bias__2018-12-19__07_49_17__baseline,28.017917,255.4565538875004,4.572563171386719,True,estimator_status.mag_test_ratio
transfer,normal,ekf2_innovation_bias__2018-12-19__07_49_17__baseline,28.817917,266.8030084163109,4.572563171386719,True,estimator_status.mag_test_ratio
transfer,normal,ekf2_innovation_bias__2018-12-19__07_49_17__baseline,29.617917000000002,278.9453409294087,4.572563171386719,True,estimator_status.mag_test_ratio
transfer,normal,ekf2_innovation_bias__2018-12-19__07_49_17__baseline,30.417917,288.7250658911089,4.572563171386719,True,estimator_status.mag_test_ratio
transfer,normal,ekf2_innovation_bias__2018-12-19__07_49_17__baseline,31.217917,299.5461306365465,4.572563171386719,True,estimator_status.mag_test_ratio
transfer,normal,ekf2_innovation_bias__2018-12-19__07_49_17__baseline,32.017917,310.164733989436,4.572563171386719,True,estimator_status.mag_test_ratio
transfer,normal,ekf2_innovation_bias__2018-12-19__07_49_17__baseline,32.817916999999994,323.2441021722735,4.572563171386719,True,estimator_status.mag_test_ratio
transfer,normal,ekf2_innovation_bias__2018-12-19__07_49_17__baseline,33.617917,337.6789847774066,4.572563171386719,True,estimator_status.mag_test_ratio
transfer,normal,ekf2_innovation_bias__2018-12-19__07_49_17__baseline,34.417916999999996,348.36059319363176,4.572563171386719,True,estimator_status.mag_test_ratio
transfer,normal,ekf2_innovation_bias__2018-12-19__07_49_17__baseline,35.217917,360.70184718064945,4.572563171386719,True,estimator_status.mag_test_ratio
transfer,normal,ekf2_innovation_bias__2018-12-19__07_49_17__baseline,36.017917,372.71687982928125,4.572563171386719,True,estimator_status.mag_test_ratio
transfer,normal,ekf2_innovation_bias__2018-12-19__07_49_17__baseline,36.817916999999994,383.1264358945005,4.572563171386719,True,estimator_status.mag_test_ratio
transfer,normal,ekf2_innovation_bias__2018-12-19__07_49_17__baseline,37.617917,394.6592986964987,4.572563171386719,True,estimator_status.mag_test_ratio
transfer,normal,ekf2_innovation_bias__2018-12-19__07_49_17__baseline,38.417916999999996,733.9611149981296,4.572563171386719,True,estimator_status.pos_test_ratio
transfer,normal,ekf2_innovation_bias__2018-12-19__07_49_17__baseline,39.217917,734.2027452751893,4.572563171386719,True,estimator_status.pos_test_ratio
transfer,normal,ekf2_innovation_bias__2018-12-19__07_49_17__baseline,40.017917,734.2027452751893,4.572563171386719,True,estimator_status.pos_test_ratio
transfer,normal,ekf2_innovation_bias__2018-12-19__07_49_17__baseline,40.817916999999994,734.2027452751893,4.572563171386719,True,estimator_status.pos_test_ratio
transfer,normal,ekf2_innovation_bias__2018-12-19__07_49_17__baseline,41.617917,736.904325410464,4.572563171386719,True,estimator_status.pos_test_ratio
transfer,normal,ekf2_innovation_bias__2018-12-19__07_49_17__baseline,42.417916999999996,736.904325410464,4.572563171386719,True,estimator_status.pos_test_ratio
transfer,normal,ekf2_innovation_bias__2018-12-19__07_49_17__baseline,43.217917,736.7849768140783,4.572563171386719,True,estimator_status.pos_test_ratio
transfer,normal,ekf2_innovation_bias__2018-12-19__07_49_17__baseline,44.017917,736.7849768140783,4.572563171386719,True,estimator_status.pos_test_ratio
transfer,normal,ekf2_innovation_bias__2018-12-19__07_49_17__baseline,44.817916999999994,736.7849768140783,4.572563171386719,True,estimator_status.pos_test_ratio
transfer,normal,ekf2_innovation_bias__2018-12-19__07_49_17__baseline,45.617917,738.7828960615923,4.572563171386719,True,estimator_status.pos_test_ratio
transfer,normal,ekf2_innovation_bias__2018-12-19__07_49_17__baseline,46.417916999999996,447.37851103030243,4.572563171386719,True,estimator_status.mag_test_ratio
transfer,normal,ekf2_innovation_bias__2018-12-19__07_49_17__baseline,47.217917,447.37851103030243,4.572563171386719,True,estimator_status.mag_test_ratio
transfer,normal,ekf2_innovation_bias__2018-12-19__07_49_17__baseline,48.017917,447.38847219667474,4.572563171386719,True,estimator_status.mag_test_ratio
transfer,normal,ekf2_innovation_bias__2018-12-19__07_49_17__baseline,48.817916999999994,447.8579367539684,4.572563171386719,True,estimator_status.mag_test_ratio
transfer,normal,ekf2_innovation_bias__2018-12-19__07_49_17__baseline,49.617917,448.0415185804995,4.572563171386719,True,estimator_status.mag_test_ratio
transfer,normal,ekf2_innovation_bias__2018-12-19__07_49_17__baseline,50.417916999999996,448.6985713838569,4.572563171386719,True,estimator_status.mag_test_ratio
transfer,normal,ekf2_innovation_bias__2018-12-19__07_49_17__baseline,51.217917,445.20497355137104,4.572563171386719,True,estimator_status.mag_test_ratio
transfer,normal,ekf2_innovation_bias__2018-12-19__07_49_17__baseline,52.017917,431.5878944730362,4.572563171386719,True,estimator_status.mag_test_ratio
transfer,normal,ekf2_innovation_bias__2018-12-19__07_49_17__baseline,52.817916999999994,416.0372789105146,4.572563171386719,True,estimator_status.mag_test_ratio
transfer,normal,ekf2_innovation_bias__2018-12-19__07_49_17__baseline,53.617917,402.50510299679667,4.572563171386719,True,estimator_status.mag_test_ratio
transfer,normal,ekf2_innovation_bias__2018-12-19__07_49_17__baseline,54.417916999999996,388.0683543880456,4.572563171386719,True,estimator_status.mag_test_ratio
transfer,normal,ekf2_innovation_bias__2018-12-19__07_49_17__baseline,55.217917,374.5701507166663,4.572563171386719,True,estimator_status.mag_test_ratio
transfer,normal,ekf2_innovation_bias__2018-12-19__07_49_17__baseline,56.017917,483.0879211582683,4.572563171386719,True,estimator_status.pos_test_ratio
transfer,normal,ekf2_innovation_bias__2018-12-19__07_49_17__baseline,56.817916999999994,481.5247967387812,4.572563171386719,True,estimator_status.pos_test_ratio
transfer,normal,ekf2_innovation_bias__2018-12-19__07_49_17__baseline,57.617917,481.5247967387812,4.572563171386719,True,estimator_status.pos_test_ratio
transfer,normal,ekf2_innovation_bias__2018-12-19__07_49_17__baseline,58.417916999999996,481.5247967387812,4.572563171386719,True,estimator_status.pos_test_ratio
transfer,normal,ekf2_innovation_bias__2018-12-19__07_49_17__baseline,59.217917,479.5947225242624,4.572563171386719,True,estimator_status.pos_test_ratio
transfer,normal,ekf2_innovation_bias__2018-12-19__07_49_17__baseline,60.017917,479.5947225242624,4.572563171386719,True,estimator_status.pos_test_ratio
transfer,normal,ekf2_innovation_bias__2018-12-19__07_49_17__baseline,60.817916999999994,479.5947225242624,4.572563171386719,True,estimator_status.pos_test_ratio
transfer,normal,ekf2_innovation_bias__2018-12-19__07_49_17__baseline,61.617917,479.5947225242624,4.572563171386719,True,estimator_status.pos_test_ratio
transfer,normal,ekf2_innovation_bias__2018-12-19__07_49_17__baseline,62.417916999999996,479.5947225242624,4.572563171386719,True,estimator_status.pos_test_ratio
transfer,normal,ekf2_innovation_bias__2018-12-19__07_49_17__baseline,63.217917,479.5947225242624,4.572563171386719,True,estimator_status.pos_test_ratio
transfer,normal,ekf2_innovation_bias__2018-12-19__07_49_17__baseline,64.017917,470.30075611033146,4.572563171386719,True,estimator_status.pos_test_ratio
transfer,normal,ekf2_innovation_bias__2018-12-19__07_49_17__baseline,64.817917,470.30075611033146,4.572563171386719,True,estimator_status.pos_test_ratio
transfer,normal,ekf2_innovation_bias__2018-12-19__07_49_17__baseline,65.61791699999999,470.30075611033146,4.572563171386719,True,estimator_status.pos_test_ratio
transfer,normal,ekf2_innovation_bias__2018-12-19__07_49_17__baseline,66.417917,470.30075611033146,4.572563171386719,True,estimator_status.pos_test_ratio
transfer,normal,ekf2_innovation_bias__2018-12-19__07_49_17__baseline,67.217917,470.30075611033146,4.572563171386719,True,estimator_status.pos_test_ratio
transfer,normal,ekf2_innovation_bias__2018-12-19__07_49_17__baseline,68.017917,470.30075611033146,4.572563171386719,True,estimator_status.pos_test_ratio
transfer,normal,ekf2_innovation_bias__2018-12-19__07_49_17__baseline,68.817917,470.30075611033146,4.572563171386719,True,estimator_status.pos_test_ratio
transfer,normal,ekf2_innovation_bias__2018-12-19__07_49_17__baseline,69.61791699999999,470.30075611033146,4.572563171386719,True,estimator_status.pos_test_ratio
transfer,normal,ekf2_innovation_bias__2018-12-19__07_49_17__baseline,70.417917,471.7357675982388,4.572563171386719,True,estimator_status.pos_test_ratio
transfer,normal,ekf2_innovation_bias__2018-12-19__07_49_17__baseline,71.217917,470.0062604807475,4.572563171386719,True,estimator_status.pos_test_ratio
transfer,normal,ekf2_innovation_bias__2018-12-19__07_49_17__baseline,72.017917,470.0062604807475,4.572563171386719,True,estimator_status.pos_test_ratio
transfer,normal,ekf2_innovation_bias__2018-12-19__07_49_17__baseline,72.817917,107.47961309581234,4.572563171386719,True,estimator_status.mag_test_ratio
transfer,normal,ekf2_innovation_bias__2018-12-19__07_49_17__baseline,73.61791699999999,95.22492932811436,4.572563171386719,True,estimator_status.mag_test_ratio
transfer,normal,ekf2_innovation_bias__2018-12-19__07_49_17__baseline,74.417917,80.52036117803483,4.572563171386719,True,estimator_status.mag_test_ratio
transfer,normal,ekf2_innovation_bias__2018-12-19__07_49_17__baseline,75.217917,80.52036117803483,4.572563171386719,True,estimator_status.mag_test_ratio
transfer,normal,ekf2_innovation_bias__2018-12-19__07_49_17__baseline,76.017917,80.52036117803483,4.572563171386719,True,estimator_status.mag_test_ratio
transfer,normal,ekf2_innovation_bias__2018-12-19__07_49_17__baseline,76.817917,81.0938348561072,4.572563171386719,True,estimator_status.mag_test_ratio
transfer,normal,ekf2_innovation_bias__2018-12-19__07_49_17__baseline,77.61791699999999,89.13930154352629,4.572563171386719,True,estimator_status.mag_test_ratio
transfer,normal,ekf2_innovation_bias__2018-12-19__07_49_17__baseline,78.417917,103.62281000764496,4.572563171386719,True,estimator_status.mag_test_ratio
transfer,normal,ekf2_innovation_bias__2018-12-19__07_49_17__baseline,79.217917,118.00348932386096,4.572563171386719,True,estimator_status.mag_test_ratio
transfer,normal,ekf2_innovation_bias__2018-12-19__07_49_17__baseline,80.017917,132.76691205128765,4.572563171386719,True,estimator_status.mag_test_ratio
transfer,normal,ekf2_innovation_bias__2018-12-19__07_49_17__baseline,80.817917,147.72453636113002,4.572563171386719,True,estimator_status.mag_test_ratio
transfer,normal,ekf2_innovation_bias__2018-12-19__07_49_17__baseline,81.61791699999999,160.60232127076904,4.572563171386719,True,estimator_status.mag_test_ratio
transfer,normal,ekf2_innovation_bias__2018-12-19__07_49_17__baseline,82.417917,174.85187953128664,4.572563171386719,True,estimator_status.mag_test_ratio
transfer,normal,ekf2_innovation_bias__2018-12-19__07_49_17__baseline,83.217917,174.85187953128664,4.572563171386719,True,estimator_status.mag_test_ratio
transfer,normal,ekf2_innovation_bias__2018-12-19__07_49_17__baseline,84.017917,174.85187953128664,4.572563171386719,True,estimator_status.mag_test_ratio
transfer,normal,ekf2_innovation_bias__2018-12-19__07_49_17__baseline,84.817917,182.40230643535426,4.572563171386719,True,estimator_status.mag_test_ratio
transfer,normal,ekf2_innovation_bias__2018-12-19__07_49_17__baseline,85.61791699999999,182.40230643535426,4.572563171386719,True,estimator_status.mag_test_ratio
transfer,normal,ekf2_innovation_bias__2018-12-20__07_47_50__baseline,9.618490999999999,0.0,4.572563171386719,False,actuator_controls_0.control[0]
transfer,normal,ekf2_innovation_bias__2018-12-20__07_47_50__baseline,10.418491,0.0,4.572563171386719,False,actuator_controls_0.control[0]
transfer,normal,ekf2_innovation_bias__2018-12-20__07_47_50__baseline,11.218490999999998,0.0,4.572563171386719,False,actuator_controls_0.control[0]
transfer,normal,ekf2_innovation_bias__2018-12-20__07_47_50__baseline,12.018491,0.0,4.572563171386719,False,actuator_controls_0.control[0]
transfer,normal,ekf2_innovation_bias__2018-12-20__07_47_50__baseline,12.818491,24.874515533447266,4.572563171386719,True,vehicle_local_position.az
transfer,normal,ekf2_innovation_bias__2018-12-20__07_47_50__baseline,13.618490999999999,34.979538917541504,4.572563171386719,True,vehicle_local_position.ax
transfer,normal,ekf2_innovation_bias__2018-12-20__07_47_50__baseline,14.418491,51.095415299428836,4.572563171386719,True,estimator_status.mag_test_ratio
transfer,normal,ekf2_innovation_bias__2018-12-20__07_47_50__baseline,15.218490999999998,72.38728836487574,4.572563171386719,True,estimator_status.mag_test_ratio
transfer,normal,ekf2_innovation_bias__2018-12-20__07_47_50__baseline,16.018491,78.72375642993032,4.572563171386719,True,estimator_status.mag_test_ratio
transfer,normal,ekf2_innovation_bias__2018-12-20__07_47_50__baseline,16.818491,80.95346610600804,4.572563171386719,True,estimator_status.mag_test_ratio
transfer,normal,ekf2_innovation_bias__2018-12-20__07_47_50__baseline,17.618491000000002,79.88364232586717,4.572563171386719,True,estimator_status.mag_test_ratio
transfer,normal,ekf2_innovation_bias__2018-12-20__07_47_50__baseline,18.418491,79.88364232586717,4.572563171386719,True,estimator_status.mag_test_ratio
transfer,normal,ekf2_innovation_bias__2018-12-20__07_47_50__baseline,19.218491,79.88364232586717,4.572563171386719,True,estimator_status.mag_test_ratio
transfer,normal,ekf2_innovation_bias__2018-12-20__07_47_50__baseline,20.018491,89.3311637611121,4.572563171386719,True,estimator_status.mag_test_ratio
transfer,normal,ekf2_innovation_bias__2018-12-20__07_47_50__baseline,20.818491,101.5586326892791,4.572563171386719,True,estimator_status.mag_test_ratio
transfer,normal,ekf2_innovation_bias__2018-12-20__07_47_50__baseline,21.618491000000002,134.35943637429324,4.572563171386719,True,estimator_status.mag_test_ratio
transfer,normal,ekf2_innovation_bias__2018-12-20__07_47_50__baseline,22.418491,182.92117892667918,4.572563171386719,True,estimator_status.mag_test_ratio
transfer,normal,ekf2_innovation_bias__2018-12-20__07_47_50__baseline,23.218491,184.48054052362153,4.572563171386719,True,estimator_status.mag_test_ratio
transfer,normal,ekf2_innovation_bias__2018-12-20__07_47_50__baseline,24.018491,233.98132195551347,4.572563171386719,True,estimator_status.mag_test_ratio
transfer,normal,ekf2_innovation_bias__2018-12-20__07_47_50__baseline,24.818491,269.55163174555804,4.572563171386719,True,estimator_status.mag_test_ratio
transfer,normal,ekf2_innovation_bias__2018-12-20__07_47_50__baseline,25.618491000000002,293.4660322597381,4.572563171386719,True,estimator_status.mag_test_ratio
transfer,normal,ekf2_innovation_bias__2018-12-20__07_47_50__baseline,26.418491,291.69950309935825,4.572563171386719,True,estimator_status.mag_test_ratio
transfer,normal,ekf2_innovation_bias__2018-12-20__07_47_50__baseline,27.218491,288.8112587935206,4.572563171386719,True,estimator_status.mag_test_ratio
transfer,normal,ekf2_innovation_bias__2018-12-20__07_47_50__baseline,28.018491,283.31837529054474,4.572563171386719,True,estimator_status.mag_test_ratio
transfer,normal,ekf2_innovation_bias__2018-12-20__07_47_50__baseline,28.818491,277.9517488853072,4.572563171386719,True,estimator_status.mag_test_ratio
transfer,normal,ekf2_innovation_bias__2018-12-20__07_47_50__baseline,29.618491000000002,272.77465905344053,4.572563171386719,True,estimator_status.mag_test_ratio
transfer,normal,ekf2_innovation_bias__2018-12-20__07_47_50__baseline,30.418491,268.8269911935091,4.572563171386719,True,estimator_status.mag_test_ratio
transfer,normal,ekf2_innovation_bias__2018-12-20__07_47_50__baseline,31.218491,260.93129873766054,4.572563171386719,True,estimator_status.mag_test_ratio
transfer,normal,ekf2_innovation_bias__2018-12-20__07_47_50__baseline,32.018491,245.6195865206965,4.572563171386719,True,estimator_status.mag_test_ratio
transfer,normal,ekf2_innovation_bias__2018-12-20__07_47_50__baseline,32.818490999999995,245.6195865206965,4.572563171386719,True,estimator_status.mag_test_ratio
transfer,normal,ekf2_innovation_bias__2018-12-20__07_47_50__baseline,33.618491,245.6195865206965,4.572563171386719,True,estimator_status.mag_test_ratio
transfer,normal,ekf2_innovation_bias__2018-12-20__07_47_50__baseline,34.418490999999996,323.905545572379,4.572563171386719,True,estimator_status.mag_test_ratio
transfer,normal,ekf2_innovation_bias__2018-12-20__07_47_50__baseline,35.218491,383.0314892398222,4.572563171386719,True,estimator_status.mag_test_ratio
transfer,normal,ekf2_innovation_bias__2018-12-20__07_47_50__baseline,36.018491,393.292533370036,4.572563171386719,True,estimator_status.mag_test_ratio
transfer,normal,ekf2_innovation_bias__2018-12-20__07_47_50__baseline,36.818490999999995,413.7616874984189,4.572563171386719,True,estimator_status.mag_test_ratio
transfer,normal,ekf2_innovation_bias__2018-12-20__07_47_50__baseline,37.618491,414.1250917030156,4.572563171386719,True,estimator_status.mag_test_ratio
transfer,normal,ekf2_innovation_bias__2018-12-20__07_47_50__baseline,38.418490999999996,398.20226330117134,4.572563171386719,True,estimator_status.mag_test_ratio
transfer,normal,ekf2_innovation_bias__2018-12-20__07_47_50__baseline,39.218491,345.020611364871,4.572563171386719,True,estimator_status.mag_test_ratio
transfer,normal,ekf2_innovation_bias__2018-12-20__07_47_50__baseline,40.018491,276.37439956231236,4.572563171386719,True,estimator_status.mag_test_ratio
transfer,normal,ekf2_innovation_bias__2018-12-20__07_47_50__baseline,40.818490999999995,219.0863185317913,4.572563171386719,True,estimator_status.mag_test_ratio
transfer,normal,ekf2_innovation_bias__2018-12-20__07_47_50__baseline,41.618491,219.0863185317913,4.572563171386719,True,estimator_status.mag_test_ratio
transfer,normal,ekf2_innovation_bias__2018-12-20__07_47_50__baseline,42.418490999999996,207.6296325833731,4.572563171386719,True,estimator_status.mag_test_ratio
transfer,normal,ekf2_innovation_bias__2018-12-20__07_47_50__baseline,43.218491,203.40512387785736,4.572563171386719,True,estimator_status.mag_test_ratio
transfer,normal,ekf2_innovation_bias__2018-12-20__07_47_50__baseline,44.018491,202.0728796183268,4.572563171386719,True,estimator_status.mag_test_ratio
transfer,normal,ekf2_innovation_bias__2018-12-20__07_47_50__baseline,44.818490999999995,195.83762852893142,4.572563171386719,True,estimator_status.mag_test_ratio
transfer,normal,ekf2_innovation_bias__2018-12-20__07_47_50__baseline,45.618491,195.83762852893142,4.572563171386719,True,estimator_status.mag_test_ratio
transfer,normal,ekf2_innovation_bias__2018-12-20__07_47_50__baseline,46.418490999999996,195.83762852893142,4.572563171386719,True,estimator_status.mag_test_ratio
transfer,normal,ekf2_innovation_bias__2018-12-20__07_47_50__baseline,47.218491,270.30418002818726,4.572563171386719,True,estimator_status.mag_test_ratio
transfer,normal,ekf2_innovation_bias__2018-12-20__07_47_50__baseline,48.018491,353.2848669764953,4.572563171386719,True,estimator_status.mag_test_ratio
transfer,normal,ekf2_innovation_bias__2018-12-20__07_47_50__baseline,48.818490999999995,428.9808678889162,4.572563171386719,True,estimator_status.mag_test_ratio
transfer,normal,ekf2_innovation_bias__2018-12-20__07_47_50__baseline,49.618491,491.1376953740518,4.572563171386719,True,estimator_status.mag_test_ratio
transfer,normal,ekf2_innovation_bias__2018-12-20__07_47_50__baseline,50.418490999999996,511.99154810125987,4.572563171386719,True,estimator_status.mag_test_ratio
transfer,normal,ekf2_innovation_bias__2018-12-20__07_47_50__baseline,51.218491,532.771748568018,4.572563171386719,True,estimator_status.mag_test_ratio
transfer,normal,ekf2_innovation_bias__2018-12-20__07_47_50__baseline,52.018491,325.5036404650088,4.572563171386719,True,estimator_status.mag_test_ratio
transfer,normal,ekf2_innovation_bias__2018-12-20__07_47_50__baseline,52.818490999999995,260.3803337282298,4.572563171386719,True,estimator_status.mag_test_ratio
transfer,normal,ekf2_innovation_bias__2018-12-20__07_47_50__baseline,53.618491,260.3803337282298,4.572563171386719,True,estimator_status.mag_test_ratio
transfer,normal,ekf2_innovation_bias__2018-12-20__07_47_50__baseline,54.418490999999996,260.3803337282298,4.572563171386719,True,estimator_status.mag_test_ratio
transfer,normal,ekf2_innovation_bias__2018-12-20__07_47_50__baseline,55.218491,337.43794101593437,4.572563171386719,True,estimator_status.mag_test_ratio
transfer,normal,ekf2_innovation_bias__2018-12-20__07_47_50__baseline,56.018491,335.93836013784073,4.572563171386719,True,estimator_status.mag_test_ratio
transfer,normal,ekf2_innovation_bias__2018-12-20__07_47_50__baseline,56.818490999999995,335.93836013784073,4.572563171386719,True,estimator_status.mag_test_ratio
transfer,normal,ekf2_innovation_bias__2018-12-20__07_47_50__baseline,57.618491,335.93836013784073,4.572563171386719,True,estimator_status.mag_test_ratio
transfer,normal,ekf2_innovation_bias__2018-12-20__07_47_50__baseline,58.418490999999996,350.3026639002477,4.572563171386719,True,estimator_status.mag_test_ratio
transfer,normal,ekf2_innovation_bias__2018-12-20__07_47_50__baseline,59.218491,351.3868668847387,4.572563171386719,True,estimator_status.mag_test_ratio
transfer,normal,ekf2_innovation_bias__2018-12-20__07_47_50__baseline,60.018491,351.3868668847387,4.572563171386719,True,estimator_status.mag_test_ratio
transfer,normal,ekf2_innovation_bias__2018-12-20__07_47_50__baseline,60.818490999999995,351.3868668847387,4.572563171386719,True,estimator_status.mag_test_ratio
transfer,normal,ekf2_innovation_bias__2018-12-20__07_47_50__baseline,61.618491,245.70833145746803,4.572563171386719,True,estimator_status.mag_test_ratio
transfer,normal,ekf2_innovation_bias__2018-12-20__07_47_50__baseline,62.418490999999996,222.109395319641,4.572563171386719,True,estimator_status.mag_test_ratio
transfer,normal,ekf2_innovation_bias__2018-12-20__07_47_50__baseline,63.218491,222.109395319641,4.572563171386719,True,estimator_status.mag_test_ratio
transfer,normal,ekf2_innovation_bias__2018-12-20__07_47_50__baseline,64.018491,222.109395319641,4.572563171386719,True,estimator_status.mag_test_ratio
transfer,normal,ekf2_innovation_bias__2018-12-20__07_47_50__baseline,64.818491,573.8942972408272,4.572563171386719,True,estimator_status.mag_test_ratio
transfer,normal,ekf2_innovation_bias__2018-12-20__07_47_50__baseline,65.61849099999999,573.8942972408272,4.572563171386719,True,estimator_status.mag_test_ratio
transfer,normal,ekf2_innovation_bias__2018-12-20__07_47_50__baseline,66.418491,560.2078741751017,4.572563171386719,True,estimator_status.mag_test_ratio
transfer,normal,ekf2_innovation_bias__2018-12-20__07_47_50__baseline,67.218491,501.1270164480158,4.572563171386719,True,estimator_status.mag_test_ratio
transfer,normal,ekf2_innovation_bias__2018-12-20__07_47_50__baseline,68.018491,441.0822580873377,4.572563171386719,True,estimator_status.mag_test_ratio
transfer,normal,ekf2_innovation_bias__2018-12-20__07_47_50__baseline,68.818491,382.9797625218833,4.572563171386719,True,estimator_status.mag_test_ratio
transfer,normal,ekf2_innovation_bias__2018-12-20__07_47_50__baseline,69.61849099999999,321.8204237354631,4.572563171386719,True,estimator_status.mag_test_ratio
transfer,normal,ekf2_innovation_bias__2018-12-20__07_47_50__baseline,70.418491,268.5772760034593,4.572563171386719,True,estimator_status.mag_test_ratio
transfer,normal,ekf2_innovation_bias__2018-12-20__07_47_50__baseline,71.218491,266.1049035333585,4.572563171386719,True,estimator_status.mag_test_ratio
transfer,normal,ekf2_innovation_bias__2018-12-20__07_47_50__baseline,72.018491,266.1049035333585,4.572563171386719,True,estimator_status.mag_test_ratio
transfer,normal,ekf2_innovation_bias__2018-12-20__07_47_50__baseline,72.818491,266.1049035333585,4.572563171386719,True,estimator_status.mag_test_ratio
transfer,normal,ekf2_innovation_bias__2018-12-20__07_47_50__baseline,73.61849099999999,278.177178587094,4.572563171386719,True,estimator_status.mag_test_ratio
transfer,normal,ekf2_innovation_bias__2018-12-20__07_47_50__baseline,74.418491,285.7315295870052,4.572563171386719,True,estimator_status.mag_test_ratio
transfer,normal,ekf2_innovation_bias__2018-12-20__07_47_50__baseline,75.218491,290.97461557624223,4.572563171386719,True,estimator_status.mag_test_ratio
transfer,normal,ekf2_innovation_bias__2018-12-20__07_47_50__baseline,76.018491,308.5631540606374,4.572563171386719,True,estimator_status.mag_test_ratio
transfer,normal,ekf2_innovation_bias__2018-12-20__07_47_50__baseline,76.818491,311.42642684747005,4.572563171386719,True,estimator_status.mag_test_ratio
transfer,normal,ekf2_innovation_bias__2018-12-20__07_47_50__baseline,77.61849099999999,311.42642684747005,4.572563171386719,True,estimator_status.mag_test_ratio
transfer,normal,ekf2_innovation_bias__2018-12-20__07_47_50__baseline,78.418491,311.42642684747005,4.572563171386719,True,estimator_status.mag_test_ratio
transfer,normal,ekf2_innovation_bias__2018-12-20__07_47_50__baseline,79.218491,319.4670089960069,4.572563171386719,True,estimator_status.mag_test_ratio
transfer,normal,ekf2_innovation_bias__2018-12-20__07_47_50__baseline,80.018491,359.3967148560386,4.572563171386719,True,estimator_status.mag_test_ratio
transfer,normal,ekf2_innovation_bias__2018-12-20__07_47_50__baseline,80.818491,402.09740864750324,4.572563171386719,True,estimator_status.mag_test_ratio
transfer,normal,ekf2_innovation_bias__2018-12-20__07_47_50__baseline,81.61849099999999,414.49906078103743,4.572563171386719,True,estimator_status.mag_test_ratio
transfer,normal,ekf2_innovation_bias__2018-12-20__07_47_50__baseline,82.418491,393.2071911457442,4.572563171386719,True,estimator_status.mag_test_ratio
transfer,normal,ekf2_innovation_bias__2018-12-20__07_47_50__baseline,83.218491,376.4770143256082,4.572563171386719,True,estimator_status.mag_test_ratio
transfer,normal,ekf2_innovation_bias__2018-12-20__07_47_50__baseline,84.018491,315.1569522569768,4.572563171386719,True,estimator_status.mag_test_ratio
transfer,normal,ekf2_innovation_bias__2018-12-20__07_47_50__baseline,84.818491,251.8114530259744,4.572563171386719,True,estimator_status.mag_test_ratio
transfer,normal,ekf2_innovation_bias__2018-12-20__07_47_50__baseline,85.61849099999999,202.85114033316225,4.572563171386719,True,estimator_status.mag_test_ratio
transfer,normal,ekf2_innovation_bias__2018-12-20__07_47_50__baseline,86.418491,138.6728272227289,4.572563171386719,True,estimator_status.mag_test_ratio
transfer,normal,ekf2_innovation_bias__2018-12-20__07_47_50__baseline,87.218491,138.6728272227289,4.572563171386719,True,estimator_status.mag_test_ratio
transfer,normal,ekf2_innovation_bias__2018-12-20__07_47_50__baseline,88.018491,138.6728272227289,4.572563171386719,True,estimator_status.mag_test_ratio
transfer,normal,ekf2_innovation_bias__2018-12-20__07_47_50__baseline,88.818491,153.7621008319409,4.572563171386719,True,estimator_status.mag_test_ratio
transfer,normal,ekf2_innovation_bias__2018-12-20__07_47_50__baseline,89.61849099999999,156.23795833821057,4.572563171386719,True,estimator_status.mag_test_ratio
transfer,normal,ekf2_innovation_bias__2018-12-20__07_47_50__baseline,90.418491,168.12121820193914,4.572563171386719,True,estimator_status.mag_test_ratio
transfer,normal,ekf2_innovation_bias__2018-12-20__07_47_50__baseline,91.218491,167.71558194487142,4.572563171386719,True,estimator_status.mag_test_ratio
transfer,normal,ekf2_innovation_bias__2018-12-20__07_47_50__baseline,92.018491,157.2494420640607,4.572563171386719,True,estimator_status.mag_test_ratio
transfer,normal,ekf2_innovation_bias__2018-12-20__07_47_50__baseline,92.818491,149.8465392107302,4.572563171386719,True,estimator_status.mag_test_ratio
transfer,normal,ekf2_innovation_bias__2018-12-20__07_47_50__baseline,93.61849099999999,137.58050163425386,4.572563171386719,True,estimator_status.mag_test_ratio
transfer,normal,ekf2_innovation_bias__2018-12-20__07_47_50__baseline,94.418491,132.00507491241316,4.572563171386719,True,estimator_status.mag_test_ratio
transfer,normal,ekf2_innovation_bias__2018-12-20__07_47_50__baseline,95.218491,115.79803769481666,4.572563171386719,True,estimator_status.mag_test_ratio
transfer,normal,ekf2_innovation_bias__2018-12-20__07_47_50__baseline,96.018491,105.07252331111023,4.572563171386719,True,estimator_status.mag_test_ratio
transfer,normal,ekf2_innovation_bias__2018-12-20__07_47_50__baseline,96.818491,95.3300360980801,4.572563171386719,True,estimator_status.mag_test_ratio
transfer,normal,ekf2_innovation_bias__2018-12-20__07_47_50__baseline,97.61849099999999,83.92152322835777,4.572563171386719,True,estimator_status.mag_test_ratio
transfer,normal,ekf2_innovation_bias__2018-12-20__07_47_50__baseline,98.418491,78.5673620017005,4.572563171386719,True,estimator_status.mag_test_ratio
transfer,normal,ekf2_innovation_bias__2018-12-20__07_47_50__baseline,99.218491,62.231824365839614,4.572563171386719,True,estimator_status.mag_test_ratio
transfer,normal,ekf2_innovation_bias__2018-12-20__07_47_50__baseline,100.018491,62.231824365839614,4.572563171386719,True,estimator_status.mag_test_ratio
transfer,normal,ekf2_innovation_bias__2018-12-20__07_47_50__baseline,100.818491,62.231824365839614,4.572563171386719,True,estimator_status.mag_test_ratio
transfer,normal,ekf2_innovation_bias__2018-12-20__07_47_50__baseline,101.61849099999999,62.473485554979575,4.572563171386719,True,estimator_status.mag_test_ratio
transfer,normal,ekf2_innovation_bias__2018-12-20__07_47_50__baseline,102.418491,72.7793274926391,4.572563171386719,True,estimator_status.mag_test_ratio
transfer,normal,ekf2_innovation_bias__2018-12-20__07_47_50__baseline,103.218491,82.45638109350728,4.572563171386719,True,estimator_status.mag_test_ratio
transfer,normal,ekf2_innovation_bias__2018-12-20__07_47_50__baseline,104.018491,90.50085989665804,4.572563171386719,True,estimator_status.mag_test_ratio
transfer,normal,ekf2_innovation_bias__2018-12-20__07_47_50__baseline,104.818491,100.93378216894622,4.572563171386719,True,estimator_status.mag_test_ratio
transfer,normal,ekf2_innovation_bias__2018-12-20__07_47_50__baseline,105.61849099999999,113.28697309087292,4.572563171386719,True,estimator_status.mag_test_ratio
transfer,normal,ekf2_innovation_bias__2018-12-20__07_47_50__baseline,106.418491,118.75631201878696,4.572563171386719,True,estimator_status.mag_test_ratio
transfer,normal,ekf2_innovation_bias__2018-12-20__07_47_50__baseline,107.218491,127.85055506318558,4.572563171386719,True,estimator_status.mag_test_ratio
transfer,normal,ekf2_innovation_bias__2018-12-20__07_47_50__baseline,108.018491,136.68682310740198,4.572563171386719,True,estimator_status.mag_test_ratio
transfer,normal,ekf2_innovation_bias__2018-12-20__07_47_50__baseline,108.818491,136.9499021763039,4.572563171386719,True,estimator_status.mag_test_ratio
transfer,normal,ekf2_innovation_bias__2018-12-20__07_47_50__baseline,109.61849099999999,128.08635754978977,4.572563171386719,True,estimator_status.mag_test_ratio
transfer,normal,ekf2_innovation_bias__2018-12-20__07_47_50__baseline,110.418491,121.47494208399846,4.572563171386719,True,estimator_status.mag_test_ratio
transfer,normal,ekf2_innovation_bias__2018-12-20__07_47_50__baseline,111.218491,121.47494208399846,4.572563171386719,True,estimator_status.mag_test_ratio
transfer,normal,ekf2_innovation_bias__2018-12-20__07_47_50__baseline,112.018491,121.47494208399846,4.572563171386719,True,estimator_status.mag_test_ratio
transfer,normal,ekf2_innovation_bias__2018-12-20__07_47_50__baseline,112.818491,141.11366971993223,4.572563171386719,True,estimator_status.mag_test_ratio
transfer,normal,ekf2_innovation_bias__2018-12-20__07_47_50__baseline,113.61849099999999,195.67484715449456,4.572563171386719,True,estimator_status.mag_test_ratio
transfer,normal,ekf2_innovation_bias__2018-12-20__07_47_50__baseline,114.418491,250.50881785326402,4.572563171386719,True,estimator_status.mag_test_ratio
transfer,normal,ekf2_innovation_bias__2018-12-20__07_47_50__baseline,115.218491,314.66723607218245,4.572563171386719,True,estimator_status.mag_test_ratio
transfer,normal,ekf2_innovation_bias__2018-12-20__07_47_50__baseline,116.018491,349.48208880925216,4.572563171386719,True,estimator_status.mag_test_ratio
transfer,normal,ekf2_innovation_bias__2018-12-20__07_47_50__baseline,116.818491,365.6930501226923,4.572563171386719,True,estimator_status.mag_test_ratio
transfer,normal,ekf2_innovation_bias__2018-12-20__07_47_50__baseline,117.61849099999999,384.35618716119194,4.572563171386719,True,estimator_status.mag_test_ratio
transfer,normal,ekf2_innovation_bias__2018-12-20__07_47_50__baseline,118.418491,362.30614379118595,4.572563171386719,True,estimator_status.mag_test_ratio
transfer,normal,ekf2_innovation_bias__2018-12-20__07_47_50__baseline,119.218491,316.57909398492535,4.572563171386719,True,estimator_status.mag_test_ratio
transfer,normal,ekf2_innovation_bias__2018-12-20__07_47_50__baseline,120.018491,289.14930730189684,4.572563171386719,True,estimator_status.mag_test_ratio
transfer,normal,ekf2_innovation_bias__2018-12-20__07_47_50__baseline,120.818491,289.14930730189684,4.572563171386719,True,estimator_status.mag_test_ratio
transfer,normal,ekf2_innovation_bias__2018-12-20__07_47_50__baseline,121.61849099999999,289.14930730189684,4.572563171386719,True,estimator_status.mag_test_ratio
transfer,normal,ekf2_innovation_bias__2018-12-25__08_44_40__baseline,9.620496,0.0,4.572563171386719,False,actuator_controls_0.control[0]
transfer,normal,ekf2_innovation_bias__2018-12-25__08_44_40__baseline,10.420496,0.0,4.572563171386719,False,actuator_controls_0.control[0]
transfer,normal,ekf2_innovation_bias__2018-12-25__08_44_40__baseline,11.220495999999999,0.0,4.572563171386719,False,actuator_controls_0.control[0]
transfer,normal,ekf2_innovation_bias__2018-12-25__08_44_40__baseline,12.020496,0.0,4.572563171386719,False,actuator_controls_0.control[0]
transfer,normal,ekf2_innovation_bias__2018-12-25__08_44_40__baseline,12.820496,0.0,4.572563171386719,False,actuator_controls_0.control[0]
transfer,normal,ekf2_innovation_bias__2018-12-25__08_44_40__baseline,13.620496,0.0,4.572563171386719,False,actuator_controls_0.control[0]
transfer,normal,ekf2_innovation_bias__2018-12-25__08_44_40__baseline,14.420496,9.13745641708374,4.572563171386719,True,vehicle_local_position.dist_bottom_rate
transfer,normal,ekf2_innovation_bias__2018-12-25__08_44_40__baseline,15.220495999999999,12.131345272064209,4.572563171386719,True,vehicle_local_position.dist_bottom_rate
transfer,normal,ekf2_innovation_bias__2018-12-25__08_44_40__baseline,16.020496,12.131345272064209,4.572563171386719,True,vehicle_local_position.dist_bottom_rate
transfer,normal,ekf2_innovation_bias__2018-12-25__08_44_40__baseline,16.820496000000002,12.131345272064209,4.572563171386719,True,vehicle_local_position.dist_bottom_rate
transfer,normal,ekf2_innovation_bias__2018-12-25__08_44_40__baseline,17.620496000000003,22.71669864654541,4.572563171386719,True,vehicle_local_position.ax
transfer,normal,ekf2_innovation_bias__2018-12-25__08_44_40__baseline,18.420496,22.71669864654541,4.572563171386719,True,vehicle_local_position.ax
transfer,normal,ekf2_innovation_bias__2018-12-25__08_44_40__baseline,19.220496,22.71669864654541,4.572563171386719,True,vehicle_local_position.ax
transfer,normal,ekf2_innovation_bias__2018-12-25__08_44_40__baseline,20.020496,22.71669864654541,4.572563171386719,True,vehicle_local_position.ax
transfer,normal,ekf2_innovation_bias__2018-12-25__08_44_40__baseline,20.820496000000002,22.71669864654541,4.572563171386719,True,vehicle_local_position.ax
transfer,normal,ekf2_innovation_bias__2018-12-25__08_44_40__baseline,21.620496000000003,22.71669864654541,4.572563171386719,True,vehicle_local_position.ax
transfer,normal,ekf2_innovation_bias__2018-12-25__08_44_40__baseline,22.420496,14.84321117401123,4.572563171386719,True,vehicle_local_position.ay
transfer,normal,ekf2_innovation_bias__2018-12-25__08_44_40__baseline,23.220496,15.421173572540283,4.572563171386719,True,vehicle_local_position.z
transfer,normal,ekf2_innovation_bias__2018-12-25__08_44_40__baseline,24.020496,18.917105197906494,4.572563171386719,True,vehicle_local_position.z
transfer,normal,ekf2_innovation_bias__2018-12-25__08_44_40__baseline,24.820496000000002,18.992633819580078,4.572563171386719,True,vehicle_local_position.z
transfer,normal,ekf2_innovation_bias__2018-12-25__08_44_40__baseline,25.620496000000003,19.116183519363403,4.572563171386719,True,vehicle_local_position.z
transfer,normal,ekf2_innovation_bias__2018-12-25__08_44_40__baseline,26.420496,19.20126438140869,4.572563171386719,True,vehicle_local_position.z
transfer,normal,ekf2_innovation_bias__2018-12-25__08_44_40__baseline,27.220496,19.03916835784912,4.572563171386719,True,vehicle_local_position.z
transfer,normal,ekf2_innovation_bias__2018-12-25__08_44_40__baseline,28.020496,25.190842151641846,4.572563171386719,True,vehicle_local_position.ay
transfer,normal,ekf2_innovation_bias__2018-12-25__08_44_40__baseline,28.820496000000002,19.03916835784912,4.572563171386719,True,vehicle_local_position.z
transfer,normal,ekf2_innovation_bias__2018-12-25__08_44_40__baseline,29.620496000000003,19.820369482040405,4.572563171386719,True,vehicle_local_position.z
transfer,normal,ekf2_innovation_bias__2018-12-25__08_44_40__baseline,30.420496,13.177011013031006,4.572563171386719,True,vehicle_local_position.ax
transfer,normal,ekf2_innovation_bias__2018-12-25__08_44_40__baseline,31.220496,11.999292373657227,4.572563171386719,True,vehicle_local_position.ax
transfer,normal,ekf2_innovation_bias__2018-12-25__08_44_40__baseline,32.020496,18.24737548828125,4.572563171386719,True,vehicle_local_position.ay
transfer,normal,ekf2_innovation_bias__2018-12-25__08_44_40__baseline,32.820496,18.24737548828125,4.572563171386719,True,vehicle_local_position.ay
transfer,normal,ekf2_innovation_bias__2018-12-25__08_44_40__baseline,33.620496,11.999292373657227,4.572563171386719,True,vehicle_local_position.ax
transfer,normal,ekf2_innovation_bias__2018-12-25__08_44_40__baseline,34.420496,17.857768535614014,4.572563171386719,True,vehicle_local_position.ax
transfer,normal,ekf2_innovation_bias__2018-12-25__08_44_40__baseline,35.220496000000004,17.857768535614014,4.572563171386719,True,vehicle_local_position.ax
transfer,normal,ekf2_innovation_bias__2018-12-25__08_44_40__baseline,36.020496,20.217082500457764,4.572563171386719,True,vehicle_local_position.ax
transfer,normal,ekf2_innovation_bias__2018-12-25__08_44_40__baseline,36.820496,12.881019115447998,4.572563171386719,True,vehicle_local_position.ay
transfer,normal,ekf2_innovation_bias__2018-12-25__08_44_40__baseline,37.620496,12.881019115447998,4.572563171386719,True,vehicle_local_position.ay
transfer,normal,ekf2_innovation_bias__2018-12-25__08_44_40__baseline,38.420496,20.00168800354004,4.572563171386719,True,vehicle_local_position.az
transfer,normal,ekf2_innovation_bias__2018-12-25__08_44_40__baseline,39.220496000000004,11.949901580810547,4.572563171386719,True,vehicle_local_position.ax
transfer,normal,ekf2_innovation_bias__2018-12-25__08_44_40__baseline,40.020496,11.949901580810547,4.572563171386719,True,vehicle_local_position.ax
transfer,normal,ekf2_innovation_bias__2018-12-25__08_44_40__baseline,40.820496,11.949901580810547,4.572563171386719,True,vehicle_local_position.ax
transfer,normal,ekf2_innovation_bias__2018-12-25__08_44_40__baseline,41.620496,11.949901580810547,4.572563171386719,True,vehicle_local_position.ax
transfer,normal,ekf2_innovation_bias__2018-12-25__08_44_40__baseline,42.420496,20.76103687286377,4.572563171386719,True,vehicle_local_position.az
transfer,normal,ekf2_innovation_bias__2018-12-25__08_44_40__baseline,43.220496000000004,24.02217149734497,4.572563171386719,True,vehicle_local_position.ay
transfer,normal,ekf2_innovation_bias__2018-12-25__08_44_40__baseline,44.020496,18.589332103729248,4.572563171386719,True,vehicle_local_position.az
transfer,normal,ekf2_innovation_bias__2018-12-25__08_44_40__baseline,44.820496,19.827674627304077,4.572563171386719,True,vehicle_local_position.ax
transfer,normal,ekf2_innovation_bias__2018-12-25__08_44_40__baseline,45.620496,19.827674627304077,4.572563171386719,True,vehicle_local_position.ax
transfer,normal,ekf2_innovation_bias__2018-12-25__08_44_40__baseline,46.420496,10.700020790100098,4.572563171386719,True,vehicle_local_position.ay
transfer,normal,ekf2_innovation_bias__2018-12-25__08_44_40__baseline,47.220496000000004,9.973688125610352,4.572563171386719,True,vehicle_local_position.ax
transfer,normal,ekf2_innovation_bias__2018-12-25__08_44_40__baseline,48.020496,9.973688125610352,4.572563171386719,True,vehicle_local_position.ax
transfer,normal,ekf2_innovation_bias__2018-12-25__08_44_40__baseline,48.820496,9.973688125610352,4.572563171386719,True,vehicle_local_position.ax
transfer,normal,ekf2_innovation_bias__2018-12-25__08_44_40__baseline,49.620496,11.37832760810852,4.572563171386719,True,vehicle_local_position.az
transfer,normal,ekf2_innovation_bias__2018-12-25__08_44_40__baseline,50.420496,11.37832760810852,4.572563171386719,True,vehicle_local_position.az
transfer,normal,ekf2_innovation_bias__2018-12-25__08_44_40__baseline,51.220496000000004,34.73524570465088,4.572563171386719,True,vehicle_local_position.ay
transfer,normal,ekf2_innovation_bias__2018-12-25__08_44_40__baseline,52.020496,32.67933368682861,4.572563171386719,True,vehicle_local_position.ay
transfer,normal,ekf2_innovation_bias__2018-12-25__08_44_40__baseline,52.820496,13.447141647338867,4.572563171386719,True,vehicle_local_position.ay
transfer,normal,ekf2_innovation_bias__2018-12-25__08_44_40__baseline,53.620496,13.447141647338867,4.572563171386719,True,vehicle_local_position.ay
transfer,normal,ekf2_innovation_bias__2018-12-25__08_44_40__baseline,54.420496,13.594145774841309,4.572563171386719,True,vehicle_local_position.az
transfer,normal,ekf2_innovation_bias__2018-12-25__08_44_40__baseline,55.220496000000004,29.88110065460205,4.572563171386719,True,vehicle_local_position.ay
transfer,normal,ekf2_innovation_bias__2018-12-25__08_44_40__baseline,56.020496,29.88110065460205,4.572563171386719,True,vehicle_local_position.ay
transfer,normal,ekf2_innovation_bias__2018-12-25__08_44_40__baseline,56.820496,29.88110065460205,4.572563171386719,True,vehicle_local_position.ay
transfer,normal,ekf2_innovation_bias__2018-12-25__08_44_40__baseline,57.620496,28.443710803985596,4.572563171386719,True,vehicle_local_position.ay
transfer,normal,ekf2_innovation_bias__2018-12-25__08_44_40__baseline,58.420496,22.569847106933594,4.572563171386719,True,vehicle_local_position.ay
transfer,normal,ekf2_innovation_bias__2018-12-25__08_44_40__baseline,59.220496000000004,22.569847106933594,4.572563171386719,True,vehicle_local_position.ay
transfer,normal,ekf2_innovation_bias__2018-12-25__08_44_40__baseline,60.020496,22.569847106933594,4.572563171386719,True,vehicle_local_position.ay
transfer,normal,ekf2_innovation_bias__2018-12-25__08_44_40__baseline,60.820496,44.91757392883301,4.572563171386719,True,vehicle_local_position.ay
transfer,normal,ekf2_innovation_bias__2018-12-25__08_44_40__baseline,61.620496,25.20573616027832,4.572563171386719,True,vehicle_local_position.ay
transfer,normal,ekf2_innovation_bias__2018-12-25__08_44_40__baseline,62.420496,25.20573616027832,4.572563171386719,True,vehicle_local_position.ay
transfer,normal,ekf2_innovation_bias__2018-12-25__08_44_40__baseline,63.220496000000004,22.365384101867676,4.572563171386719,True,vehicle_local_position.ay
transfer,normal,ekf2_innovation_bias__2018-12-25__08_44_40__baseline,64.020496,22.365384101867676,4.572563171386719,True,vehicle_local_position.ay
transfer,normal,ekf2_innovation_bias__2018-12-25__08_44_40__baseline,64.82049599999999,22.365384101867676,4.572563171386719,True,vehicle_local_position.ay
transfer,normal,ekf2_innovation_bias__2018-12-25__08_44_40__baseline,65.62049599999999,22.724194526672363,4.572563171386719,True,vehicle_local_position.ay
transfer,normal,ekf2_innovation_bias__2018-12-25__08_44_40__baseline,66.420496,22.724194526672363,4.572563171386719,True,vehicle_local_position.ay
transfer,normal,ekf2_innovation_bias__2018-12-25__08_44_40__baseline,67.220496,24.29738998413086,4.572563171386719,True,vehicle_local_position.ay
transfer,normal,ekf2_innovation_bias__2018-12-25__08_44_40__baseline,68.020496,31.71449899673462,4.572563171386719,True,vehicle_local_position.ay
transfer,normal,ekf2_innovation_bias__2018-12-25__08_44_40__baseline,68.82049599999999,27.33424186706543,4.572563171386719,True,vehicle_local_position.ay
transfer,normal,ekf2_innovation_bias__2018-12-25__08_44_40__baseline,69.62049599999999,15.196523666381836,4.572563171386719,True,vehicle_local_position.ay
transfer,normal,ekf2_innovation_bias__2018-12-25__08_44_40__baseline,70.420496,15.196523666381836,4.572563171386719,True,vehicle_local_position.ay
transfer,normal,ekf2_innovation_bias__2018-12-25__08_44_40__baseline,71.220496,15.196523666381836,4.572563171386719,True,vehicle_local_position.ay
transfer,normal,ekf2_innovation_bias__2018-12-25__08_44_40__baseline,72.020496,15.196523666381836,4.572563171386719,True,vehicle_local_position.ay
transfer,normal,ekf2_innovation_bias__2018-12-25__08_44_40__baseline,72.82049599999999,15.196523666381836,4.572563171386719,True,vehicle_local_position.ay
transfer,normal,ekf2_innovation_bias__2018-12-25__08_44_40__baseline,73.62049599999999,16.899924278259277,4.572563171386719,True,vehicle_local_position.az
transfer,normal,ekf2_innovation_bias__2018-12-25__08_44_40__baseline,74.420496,16.899924278259277,4.572563171386719,True,vehicle_local_position.az
transfer,normal,ekf2_innovation_bias__2018-12-25__08_44_40__baseline,75.220496,5.738239288330078,4.572563171386719,True,vehicle_local_position.ax
transfer,normal,ekf2_innovation_bias__2018-12-25__08_44_40__baseline,76.020496,5.738239288330078,4.572563171386719,True,vehicle_local_position.ax
transfer,normal,ekf2_innovation_bias__2018-12-25__08_44_40__baseline,76.82049599999999,5.738239288330078,4.572563171386719,True,vehicle_local_position.ax
transfer,normal,ekf2_innovation_bias__2018-12-25__08_44_40__baseline,77.62049599999999,5.738239288330078,4.572563171386719,True,vehicle_local_position.ax
transfer,normal,ekf2_innovation_bias__2018-12-25__08_44_40__baseline,78.420496,5.738239288330078,4.572563171386719,True,vehicle_local_position.ax
transfer,normal,ekf2_innovation_bias__2018-12-25__08_44_40__baseline,79.220496,5.738239288330078,4.572563171386719,True,vehicle_local_position.ax
transfer,normal,ekf2_innovation_bias__2018-12-25__08_44_40__baseline,80.020496,5.738239288330078,4.572563171386719,True,vehicle_local_position.ax
transfer,normal,ekf2_innovation_bias__2018-12-25__08_44_40__baseline,80.82049599999999,5.738239288330078,4.572563171386719,True,vehicle_local_position.ax
transfer,normal,ekf2_innovation_bias__2018-12-25__08_44_40__baseline,81.62049599999999,5.738239288330078,4.572563171386719,True,vehicle_local_position.ax
transfer,normal,ekf2_innovation_bias__2018-12-25__08_44_40__baseline,82.420496,8.643465042114258,4.572563171386719,True,vehicle_local_position.ay
transfer,normal,ekf2_innovation_bias__2018-12-25__08_44_40__baseline,83.220496,26.39841079711914,4.572563171386719,True,vehicle_local_position.ay
transfer,normal,ekf2_innovation_bias__2018-12-25__08_44_40__baseline,84.020496,26.39841079711914,4.572563171386719,True,vehicle_local_position.ay
transfer,normal,ekf2_innovation_bias__2018-12-25__08_44_40__baseline,84.82049599999999,26.39841079711914,4.572563171386719,True,vehicle_local_position.ay
transfer,normal,ekf2_innovation_bias__2018-12-25__08_44_40__baseline,85.62049599999999,26.39841079711914,4.572563171386719,True,vehicle_local_position.ay
transfer,normal,ekf2_innovation_bias__2018-12-25__08_44_40__baseline,86.420496,26.39841079711914,4.572563171386719,True,vehicle_local_position.ay
transfer,normal,ekf2_innovation_bias__2018-12-25__08_44_40__baseline,87.220496,26.39841079711914,4.572563171386719,True,vehicle_local_position.ay
transfer,normal,ekf2_innovation_bias__2018-12-25__08_44_40__baseline,88.020496,26.39841079711914,4.572563171386719,True,vehicle_local_position.ay
transfer,normal,ekf2_innovation_bias__2018-12-25__08_44_40__baseline,88.82049599999999,26.39841079711914,4.572563171386719,True,vehicle_local_position.ay
transfer,normal,ekf2_innovation_bias__2018-12-25__08_44_40__baseline,89.62049599999999,26.39841079711914,4.572563171386719,True,vehicle_local_position.ay
transfer,normal,ekf2_innovation_bias__2018-12-25__08_44_40__baseline,90.420496,26.39841079711914,4.572563171386719,True,vehicle_local_position.ay
transfer,normal,ekf2_innovation_bias__2018-12-25__08_44_40__baseline,91.220496,9.77820873260498,4.572563171386719,True,vehicle_local_position.az
transfer,normal,ekf2_innovation_bias__2018-12-25__08_44_40__baseline,92.020496,9.77820873260498,4.572563171386719,True,vehicle_local_position.az
transfer,normal,ekf2_innovation_bias__2018-12-25__08_44_40__baseline,92.82049599999999,4.079785346984863,4.572563171386719,False,vehicle_local_position.az
transfer,normal,ekf2_innovation_bias__2018-12-25__08_44_40__baseline,93.62049599999999,4.789819717407227,4.572563171386719,True,vehicle_local_position.ay
transfer,normal,ekf2_innovation_bias__2018-12-25__08_44_40__baseline,94.420496,4.789819717407227,4.572563171386719,True,vehicle_local_position.ay
transfer,normal,ekf2_innovation_bias__2018-12-25__08_44_40__baseline,95.220496,6.536848545074463,4.572563171386719,True,vehicle_local_position.z
transfer,normal,ekf2_innovation_bias__2018-12-25__08_44_40__baseline,96.020496,13.266897201538086,4.572563171386719,True,vehicle_local_position.az
transfer,normal,ekf2_innovation_bias__2018-12-25__08_44_40__baseline,96.82049599999999,13.266897201538086,4.572563171386719,True,vehicle_local_position.az
transfer,normal,ekf2_innovation_bias__2018-12-25__08_44_40__baseline,97.62049599999999,13.266897201538086,4.572563171386719,True,vehicle_local_position.az
transfer,normal,ekf2_innovation_bias__2018-12-25__08_44_40__baseline,98.420496,13.266897201538086,4.572563171386719,True,vehicle_local_position.az
transfer,normal,ekf2_innovation_bias__2018-12-25__08_44_40__baseline,99.220496,13.266897201538086,4.572563171386719,True,vehicle_local_position.az
transfer,normal,ekf2_innovation_bias__2018-12-25__08_44_40__baseline,100.020496,13.266897201538086,4.572563171386719,True,vehicle_local_position.az
transfer,normal,ekf2_innovation_bias__2018-12-25__08_44_40__baseline,100.82049599999999,13.266897201538086,4.572563171386719,True,vehicle_local_position.az
transfer,normal,ekf2_innovation_bias__2018-12-25__08_44_40__baseline,101.62049599999999,13.266897201538086,4.572563171386719,True,vehicle_local_position.az
transfer,normal,ekf2_innovation_bias__2018-12-25__08_44_40__baseline,102.420496,13.266897201538086,4.572563171386719,True,vehicle_local_position.az
transfer,normal,ekf2_innovation_bias__2018-12-25__08_44_40__baseline,103.220496,13.266897201538086,4.572563171386719,True,vehicle_local_position.az
transfer,normal,ekf2_innovation_bias__2018-12-25__08_44_40__baseline,104.020496,7.607386112213135,4.572563171386719,True,vehicle_local_position.az
transfer,normal,ekf2_innovation_bias__2018-12-25__08_44_40__baseline,104.82049599999999,7.607386112213135,4.572563171386719,True,vehicle_local_position.az
transfer,normal,ekf2_innovation_bias__2018-12-25__08_44_40__baseline,105.62049599999999,10.60018539428711,4.572563171386719,True,vehicle_local_position.ax
transfer,normal,ekf2_innovation_bias__2018-12-25__08_44_40__baseline,106.420496,10.60018539428711,4.572563171386719,True,vehicle_local_position.ax
transfer,normal,ekf2_innovation_bias__2018-12-25__08_44_40__baseline,107.220496,8.806438446044922,4.572563171386719,True,vehicle_local_position.az
transfer,normal,ekf2_innovation_bias__2018-12-25__08_44_40__baseline,108.020496,5.504064559936523,4.572563171386719,True,vehicle_local_position.ay
transfer,normal,ekf2_innovation_bias__2018-12-25__08_44_40__baseline,108.82049599999999,5.504064559936523,4.572563171386719,True,vehicle_local_position.ay
transfer,normal,ekf2_innovation_bias__2018-12-25__08_44_40__baseline,109.62049599999999,5.2010345458984375,4.572563171386719,True,vehicle_local_position.ay
transfer,normal,ekf2_innovation_bias__2018-12-25__08_44_40__baseline,110.420496,6.034088134765625,4.572563171386719,True,vehicle_local_position.az
transfer,normal,ekf2_innovation_bias__2018-12-25__08_44_40__baseline,111.220496,6.034088134765625,4.572563171386719,True,vehicle_local_position.az
transfer,normal,ekf2_innovation_bias__2018-12-25__08_44_40__baseline,112.020496,7.5273895263671875,4.572563171386719,True,vehicle_local_position.ax
transfer,normal,ekf2_innovation_bias__2018-12-25__08_44_40__baseline,112.82049599999999,7.5273895263671875,4.572563171386719,True,vehicle_local_position.ax
transfer,normal,ekf2_innovation_bias__2018-12-25__08_44_40__baseline,113.62049599999999,7.5273895263671875,4.572563171386719,True,vehicle_local_position.ax
transfer,normal,ekf2_innovation_bias__2018-12-25__08_44_40__baseline,114.420496,7.5273895263671875,4.572563171386719,True,vehicle_local_position.ax
transfer,normal,ekf2_innovation_bias__2018-12-25__08_44_40__baseline,115.220496,7.5273895263671875,4.572563171386719,True,vehicle_local_position.ax
transfer,normal,ekf2_innovation_bias__2018-12-25__08_44_40__baseline,116.020496,16.608080863952637,4.572563171386719,True,vehicle_local_position.ax
transfer,normal,ekf2_innovation_bias__2018-12-25__08_44_40__baseline,116.82049599999999,16.608080863952637,4.572563171386719,True,vehicle_local_position.ax
transfer,normal,ekf2_innovation_bias__2018-12-25__08_44_40__baseline,117.62049599999999,16.608080863952637,4.572563171386719,True,vehicle_local_position.ax
transfer,normal,ekf2_innovation_bias__2018-12-25__08_44_40__baseline,118.420496,16.608080863952637,4.572563171386719,True,vehicle_local_position.ax
transfer,normal,ekf2_innovation_bias__2018-12-25__08_44_40__baseline,119.220496,16.608080863952637,4.572563171386719,True,vehicle_local_position.ax
transfer,normal,ekf2_innovation_bias__2018-12-25__08_44_40__baseline,120.020496,16.608080863952637,4.572563171386719,True,vehicle_local_position.ax
transfer,normal,ekf2_innovation_bias__2018-12-25__08_44_40__baseline,120.82049599999999,16.608080863952637,4.572563171386719,True,vehicle_local_position.ax
transfer,normal,ekf2_innovation_bias__2018-12-25__08_44_40__baseline,121.62049599999999,6.799874305725098,4.572563171386719,True,vehicle_local_position.ay
transfer,normal,ekf2_innovation_bias__2018-12-25__08_44_40__baseline,122.420496,6.799874305725098,4.572563171386719,True,vehicle_local_position.ay
transfer,normal,ekf2_innovation_bias__2018-12-25__08_44_40__baseline,123.220496,5.787705183029175,4.572563171386719,True,vehicle_local_position.ax
transfer,normal,ekf2_innovation_bias__2018-12-25__08_44_40__baseline,124.020496,7.376217842102051,4.572563171386719,True,vehicle_local_position.ax
transfer,normal,ekf2_innovation_bias__2018-12-25__08_44_40__baseline,124.82049599999999,5.663716793060303,4.572563171386719,True,vehicle_local_position.ax
transfer,normal,ekf2_innovation_bias__2018-12-25__08_44_40__baseline,125.62049599999999,5.663716793060303,4.572563171386719,True,vehicle_local_position.ax
transfer,normal,ekf2_innovation_bias__2018-12-25__08_44_40__baseline,126.420496,5.663716793060303,4.572563171386719,True,vehicle_local_position.ax
transfer,normal,ekf2_innovation_bias__2018-12-25__08_44_40__baseline,127.220496,5.838777422904968,4.572563171386719,True,vehicle_local_position.ax
transfer,normal,ekf2_innovation_bias__2018-12-25__08_44_40__baseline,128.020496,7.669677734375,4.572563171386719,True,vehicle_local_position.ay
transfer,normal,ekf2_innovation_bias__2018-12-25__08_44_40__baseline,128.82049600000002,7.669677734375,4.572563171386719,True,vehicle_local_position.ay
transfer,normal,ekf2_innovation_bias__2018-12-25__08_44_40__baseline,129.620496,7.669677734375,4.572563171386719,True,vehicle_local_position.ay
transfer,normal,ekf2_innovation_bias__2018-12-25__08_44_40__baseline,130.420496,6.723315715789795,4.572563171386719,True,vehicle_local_position.ay
transfer,normal,ekf2_innovation_bias__2018-12-25__08_44_40__baseline,131.220496,6.723315715789795,4.572563171386719,True,vehicle_local_position.ay
transfer,normal,ekf2_innovation_bias__2018-12-25__08_44_40__baseline,132.020496,6.723315715789795,4.572563171386719,True,vehicle_local_position.ay
transfer,normal,ekf2_innovation_bias__2018-12-25__08_44_40__baseline,132.82049600000002,6.723315715789795,4.572563171386719,True,vehicle_local_position.ay
transfer,normal,ekf2_innovation_bias__2018-12-25__08_44_40__baseline,133.620496,6.723315715789795,4.572563171386719,True,vehicle_local_position.ay
transfer,normal,ekf2_innovation_bias__2018-12-25__08_44_40__baseline,134.420496,6.723315715789795,4.572563171386719,True,vehicle_local_position.ay
transfer,normal,ekf2_innovation_bias__2018-12-25__08_44_40__baseline,135.220496,10.703897476196289,4.572563171386719,True,vehicle_local_position.ay
transfer,normal,ekf2_innovation_bias__2018-12-25__08_44_40__baseline,136.020496,10.703897476196289,4.572563171386719,True,vehicle_local_position.ay
transfer,normal,ekf2_innovation_bias__2018-12-25__08_44_40__baseline,136.82049600000002,10.703897476196289,4.572563171386719,True,vehicle_local_position.ay
transfer,normal,ekf2_innovation_bias__2018-12-25__08_44_40__baseline,137.620496,10.703897476196289,4.572563171386719,True,vehicle_local_position.ay
transfer,normal,ekf2_innovation_bias__2018-12-25__08_44_40__baseline,138.420496,42.23858833312988,4.572563171386719,True,vehicle_local_position.ax
transfer,normal,ekf2_innovation_bias__2018-12-25__08_44_40__baseline,139.220496,157.9737663269043,4.572563171386719,True,vehicle_local_position.ax
transfer,normal,ekf2_innovation_bias__2018-12-25__08_44_40__baseline,140.020496,157.9737663269043,4.572563171386719,True,vehicle_local_position.ax
transfer,normal,inav_local_z_freeze__2018-12-19__07_49_17__baseline,9.62951,0.0,4.572563171386719,False,actuator_controls_0.control[0]
transfer,normal,inav_local_z_freeze__2018-12-19__07_49_17__baseline,10.42951,0.0,4.572563171386719,False,actuator_controls_0.control[0]
transfer,normal,inav_local_z_freeze__2018-12-19__07_49_17__baseline,11.22951,0.0,4.572563171386719,False,actuator_controls_0.control[0]
transfer,normal,inav_local_z_freeze__2018-12-19__07_49_17__baseline,12.02951,0.0,4.572563171386719,False,actuator_controls_0.control[0]
transfer,normal,inav_local_z_freeze__2018-12-19__07_49_17__baseline,12.82951,0.0,4.572563171386719,False,actuator_controls_0.control[0]
transfer,normal,inav_local_z_freeze__2018-12-19__07_49_17__baseline,13.62951,0.0,4.572563171386719,False,actuator_controls_0.control[0]
transfer,normal,inav_local_z_freeze__2018-12-19__07_49_17__baseline,14.42951,3.4494876861572266,4.572563171386719,False,vehicle_attitude_setpoint.pitch_body
transfer,normal,inav_local_z_freeze__2018-12-19__07_49_17__baseline,15.22951,3.4494876861572266,4.572563171386719,False,vehicle_attitude_setpoint.pitch_body
transfer,normal,inav_local_z_freeze__2018-12-19__07_49_17__baseline,16.02951,3.4494876861572266,4.572563171386719,False,vehicle_attitude_setpoint.pitch_body
transfer,normal,inav_local_z_freeze__2018-12-19__07_49_17__baseline,16.82951,3.4494876861572266,4.572563171386719,False,vehicle_attitude_setpoint.pitch_body
transfer,normal,inav_local_z_freeze__2018-12-19__07_49_17__baseline,17.62951,3.4494876861572266,4.572563171386719,False,vehicle_attitude_setpoint.pitch_body
transfer,normal,inav_local_z_freeze__2018-12-19__07_49_17__baseline,18.429509999999997,3.4494876861572266,4.572563171386719,False,vehicle_attitude_setpoint.pitch_body
transfer,normal,inav_local_z_freeze__2018-12-19__07_49_17__baseline,19.229509999999998,3.4494876861572266,4.572563171386719,False,vehicle_attitude_setpoint.pitch_body
transfer,normal,inav_local_z_freeze__2018-12-19__07_49_17__baseline,20.02951,3.4494876861572266,4.572563171386719,False,vehicle_attitude_setpoint.pitch_body
transfer,normal,inav_local_z_freeze__2018-12-19__07_49_17__baseline,20.82951,3.193025588989258,4.572563171386719,False,vehicle_attitude_setpoint.roll_body
transfer,normal,inav_local_z_freeze__2018-12-19__07_49_17__baseline,21.62951,3.193025588989258,4.572563171386719,False,vehicle_attitude_setpoint.roll_body
transfer,normal,inav_local_z_freeze__2018-12-19__07_49_17__baseline,22.429509999999997,3.193025588989258,4.572563171386719,False,vehicle_attitude_setpoint.roll_body
transfer,normal,inav_local_z_freeze__2018-12-19__07_49_17__baseline,23.229509999999998,3.193025588989258,4.572563171386719,False,vehicle_attitude_setpoint.roll_body
transfer,normal,inav_local_z_freeze__2018-12-19__07_49_17__baseline,24.02951,3.193025588989258,4.572563171386719,False,vehicle_attitude_setpoint.roll_body
transfer,normal,inav_local_z_freeze__2018-12-19__07_49_17__baseline,24.82951,3.193025588989258,4.572563171386719,False,vehicle_attitude_setpoint.roll_body
transfer,normal,inav_local_z_freeze__2018-12-19__07_49_17__baseline,25.62951,0.9207582473754883,4.572563171386719,False,vehicle_attitude_setpoint.roll_body
transfer,normal,inav_local_z_freeze__2018-12-19__07_49_17__baseline,26.429509999999997,0.8243824541568756,4.572563171386719,False,vehicle_attitude_setpoint.roll_body
transfer,normal,inav_local_z_freeze__2018-12-19__07_49_17__baseline,27.229509999999998,0.8243824541568756,4.572563171386719,False,vehicle_attitude_setpoint.roll_body
transfer,normal,inav_local_z_freeze__2018-12-19__07_49_17__baseline,28.02951,0.8243824541568756,4.572563171386719,False,vehicle_attitude_setpoint.roll_body
transfer,normal,inav_local_z_freeze__2018-12-19__07_49_17__baseline,28.82951,0.9258794784545898,4.572563171386719,False,vehicle_attitude_setpoint.roll_body
transfer,normal,inav_local_z_freeze__2018-12-19__07_49_17__baseline,29.62951,1.2470483779907227,4.572563171386719,False,vehicle_attitude_setpoint.pitch_body
transfer,normal,inav_local_z_freeze__2018-12-19__07_49_17__baseline,30.429509999999997,1.0046839714050293,4.572563171386719,False,vehicle_attitude_setpoint.pitch_body
transfer,normal,inav_local_z_freeze__2018-12-19__07_49_17__baseline,31.229509999999998,5.025439262390137,4.572563171386719,True,vehicle_attitude_setpoint.roll_body
transfer,normal,inav_local_z_freeze__2018-12-19__07_49_17__baseline,32.02951,5.025439262390137,4.572563171386719,True,vehicle_attitude_setpoint.roll_body
transfer,normal,inav_local_z_freeze__2018-12-19__07_49_17__baseline,32.82951,5.025439262390137,4.572563171386719,True,vehicle_attitude_setpoint.roll_body
transfer,normal,inav_local_z_freeze__2018-12-19__07_49_17__baseline,33.62951,5.025439262390137,4.572563171386719,True,vehicle_attitude_setpoint.roll_body
transfer,normal,inav_local_z_freeze__2018-12-19__07_49_17__baseline,34.42951,5.025439262390137,4.572563171386719,True,vehicle_attitude_setpoint.roll_body
transfer,normal,inav_local_z_freeze__2018-12-19__07_49_17__baseline,35.229510000000005,5.025439262390137,4.572563171386719,True,vehicle_attitude_setpoint.roll_body
transfer,normal,inav_local_z_freeze__2018-12-19__07_49_17__baseline,36.02951,5.025439262390137,4.572563171386719,True,vehicle_attitude_setpoint.roll_body
transfer,normal,inav_local_z_freeze__2018-12-19__07_49_17__baseline,36.82951,5.025439262390137,4.572563171386719,True,vehicle_attitude_setpoint.roll_body
transfer,normal,inav_local_z_freeze__2018-12-19__07_49_17__baseline,37.62951,5.025439262390137,4.572563171386719,True,vehicle_attitude_setpoint.roll_body
transfer,normal,inav_local_z_freeze__2018-12-19__07_49_17__baseline,38.42951,5.025439262390137,4.572563171386719,True,vehicle_attitude_setpoint.roll_body
transfer,normal,inav_local_z_freeze__2018-12-19__07_49_17__baseline,39.229510000000005,2.5899553298950195,4.572563171386719,False,vehicle_attitude_setpoint.roll_body
transfer,normal,inav_local_z_freeze__2018-12-19__07_49_17__baseline,40.02951,1.0046839714050293,4.572563171386719,False,vehicle_attitude_setpoint.pitch_body
transfer,normal,inav_local_z_freeze__2018-12-19__07_49_17__baseline,40.82951,2.2757649421691895,4.572563171386719,False,vehicle_attitude_setpoint.pitch_body
transfer,normal,inav_local_z_freeze__2018-12-19__07_49_17__baseline,41.62951,3.754129409790039,4.572563171386719,False,vehicle_attitude_setpoint.pitch_body
transfer,normal,inav_local_z_freeze__2018-12-19__07_49_17__baseline,42.42951,5.074398517608643,4.572563171386719,True,vehicle_attitude_setpoint.pitch_body
transfer,normal,inav_local_z_freeze__2018-12-19__07_49_17__baseline,43.229510000000005,5.074398517608643,4.572563171386719,True,vehicle_attitude_setpoint.pitch_body
transfer,normal,inav_local_z_freeze__2018-12-19__07_49_17__baseline,44.02951,5.074398517608643,4.572563171386719,True,vehicle_attitude_setpoint.pitch_body
transfer,normal,inav_local_z_freeze__2018-12-19__07_49_17__baseline,44.82951,5.074398517608643,4.572563171386719,True,vehicle_attitude_setpoint.pitch_body
transfer,normal,inav_local_z_freeze__2018-12-19__07_49_17__baseline,45.62951,5.074398517608643,4.572563171386719,True,vehicle_attitude_setpoint.pitch_body
transfer,normal,inav_local_z_freeze__2018-12-19__07_49_17__baseline,46.42951,5.074398517608643,4.572563171386719,True,vehicle_attitude_setpoint.pitch_body
transfer,normal,inav_local_z_freeze__2018-12-19__07_49_17__baseline,47.229510000000005,5.074398517608643,4.572563171386719,True,vehicle_attitude_setpoint.pitch_body
transfer,normal,inav_local_z_freeze__2018-12-19__07_49_17__baseline,48.02951,5.074398517608643,4.572563171386719,True,vehicle_attitude_setpoint.pitch_body
transfer,normal,inav_local_z_freeze__2018-12-19__07_49_17__baseline,48.82951,5.074398517608643,4.572563171386719,True,vehicle_attitude_setpoint.pitch_body
transfer,normal,inav_local_z_freeze__2018-12-19__07_49_17__baseline,49.62951,5.074398517608643,4.572563171386719,True,vehicle_attitude_setpoint.pitch_body
transfer,normal,inav_local_z_freeze__2018-12-19__07_49_17__baseline,50.42951,5.071854591369629,4.572563171386719,True,vehicle_attitude_setpoint.roll_body
transfer,normal,inav_local_z_freeze__2018-12-19__07_49_17__baseline,51.229510000000005,5.071854591369629,4.572563171386719,True,vehicle_attitude_setpoint.roll_body
transfer,normal,inav_local_z_freeze__2018-12-19__07_49_17__baseline,52.02951,5.071854591369629,4.572563171386719,True,vehicle_attitude_setpoint.roll_body
transfer,normal,inav_local_z_freeze__2018-12-19__07_49_17__baseline,52.82951,5.071854591369629,4.572563171386719,True,vehicle_attitude_setpoint.roll_body
transfer,normal,inav_local_z_freeze__2018-12-19__07_49_17__baseline,53.62951,5.071854591369629,4.572563171386719,True,vehicle_attitude_setpoint.roll_body
transfer,normal,inav_local_z_freeze__2018-12-19__07_49_17__baseline,54.42951,5.071854591369629,4.572563171386719,True,vehicle_attitude_setpoint.roll_body
transfer,normal,inav_local_z_freeze__2018-12-19__07_49_17__baseline,55.229510000000005,1.665269136428833,4.572563171386719,False,vehicle_attitude_setpoint.roll_body
transfer,normal,inav_local_z_freeze__2018-12-19__07_49_17__baseline,56.02951,1.665269136428833,4.572563171386719,False,vehicle_attitude_setpoint.roll_body
transfer,normal,inav_local_z_freeze__2018-12-19__07_49_17__baseline,56.82951,1.665269136428833,4.572563171386719,False,vehicle_attitude_setpoint.roll_body
transfer,normal,inav_local_z_freeze__2018-12-19__07_49_17__baseline,57.62951,14.23612117767334,4.572563171386719,True,vehicle_attitude_setpoint.roll_body
transfer,normal,inav_local_z_freeze__2018-12-19__07_49_17__baseline,58.42951,14.23612117767334,4.572563171386719,True,vehicle_attitude_setpoint.roll_body
transfer,normal,inav_local_z_freeze__2018-12-19__07_49_17__baseline,59.229510000000005,14.23612117767334,4.572563171386719,True,vehicle_attitude_setpoint.roll_body
transfer,normal,inav_local_z_freeze__2018-12-19__07_49_17__baseline,60.02951,14.23612117767334,4.572563171386719,True,vehicle_attitude_setpoint.roll_body
transfer,normal,inav_local_z_freeze__2018-12-19__07_49_17__baseline,60.82951,14.23612117767334,4.572563171386719,True,vehicle_attitude_setpoint.roll_body
transfer,normal,inav_local_z_freeze__2018-12-19__07_49_17__baseline,61.62951,14.23612117767334,4.572563171386719,True,vehicle_attitude_setpoint.roll_body
transfer,normal,inav_local_z_freeze__2018-12-19__07_49_17__baseline,62.42951,14.23612117767334,4.572563171386719,True,vehicle_attitude_setpoint.roll_body
transfer,normal,inav_local_z_freeze__2018-12-19__07_49_17__baseline,63.229510000000005,14.23612117767334,4.572563171386719,True,vehicle_attitude_setpoint.roll_body
transfer,normal,inav_local_z_freeze__2018-12-19__07_49_17__baseline,64.02951,14.23612117767334,4.572563171386719,True,vehicle_attitude_setpoint.roll_body
transfer,normal,inav_local_z_freeze__2018-12-19__07_49_17__baseline,64.82951,14.23612117767334,4.572563171386719,True,vehicle_attitude_setpoint.roll_body
transfer,normal,inav_local_z_freeze__2018-12-19__07_49_17__baseline,65.62951,2.972736358642578,4.572563171386719,False,vehicle_attitude_setpoint.roll_body
transfer,normal,inav_local_z_freeze__2018-12-19__07_49_17__baseline,66.42951000000001,1.032247543334961,4.572563171386719,False,vehicle_attitude_setpoint.roll_body
transfer,normal,inav_local_z_freeze__2018-12-19__07_49_17__baseline,67.22951,1.032247543334961,4.572563171386719,False,vehicle_attitude_setpoint.roll_body
transfer,normal,inav_local_z_freeze__2018-12-19__07_49_17__baseline,68.02951,1.1603736877441406,4.572563171386719,False,vehicle_attitude_setpoint.pitch_body
transfer,normal,inav_local_z_freeze__2018-12-19__07_49_17__baseline,68.82951,1.1603736877441406,4.572563171386719,False,vehicle_attitude_setpoint.pitch_body
transfer,normal,inav_local_z_freeze__2018-12-19__07_49_17__baseline,69.62951,1.1603736877441406,4.572563171386719,False,vehicle_attitude_setpoint.pitch_body
transfer,normal,inav_local_z_freeze__2018-12-19__07_49_17__baseline,70.42951000000001,1.1603736877441406,4.572563171386719,False,vehicle_attitude_setpoint.pitch_body
transfer,normal,inav_local_z_freeze__2018-12-19__07_49_17__baseline,71.22951,1.1603736877441406,4.572563171386719,False,vehicle_attitude_setpoint.pitch_body
transfer,normal,inav_local_z_freeze__2018-12-19__07_49_17__baseline,72.02951,1.1603736877441406,4.572563171386719,False,vehicle_attitude_setpoint.pitch_body
transfer,normal,inav_local_z_freeze__2018-12-19__07_49_17__baseline,72.82951,1.1603736877441406,4.572563171386719,False,vehicle_attitude_setpoint.pitch_body
transfer,normal,inav_local_z_freeze__2018-12-19__07_49_17__baseline,73.62951,1.1603736877441406,4.572563171386719,False,vehicle_attitude_setpoint.pitch_body
transfer,normal,inav_local_z_freeze__2018-12-19__07_49_17__baseline,74.42951000000001,1.1603736877441406,4.572563171386719,False,vehicle_attitude_setpoint.pitch_body
transfer,normal,inav_local_z_freeze__2018-12-19__07_49_17__baseline,75.22951,1.1603736877441406,4.572563171386719,False,vehicle_attitude_setpoint.pitch_body
transfer,normal,inav_local_z_freeze__2018-12-19__07_49_17__baseline,76.02951,3.2669734954833984,4.572563171386719,False,vehicle_attitude_setpoint.roll_body
transfer,normal,inav_local_z_freeze__2018-12-19__07_49_17__baseline,76.82951,3.346986770629883,4.572563171386719,False,vehicle_attitude_setpoint.pitch_body
transfer,normal,inav_local_z_freeze__2018-12-19__07_49_17__baseline,77.62951,3.346986770629883,4.572563171386719,False,vehicle_attitude_setpoint.pitch_body
transfer,normal,inav_local_z_freeze__2018-12-19__07_49_17__baseline,78.42951000000001,3.346986770629883,4.572563171386719,False,vehicle_attitude_setpoint.pitch_body
transfer,normal,inav_local_z_freeze__2018-12-19__07_49_17__baseline,79.22951,3.346986770629883,4.572563171386719,False,vehicle_attitude_setpoint.pitch_body
transfer,normal,inav_local_z_freeze__2018-12-19__07_49_17__baseline,80.02951,3.346986770629883,4.572563171386719,False,vehicle_attitude_setpoint.pitch_body
transfer,normal,inav_local_z_freeze__2018-12-19__07_49_17__baseline,80.82951,3.346986770629883,4.572563171386719,False,vehicle_attitude_setpoint.pitch_body
transfer,normal,inav_local_z_freeze__2018-12-19__07_49_17__baseline,81.62951,5.97553014755249,4.572563171386719,True,vehicle_attitude_setpoint.pitch_body
transfer,normal,inav_local_z_freeze__2018-12-19__07_49_17__baseline,82.42951000000001,5.97553014755249,4.572563171386719,True,vehicle_attitude_setpoint.pitch_body
transfer,normal,inav_local_z_freeze__2018-12-19__07_49_17__baseline,83.22951,5.97553014755249,4.572563171386719,True,vehicle_attitude_setpoint.pitch_body
transfer,normal,inav_local_z_freeze__2018-12-19__07_49_17__baseline,84.02951,5.97553014755249,4.572563171386719,True,vehicle_attitude_setpoint.pitch_body
transfer,normal,inav_local_z_freeze__2018-12-19__07_49_17__baseline,84.82951,5.97553014755249,4.572563171386719,True,vehicle_attitude_setpoint.pitch_body
transfer,normal,inav_local_z_freeze__2018-12-19__07_49_17__baseline,85.62951,5.97553014755249,4.572563171386719,True,vehicle_attitude_setpoint.pitch_body
transfer,normal,inav_local_z_freeze__2018-12-19__07_49_17__baseline,86.42951000000001,5.97553014755249,4.572563171386719,True,vehicle_attitude_setpoint.pitch_body
transfer,normal,inav_local_z_freeze__2018-12-20__07_47_50__baseline,9.620272,0.0,4.572563171386719,False,actuator_controls_0.control[0]
transfer,normal,inav_local_z_freeze__2018-12-20__07_47_50__baseline,10.420272,0.0,4.572563171386719,False,actuator_controls_0.control[0]
transfer,normal,inav_local_z_freeze__2018-12-20__07_47_50__baseline,11.220272,0.0,4.572563171386719,False,actuator_controls_0.control[0]
transfer,normal,inav_local_z_freeze__2018-12-20__07_47_50__baseline,12.020272,0.0,4.572563171386719,False,actuator_controls_0.control[0]
transfer,normal,inav_local_z_freeze__2018-12-20__07_47_50__baseline,12.820272000000001,0.0,4.572563171386719,False,actuator_controls_0.control[0]
transfer,normal,inav_local_z_freeze__2018-12-20__07_47_50__baseline,13.620272,0.0,4.572563171386719,False,actuator_controls_0.control[0]
transfer,normal,inav_local_z_freeze__2018-12-20__07_47_50__baseline,14.420272,0.0,4.572563171386719,False,actuator_controls_0.control[0]
transfer,normal,inav_local_z_freeze__2018-12-20__07_47_50__baseline,15.220272,0.09671617804155747,4.572563171386719,False,vehicle_local_position.vz
transfer,normal,inav_local_z_freeze__2018-12-20__07_47_50__baseline,16.020272,0.05523814308625745,4.572563171386719,False,vehicle_local_position.vz
transfer,normal,inav_local_z_freeze__2018-12-20__07_47_50__baseline,16.820272,0.05523814308625745,4.572563171386719,False,vehicle_local_position.vz
transfer,normal,inav_local_z_freeze__2018-12-20__07_47_50__baseline,17.620272,0.05523814308625745,4.572563171386719,False,vehicle_local_position.vz
transfer,normal,inav_local_z_freeze__2018-12-20__07_47_50__baseline,18.420271999999997,0.06357882437400042,4.572563171386719,False,vehicle_local_position.vz
transfer,normal,inav_local_z_freeze__2018-12-20__07_47_50__baseline,19.220271999999998,0.06357882437400042,4.572563171386719,False,vehicle_local_position.vz
transfer,normal,inav_local_z_freeze__2018-12-20__07_47_50__baseline,20.020272,0.06357882437400042,4.572563171386719,False,vehicle_local_position.vz
transfer,normal,inav_local_z_freeze__2018-12-20__07_47_50__baseline,20.820272,0.05217945454059536,4.572563171386719,False,vehicle_local_position.vz
transfer,normal,inav_local_z_freeze__2018-12-20__07_47_50__baseline,21.620272,0.05217945454059536,4.572563171386719,False,vehicle_local_position.vz
transfer,normal,inav_local_z_freeze__2018-12-20__07_47_50__baseline,22.420271999999997,0.034196552886612816,4.572563171386719,False,vehicle_local_position.vz
transfer,normal,inav_local_z_freeze__2018-12-20__07_47_50__baseline,23.220271999999998,0.034196552886612816,4.572563171386719,False,vehicle_local_position.vz
transfer,normal,inav_local_z_freeze__2018-12-20__07_47_50__baseline,24.020272,0.034196552886612816,4.572563171386719,False,vehicle_local_position.vz
transfer,normal,inav_local_z_freeze__2018-12-20__07_47_50__baseline,24.820272,0.03266761766627898,4.572563171386719,False,vehicle_local_position.vz
transfer,normal,inav_local_z_freeze__2018-12-20__07_47_50__baseline,25.620272,0.032416538595966986,4.572563171386719,False,vehicle_local_position.vz
transfer,normal,inav_local_z_freeze__2018-12-20__07_47_50__baseline,26.420271999999997,0.032416538595966986,4.572563171386719,False,vehicle_local_position.vz
transfer,normal,inav_local_z_freeze__2018-12-20__07_47_50__baseline,27.220271999999998,0.030216728131209198,4.572563171386719,False,vehicle_local_position.vz
transfer,normal,inav_local_z_freeze__2018-12-20__07_47_50__baseline,28.020272,0.030216728131209198,4.572563171386719,False,vehicle_local_position.vz
transfer,normal,inav_local_z_freeze__2018-12-20__07_47_50__baseline,28.820272,0.030216728131209198,4.572563171386719,False,vehicle_local_position.vz
transfer,normal,inav_local_z_freeze__2018-12-20__07_47_50__baseline,29.620272,0.02357487809050017,4.572563171386719,False,vehicle_local_position.vz
transfer,normal,inav_local_z_freeze__2018-12-20__07_47_50__baseline,30.420271999999997,0.04332451379490461,4.572563171386719,False,vehicle_local_position.vy
transfer,normal,inav_local_z_freeze__2018-12-20__07_47_50__baseline,31.220271999999998,0.04332451379490461,4.572563171386719,False,vehicle_local_position.vy
transfer,normal,inav_local_z_freeze__2018-12-20__07_47_50__baseline,32.020272,0.04332451379490461,4.572563171386719,False,vehicle_local_position.vy
transfer,normal,inav_local_z_freeze__2018-12-20__07_47_50__baseline,32.820271999999996,0.050574729832649525,4.572563171386719,False,vehicle_local_position.vy
transfer,normal,inav_local_z_freeze__2018-12-20__07_47_50__baseline,33.620272,0.050574729832649525,4.572563171386719,False,vehicle_local_position.vy
transfer,normal,inav_local_z_freeze__2018-12-20__07_47_50__baseline,34.420272,0.05319655749594896,4.572563171386719,False,vehicle_local_position.vy
transfer,normal,inav_local_z_freeze__2018-12-20__07_47_50__baseline,35.220272,0.04726980630840897,4.572563171386719,False,vehicle_local_position.vy
transfer,normal,inav_local_z_freeze__2018-12-20__07_47_50__baseline,36.020272,0.04726980630840897,4.572563171386719,False,vehicle_local_position.vy
transfer,normal,inav_local_z_freeze__2018-12-20__07_47_50__baseline,36.820271999999996,0.040919525005367566,4.572563171386719,False,vehicle_local_position.vy
transfer,normal,inav_local_z_freeze__2018-12-20__07_47_50__baseline,37.620272,0.041399461068165506,4.572563171386719,False,vehicle_local_position.vz
transfer,normal,inav_local_z_freeze__2018-12-20__07_47_50__baseline,38.420272,0.041399461068165506,4.572563171386719,False,vehicle_local_position.vz
transfer,normal,inav_local_z_freeze__2018-12-20__07_47_50__baseline,39.220272,0.041399461068165506,4.572563171386719,False,vehicle_local_position.vz
transfer,normal,inav_local_z_freeze__2018-12-20__07_47_50__baseline,40.020272,0.056857248844464546,4.572563171386719,False,vehicle_local_position.vz
transfer,normal,inav_local_z_freeze__2018-12-20__07_47_50__baseline,40.820271999999996,0.056857248844464546,4.572563171386719,False,vehicle_local_position.vz
transfer,normal,inav_local_z_freeze__2018-12-20__07_47_50__baseline,41.620272,0.047153174433975015,4.572563171386719,False,vehicle_local_position.vz
transfer,normal,inav_local_z_freeze__2018-12-20__07_47_50__baseline,42.420272,0.047153174433975015,4.572563171386719,False,vehicle_local_position.vz
transfer,normal,inav_local_z_freeze__2018-12-20__07_47_50__baseline,43.220272,0.047153174433975015,4.572563171386719,False,vehicle_local_position.vz
transfer,normal,inav_local_z_freeze__2018-12-20__07_47_50__baseline,44.020272,0.047153174433975015,4.572563171386719,False,vehicle_local_position.vz
transfer,normal,inav_local_z_freeze__2018-12-20__07_47_50__baseline,44.820271999999996,0.047153174433975015,4.572563171386719,False,vehicle_local_position.vz
transfer,normal,inav_local_z_freeze__2018-12-20__07_47_50__baseline,45.620272,0.028789417163973943,4.572563171386719,False,vehicle_local_position.vz
transfer,normal,inav_local_z_freeze__2018-12-20__07_47_50__baseline,46.420272,0.028789417163973943,4.572563171386719,False,vehicle_local_position.vz
transfer,normal,inav_local_z_freeze__2018-12-20__07_47_50__baseline,47.220272,0.028789417163973943,4.572563171386719,False,vehicle_local_position.vz
transfer,normal,inav_local_z_freeze__2018-12-20__07_47_50__baseline,48.020272,0.03326791475857949,4.572563171386719,False,vehicle_local_position.vz
transfer,normal,inav_local_z_freeze__2018-12-20__07_47_50__baseline,48.820271999999996,0.02878921897730659,4.572563171386719,False,vehicle_local_position.vz
transfer,normal,inav_local_z_freeze__2018-12-20__07_47_50__baseline,49.620272,0.02878921897730659,4.572563171386719,False,vehicle_local_position.vz
transfer,normal,inav_local_z_freeze__2018-12-20__07_47_50__baseline,50.420272,0.02878921897730659,4.572563171386719,False,vehicle_local_position.vz
transfer,normal,inav_local_z_freeze__2018-12-20__07_47_50__baseline,51.220272,0.039792603764878295,4.572563171386719,False,vehicle_local_position.vy
transfer,normal,inav_local_z_freeze__2018-12-20__07_47_50__baseline,52.020272,0.04561734454628869,4.572563171386719,False,vehicle_local_position.vy
transfer,normal,inav_local_z_freeze__2018-12-20__07_47_50__baseline,52.820271999999996,0.04561734454628869,4.572563171386719,False,vehicle_local_position.vy
transfer,normal,inav_local_z_freeze__2018-12-20__07_47_50__baseline,53.620272,0.032754419827832074,4.572563171386719,False,vehicle_local_position.vy
transfer,normal,inav_local_z_freeze__2018-12-20__07_47_50__baseline,54.420272,0.032754419827832074,4.572563171386719,False,vehicle_local_position.vy
transfer,normal,inav_local_z_freeze__2018-12-20__07_47_50__baseline,55.220272,0.032754419827832074,4.572563171386719,False,vehicle_local_position.vy
transfer,normal,inav_local_z_freeze__2018-12-20__07_47_50__baseline,56.020272,0.028527402216259004,4.572563171386719,False,vehicle_local_position.vz
transfer,normal,inav_local_z_freeze__2018-12-20__07_47_50__baseline,56.820271999999996,0.028527402216259004,4.572563171386719,False,vehicle_local_position.vz
transfer,normal,inav_local_z_freeze__2018-12-20__07_47_50__baseline,57.620272,0.028527402216259004,4.572563171386719,False,vehicle_local_position.vz
transfer,normal,inav_local_z_freeze__2018-12-20__07_47_50__baseline,58.420272,0.03210918448620471,4.572563171386719,False,vehicle_local_position.vz
transfer,normal,inav_local_z_freeze__2018-12-20__07_47_50__baseline,59.220272,0.042614286423069275,4.572563171386719,False,vehicle_local_position.vz
transfer,normal,inav_local_z_freeze__2018-12-20__07_47_50__baseline,60.020272,0.042614286423069275,4.572563171386719,False,vehicle_local_position.vz
transfer,normal,inav_local_z_freeze__2018-12-20__07_47_50__baseline,60.820271999999996,0.03985107582293048,4.572563171386719,False,vehicle_local_position.vz
transfer,normal,inav_local_z_freeze__2018-12-20__07_47_50__baseline,61.620272,0.025103270703694336,4.572563171386719,False,vehicle_local_position.vz
transfer,normal,inav_local_z_freeze__2018-12-20__07_47_50__baseline,62.420272,0.025103270703694336,4.572563171386719,False,vehicle_local_position.vz
transfer,normal,inav_local_z_freeze__2018-12-20__07_47_50__baseline,63.220272,0.025103270703694336,4.572563171386719,False,vehicle_local_position.vz
transfer,normal,inav_local_z_freeze__2018-12-20__07_47_50__baseline,64.020272,0.028958235813142153,4.572563171386719,False,vehicle_local_position.vz
transfer,normal,inav_local_z_freeze__2018-12-20__07_47_50__baseline,64.820272,0.04100779714416575,4.572563171386719,False,vehicle_local_position.vz
transfer,normal,inav_local_z_freeze__2018-12-20__07_47_50__baseline,65.620272,0.02842992632819151,4.572563171386719,False,vehicle_local_position.vy
transfer,normal,inav_local_z_freeze__2018-12-20__07_47_50__baseline,66.42027200000001,0.02842992632819151,4.572563171386719,False,vehicle_local_position.vy
transfer,normal,inav_local_z_freeze__2018-12-20__07_47_50__baseline,67.22027200000001,0.02755612506680872,4.572563171386719,False,vehicle_local_position.vz
transfer,normal,inav_local_z_freeze__2018-12-20__07_47_50__baseline,68.020272,0.012469283787102601,4.572563171386719,False,vehicle_local_position.vz
transfer,normal,inav_local_z_freeze__2018-12-20__07_47_50__baseline,68.820272,0.012469283787102601,4.572563171386719,False,vehicle_local_position.vz
transfer,normal,inav_local_z_freeze__2018-12-20__07_47_50__baseline,69.620272,0.012469283787102601,4.572563171386719,False,vehicle_local_position.vz
transfer,normal,inav_local_z_freeze__2018-12-20__07_47_50__baseline,70.42027200000001,0.010840687862900128,4.572563171386719,False,vehicle_local_position.vz
transfer,normal,inav_local_z_freeze__2018-12-20__07_47_50__baseline,71.22027200000001,0.010840687862900128,4.572563171386719,False,vehicle_local_position.vz
transfer,normal,inav_local_z_freeze__2018-12-20__07_47_50__baseline,72.020272,0.010840687862900128,4.572563171386719,False,vehicle_local_position.vz
transfer,normal,inav_local_z_freeze__2018-12-20__07_47_50__baseline,72.820272,0.026427723184659278,4.572563171386719,False,vehicle_local_position.vz
transfer,normal,inav_local_z_freeze__2018-12-20__07_47_50__baseline,73.620272,0.03277869562349024,4.572563171386719,False,vehicle_local_position.vz
transfer,normal,inav_local_z_freeze__2018-12-20__07_47_50__baseline,74.42027200000001,0.022319790521666227,4.572563171386719,False,vehicle_local_position.vz
transfer,normal,inav_local_z_freeze__2018-12-20__07_47_50__baseline,75.22027200000001,0.022319790521666227,4.572563171386719,False,vehicle_local_position.vz
transfer,normal,inav_local_z_freeze__2018-12-20__07_47_50__baseline,76.020272,0.022319790521666227,4.572563171386719,False,vehicle_local_position.vz
transfer,normal,inav_local_z_freeze__2018-12-20__07_47_50__baseline,76.820272,0.022319790521666227,4.572563171386719,False,vehicle_local_position.vz
transfer,normal,inav_local_z_freeze__2018-12-20__07_47_50__baseline,77.620272,0.017532135604099622,4.572563171386719,False,vehicle_local_position.vz
transfer,normal,inav_local_z_freeze__2018-12-20__07_47_50__baseline,78.42027200000001,0.017532135604099622,4.572563171386719,False,vehicle_local_position.vz
transfer,normal,inav_local_z_freeze__2018-12-20__07_47_50__baseline,79.22027200000001,0.017532135604099622,4.572563171386719,False,vehicle_local_position.vz
transfer,normal,inav_local_z_freeze__2018-12-20__07_47_50__baseline,80.020272,0.01945894177025655,4.572563171386719,False,vehicle_local_position.vz
transfer,normal,inav_local_z_freeze__2018-12-20__07_47_50__baseline,80.820272,0.021729845552064333,4.572563171386719,False,vehicle_local_position.vz
transfer,normal,inav_local_z_freeze__2018-12-20__07_47_50__baseline,81.620272,0.021729845552064333,4.572563171386719,False,vehicle_local_position.vz
transfer,normal,inav_local_z_freeze__2018-12-20__07_47_50__baseline,82.42027200000001,0.020554763881551925,4.572563171386719,False,vehicle_local_position.vz
transfer,normal,inav_local_z_freeze__2018-12-20__07_47_50__baseline,83.22027200000001,0.020554763881551925,4.572563171386719,False,vehicle_local_position.vz
transfer,normal,inav_local_z_freeze__2018-12-20__07_47_50__baseline,84.020272,0.020554763881551925,4.572563171386719,False,vehicle_local_position.vz
transfer,normal,inav_local_z_freeze__2018-12-20__07_47_50__baseline,84.820272,0.027232500375321014,4.572563171386719,False,vehicle_local_position.vz
transfer,normal,inav_local_z_freeze__2018-12-20__07_47_50__baseline,85.620272,0.020568048418090984,4.572563171386719,False,vehicle_local_position.vy
transfer,normal,inav_local_z_freeze__2018-12-20__07_47_50__baseline,86.42027200000001,0.017376992020826466,4.572563171386719,False,vehicle_local_position.vz
transfer,normal,inav_local_z_freeze__2018-12-20__07_47_50__baseline,87.22027200000001,0.017376992020826466,4.572563171386719,False,vehicle_local_position.vz
transfer,normal,inav_local_z_freeze__2018-12-20__07_47_50__baseline,88.020272,0.026695303049648813,4.572563171386719,False,vehicle_local_position.vz
transfer,normal,inav_local_z_freeze__2018-12-20__07_47_50__baseline,88.820272,0.026695303049648813,4.572563171386719,False,vehicle_local_position.vz
transfer,normal,inav_local_z_freeze__2018-12-20__07_47_50__baseline,89.620272,0.026695303049648813,4.572563171386719,False,vehicle_local_position.vz
transfer,normal,inav_local_z_freeze__2018-12-20__07_47_50__baseline,90.42027200000001,0.01733478983610476,4.572563171386719,False,vehicle_local_position.vz
transfer,normal,inav_local_z_freeze__2018-12-20__07_47_50__baseline,91.22027200000001,0.01733478983610476,4.572563171386719,False,vehicle_local_position.vz
transfer,normal,inav_local_z_freeze__2018-12-20__07_47_50__baseline,92.020272,0.01733478983610476,4.572563171386719,False,vehicle_local_position.vz
transfer,normal,inav_local_z_freeze__2018-12-20__07_47_50__baseline,92.820272,0.0164028257497779,4.572563171386719,False,vehicle_local_position.vz
transfer,normal,inav_local_z_freeze__2018-12-20__07_47_50__baseline,93.620272,0.0164028257497779,4.572563171386719,False,vehicle_local_position.vz
transfer,normal,inav_local_z_freeze__2018-12-20__07_47_50__baseline,94.42027200000001,0.0164028257497779,4.572563171386719,False,vehicle_local_position.vz
transfer,normal,inav_local_z_freeze__2018-12-20__07_47_50__baseline,95.22027200000001,0.019422318830449124,4.572563171386719,False,vehicle_local_position.vz
transfer,normal,inav_local_z_freeze__2018-12-20__07_47_50__baseline,96.020272,0.021028738383413383,4.572563171386719,False,vehicle_local_position.vz
transfer,normal,inav_local_z_freeze__2018-12-20__07_47_50__baseline,96.820272,0.025270278959111676,4.572563171386719,False,vehicle_local_position.vz
transfer,normal,inav_local_z_freeze__2018-12-20__07_47_50__baseline,97.620272,0.02691358281512141,4.572563171386719,False,vehicle_local_position.vz
transfer,normal,inav_local_z_freeze__2018-12-20__07_47_50__baseline,98.42027200000001,0.02691358281512141,4.572563171386719,False,vehicle_local_position.vz
transfer,normal,inav_local_z_freeze__2018-12-20__07_47_50__baseline,99.22027200000001,0.02691358281512141,4.572563171386719,False,vehicle_local_position.vz
transfer,normal,inav_local_z_freeze__2018-12-20__07_47_50__baseline,100.020272,0.02691358281512141,4.572563171386719,False,vehicle_local_position.vz
transfer,normal,inav_local_z_freeze__2018-12-20__07_47_50__baseline,100.820272,0.02691358281512141,4.572563171386719,False,vehicle_local_position.vz
transfer,normal,inav_local_z_freeze__2018-12-20__07_47_50__baseline,101.620272,0.02691358281512141,4.572563171386719,False,vehicle_local_position.vz
transfer,normal,inav_local_z_freeze__2018-12-20__07_47_50__baseline,102.42027200000001,0.037015608034196325,4.572563171386719,False,vehicle_local_position.vz
transfer,normal,inav_local_z_freeze__2018-12-20__07_47_50__baseline,103.22027200000001,0.1356843249897425,4.572563171386719,False,vehicle_local_position.vz
transfer,normal,inav_local_z_freeze__2018-12-20__07_47_50__baseline,104.020272,0.037224987075384464,4.572563171386719,False,vehicle_local_position.vz
transfer,normal,inav_local_z_freeze__2018-12-20__07_47_50__baseline,104.820272,0.034742259705052396,4.572563171386719,False,vehicle_local_position.vz
transfer,normal,inav_local_z_freeze__2018-12-20__07_47_50__baseline,105.620272,0.034742259705052396,4.572563171386719,False,vehicle_local_position.vz
transfer,normal,inav_local_z_freeze__2018-12-20__07_47_50__baseline,106.42027200000001,0.034742259705052396,4.572563171386719,False,vehicle_local_position.vz
transfer,normal,inav_local_z_freeze__2018-12-20__07_47_50__baseline,107.22027200000001,0.06421291062361237,4.572563171386719,False,vehicle_local_position.vz
transfer,normal,inav_local_z_freeze__2018-12-20__07_47_50__baseline,108.020272,0.06575691058703001,4.572563171386719,False,vehicle_local_position.vz
transfer,normal,inav_local_z_freeze__2018-12-20__07_47_50__baseline,108.820272,0.06421291062361237,4.572563171386719,False,vehicle_local_position.vz
transfer,normal,inav_local_z_freeze__2018-12-20__07_47_50__baseline,109.620272,0.06421291062361237,4.572563171386719,False,vehicle_local_position.vz
transfer,normal,inav_local_z_freeze__2018-12-20__07_47_50__baseline,110.42027200000001,0.06421291062361237,4.572563171386719,False,vehicle_local_position.vz
transfer,normal,inav_local_z_freeze__2018-12-20__07_47_50__baseline,111.22027200000001,0.06421291062361237,4.572563171386719,False,vehicle_local_position.vz
transfer,normal,inav_local_z_freeze__2018-12-20__07_47_50__baseline,112.020272,0.06421291062361237,4.572563171386719,False,vehicle_local_position.vz
transfer,normal,inav_local_z_freeze__2018-12-20__07_47_50__baseline,112.820272,0.06940110401182539,4.572563171386719,False,vehicle_local_position.vz
transfer,normal,inav_local_z_freeze__2018-12-20__07_47_50__baseline,113.620272,0.06421291062361237,4.572563171386719,False,vehicle_local_position.vz
transfer,normal,inav_local_z_freeze__2018-12-20__07_47_50__baseline,114.42027200000001,0.07239908179952766,4.572563171386719,False,vehicle_local_position.vy
transfer,normal,inav_local_z_freeze__2018-12-20__07_47_50__baseline,115.22027200000001,0.0507379109675185,4.572563171386719,False,vehicle_local_position.vz
transfer,normal,inav_local_z_freeze__2018-12-20__07_47_50__baseline,116.020272,0.050064143716105576,4.572563171386719,False,vehicle_local_position.vy
transfer,normal,inav_local_z_freeze__2018-12-20__07_47_50__baseline,116.820272,0.050064143716105576,4.572563171386719,False,vehicle_local_position.vy
transfer,normal,inav_local_z_freeze__2018-12-20__07_47_50__baseline,117.620272,0.05271427793189123,4.572563171386719,False,vehicle_local_position.vy
transfer,normal,inav_local_z_freeze__2018-12-20__07_47_50__baseline,118.42027200000001,0.05162078525217932,4.572563171386719,False,vehicle_local_position.vz
transfer,normal,inav_local_z_freeze__2018-12-20__07_47_50__baseline,119.22027200000001,0.05162078525217932,4.572563171386719,False,vehicle_local_position.vz
transfer,normal,inav_local_z_freeze__2018-12-20__07_47_50__baseline,120.020272,0.05162078525217932,4.572563171386719,False,vehicle_local_position.vz
transfer,normal,inav_local_z_freeze__2018-12-20__07_47_50__baseline,120.820272,0.11082128214559796,4.572563171386719,False,vehicle_local_position.vz
transfer,normal,inav_local_z_freeze__2018-12-20__07_47_50__baseline,121.620272,0.18317241989622288,4.572563171386719,False,vehicle_local_position.vx
transfer,normal,inav_local_z_freeze__2018-12-25__08_44_40__baseline,9.61706,0.0,4.572563171386719,False,actuator_controls_0.control[0]
transfer,normal,inav_local_z_freeze__2018-12-25__08_44_40__baseline,10.417060000000001,0.0,4.572563171386719,False,actuator_controls_0.control[0]
transfer,normal,inav_local_z_freeze__2018-12-25__08_44_40__baseline,11.21706,0.0,4.572563171386719,False,actuator_controls_0.control[0]
transfer,normal,inav_local_z_freeze__2018-12-25__08_44_40__baseline,12.01706,0.0,4.572563171386719,False,actuator_controls_0.control[0]
transfer,normal,inav_local_z_freeze__2018-12-25__08_44_40__baseline,12.817060000000001,0.0,4.572563171386719,False,actuator_controls_0.control[0]
transfer,normal,inav_local_z_freeze__2018-12-25__08_44_40__baseline,13.61706,0.0,4.572563171386719,False,actuator_controls_0.control[0]
transfer,normal,inav_local_z_freeze__2018-12-25__08_44_40__baseline,14.417060000000001,4.954807758331299,4.572563171386719,True,vehicle_attitude_setpoint.pitch_body
transfer,normal,inav_local_z_freeze__2018-12-25__08_44_40__baseline,15.21706,4.459798336029053,4.572563171386719,False,actuator_outputs.output[3]
transfer,normal,inav_local_z_freeze__2018-12-25__08_44_40__baseline,16.01706,4.364354312419891,4.572563171386719,False,actuator_outputs.output[6]
transfer,normal,inav_local_z_freeze__2018-12-25__08_44_40__baseline,16.81706,3.6079421639442444,4.572563171386719,False,actuator_outputs.output[2]
transfer,normal,inav_local_z_freeze__2018-12-25__08_44_40__baseline,17.617060000000002,3.5525310039520264,4.572563171386719,False,actuator_outputs.output[2]
transfer,normal,inav_local_z_freeze__2018-12-25__08_44_40__baseline,18.41706,3.5525310039520264,4.572563171386719,False,actuator_outputs.output[2]
transfer,normal,inav_local_z_freeze__2018-12-25__08_44_40__baseline,19.21706,3.260847330093384,4.572563171386719,False,vehicle_attitude_setpoint.roll_body
transfer,normal,inav_local_z_freeze__2018-12-25__08_44_40__baseline,20.01706,3.7502336502075195,4.572563171386719,False,vehicle_attitude_setpoint.pitch_body
transfer,normal,inav_local_z_freeze__2018-12-25__08_44_40__baseline,20.81706,3.537478446960449,4.572563171386719,False,vehicle_attitude_setpoint.pitch_body
transfer,normal,inav_local_z_freeze__2018-12-25__08_44_40__baseline,21.617060000000002,3.5078591108322144,4.572563171386719,False,actuator_outputs.output[2]
transfer,normal,inav_local_z_freeze__2018-12-25__08_44_40__baseline,22.41706,4.663607180118561,4.572563171386719,True,actuator_outputs.output[2]
transfer,normal,inav_local_z_freeze__2018-12-25__08_44_40__baseline,23.21706,4.982773661613464,4.572563171386719,True,actuator_outputs.output[2]
transfer,normal,inav_local_z_freeze__2018-12-25__08_44_40__baseline,24.01706,4.296510815620422,4.572563171386719,False,actuator_outputs.output[2]
transfer,normal,inav_local_z_freeze__2018-12-25__08_44_40__baseline,24.81706,3.287261724472046,4.572563171386719,False,vehicle_attitude_setpoint.roll_body
transfer,normal,inav_local_z_freeze__2018-12-25__08_44_40__baseline,25.617060000000002,3.287261724472046,4.572563171386719,False,vehicle_attitude_setpoint.roll_body
transfer,normal,inav_local_z_freeze__2018-12-25__08_44_40__baseline,26.41706,2.5845420360565186,4.572563171386719,False,vehicle_attitude_setpoint.pitch_body
transfer,normal,inav_local_z_freeze__2018-12-25__08_44_40__baseline,27.21706,2.5845420360565186,4.572563171386719,False,vehicle_attitude_setpoint.pitch_body
transfer,normal,inav_local_z_freeze__2018-12-25__08_44_40__baseline,28.01706,2.8578981757164,4.572563171386719,False,actuator_outputs.output[0]
transfer,normal,inav_local_z_freeze__2018-12-25__08_44_40__baseline,28.81706,4.514021277427673,4.572563171386719,False,actuator_outputs.output[0]
transfer,normal,inav_local_z_freeze__2018-12-25__08_44_40__baseline,29.617060000000002,3.9883005619049072,4.572563171386719,False,actuator_outputs.output[4]
transfer,normal,inav_local_z_freeze__2018-12-25__08_44_40__baseline,30.41706,3.3952319622039795,4.572563171386719,False,actuator_outputs.output[1]
transfer,normal,inav_local_z_freeze__2018-12-25__08_44_40__baseline,31.21706,3.165246844291687,4.572563171386719,False,actuator_outputs.output[1]
transfer,normal,inav_local_z_freeze__2018-12-25__08_44_40__baseline,32.01706,2.7812254428863525,4.572563171386719,False,actuator_outputs.output[2]
transfer,normal,inav_local_z_freeze__2018-12-25__08_44_40__baseline,32.81706,2.892516255378723,4.572563171386719,False,actuator_outputs.output[2]
transfer,normal,inav_local_z_freeze__2018-12-25__08_44_40__baseline,33.61706,4.780068099498749,4.572563171386719,True,actuator_outputs.output[2]
transfer,normal,inav_local_z_freeze__2018-12-25__08_44_40__baseline,34.41706,3.358950614929199,4.572563171386719,False,actuator_outputs.output[3]
transfer,normal,inav_local_z_freeze__2018-12-25__08_44_40__baseline,35.217060000000004,4.674745202064514,4.572563171386719,True,actuator_outputs.output[3]
transfer,normal,inav_local_z_freeze__2018-12-25__08_44_40__baseline,36.01706,4.914724230766296,4.572563171386719,True,actuator_outputs.output[3]
transfer,normal,inav_local_z_freeze__2018-12-25__08_44_40__baseline,36.81706,5.223092436790466,4.572563171386719,True,actuator_outputs.output[3]
transfer,normal,inav_local_z_freeze__2018-12-25__08_44_40__baseline,37.61706,5.223092436790466,4.572563171386719,True,actuator_outputs.output[3]
transfer,normal,inav_local_z_freeze__2018-12-25__08_44_40__baseline,38.41706,5.223092436790466,4.572563171386719,True,actuator_outputs.output[3]
transfer,normal,inav_local_z_freeze__2018-12-25__08_44_40__baseline,39.217060000000004,6.2990134954452515,4.572563171386719,True,actuator_outputs.output[6]
transfer,normal,inav_local_z_freeze__2018-12-25__08_44_40__baseline,40.01706,6.808403730392456,4.572563171386719,True,actuator_outputs.output[6]
transfer,normal,inav_local_z_freeze__2018-12-25__08_44_40__baseline,40.81706,5.173417925834656,4.572563171386719,True,actuator_outputs.output[6]
transfer,normal,inav_local_z_freeze__2018-12-25__08_44_40__baseline,41.61706,5.093591213226318,4.572563171386719,True,actuator_outputs.output[6]
transfer,normal,inav_local_z_freeze__2018-12-25__08_44_40__baseline,42.41706,5.093591213226318,4.572563171386719,True,actuator_outputs.output[6]
transfer,normal,inav_local_z_freeze__2018-12-25__08_44_40__baseline,43.217060000000004,5.966863036155701,4.572563171386719,True,actuator_outputs.output[3]
transfer,normal,inav_local_z_freeze__2018-12-25__08_44_40__baseline,44.01706,5.908200144767761,4.572563171386719,True,actuator_outputs.output[3]
transfer,normal,inav_local_z_freeze__2018-12-25__08_44_40__baseline,44.81706,9.03717815876007,4.572563171386719,True,manual_control_setpoint.z
transfer,normal,inav_local_z_freeze__2018-12-25__08_44_40__baseline,45.61706,9.03717815876007,4.572563171386719,True,manual_control_setpoint.z
transfer,normal,inav_local_z_freeze__2018-12-25__08_44_40__baseline,46.41706,9.037184715270996,4.572563171386719,True,manual_control_setpoint.z
transfer,normal,inav_local_z_freeze__2018-12-25__08_44_40__baseline,47.217060000000004,9.037192463874817,4.572563171386719,True,manual_control_setpoint.z
transfer,normal,inav_local_z_freeze__2018-12-25__08_44_40__baseline,48.01706,9.037163853645325,4.572563171386719,True,manual_control_setpoint.z
transfer,normal,inav_local_z_freeze__2018-12-25__08_44_40__baseline,48.81706,9.037163853645325,4.572563171386719,True,manual_control_setpoint.z
transfer,normal,inav_local_z_freeze__2018-12-25__08_44_40__baseline,49.61706,9.037163853645325,4.572563171386719,True,manual_control_setpoint.z
transfer,normal,inav_local_z_freeze__2018-12-25__08_44_40__baseline,50.41706,9.037166833877563,4.572563171386719,True,manual_control_setpoint.z
transfer,normal,inav_local_z_freeze__2018-12-25__08_44_40__baseline,51.217060000000004,9.037167429924011,4.572563171386719,True,manual_control_setpoint.z
transfer,normal,inav_local_z_freeze__2018-12-25__08_44_40__baseline,52.01706,9.037167429924011,4.572563171386719,True,manual_control_setpoint.z
transfer,normal,inav_local_z_freeze__2018-12-25__08_44_40__baseline,52.81706,7.670631408691406,4.572563171386719,True,vehicle_attitude_setpoint.pitch_body
transfer,normal,inav_local_z_freeze__2018-12-25__08_44_40__baseline,53.61706,7.670631408691406,4.572563171386719,True,vehicle_attitude_setpoint.pitch_body
transfer,normal,inav_local_z_freeze__2018-12-25__08_44_40__baseline,54.41706,7.670631408691406,4.572563171386719,True,vehicle_attitude_setpoint.pitch_body
transfer,normal,inav_local_z_freeze__2018-12-25__08_44_40__baseline,55.217060000000004,7.670631408691406,4.572563171386719,True,vehicle_attitude_setpoint.pitch_body
transfer,normal,inav_local_z_freeze__2018-12-25__08_44_40__baseline,56.01706,7.670631408691406,4.572563171386719,True,vehicle_attitude_setpoint.pitch_body
transfer,normal,inav_local_z_freeze__2018-12-25__08_44_40__baseline,56.81706,7.670631408691406,4.572563171386719,True,vehicle_attitude_setpoint.pitch_body
transfer,normal,inav_local_z_freeze__2018-12-25__08_44_40__baseline,57.61706,7.670631408691406,4.572563171386719,True,vehicle_attitude_setpoint.pitch_body
transfer,normal,inav_local_z_freeze__2018-12-25__08_44_40__baseline,58.41706,3.0046921968460083,4.572563171386719,False,actuator_outputs.output[0]
transfer,normal,inav_local_z_freeze__2018-12-25__08_44_40__baseline,59.217060000000004,3.0046921968460083,4.572563171386719,False,actuator_outputs.output[0]
transfer,normal,inav_local_z_freeze__2018-12-25__08_44_40__baseline,60.01706,3.0046921968460083,4.572563171386719,False,actuator_outputs.output[0]
transfer,normal,inav_local_z_freeze__2018-12-25__08_44_40__baseline,60.81706,3.0292630195617676,4.572563171386719,False,vehicle_attitude_setpoint.pitch_body
transfer,normal,inav_local_z_freeze__2018-12-25__08_44_40__baseline,61.61706,3.4235596656799316,4.572563171386719,False,actuator_outputs.output[0]
transfer,normal,inav_local_z_freeze__2018-12-25__08_44_40__baseline,62.41706,3.2756420969963074,4.572563171386719,False,actuator_outputs.output[2]
transfer,normal,inav_local_z_freeze__2018-12-25__08_44_40__baseline,63.217060000000004,4.930346608161926,4.572563171386719,True,actuator_outputs.output[2]
transfer,normal,inav_local_z_freeze__2018-12-25__08_44_40__baseline,64.01706,3.9043673872947693,4.572563171386719,False,actuator_outputs.output[2]
transfer,normal,inav_local_z_freeze__2018-12-25__08_44_40__baseline,64.81706,3.9043673872947693,4.572563171386719,False,actuator_outputs.output[2]
transfer,normal,inav_local_z_freeze__2018-12-25__08_44_40__baseline,65.61706,3.880584239959717,4.572563171386719,False,vehicle_attitude_setpoint.roll_body
transfer,normal,inav_local_z_freeze__2018-12-25__08_44_40__baseline,66.41706,3.880584239959717,4.572563171386719,False,vehicle_attitude_setpoint.roll_body
transfer,normal,inav_local_z_freeze__2018-12-25__08_44_40__baseline,67.21706,4.31214451789856,4.572563171386719,False,vehicle_attitude_setpoint.roll_body
transfer,normal,inav_local_z_freeze__2018-12-25__08_44_40__baseline,68.01706,7.294158935546875,4.572563171386719,True,vehicle_attitude_setpoint.roll_body
transfer,normal,inav_local_z_freeze__2018-12-25__08_44_40__baseline,68.81706,7.294158935546875,4.572563171386719,True,vehicle_attitude_setpoint.roll_body
transfer,normal,inav_local_z_freeze__2018-12-25__08_44_40__baseline,69.61706,7.294158935546875,4.572563171386719,True,vehicle_attitude_setpoint.roll_body
transfer,normal,inav_local_z_freeze__2018-12-25__08_44_40__baseline,70.41706,7.294158935546875,4.572563171386719,True,vehicle_attitude_setpoint.roll_body
transfer,normal,inav_local_z_freeze__2018-12-25__08_44_40__baseline,71.21706,7.294158935546875,4.572563171386719,True,vehicle_attitude_setpoint.roll_body
transfer,normal,inav_local_z_freeze__2018-12-25__08_44_40__baseline,72.01706,7.294158935546875,4.572563171386719,True,vehicle_attitude_setpoint.roll_body
transfer,normal,inav_local_z_freeze__2018-12-25__08_44_40__baseline,72.81706,7.294158935546875,4.572563171386719,True,vehicle_attitude_setpoint.roll_body
transfer,normal,inav_local_z_freeze__2018-12-25__08_44_40__baseline,73.61706,4.332756996154785,4.572563171386719,False,vehicle_attitude_setpoint.pitch_body
transfer,normal,inav_local_z_freeze__2018-12-25__08_44_40__baseline,74.41706,6.393792629241943,4.572563171386719,True,vehicle_attitude_setpoint.pitch_body
transfer,normal,inav_local_z_freeze__2018-12-25__08_44_40__baseline,75.21706,6.393792629241943,4.572563171386719,True,vehicle_attitude_setpoint.pitch_body
transfer,normal,inav_local_z_freeze__2018-12-25__08_44_40__baseline,76.01706,6.393792629241943,4.572563171386719,True,vehicle_attitude_setpoint.pitch_body
transfer,normal,inav_local_z_freeze__2018-12-25__08_44_40__baseline,76.81706,6.393792629241943,4.572563171386719,True,vehicle_attitude_setpoint.pitch_body
transfer,normal,inav_local_z_freeze__2018-12-25__08_44_40__baseline,77.61706,6.393792629241943,4.572563171386719,True,vehicle_attitude_setpoint.pitch_body
transfer,normal,inav_local_z_freeze__2018-12-25__08_44_40__baseline,78.41706,6.393792629241943,4.572563171386719,True,vehicle_attitude_setpoint.pitch_body
transfer,normal,inav_local_z_freeze__2018-12-25__08_44_40__baseline,79.21706,6.393792629241943,4.572563171386719,True,vehicle_attitude_setpoint.pitch_body
transfer,normal,inav_local_z_freeze__2018-12-25__08_44_40__baseline,80.01706,6.393792629241943,4.572563171386719,True,vehicle_attitude_setpoint.pitch_body
transfer,normal,inav_local_z_freeze__2018-12-25__08_44_40__baseline,80.81706,6.393792629241943,4.572563171386719,True,vehicle_attitude_setpoint.pitch_body
transfer,normal,inav_local_z_freeze__2018-12-25__08_44_40__baseline,81.61706,5.604221820831299,4.572563171386719,True,vehicle_attitude_setpoint.pitch_body
transfer,normal,inav_local_z_freeze__2018-12-25__08_44_40__baseline,82.41706,4.150743782520294,4.572563171386719,False,actuator_outputs.output[5]
transfer,normal,inav_local_z_freeze__2018-12-25__08_44_40__baseline,83.21706,3.5560253262519836,4.572563171386719,False,actuator_outputs.output[5]
transfer,normal,inav_local_z_freeze__2018-12-25__08_44_40__baseline,84.01706,3.3154019713401794,4.572563171386719,False,actuator_outputs.output[2]
transfer,normal,inav_local_z_freeze__2018-12-25__08_44_40__baseline,84.81706,3.3154019713401794,4.572563171386719,False,actuator_outputs.output[2]
transfer,normal,inav_local_z_freeze__2018-12-25__08_44_40__baseline,85.61706,3.7476739287376404,4.572563171386719,False,actuator_outputs.output[2]
transfer,normal,inav_local_z_freeze__2018-12-25__08_44_40__baseline,86.41706,3.902810215950012,4.572563171386719,False,actuator_outputs.output[2]
transfer,normal,inav_local_z_freeze__2018-12-25__08_44_40__baseline,87.21706,4.243345260620117,4.572563171386719,False,actuator_outputs.output[5]
transfer,normal,inav_local_z_freeze__2018-12-25__08_44_40__baseline,88.01706,5.947688817977905,4.572563171386719,True,actuator_outputs.output[6]
transfer,normal,inav_local_z_freeze__2018-12-25__08_44_40__baseline,88.81706,5.480928421020508,4.572563171386719,True,actuator_outputs.output[5]
transfer,normal,inav_local_z_freeze__2018-12-25__08_44_40__baseline,89.61706,5.290207266807556,4.572563171386719,True,actuator_outputs.output[5]
transfer,normal,inav_local_z_freeze__2018-12-25__08_44_40__baseline,90.41706,4.657544195652008,4.572563171386719,True,actuator_outputs.output[5]
transfer,normal,inav_local_z_freeze__2018-12-25__08_44_40__baseline,91.21706,4.01155948638916,4.572563171386719,False,actuator_outputs.output[5]
transfer,normal,inav_local_z_freeze__2018-12-25__08_44_40__baseline,92.01706,3.5181236267089844,4.572563171386719,False,actuator_outputs.output[5]
transfer,normal,inav_local_z_freeze__2018-12-25__08_44_40__baseline,92.81706,3.5181236267089844,4.572563171386719,False,actuator_outputs.output[5]
transfer,normal,inav_local_z_freeze__2018-12-25__08_44_40__baseline,93.61706,3.5181236267089844,4.572563171386719,False,actuator_outputs.output[5]
transfer,normal,inav_local_z_freeze__2018-12-25__08_44_40__baseline,94.41706,4.313714504241943,4.572563171386719,False,vehicle_attitude_setpoint.roll_body
transfer,normal,inav_local_z_freeze__2018-12-25__08_44_40__baseline,95.21706,3.7508469820022583,4.572563171386719,False,vehicle_attitude_setpoint.pitch_body
transfer,normal,inav_local_z_freeze__2018-12-25__08_44_40__baseline,96.01706,3.7508469820022583,4.572563171386719,False,vehicle_attitude_setpoint.pitch_body
transfer,normal,inav_local_z_freeze__2018-12-25__08_44_40__baseline,96.81706,3.7508469820022583,4.572563171386719,False,vehicle_attitude_setpoint.pitch_body
transfer,normal,inav_local_z_freeze__2018-12-25__08_44_40__baseline,97.61706,6.860629320144653,4.572563171386719,True,vehicle_attitude_setpoint.pitch_body
transfer,normal,inav_local_z_freeze__2018-12-25__08_44_40__baseline,98.41706,6.860629320144653,4.572563171386719,True,vehicle_attitude_setpoint.pitch_body
transfer,normal,inav_local_z_freeze__2018-12-25__08_44_40__baseline,99.21706,6.860629320144653,4.572563171386719,True,vehicle_attitude_setpoint.pitch_body
transfer,normal,inav_local_z_freeze__2018-12-25__08_44_40__baseline,100.01706,6.860629320144653,4.572563171386719,True,vehicle_attitude_setpoint.pitch_body
transfer,normal,inav_local_z_freeze__2018-12-25__08_44_40__baseline,100.81706,6.860629320144653,4.572563171386719,True,vehicle_attitude_setpoint.pitch_body
transfer,normal,inav_local_z_freeze__2018-12-25__08_44_40__baseline,101.61706,6.860629320144653,4.572563171386719,True,vehicle_attitude_setpoint.pitch_body
transfer,normal,inav_local_z_freeze__2018-12-25__08_44_40__baseline,102.41706,6.860629320144653,4.572563171386719,True,vehicle_attitude_setpoint.pitch_body
transfer,normal,inav_local_z_freeze__2018-12-25__08_44_40__baseline,103.21706,6.860629320144653,4.572563171386719,True,vehicle_attitude_setpoint.pitch_body
transfer,normal,inav_local_z_freeze__2018-12-25__08_44_40__baseline,104.01706,6.860629320144653,4.572563171386719,True,vehicle_attitude_setpoint.pitch_body
transfer,normal,inav_local_z_freeze__2018-12-25__08_44_40__baseline,104.81706,6.860629320144653,4.572563171386719,True,vehicle_attitude_setpoint.pitch_body
transfer,normal,inav_local_z_freeze__2018-12-25__08_44_40__baseline,105.61706,6.860629320144653,4.572563171386719,True,vehicle_attitude_setpoint.pitch_body
transfer,normal,inav_local_z_freeze__2018-12-25__08_44_40__baseline,106.41706,3.6455997824668884,4.572563171386719,False,actuator_outputs.output[6]
transfer,normal,inav_local_z_freeze__2018-12-25__08_44_40__baseline,107.21706,3.792228102684021,4.572563171386719,False,actuator_outputs.output[6]
transfer,normal,inav_local_z_freeze__2018-12-25__08_44_40__baseline,108.01706,4.43756103515625,4.572563171386719,False,manual_control_setpoint.x
transfer,normal,inav_local_z_freeze__2018-12-25__08_44_40__baseline,108.81706,3.753845691680908,4.572563171386719,False,manual_control_setpoint.y
transfer,normal,inav_local_z_freeze__2018-12-25__08_44_40__baseline,109.61706,3.753845691680908,4.572563171386719,False,manual_control_setpoint.y
transfer,normal,inav_local_z_freeze__2018-12-25__08_44_40__baseline,110.41706,3.753845691680908,4.572563171386719,False,manual_control_setpoint.y
transfer,normal,inav_local_z_freeze__2018-12-25__08_44_40__baseline,111.21706,3.753845691680908,4.572563171386719,False,manual_control_setpoint.y
transfer,normal,inav_local_z_freeze__2018-12-25__08_44_40__baseline,112.01706,3.753845691680908,4.572563171386719,False,manual_control_setpoint.y
transfer,normal,inav_local_z_freeze__2018-12-25__08_44_40__baseline,112.81706,3.8423538208007812,4.572563171386719,False,actuator_outputs.output[4]
transfer,normal,inav_local_z_freeze__2018-12-25__08_44_40__baseline,113.61706,5.671706795692444,4.572563171386719,True,actuator_outputs.output[2]
transfer,normal,inav_local_z_freeze__2018-12-25__08_44_40__baseline,114.41706,6.548724174499512,4.572563171386719,True,manual_control_setpoint.x
transfer,normal,inav_local_z_freeze__2018-12-25__08_44_40__baseline,115.21706,6.548724174499512,4.572563171386719,True,manual_control_setpoint.x
transfer,normal,inav_local_z_freeze__2018-12-25__08_44_40__baseline,116.01706,6.548724174499512,4.572563171386719,True,manual_control_setpoint.x
transfer,normal,inav_local_z_freeze__2018-12-25__08_44_40__baseline,116.81706,6.548724174499512,4.572563171386719,True,manual_control_setpoint.x
transfer,normal,inav_local_z_freeze__2018-12-25__08_44_40__baseline,117.61706,6.548724174499512,4.572563171386719,True,manual_control_setpoint.x
transfer,normal,inav_local_z_freeze__2018-12-25__08_44_40__baseline,118.41706,6.548724174499512,4.572563171386719,True,manual_control_setpoint.x
transfer,normal,inav_local_z_freeze__2018-12-25__08_44_40__baseline,119.21706,6.548724174499512,4.572563171386719,True,manual_control_setpoint.x
transfer,normal,inav_local_z_freeze__2018-12-25__08_44_40__baseline,120.01706,6.548724174499512,4.572563171386719,True,manual_control_setpoint.x
transfer,normal,inav_local_z_freeze__2018-12-25__08_44_40__baseline,120.81706,6.548724174499512,4.572563171386719,True,manual_control_setpoint.x
transfer,normal,inav_local_z_freeze__2018-12-25__08_44_40__baseline,121.61706,6.548724174499512,4.572563171386719,True,manual_control_setpoint.x
transfer,normal,inav_local_z_freeze__2018-12-25__08_44_40__baseline,122.41706,6.548724174499512,4.572563171386719,True,manual_control_setpoint.x
transfer,normal,inav_local_z_freeze__2018-12-25__08_44_40__baseline,123.21706,2.5536489486694336,4.572563171386719,False,manual_control_setpoint.x
transfer,normal,inav_local_z_freeze__2018-12-25__08_44_40__baseline,124.01706,2.5536489486694336,4.572563171386719,False,manual_control_setpoint.x
transfer,normal,inav_local_z_freeze__2018-12-25__08_44_40__baseline,124.81706,2.5536489486694336,4.572563171386719,False,manual_control_setpoint.x
transfer,normal,inav_local_z_freeze__2018-12-25__08_44_40__baseline,125.61706,2.775106430053711,4.572563171386719,False,vehicle_attitude_setpoint.roll_body
transfer,normal,inav_local_z_freeze__2018-12-25__08_44_40__baseline,126.41706,3.388791084289551,4.572563171386719,False,vehicle_attitude_setpoint.roll_body
transfer,normal,inav_local_z_freeze__2018-12-25__08_44_40__baseline,127.21706,2.5536489486694336,4.572563171386719,False,manual_control_setpoint.x
transfer,normal,inav_local_z_freeze__2018-12-25__08_44_40__baseline,128.01706,2.5536489486694336,4.572563171386719,False,manual_control_setpoint.x
transfer,normal,inav_local_z_freeze__2018-12-25__08_44_40__baseline,128.81706,2.5536489486694336,4.572563171386719,False,manual_control_setpoint.x
transfer,normal,inav_local_z_freeze__2018-12-25__08_44_40__baseline,129.61705999999998,1.4530456066131592,4.572563171386719,False,vehicle_attitude_setpoint.pitch_body
transfer,normal,inav_local_z_freeze__2018-12-25__08_44_40__baseline,130.41706,1.4612525701522827,4.572563171386719,False,vehicle_attitude_setpoint.roll_body
transfer,normal,inav_local_z_freeze__2018-12-25__08_44_40__baseline,131.21705999999998,2.821089029312134,4.572563171386719,False,vehicle_attitude_setpoint.pitch_body
transfer,normal,inav_local_z_freeze__2018-12-25__08_44_40__baseline,132.01706,2.821089029312134,4.572563171386719,False,vehicle_attitude_setpoint.pitch_body
transfer,normal,inav_local_z_freeze__2018-12-25__08_44_40__baseline,132.81706,3.2969343662261963,4.572563171386719,False,vehicle_attitude_setpoint.roll_body
transfer,normal,inav_local_z_freeze__2018-12-25__08_44_40__baseline,133.61705999999998,2.9390549659729004,4.572563171386719,False,vehicle_attitude_setpoint.pitch_body
transfer,normal,inav_local_z_freeze__2018-12-25__08_44_40__baseline,134.41706,2.9390549659729004,4.572563171386719,False,vehicle_attitude_setpoint.pitch_body
transfer,normal,inav_local_z_freeze__2018-12-25__08_44_40__baseline,135.21705999999998,2.121657133102417,4.572563171386719,False,vehicle_attitude_setpoint.roll_body
transfer,normal,inav_local_z_freeze__2018-12-25__08_44_40__baseline,136.01706,2.121657133102417,4.572563171386719,False,vehicle_attitude_setpoint.roll_body
transfer,normal,inav_local_z_freeze__2018-12-25__08_44_40__baseline,136.81706,2.2398054599761963,4.572563171386719,False,vehicle_attitude_setpoint.roll_body
transfer,normal,inav_local_z_freeze__2018-12-25__08_44_40__baseline,137.61705999999998,5.2507758140563965,4.572563171386719,True,vehicle_attitude_setpoint.pitch_body
transfer,normal,inav_local_z_freeze__2018-12-25__08_44_40__baseline,138.41706,5.409425497055054,4.572563171386719,True,vehicle_attitude_setpoint.pitch_body
transfer,normal,inav_local_z_freeze__2018-12-25__08_44_40__baseline,139.21705999999998,10.57370662689209,4.572563171386719,True,vehicle_attitude_setpoint.pitch_body
transfer,normal,inav_local_z_freeze__2018-12-25__08_44_40__baseline,140.01706,10.57370662689209,4.572563171386719,True,vehicle_attitude_setpoint.pitch_body
transfer,normal,inav_local_z_freeze__2018-12-25__08_44_40__baseline,140.81706,10.57370662689209,4.572563171386719,True,vehicle_attitude_setpoint.pitch_body
transfer,normal,land_detector_state_inversion__2018-12-19__07_49_17__baseline,9.631279,0.0,4.572563171386719,False,actuator_controls_0.control[0]
transfer,normal,land_detector_state_inversion__2018-12-19__07_49_17__baseline,10.431279,0.0,4.572563171386719,False,actuator_controls_0.control[0]
transfer,normal,land_detector_state_inversion__2018-12-19__07_49_17__baseline,11.231278999999999,0.0,4.572563171386719,False,actuator_controls_0.control[0]
transfer,normal,land_detector_state_inversion__2018-12-19__07_49_17__baseline,12.031279,0.0,4.572563171386719,False,actuator_controls_0.control[0]
transfer,normal,land_detector_state_inversion__2018-12-19__07_49_17__baseline,12.831279,12.736330032348633,4.572563171386719,True,vehicle_attitude_setpoint.pitch_body
transfer,normal,land_detector_state_inversion__2018-12-19__07_49_17__baseline,13.631279,12.736330032348633,4.572563171386719,True,vehicle_attitude_setpoint.pitch_body
transfer,normal,land_detector_state_inversion__2018-12-19__07_49_17__baseline,14.431279,12.736330032348633,4.572563171386719,True,vehicle_attitude_setpoint.pitch_body
transfer,normal,land_detector_state_inversion__2018-12-19__07_49_17__baseline,15.231278999999999,12.736330032348633,4.572563171386719,True,vehicle_attitude_setpoint.pitch_body
transfer,normal,land_detector_state_inversion__2018-12-19__07_49_17__baseline,16.031279,12.736330032348633,4.572563171386719,True,vehicle_attitude_setpoint.pitch_body
transfer,normal,land_detector_state_inversion__2018-12-19__07_49_17__baseline,16.831279000000002,12.736330032348633,4.572563171386719,True,vehicle_attitude_setpoint.pitch_body
transfer,normal,land_detector_state_inversion__2018-12-19__07_49_17__baseline,17.631279000000003,12.736330032348633,4.572563171386719,True,vehicle_attitude_setpoint.pitch_body
transfer,normal,land_detector_state_inversion__2018-12-19__07_49_17__baseline,18.431279,12.736330032348633,4.572563171386719,True,vehicle_attitude_setpoint.pitch_body
transfer,normal,land_detector_state_inversion__2018-12-19__07_49_17__baseline,19.231279,12.736330032348633,4.572563171386719,True,vehicle_attitude_setpoint.pitch_body
transfer,normal,land_detector_state_inversion__2018-12-19__07_49_17__baseline,20.031279,12.736330032348633,4.572563171386719,True,vehicle_attitude_setpoint.pitch_body
transfer,normal,land_detector_state_inversion__2018-12-19__07_49_17__baseline,20.831279000000002,1.6915321350097656,4.572563171386719,False,vehicle_attitude_setpoint.roll_body
transfer,normal,land_detector_state_inversion__2018-12-19__07_49_17__baseline,21.631279000000003,1.6915321350097656,4.572563171386719,False,vehicle_attitude_setpoint.roll_body
transfer,normal,land_detector_state_inversion__2018-12-19__07_49_17__baseline,22.431279,1.6915321350097656,4.572563171386719,False,vehicle_attitude_setpoint.roll_body
transfer,normal,land_detector_state_inversion__2018-12-19__07_49_17__baseline,23.231279,1.6915321350097656,4.572563171386719,False,vehicle_attitude_setpoint.roll_body
transfer,normal,land_detector_state_inversion__2018-12-19__07_49_17__baseline,24.031279,1.6915321350097656,4.572563171386719,False,vehicle_attitude_setpoint.roll_body
transfer,normal,land_detector_state_inversion__2018-12-19__07_49_17__baseline,24.831279000000002,1.6915321350097656,4.572563171386719,False,vehicle_attitude_setpoint.roll_body
transfer,normal,land_detector_state_inversion__2018-12-19__07_49_17__baseline,25.631279000000003,1.559920310974121,4.572563171386719,False,vehicle_attitude_setpoint.pitch_body
transfer,normal,land_detector_state_inversion__2018-12-19__07_49_17__baseline,26.431279,0.4021263122558594,4.572563171386719,False,vehicle_attitude_setpoint.roll_body
transfer,normal,land_detector_state_inversion__2018-12-19__07_49_17__baseline,27.231279,0.4021263122558594,4.572563171386719,False,vehicle_attitude_setpoint.roll_body
transfer,normal,land_detector_state_inversion__2018-12-19__07_49_17__baseline,28.031279,0.5650222301483154,4.572563171386719,False,vehicle_attitude_setpoint.roll_body
transfer,normal,land_detector_state_inversion__2018-12-19__07_49_17__baseline,28.831279000000002,0.8452343940734863,4.572563171386719,False,vehicle_attitude_setpoint.pitch_body
transfer,normal,land_detector_state_inversion__2018-12-19__07_49_17__baseline,29.631279000000003,0.5924034118652344,4.572563171386719,False,vehicle_attitude_setpoint.pitch_body
transfer,normal,land_detector_state_inversion__2018-12-19__07_49_17__baseline,30.431279,1.3184642791748047,4.572563171386719,False,vehicle_attitude_setpoint.roll_body
transfer,normal,land_detector_state_inversion__2018-12-19__07_49_17__baseline,31.231279,0.7680177688598633,4.572563171386719,False,vehicle_attitude_setpoint.roll_body
transfer,normal,land_detector_state_inversion__2018-12-19__07_49_17__baseline,32.031279,0.8100414276123047,4.572563171386719,False,vehicle_attitude_setpoint.pitch_body
transfer,normal,land_detector_state_inversion__2018-12-19__07_49_17__baseline,32.831278999999995,0.7680177688598633,4.572563171386719,False,vehicle_attitude_setpoint.roll_body
transfer,normal,land_detector_state_inversion__2018-12-19__07_49_17__baseline,33.631279,0.7680177688598633,4.572563171386719,False,vehicle_attitude_setpoint.roll_body
transfer,normal,land_detector_state_inversion__2018-12-19__07_49_17__baseline,34.431278999999996,0.7680177688598633,4.572563171386719,False,vehicle_attitude_setpoint.roll_body
transfer,normal,land_detector_state_inversion__2018-12-19__07_49_17__baseline,35.231279,0.7680177688598633,4.572563171386719,False,vehicle_attitude_setpoint.roll_body
transfer,normal,land_detector_state_inversion__2018-12-19__07_49_17__baseline,36.031279,0.7680177688598633,4.572563171386719,False,vehicle_attitude_setpoint.roll_body
transfer,normal,land_detector_state_inversion__2018-12-19__07_49_17__baseline,36.831278999999995,2.1800804138183594,4.572563171386719,False,vehicle_attitude_setpoint.roll_body
transfer,normal,land_detector_state_inversion__2018-12-19__07_49_17__baseline,37.631279,2.1800804138183594,4.572563171386719,False,vehicle_attitude_setpoint.roll_body
transfer,normal,land_detector_state_inversion__2018-12-19__07_49_17__baseline,38.431278999999996,2.1800804138183594,4.572563171386719,False,vehicle_attitude_setpoint.roll_body
transfer,normal,land_detector_state_inversion__2018-12-19__07_49_17__baseline,39.231279,1.8891644477844238,4.572563171386719,False,vehicle_attitude_setpoint.roll_body
transfer,normal,land_detector_state_inversion__2018-12-19__07_49_17__baseline,40.031279,1.5546607971191406,4.572563171386719,False,vehicle_attitude_setpoint.roll_body
transfer,normal,land_detector_state_inversion__2018-12-19__07_49_17__baseline,40.831278999999995,1.5546607971191406,4.572563171386719,False,vehicle_attitude_setpoint.roll_body
transfer,normal,land_detector_state_inversion__2018-12-19__07_49_17__baseline,41.631279,1.5546607971191406,4.572563171386719,False,vehicle_attitude_setpoint.roll_body
transfer,normal,land_detector_state_inversion__2018-12-19__07_49_17__baseline,42.431278999999996,1.7526841163635254,4.572563171386719,False,vehicle_attitude_setpoint.roll_body
transfer,normal,land_detector_state_inversion__2018-12-19__07_49_17__baseline,43.231279,1.7526841163635254,4.572563171386719,False,vehicle_attitude_setpoint.roll_body
transfer,normal,land_detector_state_inversion__2018-12-19__07_49_17__baseline,44.031279,1.7526841163635254,4.572563171386719,False,vehicle_attitude_setpoint.roll_body
transfer,normal,land_detector_state_inversion__2018-12-19__07_49_17__baseline,44.831278999999995,0.5557537078857422,4.572563171386719,False,vehicle_attitude_setpoint.pitch_body
transfer,normal,land_detector_state_inversion__2018-12-19__07_49_17__baseline,45.631279,0.5557537078857422,4.572563171386719,False,vehicle_attitude_setpoint.pitch_body
transfer,normal,land_detector_state_inversion__2018-12-19__07_49_17__baseline,46.431278999999996,0.5557537078857422,4.572563171386719,False,vehicle_attitude_setpoint.pitch_body
transfer,normal,land_detector_state_inversion__2018-12-19__07_49_17__baseline,47.231279,2.1335792541503906,4.572563171386719,False,vehicle_attitude_setpoint.roll_body
transfer,normal,land_detector_state_inversion__2018-12-19__07_49_17__baseline,48.031279,2.1335792541503906,4.572563171386719,False,vehicle_attitude_setpoint.roll_body
transfer,normal,land_detector_state_inversion__2018-12-19__07_49_17__baseline,48.831278999999995,2.1335792541503906,4.572563171386719,False,vehicle_attitude_setpoint.roll_body
transfer,normal,land_detector_state_inversion__2018-12-19__07_49_17__baseline,49.631279,2.1335792541503906,4.572563171386719,False,vehicle_attitude_setpoint.roll_body
transfer,normal,land_detector_state_inversion__2018-12-19__07_49_17__baseline,50.431278999999996,2.1335792541503906,4.572563171386719,False,vehicle_attitude_setpoint.roll_body
transfer,normal,land_detector_state_inversion__2018-12-19__07_49_17__baseline,51.231279,2.1335792541503906,4.572563171386719,False,vehicle_attitude_setpoint.roll_body
transfer,normal,land_detector_state_inversion__2018-12-19__07_49_17__baseline,52.031279,2.1335792541503906,4.572563171386719,False,vehicle_attitude_setpoint.roll_body
transfer,normal,land_detector_state_inversion__2018-12-19__07_49_17__baseline,52.831278999999995,2.1335792541503906,4.572563171386719,False,vehicle_attitude_setpoint.roll_body
transfer,normal,land_detector_state_inversion__2018-12-19__07_49_17__baseline,53.631279,2.1335792541503906,4.572563171386719,False,vehicle_attitude_setpoint.roll_body
transfer,normal,land_detector_state_inversion__2018-12-19__07_49_17__baseline,54.431278999999996,2.1335792541503906,4.572563171386719,False,vehicle_attitude_setpoint.roll_body
transfer,normal,land_detector_state_inversion__2018-12-19__07_49_17__baseline,55.231279,1.3810539245605469,4.572563171386719,False,vehicle_attitude_setpoint.roll_body
transfer,normal,land_detector_state_inversion__2018-12-19__07_49_17__baseline,56.031279,1.0243463516235352,4.572563171386719,False,vehicle_attitude_setpoint.roll_body
transfer,normal,land_detector_state_inversion__2018-12-19__07_49_17__baseline,56.831278999999995,0.8222007751464844,4.572563171386719,False,vehicle_attitude_setpoint.roll_body
transfer,normal,land_detector_state_inversion__2018-12-19__07_49_17__baseline,57.631279,0.8222007751464844,4.572563171386719,False,vehicle_attitude_setpoint.roll_body
transfer,normal,land_detector_state_inversion__2018-12-19__07_49_17__baseline,58.431278999999996,1.1098003387451172,4.572563171386719,False,vehicle_attitude_setpoint.pitch_body
transfer,normal,land_detector_state_inversion__2018-12-19__07_49_17__baseline,59.231279,1.1098003387451172,4.572563171386719,False,vehicle_attitude_setpoint.pitch_body
transfer,normal,land_detector_state_inversion__2018-12-19__07_49_17__baseline,60.031279,1.1098003387451172,4.572563171386719,False,vehicle_attitude_setpoint.pitch_body
transfer,normal,land_detector_state_inversion__2018-12-19__07_49_17__baseline,60.831278999999995,1.1098003387451172,4.572563171386719,False,vehicle_attitude_setpoint.pitch_body
transfer,normal,land_detector_state_inversion__2018-12-19__07_49_17__baseline,61.631279,1.1098003387451172,4.572563171386719,False,vehicle_attitude_setpoint.pitch_body
transfer,normal,land_detector_state_inversion__2018-12-19__07_49_17__baseline,62.431278999999996,1.1098003387451172,4.572563171386719,False,vehicle_attitude_setpoint.pitch_body
transfer,normal,land_detector_state_inversion__2018-12-19__07_49_17__baseline,63.231279,1.1098003387451172,4.572563171386719,False,vehicle_attitude_setpoint.pitch_body
transfer,normal,land_detector_state_inversion__2018-12-19__07_49_17__baseline,64.031279,1.1098003387451172,4.572563171386719,False,vehicle_attitude_setpoint.pitch_body
transfer,normal,land_detector_state_inversion__2018-12-19__07_49_17__baseline,64.831279,0.8222007751464844,4.572563171386719,False,vehicle_attitude_setpoint.roll_body
transfer,normal,land_detector_state_inversion__2018-12-19__07_49_17__baseline,65.63127899999999,0.8222007751464844,4.572563171386719,False,vehicle_attitude_setpoint.roll_body
transfer,normal,land_detector_state_inversion__2018-12-19__07_49_17__baseline,66.431279,0.8636569976806641,4.572563171386719,False,vehicle_attitude_setpoint.roll_body
transfer,normal,land_detector_state_inversion__2018-12-19__07_49_17__baseline,67.231279,1.9529008865356445,4.572563171386719,False,vehicle_attitude_setpoint.pitch_body
transfer,normal,land_detector_state_inversion__2018-12-19__07_49_17__baseline,68.031279,6.005063056945801,4.572563171386719,True,vehicle_attitude_setpoint.roll_body
transfer,normal,land_detector_state_inversion__2018-12-19__07_49_17__baseline,68.831279,6.005063056945801,4.572563171386719,True,vehicle_attitude_setpoint.roll_body
transfer,normal,land_detector_state_inversion__2018-12-19__07_49_17__baseline,69.63127899999999,6.005063056945801,4.572563171386719,True,vehicle_attitude_setpoint.roll_body
transfer,normal,land_detector_state_inversion__2018-12-19__07_49_17__baseline,70.431279,6.005063056945801,4.572563171386719,True,vehicle_attitude_setpoint.roll_body
transfer,normal,land_detector_state_inversion__2018-12-19__07_49_17__baseline,71.231279,6.005063056945801,4.572563171386719,True,vehicle_attitude_setpoint.roll_body
transfer,normal,land_detector_state_inversion__2018-12-19__07_49_17__baseline,72.031279,6.005063056945801,4.572563171386719,True,vehicle_attitude_setpoint.roll_body
transfer,normal,land_detector_state_inversion__2018-12-19__07_49_17__baseline,72.831279,6.005063056945801,4.572563171386719,True,vehicle_attitude_setpoint.roll_body
transfer,normal,land_detector_state_inversion__2018-12-19__07_49_17__baseline,73.63127899999999,6.005063056945801,4.572563171386719,True,vehicle_attitude_setpoint.roll_body
transfer,normal,land_detector_state_inversion__2018-12-19__07_49_17__baseline,74.431279,6.005063056945801,4.572563171386719,True,vehicle_attitude_setpoint.roll_body
transfer,normal,land_detector_state_inversion__2018-12-19__07_49_17__baseline,75.231279,6.005063056945801,4.572563171386719,True,vehicle_attitude_setpoint.roll_body
transfer,normal,land_detector_state_inversion__2018-12-19__07_49_17__baseline,76.031279,2.5572705268859863,4.572563171386719,False,vehicle_attitude_setpoint.pitch_body
transfer,normal,land_detector_state_inversion__2018-12-19__07_49_17__baseline,76.831279,2.5572705268859863,4.572563171386719,False,vehicle_attitude_setpoint.pitch_body
transfer,normal,land_detector_state_inversion__2018-12-19__07_49_17__baseline,77.63127899999999,2.5572705268859863,4.572563171386719,False,vehicle_attitude_setpoint.pitch_body
transfer,normal,land_detector_state_inversion__2018-12-19__07_49_17__baseline,78.431279,2.5572705268859863,4.572563171386719,False,vehicle_attitude_setpoint.pitch_body
transfer,normal,land_detector_state_inversion__2018-12-19__07_49_17__baseline,79.231279,2.5572705268859863,4.572563171386719,False,vehicle_attitude_setpoint.pitch_body
transfer,normal,land_detector_state_inversion__2018-12-19__07_49_17__baseline,80.031279,2.5572705268859863,4.572563171386719,False,vehicle_attitude_setpoint.pitch_body
transfer,normal,land_detector_state_inversion__2018-12-19__07_49_17__baseline,80.831279,1.6246604919433594,4.572563171386719,False,vehicle_attitude_setpoint.roll_body
transfer,normal,land_detector_state_inversion__2018-12-19__07_49_17__baseline,81.63127899999999,1.6246604919433594,4.572563171386719,False,vehicle_attitude_setpoint.roll_body
transfer,normal,land_detector_state_inversion__2018-12-19__07_49_17__baseline,82.431279,1.6246604919433594,4.572563171386719,False,vehicle_attitude_setpoint.roll_body
transfer,normal,land_detector_state_inversion__2018-12-19__07_49_17__baseline,83.231279,3.216552734375,4.572563171386719,False,vehicle_attitude_setpoint.pitch_body
transfer,normal,land_detector_state_inversion__2018-12-19__07_49_17__baseline,84.031279,3.0600452423095703,4.572563171386719,False,vehicle_attitude_setpoint.pitch_body
transfer,normal,land_detector_state_inversion__2018-12-19__07_49_17__baseline,84.831279,3.058185577392578,4.572563171386719,False,vehicle_attitude_setpoint.pitch_body
transfer,normal,land_detector_state_inversion__2018-12-19__07_49_17__baseline,85.63127899999999,3.058185577392578,4.572563171386719,False,vehicle_attitude_setpoint.pitch_body
transfer,normal,land_detector_state_inversion__2018-12-19__07_49_17__baseline,86.431279,3.058185577392578,4.572563171386719,False,vehicle_attitude_setpoint.pitch_body
transfer,normal,land_detector_state_inversion__2018-12-20__07_47_50__baseline,9.618195,0.0,4.572563171386719,False,actuator_controls_0.control[0]
transfer,normal,land_detector_state_inversion__2018-12-20__07_47_50__baseline,10.418195,0.0,4.572563171386719,False,actuator_controls_0.control[0]
transfer,normal,land_detector_state_inversion__2018-12-20__07_47_50__baseline,11.218195,0.0,4.572563171386719,False,actuator_controls_0.control[0]
transfer,normal,land_detector_state_inversion__2018-12-20__07_47_50__baseline,12.018195,0.0,4.572563171386719,False,actuator_controls_0.control[0]
transfer,normal,land_detector_state_inversion__2018-12-20__07_47_50__baseline,12.818195000000001,0.0,4.572563171386719,False,actuator_controls_0.control[0]
transfer,normal,land_detector_state_inversion__2018-12-20__07_47_50__baseline,13.618195,0.0,4.572563171386719,False,actuator_controls_0.control[0]
transfer,normal,land_detector_state_inversion__2018-12-20__07_47_50__baseline,14.418195,0.0,4.572563171386719,False,actuator_controls_0.control[0]
transfer,normal,land_detector_state_inversion__2018-12-20__07_47_50__baseline,15.218195,0.0,4.572563171386719,False,actuator_controls_0.control[0]
transfer,normal,land_detector_state_inversion__2018-12-20__07_47_50__baseline,16.018195,0.0,4.572563171386719,False,actuator_controls_0.control[0]
transfer,normal,land_detector_state_inversion__2018-12-20__07_47_50__baseline,16.818195,0.0,4.572563171386719,False,actuator_controls_0.control[0]
transfer,normal,land_detector_state_inversion__2018-12-20__07_47_50__baseline,17.618195,0.0,4.572563171386719,False,actuator_controls_0.control[0]
transfer,normal,land_detector_state_inversion__2018-12-20__07_47_50__baseline,18.418194999999997,0.0,4.572563171386719,False,actuator_controls_0.control[0]
transfer,normal,land_detector_state_inversion__2018-12-20__07_47_50__baseline,19.218194999999998,0.0,4.572563171386719,False,actuator_controls_0.control[0]
transfer,normal,land_detector_state_inversion__2018-12-20__07_47_50__baseline,20.018195,0.0,4.572563171386719,False,actuator_controls_0.control[0]
transfer,normal,land_detector_state_inversion__2018-12-20__07_47_50__baseline,20.818195,0.0,4.572563171386719,False,actuator_controls_0.control[0]
transfer,normal,land_detector_state_inversion__2018-12-20__07_47_50__baseline,21.618195,0.0,4.572563171386719,False,actuator_controls_0.control[0]
transfer,normal,land_detector_state_inversion__2018-12-20__07_47_50__baseline,22.418194999999997,0.0,4.572563171386719,False,actuator_controls_0.control[0]
transfer,normal,land_detector_state_inversion__2018-12-20__07_47_50__baseline,23.218194999999998,0.0,4.572563171386719,False,actuator_controls_0.control[0]
transfer,normal,land_detector_state_inversion__2018-12-20__07_47_50__baseline,24.018195,0.0,4.572563171386719,False,actuator_controls_0.control[0]
transfer,normal,land_detector_state_inversion__2018-12-20__07_47_50__baseline,24.818195,0.0,4.572563171386719,False,actuator_controls_0.control[0]
transfer,normal,land_detector_state_inversion__2018-12-20__07_47_50__baseline,25.618195,0.0,4.572563171386719,False,actuator_controls_0.control[0]
transfer,normal,land_detector_state_inversion__2018-12-20__07_47_50__baseline,26.418194999999997,0.0,4.572563171386719,False,actuator_controls_0.control[0]
transfer,normal,land_detector_state_inversion__2018-12-20__07_47_50__baseline,27.218194999999998,0.0,4.572563171386719,False,actuator_controls_0.control[0]
transfer,normal,land_detector_state_inversion__2018-12-20__07_47_50__baseline,28.018195,0.0,4.572563171386719,False,actuator_controls_0.control[0]
transfer,normal,land_detector_state_inversion__2018-12-20__07_47_50__baseline,28.818195,0.0,4.572563171386719,False,actuator_controls_0.control[0]
transfer,normal,land_detector_state_inversion__2018-12-20__07_47_50__baseline,29.618195,0.0,4.572563171386719,False,actuator_controls_0.control[0]
transfer,normal,land_detector_state_inversion__2018-12-20__07_47_50__baseline,30.418194999999997,0.0,4.572563171386719,False,actuator_controls_0.control[0]
transfer,normal,land_detector_state_inversion__2018-12-20__07_47_50__baseline,31.218194999999998,0.0,4.572563171386719,False,actuator_controls_0.control[0]
transfer,normal,land_detector_state_inversion__2018-12-20__07_47_50__baseline,32.018195,0.0,4.572563171386719,False,actuator_controls_0.control[0]
transfer,normal,land_detector_state_inversion__2018-12-20__07_47_50__baseline,32.818194999999996,0.0,4.572563171386719,False,actuator_controls_0.control[0]
transfer,normal,land_detector_state_inversion__2018-12-20__07_47_50__baseline,33.618195,0.0,4.572563171386719,False,actuator_controls_0.control[0]
transfer,normal,land_detector_state_inversion__2018-12-20__07_47_50__baseline,34.418195,0.0,4.572563171386719,False,actuator_controls_0.control[0]
transfer,normal,land_detector_state_inversion__2018-12-20__07_47_50__baseline,35.218195,0.0,4.572563171386719,False,actuator_controls_0.control[0]
transfer,normal,land_detector_state_inversion__2018-12-20__07_47_50__baseline,36.018195,0.0,4.572563171386719,False,actuator_controls_0.control[0]
transfer,normal,land_detector_state_inversion__2018-12-20__07_47_50__baseline,36.818194999999996,0.0,4.572563171386719,False,actuator_controls_0.control[0]
transfer,normal,land_detector_state_inversion__2018-12-20__07_47_50__baseline,37.618195,0.0,4.572563171386719,False,actuator_controls_0.control[0]
transfer,normal,land_detector_state_inversion__2018-12-20__07_47_50__baseline,38.418195,0.0,4.572563171386719,False,actuator_controls_0.control[0]
transfer,normal,land_detector_state_inversion__2018-12-20__07_47_50__baseline,39.218195,0.0,4.572563171386719,False,actuator_controls_0.control[0]
transfer,normal,land_detector_state_inversion__2018-12-20__07_47_50__baseline,40.018195,0.0,4.572563171386719,False,actuator_controls_0.control[0]
transfer,normal,land_detector_state_inversion__2018-12-20__07_47_50__baseline,40.818194999999996,0.0,4.572563171386719,False,actuator_controls_0.control[0]
transfer,normal,land_detector_state_inversion__2018-12-20__07_47_50__baseline,41.618195,0.0,4.572563171386719,False,actuator_controls_0.control[0]
transfer,normal,land_detector_state_inversion__2018-12-20__07_47_50__baseline,42.418195,0.0,4.572563171386719,False,actuator_controls_0.control[0]
transfer,normal,land_detector_state_inversion__2018-12-20__07_47_50__baseline,43.218195,0.0,4.572563171386719,False,actuator_controls_0.control[0]
transfer,normal,land_detector_state_inversion__2018-12-20__07_47_50__baseline,44.018195,0.0,4.572563171386719,False,actuator_controls_0.control[0]
transfer,normal,land_detector_state_inversion__2018-12-20__07_47_50__baseline,44.818194999999996,0.0,4.572563171386719,False,actuator_controls_0.control[0]
transfer,normal,land_detector_state_inversion__2018-12-20__07_47_50__baseline,45.618195,0.0,4.572563171386719,False,actuator_controls_0.control[0]
transfer,normal,land_detector_state_inversion__2018-12-20__07_47_50__baseline,46.418195,0.0,4.572563171386719,False,actuator_controls_0.control[0]
transfer,normal,land_detector_state_inversion__2018-12-20__07_47_50__baseline,47.218195,0.0,4.572563171386719,False,actuator_controls_0.control[0]
transfer,normal,land_detector_state_inversion__2018-12-20__07_47_50__baseline,48.018195,0.0,4.572563171386719,False,actuator_controls_0.control[0]
transfer,normal,land_detector_state_inversion__2018-12-20__07_47_50__baseline,48.818194999999996,0.0,4.572563171386719,False,actuator_controls_0.control[0]
transfer,normal,land_detector_state_inversion__2018-12-20__07_47_50__baseline,49.618195,0.0,4.572563171386719,False,actuator_controls_0.control[0]
transfer,normal,land_detector_state_inversion__2018-12-20__07_47_50__baseline,50.418195,0.0,4.572563171386719,False,actuator_controls_0.control[0]
transfer,normal,land_detector_state_inversion__2018-12-20__07_47_50__baseline,51.218195,0.0,4.572563171386719,False,actuator_controls_0.control[0]
transfer,normal,land_detector_state_inversion__2018-12-20__07_47_50__baseline,52.018195,0.0,4.572563171386719,False,actuator_controls_0.control[0]
transfer,normal,land_detector_state_inversion__2018-12-20__07_47_50__baseline,52.818194999999996,0.0,4.572563171386719,False,actuator_controls_0.control[0]
transfer,normal,land_detector_state_inversion__2018-12-20__07_47_50__baseline,53.618195,0.0,4.572563171386719,False,actuator_controls_0.control[0]
transfer,normal,land_detector_state_inversion__2018-12-20__07_47_50__baseline,54.418195,0.0,4.572563171386719,False,actuator_controls_0.control[0]
transfer,normal,land_detector_state_inversion__2018-12-20__07_47_50__baseline,55.218195,0.0,4.572563171386719,False,actuator_controls_0.control[0]
transfer,normal,land_detector_state_inversion__2018-12-20__07_47_50__baseline,56.018195,0.0,4.572563171386719,False,actuator_controls_0.control[0]
transfer,normal,land_detector_state_inversion__2018-12-20__07_47_50__baseline,56.818194999999996,0.0,4.572563171386719,False,actuator_controls_0.control[0]
transfer,normal,land_detector_state_inversion__2018-12-20__07_47_50__baseline,57.618195,0.0,4.572563171386719,False,actuator_controls_0.control[0]
transfer,normal,land_detector_state_inversion__2018-12-20__07_47_50__baseline,58.418195,0.0,4.572563171386719,False,actuator_controls_0.control[0]
transfer,normal,land_detector_state_inversion__2018-12-20__07_47_50__baseline,59.218195,0.0,4.572563171386719,False,actuator_controls_0.control[0]
transfer,normal,land_detector_state_inversion__2018-12-20__07_47_50__baseline,60.018195,0.0,4.572563171386719,False,actuator_controls_0.control[0]
transfer,normal,land_detector_state_inversion__2018-12-20__07_47_50__baseline,60.818194999999996,0.0,4.572563171386719,False,actuator_controls_0.control[0]
transfer,normal,land_detector_state_inversion__2018-12-20__07_47_50__baseline,61.618195,0.0,4.572563171386719,False,actuator_controls_0.control[0]
transfer,normal,land_detector_state_inversion__2018-12-20__07_47_50__baseline,62.418195,0.0,4.572563171386719,False,actuator_controls_0.control[0]
transfer,normal,land_detector_state_inversion__2018-12-20__07_47_50__baseline,63.218195,0.0,4.572563171386719,False,actuator_controls_0.control[0]
transfer,normal,land_detector_state_inversion__2018-12-20__07_47_50__baseline,64.018195,0.0,4.572563171386719,False,actuator_controls_0.control[0]
transfer,normal,land_detector_state_inversion__2018-12-20__07_47_50__baseline,64.818195,0.0,4.572563171386719,False,actuator_controls_0.control[0]
transfer,normal,land_detector_state_inversion__2018-12-20__07_47_50__baseline,65.618195,0.0,4.572563171386719,False,actuator_controls_0.control[0]
transfer,normal,land_detector_state_inversion__2018-12-20__07_47_50__baseline,66.41819500000001,0.0,4.572563171386719,False,actuator_controls_0.control[0]
transfer,normal,land_detector_state_inversion__2018-12-20__07_47_50__baseline,67.21819500000001,0.0,4.572563171386719,False,actuator_controls_0.control[0]
transfer,normal,land_detector_state_inversion__2018-12-20__07_47_50__baseline,68.018195,0.0,4.572563171386719,False,actuator_controls_0.control[0]
transfer,normal,land_detector_state_inversion__2018-12-20__07_47_50__baseline,68.818195,0.0,4.572563171386719,False,actuator_controls_0.control[0]
transfer,normal,land_detector_state_inversion__2018-12-20__07_47_50__baseline,69.618195,0.0,4.572563171386719,False,actuator_controls_0.control[0]
transfer,normal,land_detector_state_inversion__2018-12-20__07_47_50__baseline,70.41819500000001,0.0,4.572563171386719,False,actuator_controls_0.control[0]
transfer,normal,land_detector_state_inversion__2018-12-20__07_47_50__baseline,71.21819500000001,0.0,4.572563171386719,False,actuator_controls_0.control[0]
transfer,normal,land_detector_state_inversion__2018-12-20__07_47_50__baseline,72.018195,0.0,4.572563171386719,False,actuator_controls_0.control[0]
transfer,normal,land_detector_state_inversion__2018-12-20__07_47_50__baseline,72.818195,0.0,4.572563171386719,False,actuator_controls_0.control[0]
transfer,normal,land_detector_state_inversion__2018-12-20__07_47_50__baseline,73.618195,0.0,4.572563171386719,False,actuator_controls_0.control[0]
transfer,normal,land_detector_state_inversion__2018-12-20__07_47_50__baseline,74.41819500000001,0.0,4.572563171386719,False,actuator_controls_0.control[0]
transfer,normal,land_detector_state_inversion__2018-12-20__07_47_50__baseline,75.21819500000001,0.0,4.572563171386719,False,actuator_controls_0.control[0]
transfer,normal,land_detector_state_inversion__2018-12-20__07_47_50__baseline,76.018195,0.0,4.572563171386719,False,actuator_controls_0.control[0]
transfer,normal,land_detector_state_inversion__2018-12-20__07_47_50__baseline,76.818195,0.0,4.572563171386719,False,actuator_controls_0.control[0]
transfer,normal,land_detector_state_inversion__2018-12-20__07_47_50__baseline,77.618195,0.0,4.572563171386719,False,actuator_controls_0.control[0]
transfer,normal,land_detector_state_inversion__2018-12-20__07_47_50__baseline,78.41819500000001,0.0,4.572563171386719,False,actuator_controls_0.control[0]
transfer,normal,land_detector_state_inversion__2018-12-20__07_47_50__baseline,79.21819500000001,0.0,4.572563171386719,False,actuator_controls_0.control[0]
transfer,normal,land_detector_state_inversion__2018-12-20__07_47_50__baseline,80.018195,0.0,4.572563171386719,False,actuator_controls_0.control[0]
transfer,normal,land_detector_state_inversion__2018-12-20__07_47_50__baseline,80.818195,0.0,4.572563171386719,False,actuator_controls_0.control[0]
transfer,normal,land_detector_state_inversion__2018-12-20__07_47_50__baseline,81.618195,0.0,4.572563171386719,False,actuator_controls_0.control[0]
transfer,normal,land_detector_state_inversion__2018-12-20__07_47_50__baseline,82.41819500000001,0.0,4.572563171386719,False,actuator_controls_0.control[0]
transfer,normal,land_detector_state_inversion__2018-12-20__07_47_50__baseline,83.21819500000001,0.0,4.572563171386719,False,actuator_controls_0.control[0]
transfer,normal,land_detector_state_inversion__2018-12-20__07_47_50__baseline,84.018195,0.0,4.572563171386719,False,actuator_controls_0.control[0]
transfer,normal,land_detector_state_inversion__2018-12-20__07_47_50__baseline,84.818195,0.0,4.572563171386719,False,actuator_controls_0.control[0]
transfer,normal,land_detector_state_inversion__2018-12-20__07_47_50__baseline,85.618195,0.0,4.572563171386719,False,actuator_controls_0.control[0]
transfer,normal,land_detector_state_inversion__2018-12-20__07_47_50__baseline,86.41819500000001,0.0,4.572563171386719,False,actuator_controls_0.control[0]
transfer,normal,land_detector_state_inversion__2018-12-20__07_47_50__baseline,87.21819500000001,0.0,4.572563171386719,False,actuator_controls_0.control[0]
transfer,normal,land_detector_state_inversion__2018-12-20__07_47_50__baseline,88.018195,0.0,4.572563171386719,False,actuator_controls_0.control[0]
transfer,normal,land_detector_state_inversion__2018-12-20__07_47_50__baseline,88.818195,0.0,4.572563171386719,False,actuator_controls_0.control[0]
transfer,normal,land_detector_state_inversion__2018-12-20__07_47_50__baseline,89.618195,0.0,4.572563171386719,False,actuator_controls_0.control[0]
transfer,normal,land_detector_state_inversion__2018-12-20__07_47_50__baseline,90.41819500000001,0.0,4.572563171386719,False,actuator_controls_0.control[0]
transfer,normal,land_detector_state_inversion__2018-12-20__07_47_50__baseline,91.21819500000001,0.0,4.572563171386719,False,actuator_controls_0.control[0]
transfer,normal,land_detector_state_inversion__2018-12-20__07_47_50__baseline,92.018195,0.0,4.572563171386719,False,actuator_controls_0.control[0]
transfer,normal,land_detector_state_inversion__2018-12-20__07_47_50__baseline,92.818195,0.0,4.572563171386719,False,actuator_controls_0.control[0]
transfer,normal,land_detector_state_inversion__2018-12-20__07_47_50__baseline,93.618195,0.0,4.572563171386719,False,actuator_controls_0.control[0]
transfer,normal,land_detector_state_inversion__2018-12-20__07_47_50__baseline,94.41819500000001,0.0,4.572563171386719,False,actuator_controls_0.control[0]
transfer,normal,land_detector_state_inversion__2018-12-20__07_47_50__baseline,95.21819500000001,0.0,4.572563171386719,False,actuator_controls_0.control[0]
transfer,normal,land_detector_state_inversion__2018-12-20__07_47_50__baseline,96.018195,0.0,4.572563171386719,False,actuator_controls_0.control[0]
transfer,normal,land_detector_state_inversion__2018-12-20__07_47_50__baseline,96.818195,0.0,4.572563171386719,False,actuator_controls_0.control[0]
transfer,normal,land_detector_state_inversion__2018-12-20__07_47_50__baseline,97.618195,0.0,4.572563171386719,False,actuator_controls_0.control[0]
transfer,normal,land_detector_state_inversion__2018-12-20__07_47_50__baseline,98.41819500000001,0.0,4.572563171386719,False,actuator_controls_0.control[0]
transfer,normal,land_detector_state_inversion__2018-12-20__07_47_50__baseline,99.21819500000001,0.0,4.572563171386719,False,actuator_controls_0.control[0]
transfer,normal,land_detector_state_inversion__2018-12-20__07_47_50__baseline,100.018195,0.0,4.572563171386719,False,actuator_controls_0.control[0]
transfer,normal,land_detector_state_inversion__2018-12-20__07_47_50__baseline,100.818195,0.0,4.572563171386719,False,actuator_controls_0.control[0]
transfer,normal,land_detector_state_inversion__2018-12-20__07_47_50__baseline,101.618195,0.0,4.572563171386719,False,actuator_controls_0.control[0]
transfer,normal,land_detector_state_inversion__2018-12-20__07_47_50__baseline,102.41819500000001,0.0,4.572563171386719,False,actuator_controls_0.control[0]
transfer,normal,land_detector_state_inversion__2018-12-20__07_47_50__baseline,103.21819500000001,0.0,4.572563171386719,False,actuator_controls_0.control[0]
transfer,normal,land_detector_state_inversion__2018-12-20__07_47_50__baseline,104.018195,0.0,4.572563171386719,False,actuator_controls_0.control[0]
transfer,normal,land_detector_state_inversion__2018-12-20__07_47_50__baseline,104.818195,0.0,4.572563171386719,False,actuator_controls_0.control[0]
transfer,normal,land_detector_state_inversion__2018-12-20__07_47_50__baseline,105.618195,0.0,4.572563171386719,False,actuator_controls_0.control[0]
transfer,normal,land_detector_state_inversion__2018-12-20__07_47_50__baseline,106.41819500000001,0.0,4.572563171386719,False,actuator_controls_0.control[0]
transfer,normal,land_detector_state_inversion__2018-12-20__07_47_50__baseline,107.21819500000001,0.0,4.572563171386719,False,actuator_controls_0.control[0]
transfer,normal,land_detector_state_inversion__2018-12-20__07_47_50__baseline,108.018195,0.0,4.572563171386719,False,actuator_controls_0.control[0]
transfer,normal,land_detector_state_inversion__2018-12-20__07_47_50__baseline,108.818195,0.0,4.572563171386719,False,actuator_controls_0.control[0]
transfer,normal,land_detector_state_inversion__2018-12-20__07_47_50__baseline,109.618195,0.0,4.572563171386719,False,actuator_controls_0.control[0]
transfer,normal,land_detector_state_inversion__2018-12-20__07_47_50__baseline,110.41819500000001,0.0,4.572563171386719,False,actuator_controls_0.control[0]
transfer,normal,land_detector_state_inversion__2018-12-20__07_47_50__baseline,111.21819500000001,0.0,4.572563171386719,False,actuator_controls_0.control[0]
transfer,normal,land_detector_state_inversion__2018-12-20__07_47_50__baseline,112.018195,0.0,4.572563171386719,False,actuator_controls_0.control[0]
transfer,normal,land_detector_state_inversion__2018-12-20__07_47_50__baseline,112.818195,0.0,4.572563171386719,False,actuator_controls_0.control[0]
transfer,normal,land_detector_state_inversion__2018-12-20__07_47_50__baseline,113.618195,0.0,4.572563171386719,False,actuator_controls_0.control[0]
transfer,normal,land_detector_state_inversion__2018-12-20__07_47_50__baseline,114.41819500000001,0.0,4.572563171386719,False,actuator_controls_0.control[0]
transfer,normal,land_detector_state_inversion__2018-12-20__07_47_50__baseline,115.21819500000001,0.0,4.572563171386719,False,actuator_controls_0.control[0]
transfer,normal,land_detector_state_inversion__2018-12-20__07_47_50__baseline,116.018195,0.0,4.572563171386719,False,actuator_controls_0.control[0]
transfer,normal,land_detector_state_inversion__2018-12-20__07_47_50__baseline,116.818195,0.0,4.572563171386719,False,actuator_controls_0.control[0]
transfer,normal,land_detector_state_inversion__2018-12-20__07_47_50__baseline,117.618195,0.0,4.572563171386719,False,actuator_controls_0.control[0]
transfer,normal,land_detector_state_inversion__2018-12-20__07_47_50__baseline,118.41819500000001,0.0,4.572563171386719,False,actuator_controls_0.control[0]
transfer,normal,land_detector_state_inversion__2018-12-20__07_47_50__baseline,119.21819500000001,0.0,4.572563171386719,False,actuator_controls_0.control[0]
transfer,normal,land_detector_state_inversion__2018-12-20__07_47_50__baseline,120.018195,0.0,4.572563171386719,False,actuator_controls_0.control[0]
transfer,normal,land_detector_state_inversion__2018-12-20__07_47_50__baseline,120.818195,0.0,4.572563171386719,False,actuator_controls_0.control[0]
transfer,normal,land_detector_state_inversion__2018-12-20__07_47_50__baseline,121.618195,0.0,4.572563171386719,False,actuator_controls_0.control[0]
transfer,normal,land_detector_state_inversion__2018-12-25__08_44_40__baseline,9.616244,0.0,4.572563171386719,False,actuator_controls_0.control[0]
transfer,normal,land_detector_state_inversion__2018-12-25__08_44_40__baseline,10.416244,0.0,4.572563171386719,False,actuator_controls_0.control[0]
transfer,normal,land_detector_state_inversion__2018-12-25__08_44_40__baseline,11.216244,0.0,4.572563171386719,False,actuator_controls_0.control[0]
transfer,normal,land_detector_state_inversion__2018-12-25__08_44_40__baseline,12.016244,0.0,4.572563171386719,False,actuator_controls_0.control[0]
transfer,normal,land_detector_state_inversion__2018-12-25__08_44_40__baseline,12.816244000000001,0.0,4.572563171386719,False,actuator_controls_0.control[0]
transfer,normal,land_detector_state_inversion__2018-12-25__08_44_40__baseline,13.616244,0.0,4.572563171386719,False,actuator_controls_0.control[0]
transfer,normal,land_detector_state_inversion__2018-12-25__08_44_40__baseline,14.416244,3.7325358390808105,4.572563171386719,False,vehicle_attitude_setpoint.pitch_body
transfer,normal,land_detector_state_inversion__2018-12-25__08_44_40__baseline,15.216244,3.7325358390808105,4.572563171386719,False,vehicle_attitude_setpoint.pitch_body
transfer,normal,land_detector_state_inversion__2018-12-25__08_44_40__baseline,16.016244,3.7325358390808105,4.572563171386719,False,vehicle_attitude_setpoint.pitch_body
transfer,normal,land_detector_state_inversion__2018-12-25__08_44_40__baseline,16.816244,3.9527034759521484,4.572563171386719,False,vehicle_attitude_setpoint.pitch_body
transfer,normal,land_detector_state_inversion__2018-12-25__08_44_40__baseline,17.616244000000002,1.752932071685791,4.572563171386719,False,vehicle_attitude_setpoint.roll_body
transfer,normal,land_detector_state_inversion__2018-12-25__08_44_40__baseline,18.416244,1.752932071685791,4.572563171386719,False,vehicle_attitude_setpoint.roll_body
transfer,normal,land_detector_state_inversion__2018-12-25__08_44_40__baseline,19.216244,1.752932071685791,4.572563171386719,False,vehicle_attitude_setpoint.roll_body
transfer,normal,land_detector_state_inversion__2018-12-25__08_44_40__baseline,20.016244,1.752932071685791,4.572563171386719,False,vehicle_attitude_setpoint.roll_body
transfer,normal,land_detector_state_inversion__2018-12-25__08_44_40__baseline,20.816244,1.752932071685791,4.572563171386719,False,vehicle_attitude_setpoint.roll_body
transfer,normal,land_detector_state_inversion__2018-12-25__08_44_40__baseline,21.616244000000002,1.752932071685791,4.572563171386719,False,vehicle_attitude_setpoint.roll_body
transfer,normal,land_detector_state_inversion__2018-12-25__08_44_40__baseline,22.416244,1.9394540786743164,4.572563171386719,False,vehicle_attitude_setpoint.pitch_body
transfer,normal,land_detector_state_inversion__2018-12-25__08_44_40__baseline,23.216244,2.8577327728271484,4.572563171386719,False,vehicle_attitude_setpoint.pitch_body
transfer,normal,land_detector_state_inversion__2018-12-25__08_44_40__baseline,24.016244,2.8577327728271484,4.572563171386719,False,vehicle_attitude_setpoint.pitch_body
transfer,normal,land_detector_state_inversion__2018-12-25__08_44_40__baseline,24.816244,8.242472410202026,4.572563171386719,True,vehicle_attitude_setpoint.pitch_body
transfer,normal,land_detector_state_inversion__2018-12-25__08_44_40__baseline,25.616244000000002,8.242472410202026,4.572563171386719,True,vehicle_attitude_setpoint.pitch_body
transfer,normal,land_detector_state_inversion__2018-12-25__08_44_40__baseline,26.416244,8.242472410202026,4.572563171386719,True,vehicle_attitude_setpoint.pitch_body
transfer,normal,land_detector_state_inversion__2018-12-25__08_44_40__baseline,27.216244,8.242472410202026,4.572563171386719,True,vehicle_attitude_setpoint.pitch_body
transfer,normal,land_detector_state_inversion__2018-12-25__08_44_40__baseline,28.016244,8.242472410202026,4.572563171386719,True,vehicle_attitude_setpoint.pitch_body
transfer,normal,land_detector_state_inversion__2018-12-25__08_44_40__baseline,28.816244,8.242472410202026,4.572563171386719,True,vehicle_attitude_setpoint.pitch_body
transfer,normal,land_detector_state_inversion__2018-12-25__08_44_40__baseline,29.616244000000002,8.242472410202026,4.572563171386719,True,vehicle_attitude_setpoint.pitch_body
transfer,normal,land_detector_state_inversion__2018-12-25__08_44_40__baseline,30.416244,8.242472410202026,4.572563171386719,True,vehicle_attitude_setpoint.pitch_body
transfer,normal,land_detector_state_inversion__2018-12-25__08_44_40__baseline,31.216244,8.242472410202026,4.572563171386719,True,vehicle_attitude_setpoint.pitch_body
transfer,normal,land_detector_state_inversion__2018-12-25__08_44_40__baseline,32.016244,8.242472410202026,4.572563171386719,True,vehicle_attitude_setpoint.pitch_body
transfer,normal,land_detector_state_inversion__2018-12-25__08_44_40__baseline,32.816244,2.741268277168274,4.572563171386719,False,vehicle_attitude_setpoint.pitch_body
transfer,normal,land_detector_state_inversion__2018-12-25__08_44_40__baseline,33.616244,2.741268277168274,4.572563171386719,False,vehicle_attitude_setpoint.pitch_body
transfer,normal,land_detector_state_inversion__2018-12-25__08_44_40__baseline,34.416244,2.741268277168274,4.572563171386719,False,vehicle_attitude_setpoint.pitch_body
transfer,normal,land_detector_state_inversion__2018-12-25__08_44_40__baseline,35.216244,2.741268277168274,4.572563171386719,False,vehicle_attitude_setpoint.pitch_body
transfer,normal,land_detector_state_inversion__2018-12-25__08_44_40__baseline,36.016244,5.517055988311768,4.572563171386719,True,vehicle_attitude_setpoint.pitch_body
transfer,normal,land_detector_state_inversion__2018-12-25__08_44_40__baseline,36.816244,4.31943416595459,4.572563171386719,False,vehicle_attitude_setpoint.pitch_body
transfer,normal,land_detector_state_inversion__2018-12-25__08_44_40__baseline,37.616244,3.5293495655059814,4.572563171386719,False,vehicle_attitude_setpoint.pitch_body
transfer,normal,land_detector_state_inversion__2018-12-25__08_44_40__baseline,38.416244,3.7004899978637695,4.572563171386719,False,vehicle_attitude_setpoint.roll_body
transfer,normal,land_detector_state_inversion__2018-12-25__08_44_40__baseline,39.216244,3.7004899978637695,4.572563171386719,False,vehicle_attitude_setpoint.roll_body
transfer,normal,land_detector_state_inversion__2018-12-25__08_44_40__baseline,40.016244,3.5074496269226074,4.572563171386719,False,vehicle_attitude_setpoint.pitch_body
transfer,normal,land_detector_state_inversion__2018-12-25__08_44_40__baseline,40.816244,3.4596705436706543,4.572563171386719,False,vehicle_attitude_setpoint.pitch_body
transfer,normal,land_detector_state_inversion__2018-12-25__08_44_40__baseline,41.616244,3.4596705436706543,4.572563171386719,False,vehicle_attitude_setpoint.pitch_body
transfer,normal,land_detector_state_inversion__2018-12-25__08_44_40__baseline,42.416244,3.4596705436706543,4.572563171386719,False,vehicle_attitude_setpoint.pitch_body
transfer,normal,land_detector_state_inversion__2018-12-25__08_44_40__baseline,43.216244,5.668630003929138,4.572563171386719,True,vehicle_attitude_setpoint.pitch_body
transfer,normal,land_detector_state_inversion__2018-12-25__08_44_40__baseline,44.016244,5.668630003929138,4.572563171386719,True,vehicle_attitude_setpoint.pitch_body
transfer,normal,land_detector_state_inversion__2018-12-25__08_44_40__baseline,44.816244,5.668630003929138,4.572563171386719,True,vehicle_attitude_setpoint.pitch_body
transfer,normal,land_detector_state_inversion__2018-12-25__08_44_40__baseline,45.616244,5.668630003929138,4.572563171386719,True,vehicle_attitude_setpoint.pitch_body
transfer,normal,land_detector_state_inversion__2018-12-25__08_44_40__baseline,46.416244,5.668630003929138,4.572563171386719,True,vehicle_attitude_setpoint.pitch_body
transfer,normal,land_detector_state_inversion__2018-12-25__08_44_40__baseline,47.216244,5.668630003929138,4.572563171386719,True,vehicle_attitude_setpoint.pitch_body
transfer,normal,land_detector_state_inversion__2018-12-25__08_44_40__baseline,48.016244,5.668630003929138,4.572563171386719,True,vehicle_attitude_setpoint.pitch_body
transfer,normal,land_detector_state_inversion__2018-12-25__08_44_40__baseline,48.816244,5.668630003929138,4.572563171386719,True,vehicle_attitude_setpoint.pitch_body
transfer,normal,land_detector_state_inversion__2018-12-25__08_44_40__baseline,49.616244,6.644022464752197,4.572563171386719,True,vehicle_attitude_setpoint.pitch_body
transfer,normal,land_detector_state_inversion__2018-12-25__08_44_40__baseline,50.416244,7.199181318283081,4.572563171386719,True,vehicle_attitude_setpoint.pitch_body
transfer,normal,land_detector_state_inversion__2018-12-25__08_44_40__baseline,51.216244,7.199181318283081,4.572563171386719,True,vehicle_attitude_setpoint.pitch_body
transfer,normal,land_detector_state_inversion__2018-12-25__08_44_40__baseline,52.016244,7.199181318283081,4.572563171386719,True,vehicle_attitude_setpoint.pitch_body
transfer,normal,land_detector_state_inversion__2018-12-25__08_44_40__baseline,52.816244,7.199181318283081,4.572563171386719,True,vehicle_attitude_setpoint.pitch_body
transfer,normal,land_detector_state_inversion__2018-12-25__08_44_40__baseline,53.616244,7.199181318283081,4.572563171386719,True,vehicle_attitude_setpoint.pitch_body
transfer,normal,land_detector_state_inversion__2018-12-25__08_44_40__baseline,54.416244,7.199181318283081,4.572563171386719,True,vehicle_attitude_setpoint.pitch_body
transfer,normal,land_detector_state_inversion__2018-12-25__08_44_40__baseline,55.216244,7.199181318283081,4.572563171386719,True,vehicle_attitude_setpoint.pitch_body
transfer,normal,land_detector_state_inversion__2018-12-25__08_44_40__baseline,56.016244,7.199181318283081,4.572563171386719,True,vehicle_attitude_setpoint.pitch_body
transfer,normal,land_detector_state_inversion__2018-12-25__08_44_40__baseline,56.816244,7.199181318283081,4.572563171386719,True,vehicle_attitude_setpoint.pitch_body
transfer,normal,land_detector_state_inversion__2018-12-25__08_44_40__baseline,57.616244,7.126181721687317,4.572563171386719,True,vehicle_attitude_setpoint.pitch_body
transfer,normal,land_detector_state_inversion__2018-12-25__08_44_40__baseline,58.416244,3.9322590827941895,4.572563171386719,False,vehicle_attitude_setpoint.pitch_body
transfer,normal,land_detector_state_inversion__2018-12-25__08_44_40__baseline,59.216244,3.9322590827941895,4.572563171386719,False,vehicle_attitude_setpoint.pitch_body
transfer,normal,land_detector_state_inversion__2018-12-25__08_44_40__baseline,60.016244,1.8675541877746582,4.572563171386719,False,vehicle_attitude_setpoint.pitch_body
transfer,normal,land_detector_state_inversion__2018-12-25__08_44_40__baseline,60.816244,2.4540162086486816,4.572563171386719,False,vehicle_attitude_setpoint.roll_body
transfer,normal,land_detector_state_inversion__2018-12-25__08_44_40__baseline,61.616244,2.4540162086486816,4.572563171386719,False,vehicle_attitude_setpoint.roll_body
transfer,normal,land_detector_state_inversion__2018-12-25__08_44_40__baseline,62.416244,2.6196110248565674,4.572563171386719,False,vehicle_attitude_setpoint.pitch_body
transfer,normal,land_detector_state_inversion__2018-12-25__08_44_40__baseline,63.216244,2.6196110248565674,4.572563171386719,False,vehicle_attitude_setpoint.pitch_body
transfer,normal,land_detector_state_inversion__2018-12-25__08_44_40__baseline,64.016244,3.4579408168792725,4.572563171386719,False,vehicle_attitude_setpoint.pitch_body
transfer,normal,land_detector_state_inversion__2018-12-25__08_44_40__baseline,64.816244,3.388180732727051,4.572563171386719,False,vehicle_attitude_setpoint.pitch_body
transfer,normal,land_detector_state_inversion__2018-12-25__08_44_40__baseline,65.616244,3.388180732727051,4.572563171386719,False,vehicle_attitude_setpoint.pitch_body
transfer,normal,land_detector_state_inversion__2018-12-25__08_44_40__baseline,66.416244,3.0300146341323853,4.572563171386719,False,vehicle_attitude_setpoint.pitch_body
transfer,normal,land_detector_state_inversion__2018-12-25__08_44_40__baseline,67.216244,2.2280073165893555,4.572563171386719,False,vehicle_attitude_setpoint.pitch_body
transfer,normal,land_detector_state_inversion__2018-12-25__08_44_40__baseline,68.016244,2.151590585708618,4.572563171386719,False,vehicle_attitude_setpoint.pitch_body
transfer,normal,land_detector_state_inversion__2018-12-25__08_44_40__baseline,68.816244,2.151590585708618,4.572563171386719,False,vehicle_attitude_setpoint.pitch_body
transfer,normal,land_detector_state_inversion__2018-12-25__08_44_40__baseline,69.616244,2.0883339643478394,4.572563171386719,False,vehicle_attitude_setpoint.pitch_body
transfer,normal,land_detector_state_inversion__2018-12-25__08_44_40__baseline,70.416244,2.0883339643478394,4.572563171386719,False,vehicle_attitude_setpoint.pitch_body
transfer,normal,land_detector_state_inversion__2018-12-25__08_44_40__baseline,71.216244,2.0883339643478394,4.572563171386719,False,vehicle_attitude_setpoint.pitch_body
transfer,normal,land_detector_state_inversion__2018-12-25__08_44_40__baseline,72.016244,2.4811267852783203,4.572563171386719,False,vehicle_attitude_setpoint.pitch_body
transfer,normal,land_detector_state_inversion__2018-12-25__08_44_40__baseline,72.816244,1.9472694396972656,4.572563171386719,False,vehicle_attitude_setpoint.pitch_body
transfer,normal,land_detector_state_inversion__2018-12-25__08_44_40__baseline,73.616244,1.9472694396972656,4.572563171386719,False,vehicle_attitude_setpoint.pitch_body
transfer,normal,land_detector_state_inversion__2018-12-25__08_44_40__baseline,74.416244,1.5106511116027832,4.572563171386719,False,vehicle_attitude_setpoint.pitch_body
transfer,normal,land_detector_state_inversion__2018-12-25__08_44_40__baseline,75.216244,1.1537516117095947,4.572563171386719,False,vehicle_attitude_setpoint.pitch_body
transfer,normal,land_detector_state_inversion__2018-12-25__08_44_40__baseline,76.016244,1.1537516117095947,4.572563171386719,False,vehicle_attitude_setpoint.pitch_body
transfer,normal,land_detector_state_inversion__2018-12-25__08_44_40__baseline,76.816244,1.577589213848114,4.572563171386719,False,vehicle_attitude_setpoint.roll_body
transfer,normal,land_detector_state_inversion__2018-12-25__08_44_40__baseline,77.616244,1.5150094032287598,4.572563171386719,False,vehicle_attitude_setpoint.pitch_body
transfer,normal,land_detector_state_inversion__2018-12-25__08_44_40__baseline,78.416244,1.047685146331787,4.572563171386719,False,vehicle_attitude_setpoint.pitch_body
transfer,normal,land_detector_state_inversion__2018-12-25__08_44_40__baseline,79.216244,1.047685146331787,4.572563171386719,False,vehicle_attitude_setpoint.pitch_body
transfer,normal,land_detector_state_inversion__2018-12-25__08_44_40__baseline,80.016244,1.731630563735962,4.572563171386719,False,vehicle_attitude_setpoint.roll_body
transfer,normal,land_detector_state_inversion__2018-12-25__08_44_40__baseline,80.816244,1.7859292030334473,4.572563171386719,False,vehicle_attitude_setpoint.pitch_body
transfer,normal,land_detector_state_inversion__2018-12-25__08_44_40__baseline,81.616244,1.731630563735962,4.572563171386719,False,vehicle_attitude_setpoint.roll_body
transfer,normal,land_detector_state_inversion__2018-12-25__08_44_40__baseline,82.416244,1.7914903163909912,4.572563171386719,False,vehicle_attitude_setpoint.roll_body
transfer,normal,land_detector_state_inversion__2018-12-25__08_44_40__baseline,83.216244,1.7914903163909912,4.572563171386719,False,vehicle_attitude_setpoint.roll_body
transfer,normal,land_detector_state_inversion__2018-12-25__08_44_40__baseline,84.016244,1.4487051963806152,4.572563171386719,False,vehicle_attitude_setpoint.roll_body
transfer,normal,land_detector_state_inversion__2018-12-25__08_44_40__baseline,84.816244,1.4487051963806152,4.572563171386719,False,vehicle_attitude_setpoint.roll_body
transfer,normal,land_detector_state_inversion__2018-12-25__08_44_40__baseline,85.616244,1.4487051963806152,4.572563171386719,False,vehicle_attitude_setpoint.roll_body
transfer,normal,land_detector_state_inversion__2018-12-25__08_44_40__baseline,86.416244,1.778019666671753,4.572563171386719,False,vehicle_attitude_setpoint.roll_body
transfer,normal,land_detector_state_inversion__2018-12-25__08_44_40__baseline,87.216244,1.778019666671753,4.572563171386719,False,vehicle_attitude_setpoint.roll_body
transfer,normal,land_detector_state_inversion__2018-12-25__08_44_40__baseline,88.016244,1.778019666671753,4.572563171386719,False,vehicle_attitude_setpoint.roll_body
transfer,normal,land_detector_state_inversion__2018-12-25__08_44_40__baseline,88.816244,1.778019666671753,4.572563171386719,False,vehicle_attitude_setpoint.roll_body
transfer,normal,land_detector_state_inversion__2018-12-25__08_44_40__baseline,89.616244,1.778019666671753,4.572563171386719,False,vehicle_attitude_setpoint.roll_body
transfer,normal,land_detector_state_inversion__2018-12-25__08_44_40__baseline,90.416244,2.147192358970642,4.572563171386719,False,vehicle_attitude_setpoint.pitch_body
transfer,normal,land_detector_state_inversion__2018-12-25__08_44_40__baseline,91.216244,1.778019666671753,4.572563171386719,False,vehicle_attitude_setpoint.roll_body
transfer,normal,land_detector_state_inversion__2018-12-25__08_44_40__baseline,92.016244,3.0241894721984863,4.572563171386719,False,manual_control_setpoint.y
transfer,normal,land_detector_state_inversion__2018-12-25__08_44_40__baseline,92.816244,3.0241894721984863,4.572563171386719,False,manual_control_setpoint.y
transfer,normal,land_detector_state_inversion__2018-12-25__08_44_40__baseline,93.616244,2.7159273624420166,4.572563171386719,False,manual_control_setpoint.z
transfer,normal,land_detector_state_inversion__2018-12-25__08_44_40__baseline,94.416244,3.096325397491455,4.572563171386719,False,manual_control_setpoint.z
transfer,normal,land_detector_state_inversion__2018-12-25__08_44_40__baseline,95.216244,3.096325397491455,4.572563171386719,False,manual_control_setpoint.z
transfer,normal,land_detector_state_inversion__2018-12-25__08_44_40__baseline,96.016244,1.5177786350250244,4.572563171386719,False,manual_control_setpoint.y
transfer,normal,land_detector_state_inversion__2018-12-25__08_44_40__baseline,96.816244,1.517775058746338,4.572563171386719,False,manual_control_setpoint.y
transfer,normal,land_detector_state_inversion__2018-12-25__08_44_40__baseline,97.616244,1.517775058746338,4.572563171386719,False,manual_control_setpoint.y
transfer,normal,land_detector_state_inversion__2018-12-25__08_44_40__baseline,98.416244,6.710624694824219,4.572563171386719,True,vehicle_attitude_setpoint.pitch_body
transfer,normal,land_detector_state_inversion__2018-12-25__08_44_40__baseline,99.216244,6.710624694824219,4.572563171386719,True,vehicle_attitude_setpoint.pitch_body
transfer,normal,land_detector_state_inversion__2018-12-25__08_44_40__baseline,100.016244,6.710624694824219,4.572563171386719,True,vehicle_attitude_setpoint.pitch_body
transfer,normal,land_detector_state_inversion__2018-12-25__08_44_40__baseline,100.816244,6.710624694824219,4.572563171386719,True,vehicle_attitude_setpoint.pitch_body
transfer,normal,land_detector_state_inversion__2018-12-25__08_44_40__baseline,101.616244,6.710624694824219,4.572563171386719,True,vehicle_attitude_setpoint.pitch_body
transfer,normal,land_detector_state_inversion__2018-12-25__08_44_40__baseline,102.416244,6.710624694824219,4.572563171386719,True,vehicle_attitude_setpoint.pitch_body
transfer,normal,land_detector_state_inversion__2018-12-25__08_44_40__baseline,103.216244,6.710624694824219,4.572563171386719,True,vehicle_attitude_setpoint.pitch_body
transfer,normal,land_detector_state_inversion__2018-12-25__08_44_40__baseline,104.016244,6.710624694824219,4.572563171386719,True,vehicle_attitude_setpoint.pitch_body
transfer,normal,land_detector_state_inversion__2018-12-25__08_44_40__baseline,104.816244,6.710624694824219,4.572563171386719,True,vehicle_attitude_setpoint.pitch_body
transfer,normal,land_detector_state_inversion__2018-12-25__08_44_40__baseline,105.616244,6.710624694824219,4.572563171386719,True,vehicle_attitude_setpoint.pitch_body
transfer,normal,land_detector_state_inversion__2018-12-25__08_44_40__baseline,106.416244,5.553762912750244,4.572563171386719,True,vehicle_attitude_setpoint.pitch_body
transfer,normal,land_detector_state_inversion__2018-12-25__08_44_40__baseline,107.216244,2.7528882026672363,4.572563171386719,False,manual_control_setpoint.y
transfer,normal,land_detector_state_inversion__2018-12-25__08_44_40__baseline,108.016244,3.9889109134674072,4.572563171386719,False,manual_control_setpoint.y
transfer,normal,land_detector_state_inversion__2018-12-25__08_44_40__baseline,108.816244,3.9889109134674072,4.572563171386719,False,manual_control_setpoint.y
transfer,normal,land_detector_state_inversion__2018-12-25__08_44_40__baseline,109.616244,3.9889109134674072,4.572563171386719,False,manual_control_setpoint.y
transfer,normal,land_detector_state_inversion__2018-12-25__08_44_40__baseline,110.416244,3.9889109134674072,4.572563171386719,False,manual_control_setpoint.y
transfer,normal,land_detector_state_inversion__2018-12-25__08_44_40__baseline,111.216244,3.9889109134674072,4.572563171386719,False,manual_control_setpoint.y
transfer,normal,land_detector_state_inversion__2018-12-25__08_44_40__baseline,112.016244,3.9889109134674072,4.572563171386719,False,manual_control_setpoint.y
transfer,normal,land_detector_state_inversion__2018-12-25__08_44_40__baseline,112.816244,3.9889109134674072,4.572563171386719,False,manual_control_setpoint.y
transfer,normal,land_detector_state_inversion__2018-12-25__08_44_40__baseline,113.616244,3.953379988670349,4.572563171386719,False,manual_control_setpoint.y
transfer,normal,land_detector_state_inversion__2018-12-25__08_44_40__baseline,114.416244,6.548724174499512,4.572563171386719,True,manual_control_setpoint.x
transfer,normal,land_detector_state_inversion__2018-12-25__08_44_40__baseline,115.216244,6.548724174499512,4.572563171386719,True,manual_control_setpoint.x
transfer,normal,land_detector_state_inversion__2018-12-25__08_44_40__baseline,116.016244,6.548724174499512,4.572563171386719,True,manual_control_setpoint.x
transfer,normal,land_detector_state_inversion__2018-12-25__08_44_40__baseline,116.816244,6.548724174499512,4.572563171386719,True,manual_control_setpoint.x
transfer,normal,land_detector_state_inversion__2018-12-25__08_44_40__baseline,117.616244,6.548724174499512,4.572563171386719,True,manual_control_setpoint.x
transfer,normal,land_detector_state_inversion__2018-12-25__08_44_40__baseline,118.416244,6.548724174499512,4.572563171386719,True,manual_control_setpoint.x
transfer,normal,land_detector_state_inversion__2018-12-25__08_44_40__baseline,119.216244,6.548724174499512,4.572563171386719,True,manual_control_setpoint.x
transfer,normal,land_detector_state_inversion__2018-12-25__08_44_40__baseline,120.016244,6.548724174499512,4.572563171386719,True,manual_control_setpoint.x
transfer,normal,land_detector_state_inversion__2018-12-25__08_44_40__baseline,120.816244,6.548724174499512,4.572563171386719,True,manual_control_setpoint.x
transfer,normal,land_detector_state_inversion__2018-12-25__08_44_40__baseline,121.616244,6.548724174499512,4.572563171386719,True,manual_control_setpoint.x
transfer,normal,land_detector_state_inversion__2018-12-25__08_44_40__baseline,122.416244,6.548724174499512,4.572563171386719,True,manual_control_setpoint.x
transfer,normal,land_detector_state_inversion__2018-12-25__08_44_40__baseline,123.216244,1.3513630628585815,4.572563171386719,False,vehicle_attitude_setpoint.pitch_body
transfer,normal,land_detector_state_inversion__2018-12-25__08_44_40__baseline,124.016244,1.3513630628585815,4.572563171386719,False,vehicle_attitude_setpoint.pitch_body
transfer,normal,land_detector_state_inversion__2018-12-25__08_44_40__baseline,124.816244,1.3513630628585815,4.572563171386719,False,vehicle_attitude_setpoint.pitch_body
transfer,normal,land_detector_state_inversion__2018-12-25__08_44_40__baseline,125.616244,1.5036940574645996,4.572563171386719,False,vehicle_attitude_setpoint.roll_body
transfer,normal,land_detector_state_inversion__2018-12-25__08_44_40__baseline,126.416244,1.1077022552490234,4.572563171386719,False,manual_control_setpoint.x
transfer,normal,land_detector_state_inversion__2018-12-25__08_44_40__baseline,127.216244,1.1077022552490234,4.572563171386719,False,manual_control_setpoint.x
transfer,normal,land_detector_state_inversion__2018-12-25__08_44_40__baseline,128.016244,1.1077022552490234,4.572563171386719,False,manual_control_setpoint.x
transfer,normal,land_detector_state_inversion__2018-12-25__08_44_40__baseline,128.816244,1.028517484664917,4.572563171386719,False,vehicle_attitude_setpoint.pitch_body
transfer,normal,land_detector_state_inversion__2018-12-25__08_44_40__baseline,129.616244,1.1427319049835205,4.572563171386719,False,vehicle_attitude_setpoint.roll_body
transfer,normal,land_detector_state_inversion__2018-12-25__08_44_40__baseline,130.416244,0.9617245197296143,4.572563171386719,False,manual_control_setpoint.x
transfer,normal,land_detector_state_inversion__2018-12-25__08_44_40__baseline,131.216244,1.7176449298858643,4.572563171386719,False,manual_control_setpoint.x
transfer,normal,land_detector_state_inversion__2018-12-25__08_44_40__baseline,132.016244,1.7176449298858643,4.572563171386719,False,manual_control_setpoint.x
transfer,normal,land_detector_state_inversion__2018-12-25__08_44_40__baseline,132.816244,1.7176449298858643,4.572563171386719,False,manual_control_setpoint.x
transfer,normal,land_detector_state_inversion__2018-12-25__08_44_40__baseline,133.616244,1.7176926136016846,4.572563171386719,False,manual_control_setpoint.x
transfer,normal,land_detector_state_inversion__2018-12-25__08_44_40__baseline,134.416244,1.7702054977416992,4.572563171386719,False,vehicle_attitude_setpoint.pitch_body
transfer,normal,land_detector_state_inversion__2018-12-25__08_44_40__baseline,135.216244,1.7702054977416992,4.572563171386719,False,vehicle_attitude_setpoint.pitch_body
transfer,normal,land_detector_state_inversion__2018-12-25__08_44_40__baseline,136.016244,1.7702054977416992,4.572563171386719,False,vehicle_attitude_setpoint.pitch_body
transfer,normal,land_detector_state_inversion__2018-12-25__08_44_40__baseline,136.816244,1.7702054977416992,4.572563171386719,False,vehicle_attitude_setpoint.pitch_body
transfer,normal,land_detector_state_inversion__2018-12-25__08_44_40__baseline,137.616244,1.717616319656372,4.572563171386719,False,manual_control_setpoint.x
transfer,normal,land_detector_state_inversion__2018-12-25__08_44_40__baseline,138.416244,2.220441699028015,4.572563171386719,False,vehicle_attitude_setpoint.roll_body
transfer,normal,land_detector_state_inversion__2018-12-25__08_44_40__baseline,139.216244,2.134418487548828,4.572563171386719,False,manual_control_setpoint.z
transfer,normal,land_detector_state_inversion__2018-12-25__08_44_40__baseline,140.016244,3.2633566856384277,4.572563171386719,False,manual_control_setpoint.z
transfer,normal,land_detector_state_inversion__2018-12-25__08_44_40__baseline,140.816244,3.2633566856384277,4.572563171386719,False,manual_control_setpoint.z
transfer,reference,commander_nav_state_override__2018-12-19__07_49_17__fault,9.624025999999999,0.0,4.572563171386719,False,actuator_controls_0.control[0]
transfer,reference,commander_nav_state_override__2018-12-19__07_49_17__fault,10.424026,0.0,4.572563171386719,False,actuator_controls_0.control[0]
transfer,reference,commander_nav_state_override__2018-12-19__07_49_17__fault,11.224025999999999,0.0,4.572563171386719,False,actuator_controls_0.control[0]
transfer,reference,commander_nav_state_override__2018-12-19__07_49_17__fault,12.024026,0.0,4.572563171386719,False,actuator_controls_0.control[0]
transfer,reference,commander_nav_state_override__2018-12-19__07_49_17__fault,12.824026,5.1563310623168945,4.572563171386719,True,vehicle_attitude_setpoint.pitch_body
transfer,reference,commander_nav_state_override__2018-12-19__07_49_17__fault,13.624025999999999,5.1563310623168945,4.572563171386719,True,vehicle_attitude_setpoint.pitch_body
transfer,reference,commander_nav_state_override__2018-12-19__07_49_17__fault,14.424026,5.1563310623168945,4.572563171386719,True,vehicle_attitude_setpoint.pitch_body
transfer,reference,commander_nav_state_override__2018-12-19__07_49_17__fault,15.224025999999999,5.1563310623168945,4.572563171386719,True,vehicle_attitude_setpoint.pitch_body
transfer,reference,commander_nav_state_override__2018-12-19__07_49_17__fault,16.024026,5.1563310623168945,4.572563171386719,True,vehicle_attitude_setpoint.pitch_body
transfer,reference,commander_nav_state_override__2018-12-19__07_49_17__fault,16.824026,5.1563310623168945,4.572563171386719,True,vehicle_attitude_setpoint.pitch_body
transfer,reference,commander_nav_state_override__2018-12-19__07_49_17__fault,17.624026,5.1563310623168945,4.572563171386719,True,vehicle_attitude_setpoint.pitch_body
transfer,reference,commander_nav_state_override__2018-12-19__07_49_17__fault,18.424025999999998,5.1563310623168945,4.572563171386719,True,vehicle_attitude_setpoint.pitch_body
transfer,reference,commander_nav_state_override__2018-12-19__07_49_17__fault,19.224026,5.1563310623168945,4.572563171386719,True,vehicle_attitude_setpoint.pitch_body
transfer,reference,commander_nav_state_override__2018-12-19__07_49_17__fault,20.024026,5.1563310623168945,4.572563171386719,True,vehicle_attitude_setpoint.pitch_body
transfer,reference,commander_nav_state_override__2018-12-19__07_49_17__fault,20.824026,5.1563310623168945,4.572563171386719,True,vehicle_attitude_setpoint.pitch_body
transfer,reference,commander_nav_state_override__2018-12-19__07_49_17__fault,21.624026,5.1563310623168945,4.572563171386719,True,vehicle_attitude_setpoint.pitch_body
transfer,reference,commander_nav_state_override__2018-12-19__07_49_17__fault,22.424025999999998,8.424239158630371,4.572563171386719,True,vehicle_attitude_setpoint.pitch_body
transfer,reference,commander_nav_state_override__2018-12-19__07_49_17__fault,23.224026,8.424239158630371,4.572563171386719,True,vehicle_attitude_setpoint.pitch_body
transfer,reference,commander_nav_state_override__2018-12-19__07_49_17__fault,24.024026,8.424239158630371,4.572563171386719,True,vehicle_attitude_setpoint.pitch_body
transfer,reference,commander_nav_state_override__2018-12-19__07_49_17__fault,24.824026,8.424239158630371,4.572563171386719,True,vehicle_attitude_setpoint.pitch_body
transfer,reference,commander_nav_state_override__2018-12-19__07_49_17__fault,25.624026,8.424239158630371,4.572563171386719,True,vehicle_attitude_setpoint.pitch_body
transfer,reference,commander_nav_state_override__2018-12-19__07_49_17__fault,26.424025999999998,8.424239158630371,4.572563171386719,True,vehicle_attitude_setpoint.pitch_body
transfer,reference,commander_nav_state_override__2018-12-19__07_49_17__fault,27.224026,8.424239158630371,4.572563171386719,True,vehicle_attitude_setpoint.pitch_body
transfer,reference,commander_nav_state_override__2018-12-19__07_49_17__fault,28.024026,8.424239158630371,4.572563171386719,True,vehicle_attitude_setpoint.pitch_body
transfer,reference,commander_nav_state_override__2018-12-19__07_49_17__fault,28.824026,1.1970949172973633,4.572563171386719,False,vehicle_attitude_setpoint.pitch_body
transfer,reference,commander_nav_state_override__2018-12-19__07_49_17__fault,29.624026,1.1970949172973633,4.572563171386719,False,vehicle_attitude_setpoint.pitch_body
transfer,reference,commander_nav_state_override__2018-12-19__07_49_17__fault,30.424025999999998,0.9236502647399902,4.572563171386719,False,vehicle_attitude_setpoint.roll_body
transfer,reference,commander_nav_state_override__2018-12-19__07_49_17__fault,31.224026,1.8845748901367188,4.572563171386719,False,vehicle_attitude_setpoint.roll_body
transfer,reference,commander_nav_state_override__2018-12-19__07_49_17__fault,32.024026,1.8845748901367188,4.572563171386719,False,vehicle_attitude_setpoint.roll_body
transfer,reference,commander_nav_state_override__2018-12-19__07_49_17__fault,32.824025999999996,1.8845748901367188,4.572563171386719,False,vehicle_attitude_setpoint.roll_body
transfer,reference,commander_nav_state_override__2018-12-19__07_49_17__fault,33.624026,1.8845748901367188,4.572563171386719,False,vehicle_attitude_setpoint.roll_body
transfer,reference,commander_nav_state_override__2018-12-19__07_49_17__fault,34.424026,1.8845748901367188,4.572563171386719,False,vehicle_attitude_setpoint.roll_body
transfer,reference,commander_nav_state_override__2018-12-19__07_49_17__fault,35.224026,1.8845748901367188,4.572563171386719,False,vehicle_attitude_setpoint.roll_body
transfer,reference,commander_nav_state_override__2018-12-19__07_49_17__fault,36.024026,1.8845748901367188,4.572563171386719,False,vehicle_attitude_setpoint.roll_body
transfer,reference,commander_nav_state_override__2018-12-19__07_49_17__fault,36.824025999999996,1.8845748901367188,4.572563171386719,False,vehicle_attitude_setpoint.roll_body
transfer,reference,commander_nav_state_override__2018-12-19__07_49_17__fault,37.624026,1.8845748901367188,4.572563171386719,False,vehicle_attitude_setpoint.roll_body
transfer,reference,commander_nav_state_override__2018-12-19__07_49_17__fault,38.424026,1.8845748901367188,4.572563171386719,False,vehicle_attitude_setpoint.roll_body
transfer,reference,commander_nav_state_override__2018-12-19__07_49_17__fault,39.224026,0.6421232223510742,4.572563171386719,False,vehicle_attitude_setpoint.roll_body
transfer,reference,commander_nav_state_override__2018-12-19__07_49_17__fault,40.024026,0.6747341156005859,4.572563171386719,False,vehicle_attitude_setpoint.pitch_body
transfer,reference,commander_nav_state_override__2018-12-19__07_49_17__fault,40.824025999999996,0.6747341156005859,4.572563171386719,False,vehicle_attitude_setpoint.pitch_body
transfer,reference,commander_nav_state_override__2018-12-19__07_49_17__fault,41.624026,14.314955325485746,4.572563171386719,True,vehicle_status.nav_state
transfer,reference,commander_nav_state_override__2018-12-19__07_49_17__fault,42.424026,14.314955325485746,4.572563171386719,True,vehicle_status.nav_state
transfer,reference,commander_nav_state_override__2018-12-19__07_49_17__fault,43.224026,14.314955325485746,4.572563171386719,True,vehicle_status.nav_state
transfer,reference,commander_nav_state_override__2018-12-19__07_49_17__fault,44.024026,14.314955325485746,4.572563171386719,True,vehicle_status.nav_state
transfer,reference,commander_nav_state_override__2018-12-19__07_49_17__fault,44.824025999999996,14.314955325485746,4.572563171386719,True,vehicle_status.nav_state
transfer,reference,commander_nav_state_override__2018-12-19__07_49_17__fault,45.624026,14.314955325485746,4.572563171386719,True,vehicle_status.nav_state
transfer,reference,commander_nav_state_override__2018-12-19__07_49_17__fault,46.424026,14.314955325485746,4.572563171386719,True,vehicle_status.nav_state
transfer,reference,commander_nav_state_override__2018-12-19__07_49_17__fault,47.224026,14.314955325485746,4.572563171386719,True,vehicle_status.nav_state
transfer,reference,commander_nav_state_override__2018-12-19__07_49_17__fault,48.024026,14.314955325485746,4.572563171386719,True,vehicle_status.nav_state
transfer,reference,commander_nav_state_override__2018-12-19__07_49_17__fault,48.824025999999996,14.314955325485746,4.572563171386719,True,vehicle_status.nav_state
transfer,reference,commander_nav_state_override__2018-12-19__07_49_17__fault,49.624026,14.314955325485746,4.572563171386719,True,vehicle_status.nav_state
transfer,reference,commander_nav_state_override__2018-12-19__07_49_17__fault,50.424026,14.314955325485746,4.572563171386719,True,vehicle_status.nav_state
transfer,reference,commander_nav_state_override__2018-12-19__07_49_17__fault,51.224026,14.314955325485746,4.572563171386719,True,vehicle_status.nav_state
transfer,reference,commander_nav_state_override__2018-12-19__07_49_17__fault,52.024026,14.314955325485746,4.572563171386719,True,vehicle_status.nav_state
transfer,reference,commander_nav_state_override__2018-12-19__07_49_17__fault,52.824025999999996,14.314955325485746,4.572563171386719,True,vehicle_status.nav_state
transfer,reference,commander_nav_state_override__2018-12-19__07_49_17__fault,53.624026,14.314955325485746,4.572563171386719,True,vehicle_status.nav_state
transfer,reference,commander_nav_state_override__2018-12-19__07_49_17__fault,54.424026,14.314955325485746,4.572563171386719,True,vehicle_status.nav_state
transfer,reference,commander_nav_state_override__2018-12-19__07_49_17__fault,55.224026,14.314955325485746,4.572563171386719,True,vehicle_status.nav_state
transfer,reference,commander_nav_state_override__2018-12-19__07_49_17__fault,56.024026,14.314955325485746,4.572563171386719,True,vehicle_status.nav_state
transfer,reference,commander_nav_state_override__2018-12-19__07_49_17__fault,56.824025999999996,14.314955325485746,4.572563171386719,True,vehicle_status.nav_state
transfer,reference,commander_nav_state_override__2018-12-19__07_49_17__fault,57.624026,14.314955325485746,4.572563171386719,True,vehicle_status.nav_state
transfer,reference,commander_nav_state_override__2018-12-19__07_49_17__fault,58.424026,14.314955325485746,4.572563171386719,True,vehicle_status.nav_state
transfer,reference,commander_nav_state_override__2018-12-19__07_49_17__fault,59.224026,14.314955325485746,4.572563171386719,True,vehicle_status.nav_state
transfer,reference,commander_nav_state_override__2018-12-19__07_49_17__fault,60.024026,14.314955325485746,4.572563171386719,True,vehicle_status.nav_state
transfer,reference,commander_nav_state_override__2018-12-19__07_49_17__fault,60.824025999999996,14.314955325485746,4.572563171386719,True,vehicle_status.nav_state
transfer,reference,commander_nav_state_override__2018-12-19__07_49_17__fault,61.624026,14.314955325485746,4.572563171386719,True,vehicle_status.nav_state
transfer,reference,commander_nav_state_override__2018-12-19__07_49_17__fault,62.424026,14.314955325485746,4.572563171386719,True,vehicle_status.nav_state
transfer,reference,commander_nav_state_override__2018-12-19__07_49_17__fault,63.224026,14.314955325485746,4.572563171386719,True,vehicle_status.nav_state
transfer,reference,commander_nav_state_override__2018-12-19__07_49_17__fault,64.024026,14.314955325485746,4.572563171386719,True,vehicle_status.nav_state
transfer,reference,commander_nav_state_override__2018-12-19__07_49_17__fault,64.824026,14.314955325485746,4.572563171386719,True,vehicle_status.nav_state
transfer,reference,commander_nav_state_override__2018-12-19__07_49_17__fault,65.624026,14.314955325485746,4.572563171386719,True,vehicle_status.nav_state
transfer,reference,commander_nav_state_override__2018-12-19__07_49_17__fault,66.42402600000001,14.314955325485746,4.572563171386719,True,vehicle_status.nav_state
transfer,reference,commander_nav_state_override__2018-12-19__07_49_17__fault,67.22402600000001,14.314955325485746,4.572563171386719,True,vehicle_status.nav_state
transfer,reference,commander_nav_state_override__2018-12-19__07_49_17__fault,68.024026,14.314955325485746,4.572563171386719,True,vehicle_status.nav_state
transfer,reference,commander_nav_state_override__2018-12-19__07_49_17__fault,68.824026,14.314955325485746,4.572563171386719,True,vehicle_status.nav_state
transfer,reference,commander_nav_state_override__2018-12-19__07_49_17__fault,69.624026,14.314955325485746,4.572563171386719,True,vehicle_status.nav_state
transfer,reference,commander_nav_state_override__2018-12-19__07_49_17__fault,70.42402600000001,14.314955325485746,4.572563171386719,True,vehicle_status.nav_state
transfer,reference,commander_nav_state_override__2018-12-19__07_49_17__fault,71.22402600000001,14.314955325485746,4.572563171386719,True,vehicle_status.nav_state
transfer,reference,commander_nav_state_override__2018-12-19__07_49_17__fault,72.024026,14.314955325485746,4.572563171386719,True,vehicle_status.nav_state
transfer,reference,commander_nav_state_override__2018-12-19__07_49_17__fault,72.824026,14.314955325485746,4.572563171386719,True,vehicle_status.nav_state
transfer,reference,commander_nav_state_override__2018-12-19__07_49_17__fault,73.624026,14.314955325485746,4.572563171386719,True,vehicle_status.nav_state
transfer,reference,commander_nav_state_override__2018-12-19__07_49_17__fault,74.42402600000001,14.314955325485746,4.572563171386719,True,vehicle_status.nav_state
transfer,reference,commander_nav_state_override__2018-12-19__07_49_17__fault,75.22402600000001,14.314955325485746,4.572563171386719,True,vehicle_status.nav_state
transfer,reference,commander_nav_state_override__2018-12-19__07_49_17__fault,76.024026,14.314955325485746,4.572563171386719,True,vehicle_status.nav_state
transfer,reference,commander_nav_state_override__2018-12-19__07_49_17__fault,76.824026,14.314955325485746,4.572563171386719,True,vehicle_status.nav_state
transfer,reference,commander_nav_state_override__2018-12-19__07_49_17__fault,77.624026,14.314955325485746,4.572563171386719,True,vehicle_status.nav_state
transfer,reference,commander_nav_state_override__2018-12-19__07_49_17__fault,78.42402600000001,14.314955325485746,4.572563171386719,True,vehicle_status.nav_state
transfer,reference,commander_nav_state_override__2018-12-19__07_49_17__fault,79.22402600000001,14.314955325485746,4.572563171386719,True,vehicle_status.nav_state
transfer,reference,commander_nav_state_override__2018-12-19__07_49_17__fault,80.024026,14.314955325485746,4.572563171386719,True,vehicle_status.nav_state
transfer,reference,commander_nav_state_override__2018-12-19__07_49_17__fault,80.824026,14.314955325485746,4.572563171386719,True,vehicle_status.nav_state
transfer,reference,commander_nav_state_override__2018-12-19__07_49_17__fault,81.624026,14.314955325485746,4.572563171386719,True,vehicle_status.nav_state
transfer,reference,commander_nav_state_override__2018-12-19__07_49_17__fault,82.42402600000001,14.314955325485746,4.572563171386719,True,vehicle_status.nav_state
transfer,reference,commander_nav_state_override__2018-12-19__07_49_17__fault,83.22402600000001,14.314955325485746,4.572563171386719,True,vehicle_status.nav_state
transfer,reference,commander_nav_state_override__2018-12-19__07_49_17__fault,84.024026,14.314955325485746,4.572563171386719,True,vehicle_status.nav_state
transfer,reference,commander_nav_state_override__2018-12-19__07_49_17__fault,84.824026,14.314955325485746,4.572563171386719,True,vehicle_status.nav_state
transfer,reference,commander_nav_state_override__2018-12-19__07_49_17__fault,85.624026,14.314955325485746,4.572563171386719,True,vehicle_status.nav_state
transfer,reference,commander_nav_state_override__2018-12-19__07_49_17__fault,86.42402600000001,14.314955325485746,4.572563171386719,True,vehicle_status.nav_state
transfer,reference,commander_nav_state_override__2018-12-20__07_47_50__fault,9.622316,0.0,4.572563171386719,False,actuator_controls_0.control[0]
transfer,reference,commander_nav_state_override__2018-12-20__07_47_50__fault,10.422316,0.0,4.572563171386719,False,actuator_controls_0.control[0]
transfer,reference,commander_nav_state_override__2018-12-20__07_47_50__fault,11.222316,0.0,4.572563171386719,False,actuator_controls_0.control[0]
transfer,reference,commander_nav_state_override__2018-12-20__07_47_50__fault,12.022316,0.0,4.572563171386719,False,actuator_controls_0.control[0]
transfer,reference,commander_nav_state_override__2018-12-20__07_47_50__fault,12.822316,5.587103366851807,4.572563171386719,True,vehicle_attitude_setpoint.pitch_body
transfer,reference,commander_nav_state_override__2018-12-20__07_47_50__fault,13.622316,13.801126480102539,4.572563171386719,True,vehicle_attitude_setpoint.roll_body
transfer,reference,commander_nav_state_override__2018-12-20__07_47_50__fault,14.422316,13.801126480102539,4.572563171386719,True,vehicle_attitude_setpoint.roll_body
transfer,reference,commander_nav_state_override__2018-12-20__07_47_50__fault,15.222316,14.218816757202148,4.572563171386719,True,vehicle_attitude_setpoint.roll_body
transfer,reference,commander_nav_state_override__2018-12-20__07_47_50__fault,16.022316,14.218816757202148,4.572563171386719,True,vehicle_attitude_setpoint.roll_body
transfer,reference,commander_nav_state_override__2018-12-20__07_47_50__fault,16.822316,14.218816757202148,4.572563171386719,True,vehicle_attitude_setpoint.roll_body
transfer,reference,commander_nav_state_override__2018-12-20__07_47_50__fault,17.622316,14.218816757202148,4.572563171386719,True,vehicle_attitude_setpoint.roll_body
transfer,reference,commander_nav_state_override__2018-12-20__07_47_50__fault,18.422316,14.218816757202148,4.572563171386719,True,vehicle_attitude_setpoint.roll_body
transfer,reference,commander_nav_state_override__2018-12-20__07_47_50__fault,19.222316,14.218816757202148,4.572563171386719,True,vehicle_attitude_setpoint.roll_body
transfer,reference,commander_nav_state_override__2018-12-20__07_47_50__fault,20.022316,14.218816757202148,4.572563171386719,True,vehicle_attitude_setpoint.roll_body
transfer,reference,commander_nav_state_override__2018-12-20__07_47_50__fault,20.822316,14.218816757202148,4.572563171386719,True,vehicle_attitude_setpoint.roll_body
transfer,reference,commander_nav_state_override__2018-12-20__07_47_50__fault,21.622316,5.595088005065918,4.572563171386719,True,vehicle_attitude_setpoint.roll_body
transfer,reference,commander_nav_state_override__2018-12-20__07_47_50__fault,22.422316,5.337258577346802,4.572563171386719,True,vehicle_attitude_setpoint.pitch_body
transfer,reference,commander_nav_state_override__2018-12-20__07_47_50__fault,23.222316,5.588438510894775,4.572563171386719,True,vehicle_attitude_setpoint.pitch_body
transfer,reference,commander_nav_state_override__2018-12-20__07_47_50__fault,24.022316,5.588438510894775,4.572563171386719,True,vehicle_attitude_setpoint.pitch_body
transfer,reference,commander_nav_state_override__2018-12-20__07_47_50__fault,24.822316,7.277200818061829,4.572563171386719,True,vehicle_attitude_setpoint.pitch_body
transfer,reference,commander_nav_state_override__2018-12-20__07_47_50__fault,25.622316,5.588438510894775,4.572563171386719,True,vehicle_attitude_setpoint.pitch_body
transfer,reference,commander_nav_state_override__2018-12-20__07_47_50__fault,26.422316,5.588438510894775,4.572563171386719,True,vehicle_attitude_setpoint.pitch_body
transfer,reference,commander_nav_state_override__2018-12-20__07_47_50__fault,27.222316,5.588438510894775,4.572563171386719,True,vehicle_attitude_setpoint.pitch_body
transfer,reference,commander_nav_state_override__2018-12-20__07_47_50__fault,28.022316,5.588438510894775,4.572563171386719,True,vehicle_attitude_setpoint.pitch_body
transfer,reference,commander_nav_state_override__2018-12-20__07_47_50__fault,28.822316,5.588438510894775,4.572563171386719,True,vehicle_attitude_setpoint.pitch_body
transfer,reference,commander_nav_state_override__2018-12-20__07_47_50__fault,29.622316,3.9732134342193604,4.572563171386719,False,vehicle_attitude_setpoint.pitch_body
transfer,reference,commander_nav_state_override__2018-12-20__07_47_50__fault,30.422316,3.4754908084869385,4.572563171386719,False,vehicle_attitude_setpoint.pitch_body
transfer,reference,commander_nav_state_override__2018-12-20__07_47_50__fault,31.222316,3.4754908084869385,4.572563171386719,False,vehicle_attitude_setpoint.pitch_body
transfer,reference,commander_nav_state_override__2018-12-20__07_47_50__fault,32.022316,3.4754908084869385,4.572563171386719,False,vehicle_attitude_setpoint.pitch_body
transfer,reference,commander_nav_state_override__2018-12-20__07_47_50__fault,32.822315999999994,3.6152291297912598,4.572563171386719,False,vehicle_attitude_setpoint.pitch_body
transfer,reference,commander_nav_state_override__2018-12-20__07_47_50__fault,33.622316,5.29721736907959,4.572563171386719,True,vehicle_attitude_setpoint.pitch_body
transfer,reference,commander_nav_state_override__2018-12-20__07_47_50__fault,34.422315999999995,6.419556140899658,4.572563171386719,True,vehicle_attitude_setpoint.pitch_body
transfer,reference,commander_nav_state_override__2018-12-20__07_47_50__fault,35.222316,1.522059440612793,4.572563171386719,False,vehicle_attitude_setpoint.pitch_body
transfer,reference,commander_nav_state_override__2018-12-20__07_47_50__fault,36.022316,1.522059440612793,4.572563171386719,False,vehicle_attitude_setpoint.pitch_body
transfer,reference,commander_nav_state_override__2018-12-20__07_47_50__fault,36.822315999999994,1.522059440612793,4.572563171386719,False,vehicle_attitude_setpoint.pitch_body
transfer,reference,commander_nav_state_override__2018-12-20__07_47_50__fault,37.622316,3.1967782974243164,4.572563171386719,False,vehicle_attitude_setpoint.pitch_body
transfer,reference,commander_nav_state_override__2018-12-20__07_47_50__fault,38.422315999999995,10.244721174240112,4.572563171386719,True,vehicle_attitude_setpoint.pitch_body
transfer,reference,commander_nav_state_override__2018-12-20__07_47_50__fault,39.222316,6.556872129440308,4.572563171386719,True,vehicle_attitude_setpoint.pitch_body
transfer,reference,commander_nav_state_override__2018-12-20__07_47_50__fault,40.022316,3.8233983516693115,4.572563171386719,False,vehicle_attitude_setpoint.pitch_body
transfer,reference,commander_nav_state_override__2018-12-20__07_47_50__fault,40.822315999999994,3.8233983516693115,4.572563171386719,False,vehicle_attitude_setpoint.pitch_body
transfer,reference,commander_nav_state_override__2018-12-20__07_47_50__fault,41.622316,14.314955325485746,4.572563171386719,True,vehicle_status.nav_state
transfer,reference,commander_nav_state_override__2018-12-20__07_47_50__fault,42.422315999999995,14.314955325485746,4.572563171386719,True,vehicle_status.nav_state
transfer,reference,commander_nav_state_override__2018-12-20__07_47_50__fault,43.222316,14.314955325485746,4.572563171386719,True,vehicle_status.nav_state
transfer,reference,commander_nav_state_override__2018-12-20__07_47_50__fault,44.022316,14.314955325485746,4.572563171386719,True,vehicle_status.nav_state
transfer,reference,commander_nav_state_override__2018-12-20__07_47_50__fault,44.822315999999994,14.314955325485746,4.572563171386719,True,vehicle_status.nav_state
transfer,reference,commander_nav_state_override__2018-12-20__07_47_50__fault,45.622316,14.314955325485746,4.572563171386719,True,vehicle_status.nav_state
transfer,reference,commander_nav_state_override__2018-12-20__07_47_50__fault,46.422315999999995,14.314955325485746,4.572563171386719,True,vehicle_status.nav_state
transfer,reference,commander_nav_state_override__2018-12-20__07_47_50__fault,47.222316,14.314955325485746,4.572563171386719,True,vehicle_status.nav_state
transfer,reference,commander_nav_state_override__2018-12-20__07_47_50__fault,48.022316,14.314955325485746,4.572563171386719,True,vehicle_status.nav_state
transfer,reference,commander_nav_state_override__2018-12-20__07_47_50__fault,48.822315999999994,14.314955325485746,4.572563171386719,True,vehicle_status.nav_state
transfer,reference,commander_nav_state_override__2018-12-20__07_47_50__fault,49.622316,14.314955325485746,4.572563171386719,True,vehicle_status.nav_state
transfer,reference,commander_nav_state_override__2018-12-20__07_47_50__fault,50.422315999999995,14.314955325485746,4.572563171386719,True,vehicle_status.nav_state
transfer,reference,commander_nav_state_override__2018-12-20__07_47_50__fault,51.222316,14.314955325485746,4.572563171386719,True,vehicle_status.nav_state
transfer,reference,commander_nav_state_override__2018-12-20__07_47_50__fault,52.022316,14.314955325485746,4.572563171386719,True,vehicle_status.nav_state
transfer,reference,commander_nav_state_override__2018-12-20__07_47_50__fault,52.822315999999994,14.314955325485746,4.572563171386719,True,vehicle_status.nav_state
transfer,reference,commander_nav_state_override__2018-12-20__07_47_50__fault,53.622316,14.314955325485746,4.572563171386719,True,vehicle_status.nav_state
transfer,reference,commander_nav_state_override__2018-12-20__07_47_50__fault,54.422315999999995,14.314955325485746,4.572563171386719,True,vehicle_status.nav_state
transfer,reference,commander_nav_state_override__2018-12-20__07_47_50__fault,55.222316,14.314955325485746,4.572563171386719,True,vehicle_status.nav_state
transfer,reference,commander_nav_state_override__2018-12-20__07_47_50__fault,56.022316,14.314955325485746,4.572563171386719,True,vehicle_status.nav_state
transfer,reference,commander_nav_state_override__2018-12-20__07_47_50__fault,56.822315999999994,14.314955325485746,4.572563171386719,True,vehicle_status.nav_state
transfer,reference,commander_nav_state_override__2018-12-20__07_47_50__fault,57.622316,14.314955325485746,4.572563171386719,True,vehicle_status.nav_state
transfer,reference,commander_nav_state_override__2018-12-20__07_47_50__fault,58.422315999999995,14.314955325485746,4.572563171386719,True,vehicle_status.nav_state
transfer,reference,commander_nav_state_override__2018-12-20__07_47_50__fault,59.222316,14.314955325485746,4.572563171386719,True,vehicle_status.nav_state
transfer,reference,commander_nav_state_override__2018-12-20__07_47_50__fault,60.022316,14.314955325485746,4.572563171386719,True,vehicle_status.nav_state
transfer,reference,commander_nav_state_override__2018-12-20__07_47_50__fault,60.822315999999994,14.314955325485746,4.572563171386719,True,vehicle_status.nav_state
transfer,reference,commander_nav_state_override__2018-12-20__07_47_50__fault,61.622316,14.314955325485746,4.572563171386719,True,vehicle_status.nav_state
transfer,reference,commander_nav_state_override__2018-12-20__07_47_50__fault,62.422315999999995,14.314955325485746,4.572563171386719,True,vehicle_status.nav_state
transfer,reference,commander_nav_state_override__2018-12-20__07_47_50__fault,63.222316,14.314955325485746,4.572563171386719,True,vehicle_status.nav_state
transfer,reference,commander_nav_state_override__2018-12-20__07_47_50__fault,64.022316,14.314955325485746,4.572563171386719,True,vehicle_status.nav_state
transfer,reference,commander_nav_state_override__2018-12-20__07_47_50__fault,64.822316,14.314955325485746,4.572563171386719,True,vehicle_status.nav_state
transfer,reference,commander_nav_state_override__2018-12-20__07_47_50__fault,65.622316,14.314955325485746,4.572563171386719,True,vehicle_status.nav_state
transfer,reference,commander_nav_state_override__2018-12-20__07_47_50__fault,66.42231600000001,14.314955325485746,4.572563171386719,True,vehicle_status.nav_state
transfer,reference,commander_nav_state_override__2018-12-20__07_47_50__fault,67.222316,14.314955325485746,4.572563171386719,True,vehicle_status.nav_state
transfer,reference,commander_nav_state_override__2018-12-20__07_47_50__fault,68.022316,14.314955325485746,4.572563171386719,True,vehicle_status.nav_state
transfer,reference,commander_nav_state_override__2018-12-20__07_47_50__fault,68.822316,14.314955325485746,4.572563171386719,True,vehicle_status.nav_state
transfer,reference,commander_nav_state_override__2018-12-20__07_47_50__fault,69.622316,14.314955325485746,4.572563171386719,True,vehicle_status.nav_state
transfer,reference,commander_nav_state_override__2018-12-20__07_47_50__fault,70.42231600000001,14.314955325485746,4.572563171386719,True,vehicle_status.nav_state
transfer,reference,commander_nav_state_override__2018-12-20__07_47_50__fault,71.222316,14.314955325485746,4.572563171386719,True,vehicle_status.nav_state
transfer,reference,commander_nav_state_override__2018-12-20__07_47_50__fault,72.022316,14.314955325485746,4.572563171386719,True,vehicle_status.nav_state
transfer,reference,commander_nav_state_override__2018-12-20__07_47_50__fault,72.822316,14.314955325485746,4.572563171386719,True,vehicle_status.nav_state
transfer,reference,commander_nav_state_override__2018-12-20__07_47_50__fault,73.622316,14.314955325485746,4.572563171386719,True,vehicle_status.nav_state
transfer,reference,commander_nav_state_override__2018-12-20__07_47_50__fault,74.42231600000001,14.314955325485746,4.572563171386719,True,vehicle_status.nav_state
transfer,reference,commander_nav_state_override__2018-12-20__07_47_50__fault,75.222316,14.314955325485746,4.572563171386719,True,vehicle_status.nav_state
transfer,reference,commander_nav_state_override__2018-12-20__07_47_50__fault,76.022316,14.314955325485746,4.572563171386719,True,vehicle_status.nav_state
transfer,reference,commander_nav_state_override__2018-12-20__07_47_50__fault,76.822316,14.314955325485746,4.572563171386719,True,vehicle_status.nav_state
transfer,reference,commander_nav_state_override__2018-12-20__07_47_50__fault,77.622316,14.314955325485746,4.572563171386719,True,vehicle_status.nav_state
transfer,reference,commander_nav_state_override__2018-12-20__07_47_50__fault,78.42231600000001,14.314955325485746,4.572563171386719,True,vehicle_status.nav_state
transfer,reference,commander_nav_state_override__2018-12-20__07_47_50__fault,79.222316,14.314955325485746,4.572563171386719,True,vehicle_status.nav_state
transfer,reference,commander_nav_state_override__2018-12-20__07_47_50__fault,80.022316,14.314955325485746,4.572563171386719,True,vehicle_status.nav_state
transfer,reference,commander_nav_state_override__2018-12-20__07_47_50__fault,80.822316,14.314955325485746,4.572563171386719,True,vehicle_status.nav_state
transfer,reference,commander_nav_state_override__2018-12-20__07_47_50__fault,81.622316,14.314955325485746,4.572563171386719,True,vehicle_status.nav_state
transfer,reference,commander_nav_state_override__2018-12-20__07_47_50__fault,82.42231600000001,14.314955325485746,4.572563171386719,True,vehicle_status.nav_state
transfer,reference,commander_nav_state_override__2018-12-20__07_47_50__fault,83.222316,14.314955325485746,4.572563171386719,True,vehicle_status.nav_state
transfer,reference,commander_nav_state_override__2018-12-20__07_47_50__fault,84.022316,14.314955325485746,4.572563171386719,True,vehicle_status.nav_state
transfer,reference,commander_nav_state_override__2018-12-20__07_47_50__fault,84.822316,14.314955325485746,4.572563171386719,True,vehicle_status.nav_state
transfer,reference,commander_nav_state_override__2018-12-20__07_47_50__fault,85.622316,14.314955325485746,4.572563171386719,True,vehicle_status.nav_state
transfer,reference,commander_nav_state_override__2018-12-20__07_47_50__fault,86.42231600000001,14.314955325485746,4.572563171386719,True,vehicle_status.nav_state
transfer,reference,commander_nav_state_override__2018-12-20__07_47_50__fault,87.222316,14.314955325485746,4.572563171386719,True,vehicle_status.nav_state
transfer,reference,commander_nav_state_override__2018-12-20__07_47_50__fault,88.022316,14.314955325485746,4.572563171386719,True,vehicle_status.nav_state
transfer,reference,commander_nav_state_override__2018-12-20__07_47_50__fault,88.822316,14.314955325485746,4.572563171386719,True,vehicle_status.nav_state
transfer,reference,commander_nav_state_override__2018-12-20__07_47_50__fault,89.622316,14.314955325485746,4.572563171386719,True,vehicle_status.nav_state
transfer,reference,commander_nav_state_override__2018-12-20__07_47_50__fault,90.42231600000001,14.314955325485746,4.572563171386719,True,vehicle_status.nav_state
transfer,reference,commander_nav_state_override__2018-12-20__07_47_50__fault,91.222316,14.314955325485746,4.572563171386719,True,vehicle_status.nav_state
transfer,reference,commander_nav_state_override__2018-12-20__07_47_50__fault,92.022316,14.314955325485746,4.572563171386719,True,vehicle_status.nav_state
transfer,reference,commander_nav_state_override__2018-12-20__07_47_50__fault,92.822316,14.314955325485746,4.572563171386719,True,vehicle_status.nav_state
transfer,reference,commander_nav_state_override__2018-12-20__07_47_50__fault,93.622316,14.314955325485746,4.572563171386719,True,vehicle_status.nav_state
transfer,reference,commander_nav_state_override__2018-12-20__07_47_50__fault,94.42231600000001,14.314955325485746,4.572563171386719,True,vehicle_status.nav_state
transfer,reference,commander_nav_state_override__2018-12-20__07_47_50__fault,95.222316,14.314955325485746,4.572563171386719,True,vehicle_status.nav_state
transfer,reference,commander_nav_state_override__2018-12-20__07_47_50__fault,96.022316,14.314955325485746,4.572563171386719,True,vehicle_status.nav_state
transfer,reference,commander_nav_state_override__2018-12-20__07_47_50__fault,96.822316,14.314955325485746,4.572563171386719,True,vehicle_status.nav_state
transfer,reference,commander_nav_state_override__2018-12-20__07_47_50__fault,97.622316,14.314955325485746,4.572563171386719,True,vehicle_status.nav_state
transfer,reference,commander_nav_state_override__2018-12-20__07_47_50__fault,98.42231600000001,14.314955325485746,4.572563171386719,True,vehicle_status.nav_state
transfer,reference,commander_nav_state_override__2018-12-20__07_47_50__fault,99.222316,14.314955325485746,4.572563171386719,True,vehicle_status.nav_state
transfer,reference,commander_nav_state_override__2018-12-20__07_47_50__fault,100.022316,14.314955325485746,4.572563171386719,True,vehicle_status.nav_state
transfer,reference,commander_nav_state_override__2018-12-20__07_47_50__fault,100.822316,14.314955325485746,4.572563171386719,True,vehicle_status.nav_state
transfer,reference,commander_nav_state_override__2018-12-20__07_47_50__fault,101.622316,14.314955325485746,4.572563171386719,True,vehicle_status.nav_state
transfer,reference,commander_nav_state_override__2018-12-20__07_47_50__fault,102.42231600000001,14.314955325485746,4.572563171386719,True,vehicle_status.nav_state
transfer,reference,commander_nav_state_override__2018-12-20__07_47_50__fault,103.222316,14.314955325485746,4.572563171386719,True,vehicle_status.nav_state
transfer,reference,commander_nav_state_override__2018-12-20__07_47_50__fault,104.022316,14.314955325485746,4.572563171386719,True,vehicle_status.nav_state
transfer,reference,commander_nav_state_override__2018-12-20__07_47_50__fault,104.822316,14.314955325485746,4.572563171386719,True,vehicle_status.nav_state
transfer,reference,commander_nav_state_override__2018-12-20__07_47_50__fault,105.622316,14.314955325485746,4.572563171386719,True,vehicle_status.nav_state
transfer,reference,commander_nav_state_override__2018-12-20__07_47_50__fault,106.42231600000001,14.314955325485746,4.572563171386719,True,vehicle_status.nav_state
transfer,reference,commander_nav_state_override__2018-12-20__07_47_50__fault,107.222316,14.314955325485746,4.572563171386719,True,vehicle_status.nav_state
transfer,reference,commander_nav_state_override__2018-12-20__07_47_50__fault,108.022316,14.314955325485746,4.572563171386719,True,vehicle_status.nav_state
transfer,reference,commander_nav_state_override__2018-12-20__07_47_50__fault,108.822316,14.314955325485746,4.572563171386719,True,vehicle_status.nav_state
transfer,reference,commander_nav_state_override__2018-12-20__07_47_50__fault,109.622316,14.314955325485746,4.572563171386719,True,vehicle_status.nav_state
transfer,reference,commander_nav_state_override__2018-12-20__07_47_50__fault,110.42231600000001,14.314955325485746,4.572563171386719,True,vehicle_status.nav_state
transfer,reference,commander_nav_state_override__2018-12-20__07_47_50__fault,111.222316,14.314955325485746,4.572563171386719,True,vehicle_status.nav_state
transfer,reference,commander_nav_state_override__2018-12-20__07_47_50__fault,112.022316,14.314955325485746,4.572563171386719,True,vehicle_status.nav_state
transfer,reference,commander_nav_state_override__2018-12-20__07_47_50__fault,112.822316,14.314955325485746,4.572563171386719,True,vehicle_status.nav_state
transfer,reference,commander_nav_state_override__2018-12-20__07_47_50__fault,113.622316,14.314955325485746,4.572563171386719,True,vehicle_status.nav_state
transfer,reference,commander_nav_state_override__2018-12-20__07_47_50__fault,114.42231600000001,14.314955325485746,4.572563171386719,True,vehicle_status.nav_state
transfer,reference,commander_nav_state_override__2018-12-20__07_47_50__fault,115.222316,3.469409942626953,4.572563171386719,False,vehicle_attitude_setpoint.pitch_body
transfer,reference,commander_nav_state_override__2018-12-20__07_47_50__fault,116.022316,3.469409942626953,4.572563171386719,False,vehicle_attitude_setpoint.pitch_body
transfer,reference,commander_nav_state_override__2018-12-20__07_47_50__fault,116.822316,3.469409942626953,4.572563171386719,False,vehicle_attitude_setpoint.pitch_body
transfer,reference,commander_nav_state_override__2018-12-20__07_47_50__fault,117.622316,5.563759803771973,4.572563171386719,True,vehicle_attitude_setpoint.pitch_body
transfer,reference,commander_nav_state_override__2018-12-20__07_47_50__fault,118.42231600000001,4.0366315841674805,4.572563171386719,False,vehicle_attitude_setpoint.pitch_body
transfer,reference,commander_nav_state_override__2018-12-20__07_47_50__fault,119.222316,4.0366315841674805,4.572563171386719,False,vehicle_attitude_setpoint.pitch_body
transfer,reference,commander_nav_state_override__2018-12-20__07_47_50__fault,120.022316,4.0366315841674805,4.572563171386719,False,vehicle_attitude_setpoint.pitch_body
transfer,reference,commander_nav_state_override__2018-12-20__07_47_50__fault,120.822316,6.9388896226882935,4.572563171386719,True,vehicle_attitude_setpoint.pitch_body
transfer,reference,commander_nav_state_override__2018-12-20__07_47_50__fault,121.622316,5.805250406265259,4.572563171386719,True,vehicle_attitude_setpoint.pitch_body
transfer,reference,commander_nav_state_override__2018-12-25__08_44_40__fault,9.624953,0.0,4.572563171386719,False,actuator_controls_0.control[0]
transfer,reference,commander_nav_state_override__2018-12-25__08_44_40__fault,10.424953,0.0,4.572563171386719,False,actuator_controls_0.control[0]
transfer,reference,commander_nav_state_override__2018-12-25__08_44_40__fault,11.224953,0.0,4.572563171386719,False,actuator_controls_0.control[0]
transfer,reference,commander_nav_state_override__2018-12-25__08_44_40__fault,12.024953,0.0,4.572563171386719,False,actuator_controls_0.control[0]
transfer,reference,commander_nav_state_override__2018-12-25__08_44_40__fault,12.824953,0.0,4.572563171386719,False,actuator_controls_0.control[0]
transfer,reference,commander_nav_state_override__2018-12-25__08_44_40__fault,13.624953,0.0,4.572563171386719,False,actuator_controls_0.control[0]
transfer,reference,commander_nav_state_override__2018-12-25__08_44_40__fault,14.424953,0.0,4.572563171386719,False,actuator_controls_0.control[0]
transfer,reference,commander_nav_state_override__2018-12-25__08_44_40__fault,15.224953,0.0,4.572563171386719,False,actuator_controls_0.control[0]
transfer,reference,commander_nav_state_override__2018-12-25__08_44_40__fault,16.024953,0.0,4.572563171386719,False,actuator_controls_0.control[0]
transfer,reference,commander_nav_state_override__2018-12-25__08_44_40__fault,16.824953,0.0,4.572563171386719,False,actuator_controls_0.control[0]
transfer,reference,commander_nav_state_override__2018-12-25__08_44_40__fault,17.624953,0.0,4.572563171386719,False,actuator_controls_0.control[0]
transfer,reference,commander_nav_state_override__2018-12-25__08_44_40__fault,18.424953,0.0,4.572563171386719,False,actuator_controls_0.control[0]
transfer,reference,commander_nav_state_override__2018-12-25__08_44_40__fault,19.224953,0.0,4.572563171386719,False,actuator_controls_0.control[0]
transfer,reference,commander_nav_state_override__2018-12-25__08_44_40__fault,20.024953,0.0,4.572563171386719,False,actuator_controls_0.control[0]
transfer,reference,commander_nav_state_override__2018-12-25__08_44_40__fault,20.824953,0.0,4.572563171386719,False,actuator_controls_0.control[0]
transfer,reference,commander_nav_state_override__2018-12-25__08_44_40__fault,21.624953,0.0,4.572563171386719,False,actuator_controls_0.control[0]
transfer,reference,commander_nav_state_override__2018-12-25__08_44_40__fault,22.424953,0.0,4.572563171386719,False,actuator_controls_0.control[0]
transfer,reference,commander_nav_state_override__2018-12-25__08_44_40__fault,23.224953,0.0,4.572563171386719,False,actuator_controls_0.control[0]
transfer,reference,commander_nav_state_override__2018-12-25__08_44_40__fault,24.024953,0.0,4.572563171386719,False,actuator_controls_0.control[0]
transfer,reference,commander_nav_state_override__2018-12-25__08_44_40__fault,24.824953,0.0,4.572563171386719,False,actuator_controls_0.control[0]
transfer,reference,commander_nav_state_override__2018-12-25__08_44_40__fault,25.624953,0.0,4.572563171386719,False,actuator_controls_0.control[0]
transfer,reference,commander_nav_state_override__2018-12-25__08_44_40__fault,26.424953,0.0,4.572563171386719,False,actuator_controls_0.control[0]
transfer,reference,commander_nav_state_override__2018-12-25__08_44_40__fault,27.224953,0.0,4.572563171386719,False,actuator_controls_0.control[0]
transfer,reference,commander_nav_state_override__2018-12-25__08_44_40__fault,28.024953,0.0,4.572563171386719,False,actuator_controls_0.control[0]
transfer,reference,commander_nav_state_override__2018-12-25__08_44_40__fault,28.824953,0.0,4.572563171386719,False,actuator_controls_0.control[0]
transfer,reference,commander_nav_state_override__2018-12-25__08_44_40__fault,29.624953,0.0,4.572563171386719,False,actuator_controls_0.control[0]
transfer,reference,commander_nav_state_override__2018-12-25__08_44_40__fault,30.424953,0.0,4.572563171386719,False,actuator_controls_0.control[0]
transfer,reference,commander_nav_state_override__2018-12-25__08_44_40__fault,31.224953,0.0,4.572563171386719,False,actuator_controls_0.control[0]
transfer,reference,commander_nav_state_override__2018-12-25__08_44_40__fault,32.024953,0.0,4.572563171386719,False,actuator_controls_0.control[0]
transfer,reference,commander_nav_state_override__2018-12-25__08_44_40__fault,32.824952999999994,0.0,4.572563171386719,False,actuator_controls_0.control[0]
transfer,reference,commander_nav_state_override__2018-12-25__08_44_40__fault,33.624953,0.0,4.572563171386719,False,actuator_controls_0.control[0]
transfer,reference,commander_nav_state_override__2018-12-25__08_44_40__fault,34.424952999999995,0.0,4.572563171386719,False,actuator_controls_0.control[0]
transfer,reference,commander_nav_state_override__2018-12-25__08_44_40__fault,35.224953,0.0,4.572563171386719,False,actuator_controls_0.control[0]
transfer,reference,commander_nav_state_override__2018-12-25__08_44_40__fault,36.024953,0.0,4.572563171386719,False,actuator_controls_0.control[0]
transfer,reference,commander_nav_state_override__2018-12-25__08_44_40__fault,36.824952999999994,0.0,4.572563171386719,False,actuator_controls_0.control[0]
transfer,reference,commander_nav_state_override__2018-12-25__08_44_40__fault,37.624953,0.0,4.572563171386719,False,actuator_controls_0.control[0]
transfer,reference,commander_nav_state_override__2018-12-25__08_44_40__fault,38.424952999999995,0.0,4.572563171386719,False,actuator_controls_0.control[0]
transfer,reference,commander_nav_state_override__2018-12-25__08_44_40__fault,39.224953,0.0,4.572563171386719,False,actuator_controls_0.control[0]
transfer,reference,commander_nav_state_override__2018-12-25__08_44_40__fault,40.024953,0.0,4.572563171386719,False,actuator_controls_0.control[0]
transfer,reference,commander_nav_state_override__2018-12-25__08_44_40__fault,40.824952999999994,0.0,4.572563171386719,False,actuator_controls_0.control[0]
transfer,reference,commander_nav_state_override__2018-12-25__08_44_40__fault,41.624953,14.314955325485746,4.572563171386719,True,vehicle_status.nav_state
transfer,reference,commander_nav_state_override__2018-12-25__08_44_40__fault,42.424952999999995,14.314955325485746,4.572563171386719,True,vehicle_status.nav_state
transfer,reference,commander_nav_state_override__2018-12-25__08_44_40__fault,43.224953,14.314955325485746,4.572563171386719,True,vehicle_status.nav_state
transfer,reference,commander_nav_state_override__2018-12-25__08_44_40__fault,44.024953,14.314955325485746,4.572563171386719,True,vehicle_status.nav_state
transfer,reference,commander_nav_state_override__2018-12-25__08_44_40__fault,44.824952999999994,14.314955325485746,4.572563171386719,True,vehicle_status.nav_state
transfer,reference,commander_nav_state_override__2018-12-25__08_44_40__fault,45.624953,14.314955325485746,4.572563171386719,True,vehicle_status.nav_state
transfer,reference,commander_nav_state_override__2018-12-25__08_44_40__fault,46.424952999999995,14.314955325485746,4.572563171386719,True,vehicle_status.nav_state
transfer,reference,commander_nav_state_override__2018-12-25__08_44_40__fault,47.224953,14.314955325485746,4.572563171386719,True,vehicle_status.nav_state
transfer,reference,commander_nav_state_override__2018-12-25__08_44_40__fault,48.024953,14.314955325485746,4.572563171386719,True,vehicle_status.nav_state
transfer,reference,commander_nav_state_override__2018-12-25__08_44_40__fault,48.824952999999994,14.314955325485746,4.572563171386719,True,vehicle_status.nav_state
transfer,reference,commander_nav_state_override__2018-12-25__08_44_40__fault,49.624953,14.314955325485746,4.572563171386719,True,vehicle_status.nav_state
transfer,reference,commander_nav_state_override__2018-12-25__08_44_40__fault,50.424952999999995,14.314955325485746,4.572563171386719,True,vehicle_status.nav_state
transfer,reference,commander_nav_state_override__2018-12-25__08_44_40__fault,51.224953,14.314955325485746,4.572563171386719,True,vehicle_status.nav_state
transfer,reference,commander_nav_state_override__2018-12-25__08_44_40__fault,52.024953,14.314955325485746,4.572563171386719,True,vehicle_status.nav_state
transfer,reference,commander_nav_state_override__2018-12-25__08_44_40__fault,52.824952999999994,14.314955325485746,4.572563171386719,True,vehicle_status.nav_state
transfer,reference,commander_nav_state_override__2018-12-25__08_44_40__fault,53.624953,14.314955325485746,4.572563171386719,True,vehicle_status.nav_state
transfer,reference,commander_nav_state_override__2018-12-25__08_44_40__fault,54.424952999999995,14.314955325485746,4.572563171386719,True,vehicle_status.nav_state
transfer,reference,commander_nav_state_override__2018-12-25__08_44_40__fault,55.224953,14.314955325485746,4.572563171386719,True,vehicle_status.nav_state
transfer,reference,commander_nav_state_override__2018-12-25__08_44_40__fault,56.024953,14.314955325485746,4.572563171386719,True,vehicle_status.nav_state
transfer,reference,commander_nav_state_override__2018-12-25__08_44_40__fault,56.824952999999994,14.314955325485746,4.572563171386719,True,vehicle_status.nav_state
transfer,reference,commander_nav_state_override__2018-12-25__08_44_40__fault,57.624953,14.314955325485746,4.572563171386719,True,vehicle_status.nav_state
transfer,reference,commander_nav_state_override__2018-12-25__08_44_40__fault,58.424952999999995,14.314955325485746,4.572563171386719,True,vehicle_status.nav_state
transfer,reference,commander_nav_state_override__2018-12-25__08_44_40__fault,59.224953,14.314955325485746,4.572563171386719,True,vehicle_status.nav_state
transfer,reference,commander_nav_state_override__2018-12-25__08_44_40__fault,60.024953,14.314955325485746,4.572563171386719,True,vehicle_status.nav_state
transfer,reference,commander_nav_state_override__2018-12-25__08_44_40__fault,60.824952999999994,14.314955325485746,4.572563171386719,True,vehicle_status.nav_state
transfer,reference,commander_nav_state_override__2018-12-25__08_44_40__fault,61.624953,14.314955325485746,4.572563171386719,True,vehicle_status.nav_state
transfer,reference,commander_nav_state_override__2018-12-25__08_44_40__fault,62.424952999999995,14.314955325485746,4.572563171386719,True,vehicle_status.nav_state
transfer,reference,commander_nav_state_override__2018-12-25__08_44_40__fault,63.224953,14.314955325485746,4.572563171386719,True,vehicle_status.nav_state
transfer,reference,commander_nav_state_override__2018-12-25__08_44_40__fault,64.024953,14.314955325485746,4.572563171386719,True,vehicle_status.nav_state
transfer,reference,commander_nav_state_override__2018-12-25__08_44_40__fault,64.824953,14.314955325485746,4.572563171386719,True,vehicle_status.nav_state
transfer,reference,commander_nav_state_override__2018-12-25__08_44_40__fault,65.62495299999999,14.314955325485746,4.572563171386719,True,vehicle_status.nav_state
transfer,reference,commander_nav_state_override__2018-12-25__08_44_40__fault,66.424953,14.314955325485746,4.572563171386719,True,vehicle_status.nav_state
transfer,reference,commander_nav_state_override__2018-12-25__08_44_40__fault,67.224953,14.314955325485746,4.572563171386719,True,vehicle_status.nav_state
transfer,reference,commander_nav_state_override__2018-12-25__08_44_40__fault,68.024953,14.314955325485746,4.572563171386719,True,vehicle_status.nav_state
transfer,reference,commander_nav_state_override__2018-12-25__08_44_40__fault,68.824953,14.314955325485746,4.572563171386719,True,vehicle_status.nav_state
transfer,reference,commander_nav_state_override__2018-12-25__08_44_40__fault,69.62495299999999,14.314955325485746,4.572563171386719,True,vehicle_status.nav_state
transfer,reference,commander_nav_state_override__2018-12-25__08_44_40__fault,70.424953,14.314955325485746,4.572563171386719,True,vehicle_status.nav_state
transfer,reference,commander_nav_state_override__2018-12-25__08_44_40__fault,71.224953,14.314955325485746,4.572563171386719,True,vehicle_status.nav_state
transfer,reference,commander_nav_state_override__2018-12-25__08_44_40__fault,72.024953,14.314955325485746,4.572563171386719,True,vehicle_status.nav_state
transfer,reference,commander_nav_state_override__2018-12-25__08_44_40__fault,72.824953,14.314955325485746,4.572563171386719,True,vehicle_status.nav_state
transfer,reference,commander_nav_state_override__2018-12-25__08_44_40__fault,73.62495299999999,14.314955325485746,4.572563171386719,True,vehicle_status.nav_state
transfer,reference,commander_nav_state_override__2018-12-25__08_44_40__fault,74.424953,14.314955325485746,4.572563171386719,True,vehicle_status.nav_state
transfer,reference,commander_nav_state_override__2018-12-25__08_44_40__fault,75.224953,14.314955325485746,4.572563171386719,True,vehicle_status.nav_state
transfer,reference,commander_nav_state_override__2018-12-25__08_44_40__fault,76.024953,14.314955325485746,4.572563171386719,True,vehicle_status.nav_state
transfer,reference,commander_nav_state_override__2018-12-25__08_44_40__fault,76.824953,14.314955325485746,4.572563171386719,True,vehicle_status.nav_state
transfer,reference,commander_nav_state_override__2018-12-25__08_44_40__fault,77.62495299999999,14.314955325485746,4.572563171386719,True,vehicle_status.nav_state
transfer,reference,commander_nav_state_override__2018-12-25__08_44_40__fault,78.424953,14.314955325485746,4.572563171386719,True,vehicle_status.nav_state
transfer,reference,commander_nav_state_override__2018-12-25__08_44_40__fault,79.224953,14.314955325485746,4.572563171386719,True,vehicle_status.nav_state
transfer,reference,commander_nav_state_override__2018-12-25__08_44_40__fault,80.024953,14.314955325485746,4.572563171386719,True,vehicle_status.nav_state
transfer,reference,commander_nav_state_override__2018-12-25__08_44_40__fault,80.824953,14.314955325485746,4.572563171386719,True,vehicle_status.nav_state
transfer,reference,commander_nav_state_override__2018-12-25__08_44_40__fault,81.62495299999999,14.314955325485746,4.572563171386719,True,vehicle_status.nav_state
transfer,reference,commander_nav_state_override__2018-12-25__08_44_40__fault,82.424953,14.314955325485746,4.572563171386719,True,vehicle_status.nav_state
transfer,reference,commander_nav_state_override__2018-12-25__08_44_40__fault,83.224953,14.314955325485746,4.572563171386719,True,vehicle_status.nav_state
transfer,reference,commander_nav_state_override__2018-12-25__08_44_40__fault,84.024953,14.314955325485746,4.572563171386719,True,vehicle_status.nav_state
transfer,reference,commander_nav_state_override__2018-12-25__08_44_40__fault,84.824953,14.314955325485746,4.572563171386719,True,vehicle_status.nav_state
transfer,reference,commander_nav_state_override__2018-12-25__08_44_40__fault,85.62495299999999,14.314955325485746,4.572563171386719,True,vehicle_status.nav_state
transfer,reference,commander_nav_state_override__2018-12-25__08_44_40__fault,86.424953,14.314955325485746,4.572563171386719,True,vehicle_status.nav_state
transfer,reference,commander_nav_state_override__2018-12-25__08_44_40__fault,87.224953,14.314955325485746,4.572563171386719,True,vehicle_status.nav_state
transfer,reference,commander_nav_state_override__2018-12-25__08_44_40__fault,88.024953,14.314955325485746,4.572563171386719,True,vehicle_status.nav_state
transfer,reference,commander_nav_state_override__2018-12-25__08_44_40__fault,88.824953,14.314955325485746,4.572563171386719,True,vehicle_status.nav_state
transfer,reference,commander_nav_state_override__2018-12-25__08_44_40__fault,89.62495299999999,14.314955325485746,4.572563171386719,True,vehicle_status.nav_state
transfer,reference,commander_nav_state_override__2018-12-25__08_44_40__fault,90.424953,14.314955325485746,4.572563171386719,True,vehicle_status.nav_state
transfer,reference,commander_nav_state_override__2018-12-25__08_44_40__fault,91.224953,14.314955325485746,4.572563171386719,True,vehicle_status.nav_state
transfer,reference,commander_nav_state_override__2018-12-25__08_44_40__fault,92.024953,14.314955325485746,4.572563171386719,True,vehicle_status.nav_state
transfer,reference,commander_nav_state_override__2018-12-25__08_44_40__fault,92.824953,14.314955325485746,4.572563171386719,True,vehicle_status.nav_state
transfer,reference,commander_nav_state_override__2018-12-25__08_44_40__fault,93.62495299999999,14.314955325485746,4.572563171386719,True,vehicle_status.nav_state
transfer,reference,commander_nav_state_override__2018-12-25__08_44_40__fault,94.424953,14.314955325485746,4.572563171386719,True,vehicle_status.nav_state
transfer,reference,commander_nav_state_override__2018-12-25__08_44_40__fault,95.224953,14.314955325485746,4.572563171386719,True,vehicle_status.nav_state
transfer,reference,commander_nav_state_override__2018-12-25__08_44_40__fault,96.024953,14.314955325485746,4.572563171386719,True,vehicle_status.nav_state
transfer,reference,commander_nav_state_override__2018-12-25__08_44_40__fault,96.824953,14.314955325485746,4.572563171386719,True,vehicle_status.nav_state
transfer,reference,commander_nav_state_override__2018-12-25__08_44_40__fault,97.62495299999999,14.314955325485746,4.572563171386719,True,vehicle_status.nav_state
transfer,reference,commander_nav_state_override__2018-12-25__08_44_40__fault,98.424953,14.314955325485746,4.572563171386719,True,vehicle_status.nav_state
transfer,reference,commander_nav_state_override__2018-12-25__08_44_40__fault,99.224953,14.314955325485746,4.572563171386719,True,vehicle_status.nav_state
transfer,reference,commander_nav_state_override__2018-12-25__08_44_40__fault,100.024953,14.314955325485746,4.572563171386719,True,vehicle_status.nav_state
transfer,reference,commander_nav_state_override__2018-12-25__08_44_40__fault,100.824953,14.314955325485746,4.572563171386719,True,vehicle_status.nav_state
transfer,reference,commander_nav_state_override__2018-12-25__08_44_40__fault,101.62495299999999,14.314955325485746,4.572563171386719,True,vehicle_status.nav_state
transfer,reference,commander_nav_state_override__2018-12-25__08_44_40__fault,102.424953,14.314955325485746,4.572563171386719,True,vehicle_status.nav_state
transfer,reference,commander_nav_state_override__2018-12-25__08_44_40__fault,103.224953,14.314955325485746,4.572563171386719,True,vehicle_status.nav_state
transfer,reference,commander_nav_state_override__2018-12-25__08_44_40__fault,104.024953,14.314955325485746,4.572563171386719,True,vehicle_status.nav_state
transfer,reference,commander_nav_state_override__2018-12-25__08_44_40__fault,104.824953,14.314955325485746,4.572563171386719,True,vehicle_status.nav_state
transfer,reference,commander_nav_state_override__2018-12-25__08_44_40__fault,105.62495299999999,14.314955325485746,4.572563171386719,True,vehicle_status.nav_state
transfer,reference,commander_nav_state_override__2018-12-25__08_44_40__fault,106.424953,14.314955325485746,4.572563171386719,True,vehicle_status.nav_state
transfer,reference,commander_nav_state_override__2018-12-25__08_44_40__fault,107.224953,14.314955325485746,4.572563171386719,True,vehicle_status.nav_state
transfer,reference,commander_nav_state_override__2018-12-25__08_44_40__fault,108.024953,14.314955325485746,4.572563171386719,True,vehicle_status.nav_state
transfer,reference,commander_nav_state_override__2018-12-25__08_44_40__fault,108.824953,14.314955325485746,4.572563171386719,True,vehicle_status.nav_state
transfer,reference,commander_nav_state_override__2018-12-25__08_44_40__fault,109.62495299999999,14.314955325485746,4.572563171386719,True,vehicle_status.nav_state
transfer,reference,commander_nav_state_override__2018-12-25__08_44_40__fault,110.424953,14.314955325485746,4.572563171386719,True,vehicle_status.nav_state
transfer,reference,commander_nav_state_override__2018-12-25__08_44_40__fault,111.224953,14.314955325485746,4.572563171386719,True,vehicle_status.nav_state
transfer,reference,commander_nav_state_override__2018-12-25__08_44_40__fault,112.024953,14.314955325485746,4.572563171386719,True,vehicle_status.nav_state
transfer,reference,commander_nav_state_override__2018-12-25__08_44_40__fault,112.824953,14.314955325485746,4.572563171386719,True,vehicle_status.nav_state
transfer,reference,commander_nav_state_override__2018-12-25__08_44_40__fault,113.62495299999999,14.314955325485746,4.572563171386719,True,vehicle_status.nav_state
transfer,reference,commander_nav_state_override__2018-12-25__08_44_40__fault,114.424953,14.314955325485746,4.572563171386719,True,vehicle_status.nav_state
transfer,reference,commander_nav_state_override__2018-12-25__08_44_40__fault,115.224953,14.314955325485746,4.572563171386719,True,vehicle_status.nav_state
transfer,reference,commander_nav_state_override__2018-12-25__08_44_40__fault,116.024953,14.314955325485746,4.572563171386719,True,vehicle_status.nav_state
transfer,reference,commander_nav_state_override__2018-12-25__08_44_40__fault,116.824953,14.314955325485746,4.572563171386719,True,vehicle_status.nav_state
transfer,reference,commander_nav_state_override__2018-12-25__08_44_40__fault,117.62495299999999,14.314955325485746,4.572563171386719,True,vehicle_status.nav_state
transfer,reference,commander_nav_state_override__2018-12-25__08_44_40__fault,118.424953,14.314955325485746,4.572563171386719,True,vehicle_status.nav_state
transfer,reference,commander_nav_state_override__2018-12-25__08_44_40__fault,119.224953,14.314955325485746,4.572563171386719,True,vehicle_status.nav_state
transfer,reference,commander_nav_state_override__2018-12-25__08_44_40__fault,120.024953,14.314955325485746,4.572563171386719,True,vehicle_status.nav_state
transfer,reference,commander_nav_state_override__2018-12-25__08_44_40__fault,120.824953,14.314955325485746,4.572563171386719,True,vehicle_status.nav_state
transfer,reference,commander_nav_state_override__2018-12-25__08_44_40__fault,121.62495299999999,14.314955325485746,4.572563171386719,True,vehicle_status.nav_state
transfer,reference,commander_nav_state_override__2018-12-25__08_44_40__fault,122.424953,14.314955325485746,4.572563171386719,True,vehicle_status.nav_state
transfer,reference,commander_nav_state_override__2018-12-25__08_44_40__fault,123.224953,14.314955325485746,4.572563171386719,True,vehicle_status.nav_state
transfer,reference,commander_nav_state_override__2018-12-25__08_44_40__fault,124.024953,14.314955325485746,4.572563171386719,True,vehicle_status.nav_state
transfer,reference,commander_nav_state_override__2018-12-25__08_44_40__fault,124.824953,14.314955325485746,4.572563171386719,True,vehicle_status.nav_state
transfer,reference,commander_nav_state_override__2018-12-25__08_44_40__fault,125.62495299999999,14.314955325485746,4.572563171386719,True,vehicle_status.nav_state
transfer,reference,commander_nav_state_override__2018-12-25__08_44_40__fault,126.424953,14.314955325485746,4.572563171386719,True,vehicle_status.nav_state
transfer,reference,commander_nav_state_override__2018-12-25__08_44_40__fault,127.224953,14.314955325485746,4.572563171386719,True,vehicle_status.nav_state
transfer,reference,commander_nav_state_override__2018-12-25__08_44_40__fault,128.024953,14.314955325485746,4.572563171386719,True,vehicle_status.nav_state
transfer,reference,commander_nav_state_override__2018-12-25__08_44_40__fault,128.82495300000002,14.314955325485746,4.572563171386719,True,vehicle_status.nav_state
transfer,reference,commander_nav_state_override__2018-12-25__08_44_40__fault,129.624953,14.314955325485746,4.572563171386719,True,vehicle_status.nav_state
transfer,reference,commander_nav_state_override__2018-12-25__08_44_40__fault,130.42495300000002,14.314955325485746,4.572563171386719,True,vehicle_status.nav_state
transfer,reference,commander_nav_state_override__2018-12-25__08_44_40__fault,131.224953,14.314955325485746,4.572563171386719,True,vehicle_status.nav_state
transfer,reference,commander_nav_state_override__2018-12-25__08_44_40__fault,132.024953,14.314955325485746,4.572563171386719,True,vehicle_status.nav_state
transfer,reference,commander_nav_state_override__2018-12-25__08_44_40__fault,132.82495300000002,14.314955325485746,4.572563171386719,True,vehicle_status.nav_state
transfer,reference,commander_nav_state_override__2018-12-25__08_44_40__fault,133.624953,0.0,4.572563171386719,False,actuator_controls_0.control[0]
transfer,reference,commander_nav_state_override__2018-12-25__08_44_40__fault,134.42495300000002,0.0,4.572563171386719,False,actuator_controls_0.control[0]
transfer,reference,commander_nav_state_override__2018-12-25__08_44_40__fault,135.224953,0.0,4.572563171386719,False,actuator_controls_0.control[0]
transfer,reference,commander_nav_state_override__2018-12-25__08_44_40__fault,136.024953,0.0,4.572563171386719,False,actuator_controls_0.control[0]
transfer,reference,commander_nav_state_override__2018-12-25__08_44_40__fault,136.82495300000002,0.0,4.572563171386719,False,actuator_controls_0.control[0]
transfer,reference,commander_nav_state_override__2018-12-25__08_44_40__fault,137.624953,0.0,4.572563171386719,False,actuator_controls_0.control[0]
transfer,reference,commander_nav_state_override__2018-12-25__08_44_40__fault,138.42495300000002,0.0,4.572563171386719,False,actuator_controls_0.control[0]
transfer,reference,commander_nav_state_override__2018-12-25__08_44_40__fault,139.224953,0.0,4.572563171386719,False,actuator_controls_0.control[0]
transfer,reference,commander_nav_state_override__2018-12-25__08_44_40__fault,140.024953,0.0,4.572563171386719,False,actuator_controls_0.control[0]
transfer,reference,commander_nav_state_override__2018-12-25__08_44_40__fault,140.82495300000002,0.0,4.572563171386719,False,actuator_controls_0.control[0]
transfer,reference,ekf2_innovation_bias__2018-12-19__07_49_17__fault,9.622598,0.0,4.572563171386719,False,actuator_controls_0.control[0]
transfer,reference,ekf2_innovation_bias__2018-12-19__07_49_17__fault,10.422598,0.0,4.572563171386719,False,actuator_controls_0.control[0]
transfer,reference,ekf2_innovation_bias__2018-12-19__07_49_17__fault,11.222598,0.0,4.572563171386719,False,actuator_controls_0.control[0]
transfer,reference,ekf2_innovation_bias__2018-12-19__07_49_17__fault,12.022598,0.0,4.572563171386719,False,actuator_controls_0.control[0]
transfer,reference,ekf2_innovation_bias__2018-12-19__07_49_17__fault,12.822598000000001,60.554939271096885,4.572563171386719,True,estimator_status.mag_test_ratio
transfer,reference,ekf2_innovation_bias__2018-12-19__07_49_17__fault,13.622598,60.554939271096885,4.572563171386719,True,estimator_status.mag_test_ratio
transfer,reference,ekf2_innovation_bias__2018-12-19__07_49_17__fault,14.422598,34.72823249978447,4.572563171386719,True,estimator_status.mag_test_ratio
transfer,reference,ekf2_innovation_bias__2018-12-19__07_49_17__fault,15.222598,30.357490693628254,4.572563171386719,True,estimator_status.mag_test_ratio
transfer,reference,ekf2_innovation_bias__2018-12-19__07_49_17__fault,16.022598,30.357490693628254,4.572563171386719,True,estimator_status.mag_test_ratio
transfer,reference,ekf2_innovation_bias__2018-12-19__07_49_17__fault,16.822598,30.357490693628254,4.572563171386719,True,estimator_status.mag_test_ratio
transfer,reference,ekf2_innovation_bias__2018-12-19__07_49_17__fault,17.622598,30.357490693628254,4.572563171386719,True,estimator_status.mag_test_ratio
transfer,reference,ekf2_innovation_bias__2018-12-19__07_49_17__fault,18.422597999999997,30.357490693628254,4.572563171386719,True,estimator_status.mag_test_ratio
transfer,reference,ekf2_innovation_bias__2018-12-19__07_49_17__fault,19.222597999999998,30.357490693628254,4.572563171386719,True,estimator_status.mag_test_ratio
transfer,reference,ekf2_innovation_bias__2018-12-19__07_49_17__fault,20.022598,30.357490693628254,4.572563171386719,True,estimator_status.mag_test_ratio
transfer,reference,ekf2_innovation_bias__2018-12-19__07_49_17__fault,20.822598,33.71406555175781,4.572563171386719,True,vehicle_local_position.az
transfer,reference,ekf2_innovation_bias__2018-12-19__07_49_17__fault,21.622598,33.71406555175781,4.572563171386719,True,vehicle_local_position.az
transfer,reference,ekf2_innovation_bias__2018-12-19__07_49_17__fault,22.422597999999997,30.88462813625362,4.572563171386719,True,estimator_status.mag_test_ratio
transfer,reference,ekf2_innovation_bias__2018-12-19__07_49_17__fault,23.222597999999998,30.88462813625362,4.572563171386719,True,estimator_status.mag_test_ratio
transfer,reference,ekf2_innovation_bias__2018-12-19__07_49_17__fault,24.022598,17.169137001037598,4.572563171386719,True,vehicle_local_position.az
transfer,reference,ekf2_innovation_bias__2018-12-19__07_49_17__fault,24.822598,25.35074352483574,4.572563171386719,True,estimator_status.pos_test_ratio
transfer,reference,ekf2_innovation_bias__2018-12-19__07_49_17__fault,25.622598,29.513970783237518,4.572563171386719,True,estimator_status.pos_test_ratio
transfer,reference,ekf2_innovation_bias__2018-12-19__07_49_17__fault,26.422597999999997,24.957352324124347,4.572563171386719,True,estimator_status.pos_test_ratio
transfer,reference,ekf2_innovation_bias__2018-12-19__07_49_17__fault,27.222597999999998,24.41962020465643,4.572563171386719,True,estimator_status.pos_test_ratio
transfer,reference,ekf2_innovation_bias__2018-12-19__07_49_17__fault,28.022598,24.41962020465643,4.572563171386719,True,estimator_status.pos_test_ratio
transfer,reference,ekf2_innovation_bias__2018-12-19__07_49_17__fault,28.822598,24.41962020465643,4.572563171386719,True,estimator_status.pos_test_ratio
transfer,reference,ekf2_innovation_bias__2018-12-19__07_49_17__fault,29.622598,24.517843610634564,4.572563171386719,True,estimator_status.pos_test_ratio
transfer,reference,ekf2_innovation_bias__2018-12-19__07_49_17__fault,30.422597999999997,24.517843610634564,4.572563171386719,True,estimator_status.pos_test_ratio
transfer,reference,ekf2_innovation_bias__2018-12-19__07_49_17__fault,31.222597999999998,24.517843610634564,4.572563171386719,True,estimator_status.pos_test_ratio
transfer,reference,ekf2_innovation_bias__2018-12-19__07_49_17__fault,32.022598,52.12133117463116,4.572563171386719,True,estimator_status.pos_test_ratio
transfer,reference,ekf2_innovation_bias__2018-12-19__07_49_17__fault,32.822598,61.438513474466745,4.572563171386719,True,estimator_status.pos_test_ratio
transfer,reference,ekf2_innovation_bias__2018-12-19__07_49_17__fault,33.622598,73.96438086766274,4.572563171386719,True,estimator_status.pos_test_ratio
transfer,reference,ekf2_innovation_bias__2018-12-19__07_49_17__fault,34.422598,46.77831222611187,4.572563171386719,True,estimator_status.pos_test_ratio
transfer,reference,ekf2_innovation_bias__2018-12-19__07_49_17__fault,35.222598000000005,41.12313367164919,4.572563171386719,True,estimator_status.pos_test_ratio
transfer,reference,ekf2_innovation_bias__2018-12-19__07_49_17__fault,36.022598,41.12313367164919,4.572563171386719,True,estimator_status.pos_test_ratio
transfer,reference,ekf2_innovation_bias__2018-12-19__07_49_17__fault,36.822598,41.12313367164919,4.572563171386719,True,estimator_status.pos_test_ratio
transfer,reference,ekf2_innovation_bias__2018-12-19__07_49_17__fault,37.622598,41.67503363575829,4.572563171386719,True,estimator_status.pos_test_ratio
transfer,reference,ekf2_innovation_bias__2018-12-19__07_49_17__fault,38.422598,675.6023051084,4.572563171386719,True,estimator_status.pos_test_ratio
transfer,reference,ekf2_innovation_bias__2018-12-19__07_49_17__fault,39.222598000000005,675.6023051084,4.572563171386719,True,estimator_status.pos_test_ratio
transfer,reference,ekf2_innovation_bias__2018-12-19__07_49_17__fault,40.022598,675.6023051084,4.572563171386719,True,estimator_status.pos_test_ratio
transfer,reference,ekf2_innovation_bias__2018-12-19__07_49_17__fault,40.822598,96.46537112417414,4.572563171386719,True,estimator_status.pos_test_ratio
transfer,reference,ekf2_innovation_bias__2018-12-19__07_49_17__fault,41.622598,96.46537112417414,4.572563171386719,True,estimator_status.pos_test_ratio
transfer,reference,ekf2_innovation_bias__2018-12-19__07_49_17__fault,42.422598,96.46537112417414,4.572563171386719,True,estimator_status.pos_test_ratio
transfer,reference,ekf2_innovation_bias__2018-12-19__07_49_17__fault,43.222598000000005,97.12007743846138,4.572563171386719,True,estimator_status.pos_test_ratio
transfer,reference,ekf2_innovation_bias__2018-12-19__07_49_17__fault,44.022598,97.5167421707442,4.572563171386719,True,estimator_status.pos_test_ratio
transfer,reference,ekf2_innovation_bias__2018-12-19__07_49_17__fault,44.822598,97.5167421707442,4.572563171386719,True,estimator_status.pos_test_ratio
transfer,reference,ekf2_innovation_bias__2018-12-19__07_49_17__fault,45.622598,97.03639724207794,4.572563171386719,True,estimator_status.pos_test_ratio
transfer,reference,ekf2_innovation_bias__2018-12-19__07_49_17__fault,46.422598,97.03639724207794,4.572563171386719,True,estimator_status.pos_test_ratio
transfer,reference,ekf2_innovation_bias__2018-12-19__07_49_17__fault,47.222598000000005,97.03639724207794,4.572563171386719,True,estimator_status.pos_test_ratio
transfer,reference,ekf2_innovation_bias__2018-12-19__07_49_17__fault,48.022598,602.5874317142217,4.572563171386719,True,estimator_status.pos_test_ratio
transfer,reference,ekf2_innovation_bias__2018-12-19__07_49_17__fault,48.822598,600.972768813674,4.572563171386719,True,estimator_status.pos_test_ratio
transfer,reference,ekf2_innovation_bias__2018-12-19__07_49_17__fault,49.622598,600.972768813674,4.572563171386719,True,estimator_status.pos_test_ratio
transfer,reference,ekf2_innovation_bias__2018-12-19__07_49_17__fault,50.422598,30.41348051785428,4.572563171386719,True,estimator_status.pos_test_ratio
transfer,reference,ekf2_innovation_bias__2018-12-19__07_49_17__fault,51.222598000000005,30.41348051785428,4.572563171386719,True,estimator_status.pos_test_ratio
transfer,reference,ekf2_innovation_bias__2018-12-19__07_49_17__fault,52.022598,30.41348051785428,4.572563171386719,True,estimator_status.pos_test_ratio
transfer,reference,ekf2_innovation_bias__2018-12-19__07_49_17__fault,52.822598,34.080654260755665,4.572563171386719,True,estimator_status.pos_test_ratio
transfer,reference,ekf2_innovation_bias__2018-12-19__07_49_17__fault,53.622598,34.080654260755665,4.572563171386719,True,estimator_status.pos_test_ratio
transfer,reference,ekf2_innovation_bias__2018-12-19__07_49_17__fault,54.422598,34.080654260755665,4.572563171386719,True,estimator_status.pos_test_ratio
transfer,reference,ekf2_innovation_bias__2018-12-19__07_49_17__fault,55.222598000000005,37.30624823585974,4.572563171386719,True,estimator_status.pos_test_ratio
transfer,reference,ekf2_innovation_bias__2018-12-19__07_49_17__fault,56.022598,433.66356535116813,4.572563171386719,True,estimator_status.pos_test_ratio
transfer,reference,ekf2_innovation_bias__2018-12-19__07_49_17__fault,56.822598,433.66356535116813,4.572563171386719,True,estimator_status.pos_test_ratio
transfer,reference,ekf2_innovation_bias__2018-12-19__07_49_17__fault,57.622598,433.66356535116813,4.572563171386719,True,estimator_status.pos_test_ratio
transfer,reference,ekf2_innovation_bias__2018-12-19__07_49_17__fault,58.422598,433.66356535116813,4.572563171386719,True,estimator_status.pos_test_ratio
transfer,reference,ekf2_innovation_bias__2018-12-19__07_49_17__fault,59.222598000000005,433.66356535116813,4.572563171386719,True,estimator_status.pos_test_ratio
transfer,reference,ekf2_innovation_bias__2018-12-19__07_49_17__fault,60.022598,435.4983841616669,4.572563171386719,True,estimator_status.pos_test_ratio
transfer,reference,ekf2_innovation_bias__2018-12-19__07_49_17__fault,60.822598,437.9170264161594,4.572563171386719,True,estimator_status.pos_test_ratio
transfer,reference,ekf2_innovation_bias__2018-12-19__07_49_17__fault,61.622598,437.9170264161594,4.572563171386719,True,estimator_status.pos_test_ratio
transfer,reference,ekf2_innovation_bias__2018-12-19__07_49_17__fault,62.422598,437.9170264161594,4.572563171386719,True,estimator_status.pos_test_ratio
transfer,reference,ekf2_innovation_bias__2018-12-19__07_49_17__fault,63.222598000000005,437.9170264161594,4.572563171386719,True,estimator_status.pos_test_ratio
transfer,reference,ekf2_innovation_bias__2018-12-19__07_49_17__fault,64.022598,428.6230600022284,4.572563171386719,True,estimator_status.pos_test_ratio
transfer,reference,ekf2_innovation_bias__2018-12-19__07_49_17__fault,64.822598,428.6230600022284,4.572563171386719,True,estimator_status.pos_test_ratio
transfer,reference,ekf2_innovation_bias__2018-12-19__07_49_17__fault,65.622598,428.6230600022284,4.572563171386719,True,estimator_status.pos_test_ratio
transfer,reference,ekf2_innovation_bias__2018-12-19__07_49_17__fault,66.42259800000001,428.6230600022284,4.572563171386719,True,estimator_status.pos_test_ratio
transfer,reference,ekf2_innovation_bias__2018-12-19__07_49_17__fault,67.222598,428.6230600022284,4.572563171386719,True,estimator_status.pos_test_ratio
transfer,reference,ekf2_innovation_bias__2018-12-19__07_49_17__fault,68.022598,428.6230600022284,4.572563171386719,True,estimator_status.pos_test_ratio
transfer,reference,ekf2_innovation_bias__2018-12-19__07_49_17__fault,68.822598,430.83977337055967,4.572563171386719,True,estimator_status.pos_test_ratio
transfer,reference,ekf2_innovation_bias__2018-12-19__07_49_17__fault,69.622598,435.7303422441101,4.572563171386719,True,estimator_status.pos_test_ratio
transfer,reference,ekf2_innovation_bias__2018-12-19__07_49_17__fault,70.42259800000001,442.5468301294379,4.572563171386719,True,estimator_status.pos_test_ratio
transfer,reference,ekf2_innovation_bias__2018-12-19__07_49_17__fault,71.222598,447.77707809767566,4.572563171386719,True,estimator_status.pos_test_ratio
transfer,reference,ekf2_innovation_bias__2018-12-19__07_49_17__fault,72.022598,452.13424464285,4.572563171386719,True,estimator_status.pos_test_ratio
transfer,reference,ekf2_innovation_bias__2018-12-19__07_49_17__fault,72.822598,72.3868424448935,4.572563171386719,True,estimator_status.mag_test_ratio
transfer,reference,ekf2_innovation_bias__2018-12-19__07_49_17__fault,73.622598,77.94947469339786,4.572563171386719,True,estimator_status.mag_test_ratio
transfer,reference,ekf2_innovation_bias__2018-12-19__07_49_17__fault,74.42259800000001,80.46101951886091,4.572563171386719,True,estimator_status.mag_test_ratio
transfer,reference,ekf2_innovation_bias__2018-12-19__07_49_17__fault,75.222598,80.46101951886091,4.572563171386719,True,estimator_status.mag_test_ratio
transfer,reference,ekf2_innovation_bias__2018-12-19__07_49_17__fault,76.022598,82.62272296749458,4.572563171386719,True,estimator_status.mag_test_ratio
transfer,reference,ekf2_innovation_bias__2018-12-19__07_49_17__fault,76.822598,83.69045435387267,4.572563171386719,True,estimator_status.mag_test_ratio
transfer,reference,ekf2_innovation_bias__2018-12-19__07_49_17__fault,77.622598,71.28707342286891,4.572563171386719,True,estimator_status.mag_test_ratio
transfer,reference,ekf2_innovation_bias__2018-12-19__07_49_17__fault,78.42259800000001,71.28707342286891,4.572563171386719,True,estimator_status.mag_test_ratio
transfer,reference,ekf2_innovation_bias__2018-12-19__07_49_17__fault,79.222598,71.28707342286891,4.572563171386719,True,estimator_status.mag_test_ratio
transfer,reference,ekf2_innovation_bias__2018-12-19__07_49_17__fault,80.022598,133.6299798864362,4.572563171386719,True,estimator_status.mag_test_ratio
transfer,reference,ekf2_innovation_bias__2018-12-19__07_49_17__fault,80.822598,94.41654494417789,4.572563171386719,True,estimator_status.mag_test_ratio
transfer,reference,ekf2_innovation_bias__2018-12-19__07_49_17__fault,81.622598,94.41654494417789,4.572563171386719,True,estimator_status.mag_test_ratio
transfer,reference,ekf2_innovation_bias__2018-12-19__07_49_17__fault,82.42259800000001,94.41654494417789,4.572563171386719,True,estimator_status.mag_test_ratio
transfer,reference,ekf2_innovation_bias__2018-12-19__07_49_17__fault,83.222598,73.07303097385923,4.572563171386719,True,estimator_status.mag_test_ratio
transfer,reference,ekf2_innovation_bias__2018-12-19__07_49_17__fault,84.022598,73.07303097385923,4.572563171386719,True,estimator_status.mag_test_ratio
transfer,reference,ekf2_innovation_bias__2018-12-19__07_49_17__fault,84.822598,73.07303097385923,4.572563171386719,True,estimator_status.mag_test_ratio
transfer,reference,ekf2_innovation_bias__2018-12-19__07_49_17__fault,85.622598,90.59023598171214,4.572563171386719,True,estimator_status.mag_test_ratio
transfer,reference,ekf2_innovation_bias__2018-12-19__07_49_17__fault,86.42259800000001,90.59023598171214,4.572563171386719,True,estimator_status.mag_test_ratio
transfer,reference,ekf2_innovation_bias__2018-12-20__07_47_50__fault,9.618876,0.0,4.572563171386719,False,actuator_controls_0.control[0]
transfer,reference,ekf2_innovation_bias__2018-12-20__07_47_50__fault,10.418876000000001,0.0,4.572563171386719,False,actuator_controls_0.control[0]
transfer,reference,ekf2_innovation_bias__2018-12-20__07_47_50__fault,11.218876,0.0,4.572563171386719,False,actuator_controls_0.control[0]
transfer,reference,ekf2_innovation_bias__2018-12-20__07_47_50__fault,12.018876,0.0,4.572563171386719,False,actuator_controls_0.control[0]
transfer,reference,ekf2_innovation_bias__2018-12-20__07_47_50__fault,12.818876000000001,19.558532357283095,4.572563171386719,True,estimator_status.mag_test_ratio
transfer,reference,ekf2_innovation_bias__2018-12-20__07_47_50__fault,13.618876,34.979538917541504,4.572563171386719,True,vehicle_local_position.ax
transfer,reference,ekf2_innovation_bias__2018-12-20__07_47_50__fault,14.418876000000001,51.0547130955122,4.572563171386719,True,estimator_status.mag_test_ratio
transfer,reference,ekf2_innovation_bias__2018-12-20__07_47_50__fault,15.218876,72.39100665149681,4.572563171386719,True,estimator_status.mag_test_ratio
transfer,reference,ekf2_innovation_bias__2018-12-20__07_47_50__fault,16.018876,78.80227950864763,4.572563171386719,True,estimator_status.mag_test_ratio
transfer,reference,ekf2_innovation_bias__2018-12-20__07_47_50__fault,16.818876,82.04459800099217,4.572563171386719,True,estimator_status.mag_test_ratio
transfer,reference,ekf2_innovation_bias__2018-12-20__07_47_50__fault,17.618876,81.8692897052083,4.572563171386719,True,estimator_status.mag_test_ratio
transfer,reference,ekf2_innovation_bias__2018-12-20__07_47_50__fault,18.418875999999997,81.8692897052083,4.572563171386719,True,estimator_status.mag_test_ratio
transfer,reference,ekf2_innovation_bias__2018-12-20__07_47_50__fault,19.218875999999998,81.8692897052083,4.572563171386719,True,estimator_status.mag_test_ratio
transfer,reference,ekf2_innovation_bias__2018-12-20__07_47_50__fault,20.018876,90.88498222965994,4.572563171386719,True,estimator_status.mag_test_ratio
transfer,reference,ekf2_innovation_bias__2018-12-20__07_47_50__fault,20.818876,113.13341196960712,4.572563171386719,True,estimator_status.mag_test_ratio
transfer,reference,ekf2_innovation_bias__2018-12-20__07_47_50__fault,21.618876,149.69306041315343,4.572563171386719,True,estimator_status.mag_test_ratio
transfer,reference,ekf2_innovation_bias__2018-12-20__07_47_50__fault,22.418875999999997,157.4736780723565,4.572563171386719,True,estimator_status.mag_test_ratio
transfer,reference,ekf2_innovation_bias__2018-12-20__07_47_50__fault,23.218875999999998,157.4736780723565,4.572563171386719,True,estimator_status.mag_test_ratio
transfer,reference,ekf2_innovation_bias__2018-12-20__07_47_50__fault,24.018876,191.3147650537655,4.572563171386719,True,estimator_status.mag_test_ratio
transfer,reference,ekf2_innovation_bias__2018-12-20__07_47_50__fault,24.818876,194.14661763261938,4.572563171386719,True,estimator_status.mag_test_ratio
transfer,reference,ekf2_innovation_bias__2018-12-20__07_47_50__fault,25.618876,194.14661763261938,4.572563171386719,True,estimator_status.mag_test_ratio
transfer,reference,ekf2_innovation_bias__2018-12-20__07_47_50__fault,26.418875999999997,186.56851624842375,4.572563171386719,True,estimator_status.mag_test_ratio
transfer,reference,ekf2_innovation_bias__2018-12-20__07_47_50__fault,27.218875999999998,183.68028566320092,4.572563171386719,True,estimator_status.mag_test_ratio
transfer,reference,ekf2_innovation_bias__2018-12-20__07_47_50__fault,28.018876,178.18740216022505,4.572563171386719,True,estimator_status.mag_test_ratio
transfer,reference,ekf2_innovation_bias__2018-12-20__07_47_50__fault,28.818876,172.82077575498755,4.572563171386719,True,estimator_status.mag_test_ratio
transfer,reference,ekf2_innovation_bias__2018-12-20__07_47_50__fault,29.618876,167.6436859231208,4.572563171386719,True,estimator_status.mag_test_ratio
transfer,reference,ekf2_innovation_bias__2018-12-20__07_47_50__fault,30.418875999999997,163.69601806318943,4.572563171386719,True,estimator_status.mag_test_ratio
transfer,reference,ekf2_innovation_bias__2018-12-20__07_47_50__fault,31.218875999999998,163.69601806318943,4.572563171386719,True,estimator_status.mag_test_ratio
transfer,reference,ekf2_innovation_bias__2018-12-20__07_47_50__fault,32.018876,163.69601806318943,4.572563171386719,True,estimator_status.mag_test_ratio
transfer,reference,ekf2_innovation_bias__2018-12-20__07_47_50__fault,32.818875999999996,200.65903886235523,4.572563171386719,True,estimator_status.mag_test_ratio
transfer,reference,ekf2_innovation_bias__2018-12-20__07_47_50__fault,33.618876,280.7894738873117,4.572563171386719,True,estimator_status.mag_test_ratio
transfer,reference,ekf2_innovation_bias__2018-12-20__07_47_50__fault,34.418876,330.5047496909646,4.572563171386719,True,estimator_status.mag_test_ratio
transfer,reference,ekf2_innovation_bias__2018-12-20__07_47_50__fault,35.218876,356.2100197362469,4.572563171386719,True,estimator_status.mag_test_ratio
transfer,reference,ekf2_innovation_bias__2018-12-20__07_47_50__fault,36.018876,370.4632962833856,4.572563171386719,True,estimator_status.mag_test_ratio
transfer,reference,ekf2_innovation_bias__2018-12-20__07_47_50__fault,36.818875999999996,356.195283795911,4.572563171386719,True,estimator_status.mag_test_ratio
transfer,reference,ekf2_innovation_bias__2018-12-20__07_47_50__fault,37.618876,283.4319545401729,4.572563171386719,True,estimator_status.mag_test_ratio
transfer,reference,ekf2_innovation_bias__2018-12-20__07_47_50__fault,38.418876,211.33628412306192,4.572563171386719,True,estimator_status.mag_test_ratio
transfer,reference,ekf2_innovation_bias__2018-12-20__07_47_50__fault,39.218876,184.73951712868694,4.572563171386719,True,estimator_status.mag_test_ratio
transfer,reference,ekf2_innovation_bias__2018-12-20__07_47_50__fault,40.018876,184.73951712868694,4.572563171386719,True,estimator_status.mag_test_ratio
transfer,reference,ekf2_innovation_bias__2018-12-20__07_47_50__fault,40.818875999999996,184.73951712868694,4.572563171386719,True,estimator_status.mag_test_ratio
transfer,reference,ekf2_innovation_bias__2018-12-20__07_47_50__fault,41.618876,199.20237606747455,4.572563171386719,True,estimator_status.mag_test_ratio
transfer,reference,ekf2_innovation_bias__2018-12-20__07_47_50__fault,42.418876,206.47217523626256,4.572563171386719,True,estimator_status.mag_test_ratio
transfer,reference,ekf2_innovation_bias__2018-12-20__07_47_50__fault,43.218876,206.47217523626256,4.572563171386719,True,estimator_status.mag_test_ratio
transfer,reference,ekf2_innovation_bias__2018-12-20__07_47_50__fault,44.018876,206.47217523626256,4.572563171386719,True,estimator_status.mag_test_ratio
transfer,reference,ekf2_innovation_bias__2018-12-20__07_47_50__fault,44.818875999999996,272.07682858278486,4.572563171386719,True,estimator_status.mag_test_ratio
transfer,reference,ekf2_innovation_bias__2018-12-20__07_47_50__fault,45.618876,330.6153927290174,4.572563171386719,True,estimator_status.mag_test_ratio
transfer,reference,ekf2_innovation_bias__2018-12-20__07_47_50__fault,46.418876,412.271189667348,4.572563171386719,True,estimator_status.mag_test_ratio
transfer,reference,ekf2_innovation_bias__2018-12-20__07_47_50__fault,47.218876,471.84497420310026,4.572563171386719,True,estimator_status.mag_test_ratio
transfer,reference,ekf2_innovation_bias__2018-12-20__07_47_50__fault,48.018876,496.0120810013648,4.572563171386719,True,estimator_status.mag_test_ratio
transfer,reference,ekf2_innovation_bias__2018-12-20__07_47_50__fault,48.818875999999996,487.2021290964075,4.572563171386719,True,estimator_status.mag_test_ratio
transfer,reference,ekf2_innovation_bias__2018-12-20__07_47_50__fault,49.618876,436.9666499017904,4.572563171386719,True,estimator_status.mag_test_ratio
transfer,reference,ekf2_innovation_bias__2018-12-20__07_47_50__fault,50.418876,372.04808217962255,4.572563171386719,True,estimator_status.mag_test_ratio
transfer,reference,ekf2_innovation_bias__2018-12-20__07_47_50__fault,51.218876,333.5032254164099,4.572563171386719,True,estimator_status.mag_test_ratio
transfer,reference,ekf2_innovation_bias__2018-12-20__07_47_50__fault,52.018876,288.3119381783397,4.572563171386719,True,estimator_status.mag_test_ratio
transfer,reference,ekf2_innovation_bias__2018-12-20__07_47_50__fault,52.818875999999996,288.3119381783397,4.572563171386719,True,estimator_status.mag_test_ratio
transfer,reference,ekf2_innovation_bias__2018-12-20__07_47_50__fault,53.618876,288.3119381783397,4.572563171386719,True,estimator_status.mag_test_ratio
transfer,reference,ekf2_innovation_bias__2018-12-20__07_47_50__fault,54.418876,291.82073845206594,4.572563171386719,True,estimator_status.mag_test_ratio
transfer,reference,ekf2_innovation_bias__2018-12-20__07_47_50__fault,55.218876,302.9893189301179,4.572563171386719,True,estimator_status.mag_test_ratio
transfer,reference,ekf2_innovation_bias__2018-12-20__07_47_50__fault,56.018876,323.4885760874552,4.572563171386719,True,estimator_status.mag_test_ratio
transfer,reference,ekf2_innovation_bias__2018-12-20__07_47_50__fault,56.818875999999996,342.5678319327587,4.572563171386719,True,estimator_status.mag_test_ratio
transfer,reference,ekf2_innovation_bias__2018-12-20__07_47_50__fault,57.618876,352.9694574826016,4.572563171386719,True,estimator_status.mag_test_ratio
transfer,reference,ekf2_innovation_bias__2018-12-20__07_47_50__fault,58.418876,371.9995112030964,4.572563171386719,True,estimator_status.mag_test_ratio
transfer,reference,ekf2_innovation_bias__2018-12-20__07_47_50__fault,59.218876,379.7797858469285,4.572563171386719,True,estimator_status.mag_test_ratio
transfer,reference,ekf2_innovation_bias__2018-12-20__07_47_50__fault,60.018876,409.89442244143765,4.572563171386719,True,estimator_status.mag_test_ratio
transfer,reference,ekf2_innovation_bias__2018-12-20__07_47_50__fault,60.818875999999996,445.0572574120262,4.572563171386719,True,estimator_status.mag_test_ratio
transfer,reference,ekf2_innovation_bias__2018-12-20__07_47_50__fault,61.618876,208.84427745312803,4.572563171386719,True,estimator_status.mag_test_ratio
transfer,reference,ekf2_innovation_bias__2018-12-20__07_47_50__fault,62.418876,165.306996613152,4.572563171386719,True,estimator_status.mag_test_ratio
transfer,reference,ekf2_innovation_bias__2018-12-20__07_47_50__fault,63.218876,165.306996613152,4.572563171386719,True,estimator_status.mag_test_ratio
transfer,reference,ekf2_innovation_bias__2018-12-20__07_47_50__fault,64.018876,165.306996613152,4.572563171386719,True,estimator_status.mag_test_ratio
transfer,reference,ekf2_innovation_bias__2018-12-20__07_47_50__fault,64.818876,287.17823121551356,4.572563171386719,True,estimator_status.mag_test_ratio
transfer,reference,ekf2_innovation_bias__2018-12-20__07_47_50__fault,65.618876,228.04430215023473,4.572563171386719,True,estimator_status.mag_test_ratio
transfer,reference,ekf2_innovation_bias__2018-12-20__07_47_50__fault,66.41887600000001,163.08055244340568,4.572563171386719,True,estimator_status.mag_test_ratio
transfer,reference,ekf2_innovation_bias__2018-12-20__07_47_50__fault,67.21887600000001,133.78406239106582,4.572563171386719,True,estimator_status.mag_test_ratio
transfer,reference,ekf2_innovation_bias__2018-12-20__07_47_50__fault,68.018876,133.78406239106582,4.572563171386719,True,estimator_status.mag_test_ratio
transfer,reference,ekf2_innovation_bias__2018-12-20__07_47_50__fault,68.818876,133.78406239106582,4.572563171386719,True,estimator_status.mag_test_ratio
transfer,reference,ekf2_innovation_bias__2018-12-20__07_47_50__fault,69.618876,150.1673134650255,4.572563171386719,True,estimator_status.mag_test_ratio
transfer,reference,ekf2_innovation_bias__2018-12-20__07_47_50__fault,70.41887600000001,161.93349532234225,4.572563171386719,True,estimator_status.mag_test_ratio
transfer,reference,ekf2_innovation_bias__2018-12-20__07_47_50__fault,71.21887600000001,177.50038353406165,4.572563171386719,True,estimator_status.mag_test_ratio
transfer,reference,ekf2_innovation_bias__2018-12-20__07_47_50__fault,72.018876,163.58375599258574,4.572563171386719,True,estimator_status.mag_test_ratio
transfer,reference,ekf2_innovation_bias__2018-12-20__07_47_50__fault,72.818876,160.485092337594,4.572563171386719,True,estimator_status.mag_test_ratio
transfer,reference,ekf2_innovation_bias__2018-12-20__07_47_50__fault,73.618876,149.7064791744649,4.572563171386719,True,estimator_status.mag_test_ratio
transfer,reference,ekf2_innovation_bias__2018-12-20__07_47_50__fault,74.41887600000001,121.72768952992745,4.572563171386719,True,estimator_status.mag_test_ratio
transfer,reference,ekf2_innovation_bias__2018-12-20__07_47_50__fault,75.21887600000001,107.47276650900822,4.572563171386719,True,estimator_status.mag_test_ratio
transfer,reference,ekf2_innovation_bias__2018-12-20__07_47_50__fault,76.018876,93.53230625955888,4.572563171386719,True,estimator_status.mag_test_ratio
transfer,reference,ekf2_innovation_bias__2018-12-20__07_47_50__fault,76.818876,79.62451479403856,4.572563171386719,True,estimator_status.mag_test_ratio
transfer,reference,ekf2_innovation_bias__2018-12-20__07_47_50__fault,77.618876,65.88998725269127,4.572563171386719,True,estimator_status.mag_test_ratio
transfer,reference,ekf2_innovation_bias__2018-12-20__07_47_50__fault,78.41887600000001,65.88998725269127,4.572563171386719,True,estimator_status.mag_test_ratio
transfer,reference,ekf2_innovation_bias__2018-12-20__07_47_50__fault,79.21887600000001,65.88998725269127,4.572563171386719,True,estimator_status.mag_test_ratio
transfer,reference,ekf2_innovation_bias__2018-12-20__07_47_50__fault,80.018876,69.56307816848658,4.572563171386719,True,estimator_status.mag_test_ratio
transfer,reference,ekf2_innovation_bias__2018-12-20__07_47_50__fault,80.818876,81.1624036287596,4.572563171386719,True,estimator_status.mag_test_ratio
transfer,reference,ekf2_innovation_bias__2018-12-20__07_47_50__fault,81.618876,92.76702524636008,4.572563171386719,True,estimator_status.mag_test_ratio
transfer,reference,ekf2_innovation_bias__2018-12-20__07_47_50__fault,82.41887600000001,103.75088508684935,4.572563171386719,True,estimator_status.mag_test_ratio
transfer,reference,ekf2_innovation_bias__2018-12-20__07_47_50__fault,83.21887600000001,116.32183588686839,4.572563171386719,True,estimator_status.mag_test_ratio
transfer,reference,ekf2_innovation_bias__2018-12-20__07_47_50__fault,84.018876,140.84013554252383,4.572563171386719,True,estimator_status.mag_test_ratio
transfer,reference,ekf2_innovation_bias__2018-12-20__07_47_50__fault,84.818876,142.0074854529325,4.572563171386719,True,estimator_status.mag_test_ratio
transfer,reference,ekf2_innovation_bias__2018-12-20__07_47_50__fault,85.618876,149.91768059866473,4.572563171386719,True,estimator_status.mag_test_ratio
transfer,reference,ekf2_innovation_bias__2018-12-20__07_47_50__fault,86.41887600000001,162.44579563915983,4.572563171386719,True,estimator_status.mag_test_ratio
transfer,reference,ekf2_innovation_bias__2018-12-20__07_47_50__fault,87.21887600000001,162.7734713627186,4.572563171386719,True,estimator_status.mag_test_ratio
transfer,reference,ekf2_innovation_bias__2018-12-20__07_47_50__fault,88.018876,149.076044363893,4.572563171386719,True,estimator_status.mag_test_ratio
transfer,reference,ekf2_innovation_bias__2018-12-20__07_47_50__fault,88.818876,136.05457717567145,4.572563171386719,True,estimator_status.mag_test_ratio
transfer,reference,ekf2_innovation_bias__2018-12-20__07_47_50__fault,89.618876,136.05457717567145,4.572563171386719,True,estimator_status.mag_test_ratio
transfer,reference,ekf2_innovation_bias__2018-12-20__07_47_50__fault,90.41887600000001,136.05457717567145,4.572563171386719,True,estimator_status.mag_test_ratio
transfer,reference,ekf2_innovation_bias__2018-12-20__07_47_50__fault,91.21887600000001,142.1336053445225,4.572563171386719,True,estimator_status.mag_test_ratio
transfer,reference,ekf2_innovation_bias__2018-12-20__07_47_50__fault,92.018876,204.3900444933813,4.572563171386719,True,estimator_status.mag_test_ratio
transfer,reference,ekf2_innovation_bias__2018-12-20__07_47_50__fault,92.818876,270.5803211224149,4.572563171386719,True,estimator_status.mag_test_ratio
transfer,reference,ekf2_innovation_bias__2018-12-20__07_47_50__fault,93.618876,334.90324951323976,4.572563171386719,True,estimator_status.mag_test_ratio
transfer,reference,ekf2_innovation_bias__2018-12-20__07_47_50__fault,94.41887600000001,399.9037293059899,4.572563171386719,True,estimator_status.mag_test_ratio
transfer,reference,ekf2_innovation_bias__2018-12-20__07_47_50__fault,95.21887600000001,457.7041792564027,4.572563171386719,True,estimator_status.mag_test_ratio
transfer,reference,ekf2_innovation_bias__2018-12-20__07_47_50__fault,96.018876,489.03701435990973,4.572563171386719,True,estimator_status.mag_test_ratio
transfer,reference,ekf2_innovation_bias__2018-12-20__07_47_50__fault,96.818876,481.07384392028837,4.572563171386719,True,estimator_status.mag_test_ratio
transfer,reference,ekf2_innovation_bias__2018-12-20__07_47_50__fault,97.618876,432.6770368788688,4.572563171386719,True,estimator_status.mag_test_ratio
transfer,reference,ekf2_innovation_bias__2018-12-20__07_47_50__fault,98.41887600000001,392.3762981523906,4.572563171386719,True,estimator_status.mag_test_ratio
transfer,reference,ekf2_innovation_bias__2018-12-20__07_47_50__fault,99.21887600000001,385.1491838163633,4.572563171386719,True,estimator_status.mag_test_ratio
transfer,reference,ekf2_innovation_bias__2018-12-20__07_47_50__fault,100.018876,372.0827404527031,4.572563171386719,True,estimator_status.mag_test_ratio
transfer,reference,ekf2_innovation_bias__2018-12-20__07_47_50__fault,100.818876,354.576470774876,4.572563171386719,True,estimator_status.mag_test_ratio
transfer,reference,ekf2_innovation_bias__2018-12-20__07_47_50__fault,101.618876,337.769348746729,4.572563171386719,True,estimator_status.mag_test_ratio
transfer,reference,ekf2_innovation_bias__2018-12-20__07_47_50__fault,102.41887600000001,333.9883040333891,4.572563171386719,True,estimator_status.mag_test_ratio
transfer,reference,ekf2_innovation_bias__2018-12-20__07_47_50__fault,103.21887600000001,316.53222436463903,4.572563171386719,True,estimator_status.mag_test_ratio
transfer,reference,ekf2_innovation_bias__2018-12-20__07_47_50__fault,104.018876,316.53222436463903,4.572563171386719,True,estimator_status.mag_test_ratio
transfer,reference,ekf2_innovation_bias__2018-12-20__07_47_50__fault,104.818876,316.53222436463903,4.572563171386719,True,estimator_status.mag_test_ratio
transfer,reference,ekf2_innovation_bias__2018-12-20__07_47_50__fault,105.618876,328.55741026825086,4.572563171386719,True,estimator_status.mag_test_ratio
transfer,reference,ekf2_innovation_bias__2018-12-20__07_47_50__fault,106.41887600000001,367.1660130080004,4.572563171386719,True,estimator_status.mag_test_ratio
transfer,reference,ekf2_innovation_bias__2018-12-20__07_47_50__fault,107.21887600000001,430.8710746714449,4.572563171386719,True,estimator_status.mag_test_ratio
transfer,reference,ekf2_innovation_bias__2018-12-20__07_47_50__fault,108.018876,495.56819167012895,4.572563171386719,True,estimator_status.mag_test_ratio
transfer,reference,ekf2_innovation_bias__2018-12-20__07_47_50__fault,108.818876,558.688233758115,4.572563171386719,True,estimator_status.mag_test_ratio
transfer,reference,ekf2_innovation_bias__2018-12-20__07_47_50__fault,109.618876,626.9913753072667,4.572563171386719,True,estimator_status.mag_test_ratio
transfer,reference,ekf2_innovation_bias__2018-12-20__07_47_50__fault,110.41887600000001,632.7133107543466,4.572563171386719,True,estimator_status.mag_test_ratio
transfer,reference,ekf2_innovation_bias__2018-12-20__07_47_50__fault,111.21887600000001,618.5442513410829,4.572563171386719,True,estimator_status.mag_test_ratio
transfer,reference,ekf2_innovation_bias__2018-12-20__07_47_50__fault,112.018876,559.4402332161507,4.572563171386719,True,estimator_status.mag_test_ratio
transfer,reference,ekf2_innovation_bias__2018-12-20__07_47_50__fault,112.818876,491.0212896777671,4.572563171386719,True,estimator_status.mag_test_ratio
transfer,reference,ekf2_innovation_bias__2018-12-20__07_47_50__fault,113.618876,420.01090617371926,4.572563171386719,True,estimator_status.mag_test_ratio
transfer,reference,ekf2_innovation_bias__2018-12-20__07_47_50__fault,114.41887600000001,360.49499519135327,4.572563171386719,True,estimator_status.mag_test_ratio
transfer,reference,ekf2_innovation_bias__2018-12-20__07_47_50__fault,115.21887600000001,331.9552107679385,4.572563171386719,True,estimator_status.mag_test_ratio
transfer,reference,ekf2_innovation_bias__2018-12-20__07_47_50__fault,116.018876,331.9552107679385,4.572563171386719,True,estimator_status.mag_test_ratio
transfer,reference,ekf2_innovation_bias__2018-12-20__07_47_50__fault,116.818876,331.9552107679385,4.572563171386719,True,estimator_status.mag_test_ratio
transfer,reference,ekf2_innovation_bias__2018-12-20__07_47_50__fault,117.618876,347.3629947299976,4.572563171386719,True,estimator_status.mag_test_ratio
transfer,reference,ekf2_innovation_bias__2018-12-20__07_47_50__fault,118.41887600000001,360.857631041519,4.572563171386719,True,estimator_status.mag_test_ratio
transfer,reference,ekf2_innovation_bias__2018-12-20__07_47_50__fault,119.21887600000001,372.418868075002,4.572563171386719,True,estimator_status.mag_test_ratio
transfer,reference,ekf2_innovation_bias__2018-12-20__07_47_50__fault,120.018876,376.39628222790196,4.572563171386719,True,estimator_status.mag_test_ratio
transfer,reference,ekf2_innovation_bias__2018-12-20__07_47_50__fault,120.818876,376.39628222790196,4.572563171386719,True,estimator_status.mag_test_ratio
transfer,reference,ekf2_innovation_bias__2018-12-20__07_47_50__fault,121.618876,433.40840053218835,4.572563171386719,True,estimator_status.mag_test_ratio
transfer,reference,ekf2_innovation_bias__2018-12-25__08_44_40__fault,9.624724,0.0,4.572563171386719,False,actuator_controls_0.control[0]
transfer,reference,ekf2_innovation_bias__2018-12-25__08_44_40__fault,10.424724000000001,0.0,4.572563171386719,False,actuator_controls_0.control[0]
transfer,reference,ekf2_innovation_bias__2018-12-25__08_44_40__fault,11.224724,0.0,4.572563171386719,False,actuator_controls_0.control[0]
transfer,reference,ekf2_innovation_bias__2018-12-25__08_44_40__fault,12.024724,0.0,4.572563171386719,False,actuator_controls_0.control[0]
transfer,reference,ekf2_innovation_bias__2018-12-25__08_44_40__fault,12.824724000000002,0.0,4.572563171386719,False,actuator_controls_0.control[0]
transfer,reference,ekf2_innovation_bias__2018-12-25__08_44_40__fault,13.624724,0.0,4.572563171386719,False,actuator_controls_0.control[0]
transfer,reference,ekf2_innovation_bias__2018-12-25__08_44_40__fault,14.424724000000001,162.9700134079075,4.572563171386719,True,estimator_status.mag_test_ratio
transfer,reference,ekf2_innovation_bias__2018-12-25__08_44_40__fault,15.224724,162.9700134079075,4.572563171386719,True,estimator_status.mag_test_ratio
transfer,reference,ekf2_innovation_bias__2018-12-25__08_44_40__fault,16.024724,162.9700134079075,4.572563171386719,True,estimator_status.mag_test_ratio
transfer,reference,ekf2_innovation_bias__2018-12-25__08_44_40__fault,16.824724,162.9700134079075,4.572563171386719,True,estimator_status.mag_test_ratio
transfer,reference,ekf2_innovation_bias__2018-12-25__08_44_40__fault,17.624724,163.06065323131975,4.572563171386719,True,estimator_status.mag_test_ratio
transfer,reference,ekf2_innovation_bias__2018-12-25__08_44_40__fault,18.424723999999998,163.06065323131975,4.572563171386719,True,estimator_status.mag_test_ratio
transfer,reference,ekf2_innovation_bias__2018-12-25__08_44_40__fault,19.224724,163.06065323131975,4.572563171386719,True,estimator_status.mag_test_ratio
transfer,reference,ekf2_innovation_bias__2018-12-25__08_44_40__fault,20.024724,163.06065323131975,4.572563171386719,True,estimator_status.mag_test_ratio
transfer,reference,ekf2_innovation_bias__2018-12-25__08_44_40__fault,20.824724,163.06065323131975,4.572563171386719,True,estimator_status.mag_test_ratio
transfer,reference,ekf2_innovation_bias__2018-12-25__08_44_40__fault,21.624724,163.10449364137583,4.572563171386719,True,estimator_status.mag_test_ratio
transfer,reference,ekf2_innovation_bias__2018-12-25__08_44_40__fault,22.424723999999998,21.646006107330322,4.572563171386719,True,vehicle_local_position.ax
transfer,reference,ekf2_innovation_bias__2018-12-25__08_44_40__fault,23.224724,21.646006107330322,4.572563171386719,True,vehicle_local_position.ax
transfer,reference,ekf2_innovation_bias__2018-12-25__08_44_40__fault,24.024724,21.646006107330322,4.572563171386719,True,vehicle_local_position.ax
transfer,reference,ekf2_innovation_bias__2018-12-25__08_44_40__fault,24.824724,21.646006107330322,4.572563171386719,True,vehicle_local_position.ax
transfer,reference,ekf2_innovation_bias__2018-12-25__08_44_40__fault,25.624724,19.53329086303711,4.572563171386719,True,vehicle_local_position.z
transfer,reference,ekf2_innovation_bias__2018-12-25__08_44_40__fault,26.424723999999998,19.53329086303711,4.572563171386719,True,vehicle_local_position.z
transfer,reference,ekf2_innovation_bias__2018-12-25__08_44_40__fault,27.224724,19.18771266937256,4.572563171386719,True,vehicle_local_position.z
transfer,reference,ekf2_innovation_bias__2018-12-25__08_44_40__fault,28.024724,22.310786247253418,4.572563171386719,True,vehicle_local_position.ax
transfer,reference,ekf2_innovation_bias__2018-12-25__08_44_40__fault,28.824724,42.87639617919922,4.572563171386719,True,vehicle_local_position.ax
transfer,reference,ekf2_innovation_bias__2018-12-25__08_44_40__fault,29.624724,20.040676593780518,4.572563171386719,True,vehicle_local_position.z
transfer,reference,ekf2_innovation_bias__2018-12-25__08_44_40__fault,30.424723999999998,19.258323907852173,4.572563171386719,True,vehicle_local_position.ax
transfer,reference,ekf2_innovation_bias__2018-12-25__08_44_40__fault,31.224724,19.258323907852173,4.572563171386719,True,vehicle_local_position.ax
transfer,reference,ekf2_innovation_bias__2018-12-25__08_44_40__fault,32.024724,20.3615403175354,4.572563171386719,True,vehicle_local_position.ax
transfer,reference,ekf2_innovation_bias__2018-12-25__08_44_40__fault,32.824723999999996,20.038328170776367,4.572563171386719,True,vehicle_local_position.ax
transfer,reference,ekf2_innovation_bias__2018-12-25__08_44_40__fault,33.624724,20.038328170776367,4.572563171386719,True,vehicle_local_position.ax
transfer,reference,ekf2_innovation_bias__2018-12-25__08_44_40__fault,34.424724,20.038328170776367,4.572563171386719,True,vehicle_local_position.ax
transfer,reference,ekf2_innovation_bias__2018-12-25__08_44_40__fault,35.224724,48.16194534301758,4.572563171386719,True,vehicle_local_position.ay
transfer,reference,ekf2_innovation_bias__2018-12-25__08_44_40__fault,36.024724,23.426780700683594,4.572563171386719,True,vehicle_local_position.az
transfer,reference,ekf2_innovation_bias__2018-12-25__08_44_40__fault,36.824723999999996,23.426780700683594,4.572563171386719,True,vehicle_local_position.az
transfer,reference,ekf2_innovation_bias__2018-12-25__08_44_40__fault,37.624724,19.82120394706726,4.572563171386719,True,ekf2_innovations.vel_pos_innov[3]
transfer,reference,ekf2_innovation_bias__2018-12-25__08_44_40__fault,38.424724,19.79558825492859,4.572563171386719,True,ekf2_innovations.vel_pos_innov[3]
transfer,reference,ekf2_innovation_bias__2018-12-25__08_44_40__fault,39.224724,42.74786949157715,4.572563171386719,True,vehicle_local_position.ay
transfer,reference,ekf2_innovation_bias__2018-12-25__08_44_40__fault,40.024724,42.74786949157715,4.572563171386719,True,vehicle_local_position.ay
transfer,reference,ekf2_innovation_bias__2018-12-25__08_44_40__fault,40.824723999999996,42.74786949157715,4.572563171386719,True,vehicle_local_position.ay
transfer,reference,ekf2_innovation_bias__2018-12-25__08_44_40__fault,41.624724,42.74786949157715,4.572563171386719,True,vehicle_local_position.ay
transfer,reference,ekf2_innovation_bias__2018-12-25__08_44_40__fault,42.424724,24.408886432647705,4.572563171386719,True,vehicle_local_position.ay
transfer,reference,ekf2_innovation_bias__2018-12-25__08_44_40__fault,43.224724,24.408886432647705,4.572563171386719,True,vehicle_local_position.ay
transfer,reference,ekf2_innovation_bias__2018-12-25__08_44_40__fault,44.024724,24.408886432647705,4.572563171386719,True,vehicle_local_position.ay
transfer,reference,ekf2_innovation_bias__2018-12-25__08_44_40__fault,44.824723999999996,24.408886432647705,4.572563171386719,True,vehicle_local_position.ay
transfer,reference,ekf2_innovation_bias__2018-12-25__08_44_40__fault,45.624724,30.902154445648193,4.572563171386719,True,vehicle_local_position.az
transfer,reference,ekf2_innovation_bias__2018-12-25__08_44_40__fault,46.424724,25.051231384277344,4.572563171386719,True,vehicle_local_position.ax
transfer,reference,ekf2_innovation_bias__2018-12-25__08_44_40__fault,47.224724,25.051231384277344,4.572563171386719,True,vehicle_local_position.ax
transfer,reference,ekf2_innovation_bias__2018-12-25__08_44_40__fault,48.024724,31.005074977874756,4.572563171386719,True,vehicle_local_position.ax
transfer,reference,ekf2_innovation_bias__2018-12-25__08_44_40__fault,48.824723999999996,23.800606727600098,4.572563171386719,True,vehicle_local_position.az
transfer,reference,ekf2_innovation_bias__2018-12-25__08_44_40__fault,49.624724,37.49087333679199,4.572563171386719,True,vehicle_local_position.ay
transfer,reference,ekf2_innovation_bias__2018-12-25__08_44_40__fault,50.424724,31.88096284866333,4.572563171386719,True,vehicle_local_position.ay
transfer,reference,ekf2_innovation_bias__2018-12-25__08_44_40__fault,51.224724,31.88096284866333,4.572563171386719,True,vehicle_local_position.ay
transfer,reference,ekf2_innovation_bias__2018-12-25__08_44_40__fault,52.024724,31.88096284866333,4.572563171386719,True,vehicle_local_position.ay
transfer,reference,ekf2_innovation_bias__2018-12-25__08_44_40__fault,52.824723999999996,31.983141899108887,4.572563171386719,True,vehicle_local_position.ay
transfer,reference,ekf2_innovation_bias__2018-12-25__08_44_40__fault,53.624724,31.983141899108887,4.572563171386719,True,vehicle_local_position.ay
transfer,reference,ekf2_innovation_bias__2018-12-25__08_44_40__fault,54.424724,40.62945365905762,4.572563171386719,True,vehicle_local_position.ax
transfer,reference,ekf2_innovation_bias__2018-12-25__08_44_40__fault,55.224724,43.29503536224365,4.572563171386719,True,vehicle_local_position.ay
transfer,reference,ekf2_innovation_bias__2018-12-25__08_44_40__fault,56.024724,43.29503536224365,4.572563171386719,True,vehicle_local_position.ay
transfer,reference,ekf2_innovation_bias__2018-12-25__08_44_40__fault,56.824723999999996,43.29503536224365,4.572563171386719,True,vehicle_local_position.ay
transfer,reference,ekf2_innovation_bias__2018-12-25__08_44_40__fault,57.624724,41.17884159088135,4.572563171386719,True,vehicle_local_position.ay
transfer,reference,ekf2_innovation_bias__2018-12-25__08_44_40__fault,58.424724,41.17884159088135,4.572563171386719,True,vehicle_local_position.ay
transfer,reference,ekf2_innovation_bias__2018-12-25__08_44_40__fault,59.224724,30.250275135040283,4.572563171386719,True,vehicle_local_position.ay
transfer,reference,ekf2_innovation_bias__2018-12-25__08_44_40__fault,60.024724,30.250275135040283,4.572563171386719,True,vehicle_local_position.ay
transfer,reference,ekf2_innovation_bias__2018-12-25__08_44_40__fault,60.824723999999996,30.250275135040283,4.572563171386719,True,vehicle_local_position.ay
transfer,reference,ekf2_innovation_bias__2018-12-25__08_44_40__fault,61.624724,22.978157997131348,4.572563171386719,True,vehicle_local_position.ay
transfer,reference,ekf2_innovation_bias__2018-12-25__08_44_40__fault,62.424724,25.58659076690674,4.572563171386719,True,vehicle_local_position.ax
transfer,reference,ekf2_innovation_bias__2018-12-25__08_44_40__fault,63.224724,25.58659076690674,4.572563171386719,True,vehicle_local_position.ax
transfer,reference,ekf2_innovation_bias__2018-12-25__08_44_40__fault,64.024724,25.58659076690674,4.572563171386719,True,vehicle_local_position.ax
transfer,reference,ekf2_innovation_bias__2018-12-25__08_44_40__fault,64.824724,32.526798248291016,4.572563171386719,True,vehicle_local_position.ax
transfer,reference,ekf2_innovation_bias__2018-12-25__08_44_40__fault,65.624724,25.36656379699707,4.572563171386719,True,vehicle_local_position.ax
transfer,reference,ekf2_innovation_bias__2018-12-25__08_44_40__fault,66.42472400000001,12.764978408813477,4.572563171386719,True,vehicle_local_position.az
transfer,reference,ekf2_innovation_bias__2018-12-25__08_44_40__fault,67.22472400000001,13.066585063934326,4.572563171386719,True,vehicle_local_position.ay
transfer,reference,ekf2_innovation_bias__2018-12-25__08_44_40__fault,68.024724,13.066585063934326,4.572563171386719,True,vehicle_local_position.ay
transfer,reference,ekf2_innovation_bias__2018-12-25__08_44_40__fault,68.824724,15.490128993988037,4.572563171386719,True,vehicle_local_position.ay
transfer,reference,ekf2_innovation_bias__2018-12-25__08_44_40__fault,69.624724,15.490128993988037,4.572563171386719,True,vehicle_local_position.ay
transfer,reference,ekf2_innovation_bias__2018-12-25__08_44_40__fault,70.42472400000001,15.490128993988037,4.572563171386719,True,vehicle_local_position.ay
transfer,reference,ekf2_innovation_bias__2018-12-25__08_44_40__fault,71.22472400000001,20.179173946380615,4.572563171386719,True,vehicle_local_position.ax
transfer,reference,ekf2_innovation_bias__2018-12-25__08_44_40__fault,72.024724,20.179173946380615,4.572563171386719,True,vehicle_local_position.ax
transfer,reference,ekf2_innovation_bias__2018-12-25__08_44_40__fault,72.824724,23.988242149353027,4.572563171386719,True,vehicle_local_position.ax
transfer,reference,ekf2_innovation_bias__2018-12-25__08_44_40__fault,73.624724,14.66351866722107,4.572563171386719,True,vehicle_local_position.ay
transfer,reference,ekf2_innovation_bias__2018-12-25__08_44_40__fault,74.42472400000001,17.63023853302002,4.572563171386719,True,vehicle_local_position.ay
transfer,reference,ekf2_innovation_bias__2018-12-25__08_44_40__fault,75.22472400000001,21.832494735717773,4.572563171386719,True,vehicle_local_position.ay
transfer,reference,ekf2_innovation_bias__2018-12-25__08_44_40__fault,76.024724,26.483745574951172,4.572563171386719,True,vehicle_local_position.ax
transfer,reference,ekf2_innovation_bias__2018-12-25__08_44_40__fault,76.824724,23.056626319885254,4.572563171386719,True,vehicle_local_position.ax
transfer,reference,ekf2_innovation_bias__2018-12-25__08_44_40__fault,77.624724,21.4117693901062,4.572563171386719,True,vehicle_local_position.ay
transfer,reference,ekf2_innovation_bias__2018-12-25__08_44_40__fault,78.42472400000001,21.4117693901062,4.572563171386719,True,vehicle_local_position.ay
transfer,reference,ekf2_innovation_bias__2018-12-25__08_44_40__fault,79.22472400000001,21.851234436035156,4.572563171386719,True,vehicle_local_position.ay
transfer,reference,ekf2_innovation_bias__2018-12-25__08_44_40__fault,80.024724,25.060138702392578,4.572563171386719,True,vehicle_local_position.ax
transfer,reference,ekf2_innovation_bias__2018-12-25__08_44_40__fault,80.824724,17.783637046813965,4.572563171386719,True,vehicle_local_position.ay
transfer,reference,ekf2_innovation_bias__2018-12-25__08_44_40__fault,81.624724,17.783637046813965,4.572563171386719,True,vehicle_local_position.ay
transfer,reference,ekf2_innovation_bias__2018-12-25__08_44_40__fault,82.42472400000001,17.783637046813965,4.572563171386719,True,vehicle_local_position.ay
transfer,reference,ekf2_innovation_bias__2018-12-25__08_44_40__fault,83.22472400000001,34.59352731704712,4.572563171386719,True,vehicle_local_position.ay
transfer,reference,ekf2_innovation_bias__2018-12-25__08_44_40__fault,84.024724,44.27721977233887,4.572563171386719,True,vehicle_local_position.ay
transfer,reference,ekf2_innovation_bias__2018-12-25__08_44_40__fault,84.824724,36.310529708862305,4.572563171386719,True,vehicle_local_position.ay
transfer,reference,ekf2_innovation_bias__2018-12-25__08_44_40__fault,85.624724,36.310529708862305,4.572563171386719,True,vehicle_local_position.ay
transfer,reference,ekf2_innovation_bias__2018-12-25__08_44_40__fault,86.42472400000001,34.59352731704712,4.572563171386719,True,vehicle_local_position.ay
transfer,reference,ekf2_innovation_bias__2018-12-25__08_44_40__fault,87.22472400000001,30.226426124572754,4.572563171386719,True,vehicle_local_position.ay
transfer,reference,ekf2_innovation_bias__2018-12-25__08_44_40__fault,88.024724,27.18205451965332,4.572563171386719,True,vehicle_local_position.ay
transfer,reference,ekf2_innovation_bias__2018-12-25__08_44_40__fault,88.824724,27.18205451965332,4.572563171386719,True,vehicle_local_position.ay
transfer,reference,ekf2_innovation_bias__2018-12-25__08_44_40__fault,89.624724,27.18205451965332,4.572563171386719,True,vehicle_local_position.ay
transfer,reference,ekf2_innovation_bias__2018-12-25__08_44_40__fault,90.42472400000001,27.18205451965332,4.572563171386719,True,vehicle_local_position.ay
transfer,reference,ekf2_innovation_bias__2018-12-25__08_44_40__fault,91.22472400000001,23.733458518981934,4.572563171386719,True,vehicle_local_position.ax
transfer,reference,ekf2_innovation_bias__2018-12-25__08_44_40__fault,92.024724,23.733458518981934,4.572563171386719,True,vehicle_local_position.ax
transfer,reference,ekf2_innovation_bias__2018-12-25__08_44_40__fault,92.824724,27.288236618041992,4.572563171386719,True,vehicle_local_position.ax
transfer,reference,ekf2_innovation_bias__2018-12-25__08_44_40__fault,93.624724,36.80408954620361,4.572563171386719,True,vehicle_local_position.ax
transfer,reference,ekf2_innovation_bias__2018-12-25__08_44_40__fault,94.42472400000001,64.85885620117188,4.572563171386719,True,vehicle_local_position.ax
transfer,reference,ekf2_innovation_bias__2018-12-25__08_44_40__fault,95.22472400000001,34.593846797943115,4.572563171386719,True,vehicle_local_position.ay
transfer,reference,ekf2_innovation_bias__2018-12-25__08_44_40__fault,96.024724,25.01744270324707,4.572563171386719,True,vehicle_local_position.az
transfer,reference,ekf2_innovation_bias__2018-12-25__08_44_40__fault,96.824724,25.01744270324707,4.572563171386719,True,vehicle_local_position.az
transfer,reference,ekf2_innovation_bias__2018-12-25__08_44_40__fault,97.624724,24.85544204711914,4.572563171386719,True,vehicle_local_position.ay
transfer,reference,ekf2_innovation_bias__2018-12-25__08_44_40__fault,98.42472400000001,22.546029090881348,4.572563171386719,True,vehicle_local_position.ay
transfer,reference,ekf2_innovation_bias__2018-12-25__08_44_40__fault,99.22472400000001,19.844008684158325,4.572563171386719,True,vehicle_local_position.z
transfer,reference,ekf2_innovation_bias__2018-12-25__08_44_40__fault,100.024724,26.013774871826172,4.572563171386719,True,vehicle_local_position.ax
transfer,reference,ekf2_innovation_bias__2018-12-25__08_44_40__fault,100.824724,19.844008684158325,4.572563171386719,True,vehicle_local_position.z
transfer,reference,ekf2_innovation_bias__2018-12-25__08_44_40__fault,101.624724,19.844008684158325,4.572563171386719,True,vehicle_local_position.z
transfer,reference,ekf2_innovation_bias__2018-12-25__08_44_40__fault,102.42472400000001,19.82698678970337,4.572563171386719,True,vehicle_local_position.z
transfer,reference,ekf2_innovation_bias__2018-12-25__08_44_40__fault,103.22472400000001,26.33477210998535,4.572563171386719,True,vehicle_local_position.ax
transfer,reference,ekf2_innovation_bias__2018-12-25__08_44_40__fault,104.024724,24.865036010742188,4.572563171386719,True,vehicle_local_position.ax
transfer,reference,ekf2_innovation_bias__2018-12-25__08_44_40__fault,104.824724,19.673268795013428,4.572563171386719,True,vehicle_local_position.z
transfer,reference,ekf2_innovation_bias__2018-12-25__08_44_40__fault,105.624724,16.42327308654785,4.572563171386719,True,vehicle_local_position.z
transfer,reference,ekf2_innovation_bias__2018-12-25__08_44_40__fault,106.42472400000001,16.42327308654785,4.572563171386719,True,vehicle_local_position.z
transfer,reference,ekf2_innovation_bias__2018-12-25__08_44_40__fault,107.22472400000001,27.152798175811768,4.572563171386719,True,vehicle_local_position.ax
transfer,reference,ekf2_innovation_bias__2018-12-25__08_44_40__fault,108.024724,27.152798175811768,4.572563171386719,True,vehicle_local_position.ax
transfer,reference,ekf2_innovation_bias__2018-12-25__08_44_40__fault,108.824724,19.482401609420776,4.572563171386719,True,vehicle_local_position.z
transfer,reference,ekf2_innovation_bias__2018-12-25__08_44_40__fault,109.624724,32.11076021194458,4.572563171386719,True,vehicle_local_position.ay
transfer,reference,ekf2_innovation_bias__2018-12-25__08_44_40__fault,110.42472400000001,21.50524616241455,4.572563171386719,True,vehicle_local_position.ay
transfer,reference,ekf2_innovation_bias__2018-12-25__08_44_40__fault,111.22472400000001,21.50524616241455,4.572563171386719,True,vehicle_local_position.ay
transfer,reference,ekf2_innovation_bias__2018-12-25__08_44_40__fault,112.024724,21.50524616241455,4.572563171386719,True,vehicle_local_position.ay
transfer,reference,ekf2_innovation_bias__2018-12-25__08_44_40__fault,112.824724,27.46372938156128,4.572563171386719,True,vehicle_local_position.ax
transfer,reference,ekf2_innovation_bias__2018-12-25__08_44_40__fault,113.624724,21.50524616241455,4.572563171386719,True,vehicle_local_position.ay
transfer,reference,ekf2_innovation_bias__2018-12-25__08_44_40__fault,114.42472400000001,41.86919689178467,4.572563171386719,True,vehicle_local_position.ay
transfer,reference,ekf2_innovation_bias__2018-12-25__08_44_40__fault,115.22472400000001,30.356028079986572,4.572563171386719,True,vehicle_local_position.ay
transfer,reference,ekf2_innovation_bias__2018-12-25__08_44_40__fault,116.024724,30.356028079986572,4.572563171386719,True,vehicle_local_position.ay
transfer,reference,ekf2_innovation_bias__2018-12-25__08_44_40__fault,116.824724,30.356028079986572,4.572563171386719,True,vehicle_local_position.ay
transfer,reference,ekf2_innovation_bias__2018-12-25__08_44_40__fault,117.624724,41.023359298706055,4.572563171386719,True,vehicle_local_position.ax
transfer,reference,ekf2_innovation_bias__2018-12-25__08_44_40__fault,118.42472400000001,23.57593059539795,4.572563171386719,True,vehicle_local_position.ay
transfer,reference,ekf2_innovation_bias__2018-12-25__08_44_40__fault,119.22472400000001,23.57593059539795,4.572563171386719,True,vehicle_local_position.ay
transfer,reference,ekf2_innovation_bias__2018-12-25__08_44_40__fault,120.024724,23.57593059539795,4.572563171386719,True,vehicle_local_position.ay
transfer,reference,ekf2_innovation_bias__2018-12-25__08_44_40__fault,120.824724,21.880741119384766,4.572563171386719,True,vehicle_local_position.ay
transfer,reference,ekf2_innovation_bias__2018-12-25__08_44_40__fault,121.624724,21.880741119384766,4.572563171386719,True,vehicle_local_position.ay
transfer,reference,ekf2_innovation_bias__2018-12-25__08_44_40__fault,122.42472400000001,29.180316925048828,4.572563171386719,True,vehicle_local_position.ax
transfer,reference,ekf2_innovation_bias__2018-12-25__08_44_40__fault,123.22472400000001,36.707725524902344,4.572563171386719,True,vehicle_local_position.ax
transfer,reference,ekf2_innovation_bias__2018-12-25__08_44_40__fault,124.024724,36.707725524902344,4.572563171386719,True,vehicle_local_position.ax
transfer,reference,ekf2_innovation_bias__2018-12-25__08_44_40__fault,124.824724,36.707725524902344,4.572563171386719,True,vehicle_local_position.ax
transfer,reference,ekf2_innovation_bias__2018-12-25__08_44_40__fault,125.624724,37.08231449127197,4.572563171386719,True,vehicle_local_position.ax
transfer,reference,ekf2_innovation_bias__2018-12-25__08_44_40__fault,126.42472400000001,37.08231449127197,4.572563171386719,True,vehicle_local_position.ax
transfer,reference,ekf2_innovation_bias__2018-12-25__08_44_40__fault,127.22472400000001,16.27395987510681,4.572563171386719,True,ekf2_innovations.vel_pos_innov[3]
transfer,reference,ekf2_innovation_bias__2018-12-25__08_44_40__fault,128.024724,16.273958683013916,4.572563171386719,True,ekf2_innovations.vel_pos_innov[3]
transfer,reference,ekf2_innovation_bias__2018-12-25__08_44_40__fault,128.824724,16.273958683013916,4.572563171386719,True,ekf2_innovations.vel_pos_innov[3]
transfer,reference,ekf2_innovation_bias__2018-12-25__08_44_40__fault,129.624724,33.179214000701904,4.572563171386719,True,vehicle_local_position.ax
transfer,reference,ekf2_innovation_bias__2018-12-25__08_44_40__fault,130.424724,48.370981216430664,4.572563171386719,True,vehicle_local_position.ax
transfer,reference,ekf2_innovation_bias__2018-12-25__08_44_40__fault,131.22472399999998,48.370981216430664,4.572563171386719,True,vehicle_local_position.ax
transfer,reference,ekf2_innovation_bias__2018-12-25__08_44_40__fault,132.024724,43.790669441223145,4.572563171386719,True,vehicle_local_position.ax
transfer,reference,ekf2_innovation_bias__2018-12-25__08_44_40__fault,132.824724,34.51749086380005,4.572563171386719,True,vehicle_local_position.ax
transfer,reference,ekf2_innovation_bias__2018-12-25__08_44_40__fault,133.624724,27.53690242767334,4.572563171386719,True,vehicle_local_position.ay
transfer,reference,ekf2_innovation_bias__2018-12-25__08_44_40__fault,134.424724,27.53690242767334,4.572563171386719,True,vehicle_local_position.ay
transfer,reference,ekf2_innovation_bias__2018-12-25__08_44_40__fault,135.22472399999998,27.53690242767334,4.572563171386719,True,vehicle_local_position.ay
transfer,reference,ekf2_innovation_bias__2018-12-25__08_44_40__fault,136.024724,29.339208602905273,4.572563171386719,True,vehicle_local_position.ay
transfer,reference,ekf2_innovation_bias__2018-12-25__08_44_40__fault,136.824724,29.339208602905273,4.572563171386719,True,vehicle_local_position.ay
transfer,reference,ekf2_innovation_bias__2018-12-25__08_44_40__fault,137.624724,30.374937057495117,4.572563171386719,True,vehicle_local_position.ay
transfer,reference,ekf2_innovation_bias__2018-12-25__08_44_40__fault,138.424724,43.90790939331055,4.572563171386719,True,vehicle_local_position.ay
transfer,reference,ekf2_innovation_bias__2018-12-25__08_44_40__fault,139.22472399999998,117.53620147705078,4.572563171386719,True,vehicle_local_position.az
transfer,reference,ekf2_innovation_bias__2018-12-25__08_44_40__fault,140.024724,117.53620147705078,4.572563171386719,True,vehicle_local_position.az
transfer,reference,ekf2_innovation_bias__2018-12-25__08_44_40__fault,140.824724,117.53620147705078,4.572563171386719,True,vehicle_local_position.az
transfer,reference,inav_local_z_freeze__2018-12-19__07_49_17__fault,9.621414999999999,0.0,4.572563171386719,False,actuator_controls_0.control[0]
transfer,reference,inav_local_z_freeze__2018-12-19__07_49_17__fault,10.421415,0.0,4.572563171386719,False,actuator_controls_0.control[0]
transfer,reference,inav_local_z_freeze__2018-12-19__07_49_17__fault,11.221414999999999,0.0,4.572563171386719,False,actuator_controls_0.control[0]
transfer,reference,inav_local_z_freeze__2018-12-19__07_49_17__fault,12.021415,0.0,4.572563171386719,False,actuator_controls_0.control[0]
transfer,reference,inav_local_z_freeze__2018-12-19__07_49_17__fault,12.821415,3.5111382603645325,4.572563171386719,False,vehicle_attitude_setpoint.pitch_body
transfer,reference,inav_local_z_freeze__2018-12-19__07_49_17__fault,13.621414999999999,3.5111382603645325,4.572563171386719,False,vehicle_attitude_setpoint.pitch_body
transfer,reference,inav_local_z_freeze__2018-12-19__07_49_17__fault,14.421415,3.5111385583877563,4.572563171386719,False,vehicle_attitude_setpoint.pitch_body
transfer,reference,inav_local_z_freeze__2018-12-19__07_49_17__fault,15.221414999999999,3.5111388564109802,4.572563171386719,False,vehicle_attitude_setpoint.pitch_body
transfer,reference,inav_local_z_freeze__2018-12-19__07_49_17__fault,16.021415,3.1078192591667175,4.572563171386719,False,vehicle_attitude_setpoint.pitch_body
transfer,reference,inav_local_z_freeze__2018-12-19__07_49_17__fault,16.821415000000002,1.2566661834716797,4.572563171386719,False,vehicle_attitude_setpoint.roll_body
transfer,reference,inav_local_z_freeze__2018-12-19__07_49_17__fault,17.621415000000002,1.2566661834716797,4.572563171386719,False,vehicle_attitude_setpoint.roll_body
transfer,reference,inav_local_z_freeze__2018-12-19__07_49_17__fault,18.421415,1.2566661834716797,4.572563171386719,False,vehicle_attitude_setpoint.roll_body
transfer,reference,inav_local_z_freeze__2018-12-19__07_49_17__fault,19.221415,1.2566661834716797,4.572563171386719,False,vehicle_attitude_setpoint.roll_body
transfer,reference,inav_local_z_freeze__2018-12-19__07_49_17__fault,20.021415,1.2566661834716797,4.572563171386719,False,vehicle_attitude_setpoint.roll_body
transfer,reference,inav_local_z_freeze__2018-12-19__07_49_17__fault,20.821415000000002,1.2433052062988281,4.572563171386719,False,vehicle_attitude_setpoint.roll_body
transfer,reference,inav_local_z_freeze__2018-12-19__07_49_17__fault,21.621415000000002,2.8719282150268555,4.572563171386719,False,vehicle_attitude_setpoint.pitch_body
transfer,reference,inav_local_z_freeze__2018-12-19__07_49_17__fault,22.421415,7.036027908325195,4.572563171386719,True,vehicle_attitude_setpoint.pitch_body
transfer,reference,inav_local_z_freeze__2018-12-19__07_49_17__fault,23.221415,7.036027908325195,4.572563171386719,True,vehicle_attitude_setpoint.pitch_body
transfer,reference,inav_local_z_freeze__2018-12-19__07_49_17__fault,24.021415,7.036027908325195,4.572563171386719,True,vehicle_attitude_setpoint.pitch_body
transfer,reference,inav_local_z_freeze__2018-12-19__07_49_17__fault,24.821415000000002,7.036027908325195,4.572563171386719,True,vehicle_attitude_setpoint.pitch_body
transfer,reference,inav_local_z_freeze__2018-12-19__07_49_17__fault,25.621415000000002,7.036027908325195,4.572563171386719,True,vehicle_attitude_setpoint.pitch_body
transfer,reference,inav_local_z_freeze__2018-12-19__07_49_17__fault,26.421415,7.036027908325195,4.572563171386719,True,vehicle_attitude_setpoint.pitch_body
transfer,reference,inav_local_z_freeze__2018-12-19__07_49_17__fault,27.221415,7.036027908325195,4.572563171386719,True,vehicle_attitude_setpoint.pitch_body
transfer,reference,inav_local_z_freeze__2018-12-19__07_49_17__fault,28.021415,7.036027908325195,4.572563171386719,True,vehicle_attitude_setpoint.pitch_body
transfer,reference,inav_local_z_freeze__2018-12-19__07_49_17__fault,28.821415000000002,0.7313346862792969,4.572563171386719,False,vehicle_attitude_setpoint.pitch_body
transfer,reference,inav_local_z_freeze__2018-12-19__07_49_17__fault,29.621415000000002,0.7313346862792969,4.572563171386719,False,vehicle_attitude_setpoint.pitch_body
transfer,reference,inav_local_z_freeze__2018-12-19__07_49_17__fault,30.421415,1.84952974319458,4.572563171386719,False,vehicle_attitude_setpoint.roll_body
transfer,reference,inav_local_z_freeze__2018-12-19__07_49_17__fault,31.221415,3.140864372253418,4.572563171386719,False,vehicle_attitude_setpoint.roll_body
transfer,reference,inav_local_z_freeze__2018-12-19__07_49_17__fault,32.021415,3.140864372253418,4.572563171386719,False,vehicle_attitude_setpoint.roll_body
transfer,reference,inav_local_z_freeze__2018-12-19__07_49_17__fault,32.821414999999995,3.140864372253418,4.572563171386719,False,vehicle_attitude_setpoint.roll_body
transfer,reference,inav_local_z_freeze__2018-12-19__07_49_17__fault,33.621415,3.140864372253418,4.572563171386719,False,vehicle_attitude_setpoint.roll_body
transfer,reference,inav_local_z_freeze__2018-12-19__07_49_17__fault,34.421414999999996,3.140864372253418,4.572563171386719,False,vehicle_attitude_setpoint.roll_body
transfer,reference,inav_local_z_freeze__2018-12-19__07_49_17__fault,35.221415,3.140864372253418,4.572563171386719,False,vehicle_attitude_setpoint.roll_body
transfer,reference,inav_local_z_freeze__2018-12-19__07_49_17__fault,36.021415,3.140864372253418,4.572563171386719,False,vehicle_attitude_setpoint.roll_body
transfer,reference,inav_local_z_freeze__2018-12-19__07_49_17__fault,36.821414999999995,3.140864372253418,4.572563171386719,False,vehicle_attitude_setpoint.roll_body
transfer,reference,inav_local_z_freeze__2018-12-19__07_49_17__fault,37.621415,3.140864372253418,4.572563171386719,False,vehicle_attitude_setpoint.roll_body
transfer,reference,inav_local_z_freeze__2018-12-19__07_49_17__fault,38.421414999999996,3.140864372253418,4.572563171386719,False,vehicle_attitude_setpoint.roll_body
transfer,reference,inav_local_z_freeze__2018-12-19__07_49_17__fault,39.221415,2.795088291168213,4.572563171386719,False,vehicle_attitude_setpoint.roll_body
transfer,reference,inav_local_z_freeze__2018-12-19__07_49_17__fault,40.021415,2.795088291168213,4.572563171386719,False,vehicle_attitude_setpoint.roll_body
transfer,reference,inav_local_z_freeze__2018-12-19__07_49_17__fault,40.821414999999995,2.2536110877990723,4.572563171386719,False,vehicle_attitude_setpoint.pitch_body
transfer,reference,inav_local_z_freeze__2018-12-19__07_49_17__fault,41.621415,3.268156051635742,4.572563171386719,False,vehicle_attitude_setpoint.pitch_body
transfer,reference,inav_local_z_freeze__2018-12-19__07_49_17__fault,42.421414999999996,3.728823661804199,4.572563171386719,False,vehicle_attitude_setpoint.pitch_body
transfer,reference,inav_local_z_freeze__2018-12-19__07_49_17__fault,43.221415,3.728823661804199,4.572563171386719,False,vehicle_attitude_setpoint.pitch_body
transfer,reference,inav_local_z_freeze__2018-12-19__07_49_17__fault,44.021415,3.728823661804199,4.572563171386719,False,vehicle_attitude_setpoint.pitch_body
transfer,reference,inav_local_z_freeze__2018-12-19__07_49_17__fault,44.821414999999995,19.192981719970703,4.572563171386719,True,vehicle_local_position.z
transfer,reference,inav_local_z_freeze__2018-12-19__07_49_17__fault,45.621415,19.515730142593384,4.572563171386719,True,vehicle_local_position.z
transfer,reference,inav_local_z_freeze__2018-12-19__07_49_17__fault,46.421414999999996,19.733558893203735,4.572563171386719,True,vehicle_local_position.z
transfer,reference,inav_local_z_freeze__2018-12-19__07_49_17__fault,47.221415,19.830740690231323,4.572563171386719,True,vehicle_local_position.z
transfer,reference,inav_local_z_freeze__2018-12-19__07_49_17__fault,48.021415,19.830740690231323,4.572563171386719,True,vehicle_local_position.z
transfer,reference,inav_local_z_freeze__2018-12-19__07_49_17__fault,48.821414999999995,19.830740690231323,4.572563171386719,True,vehicle_local_position.z
transfer,reference,inav_local_z_freeze__2018-12-19__07_49_17__fault,49.621415,19.837552309036255,4.572563171386719,True,vehicle_local_position.z
transfer,reference,inav_local_z_freeze__2018-12-19__07_49_17__fault,50.421414999999996,19.88373875617981,4.572563171386719,True,vehicle_local_position.z
transfer,reference,inav_local_z_freeze__2018-12-19__07_49_17__fault,51.221415,19.90989089012146,4.572563171386719,True,vehicle_local_position.z
transfer,reference,inav_local_z_freeze__2018-12-19__07_49_17__fault,52.021415,19.932761192321777,4.572563171386719,True,vehicle_local_position.z
transfer,reference,inav_local_z_freeze__2018-12-19__07_49_17__fault,52.821414999999995,19.9458110332489,4.572563171386719,True,vehicle_local_position.z
transfer,reference,inav_local_z_freeze__2018-12-19__07_49_17__fault,53.621415,19.955331087112427,4.572563171386719,True,vehicle_local_position.z
transfer,reference,inav_local_z_freeze__2018-12-19__07_49_17__fault,54.421414999999996,19.96598720550537,4.572563171386719,True,vehicle_local_position.z
transfer,reference,inav_local_z_freeze__2018-12-19__07_49_17__fault,55.221415,19.972856044769287,4.572563171386719,True,vehicle_local_position.z
transfer,reference,inav_local_z_freeze__2018-12-19__07_49_17__fault,56.021415,19.96901512145996,4.572563171386719,True,vehicle_local_position.z
transfer,reference,inav_local_z_freeze__2018-12-19__07_49_17__fault,56.821414999999995,19.88348960876465,4.572563171386719,True,vehicle_local_position.z
transfer,reference,inav_local_z_freeze__2018-12-19__07_49_17__fault,57.621415,19.88348960876465,4.572563171386719,True,vehicle_local_position.z
transfer,reference,inav_local_z_freeze__2018-12-19__07_49_17__fault,58.421414999999996,19.88348960876465,4.572563171386719,True,vehicle_local_position.z
transfer,reference,inav_local_z_freeze__2018-12-19__07_49_17__fault,59.221415,19.90407109260559,4.572563171386719,True,vehicle_local_position.z
transfer,reference,inav_local_z_freeze__2018-12-19__07_49_17__fault,60.021415,19.937435388565063,4.572563171386719,True,vehicle_local_position.z
transfer,reference,inav_local_z_freeze__2018-12-19__07_49_17__fault,60.821414999999995,19.952917098999023,4.572563171386719,True,vehicle_local_position.z
transfer,reference,inav_local_z_freeze__2018-12-19__07_49_17__fault,61.621415,19.961212873458862,4.572563171386719,True,vehicle_local_position.z
transfer,reference,inav_local_z_freeze__2018-12-19__07_49_17__fault,62.421414999999996,19.968597888946533,4.572563171386719,True,vehicle_local_position.z
transfer,reference,inav_local_z_freeze__2018-12-19__07_49_17__fault,63.221415,19.97443914413452,4.572563171386719,True,vehicle_local_position.z
transfer,reference,inav_local_z_freeze__2018-12-19__07_49_17__fault,64.021415,19.974961280822754,4.572563171386719,True,vehicle_local_position.z
transfer,reference,inav_local_z_freeze__2018-12-19__07_49_17__fault,64.821415,19.96928095817566,4.572563171386719,True,vehicle_local_position.z
transfer,reference,inav_local_z_freeze__2018-12-19__07_49_17__fault,65.621415,19.959851503372192,4.572563171386719,True,vehicle_local_position.z
transfer,reference,inav_local_z_freeze__2018-12-19__07_49_17__fault,66.42141500000001,19.89490509033203,4.572563171386719,True,vehicle_local_position.z
transfer,reference,inav_local_z_freeze__2018-12-19__07_49_17__fault,67.22141500000001,19.637997150421143,4.572563171386719,True,vehicle_local_position.z
transfer,reference,inav_local_z_freeze__2018-12-19__07_49_17__fault,68.021415,19.637997150421143,4.572563171386719,True,vehicle_local_position.z
transfer,reference,inav_local_z_freeze__2018-12-19__07_49_17__fault,68.821415,19.611563682556152,4.572563171386719,True,vehicle_local_position.z
transfer,reference,inav_local_z_freeze__2018-12-19__07_49_17__fault,69.621415,19.5488178730011,4.572563171386719,True,vehicle_local_position.z
transfer,reference,inav_local_z_freeze__2018-12-19__07_49_17__fault,70.42141500000001,19.544882774353027,4.572563171386719,True,vehicle_local_position.z
transfer,reference,inav_local_z_freeze__2018-12-19__07_49_17__fault,71.22141500000001,19.544882774353027,4.572563171386719,True,vehicle_local_position.z
transfer,reference,inav_local_z_freeze__2018-12-19__07_49_17__fault,72.021415,19.544882774353027,4.572563171386719,True,vehicle_local_position.z
transfer,reference,inav_local_z_freeze__2018-12-19__07_49_17__fault,72.821415,19.606081247329712,4.572563171386719,True,vehicle_local_position.z
transfer,reference,inav_local_z_freeze__2018-12-19__07_49_17__fault,73.621415,19.71950054168701,4.572563171386719,True,vehicle_local_position.z
transfer,reference,inav_local_z_freeze__2018-12-19__07_49_17__fault,74.42141500000001,19.773210287094116,4.572563171386719,True,vehicle_local_position.z
transfer,reference,inav_local_z_freeze__2018-12-19__07_49_17__fault,75.22141500000001,20.150752067565918,4.572563171386719,True,vehicle_local_position.z
transfer,reference,inav_local_z_freeze__2018-12-19__07_49_17__fault,76.021415,23.505735397338867,4.572563171386719,True,vehicle_local_position.z
transfer,reference,inav_local_z_freeze__2018-12-19__07_49_17__fault,76.821415,22.557525634765625,4.572563171386719,True,vehicle_local_position.z
transfer,reference,inav_local_z_freeze__2018-12-19__07_49_17__fault,77.621415,20.637624263763428,4.572563171386719,True,vehicle_local_position.z
transfer,reference,inav_local_z_freeze__2018-12-19__07_49_17__fault,78.42141500000001,19.95885133743286,4.572563171386719,True,vehicle_local_position.z
transfer,reference,inav_local_z_freeze__2018-12-19__07_49_17__fault,79.22141500000001,19.950194358825684,4.572563171386719,True,vehicle_local_position.z
transfer,reference,inav_local_z_freeze__2018-12-19__07_49_17__fault,80.021415,19.93480920791626,4.572563171386719,True,vehicle_local_position.z
transfer,reference,inav_local_z_freeze__2018-12-19__07_49_17__fault,80.821415,19.909257888793945,4.572563171386719,True,vehicle_local_position.z
transfer,reference,inav_local_z_freeze__2018-12-19__07_49_17__fault,81.621415,19.875234365463257,4.572563171386719,True,vehicle_local_position.z
transfer,reference,inav_local_z_freeze__2018-12-19__07_49_17__fault,82.42141500000001,19.83497142791748,4.572563171386719,True,vehicle_local_position.z
transfer,reference,inav_local_z_freeze__2018-12-19__07_49_17__fault,83.22141500000001,19.662184715270996,4.572563171386719,True,vehicle_local_position.z
transfer,reference,inav_local_z_freeze__2018-12-19__07_49_17__fault,84.021415,19.53121304512024,4.572563171386719,True,vehicle_local_position.z
transfer,reference,inav_local_z_freeze__2018-12-19__07_49_17__fault,84.821415,19.53121304512024,4.572563171386719,True,vehicle_local_position.z
transfer,reference,inav_local_z_freeze__2018-12-19__07_49_17__fault,85.621415,19.53121304512024,4.572563171386719,True,vehicle_local_position.z
transfer,reference,inav_local_z_freeze__2018-12-19__07_49_17__fault,86.42141500000001,19.61515784263611,4.572563171386719,True,vehicle_local_position.z
transfer,reference,inav_local_z_freeze__2018-12-20__07_47_50__fault,9.618601,0.0,4.572563171386719,False,actuator_controls_0.control[0]
transfer,reference,inav_local_z_freeze__2018-12-20__07_47_50__fault,10.418601,0.0,4.572563171386719,False,actuator_controls_0.control[0]
transfer,reference,inav_local_z_freeze__2018-12-20__07_47_50__fault,11.218601,0.0,4.572563171386719,False,actuator_controls_0.control[0]
transfer,reference,inav_local_z_freeze__2018-12-20__07_47_50__fault,12.018601,0.0,4.572563171386719,False,actuator_controls_0.control[0]
transfer,reference,inav_local_z_freeze__2018-12-20__07_47_50__fault,12.818601000000001,0.0,4.572563171386719,False,actuator_controls_0.control[0]
transfer,reference,inav_local_z_freeze__2018-12-20__07_47_50__fault,13.618601,0.0,4.572563171386719,False,actuator_controls_0.control[0]
transfer,reference,inav_local_z_freeze__2018-12-20__07_47_50__fault,14.418601,0.0,4.572563171386719,False,actuator_controls_0.control[0]
transfer,reference,inav_local_z_freeze__2018-12-20__07_47_50__fault,15.218601,0.07263320196488993,4.572563171386719,False,vehicle_local_position.vz
transfer,reference,inav_local_z_freeze__2018-12-20__07_47_50__fault,16.018601,0.05750396024691859,4.572563171386719,False,vehicle_local_position.vy
transfer,reference,inav_local_z_freeze__2018-12-20__07_47_50__fault,16.818601,0.0654185791392458,4.572563171386719,False,vehicle_local_position.vy
transfer,reference,inav_local_z_freeze__2018-12-20__07_47_50__fault,17.618601,0.0654185791392458,4.572563171386719,False,vehicle_local_position.vy
transfer,reference,inav_local_z_freeze__2018-12-20__07_47_50__fault,18.418601,0.06549335116468111,4.572563171386719,False,vehicle_local_position.vy
transfer,reference,inav_local_z_freeze__2018-12-20__07_47_50__fault,19.218601,0.06696582597986069,4.572563171386719,False,vehicle_local_position.vy
transfer,reference,inav_local_z_freeze__2018-12-20__07_47_50__fault,20.018601,0.03227414154835066,4.572563171386719,False,vehicle_local_position.vz
transfer,reference,inav_local_z_freeze__2018-12-20__07_47_50__fault,20.818601,0.031358119579606096,4.572563171386719,False,vehicle_local_position.vz
transfer,reference,inav_local_z_freeze__2018-12-20__07_47_50__fault,21.618601,0.031358119579606096,4.572563171386719,False,vehicle_local_position.vz
transfer,reference,inav_local_z_freeze__2018-12-20__07_47_50__fault,22.418601,0.023919069731651435,4.572563171386719,False,vehicle_local_position.vz
transfer,reference,inav_local_z_freeze__2018-12-20__07_47_50__fault,23.218601,0.023919069731651435,4.572563171386719,False,vehicle_local_position.vz
transfer,reference,inav_local_z_freeze__2018-12-20__07_47_50__fault,24.018601,0.023919069731651435,4.572563171386719,False,vehicle_local_position.vz
transfer,reference,inav_local_z_freeze__2018-12-20__07_47_50__fault,24.818601,0.024393701777576167,4.572563171386719,False,vehicle_local_position.vz
transfer,reference,inav_local_z_freeze__2018-12-20__07_47_50__fault,25.618601,0.024393701777576167,4.572563171386719,False,vehicle_local_position.vz
transfer,reference,inav_local_z_freeze__2018-12-20__07_47_50__fault,26.418601,0.024393701777576167,4.572563171386719,False,vehicle_local_position.vz
transfer,reference,inav_local_z_freeze__2018-12-20__07_47_50__fault,27.218601,0.027909551272252177,4.572563171386719,False,vehicle_local_position.vz
transfer,reference,inav_local_z_freeze__2018-12-20__07_47_50__fault,28.018601,0.027909551272252177,4.572563171386719,False,vehicle_local_position.vz
transfer,reference,inav_local_z_freeze__2018-12-20__07_47_50__fault,28.818601,0.027909551272252177,4.572563171386719,False,vehicle_local_position.vz
transfer,reference,inav_local_z_freeze__2018-12-20__07_47_50__fault,29.618601,0.023256139159712787,4.572563171386719,False,vehicle_local_position.vz
transfer,reference,inav_local_z_freeze__2018-12-20__07_47_50__fault,30.418601,0.033822057533869056,4.572563171386719,False,vehicle_local_position.vy
transfer,reference,inav_local_z_freeze__2018-12-20__07_47_50__fault,31.218601,0.033822057533869056,4.572563171386719,False,vehicle_local_position.vy
transfer,reference,inav_local_z_freeze__2018-12-20__07_47_50__fault,32.018601,0.03412541832277802,4.572563171386719,False,vehicle_local_position.vy
transfer,reference,inav_local_z_freeze__2018-12-20__07_47_50__fault,32.818600999999994,0.03300170159766455,4.572563171386719,False,vehicle_local_position.vy
transfer,reference,inav_local_z_freeze__2018-12-20__07_47_50__fault,33.618601,0.03300170159766455,4.572563171386719,False,vehicle_local_position.vy
transfer,reference,inav_local_z_freeze__2018-12-20__07_47_50__fault,34.418600999999995,0.03300170159766455,4.572563171386719,False,vehicle_local_position.vy
transfer,reference,inav_local_z_freeze__2018-12-20__07_47_50__fault,35.218601,0.05018949508666992,4.572563171386719,False,vehicle_local_position.z
transfer,reference,inav_local_z_freeze__2018-12-20__07_47_50__fault,36.018601,0.07426023483276367,4.572563171386719,False,vehicle_local_position.z
transfer,reference,inav_local_z_freeze__2018-12-20__07_47_50__fault,36.818600999999994,0.3000539541244507,4.572563171386719,False,vehicle_local_position.z
transfer,reference,inav_local_z_freeze__2018-12-20__07_47_50__fault,37.618601,0.42632222175598145,4.572563171386719,False,vehicle_local_position.z
transfer,reference,inav_local_z_freeze__2018-12-20__07_47_50__fault,38.418600999999995,0.6807029247283936,4.572563171386719,False,vehicle_local_position.z
transfer,reference,inav_local_z_freeze__2018-12-20__07_47_50__fault,39.218601,0.9101474285125732,4.572563171386719,False,vehicle_local_position.z
transfer,reference,inav_local_z_freeze__2018-12-20__07_47_50__fault,40.018601,0.9488636255264282,4.572563171386719,False,vehicle_local_position.z
transfer,reference,inav_local_z_freeze__2018-12-20__07_47_50__fault,40.818600999999994,0.9488636255264282,4.572563171386719,False,vehicle_local_position.z
transfer,reference,inav_local_z_freeze__2018-12-20__07_47_50__fault,41.618601,0.9488636255264282,4.572563171386719,False,vehicle_local_position.z
transfer,reference,inav_local_z_freeze__2018-12-20__07_47_50__fault,42.418600999999995,0.9488636255264282,4.572563171386719,False,vehicle_local_position.z
transfer,reference,inav_local_z_freeze__2018-12-20__07_47_50__fault,43.218601,0.9488636255264282,4.572563171386719,False,vehicle_local_position.z
transfer,reference,inav_local_z_freeze__2018-12-20__07_47_50__fault,44.018601,2.4783360958099365,4.572563171386719,False,vehicle_local_position.z
transfer,reference,inav_local_z_freeze__2018-12-20__07_47_50__fault,44.818600999999994,19.814940690994263,4.572563171386719,True,vehicle_local_position.z
transfer,reference,inav_local_z_freeze__2018-12-20__07_47_50__fault,45.618601,19.83810782432556,4.572563171386719,True,vehicle_local_position.z
transfer,reference,inav_local_z_freeze__2018-12-20__07_47_50__fault,46.418600999999995,19.908424615859985,4.572563171386719,True,vehicle_local_position.z
transfer,reference,inav_local_z_freeze__2018-12-20__07_47_50__fault,47.218601,19.941238164901733,4.572563171386719,True,vehicle_local_position.z
transfer,reference,inav_local_z_freeze__2018-12-20__07_47_50__fault,48.018601,19.958304166793823,4.572563171386719,True,vehicle_local_position.z
transfer,reference,inav_local_z_freeze__2018-12-20__07_47_50__fault,48.818600999999994,19.973056316375732,4.572563171386719,True,vehicle_local_position.z
transfer,reference,inav_local_z_freeze__2018-12-20__07_47_50__fault,49.618601,19.97651696205139,4.572563171386719,True,vehicle_local_position.z
transfer,reference,inav_local_z_freeze__2018-12-20__07_47_50__fault,50.418600999999995,19.97887372970581,4.572563171386719,True,vehicle_local_position.z
transfer,reference,inav_local_z_freeze__2018-12-20__07_47_50__fault,51.218601,19.979279041290283,4.572563171386719,True,vehicle_local_position.z
transfer,reference,inav_local_z_freeze__2018-12-20__07_47_50__fault,52.018601,19.979379177093506,4.572563171386719,True,vehicle_local_position.z
transfer,reference,inav_local_z_freeze__2018-12-20__07_47_50__fault,52.818600999999994,19.978482723236084,4.572563171386719,True,vehicle_local_position.z
transfer,reference,inav_local_z_freeze__2018-12-20__07_47_50__fault,53.618601,19.978482723236084,4.572563171386719,True,vehicle_local_position.z
transfer,reference,inav_local_z_freeze__2018-12-20__07_47_50__fault,54.418600999999995,19.978482723236084,4.572563171386719,True,vehicle_local_position.z
transfer,reference,inav_local_z_freeze__2018-12-20__07_47_50__fault,55.218601,19.982178211212158,4.572563171386719,True,vehicle_local_position.z
transfer,reference,inav_local_z_freeze__2018-12-20__07_47_50__fault,56.018601,19.98268961906433,4.572563171386719,True,vehicle_local_position.z
transfer,reference,inav_local_z_freeze__2018-12-20__07_47_50__fault,56.818600999999994,19.980576038360596,4.572563171386719,True,vehicle_local_position.z
transfer,reference,inav_local_z_freeze__2018-12-20__07_47_50__fault,57.618601,19.976640939712524,4.572563171386719,True,vehicle_local_position.z
transfer,reference,inav_local_z_freeze__2018-12-20__07_47_50__fault,58.418600999999995,19.96718406677246,4.572563171386719,True,vehicle_local_position.z
transfer,reference,inav_local_z_freeze__2018-12-20__07_47_50__fault,59.218601,19.95648980140686,4.572563171386719,True,vehicle_local_position.z
transfer,reference,inav_local_z_freeze__2018-12-20__07_47_50__fault,60.018601,19.940115213394165,4.572563171386719,True,vehicle_local_position.z
transfer,reference,inav_local_z_freeze__2018-12-20__07_47_50__fault,60.818600999999994,19.909002780914307,4.572563171386719,True,vehicle_local_position.z
transfer,reference,inav_local_z_freeze__2018-12-20__07_47_50__fault,61.618601,19.826533794403076,4.572563171386719,True,vehicle_local_position.z
transfer,reference,inav_local_z_freeze__2018-12-20__07_47_50__fault,62.418600999999995,19.678194522857666,4.572563171386719,True,vehicle_local_position.z
transfer,reference,inav_local_z_freeze__2018-12-20__07_47_50__fault,63.218601,19.351582527160645,4.572563171386719,True,vehicle_local_position.z
transfer,reference,inav_local_z_freeze__2018-12-20__07_47_50__fault,64.018601,19.276872873306274,4.572563171386719,True,vehicle_local_position.z
transfer,reference,inav_local_z_freeze__2018-12-20__07_47_50__fault,64.818601,19.1657292842865,4.572563171386719,True,vehicle_local_position.z
transfer,reference,inav_local_z_freeze__2018-12-20__07_47_50__fault,65.618601,19.1657292842865,4.572563171386719,True,vehicle_local_position.z
transfer,reference,inav_local_z_freeze__2018-12-20__07_47_50__fault,66.41860100000001,19.1657292842865,4.572563171386719,True,vehicle_local_position.z
transfer,reference,inav_local_z_freeze__2018-12-20__07_47_50__fault,67.218601,19.30243492126465,4.572563171386719,True,vehicle_local_position.z
transfer,reference,inav_local_z_freeze__2018-12-20__07_47_50__fault,68.018601,19.588156938552856,4.572563171386719,True,vehicle_local_position.z
transfer,reference,inav_local_z_freeze__2018-12-20__07_47_50__fault,68.818601,19.71489429473877,4.572563171386719,True,vehicle_local_position.z
transfer,reference,inav_local_z_freeze__2018-12-20__07_47_50__fault,69.618601,19.87040400505066,4.572563171386719,True,vehicle_local_position.z
transfer,reference,inav_local_z_freeze__2018-12-20__07_47_50__fault,70.41860100000001,19.927332401275635,4.572563171386719,True,vehicle_local_position.z
transfer,reference,inav_local_z_freeze__2018-12-20__07_47_50__fault,71.218601,19.95278000831604,4.572563171386719,True,vehicle_local_position.z
transfer,reference,inav_local_z_freeze__2018-12-20__07_47_50__fault,72.018601,19.966524839401245,4.572563171386719,True,vehicle_local_position.z
transfer,reference,inav_local_z_freeze__2018-12-20__07_47_50__fault,72.818601,19.971449375152588,4.572563171386719,True,vehicle_local_position.z
transfer,reference,inav_local_z_freeze__2018-12-20__07_47_50__fault,73.618601,19.97312307357788,4.572563171386719,True,vehicle_local_position.z
transfer,reference,inav_local_z_freeze__2018-12-20__07_47_50__fault,74.41860100000001,19.974251985549927,4.572563171386719,True,vehicle_local_position.z
transfer,reference,inav_local_z_freeze__2018-12-20__07_47_50__fault,75.218601,19.977699518203735,4.572563171386719,True,vehicle_local_position.z
transfer,reference,inav_local_z_freeze__2018-12-20__07_47_50__fault,76.018601,19.977571964263916,4.572563171386719,True,vehicle_local_position.z
transfer,reference,inav_local_z_freeze__2018-12-20__07_47_50__fault,76.818601,19.97722029685974,4.572563171386719,True,vehicle_local_position.z
transfer,reference,inav_local_z_freeze__2018-12-20__07_47_50__fault,77.618601,19.976316690444946,4.572563171386719,True,vehicle_local_position.z
transfer,reference,inav_local_z_freeze__2018-12-20__07_47_50__fault,78.41860100000001,19.97620940208435,4.572563171386719,True,vehicle_local_position.z
transfer,reference,inav_local_z_freeze__2018-12-20__07_47_50__fault,79.218601,19.97568964958191,4.572563171386719,True,vehicle_local_position.z
transfer,reference,inav_local_z_freeze__2018-12-20__07_47_50__fault,80.018601,19.97568964958191,4.572563171386719,True,vehicle_local_position.z
transfer,reference,inav_local_z_freeze__2018-12-20__07_47_50__fault,80.818601,19.97568964958191,4.572563171386719,True,vehicle_local_position.z
transfer,reference,inav_local_z_freeze__2018-12-20__07_47_50__fault,81.618601,19.976621866226196,4.572563171386719,True,vehicle_local_position.z
transfer,reference,inav_local_z_freeze__2018-12-20__07_47_50__fault,82.41860100000001,19.978536367416382,4.572563171386719,True,vehicle_local_position.z
transfer,reference,inav_local_z_freeze__2018-12-20__07_47_50__fault,83.218601,19.980231523513794,4.572563171386719,True,vehicle_local_position.z
transfer,reference,inav_local_z_freeze__2018-12-20__07_47_50__fault,84.018601,19.98337745666504,4.572563171386719,True,vehicle_local_position.z
transfer,reference,inav_local_z_freeze__2018-12-20__07_47_50__fault,84.818601,19.97780442237854,4.572563171386719,True,vehicle_local_position.z
transfer,reference,inav_local_z_freeze__2018-12-20__07_47_50__fault,85.618601,19.96996760368347,4.572563171386719,True,vehicle_local_position.z
transfer,reference,inav_local_z_freeze__2018-12-20__07_47_50__fault,86.41860100000001,19.955341815948486,4.572563171386719,True,vehicle_local_position.z
transfer,reference,inav_local_z_freeze__2018-12-20__07_47_50__fault,87.218601,19.931442737579346,4.572563171386719,True,vehicle_local_position.z
transfer,reference,inav_local_z_freeze__2018-12-20__07_47_50__fault,88.018601,19.916605949401855,4.572563171386719,True,vehicle_local_position.z
transfer,reference,inav_local_z_freeze__2018-12-20__07_47_50__fault,88.818601,19.916605949401855,4.572563171386719,True,vehicle_local_position.z
transfer,reference,inav_local_z_freeze__2018-12-20__07_47_50__fault,89.618601,19.916605949401855,4.572563171386719,True,vehicle_local_position.z
transfer,reference,inav_local_z_freeze__2018-12-20__07_47_50__fault,90.41860100000001,19.93601679801941,4.572563171386719,True,vehicle_local_position.z
transfer,reference,inav_local_z_freeze__2018-12-20__07_47_50__fault,91.218601,19.960758686065674,4.572563171386719,True,vehicle_local_position.z
transfer,reference,inav_local_z_freeze__2018-12-20__07_47_50__fault,92.018601,19.970327615737915,4.572563171386719,True,vehicle_local_position.z
transfer,reference,inav_local_z_freeze__2018-12-20__07_47_50__fault,92.818601,19.970327615737915,4.572563171386719,True,vehicle_local_position.z
transfer,reference,inav_local_z_freeze__2018-12-20__07_47_50__fault,93.618601,19.97091293334961,4.572563171386719,True,vehicle_local_position.z
transfer,reference,inav_local_z_freeze__2018-12-20__07_47_50__fault,94.41860100000001,19.972140789031982,4.572563171386719,True,vehicle_local_position.z
transfer,reference,inav_local_z_freeze__2018-12-20__07_47_50__fault,95.218601,19.972140789031982,4.572563171386719,True,vehicle_local_position.z
transfer,reference,inav_local_z_freeze__2018-12-20__07_47_50__fault,96.018601,19.967868328094482,4.572563171386719,True,vehicle_local_position.z
transfer,reference,inav_local_z_freeze__2018-12-20__07_47_50__fault,96.818601,19.967868328094482,4.572563171386719,True,vehicle_local_position.z
transfer,reference,inav_local_z_freeze__2018-12-20__07_47_50__fault,97.618601,19.967868328094482,4.572563171386719,True,vehicle_local_position.z
transfer,reference,inav_local_z_freeze__2018-12-20__07_47_50__fault,98.41860100000001,19.971771240234375,4.572563171386719,True,vehicle_local_position.z
transfer,reference,inav_local_z_freeze__2018-12-20__07_47_50__fault,99.218601,19.97336506843567,4.572563171386719,True,vehicle_local_position.z
transfer,reference,inav_local_z_freeze__2018-12-20__07_47_50__fault,100.018601,19.976508617401123,4.572563171386719,True,vehicle_local_position.z
transfer,reference,inav_local_z_freeze__2018-12-20__07_47_50__fault,100.818601,19.976879358291626,4.572563171386719,True,vehicle_local_position.z
transfer,reference,inav_local_z_freeze__2018-12-20__07_47_50__fault,101.618601,19.982032775878906,4.572563171386719,True,vehicle_local_position.z
transfer,reference,inav_local_z_freeze__2018-12-20__07_47_50__fault,102.41860100000001,19.980825185775757,4.572563171386719,True,vehicle_local_position.z
transfer,reference,inav_local_z_freeze__2018-12-20__07_47_50__fault,103.218601,19.976621866226196,4.572563171386719,True,vehicle_local_position.z
transfer,reference,inav_local_z_freeze__2018-12-20__07_47_50__fault,104.018601,19.9613618850708,4.572563171386719,True,vehicle_local_position.z
transfer,reference,inav_local_z_freeze__2018-12-20__07_47_50__fault,104.818601,19.944368600845337,4.572563171386719,True,vehicle_local_position.z
transfer,reference,inav_local_z_freeze__2018-12-20__07_47_50__fault,105.618601,19.90416646003723,4.572563171386719,True,vehicle_local_position.z
transfer,reference,inav_local_z_freeze__2018-12-20__07_47_50__fault,106.41860100000001,19.7856605052948,4.572563171386719,True,vehicle_local_position.z
transfer,reference,inav_local_z_freeze__2018-12-20__07_47_50__fault,107.218601,19.626901149749756,4.572563171386719,True,vehicle_local_position.z
transfer,reference,inav_local_z_freeze__2018-12-20__07_47_50__fault,108.018601,19.388298988342285,4.572563171386719,True,vehicle_local_position.z
transfer,reference,inav_local_z_freeze__2018-12-20__07_47_50__fault,108.818601,19.388298988342285,4.572563171386719,True,vehicle_local_position.z
transfer,reference,inav_local_z_freeze__2018-12-20__07_47_50__fault,109.618601,19.307888746261597,4.572563171386719,True,vehicle_local_position.z
transfer,reference,inav_local_z_freeze__2018-12-20__07_47_50__fault,110.41860100000001,19.04191017150879,4.572563171386719,True,vehicle_local_position.z
transfer,reference,inav_local_z_freeze__2018-12-20__07_47_50__fault,111.218601,18.928426504135132,4.572563171386719,True,vehicle_local_position.z
transfer,reference,inav_local_z_freeze__2018-12-20__07_47_50__fault,112.018601,18.748648166656494,4.572563171386719,True,vehicle_local_position.z
transfer,reference,inav_local_z_freeze__2018-12-20__07_47_50__fault,112.818601,18.748648166656494,4.572563171386719,True,vehicle_local_position.z
transfer,reference,inav_local_z_freeze__2018-12-20__07_47_50__fault,113.618601,18.52691888809204,4.572563171386719,True,vehicle_local_position.z
transfer,reference,inav_local_z_freeze__2018-12-20__07_47_50__fault,114.41860100000001,18.306695222854614,4.572563171386719,True,vehicle_local_position.z
transfer,reference,inav_local_z_freeze__2018-12-20__07_47_50__fault,115.218601,18.306695222854614,4.572563171386719,True,vehicle_local_position.z
transfer,reference,inav_local_z_freeze__2018-12-20__07_47_50__fault,116.018601,18.306695222854614,4.572563171386719,True,vehicle_local_position.z
transfer,reference,inav_local_z_freeze__2018-12-20__07_47_50__fault,116.818601,18.535505533218384,4.572563171386719,True,vehicle_local_position.z
transfer,reference,inav_local_z_freeze__2018-12-20__07_47_50__fault,117.618601,19.889551401138306,4.572563171386719,True,vehicle_local_position.z
transfer,reference,inav_local_z_freeze__2018-12-20__07_47_50__fault,118.41860100000001,19.957034587860107,4.572563171386719,True,vehicle_local_position.z
transfer,reference,inav_local_z_freeze__2018-12-20__07_47_50__fault,119.218601,19.96128797531128,4.572563171386719,True,vehicle_local_position.z
transfer,reference,inav_local_z_freeze__2018-12-20__07_47_50__fault,120.018601,21.770594120025635,4.572563171386719,True,vehicle_local_position.z
transfer,reference,inav_local_z_freeze__2018-12-20__07_47_50__fault,120.818601,23.857252597808838,4.572563171386719,True,vehicle_local_position.z
transfer,reference,inav_local_z_freeze__2018-12-20__07_47_50__fault,121.618601,26.172809600830078,4.572563171386719,True,vehicle_local_position.z
transfer,reference,inav_local_z_freeze__2018-12-25__08_44_40__fault,9.623047,0.0,4.572563171386719,False,actuator_controls_0.control[0]
transfer,reference,inav_local_z_freeze__2018-12-25__08_44_40__fault,10.423047,0.0,4.572563171386719,False,actuator_controls_0.control[0]
transfer,reference,inav_local_z_freeze__2018-12-25__08_44_40__fault,11.223047,0.0,4.572563171386719,False,actuator_controls_0.control[0]
transfer,reference,inav_local_z_freeze__2018-12-25__08_44_40__fault,12.023047,0.0,4.572563171386719,False,actuator_controls_0.control[0]
transfer,reference,inav_local_z_freeze__2018-12-25__08_44_40__fault,12.823047,0.0,4.572563171386719,False,actuator_controls_0.control[0]
transfer,reference,inav_local_z_freeze__2018-12-25__08_44_40__fault,13.623047,0.0,4.572563171386719,False,actuator_controls_0.control[0]
transfer,reference,inav_local_z_freeze__2018-12-25__08_44_40__fault,14.423047,2.0602095127105713,4.572563171386719,False,vehicle_attitude_setpoint.roll_body
transfer,reference,inav_local_z_freeze__2018-12-25__08_44_40__fault,15.223047,1.6969144344329834,4.572563171386719,False,vehicle_attitude_setpoint.pitch_body
transfer,reference,inav_local_z_freeze__2018-12-25__08_44_40__fault,16.023047,1.6969144344329834,4.572563171386719,False,vehicle_attitude_setpoint.pitch_body
transfer,reference,inav_local_z_freeze__2018-12-25__08_44_40__fault,16.823047,2.239999771118164,4.572563171386719,False,vehicle_attitude_setpoint.pitch_body
transfer,reference,inav_local_z_freeze__2018-12-25__08_44_40__fault,17.623047,1.6969144344329834,4.572563171386719,False,vehicle_attitude_setpoint.pitch_body
transfer,reference,inav_local_z_freeze__2018-12-25__08_44_40__fault,18.423046999999997,1.6969144344329834,4.572563171386719,False,vehicle_attitude_setpoint.pitch_body
transfer,reference,inav_local_z_freeze__2018-12-25__08_44_40__fault,19.223046999999998,1.6969144344329834,4.572563171386719,False,vehicle_attitude_setpoint.pitch_body
transfer,reference,inav_local_z_freeze__2018-12-25__08_44_40__fault,20.023047,1.4249667525291443,4.572563171386719,False,vehicle_attitude_setpoint.roll_body
transfer,reference,inav_local_z_freeze__2018-12-25__08_44_40__fault,20.823047,1.4249667525291443,4.572563171386719,False,vehicle_attitude_setpoint.roll_body
transfer,reference,inav_local_z_freeze__2018-12-25__08_44_40__fault,21.623047,1.4249667525291443,4.572563171386719,False,vehicle_attitude_setpoint.roll_body
transfer,reference,inav_local_z_freeze__2018-12-25__08_44_40__fault,22.423046999999997,2.0594358444213867,4.572563171386719,False,vehicle_attitude_setpoint.pitch_body
transfer,reference,inav_local_z_freeze__2018-12-25__08_44_40__fault,23.223046999999998,2.220473289489746,4.572563171386719,False,vehicle_attitude_setpoint.pitch_body
transfer,reference,inav_local_z_freeze__2018-12-25__08_44_40__fault,24.023047,2.220473289489746,4.572563171386719,False,vehicle_attitude_setpoint.pitch_body
transfer,reference,inav_local_z_freeze__2018-12-25__08_44_40__fault,24.823047,2.220473289489746,4.572563171386719,False,vehicle_attitude_setpoint.pitch_body
transfer,reference,inav_local_z_freeze__2018-12-25__08_44_40__fault,25.623047,2.220473289489746,4.572563171386719,False,vehicle_attitude_setpoint.pitch_body
transfer,reference,inav_local_z_freeze__2018-12-25__08_44_40__fault,26.423046999999997,2.220473289489746,4.572563171386719,False,vehicle_attitude_setpoint.pitch_body
transfer,reference,inav_local_z_freeze__2018-12-25__08_44_40__fault,27.223046999999998,2.220473289489746,4.572563171386719,False,vehicle_attitude_setpoint.pitch_body
transfer,reference,inav_local_z_freeze__2018-12-25__08_44_40__fault,28.023047,2.939455509185791,4.572563171386719,False,vehicle_attitude_setpoint.pitch_body
transfer,reference,inav_local_z_freeze__2018-12-25__08_44_40__fault,28.823047,2.220473289489746,4.572563171386719,False,vehicle_attitude_setpoint.pitch_body
transfer,reference,inav_local_z_freeze__2018-12-25__08_44_40__fault,29.623047,2.220473289489746,4.572563171386719,False,vehicle_attitude_setpoint.pitch_body
transfer,reference,inav_local_z_freeze__2018-12-25__08_44_40__fault,30.423046999999997,2.220473289489746,4.572563171386719,False,vehicle_attitude_setpoint.pitch_body
transfer,reference,inav_local_z_freeze__2018-12-25__08_44_40__fault,31.223046999999998,2.449272871017456,4.572563171386719,False,vehicle_attitude_setpoint.pitch_body
transfer,reference,inav_local_z_freeze__2018-12-25__08_44_40__fault,32.023047,2.220473289489746,4.572563171386719,False,vehicle_attitude_setpoint.pitch_body
transfer,reference,inav_local_z_freeze__2018-12-25__08_44_40__fault,32.823046999999995,2.220473289489746,4.572563171386719,False,vehicle_attitude_setpoint.pitch_body
transfer,reference,inav_local_z_freeze__2018-12-25__08_44_40__fault,33.623047,2.220473289489746,4.572563171386719,False,vehicle_attitude_setpoint.pitch_body
transfer,reference,inav_local_z_freeze__2018-12-25__08_44_40__fault,34.423047,3.642890453338623,4.572563171386719,False,vehicle_attitude_setpoint.pitch_body
transfer,reference,inav_local_z_freeze__2018-12-25__08_44_40__fault,35.223047,3.8054800033569336,4.572563171386719,False,vehicle_attitude_setpoint.pitch_body
transfer,reference,inav_local_z_freeze__2018-12-25__08_44_40__fault,36.023047,4.346712827682495,4.572563171386719,False,vehicle_attitude_setpoint.pitch_body
transfer,reference,inav_local_z_freeze__2018-12-25__08_44_40__fault,36.823046999999995,4.584604501724243,4.572563171386719,True,vehicle_attitude_setpoint.pitch_body
transfer,reference,inav_local_z_freeze__2018-12-25__08_44_40__fault,37.623047,4.584604501724243,4.572563171386719,True,vehicle_attitude_setpoint.pitch_body
transfer,reference,inav_local_z_freeze__2018-12-25__08_44_40__fault,38.423047,4.795804023742676,4.572563171386719,True,vehicle_attitude_setpoint.pitch_body
transfer,reference,inav_local_z_freeze__2018-12-25__08_44_40__fault,39.223047,4.795804023742676,4.572563171386719,True,vehicle_attitude_setpoint.pitch_body
transfer,reference,inav_local_z_freeze__2018-12-25__08_44_40__fault,40.023047,3.8830944895744324,4.572563171386719,False,vehicle_attitude_setpoint.roll_body
transfer,reference,inav_local_z_freeze__2018-12-25__08_44_40__fault,40.823046999999995,4.763244092464447,4.572563171386719,True,vehicle_attitude_setpoint.roll_body
transfer,reference,inav_local_z_freeze__2018-12-25__08_44_40__fault,41.623047,3.318242132663727,4.572563171386719,False,vehicle_attitude_setpoint.roll_body
transfer,reference,inav_local_z_freeze__2018-12-25__08_44_40__fault,42.423047,3.649512231349945,4.572563171386719,False,vehicle_local_position.z
transfer,reference,inav_local_z_freeze__2018-12-25__08_44_40__fault,43.223047,3.868219256401062,4.572563171386719,False,vehicle_local_position.z
transfer,reference,inav_local_z_freeze__2018-12-25__08_44_40__fault,44.023047,3.914724588394165,4.572563171386719,False,vehicle_local_position.z
transfer,reference,inav_local_z_freeze__2018-12-25__08_44_40__fault,44.823046999999995,3.914724588394165,4.572563171386719,False,vehicle_local_position.z
transfer,reference,inav_local_z_freeze__2018-12-25__08_44_40__fault,45.623047,19.985737800598145,4.572563171386719,True,vehicle_local_position.z
transfer,reference,inav_local_z_freeze__2018-12-25__08_44_40__fault,46.423047,19.97977614402771,4.572563171386719,True,vehicle_local_position.z
transfer,reference,inav_local_z_freeze__2018-12-25__08_44_40__fault,47.223047,19.970978498458862,4.572563171386719,True,vehicle_local_position.z
transfer,reference,inav_local_z_freeze__2018-12-25__08_44_40__fault,48.023047,19.95229721069336,4.572563171386719,True,vehicle_local_position.z
transfer,reference,inav_local_z_freeze__2018-12-25__08_44_40__fault,48.823046999999995,19.89959478378296,4.572563171386719,True,vehicle_local_position.z
transfer,reference,inav_local_z_freeze__2018-12-25__08_44_40__fault,49.623047,19.778810739517212,4.572563171386719,True,vehicle_local_position.z
transfer,reference,inav_local_z_freeze__2018-12-25__08_44_40__fault,50.423047,19.778810739517212,4.572563171386719,True,vehicle_local_position.z
transfer,reference,inav_local_z_freeze__2018-12-25__08_44_40__fault,51.223047,19.778810739517212,4.572563171386719,True,vehicle_local_position.z
transfer,reference,inav_local_z_freeze__2018-12-25__08_44_40__fault,52.023047,19.859187602996826,4.572563171386719,True,vehicle_local_position.z
transfer,reference,inav_local_z_freeze__2018-12-25__08_44_40__fault,52.823046999999995,19.93056058883667,4.572563171386719,True,vehicle_local_position.z
transfer,reference,inav_local_z_freeze__2018-12-25__08_44_40__fault,53.623047,19.953362941741943,4.572563171386719,True,vehicle_local_position.z
transfer,reference,inav_local_z_freeze__2018-12-25__08_44_40__fault,54.423047,19.972370862960815,4.572563171386719,True,vehicle_local_position.z
transfer,reference,inav_local_z_freeze__2018-12-25__08_44_40__fault,55.223047,19.980989694595337,4.572563171386719,True,vehicle_local_position.z
transfer,reference,inav_local_z_freeze__2018-12-25__08_44_40__fault,56.023047,19.985119104385376,4.572563171386719,True,vehicle_local_position.z
transfer,reference,inav_local_z_freeze__2018-12-25__08_44_40__fault,56.823046999999995,19.98870015144348,4.572563171386719,True,vehicle_local_position.z
transfer,reference,inav_local_z_freeze__2018-12-25__08_44_40__fault,57.623047,19.99021291732788,4.572563171386719,True,vehicle_local_position.z
transfer,reference,inav_local_z_freeze__2018-12-25__08_44_40__fault,58.423047,19.98920202255249,4.572563171386719,True,vehicle_local_position.z
transfer,reference,inav_local_z_freeze__2018-12-25__08_44_40__fault,59.223047,19.98920202255249,4.572563171386719,True,vehicle_local_position.z
transfer,reference,inav_local_z_freeze__2018-12-25__08_44_40__fault,60.023047,19.987125396728516,4.572563171386719,True,vehicle_local_position.z
transfer,reference,inav_local_z_freeze__2018-12-25__08_44_40__fault,60.823046999999995,19.98679518699646,4.572563171386719,True,vehicle_local_position.z
transfer,reference,inav_local_z_freeze__2018-12-25__08_44_40__fault,61.623047,19.98679518699646,4.572563171386719,True,vehicle_local_position.z
transfer,reference,inav_local_z_freeze__2018-12-25__08_44_40__fault,62.423047,19.98679518699646,4.572563171386719,True,vehicle_local_position.z
transfer,reference,inav_local_z_freeze__2018-12-25__08_44_40__fault,63.223047,19.98705744743347,4.572563171386719,True,vehicle_local_position.z
transfer,reference,inav_local_z_freeze__2018-12-25__08_44_40__fault,64.023047,19.987159967422485,4.572563171386719,True,vehicle_local_position.z
transfer,reference,inav_local_z_freeze__2018-12-25__08_44_40__fault,64.823047,19.986597299575806,4.572563171386719,True,vehicle_local_position.z
transfer,reference,inav_local_z_freeze__2018-12-25__08_44_40__fault,65.623047,19.985337257385254,4.572563171386719,True,vehicle_local_position.z
transfer,reference,inav_local_z_freeze__2018-12-25__08_44_40__fault,66.42304700000001,19.98095154762268,4.572563171386719,True,vehicle_local_position.z
transfer,reference,inav_local_z_freeze__2018-12-25__08_44_40__fault,67.22304700000001,19.978724718093872,4.572563171386719,True,vehicle_local_position.z
transfer,reference,inav_local_z_freeze__2018-12-25__08_44_40__fault,68.023047,19.974976778030396,4.572563171386719,True,vehicle_local_position.z
transfer,reference,inav_local_z_freeze__2018-12-25__08_44_40__fault,68.823047,19.966540336608887,4.572563171386719,True,vehicle_local_position.z
transfer,reference,inav_local_z_freeze__2018-12-25__08_44_40__fault,69.623047,19.953104257583618,4.572563171386719,True,vehicle_local_position.z
transfer,reference,inav_local_z_freeze__2018-12-25__08_44_40__fault,70.42304700000001,19.9262273311615,4.572563171386719,True,vehicle_local_position.z
transfer,reference,inav_local_z_freeze__2018-12-25__08_44_40__fault,71.22304700000001,19.85426664352417,4.572563171386719,True,vehicle_local_position.z
transfer,reference,inav_local_z_freeze__2018-12-25__08_44_40__fault,72.023047,19.67289447784424,4.572563171386719,True,vehicle_local_position.z
transfer,reference,inav_local_z_freeze__2018-12-25__08_44_40__fault,72.823047,19.232163429260254,4.572563171386719,True,vehicle_local_position.z
transfer,reference,inav_local_z_freeze__2018-12-25__08_44_40__fault,73.623047,19.216368198394775,4.572563171386719,True,vehicle_local_position.z
transfer,reference,inav_local_z_freeze__2018-12-25__08_44_40__fault,74.42304700000001,19.216368198394775,4.572563171386719,True,vehicle_local_position.z
transfer,reference,inav_local_z_freeze__2018-12-25__08_44_40__fault,75.22304700000001,19.216368198394775,4.572563171386719,True,vehicle_local_position.z
transfer,reference,inav_local_z_freeze__2018-12-25__08_44_40__fault,76.023047,19.731086492538452,4.572563171386719,True,vehicle_local_position.z
transfer,reference,inav_local_z_freeze__2018-12-25__08_44_40__fault,76.823047,19.894450902938843,4.572563171386719,True,vehicle_local_position.z
transfer,reference,inav_local_z_freeze__2018-12-25__08_44_40__fault,77.623047,19.961721897125244,4.572563171386719,True,vehicle_local_position.z
transfer,reference,inav_local_z_freeze__2018-12-25__08_44_40__fault,78.42304700000001,19.974180459976196,4.572563171386719,True,vehicle_local_position.z
transfer,reference,inav_local_z_freeze__2018-12-25__08_44_40__fault,79.22304700000001,19.982872009277344,4.572563171386719,True,vehicle_local_position.z
transfer,reference,inav_local_z_freeze__2018-12-25__08_44_40__fault,80.023047,19.98618483543396,4.572563171386719,True,vehicle_local_position.z
transfer,reference,inav_local_z_freeze__2018-12-25__08_44_40__fault,80.823047,19.986480474472046,4.572563171386719,True,vehicle_local_position.z
transfer,reference,inav_local_z_freeze__2018-12-25__08_44_40__fault,81.623047,19.987330436706543,4.572563171386719,True,vehicle_local_position.z
transfer,reference,inav_local_z_freeze__2018-12-25__08_44_40__fault,82.42304700000001,19.987481832504272,4.572563171386719,True,vehicle_local_position.z
transfer,reference,inav_local_z_freeze__2018-12-25__08_44_40__fault,83.22304700000001,19.986708164215088,4.572563171386719,True,vehicle_local_position.z
transfer,reference,inav_local_z_freeze__2018-12-25__08_44_40__fault,84.023047,19.985220432281494,4.572563171386719,True,vehicle_local_position.z
transfer,reference,inav_local_z_freeze__2018-12-25__08_44_40__fault,84.823047,19.985220432281494,4.572563171386719,True,vehicle_local_position.z
transfer,reference,inav_local_z_freeze__2018-12-25__08_44_40__fault,85.623047,19.985220432281494,4.572563171386719,True,vehicle_local_position.z
transfer,reference,inav_local_z_freeze__2018-12-25__08_44_40__fault,86.42304700000001,19.98540163040161,4.572563171386719,True,vehicle_local_position.z
transfer,reference,inav_local_z_freeze__2018-12-25__08_44_40__fault,87.22304700000001,19.98828411102295,4.572563171386719,True,vehicle_local_position.z
transfer,reference,inav_local_z_freeze__2018-12-25__08_44_40__fault,88.023047,19.989233016967773,4.572563171386719,True,vehicle_local_position.z
transfer,reference,inav_local_z_freeze__2018-12-25__08_44_40__fault,88.823047,19.990692138671875,4.572563171386719,True,vehicle_local_position.z
transfer,reference,inav_local_z_freeze__2018-12-25__08_44_40__fault,89.623047,19.991387128829956,4.572563171386719,True,vehicle_local_position.z
transfer,reference,inav_local_z_freeze__2018-12-25__08_44_40__fault,90.42304700000001,19.991145133972168,4.572563171386719,True,vehicle_local_position.z
transfer,reference,inav_local_z_freeze__2018-12-25__08_44_40__fault,91.22304700000001,19.990776777267456,4.572563171386719,True,vehicle_local_position.z
transfer,reference,inav_local_z_freeze__2018-12-25__08_44_40__fault,92.023047,19.989725351333618,4.572563171386719,True,vehicle_local_position.z
transfer,reference,inav_local_z_freeze__2018-12-25__08_44_40__fault,92.823047,19.988280534744263,4.572563171386719,True,vehicle_local_position.z
transfer,reference,inav_local_z_freeze__2018-12-25__08_44_40__fault,93.623047,19.986207485198975,4.572563171386719,True,vehicle_local_position.z
transfer,reference,inav_local_z_freeze__2018-12-25__08_44_40__fault,94.42304700000001,19.980626106262207,4.572563171386719,True,vehicle_local_position.z
transfer,reference,inav_local_z_freeze__2018-12-25__08_44_40__fault,95.22304700000001,19.972457885742188,4.572563171386719,True,vehicle_local_position.z
transfer,reference,inav_local_z_freeze__2018-12-25__08_44_40__fault,96.023047,19.963618516921997,4.572563171386719,True,vehicle_local_position.z
transfer,reference,inav_local_z_freeze__2018-12-25__08_44_40__fault,96.823047,19.92673397064209,4.572563171386719,True,vehicle_local_position.z
transfer,reference,inav_local_z_freeze__2018-12-25__08_44_40__fault,97.623047,19.865914583206177,4.572563171386719,True,vehicle_local_position.z
transfer,reference,inav_local_z_freeze__2018-12-25__08_44_40__fault,98.42304700000001,19.823153018951416,4.572563171386719,True,vehicle_local_position.z
transfer,reference,inav_local_z_freeze__2018-12-25__08_44_40__fault,99.22304700000001,19.823153018951416,4.572563171386719,True,vehicle_local_position.z
transfer,reference,inav_local_z_freeze__2018-12-25__08_44_40__fault,100.023047,19.823153018951416,4.572563171386719,True,vehicle_local_position.z
transfer,reference,inav_local_z_freeze__2018-12-25__08_44_40__fault,100.823047,19.93627905845642,4.572563171386719,True,vehicle_local_position.z
transfer,reference,inav_local_z_freeze__2018-12-25__08_44_40__fault,101.623047,19.961918592453003,4.572563171386719,True,vehicle_local_position.z
transfer,reference,inav_local_z_freeze__2018-12-25__08_44_40__fault,102.42304700000001,19.97185468673706,4.572563171386719,True,vehicle_local_position.z
transfer,reference,inav_local_z_freeze__2018-12-25__08_44_40__fault,103.22304700000001,19.979690313339233,4.572563171386719,True,vehicle_local_position.z
transfer,reference,inav_local_z_freeze__2018-12-25__08_44_40__fault,104.023047,19.984244108200073,4.572563171386719,True,vehicle_local_position.z
transfer,reference,inav_local_z_freeze__2018-12-25__08_44_40__fault,104.823047,19.987621307373047,4.572563171386719,True,vehicle_local_position.z
transfer,reference,inav_local_z_freeze__2018-12-25__08_44_40__fault,105.623047,19.98944401741028,4.572563171386719,True,vehicle_local_position.z
transfer,reference,inav_local_z_freeze__2018-12-25__08_44_40__fault,106.42304700000001,19.990711212158203,4.572563171386719,True,vehicle_local_position.z
transfer,reference,inav_local_z_freeze__2018-12-25__08_44_40__fault,107.22304700000001,19.990839958190918,4.572563171386719,True,vehicle_local_position.z
transfer,reference,inav_local_z_freeze__2018-12-25__08_44_40__fault,108.023047,19.991564750671387,4.572563171386719,True,vehicle_local_position.z
transfer,reference,inav_local_z_freeze__2018-12-25__08_44_40__fault,108.823047,19.991564750671387,4.572563171386719,True,vehicle_local_position.z
transfer,reference,inav_local_z_freeze__2018-12-25__08_44_40__fault,109.623047,19.991533756256104,4.572563171386719,True,vehicle_local_position.z
transfer,reference,inav_local_z_freeze__2018-12-25__08_44_40__fault,110.42304700000001,19.991456270217896,4.572563171386719,True,vehicle_local_position.z
transfer,reference,inav_local_z_freeze__2018-12-25__08_44_40__fault,111.22304700000001,19.991129636764526,4.572563171386719,True,vehicle_local_position.z
transfer,reference,inav_local_z_freeze__2018-12-25__08_44_40__fault,112.023047,19.99024748802185,4.572563171386719,True,vehicle_local_position.z
transfer,reference,inav_local_z_freeze__2018-12-25__08_44_40__fault,112.823047,19.989129304885864,4.572563171386719,True,vehicle_local_position.z
transfer,reference,inav_local_z_freeze__2018-12-25__08_44_40__fault,113.623047,19.98667597770691,4.572563171386719,True,vehicle_local_position.z
transfer,reference,inav_local_z_freeze__2018-12-25__08_44_40__fault,114.42304700000001,19.978233575820923,4.572563171386719,True,vehicle_local_position.z
transfer,reference,inav_local_z_freeze__2018-12-25__08_44_40__fault,115.22304700000001,19.971542358398438,4.572563171386719,True,vehicle_local_position.z
transfer,reference,inav_local_z_freeze__2018-12-25__08_44_40__fault,116.023047,19.971542358398438,4.572563171386719,True,vehicle_local_position.z
transfer,reference,inav_local_z_freeze__2018-12-25__08_44_40__fault,116.823047,19.970076084136963,4.572563171386719,True,vehicle_local_position.z
transfer,reference,inav_local_z_freeze__2018-12-25__08_44_40__fault,117.623047,19.96463656425476,4.572563171386719,True,vehicle_local_position.z
transfer,reference,inav_local_z_freeze__2018-12-25__08_44_40__fault,118.42304700000001,19.962844848632812,4.572563171386719,True,vehicle_local_position.z
transfer,reference,inav_local_z_freeze__2018-12-25__08_44_40__fault,119.22304700000001,19.945755004882812,4.572563171386719,True,vehicle_local_position.z
transfer,reference,inav_local_z_freeze__2018-12-25__08_44_40__fault,120.023047,19.927449226379395,4.572563171386719,True,vehicle_local_position.z
transfer,reference,inav_local_z_freeze__2018-12-25__08_44_40__fault,120.823047,19.905649423599243,4.572563171386719,True,vehicle_local_position.z
transfer,reference,inav_local_z_freeze__2018-12-25__08_44_40__fault,121.623047,19.897735118865967,4.572563171386719,True,vehicle_local_position.z
transfer,reference,inav_local_z_freeze__2018-12-25__08_44_40__fault,122.42304700000001,19.876214265823364,4.572563171386719,True,vehicle_local_position.z
transfer,reference,inav_local_z_freeze__2018-12-25__08_44_40__fault,123.22304700000001,19.83768939971924,4.572563171386719,True,vehicle_local_position.z
transfer,reference,inav_local_z_freeze__2018-12-25__08_44_40__fault,124.023047,19.83768939971924,4.572563171386719,True,vehicle_local_position.z
transfer,reference,inav_local_z_freeze__2018-12-25__08_44_40__fault,124.823047,19.83768939971924,4.572563171386719,True,vehicle_local_position.z
transfer,reference,inav_local_z_freeze__2018-12-25__08_44_40__fault,125.623047,19.838696718215942,4.572563171386719,True,vehicle_local_position.z
transfer,reference,inav_local_z_freeze__2018-12-25__08_44_40__fault,126.42304700000001,19.923254251480103,4.572563171386719,True,vehicle_local_position.z
transfer,reference,inav_local_z_freeze__2018-12-25__08_44_40__fault,127.22304700000001,19.973825216293335,4.572563171386719,True,vehicle_local_position.z
transfer,reference,inav_local_z_freeze__2018-12-25__08_44_40__fault,128.023047,19.973825216293335,4.572563171386719,True,vehicle_local_position.z
transfer,reference,inav_local_z_freeze__2018-12-25__08_44_40__fault,128.823047,19.977504014968872,4.572563171386719,True,vehicle_local_position.z
transfer,reference,inav_local_z_freeze__2018-12-25__08_44_40__fault,129.62304699999999,19.980530738830566,4.572563171386719,True,vehicle_local_position.z
transfer,reference,inav_local_z_freeze__2018-12-25__08_44_40__fault,130.423047,19.981884956359863,4.572563171386719,True,vehicle_local_position.z
transfer,reference,inav_local_z_freeze__2018-12-25__08_44_40__fault,131.22304699999998,19.981454610824585,4.572563171386719,True,vehicle_local_position.z
transfer,reference,inav_local_z_freeze__2018-12-25__08_44_40__fault,132.023047,19.97949242591858,4.572563171386719,True,vehicle_local_position.z
transfer,reference,inav_local_z_freeze__2018-12-25__08_44_40__fault,132.823047,19.977478981018066,4.572563171386719,True,vehicle_local_position.z
transfer,reference,inav_local_z_freeze__2018-12-25__08_44_40__fault,133.62304699999999,19.970697164535522,4.572563171386719,True,vehicle_local_position.z
transfer,reference,inav_local_z_freeze__2018-12-25__08_44_40__fault,134.423047,19.970697164535522,4.572563171386719,True,vehicle_local_position.z
transfer,reference,inav_local_z_freeze__2018-12-25__08_44_40__fault,135.22304699999998,19.970697164535522,4.572563171386719,True,vehicle_local_position.z
transfer,reference,inav_local_z_freeze__2018-12-25__08_44_40__fault,136.023047,20.714499950408936,4.572563171386719,True,vehicle_local_position.z
transfer,reference,inav_local_z_freeze__2018-12-25__08_44_40__fault,136.823047,25.51443338394165,4.572563171386719,True,vehicle_local_position.z
transfer,reference,inav_local_z_freeze__2018-12-25__08_44_40__fault,137.62304699999999,29.18227195739746,4.572563171386719,True,vehicle_local_position.z
transfer,reference,inav_local_z_freeze__2018-12-25__08_44_40__fault,138.423047,31.62653923034668,4.572563171386719,True,vehicle_local_position.z
transfer,reference,inav_local_z_freeze__2018-12-25__08_44_40__fault,139.22304699999998,32.10817575454712,4.572563171386719,True,vehicle_local_position.z
transfer,reference,inav_local_z_freeze__2018-12-25__08_44_40__fault,140.023047,32.10817575454712,4.572563171386719,True,vehicle_local_position.z
transfer,reference,inav_local_z_freeze__2018-12-25__08_44_40__fault,140.823047,32.10817575454712,4.572563171386719,True,vehicle_local_position.z
transfer,reference,land_detector_state_inversion__2018-12-19__07_49_17__fault,9.626123,0.0,4.572563171386719,False,actuator_controls_0.control[0]
transfer,reference,land_detector_state_inversion__2018-12-19__07_49_17__fault,10.426123,0.0,4.572563171386719,False,actuator_controls_0.control[0]
transfer,reference,land_detector_state_inversion__2018-12-19__07_49_17__fault,11.226123,0.0,4.572563171386719,False,actuator_controls_0.control[0]
transfer,reference,land_detector_state_inversion__2018-12-19__07_49_17__fault,12.026123,0.0,4.572563171386719,False,actuator_controls_0.control[0]
transfer,reference,land_detector_state_inversion__2018-12-19__07_49_17__fault,12.826123,3.2935190200805664,4.572563171386719,False,vehicle_attitude_setpoint.pitch_body
transfer,reference,land_detector_state_inversion__2018-12-19__07_49_17__fault,13.626123,3.2935190200805664,4.572563171386719,False,vehicle_attitude_setpoint.pitch_body
transfer,reference,land_detector_state_inversion__2018-12-19__07_49_17__fault,14.426123,3.2935190200805664,4.572563171386719,False,vehicle_attitude_setpoint.pitch_body
transfer,reference,land_detector_state_inversion__2018-12-19__07_49_17__fault,15.226123,3.2935190200805664,4.572563171386719,False,vehicle_attitude_setpoint.pitch_body
transfer,reference,land_detector_state_inversion__2018-12-19__07_49_17__fault,16.026123,3.2935190200805664,4.572563171386719,False,vehicle_attitude_setpoint.pitch_body
transfer,reference,land_detector_state_inversion__2018-12-19__07_49_17__fault,16.826123,3.2935190200805664,4.572563171386719,False,vehicle_attitude_setpoint.pitch_body
transfer,reference,land_detector_state_inversion__2018-12-19__07_49_17__fault,17.626123,3.2935190200805664,4.572563171386719,False,vehicle_attitude_setpoint.pitch_body
transfer,reference,land_detector_state_inversion__2018-12-19__07_49_17__fault,18.426122999999997,3.2935190200805664,4.572563171386719,False,vehicle_attitude_setpoint.pitch_body
transfer,reference,land_detector_state_inversion__2018-12-19__07_49_17__fault,19.226122999999998,3.2935190200805664,4.572563171386719,False,vehicle_attitude_setpoint.pitch_body
transfer,reference,land_detector_state_inversion__2018-12-19__07_49_17__fault,20.026123,3.2935190200805664,4.572563171386719,False,vehicle_attitude_setpoint.pitch_body
transfer,reference,land_detector_state_inversion__2018-12-19__07_49_17__fault,20.826123,3.2945728302001953,4.572563171386719,False,vehicle_attitude_setpoint.pitch_body
transfer,reference,land_detector_state_inversion__2018-12-19__07_49_17__fault,21.626123,3.2945728302001953,4.572563171386719,False,vehicle_attitude_setpoint.pitch_body
transfer,reference,land_detector_state_inversion__2018-12-19__07_49_17__fault,22.426122999999997,8.485031127929688,4.572563171386719,True,vehicle_attitude_setpoint.pitch_body
transfer,reference,land_detector_state_inversion__2018-12-19__07_49_17__fault,23.226122999999998,8.485031127929688,4.572563171386719,True,vehicle_attitude_setpoint.pitch_body
transfer,reference,land_detector_state_inversion__2018-12-19__07_49_17__fault,24.026123,8.485031127929688,4.572563171386719,True,vehicle_attitude_setpoint.pitch_body
transfer,reference,land_detector_state_inversion__2018-12-19__07_49_17__fault,24.826123,8.485031127929688,4.572563171386719,True,vehicle_attitude_setpoint.pitch_body
transfer,reference,land_detector_state_inversion__2018-12-19__07_49_17__fault,25.626123,8.485031127929688,4.572563171386719,True,vehicle_attitude_setpoint.pitch_body
transfer,reference,land_detector_state_inversion__2018-12-19__07_49_17__fault,26.426122999999997,8.485031127929688,4.572563171386719,True,vehicle_attitude_setpoint.pitch_body
transfer,reference,land_detector_state_inversion__2018-12-19__07_49_17__fault,27.226122999999998,8.485031127929688,4.572563171386719,True,vehicle_attitude_setpoint.pitch_body
transfer,reference,land_detector_state_inversion__2018-12-19__07_49_17__fault,28.026123,8.485031127929688,4.572563171386719,True,vehicle_attitude_setpoint.pitch_body
transfer,reference,land_detector_state_inversion__2018-12-19__07_49_17__fault,28.826123,0.5510616302490234,4.572563171386719,False,vehicle_attitude_setpoint.roll_body
transfer,reference,land_detector_state_inversion__2018-12-19__07_49_17__fault,29.626123,0.9346401691436768,4.572563171386719,False,vehicle_attitude_setpoint.roll_body
transfer,reference,land_detector_state_inversion__2018-12-19__07_49_17__fault,30.426122999999997,0.9882092475891113,4.572563171386719,False,vehicle_attitude_setpoint.roll_body
transfer,reference,land_detector_state_inversion__2018-12-19__07_49_17__fault,31.226122999999998,1.2774181365966797,4.572563171386719,False,vehicle_attitude_setpoint.roll_body
transfer,reference,land_detector_state_inversion__2018-12-19__07_49_17__fault,32.026123,1.2774181365966797,4.572563171386719,False,vehicle_attitude_setpoint.roll_body
transfer,reference,land_detector_state_inversion__2018-12-19__07_49_17__fault,32.826122999999995,1.2774181365966797,4.572563171386719,False,vehicle_attitude_setpoint.roll_body
transfer,reference,land_detector_state_inversion__2018-12-19__07_49_17__fault,33.626123,1.2774181365966797,4.572563171386719,False,vehicle_attitude_setpoint.roll_body
transfer,reference,land_detector_state_inversion__2018-12-19__07_49_17__fault,34.426123,1.2774181365966797,4.572563171386719,False,vehicle_attitude_setpoint.roll_body
transfer,reference,land_detector_state_inversion__2018-12-19__07_49_17__fault,35.226123,1.2774181365966797,4.572563171386719,False,vehicle_attitude_setpoint.roll_body
transfer,reference,land_detector_state_inversion__2018-12-19__07_49_17__fault,36.026123,1.2774181365966797,4.572563171386719,False,vehicle_attitude_setpoint.roll_body
transfer,reference,land_detector_state_inversion__2018-12-19__07_49_17__fault,36.826122999999995,1.2774181365966797,4.572563171386719,False,vehicle_attitude_setpoint.roll_body
transfer,reference,land_detector_state_inversion__2018-12-19__07_49_17__fault,37.626123,1.2774181365966797,4.572563171386719,False,vehicle_attitude_setpoint.roll_body
transfer,reference,land_detector_state_inversion__2018-12-19__07_49_17__fault,38.426123,1.2774181365966797,4.572563171386719,False,vehicle_attitude_setpoint.roll_body
transfer,reference,land_detector_state_inversion__2018-12-19__07_49_17__fault,39.226123,0.35988807678222656,4.572563171386719,False,vehicle_attitude_setpoint.pitch_body
transfer,reference,land_detector_state_inversion__2018-12-19__07_49_17__fault,40.026123,0.35988807678222656,4.572563171386719,False,vehicle_attitude_setpoint.pitch_body
transfer,reference,land_detector_state_inversion__2018-12-19__07_49_17__fault,40.826122999999995,0.35988807678222656,4.572563171386719,False,vehicle_attitude_setpoint.pitch_body
transfer,reference,land_detector_state_inversion__2018-12-19__07_49_17__fault,41.626123,171.76485061645508,4.572563171386719,True,vehicle_land_detected.landed
transfer,reference,land_detector_state_inversion__2018-12-19__07_49_17__fault,42.426123,171.76485061645508,4.572563171386719,True,vehicle_land_detected.landed
transfer,reference,land_detector_state_inversion__2018-12-19__07_49_17__fault,43.226123,171.76485061645508,4.572563171386719,True,vehicle_land_detected.landed
transfer,reference,land_detector_state_inversion__2018-12-19__07_49_17__fault,44.026123,171.76485061645508,4.572563171386719,True,vehicle_land_detected.landed
transfer,reference,land_detector_state_inversion__2018-12-19__07_49_17__fault,44.826122999999995,171.76485061645508,4.572563171386719,True,vehicle_land_detected.landed
transfer,reference,land_detector_state_inversion__2018-12-19__07_49_17__fault,45.626123,171.76485061645508,4.572563171386719,True,vehicle_land_detected.landed
transfer,reference,land_detector_state_inversion__2018-12-19__07_49_17__fault,46.426123,171.76485061645508,4.572563171386719,True,vehicle_land_detected.landed
transfer,reference,land_detector_state_inversion__2018-12-19__07_49_17__fault,47.226123,171.76485061645508,4.572563171386719,True,vehicle_land_detected.landed
transfer,reference,land_detector_state_inversion__2018-12-19__07_49_17__fault,48.026123,171.76485061645508,4.572563171386719,True,vehicle_land_detected.landed
transfer,reference,land_detector_state_inversion__2018-12-19__07_49_17__fault,48.826122999999995,171.76485061645508,4.572563171386719,True,vehicle_land_detected.landed
transfer,reference,land_detector_state_inversion__2018-12-19__07_49_17__fault,49.626123,171.76485061645508,4.572563171386719,True,vehicle_land_detected.landed
transfer,reference,land_detector_state_inversion__2018-12-19__07_49_17__fault,50.426123,171.76485061645508,4.572563171386719,True,vehicle_land_detected.landed
transfer,reference,land_detector_state_inversion__2018-12-19__07_49_17__fault,51.226123,171.76485061645508,4.572563171386719,True,vehicle_land_detected.landed
transfer,reference,land_detector_state_inversion__2018-12-19__07_49_17__fault,52.026123,171.76485061645508,4.572563171386719,True,vehicle_land_detected.landed
transfer,reference,land_detector_state_inversion__2018-12-19__07_49_17__fault,52.826122999999995,171.76485061645508,4.572563171386719,True,vehicle_land_detected.landed
transfer,reference,land_detector_state_inversion__2018-12-19__07_49_17__fault,53.626123,171.76485061645508,4.572563171386719,True,vehicle_land_detected.landed
transfer,reference,land_detector_state_inversion__2018-12-19__07_49_17__fault,54.426123,171.76485061645508,4.572563171386719,True,vehicle_land_detected.landed
transfer,reference,land_detector_state_inversion__2018-12-19__07_49_17__fault,55.226123,171.76485061645508,4.572563171386719,True,vehicle_land_detected.landed
transfer,reference,land_detector_state_inversion__2018-12-19__07_49_17__fault,56.026123,171.76485061645508,4.572563171386719,True,vehicle_land_detected.landed
transfer,reference,land_detector_state_inversion__2018-12-19__07_49_17__fault,56.826122999999995,171.76485061645508,4.572563171386719,True,vehicle_land_detected.landed
transfer,reference,land_detector_state_inversion__2018-12-19__07_49_17__fault,57.626123,171.76485061645508,4.572563171386719,True,vehicle_land_detected.landed
transfer,reference,land_detector_state_inversion__2018-12-19__07_49_17__fault,58.426123,171.76485061645508,4.572563171386719,True,vehicle_land_detected.landed
transfer,reference,land_detector_state_inversion__2018-12-19__07_49_17__fault,59.226123,171.76485061645508,4.572563171386719,True,vehicle_land_detected.landed
transfer,reference,land_detector_state_inversion__2018-12-19__07_49_17__fault,60.026123,171.76485061645508,4.572563171386719,True,vehicle_land_detected.landed
transfer,reference,land_detector_state_inversion__2018-12-19__07_49_17__fault,60.826122999999995,171.76485061645508,4.572563171386719,True,vehicle_land_detected.landed
transfer,reference,land_detector_state_inversion__2018-12-19__07_49_17__fault,61.626123,171.76485061645508,4.572563171386719,True,vehicle_land_detected.landed
transfer,reference,land_detector_state_inversion__2018-12-19__07_49_17__fault,62.426123,171.76485061645508,4.572563171386719,True,vehicle_land_detected.landed
transfer,reference,land_detector_state_inversion__2018-12-19__07_49_17__fault,63.226123,171.76485061645508,4.572563171386719,True,vehicle_land_detected.landed
transfer,reference,land_detector_state_inversion__2018-12-19__07_49_17__fault,64.026123,171.76485061645508,4.572563171386719,True,vehicle_land_detected.landed
transfer,reference,land_detector_state_inversion__2018-12-19__07_49_17__fault,64.826123,171.76485061645508,4.572563171386719,True,vehicle_land_detected.landed
transfer,reference,land_detector_state_inversion__2018-12-19__07_49_17__fault,65.62612299999999,171.76485061645508,4.572563171386719,True,vehicle_land_detected.landed
transfer,reference,land_detector_state_inversion__2018-12-19__07_49_17__fault,66.426123,171.76485061645508,4.572563171386719,True,vehicle_land_detected.landed
transfer,reference,land_detector_state_inversion__2018-12-19__07_49_17__fault,67.226123,171.76485061645508,4.572563171386719,True,vehicle_land_detected.landed
transfer,reference,land_detector_state_inversion__2018-12-19__07_49_17__fault,68.026123,171.76485061645508,4.572563171386719,True,vehicle_land_detected.landed
transfer,reference,land_detector_state_inversion__2018-12-19__07_49_17__fault,68.826123,171.76485061645508,4.572563171386719,True,vehicle_land_detected.landed
transfer,reference,land_detector_state_inversion__2018-12-19__07_49_17__fault,69.62612299999999,171.76485061645508,4.572563171386719,True,vehicle_land_detected.landed
transfer,reference,land_detector_state_inversion__2018-12-19__07_49_17__fault,70.426123,171.76485061645508,4.572563171386719,True,vehicle_land_detected.landed
transfer,reference,land_detector_state_inversion__2018-12-19__07_49_17__fault,71.226123,171.76485061645508,4.572563171386719,True,vehicle_land_detected.landed
transfer,reference,land_detector_state_inversion__2018-12-19__07_49_17__fault,72.026123,171.76485061645508,4.572563171386719,True,vehicle_land_detected.landed
transfer,reference,land_detector_state_inversion__2018-12-19__07_49_17__fault,72.826123,171.76485061645508,4.572563171386719,True,vehicle_land_detected.landed
transfer,reference,land_detector_state_inversion__2018-12-19__07_49_17__fault,73.62612299999999,171.76485061645508,4.572563171386719,True,vehicle_land_detected.landed
transfer,reference,land_detector_state_inversion__2018-12-19__07_49_17__fault,74.426123,171.76485061645508,4.572563171386719,True,vehicle_land_detected.landed
transfer,reference,land_detector_state_inversion__2018-12-19__07_49_17__fault,75.226123,171.76485061645508,4.572563171386719,True,vehicle_land_detected.landed
transfer,reference,land_detector_state_inversion__2018-12-19__07_49_17__fault,76.026123,171.76485061645508,4.572563171386719,True,vehicle_land_detected.landed
transfer,reference,land_detector_state_inversion__2018-12-19__07_49_17__fault,76.826123,171.76485061645508,4.572563171386719,True,vehicle_land_detected.landed
transfer,reference,land_detector_state_inversion__2018-12-19__07_49_17__fault,77.62612299999999,171.76485061645508,4.572563171386719,True,vehicle_land_detected.landed
transfer,reference,land_detector_state_inversion__2018-12-19__07_49_17__fault,78.426123,171.76485061645508,4.572563171386719,True,vehicle_land_detected.landed
transfer,reference,land_detector_state_inversion__2018-12-19__07_49_17__fault,79.226123,171.76485061645508,4.572563171386719,True,vehicle_land_detected.landed
transfer,reference,land_detector_state_inversion__2018-12-19__07_49_17__fault,80.026123,171.76485061645508,4.572563171386719,True,vehicle_land_detected.landed
transfer,reference,land_detector_state_inversion__2018-12-19__07_49_17__fault,80.826123,171.76485061645508,4.572563171386719,True,vehicle_land_detected.landed
transfer,reference,land_detector_state_inversion__2018-12-19__07_49_17__fault,81.62612299999999,171.76485061645508,4.572563171386719,True,vehicle_land_detected.landed
transfer,reference,land_detector_state_inversion__2018-12-19__07_49_17__fault,82.426123,171.76485061645508,4.572563171386719,True,vehicle_land_detected.landed
transfer,reference,land_detector_state_inversion__2018-12-19__07_49_17__fault,83.226123,171.76485061645508,4.572563171386719,True,vehicle_land_detected.landed
transfer,reference,land_detector_state_inversion__2018-12-19__07_49_17__fault,84.026123,171.76485061645508,4.572563171386719,True,vehicle_land_detected.landed
transfer,reference,land_detector_state_inversion__2018-12-19__07_49_17__fault,84.826123,171.76485061645508,4.572563171386719,True,vehicle_land_detected.landed
transfer,reference,land_detector_state_inversion__2018-12-19__07_49_17__fault,85.62612299999999,171.76485061645508,4.572563171386719,True,vehicle_land_detected.landed
transfer,reference,land_detector_state_inversion__2018-12-19__07_49_17__fault,86.426123,171.76485061645508,4.572563171386719,True,vehicle_land_detected.landed
transfer,reference,land_detector_state_inversion__2018-12-20__07_47_50__fault,9.618300999999999,0.0,4.572563171386719,False,actuator_controls_0.control[0]
transfer,reference,land_detector_state_inversion__2018-12-20__07_47_50__fault,10.418301,0.0,4.572563171386719,False,actuator_controls_0.control[0]
transfer,reference,land_detector_state_inversion__2018-12-20__07_47_50__fault,11.218300999999999,0.0,4.572563171386719,False,actuator_controls_0.control[0]
transfer,reference,land_detector_state_inversion__2018-12-20__07_47_50__fault,12.018301,0.0,4.572563171386719,False,actuator_controls_0.control[0]
transfer,reference,land_detector_state_inversion__2018-12-20__07_47_50__fault,12.818301,0.0,4.572563171386719,False,actuator_controls_0.control[0]
transfer,reference,land_detector_state_inversion__2018-12-20__07_47_50__fault,13.618300999999999,0.0,4.572563171386719,False,actuator_controls_0.control[0]
transfer,reference,land_detector_state_inversion__2018-12-20__07_47_50__fault,14.418301,0.0,4.572563171386719,False,actuator_controls_0.control[0]
transfer,reference,land_detector_state_inversion__2018-12-20__07_47_50__fault,15.218300999999999,0.0,4.572563171386719,False,actuator_controls_0.control[0]
transfer,reference,land_detector_state_inversion__2018-12-20__07_47_50__fault,16.018301,0.0,4.572563171386719,False,actuator_controls_0.control[0]
transfer,reference,land_detector_state_inversion__2018-12-20__07_47_50__fault,16.818301,0.0,4.572563171386719,False,actuator_controls_0.control[0]
transfer,reference,land_detector_state_inversion__2018-12-20__07_47_50__fault,17.618301000000002,0.0,4.572563171386719,False,actuator_controls_0.control[0]
transfer,reference,land_detector_state_inversion__2018-12-20__07_47_50__fault,18.418301,0.0,4.572563171386719,False,actuator_controls_0.control[0]
transfer,reference,land_detector_state_inversion__2018-12-20__07_47_50__fault,19.218301,0.0,4.572563171386719,False,actuator_controls_0.control[0]
transfer,reference,land_detector_state_inversion__2018-12-20__07_47_50__fault,20.018301,0.0,4.572563171386719,False,actuator_controls_0.control[0]
transfer,reference,land_detector_state_inversion__2018-12-20__07_47_50__fault,20.818301,0.0,4.572563171386719,False,actuator_controls_0.control[0]
transfer,reference,land_detector_state_inversion__2018-12-20__07_47_50__fault,21.618301000000002,0.0,4.572563171386719,False,actuator_controls_0.control[0]
transfer,reference,land_detector_state_inversion__2018-12-20__07_47_50__fault,22.418301,0.0,4.572563171386719,False,actuator_controls_0.control[0]
transfer,reference,land_detector_state_inversion__2018-12-20__07_47_50__fault,23.218301,0.0,4.572563171386719,False,actuator_controls_0.control[0]
transfer,reference,land_detector_state_inversion__2018-12-20__07_47_50__fault,24.018301,0.0,4.572563171386719,False,actuator_controls_0.control[0]
transfer,reference,land_detector_state_inversion__2018-12-20__07_47_50__fault,24.818301,0.0,4.572563171386719,False,actuator_controls_0.control[0]
transfer,reference,land_detector_state_inversion__2018-12-20__07_47_50__fault,25.618301000000002,0.0,4.572563171386719,False,actuator_controls_0.control[0]
transfer,reference,land_detector_state_inversion__2018-12-20__07_47_50__fault,26.418301,0.0,4.572563171386719,False,actuator_controls_0.control[0]
transfer,reference,land_detector_state_inversion__2018-12-20__07_47_50__fault,27.218301,0.0,4.572563171386719,False,actuator_controls_0.control[0]
transfer,reference,land_detector_state_inversion__2018-12-20__07_47_50__fault,28.018301,0.0,4.572563171386719,False,actuator_controls_0.control[0]
transfer,reference,land_detector_state_inversion__2018-12-20__07_47_50__fault,28.818301,0.0,4.572563171386719,False,actuator_controls_0.control[0]
transfer,reference,land_detector_state_inversion__2018-12-20__07_47_50__fault,29.618301000000002,0.0,4.572563171386719,False,actuator_controls_0.control[0]
transfer,reference,land_detector_state_inversion__2018-12-20__07_47_50__fault,30.418301,0.0,4.572563171386719,False,actuator_controls_0.control[0]
transfer,reference,land_detector_state_inversion__2018-12-20__07_47_50__fault,31.218301,0.0,4.572563171386719,False,actuator_controls_0.control[0]
transfer,reference,land_detector_state_inversion__2018-12-20__07_47_50__fault,32.018301,0.0,4.572563171386719,False,actuator_controls_0.control[0]
transfer,reference,land_detector_state_inversion__2018-12-20__07_47_50__fault,32.818301,0.0,4.572563171386719,False,actuator_controls_0.control[0]
transfer,reference,land_detector_state_inversion__2018-12-20__07_47_50__fault,33.618301,0.0,4.572563171386719,False,actuator_controls_0.control[0]
transfer,reference,land_detector_state_inversion__2018-12-20__07_47_50__fault,34.418301,0.0,4.572563171386719,False,actuator_controls_0.control[0]
transfer,reference,land_detector_state_inversion__2018-12-20__07_47_50__fault,35.218301000000004,0.0,4.572563171386719,False,actuator_controls_0.control[0]
transfer,reference,land_detector_state_inversion__2018-12-20__07_47_50__fault,36.018301,0.0,4.572563171386719,False,actuator_controls_0.control[0]
transfer,reference,land_detector_state_inversion__2018-12-20__07_47_50__fault,36.818301,0.0,4.572563171386719,False,actuator_controls_0.control[0]
transfer,reference,land_detector_state_inversion__2018-12-20__07_47_50__fault,37.618301,0.0,4.572563171386719,False,actuator_controls_0.control[0]
transfer,reference,land_detector_state_inversion__2018-12-20__07_47_50__fault,38.418301,0.0,4.572563171386719,False,actuator_controls_0.control[0]
transfer,reference,land_detector_state_inversion__2018-12-20__07_47_50__fault,39.218301000000004,0.0,4.572563171386719,False,actuator_controls_0.control[0]
transfer,reference,land_detector_state_inversion__2018-12-20__07_47_50__fault,40.018301,0.0,4.572563171386719,False,actuator_controls_0.control[0]
transfer,reference,land_detector_state_inversion__2018-12-20__07_47_50__fault,40.818301,0.0,4.572563171386719,False,actuator_controls_0.control[0]
transfer,reference,land_detector_state_inversion__2018-12-20__07_47_50__fault,41.618301,171.76485061645508,4.572563171386719,True,vehicle_land_detected.landed
transfer,reference,land_detector_state_inversion__2018-12-20__07_47_50__fault,42.418301,171.76485061645508,4.572563171386719,True,vehicle_land_detected.landed
transfer,reference,land_detector_state_inversion__2018-12-20__07_47_50__fault,43.218301000000004,171.76485061645508,4.572563171386719,True,vehicle_land_detected.landed
transfer,reference,land_detector_state_inversion__2018-12-20__07_47_50__fault,44.018301,171.76485061645508,4.572563171386719,True,vehicle_land_detected.landed
transfer,reference,land_detector_state_inversion__2018-12-20__07_47_50__fault,44.818301,171.76485061645508,4.572563171386719,True,vehicle_land_detected.landed
transfer,reference,land_detector_state_inversion__2018-12-20__07_47_50__fault,45.618301,171.76485061645508,4.572563171386719,True,vehicle_land_detected.landed
transfer,reference,land_detector_state_inversion__2018-12-20__07_47_50__fault,46.418301,171.76485061645508,4.572563171386719,True,vehicle_land_detected.landed
transfer,reference,land_detector_state_inversion__2018-12-20__07_47_50__fault,47.218301000000004,171.76485061645508,4.572563171386719,True,vehicle_land_detected.landed
transfer,reference,land_detector_state_inversion__2018-12-20__07_47_50__fault,48.018301,171.76485061645508,4.572563171386719,True,vehicle_land_detected.landed
transfer,reference,land_detector_state_inversion__2018-12-20__07_47_50__fault,48.818301,171.76485061645508,4.572563171386719,True,vehicle_land_detected.landed
transfer,reference,land_detector_state_inversion__2018-12-20__07_47_50__fault,49.618301,171.76485061645508,4.572563171386719,True,vehicle_land_detected.landed
transfer,reference,land_detector_state_inversion__2018-12-20__07_47_50__fault,50.418301,171.76485061645508,4.572563171386719,True,vehicle_land_detected.landed
transfer,reference,land_detector_state_inversion__2018-12-20__07_47_50__fault,51.218301000000004,171.76485061645508,4.572563171386719,True,vehicle_land_detected.landed
transfer,reference,land_detector_state_inversion__2018-12-20__07_47_50__fault,52.018301,171.76485061645508,4.572563171386719,True,vehicle_land_detected.landed
transfer,reference,land_detector_state_inversion__2018-12-20__07_47_50__fault,52.818301,171.76485061645508,4.572563171386719,True,vehicle_land_detected.landed
transfer,reference,land_detector_state_inversion__2018-12-20__07_47_50__fault,53.618301,171.76485061645508,4.572563171386719,True,vehicle_land_detected.landed
transfer,reference,land_detector_state_inversion__2018-12-20__07_47_50__fault,54.418301,171.76485061645508,4.572563171386719,True,vehicle_land_detected.landed
transfer,reference,land_detector_state_inversion__2018-12-20__07_47_50__fault,55.218301000000004,171.76485061645508,4.572563171386719,True,vehicle_land_detected.landed
transfer,reference,land_detector_state_inversion__2018-12-20__07_47_50__fault,56.018301,171.76485061645508,4.572563171386719,True,vehicle_land_detected.landed
transfer,reference,land_detector_state_inversion__2018-12-20__07_47_50__fault,56.818301,171.76485061645508,4.572563171386719,True,vehicle_land_detected.landed
transfer,reference,land_detector_state_inversion__2018-12-20__07_47_50__fault,57.618301,171.76485061645508,4.572563171386719,True,vehicle_land_detected.landed
transfer,reference,land_detector_state_inversion__2018-12-20__07_47_50__fault,58.418301,171.76485061645508,4.572563171386719,True,vehicle_land_detected.landed
transfer,reference,land_detector_state_inversion__2018-12-20__07_47_50__fault,59.218301000000004,171.76485061645508,4.572563171386719,True,vehicle_land_detected.landed
transfer,reference,land_detector_state_inversion__2018-12-20__07_47_50__fault,60.018301,171.76485061645508,4.572563171386719,True,vehicle_land_detected.landed
transfer,reference,land_detector_state_inversion__2018-12-20__07_47_50__fault,60.818301,171.76485061645508,4.572563171386719,True,vehicle_land_detected.landed
transfer,reference,land_detector_state_inversion__2018-12-20__07_47_50__fault,61.618301,171.76485061645508,4.572563171386719,True,vehicle_land_detected.landed
transfer,reference,land_detector_state_inversion__2018-12-20__07_47_50__fault,62.418301,171.76485061645508,4.572563171386719,True,vehicle_land_detected.landed
transfer,reference,land_detector_state_inversion__2018-12-20__07_47_50__fault,63.218301000000004,171.76485061645508,4.572563171386719,True,vehicle_land_detected.landed
transfer,reference,land_detector_state_inversion__2018-12-20__07_47_50__fault,64.018301,171.76485061645508,4.572563171386719,True,vehicle_land_detected.landed
transfer,reference,land_detector_state_inversion__2018-12-20__07_47_50__fault,64.81830099999999,171.76485061645508,4.572563171386719,True,vehicle_land_detected.landed
transfer,reference,land_detector_state_inversion__2018-12-20__07_47_50__fault,65.61830099999999,171.76485061645508,4.572563171386719,True,vehicle_land_detected.landed
transfer,reference,land_detector_state_inversion__2018-12-20__07_47_50__fault,66.418301,171.76485061645508,4.572563171386719,True,vehicle_land_detected.landed
transfer,reference,land_detector_state_inversion__2018-12-20__07_47_50__fault,67.218301,171.76485061645508,4.572563171386719,True,vehicle_land_detected.landed
transfer,reference,land_detector_state_inversion__2018-12-20__07_47_50__fault,68.018301,171.76485061645508,4.572563171386719,True,vehicle_land_detected.landed
transfer,reference,land_detector_state_inversion__2018-12-20__07_47_50__fault,68.81830099999999,171.76485061645508,4.572563171386719,True,vehicle_land_detected.landed
transfer,reference,land_detector_state_inversion__2018-12-20__07_47_50__fault,69.61830099999999,171.76485061645508,4.572563171386719,True,vehicle_land_detected.landed
transfer,reference,land_detector_state_inversion__2018-12-20__07_47_50__fault,70.418301,171.76485061645508,4.572563171386719,True,vehicle_land_detected.landed
transfer,reference,land_detector_state_inversion__2018-12-20__07_47_50__fault,71.218301,171.76485061645508,4.572563171386719,True,vehicle_land_detected.landed
transfer,reference,land_detector_state_inversion__2018-12-20__07_47_50__fault,72.018301,171.76485061645508,4.572563171386719,True,vehicle_land_detected.landed
transfer,reference,land_detector_state_inversion__2018-12-20__07_47_50__fault,72.81830099999999,171.76485061645508,4.572563171386719,True,vehicle_land_detected.landed
transfer,reference,land_detector_state_inversion__2018-12-20__07_47_50__fault,73.61830099999999,171.76485061645508,4.572563171386719,True,vehicle_land_detected.landed
transfer,reference,land_detector_state_inversion__2018-12-20__07_47_50__fault,74.418301,171.76485061645508,4.572563171386719,True,vehicle_land_detected.landed
transfer,reference,land_detector_state_inversion__2018-12-20__07_47_50__fault,75.218301,171.76485061645508,4.572563171386719,True,vehicle_land_detected.landed
transfer,reference,land_detector_state_inversion__2018-12-20__07_47_50__fault,76.018301,171.76485061645508,4.572563171386719,True,vehicle_land_detected.landed
transfer,reference,land_detector_state_inversion__2018-12-20__07_47_50__fault,76.81830099999999,171.76485061645508,4.572563171386719,True,vehicle_land_detected.landed
transfer,reference,land_detector_state_inversion__2018-12-20__07_47_50__fault,77.61830099999999,171.76485061645508,4.572563171386719,True,vehicle_land_detected.landed
transfer,reference,land_detector_state_inversion__2018-12-20__07_47_50__fault,78.418301,171.76485061645508,4.572563171386719,True,vehicle_land_detected.landed
transfer,reference,land_detector_state_inversion__2018-12-20__07_47_50__fault,79.218301,171.76485061645508,4.572563171386719,True,vehicle_land_detected.landed
transfer,reference,land_detector_state_inversion__2018-12-20__07_47_50__fault,80.018301,171.76485061645508,4.572563171386719,True,vehicle_land_detected.landed
transfer,reference,land_detector_state_inversion__2018-12-20__07_47_50__fault,80.81830099999999,171.76485061645508,4.572563171386719,True,vehicle_land_detected.landed
transfer,reference,land_detector_state_inversion__2018-12-20__07_47_50__fault,81.61830099999999,171.76485061645508,4.572563171386719,True,vehicle_land_detected.landed
transfer,reference,land_detector_state_inversion__2018-12-20__07_47_50__fault,82.418301,171.76485061645508,4.572563171386719,True,vehicle_land_detected.landed
transfer,reference,land_detector_state_inversion__2018-12-20__07_47_50__fault,83.218301,171.76485061645508,4.572563171386719,True,vehicle_land_detected.landed
transfer,reference,land_detector_state_inversion__2018-12-20__07_47_50__fault,84.018301,171.76485061645508,4.572563171386719,True,vehicle_land_detected.landed
transfer,reference,land_detector_state_inversion__2018-12-20__07_47_50__fault,84.81830099999999,171.76485061645508,4.572563171386719,True,vehicle_land_detected.landed
transfer,reference,land_detector_state_inversion__2018-12-20__07_47_50__fault,85.61830099999999,171.76485061645508,4.572563171386719,True,vehicle_land_detected.landed
transfer,reference,land_detector_state_inversion__2018-12-20__07_47_50__fault,86.418301,171.76485061645508,4.572563171386719,True,vehicle_land_detected.landed
transfer,reference,land_detector_state_inversion__2018-12-20__07_47_50__fault,87.218301,171.76485061645508,4.572563171386719,True,vehicle_land_detected.landed
transfer,reference,land_detector_state_inversion__2018-12-20__07_47_50__fault,88.018301,171.76485061645508,4.572563171386719,True,vehicle_land_detected.landed
transfer,reference,land_detector_state_inversion__2018-12-20__07_47_50__fault,88.81830099999999,171.76485061645508,4.572563171386719,True,vehicle_land_detected.landed
transfer,reference,land_detector_state_inversion__2018-12-20__07_47_50__fault,89.61830099999999,171.76485061645508,4.572563171386719,True,vehicle_land_detected.landed
transfer,reference,land_detector_state_inversion__2018-12-20__07_47_50__fault,90.418301,171.76485061645508,4.572563171386719,True,vehicle_land_detected.landed
transfer,reference,land_detector_state_inversion__2018-12-20__07_47_50__fault,91.218301,171.76485061645508,4.572563171386719,True,vehicle_land_detected.landed
transfer,reference,land_detector_state_inversion__2018-12-20__07_47_50__fault,92.018301,171.76485061645508,4.572563171386719,True,vehicle_land_detected.landed
transfer,reference,land_detector_state_inversion__2018-12-20__07_47_50__fault,92.81830099999999,171.76485061645508,4.572563171386719,True,vehicle_land_detected.landed
transfer,reference,land_detector_state_inversion__2018-12-20__07_47_50__fault,93.61830099999999,171.76485061645508,4.572563171386719,True,vehicle_land_detected.landed
transfer,reference,land_detector_state_inversion__2018-12-20__07_47_50__fault,94.418301,171.76485061645508,4.572563171386719,True,vehicle_land_detected.landed
transfer,reference,land_detector_state_inversion__2018-12-20__07_47_50__fault,95.218301,171.76485061645508,4.572563171386719,True,vehicle_land_detected.landed
transfer,reference,land_detector_state_inversion__2018-12-20__07_47_50__fault,96.018301,171.76485061645508,4.572563171386719,True,vehicle_land_detected.landed
transfer,reference,land_detector_state_inversion__2018-12-20__07_47_50__fault,96.81830099999999,171.76485061645508,4.572563171386719,True,vehicle_land_detected.landed
transfer,reference,land_detector_state_inversion__2018-12-20__07_47_50__fault,97.61830099999999,171.76485061645508,4.572563171386719,True,vehicle_land_detected.landed
transfer,reference,land_detector_state_inversion__2018-12-20__07_47_50__fault,98.418301,171.76485061645508,4.572563171386719,True,vehicle_land_detected.landed
transfer,reference,land_detector_state_inversion__2018-12-20__07_47_50__fault,99.218301,171.76485061645508,4.572563171386719,True,vehicle_land_detected.landed
transfer,reference,land_detector_state_inversion__2018-12-20__07_47_50__fault,100.018301,171.76485061645508,4.572563171386719,True,vehicle_land_detected.landed
transfer,reference,land_detector_state_inversion__2018-12-20__07_47_50__fault,100.81830099999999,171.76485061645508,4.572563171386719,True,vehicle_land_detected.landed
transfer,reference,land_detector_state_inversion__2018-12-20__07_47_50__fault,101.61830099999999,171.76485061645508,4.572563171386719,True,vehicle_land_detected.landed
transfer,reference,land_detector_state_inversion__2018-12-20__07_47_50__fault,102.418301,171.76485061645508,4.572563171386719,True,vehicle_land_detected.landed
transfer,reference,land_detector_state_inversion__2018-12-20__07_47_50__fault,103.218301,171.76485061645508,4.572563171386719,True,vehicle_land_detected.landed
transfer,reference,land_detector_state_inversion__2018-12-20__07_47_50__fault,104.018301,171.76485061645508,4.572563171386719,True,vehicle_land_detected.landed
transfer,reference,land_detector_state_inversion__2018-12-20__07_47_50__fault,104.81830099999999,171.76485061645508,4.572563171386719,True,vehicle_land_detected.landed
transfer,reference,land_detector_state_inversion__2018-12-20__07_47_50__fault,105.61830099999999,171.76485061645508,4.572563171386719,True,vehicle_land_detected.landed
transfer,reference,land_detector_state_inversion__2018-12-20__07_47_50__fault,106.418301,171.76485061645508,4.572563171386719,True,vehicle_land_detected.landed
transfer,reference,land_detector_state_inversion__2018-12-20__07_47_50__fault,107.218301,171.76485061645508,4.572563171386719,True,vehicle_land_detected.landed
transfer,reference,land_detector_state_inversion__2018-12-20__07_47_50__fault,108.018301,171.76485061645508,4.572563171386719,True,vehicle_land_detected.landed
transfer,reference,land_detector_state_inversion__2018-12-20__07_47_50__fault,108.81830099999999,171.76485061645508,4.572563171386719,True,vehicle_land_detected.landed
transfer,reference,land_detector_state_inversion__2018-12-20__07_47_50__fault,109.61830099999999,171.76485061645508,4.572563171386719,True,vehicle_land_detected.landed
transfer,reference,land_detector_state_inversion__2018-12-20__07_47_50__fault,110.418301,171.76485061645508,4.572563171386719,True,vehicle_land_detected.landed
transfer,reference,land_detector_state_inversion__2018-12-20__07_47_50__fault,111.218301,171.76485061645508,4.572563171386719,True,vehicle_land_detected.landed
transfer,reference,land_detector_state_inversion__2018-12-20__07_47_50__fault,112.018301,171.76485061645508,4.572563171386719,True,vehicle_land_detected.landed
transfer,reference,land_detector_state_inversion__2018-12-20__07_47_50__fault,112.81830099999999,171.76485061645508,4.572563171386719,True,vehicle_land_detected.landed
transfer,reference,land_detector_state_inversion__2018-12-20__07_47_50__fault,113.61830099999999,171.76485061645508,4.572563171386719,True,vehicle_land_detected.landed
transfer,reference,land_detector_state_inversion__2018-12-20__07_47_50__fault,114.418301,171.76485061645508,4.572563171386719,True,vehicle_land_detected.landed
transfer,reference,land_detector_state_inversion__2018-12-20__07_47_50__fault,115.218301,171.76485061645508,4.572563171386719,True,vehicle_land_detected.landed
transfer,reference,land_detector_state_inversion__2018-12-20__07_47_50__fault,116.018301,171.76485061645508,4.572563171386719,True,vehicle_land_detected.landed
transfer,reference,land_detector_state_inversion__2018-12-20__07_47_50__fault,116.81830099999999,171.76485061645508,4.572563171386719,True,vehicle_land_detected.landed
transfer,reference,land_detector_state_inversion__2018-12-20__07_47_50__fault,117.61830099999999,171.76485061645508,4.572563171386719,True,vehicle_land_detected.landed
transfer,reference,land_detector_state_inversion__2018-12-20__07_47_50__fault,118.418301,171.76485061645508,4.572563171386719,True,vehicle_land_detected.landed
transfer,reference,land_detector_state_inversion__2018-12-20__07_47_50__fault,119.218301,171.76485061645508,4.572563171386719,True,vehicle_land_detected.landed
transfer,reference,land_detector_state_inversion__2018-12-20__07_47_50__fault,120.018301,171.76485061645508,4.572563171386719,True,vehicle_land_detected.landed
transfer,reference,land_detector_state_inversion__2018-12-20__07_47_50__fault,120.81830099999999,171.76485061645508,4.572563171386719,True,vehicle_land_detected.landed
transfer,reference,land_detector_state_inversion__2018-12-20__07_47_50__fault,121.61830099999999,171.76485061645508,4.572563171386719,True,vehicle_land_detected.landed
transfer,reference,land_detector_state_inversion__2018-12-25__08_44_40__fault,9.624175,0.0,4.572563171386719,False,actuator_controls_0.control[0]
transfer,reference,land_detector_state_inversion__2018-12-25__08_44_40__fault,10.424175,0.0,4.572563171386719,False,actuator_controls_0.control[0]
transfer,reference,land_detector_state_inversion__2018-12-25__08_44_40__fault,11.224174999999999,0.0,4.572563171386719,False,actuator_controls_0.control[0]
transfer,reference,land_detector_state_inversion__2018-12-25__08_44_40__fault,12.024175,0.0,4.572563171386719,False,actuator_controls_0.control[0]
transfer,reference,land_detector_state_inversion__2018-12-25__08_44_40__fault,12.824175,0.0,4.572563171386719,False,actuator_controls_0.control[0]
transfer,reference,land_detector_state_inversion__2018-12-25__08_44_40__fault,13.624175,0.0,4.572563171386719,False,actuator_controls_0.control[0]
transfer,reference,land_detector_state_inversion__2018-12-25__08_44_40__fault,14.424175,3.7325358390808105,4.572563171386719,False,vehicle_attitude_setpoint.pitch_body
transfer,reference,land_detector_state_inversion__2018-12-25__08_44_40__fault,15.224174999999999,1.1558923125267029,4.572563171386719,False,vehicle_attitude_setpoint.roll_body
transfer,reference,land_detector_state_inversion__2018-12-25__08_44_40__fault,16.024175,1.1558923125267029,4.572563171386719,False,vehicle_attitude_setpoint.roll_body
transfer,reference,land_detector_state_inversion__2018-12-25__08_44_40__fault,16.824175,1.1558923125267029,4.572563171386719,False,vehicle_attitude_setpoint.roll_body
transfer,reference,land_detector_state_inversion__2018-12-25__08_44_40__fault,17.624175,1.32293701171875,4.572563171386719,False,vehicle_attitude_setpoint.pitch_body
transfer,reference,land_detector_state_inversion__2018-12-25__08_44_40__fault,18.424174999999998,1.32293701171875,4.572563171386719,False,vehicle_attitude_setpoint.pitch_body
transfer,reference,land_detector_state_inversion__2018-12-25__08_44_40__fault,19.224175,1.32293701171875,4.572563171386719,False,vehicle_attitude_setpoint.pitch_body
transfer,reference,land_detector_state_inversion__2018-12-25__08_44_40__fault,20.024175,1.32293701171875,4.572563171386719,False,vehicle_attitude_setpoint.pitch_body
transfer,reference,land_detector_state_inversion__2018-12-25__08_44_40__fault,20.824175,1.32293701171875,4.572563171386719,False,vehicle_attitude_setpoint.pitch_body
transfer,reference,land_detector_state_inversion__2018-12-25__08_44_40__fault,21.624175,1.32293701171875,4.572563171386719,False,vehicle_attitude_setpoint.pitch_body
transfer,reference,land_detector_state_inversion__2018-12-25__08_44_40__fault,22.424174999999998,1.9270551204681396,4.572563171386719,False,vehicle_attitude_setpoint.pitch_body
transfer,reference,land_detector_state_inversion__2018-12-25__08_44_40__fault,23.224175,4.528266191482544,4.572563171386719,False,vehicle_attitude_setpoint.pitch_body
transfer,reference,land_detector_state_inversion__2018-12-25__08_44_40__fault,24.024175,4.528266191482544,4.572563171386719,False,vehicle_attitude_setpoint.pitch_body
transfer,reference,land_detector_state_inversion__2018-12-25__08_44_40__fault,24.824175,4.528266191482544,4.572563171386719,False,vehicle_attitude_setpoint.pitch_body
transfer,reference,land_detector_state_inversion__2018-12-25__08_44_40__fault,25.624175,4.528266191482544,4.572563171386719,False,vehicle_attitude_setpoint.pitch_body
transfer,reference,land_detector_state_inversion__2018-12-25__08_44_40__fault,26.424174999999998,4.528266191482544,4.572563171386719,False,vehicle_attitude_setpoint.pitch_body
transfer,reference,land_detector_state_inversion__2018-12-25__08_44_40__fault,27.224175,4.528266191482544,4.572563171386719,False,vehicle_attitude_setpoint.pitch_body
transfer,reference,land_detector_state_inversion__2018-12-25__08_44_40__fault,28.024175,4.528266191482544,4.572563171386719,False,vehicle_attitude_setpoint.pitch_body
transfer,reference,land_detector_state_inversion__2018-12-25__08_44_40__fault,28.824175,4.528266191482544,4.572563171386719,False,vehicle_attitude_setpoint.pitch_body
transfer,reference,land_detector_state_inversion__2018-12-25__08_44_40__fault,29.624175,4.528266191482544,4.572563171386719,False,vehicle_attitude_setpoint.pitch_body
transfer,reference,land_detector_state_inversion__2018-12-25__08_44_40__fault,30.424174999999998,4.528266191482544,4.572563171386719,False,vehicle_attitude_setpoint.pitch_body
transfer,reference,land_detector_state_inversion__2018-12-25__08_44_40__fault,31.224175,4.528266191482544,4.572563171386719,False,vehicle_attitude_setpoint.pitch_body
transfer,reference,land_detector_state_inversion__2018-12-25__08_44_40__fault,32.024175,4.528266191482544,4.572563171386719,False,vehicle_attitude_setpoint.pitch_body
transfer,reference,land_detector_state_inversion__2018-12-25__08_44_40__fault,32.824175,3.0632859468460083,4.572563171386719,False,vehicle_attitude_setpoint.pitch_body
transfer,reference,land_detector_state_inversion__2018-12-25__08_44_40__fault,33.624175,3.0632859468460083,4.572563171386719,False,vehicle_attitude_setpoint.pitch_body
transfer,reference,land_detector_state_inversion__2018-12-25__08_44_40__fault,34.424175,3.0632859468460083,4.572563171386719,False,vehicle_attitude_setpoint.pitch_body
transfer,reference,land_detector_state_inversion__2018-12-25__08_44_40__fault,35.224175,3.5676658153533936,4.572563171386719,False,vehicle_attitude_setpoint.pitch_body
transfer,reference,land_detector_state_inversion__2018-12-25__08_44_40__fault,36.024175,3.5676658153533936,4.572563171386719,False,vehicle_attitude_setpoint.pitch_body
transfer,reference,land_detector_state_inversion__2018-12-25__08_44_40__fault,36.824175,2.372899651527405,4.572563171386719,False,vehicle_attitude_setpoint.roll_body
transfer,reference,land_detector_state_inversion__2018-12-25__08_44_40__fault,37.624175,2.372899651527405,4.572563171386719,False,vehicle_attitude_setpoint.roll_body
transfer,reference,land_detector_state_inversion__2018-12-25__08_44_40__fault,38.424175,2.5102925300598145,4.572563171386719,False,vehicle_attitude_setpoint.roll_body
transfer,reference,land_detector_state_inversion__2018-12-25__08_44_40__fault,39.224175,2.846848964691162,4.572563171386719,False,vehicle_attitude_setpoint.pitch_body
transfer,reference,land_detector_state_inversion__2018-12-25__08_44_40__fault,40.024175,2.813241481781006,4.572563171386719,False,vehicle_attitude_setpoint.pitch_body
transfer,reference,land_detector_state_inversion__2018-12-25__08_44_40__fault,40.824175,2.3991823196411133,4.572563171386719,False,vehicle_attitude_setpoint.roll_body
transfer,reference,land_detector_state_inversion__2018-12-25__08_44_40__fault,41.624175,171.76485061645508,4.572563171386719,True,vehicle_land_detected.landed
transfer,reference,land_detector_state_inversion__2018-12-25__08_44_40__fault,42.424175,171.76485061645508,4.572563171386719,True,vehicle_land_detected.landed
transfer,reference,land_detector_state_inversion__2018-12-25__08_44_40__fault,43.224175,171.76485061645508,4.572563171386719,True,vehicle_land_detected.landed
transfer,reference,land_detector_state_inversion__2018-12-25__08_44_40__fault,44.024175,171.76485061645508,4.572563171386719,True,vehicle_land_detected.landed
transfer,reference,land_detector_state_inversion__2018-12-25__08_44_40__fault,44.824175,171.76485061645508,4.572563171386719,True,vehicle_land_detected.landed
transfer,reference,land_detector_state_inversion__2018-12-25__08_44_40__fault,45.624175,171.76485061645508,4.572563171386719,True,vehicle_land_detected.landed
transfer,reference,land_detector_state_inversion__2018-12-25__08_44_40__fault,46.424175,171.76485061645508,4.572563171386719,True,vehicle_land_detected.landed
transfer,reference,land_detector_state_inversion__2018-12-25__08_44_40__fault,47.224175,171.76485061645508,4.572563171386719,True,vehicle_land_detected.landed
transfer,reference,land_detector_state_inversion__2018-12-25__08_44_40__fault,48.024175,171.76485061645508,4.572563171386719,True,vehicle_land_detected.landed
transfer,reference,land_detector_state_inversion__2018-12-25__08_44_40__fault,48.824175,171.76485061645508,4.572563171386719,True,vehicle_land_detected.landed
transfer,reference,land_detector_state_inversion__2018-12-25__08_44_40__fault,49.624175,171.76485061645508,4.572563171386719,True,vehicle_land_detected.landed
transfer,reference,land_detector_state_inversion__2018-12-25__08_44_40__fault,50.424175,171.76485061645508,4.572563171386719,True,vehicle_land_detected.landed
transfer,reference,land_detector_state_inversion__2018-12-25__08_44_40__fault,51.224175,171.76485061645508,4.572563171386719,True,vehicle_land_detected.landed
transfer,reference,land_detector_state_inversion__2018-12-25__08_44_40__fault,52.024175,171.76485061645508,4.572563171386719,True,vehicle_land_detected.landed
transfer,reference,land_detector_state_inversion__2018-12-25__08_44_40__fault,52.824175,171.76485061645508,4.572563171386719,True,vehicle_land_detected.landed
transfer,reference,land_detector_state_inversion__2018-12-25__08_44_40__fault,53.624175,171.76485061645508,4.572563171386719,True,vehicle_land_detected.landed
transfer,reference,land_detector_state_inversion__2018-12-25__08_44_40__fault,54.424175,171.76485061645508,4.572563171386719,True,vehicle_land_detected.landed
transfer,reference,land_detector_state_inversion__2018-12-25__08_44_40__fault,55.224175,171.76485061645508,4.572563171386719,True,vehicle_land_detected.landed
transfer,reference,land_detector_state_inversion__2018-12-25__08_44_40__fault,56.024175,171.76485061645508,4.572563171386719,True,vehicle_land_detected.landed
transfer,reference,land_detector_state_inversion__2018-12-25__08_44_40__fault,56.824175,171.76485061645508,4.572563171386719,True,vehicle_land_detected.landed
transfer,reference,land_detector_state_inversion__2018-12-25__08_44_40__fault,57.624175,171.76485061645508,4.572563171386719,True,vehicle_land_detected.landed
transfer,reference,land_detector_state_inversion__2018-12-25__08_44_40__fault,58.424175,171.76485061645508,4.572563171386719,True,vehicle_land_detected.landed
transfer,reference,land_detector_state_inversion__2018-12-25__08_44_40__fault,59.224175,171.76485061645508,4.572563171386719,True,vehicle_land_detected.landed
transfer,reference,land_detector_state_inversion__2018-12-25__08_44_40__fault,60.024175,171.76485061645508,4.572563171386719,True,vehicle_land_detected.landed
transfer,reference,land_detector_state_inversion__2018-12-25__08_44_40__fault,60.824175,171.76485061645508,4.572563171386719,True,vehicle_land_detected.landed
transfer,reference,land_detector_state_inversion__2018-12-25__08_44_40__fault,61.624175,171.76485061645508,4.572563171386719,True,vehicle_land_detected.landed
transfer,reference,land_detector_state_inversion__2018-12-25__08_44_40__fault,62.424175,171.76485061645508,4.572563171386719,True,vehicle_land_detected.landed
transfer,reference,land_detector_state_inversion__2018-12-25__08_44_40__fault,63.224175,171.76485061645508,4.572563171386719,True,vehicle_land_detected.landed
transfer,reference,land_detector_state_inversion__2018-12-25__08_44_40__fault,64.024175,171.76485061645508,4.572563171386719,True,vehicle_land_detected.landed
transfer,reference,land_detector_state_inversion__2018-12-25__08_44_40__fault,64.824175,171.76485061645508,4.572563171386719,True,vehicle_land_detected.landed
transfer,reference,land_detector_state_inversion__2018-12-25__08_44_40__fault,65.624175,171.76485061645508,4.572563171386719,True,vehicle_land_detected.landed
transfer,reference,land_detector_state_inversion__2018-12-25__08_44_40__fault,66.424175,171.76485061645508,4.572563171386719,True,vehicle_land_detected.landed
transfer,reference,land_detector_state_inversion__2018-12-25__08_44_40__fault,67.224175,171.76485061645508,4.572563171386719,True,vehicle_land_detected.landed
transfer,reference,land_detector_state_inversion__2018-12-25__08_44_40__fault,68.024175,171.76485061645508,4.572563171386719,True,vehicle_land_detected.landed
transfer,reference,land_detector_state_inversion__2018-12-25__08_44_40__fault,68.824175,171.76485061645508,4.572563171386719,True,vehicle_land_detected.landed
transfer,reference,land_detector_state_inversion__2018-12-25__08_44_40__fault,69.624175,171.76485061645508,4.572563171386719,True,vehicle_land_detected.landed
transfer,reference,land_detector_state_inversion__2018-12-25__08_44_40__fault,70.424175,171.76485061645508,4.572563171386719,True,vehicle_land_detected.landed
transfer,reference,land_detector_state_inversion__2018-12-25__08_44_40__fault,71.224175,171.76485061645508,4.572563171386719,True,vehicle_land_detected.landed
transfer,reference,land_detector_state_inversion__2018-12-25__08_44_40__fault,72.024175,171.76485061645508,4.572563171386719,True,vehicle_land_detected.landed
transfer,reference,land_detector_state_inversion__2018-12-25__08_44_40__fault,72.824175,171.76485061645508,4.572563171386719,True,vehicle_land_detected.landed
transfer,reference,land_detector_state_inversion__2018-12-25__08_44_40__fault,73.624175,171.76485061645508,4.572563171386719,True,vehicle_land_detected.landed
transfer,reference,land_detector_state_inversion__2018-12-25__08_44_40__fault,74.424175,171.76485061645508,4.572563171386719,True,vehicle_land_detected.landed
transfer,reference,land_detector_state_inversion__2018-12-25__08_44_40__fault,75.224175,171.76485061645508,4.572563171386719,True,vehicle_land_detected.landed
transfer,reference,land_detector_state_inversion__2018-12-25__08_44_40__fault,76.024175,171.76485061645508,4.572563171386719,True,vehicle_land_detected.landed
transfer,reference,land_detector_state_inversion__2018-12-25__08_44_40__fault,76.824175,171.76485061645508,4.572563171386719,True,vehicle_land_detected.landed
transfer,reference,land_detector_state_inversion__2018-12-25__08_44_40__fault,77.624175,171.76485061645508,4.572563171386719,True,vehicle_land_detected.landed
transfer,reference,land_detector_state_inversion__2018-12-25__08_44_40__fault,78.424175,171.76485061645508,4.572563171386719,True,vehicle_land_detected.landed
transfer,reference,land_detector_state_inversion__2018-12-25__08_44_40__fault,79.224175,171.76485061645508,4.572563171386719,True,vehicle_land_detected.landed
transfer,reference,land_detector_state_inversion__2018-12-25__08_44_40__fault,80.024175,171.76485061645508,4.572563171386719,True,vehicle_land_detected.landed
transfer,reference,land_detector_state_inversion__2018-12-25__08_44_40__fault,80.824175,171.76485061645508,4.572563171386719,True,vehicle_land_detected.landed
transfer,reference,land_detector_state_inversion__2018-12-25__08_44_40__fault,81.624175,171.76485061645508,4.572563171386719,True,vehicle_land_detected.landed
transfer,reference,land_detector_state_inversion__2018-12-25__08_44_40__fault,82.424175,171.76485061645508,4.572563171386719,True,vehicle_land_detected.landed
transfer,reference,land_detector_state_inversion__2018-12-25__08_44_40__fault,83.224175,171.76485061645508,4.572563171386719,True,vehicle_land_detected.landed
transfer,reference,land_detector_state_inversion__2018-12-25__08_44_40__fault,84.024175,171.76485061645508,4.572563171386719,True,vehicle_land_detected.landed
transfer,reference,land_detector_state_inversion__2018-12-25__08_44_40__fault,84.824175,171.76485061645508,4.572563171386719,True,vehicle_land_detected.landed
transfer,reference,land_detector_state_inversion__2018-12-25__08_44_40__fault,85.624175,171.76485061645508,4.572563171386719,True,vehicle_land_detected.landed
transfer,reference,land_detector_state_inversion__2018-12-25__08_44_40__fault,86.424175,171.76485061645508,4.572563171386719,True,vehicle_land_detected.landed
transfer,reference,land_detector_state_inversion__2018-12-25__08_44_40__fault,87.224175,171.76485061645508,4.572563171386719,True,vehicle_land_detected.landed
transfer,reference,land_detector_state_inversion__2018-12-25__08_44_40__fault,88.024175,171.76485061645508,4.572563171386719,True,vehicle_land_detected.landed
transfer,reference,land_detector_state_inversion__2018-12-25__08_44_40__fault,88.824175,171.76485061645508,4.572563171386719,True,vehicle_land_detected.landed
transfer,reference,land_detector_state_inversion__2018-12-25__08_44_40__fault,89.624175,171.76485061645508,4.572563171386719,True,vehicle_land_detected.landed
transfer,reference,land_detector_state_inversion__2018-12-25__08_44_40__fault,90.424175,171.76485061645508,4.572563171386719,True,vehicle_land_detected.landed
transfer,reference,land_detector_state_inversion__2018-12-25__08_44_40__fault,91.224175,171.76485061645508,4.572563171386719,True,vehicle_land_detected.landed
transfer,reference,land_detector_state_inversion__2018-12-25__08_44_40__fault,92.024175,171.76485061645508,4.572563171386719,True,vehicle_land_detected.landed
transfer,reference,land_detector_state_inversion__2018-12-25__08_44_40__fault,92.824175,171.76485061645508,4.572563171386719,True,vehicle_land_detected.landed
transfer,reference,land_detector_state_inversion__2018-12-25__08_44_40__fault,93.624175,171.76485061645508,4.572563171386719,True,vehicle_land_detected.landed
transfer,reference,land_detector_state_inversion__2018-12-25__08_44_40__fault,94.424175,171.76485061645508,4.572563171386719,True,vehicle_land_detected.landed
transfer,reference,land_detector_state_inversion__2018-12-25__08_44_40__fault,95.224175,171.76485061645508,4.572563171386719,True,vehicle_land_detected.landed
transfer,reference,land_detector_state_inversion__2018-12-25__08_44_40__fault,96.024175,171.76485061645508,4.572563171386719,True,vehicle_land_detected.landed
transfer,reference,land_detector_state_inversion__2018-12-25__08_44_40__fault,96.824175,171.76485061645508,4.572563171386719,True,vehicle_land_detected.landed
transfer,reference,land_detector_state_inversion__2018-12-25__08_44_40__fault,97.624175,171.76485061645508,4.572563171386719,True,vehicle_land_detected.landed
transfer,reference,land_detector_state_inversion__2018-12-25__08_44_40__fault,98.424175,171.76485061645508,4.572563171386719,True,vehicle_land_detected.landed
transfer,reference,land_detector_state_inversion__2018-12-25__08_44_40__fault,99.224175,171.76485061645508,4.572563171386719,True,vehicle_land_detected.landed
transfer,reference,land_detector_state_inversion__2018-12-25__08_44_40__fault,100.024175,171.76485061645508,4.572563171386719,True,vehicle_land_detected.landed
transfer,reference,land_detector_state_inversion__2018-12-25__08_44_40__fault,100.824175,171.76485061645508,4.572563171386719,True,vehicle_land_detected.landed
transfer,reference,land_detector_state_inversion__2018-12-25__08_44_40__fault,101.624175,171.76485061645508,4.572563171386719,True,vehicle_land_detected.landed
transfer,reference,land_detector_state_inversion__2018-12-25__08_44_40__fault,102.424175,171.76485061645508,4.572563171386719,True,vehicle_land_detected.landed
transfer,reference,land_detector_state_inversion__2018-12-25__08_44_40__fault,103.224175,171.76485061645508,4.572563171386719,True,vehicle_land_detected.landed
transfer,reference,land_detector_state_inversion__2018-12-25__08_44_40__fault,104.024175,171.76485061645508,4.572563171386719,True,vehicle_land_detected.landed
transfer,reference,land_detector_state_inversion__2018-12-25__08_44_40__fault,104.824175,171.76485061645508,4.572563171386719,True,vehicle_land_detected.landed
transfer,reference,land_detector_state_inversion__2018-12-25__08_44_40__fault,105.624175,171.76485061645508,4.572563171386719,True,vehicle_land_detected.landed
transfer,reference,land_detector_state_inversion__2018-12-25__08_44_40__fault,106.424175,171.76485061645508,4.572563171386719,True,vehicle_land_detected.landed
transfer,reference,land_detector_state_inversion__2018-12-25__08_44_40__fault,107.224175,171.76485061645508,4.572563171386719,True,vehicle_land_detected.landed
transfer,reference,land_detector_state_inversion__2018-12-25__08_44_40__fault,108.024175,171.76485061645508,4.572563171386719,True,vehicle_land_detected.landed
transfer,reference,land_detector_state_inversion__2018-12-25__08_44_40__fault,108.824175,171.76485061645508,4.572563171386719,True,vehicle_land_detected.landed
transfer,reference,land_detector_state_inversion__2018-12-25__08_44_40__fault,109.624175,171.76485061645508,4.572563171386719,True,vehicle_land_detected.landed
transfer,reference,land_detector_state_inversion__2018-12-25__08_44_40__fault,110.424175,171.76485061645508,4.572563171386719,True,vehicle_land_detected.landed
transfer,reference,land_detector_state_inversion__2018-12-25__08_44_40__fault,111.224175,171.76485061645508,4.572563171386719,True,vehicle_land_detected.landed
transfer,reference,land_detector_state_inversion__2018-12-25__08_44_40__fault,112.024175,171.76485061645508,4.572563171386719,True,vehicle_land_detected.landed
transfer,reference,land_detector_state_inversion__2018-12-25__08_44_40__fault,112.824175,171.76485061645508,4.572563171386719,True,vehicle_land_detected.landed
transfer,reference,land_detector_state_inversion__2018-12-25__08_44_40__fault,113.624175,171.76485061645508,4.572563171386719,True,vehicle_land_detected.landed
transfer,reference,land_detector_state_inversion__2018-12-25__08_44_40__fault,114.424175,171.76485061645508,4.572563171386719,True,vehicle_land_detected.landed
transfer,reference,land_detector_state_inversion__2018-12-25__08_44_40__fault,115.224175,171.76485061645508,4.572563171386719,True,vehicle_land_detected.landed
transfer,reference,land_detector_state_inversion__2018-12-25__08_44_40__fault,116.024175,171.76485061645508,4.572563171386719,True,vehicle_land_detected.landed
transfer,reference,land_detector_state_inversion__2018-12-25__08_44_40__fault,116.824175,171.76485061645508,4.572563171386719,True,vehicle_land_detected.landed
transfer,reference,land_detector_state_inversion__2018-12-25__08_44_40__fault,117.624175,171.76485061645508,4.572563171386719,True,vehicle_land_detected.landed
transfer,reference,land_detector_state_inversion__2018-12-25__08_44_40__fault,118.424175,171.76485061645508,4.572563171386719,True,vehicle_land_detected.landed
transfer,reference,land_detector_state_inversion__2018-12-25__08_44_40__fault,119.224175,171.76485061645508,4.572563171386719,True,vehicle_land_detected.landed
transfer,reference,land_detector_state_inversion__2018-12-25__08_44_40__fault,120.024175,171.76485061645508,4.572563171386719,True,vehicle_land_detected.landed
transfer,reference,land_detector_state_inversion__2018-12-25__08_44_40__fault,120.824175,171.76485061645508,4.572563171386719,True,vehicle_land_detected.landed
transfer,reference,land_detector_state_inversion__2018-12-25__08_44_40__fault,121.624175,171.76485061645508,4.572563171386719,True,vehicle_land_detected.landed
transfer,reference,land_detector_state_inversion__2018-12-25__08_44_40__fault,122.424175,171.76485061645508,4.572563171386719,True,vehicle_land_detected.landed
transfer,reference,land_detector_state_inversion__2018-12-25__08_44_40__fault,123.224175,171.76485061645508,4.572563171386719,True,vehicle_land_detected.landed
transfer,reference,land_detector_state_inversion__2018-12-25__08_44_40__fault,124.024175,171.76485061645508,4.572563171386719,True,vehicle_land_detected.landed
transfer,reference,land_detector_state_inversion__2018-12-25__08_44_40__fault,124.824175,171.76485061645508,4.572563171386719,True,vehicle_land_detected.landed
transfer,reference,land_detector_state_inversion__2018-12-25__08_44_40__fault,125.624175,171.76485061645508,4.572563171386719,True,vehicle_land_detected.landed
transfer,reference,land_detector_state_inversion__2018-12-25__08_44_40__fault,126.424175,171.76485061645508,4.572563171386719,True,vehicle_land_detected.landed
transfer,reference,land_detector_state_inversion__2018-12-25__08_44_40__fault,127.224175,171.76485061645508,4.572563171386719,True,vehicle_land_detected.landed
transfer,reference,land_detector_state_inversion__2018-12-25__08_44_40__fault,128.024175,171.76485061645508,4.572563171386719,True,vehicle_land_detected.landed
transfer,reference,land_detector_state_inversion__2018-12-25__08_44_40__fault,128.82417500000003,171.76485061645508,4.572563171386719,True,vehicle_land_detected.landed
transfer,reference,land_detector_state_inversion__2018-12-25__08_44_40__fault,129.624175,171.76485061645508,4.572563171386719,True,vehicle_land_detected.landed
transfer,reference,land_detector_state_inversion__2018-12-25__08_44_40__fault,130.42417500000002,171.76485061645508,4.572563171386719,True,vehicle_land_detected.landed
transfer,reference,land_detector_state_inversion__2018-12-25__08_44_40__fault,131.224175,171.76485061645508,4.572563171386719,True,vehicle_land_detected.landed
transfer,reference,land_detector_state_inversion__2018-12-25__08_44_40__fault,132.024175,171.76485061645508,4.572563171386719,True,vehicle_land_detected.landed
transfer,reference,land_detector_state_inversion__2018-12-25__08_44_40__fault,132.82417500000003,171.76485061645508,4.572563171386719,True,vehicle_land_detected.landed
transfer,reference,land_detector_state_inversion__2018-12-25__08_44_40__fault,133.624175,171.76485061645508,4.572563171386719,True,vehicle_land_detected.landed
transfer,reference,land_detector_state_inversion__2018-12-25__08_44_40__fault,134.42417500000002,171.76485061645508,4.572563171386719,True,vehicle_land_detected.landed
transfer,reference,land_detector_state_inversion__2018-12-25__08_44_40__fault,135.224175,171.76485061645508,4.572563171386719,True,vehicle_land_detected.landed
transfer,reference,land_detector_state_inversion__2018-12-25__08_44_40__fault,136.024175,171.76485061645508,4.572563171386719,True,vehicle_land_detected.landed
transfer,reference,land_detector_state_inversion__2018-12-25__08_44_40__fault,136.82417500000003,171.76485061645508,4.572563171386719,True,vehicle_land_detected.landed
transfer,reference,land_detector_state_inversion__2018-12-25__08_44_40__fault,137.624175,171.76485061645508,4.572563171386719,True,vehicle_land_detected.landed
transfer,reference,land_detector_state_inversion__2018-12-25__08_44_40__fault,138.42417500000002,171.76485061645508,4.572563171386719,True,vehicle_land_detected.landed
transfer,reference,land_detector_state_inversion__2018-12-25__08_44_40__fault,139.224175,171.76485061645508,4.572563171386719,True,vehicle_land_detected.landed
transfer,reference,land_detector_state_inversion__2018-12-25__08_44_40__fault,140.024175,171.76485061645508,4.572563171386719,True,vehicle_land_detected.landed
transfer,reference,land_detector_state_inversion__2018-12-25__08_44_40__fault,140.82417500000003,171.76485061645508,4.572563171386719,True,vehicle_land_detected.landed
