pair_id,module,score,rank
normal:commander_nav_state_override__2019-01-18__08_39_38__baseline,src/drivers/batt_smbus,0.0,
normal:commander_nav_state_override__2019-01-18__08_39_38__baseline,src/drivers/blinkm,0.0,
normal:commander_nav_state_override__2019-01-18__08_39_38__baseline,src/drivers/camera_trigger,0.0,
normal:commander_nav_state_override__2019-01-18__08_39_38__baseline,src/drivers/distance_sensor,0.0,
normal:commander_nav_state_override__2019-01-18__08_39_38__baseline,src/drivers/linux_pwm_out,0.0,
normal:commander_nav_state_override__2019-01-18__08_39_38__baseline,src/drivers/mkblctrl,0.0,
normal:commander_nav_state_override__2019-01-18__08_39_38__baseline,src/drivers/pwm_out_sim,0.0,
normal:commander_nav_state_override__2019-01-18__08_39_38__baseline,src/drivers/px4flow,0.0,
normal:commander_nav_state_override__2019-01-18__08_39_38__baseline,src/drivers/px4fmu,0.0,
normal:commander_nav_state_override__2019-01-18__08_39_38__baseline,src/drivers/px4io,0.0,
normal:commander_nav_state_override__2019-01-18__08_39_38__baseline,src/drivers/snapdragon_pwm_out,0.0,
normal:commander_nav_state_override__2019-01-18__08_39_38__baseline,src/drivers/tap_esc,0.0,
normal:commander_nav_state_override__2019-01-18__08_39_38__baseline,src/drivers/telemetry,0.0,
normal:commander_nav_state_override__2019-01-18__08_39_38__baseline,src/drivers/vmount,0.0,
normal:commander_nav_state_override__2019-01-18__08_39_38__baseline,src/examples/fixedwing_control,0.0,
normal:commander_nav_state_override__2019-01-18__08_39_38__baseline,src/examples/hwtest,0.0,
normal:commander_nav_state_override__2019-01-18__08_39_38__baseline,src/examples/px4_simple_app,0.0,
normal:commander_nav_state_override__2019-01-18__08_39_38__baseline,src/examples/rover_steering_control,0.0,
normal:commander_nav_state_override__2019-01-18__08_39_38__baseline,src/examples/uuv_example_app,0.0,
normal:commander_nav_state_override__2019-01-18__08_39_38__baseline,src/modules/attitude_estimator_q,0.0,
normal:commander_nav_state_override__2019-01-18__08_39_38__baseline,src/modules/camera_feedback,0.0,
normal:commander_nav_state_override__2019-01-18__08_39_38__baseline,src/modules/commander,0.5241877237955731,1.0
normal:commander_nav_state_override__2019-01-18__08_39_38__baseline,src/modules/ekf2,0.0,
normal:commander_nav_state_override__2019-01-18__08_39_38__baseline,src/modules/events,0.0,
normal:commander_nav_state_override__2019-01-18__08_39_38__baseline,src/modules/fw_att_control,0.0,
normal:commander_nav_state_override__2019-01-18__08_39_38__baseline,src/modules/fw_pos_control_l1,0.0,
normal:commander_nav_state_override__2019-01-18__08_39_38__baseline,src/modules/gnd_att_control,0.0,
normal:commander_nav_state_override__2019-01-18__08_39_38__baseline,src/modules/gnd_pos_control,0.0,
normal:commander_nav_state_override__2019-01-18__08_39_38__baseline,src/modules/gpio_led,0.0,
normal:commander_nav_state_override__2019-01-18__08_39_38__baseline,src/modules/land_detector,0.0,
normal:commander_nav_state_override__2019-01-18__08_39_38__baseline,src/modules/landing_target_estimator,0.0,
normal:commander_nav_state_override__2019-01-18__08_39_38__baseline,src/modules/load_mon,0.0,
normal:commander_nav_state_override__2019-01-18__08_39_38__baseline,src/modules/logger,0.0,
normal:commander_nav_state_override__2019-01-18__08_39_38__baseline,src/modules/mavlink,0.0,
normal:commander_nav_state_override__2019-01-18__08_39_38__baseline,src/modules/mc_att_control,0.0,
normal:commander_nav_state_override__2019-01-18__08_39_38__baseline,src/modules/mc_pos_control,0.0,
normal:commander_nav_state_override__2019-01-18__08_39_38__baseline,src/modules/navigator,0.0,
normal:commander_nav_state_override__2019-01-18__08_39_38__baseline,src/modules/position_estimator_inav,0.0,
normal:commander_nav_state_override__2019-01-18__08_39_38__baseline,src/modules/replay,0.0,
normal:commander_nav_state_override__2019-01-18__08_39_38__baseline,src/modules/sdlog2,0.0,
normal:commander_nav_state_override__2019-01-18__08_39_38__baseline,src/modules/sensors,0.0,
normal:commander_nav_state_override__2019-01-18__08_39_38__baseline,src/modules/simulator,0.0,
normal:commander_nav_state_override__2019-01-18__08_39_38__baseline,src/modules/syslink,0.0,
normal:commander_nav_state_override__2019-01-18__08_39_38__baseline,src/modules/uavcan,0.0,
normal:commander_nav_state_override__2019-01-18__08_39_38__baseline,src/modules/vtol_att_control,0.0,
normal:commander_nav_state_override__2019-01-18__08_39_38__baseline,src/modules/wind_estimator,0.0,
normal:commander_nav_state_override__2019-01-18__08_39_38__baseline,src/platforms/posix/drivers/df_bebop_bus_wrapper,0.0,
normal:commander_nav_state_override__2019-01-18__08_39_38__baseline,src/platforms/posix/drivers/df_bebop_rangefinder_wrapper,0.0,
normal:commander_nav_state_override__2019-01-18__08_39_38__baseline,src/platforms/posix/drivers/df_isl29501_wrapper,0.0,
normal:commander_nav_state_override__2019-01-18__08_39_38__baseline,src/platforms/posix/drivers/df_ltc2946_wrapper,0.0,
normal:commander_nav_state_override__2019-01-18__08_39_38__baseline,src/platforms/posix/drivers/df_trone_wrapper,0.0,
normal:commander_nav_state_override__2019-01-18__08_39_38__baseline,src/platforms/qurt/fc_addon/uart_esc,0.0,
normal:commander_nav_state_override__2019-01-18__08_39_38__baseline,src/platforms/qurt/tests/muorb,0.0,
normal:commander_nav_state_override__2019-01-18__08_39_38__baseline,src/templates/module,0.0,
normal:ekf2_innovation_bias__2019-01-18__08_39_38__baseline,src/drivers/batt_smbus,0.0,
normal:ekf2_innovation_bias__2019-01-18__08_39_38__baseline,src/drivers/blinkm,0.0,
normal:ekf2_innovation_bias__2019-01-18__08_39_38__baseline,src/drivers/camera_trigger,0.0,
normal:ekf2_innovation_bias__2019-01-18__08_39_38__baseline,src/drivers/distance_sensor,0.0,
normal:ekf2_innovation_bias__2019-01-18__08_39_38__baseline,src/drivers/linux_pwm_out,0.0,
normal:ekf2_innovation_bias__2019-01-18__08_39_38__baseline,src/drivers/mkblctrl,0.0,
normal:ekf2_innovation_bias__2019-01-18__08_39_38__baseline,src/drivers/pwm_out_sim,0.0,
normal:ekf2_innovation_bias__2019-01-18__08_39_38__baseline,src/drivers/px4flow,0.0,
normal:ekf2_innovation_bias__2019-01-18__08_39_38__baseline,src/drivers/px4fmu,0.0,
normal:ekf2_innovation_bias__2019-01-18__08_39_38__baseline,src/drivers/px4io,0.0,
normal:ekf2_innovation_bias__2019-01-18__08_39_38__baseline,src/drivers/snapdragon_pwm_out,0.0,
normal:ekf2_innovation_bias__2019-01-18__08_39_38__baseline,src/drivers/tap_esc,0.0,
normal:ekf2_innovation_bias__2019-01-18__08_39_38__baseline,src/drivers/telemetry,0.0,
normal:ekf2_innovation_bias__2019-01-18__08_39_38__baseline,src/drivers/vmount,0.0,
normal:ekf2_innovation_bias__2019-01-18__08_39_38__baseline,src/examples/fixedwing_control,0.0,
normal:ekf2_innovation_bias__2019-01-18__08_39_38__baseline,src/examples/hwtest,0.0,
normal:ekf2_innovation_bias__2019-01-18__08_39_38__baseline,src/examples/px4_simple_app,0.0,
normal:ekf2_innovation_bias__2019-01-18__08_39_38__baseline,src/examples/rover_steering_control,0.0,
normal:ekf2_innovation_bias__2019-01-18__08_39_38__baseline,src/examples/uuv_example_app,0.0,
normal:ekf2_innovation_bias__2019-01-18__08_39_38__baseline,src/modules/attitude_estimator_q,0.0,
normal:ekf2_innovation_bias__2019-01-18__08_39_38__baseline,src/modules/camera_feedback,0.0,
normal:ekf2_innovation_bias__2019-01-18__08_39_38__baseline,src/modules/commander,0.0,
normal:ekf2_innovation_bias__2019-01-18__08_39_38__baseline,src/modules/ekf2,0.0,
normal:ekf2_innovation_bias__2019-01-18__08_39_38__baseline,src/modules/events,0.0,
normal:ekf2_innovation_bias__2019-01-18__08_39_38__baseline,src/modules/fw_att_control,0.0,
normal:ekf2_innovation_bias__2019-01-18__08_39_38__baseline,src/modules/fw_pos_control_l1,0.0,
normal:ekf2_innovation_bias__2019-01-18__08_39_38__baseline,src/modules/gnd_att_control,0.0,
normal:ekf2_innovation_bias__2019-01-18__08_39_38__baseline,src/modules/gnd_pos_control,0.0,
normal:ekf2_innovation_bias__2019-01-18__08_39_38__baseline,src/modules/gpio_led,0.0,
normal:ekf2_innovation_bias__2019-01-18__08_39_38__baseline,src/modules/land_detector,0.0,
normal:ekf2_innovation_bias__2019-01-18__08_39_38__baseline,src/modules/landing_target_estimator,0.0,
normal:ekf2_innovation_bias__2019-01-18__08_39_38__baseline,src/modules/load_mon,0.0,
normal:ekf2_innovation_bias__2019-01-18__08_39_38__baseline,src/modules/logger,0.0,
normal:ekf2_innovation_bias__2019-01-18__08_39_38__baseline,src/modules/mavlink,1.19987956682841,2.0
normal:ekf2_innovation_bias__2019-01-18__08_39_38__baseline,src/modules/mc_att_control,0.0,
normal:ekf2_innovation_bias__2019-01-18__08_39_38__baseline,src/modules/mc_pos_control,0.0,
normal:ekf2_innovation_bias__2019-01-18__08_39_38__baseline,src/modules/navigator,0.0,
normal:ekf2_innovation_bias__2019-01-18__08_39_38__baseline,src/modules/position_estimator_inav,0.0,
normal:ekf2_innovation_bias__2019-01-18__08_39_38__baseline,src/modules/replay,0.0,
normal:ekf2_innovation_bias__2019-01-18__08_39_38__baseline,src/modules/sdlog2,0.0,
normal:ekf2_innovation_bias__2019-01-18__08_39_38__baseline,src/modules/sensors,1.19987956682841,2.0
normal:ekf2_innovation_bias__2019-01-18__08_39_38__baseline,src/modules/simulator,0.0,
normal:ekf2_innovation_bias__2019-01-18__08_39_38__baseline,src/modules/syslink,0.0,
normal:ekf2_innovation_bias__2019-01-18__08_39_38__baseline,src/modules/uavcan,0.0,
normal:ekf2_innovation_bias__2019-01-18__08_39_38__baseline,src/modules/vtol_att_control,0.0,
normal:ekf2_innovation_bias__2019-01-18__08_39_38__baseline,src/modules/wind_estimator,0.0,
normal:ekf2_innovation_bias__2019-01-18__08_39_38__baseline,src/platforms/posix/drivers/df_bebop_bus_wrapper,0.0,
normal:ekf2_innovation_bias__2019-01-18__08_39_38__baseline,src/platforms/posix/drivers/df_bebop_rangefinder_wrapper,0.0,
normal:ekf2_innovation_bias__2019-01-18__08_39_38__baseline,src/platforms/posix/drivers/df_isl29501_wrapper,0.0,
normal:ekf2_innovation_bias__2019-01-18__08_39_38__baseline,src/platforms/posix/drivers/df_ltc2946_wrapper,0.0,
normal:ekf2_innovation_bias__2019-01-18__08_39_38__baseline,src/platforms/posix/drivers/df_trone_wrapper,0.0,
normal:ekf2_innovation_bias__2019-01-18__08_39_38__baseline,src/platforms/qurt/fc_addon/uart_esc,0.0,
normal:ekf2_innovation_bias__2019-01-18__08_39_38__baseline,src/platforms/qurt/tests/muorb,0.0,
normal:ekf2_innovation_bias__2019-01-18__08_39_38__baseline,src/templates/module,0.0,
normal:inav_local_z_freeze__2019-01-18__08_39_38__baseline,src/drivers/batt_smbus,0.0,
normal:inav_local_z_freeze__2019-01-18__08_39_38__baseline,src/drivers/blinkm,0.0,
normal:inav_local_z_freeze__2019-01-18__08_39_38__baseline,src/drivers/camera_trigger,0.0,
normal:inav_local_z_freeze__2019-01-18__08_39_38__baseline,src/drivers/distance_sensor,0.0,
normal:inav_local_z_freeze__2019-01-18__08_39_38__baseline,src/drivers/linux_pwm_out,0.0,
normal:inav_local_z_freeze__2019-01-18__08_39_38__baseline,src/drivers/mkblctrl,0.0,
normal:inav_local_z_freeze__2019-01-18__08_39_38__baseline,src/drivers/pwm_out_sim,0.0,
normal:inav_local_z_freeze__2019-01-18__08_39_38__baseline,src/drivers/px4flow,0.0,
normal:inav_local_z_freeze__2019-01-18__08_39_38__baseline,src/drivers/px4fmu,0.0,
normal:inav_local_z_freeze__2019-01-18__08_39_38__baseline,src/drivers/px4io,0.0,
normal:inav_local_z_freeze__2019-01-18__08_39_38__baseline,src/drivers/snapdragon_pwm_out,0.0,
normal:inav_local_z_freeze__2019-01-18__08_39_38__baseline,src/drivers/tap_esc,0.0,
normal:inav_local_z_freeze__2019-01-18__08_39_38__baseline,src/drivers/telemetry,0.0,
normal:inav_local_z_freeze__2019-01-18__08_39_38__baseline,src/drivers/vmount,0.0,
normal:inav_local_z_freeze__2019-01-18__08_39_38__baseline,src/examples/fixedwing_control,0.0,
normal:inav_local_z_freeze__2019-01-18__08_39_38__baseline,src/examples/hwtest,0.0,
normal:inav_local_z_freeze__2019-01-18__08_39_38__baseline,src/examples/px4_simple_app,0.0,
normal:inav_local_z_freeze__2019-01-18__08_39_38__baseline,src/examples/rover_steering_control,0.0,
normal:inav_local_z_freeze__2019-01-18__08_39_38__baseline,src/examples/uuv_example_app,0.0,
normal:inav_local_z_freeze__2019-01-18__08_39_38__baseline,src/modules/attitude_estimator_q,0.0,
normal:inav_local_z_freeze__2019-01-18__08_39_38__baseline,src/modules/camera_feedback,0.0,
normal:inav_local_z_freeze__2019-01-18__08_39_38__baseline,src/modules/commander,0.0,
normal:inav_local_z_freeze__2019-01-18__08_39_38__baseline,src/modules/ekf2,0.0,
normal:inav_local_z_freeze__2019-01-18__08_39_38__baseline,src/modules/events,0.0,
normal:inav_local_z_freeze__2019-01-18__08_39_38__baseline,src/modules/fw_att_control,0.0,
normal:inav_local_z_freeze__2019-01-18__08_39_38__baseline,src/modules/fw_pos_control_l1,0.0,
normal:inav_local_z_freeze__2019-01-18__08_39_38__baseline,src/modules/gnd_att_control,0.0,
normal:inav_local_z_freeze__2019-01-18__08_39_38__baseline,src/modules/gnd_pos_control,0.0,
normal:inav_local_z_freeze__2019-01-18__08_39_38__baseline,src/modules/gpio_led,0.0,
normal:inav_local_z_freeze__2019-01-18__08_39_38__baseline,src/modules/land_detector,0.0,
normal:inav_local_z_freeze__2019-01-18__08_39_38__baseline,src/modules/landing_target_estimator,0.0,
normal:inav_local_z_freeze__2019-01-18__08_39_38__baseline,src/modules/load_mon,0.0,
normal:inav_local_z_freeze__2019-01-18__08_39_38__baseline,src/modules/logger,0.0,
normal:inav_local_z_freeze__2019-01-18__08_39_38__baseline,src/modules/mavlink,1.296169298009155,1.0
normal:inav_local_z_freeze__2019-01-18__08_39_38__baseline,src/modules/mc_att_control,0.0,
normal:inav_local_z_freeze__2019-01-18__08_39_38__baseline,src/modules/mc_pos_control,0.0,
normal:inav_local_z_freeze__2019-01-18__08_39_38__baseline,src/modules/navigator,0.0,
normal:inav_local_z_freeze__2019-01-18__08_39_38__baseline,src/modules/position_estimator_inav,0.3962596228878478,3.0
normal:inav_local_z_freeze__2019-01-18__08_39_38__baseline,src/modules/replay,0.0,
normal:inav_local_z_freeze__2019-01-18__08_39_38__baseline,src/modules/sdlog2,0.0,
normal:inav_local_z_freeze__2019-01-18__08_39_38__baseline,src/modules/sensors,0.8999096751213074,2.0
normal:inav_local_z_freeze__2019-01-18__08_39_38__baseline,src/modules/simulator,0.0,
normal:inav_local_z_freeze__2019-01-18__08_39_38__baseline,src/modules/syslink,0.0,
normal:inav_local_z_freeze__2019-01-18__08_39_38__baseline,src/modules/uavcan,0.0,
normal:inav_local_z_freeze__2019-01-18__08_39_38__baseline,src/modules/vtol_att_control,0.0,
normal:inav_local_z_freeze__2019-01-18__08_39_38__baseline,src/modules/wind_estimator,0.0,
normal:inav_local_z_freeze__2019-01-18__08_39_38__baseline,src/platforms/posix/drivers/df_bebop_bus_wrapper,0.0,
normal:inav_local_z_freeze__2019-01-18__08_39_38__baseline,src/platforms/posix/drivers/df_bebop_rangefinder_wrapper,0.0,
normal:inav_local_z_freeze__2019-01-18__08_39_38__baseline,src/platforms/posix/drivers/df_isl29501_wrapper,0.0,
normal:inav_local_z_freeze__2019-01-18__08_39_38__baseline,src/platforms/posix/drivers/df_ltc2946_wrapper,0.0,
normal:inav_local_z_freeze__2019-01-18__08_39_38__baseline,src/platforms/posix/drivers/df_trone_wrapper,0.0,
normal:inav_local_z_freeze__2019-01-18__08_39_38__baseline,src/platforms/qurt/fc_addon/uart_esc,0.0,
normal:inav_local_z_freeze__2019-01-18__08_39_38__baseline,src/platforms/qurt/tests/muorb,0.0,
normal:inav_local_z_freeze__2019-01-18__08_39_38__baseline,src/templates/module,0.0,
normal:land_detector_state_inversion__2019-01-18__08_39_38__baseline,src/drivers/batt_smbus,0.0,
normal:land_detector_state_inversion__2019-01-18__08_39_38__baseline,src/drivers/blinkm,0.0,
normal:land_detector_state_inversion__2019-01-18__08_39_38__baseline,src/drivers/camera_trigger,0.0,
normal:land_detector_state_inversion__2019-01-18__08_39_38__baseline,src/drivers/distance_sensor,0.0,
normal:land_detector_state_inversion__2019-01-18__08_39_38__baseline,src/drivers/linux_pwm_out,0.0,
normal:land_detector_state_inversion__2019-01-18__08_39_38__baseline,src/drivers/mkblctrl,0.0,
normal:land_detector_state_inversion__2019-01-18__08_39_38__baseline,src/drivers/pwm_out_sim,0.0,
normal:land_detector_state_inversion__2019-01-18__08_39_38__baseline,src/drivers/px4flow,0.0,
normal:land_detector_state_inversion__2019-01-18__08_39_38__baseline,src/drivers/px4fmu,0.0,
normal:land_detector_state_inversion__2019-01-18__08_39_38__baseline,src/drivers/px4io,0.0,
normal:land_detector_state_inversion__2019-01-18__08_39_38__baseline,src/drivers/snapdragon_pwm_out,0.0,
normal:land_detector_state_inversion__2019-01-18__08_39_38__baseline,src/drivers/tap_esc,0.0,
normal:land_detector_state_inversion__2019-01-18__08_39_38__baseline,src/drivers/telemetry,0.0,
normal:land_detector_state_inversion__2019-01-18__08_39_38__baseline,src/drivers/vmount,0.0,
normal:land_detector_state_inversion__2019-01-18__08_39_38__baseline,src/examples/fixedwing_control,0.0,
normal:land_detector_state_inversion__2019-01-18__08_39_38__baseline,src/examples/hwtest,0.0,
normal:land_detector_state_inversion__2019-01-18__08_39_38__baseline,src/examples/px4_simple_app,0.0,
normal:land_detector_state_inversion__2019-01-18__08_39_38__baseline,src/examples/rover_steering_control,0.0,
normal:land_detector_state_inversion__2019-01-18__08_39_38__baseline,src/examples/uuv_example_app,0.0,
normal:land_detector_state_inversion__2019-01-18__08_39_38__baseline,src/modules/attitude_estimator_q,0.0,
normal:land_detector_state_inversion__2019-01-18__08_39_38__baseline,src/modules/camera_feedback,0.0,
normal:land_detector_state_inversion__2019-01-18__08_39_38__baseline,src/modules/commander,0.0,
normal:land_detector_state_inversion__2019-01-18__08_39_38__baseline,src/modules/ekf2,0.0,
normal:land_detector_state_inversion__2019-01-18__08_39_38__baseline,src/modules/events,0.0,
normal:land_detector_state_inversion__2019-01-18__08_39_38__baseline,src/modules/fw_att_control,0.0,
normal:land_detector_state_inversion__2019-01-18__08_39_38__baseline,src/modules/fw_pos_control_l1,0.0,
normal:land_detector_state_inversion__2019-01-18__08_39_38__baseline,src/modules/gnd_att_control,0.0,
normal:land_detector_state_inversion__2019-01-18__08_39_38__baseline,src/modules/gnd_pos_control,0.0,
normal:land_detector_state_inversion__2019-01-18__08_39_38__baseline,src/modules/gpio_led,0.0,
normal:land_detector_state_inversion__2019-01-18__08_39_38__baseline,src/modules/land_detector,0.0,
normal:land_detector_state_inversion__2019-01-18__08_39_38__baseline,src/modules/landing_target_estimator,0.0,
normal:land_detector_state_inversion__2019-01-18__08_39_38__baseline,src/modules/load_mon,0.0,
normal:land_detector_state_inversion__2019-01-18__08_39_38__baseline,src/modules/logger,0.0,
normal:land_detector_state_inversion__2019-01-18__08_39_38__baseline,src/modules/mavlink,1.19987956682841,2.0
normal:land_detector_state_inversion__2019-01-18__08_39_38__baseline,src/modules/mc_att_control,0.0,
normal:land_detector_state_inversion__2019-01-18__08_39_38__baseline,src/modules/mc_pos_control,0.0,
normal:land_detector_state_inversion__2019-01-18__08_39_38__baseline,src/modules/navigator,0.0,
normal:land_detector_state_inversion__2019-01-18__08_39_38__baseline,src/modules/position_estimator_inav,0.0,
normal:land_detector_state_inversion__2019-01-18__08_39_38__baseline,src/modules/replay,0.0,
normal:land_detector_state_inversion__2019-01-18__08_39_38__baseline,src/modules/sdlog2,0.0,
normal:land_detector_state_inversion__2019-01-18__08_39_38__baseline,src/modules/sensors,1.19987956682841,2.0
normal:land_detector_state_inversion__2019-01-18__08_39_38__baseline,src/modules/simulator,0.0,
normal:land_detector_state_inversion__2019-01-18__08_39_38__baseline,src/modules/syslink,0.0,
normal:land_detector_state_inversion__2019-01-18__08_39_38__baseline,src/modules/uavcan,0.0,
normal:land_detector_state_inversion__2019-01-18__08_39_38__baseline,src/modules/vtol_att_control,0.0,
normal:land_detector_state_inversion__2019-01-18__08_39_38__baseline,src/modules/wind_estimator,0.0,
normal:land_detector_state_inversion__2019-01-18__08_39_38__baseline,src/platforms/posix/drivers/df_bebop_bus_wrapper,0.0,
normal:land_detector_state_inversion__2019-01-18__08_39_38__baseline,src/platforms/posix/drivers/df_bebop_rangefinder_wrapper,0.0,
normal:land_detector_state_inversion__2019-01-18__08_39_38__baseline,src/platforms/posix/drivers/df_isl29501_wrapper,0.0,
normal:land_detector_state_inversion__2019-01-18__08_39_38__baseline,src/platforms/posix/drivers/df_ltc2946_wrapper,0.0,
normal:land_detector_state_inversion__2019-01-18__08_39_38__baseline,src/platforms/posix/drivers/df_trone_wrapper,0.0,
normal:land_detector_state_inversion__2019-01-18__08_39_38__baseline,src/platforms/qurt/fc_addon/uart_esc,0.0,
normal:land_detector_state_inversion__2019-01-18__08_39_38__baseline,src/platforms/qurt/tests/muorb,0.0,
normal:land_detector_state_inversion__2019-01-18__08_39_38__baseline,src/templates/module,0.0,
fault:commander_nav_state_override__2019-01-18__08_39_38__fault,src/drivers/batt_smbus,0.0,
fault:commander_nav_state_override__2019-01-18__08_39_38__fault,src/drivers/blinkm,0.0,
fault:commander_nav_state_override__2019-01-18__08_39_38__fault,src/drivers/camera_trigger,0.0,
fault:commander_nav_state_override__2019-01-18__08_39_38__fault,src/drivers/distance_sensor,0.0,
fault:commander_nav_state_override__2019-01-18__08_39_38__fault,src/drivers/linux_pwm_out,0.0,
fault:commander_nav_state_override__2019-01-18__08_39_38__fault,src/drivers/mkblctrl,0.0,
fault:commander_nav_state_override__2019-01-18__08_39_38__fault,src/drivers/pwm_out_sim,0.0,
fault:commander_nav_state_override__2019-01-18__08_39_38__fault,src/drivers/px4flow,0.0,
fault:commander_nav_state_override__2019-01-18__08_39_38__fault,src/drivers/px4fmu,0.0,
fault:commander_nav_state_override__2019-01-18__08_39_38__fault,src/drivers/px4io,0.0,
fault:commander_nav_state_override__2019-01-18__08_39_38__fault,src/drivers/snapdragon_pwm_out,0.0,
fault:commander_nav_state_override__2019-01-18__08_39_38__fault,src/drivers/tap_esc,0.0,
fault:commander_nav_state_override__2019-01-18__08_39_38__fault,src/drivers/telemetry,0.0,
fault:commander_nav_state_override__2019-01-18__08_39_38__fault,src/drivers/vmount,0.0,
fault:commander_nav_state_override__2019-01-18__08_39_38__fault,src/examples/fixedwing_control,0.0,
fault:commander_nav_state_override__2019-01-18__08_39_38__fault,src/examples/hwtest,0.0,
fault:commander_nav_state_override__2019-01-18__08_39_38__fault,src/examples/px4_simple_app,0.0,
fault:commander_nav_state_override__2019-01-18__08_39_38__fault,src/examples/rover_steering_control,0.0,
fault:commander_nav_state_override__2019-01-18__08_39_38__fault,src/examples/uuv_example_app,0.0,
fault:commander_nav_state_override__2019-01-18__08_39_38__fault,src/modules/attitude_estimator_q,0.0,
fault:commander_nav_state_override__2019-01-18__08_39_38__fault,src/modules/camera_feedback,0.0,
fault:commander_nav_state_override__2019-01-18__08_39_38__fault,src/modules/commander,20.818679173787444,1.0
fault:commander_nav_state_override__2019-01-18__08_39_38__fault,src/modules/ekf2,0.0,
fault:commander_nav_state_override__2019-01-18__08_39_38__fault,src/modules/events,0.0,
fault:commander_nav_state_override__2019-01-18__08_39_38__fault,src/modules/fw_att_control,0.0,
fault:commander_nav_state_override__2019-01-18__08_39_38__fault,src/modules/fw_pos_control_l1,0.0,
fault:commander_nav_state_override__2019-01-18__08_39_38__fault,src/modules/gnd_att_control,0.0,
fault:commander_nav_state_override__2019-01-18__08_39_38__fault,src/modules/gnd_pos_control,0.0,
fault:commander_nav_state_override__2019-01-18__08_39_38__fault,src/modules/gpio_led,0.0,
fault:commander_nav_state_override__2019-01-18__08_39_38__fault,src/modules/land_detector,0.0,
fault:commander_nav_state_override__2019-01-18__08_39_38__fault,src/modules/landing_target_estimator,0.0,
fault:commander_nav_state_override__2019-01-18__08_39_38__fault,src/modules/load_mon,0.0,
fault:commander_nav_state_override__2019-01-18__08_39_38__fault,src/modules/logger,0.0,
fault:commander_nav_state_override__2019-01-18__08_39_38__fault,src/modules/mavlink,0.0,
fault:commander_nav_state_override__2019-01-18__08_39_38__fault,src/modules/mc_att_control,0.0,
fault:commander_nav_state_override__2019-01-18__08_39_38__fault,src/modules/mc_pos_control,0.0,
fault:commander_nav_state_override__2019-01-18__08_39_38__fault,src/modules/navigator,0.0,
fault:commander_nav_state_override__2019-01-18__08_39_38__fault,src/modules/position_estimator_inav,0.0,
fault:commander_nav_state_override__2019-01-18__08_39_38__fault,src/modules/replay,0.0,
fault:commander_nav_state_override__2019-01-18__08_39_38__fault,src/modules/sdlog2,0.0,
fault:commander_nav_state_override__2019-01-18__08_39_38__fault,src/modules/sensors,0.0,
fault:commander_nav_state_override__2019-01-18__08_39_38__fault,src/modules/simulator,0.0,
fault:commander_nav_state_override__2019-01-18__08_39_38__fault,src/modules/syslink,0.0,
fault:commander_nav_state_override__2019-01-18__08_39_38__fault,src/modules/uavcan,0.0,
fault:commander_nav_state_override__2019-01-18__08_39_38__fault,src/modules/vtol_att_control,0.0,
fault:commander_nav_state_override__2019-01-18__08_39_38__fault,src/modules/wind_estimator,0.0,
fault:commander_nav_state_override__2019-01-18__08_39_38__fault,src/platforms/posix/drivers/df_bebop_bus_wrapper,0.0,
fault:commander_nav_state_override__2019-01-18__08_39_38__fault,src/platforms/posix/drivers/df_bebop_rangefinder_wrapper,0.0,
fault:commander_nav_state_override__2019-01-18__08_39_38__fault,src/platforms/posix/drivers/df_isl29501_wrapper,0.0,
fault:commander_nav_state_override__2019-01-18__08_39_38__fault,src/platforms/posix/drivers/df_ltc2946_wrapper,0.0,
fault:commander_nav_state_override__2019-01-18__08_39_38__fault,src/platforms/posix/drivers/df_trone_wrapper,0.0,
fault:commander_nav_state_override__2019-01-18__08_39_38__fault,src/platforms/qurt/fc_addon/uart_esc,0.0,
fault:commander_nav_state_override__2019-01-18__08_39_38__fault,src/platforms/qurt/tests/muorb,0.0,
fault:commander_nav_state_override__2019-01-18__08_39_38__fault,src/templates/module,0.0,
fault:ekf2_innovation_bias__2019-01-18__08_39_38__fault,src/drivers/batt_smbus,0.0,
fault:ekf2_innovation_bias__2019-01-18__08_39_38__fault,src/drivers/blinkm,0.0,
fault:ekf2_innovation_bias__2019-01-18__08_39_38__fault,src/drivers/camera_trigger,0.0,
fault:ekf2_innovation_bias__2019-01-18__08_39_38__fault,src/drivers/distance_sensor,0.0,
fault:ekf2_innovation_bias__2019-01-18__08_39_38__fault,src/drivers/linux_pwm_out,0.0,
fault:ekf2_innovation_bias__2019-01-18__08_39_38__fault,src/drivers/mkblctrl,0.0,
fault:ekf2_innovation_bias__2019-01-18__08_39_38__fault,src/drivers/pwm_out_sim,0.0,
fault:ekf2_innovation_bias__2019-01-18__08_39_38__fault,src/drivers/px4flow,0.0,
fault:ekf2_innovation_bias__2019-01-18__08_39_38__fault,src/drivers/px4fmu,0.0,
fault:ekf2_innovation_bias__2019-01-18__08_39_38__fault,src/drivers/px4io,0.0,
fault:ekf2_innovation_bias__2019-01-18__08_39_38__fault,src/drivers/snapdragon_pwm_out,0.0,
fault:ekf2_innovation_bias__2019-01-18__08_39_38__fault,src/drivers/tap_esc,0.0,
fault:ekf2_innovation_bias__2019-01-18__08_39_38__fault,src/drivers/telemetry,0.0,
fault:ekf2_innovation_bias__2019-01-18__08_39_38__fault,src/drivers/vmount,0.0,
fault:ekf2_innovation_bias__2019-01-18__08_39_38__fault,src/examples/fixedwing_control,0.0,
fault:ekf2_innovation_bias__2019-01-18__08_39_38__fault,src/examples/hwtest,0.0,
fault:ekf2_innovation_bias__2019-01-18__08_39_38__fault,src/examples/px4_simple_app,0.0,
fault:ekf2_innovation_bias__2019-01-18__08_39_38__fault,src/examples/rover_steering_control,0.0,
fault:ekf2_innovation_bias__2019-01-18__08_39_38__fault,src/examples/uuv_example_app,0.0,
fault:ekf2_innovation_bias__2019-01-18__08_39_38__fault,src/modules/attitude_estimator_q,0.0,
fault:ekf2_innovation_bias__2019-01-18__08_39_38__fault,src/modules/camera_feedback,0.0,
fault:ekf2_innovation_bias__2019-01-18__08_39_38__fault,src/modules/commander,0.0,
fault:ekf2_innovation_bias__2019-01-18__08_39_38__fault,src/modules/ekf2,1.3629164241613585,1.0
fault:ekf2_innovation_bias__2019-01-18__08_39_38__fault,src/modules/events,0.0,
fault:ekf2_innovation_bias__2019-01-18__08_39_38__fault,src/modules/fw_att_control,0.0,
fault:ekf2_innovation_bias__2019-01-18__08_39_38__fault,src/modules/fw_pos_control_l1,0.0,
fault:ekf2_innovation_bias__2019-01-18__08_39_38__fault,src/modules/gnd_att_control,0.0,
fault:ekf2_innovation_bias__2019-01-18__08_39_38__fault,src/modules/gnd_pos_control,0.0,
fault:ekf2_innovation_bias__2019-01-18__08_39_38__fault,src/modules/gpio_led,0.0,
fault:ekf2_innovation_bias__2019-01-18__08_39_38__fault,src/modules/land_detector,0.0,
fault:ekf2_innovation_bias__2019-01-18__08_39_38__fault,src/modules/landing_target_estimator,0.0,
fault:ekf2_innovation_bias__2019-01-18__08_39_38__fault,src/modules/load_mon,0.0,
fault:ekf2_innovation_bias__2019-01-18__08_39_38__fault,src/modules/logger,0.0,
fault:ekf2_innovation_bias__2019-01-18__08_39_38__fault,src/modules/mavlink,0.027269990155191135,3.0
fault:ekf2_innovation_bias__2019-01-18__08_39_38__fault,src/modules/mc_att_control,0.0,
fault:ekf2_innovation_bias__2019-01-18__08_39_38__fault,src/modules/mc_pos_control,0.0,
fault:ekf2_innovation_bias__2019-01-18__08_39_38__fault,src/modules/navigator,0.0,
fault:ekf2_innovation_bias__2019-01-18__08_39_38__fault,src/modules/position_estimator_inav,0.0,
fault:ekf2_innovation_bias__2019-01-18__08_39_38__fault,src/modules/replay,0.0,
fault:ekf2_innovation_bias__2019-01-18__08_39_38__fault,src/modules/sdlog2,0.0,
fault:ekf2_innovation_bias__2019-01-18__08_39_38__fault,src/modules/sensors,0.027269990155191135,3.0
fault:ekf2_innovation_bias__2019-01-18__08_39_38__fault,src/modules/simulator,0.0,
fault:ekf2_innovation_bias__2019-01-18__08_39_38__fault,src/modules/syslink,0.0,
fault:ekf2_innovation_bias__2019-01-18__08_39_38__fault,src/modules/uavcan,0.0,
fault:ekf2_innovation_bias__2019-01-18__08_39_38__fault,src/modules/vtol_att_control,0.0,
fault:ekf2_innovation_bias__2019-01-18__08_39_38__fault,src/modules/wind_estimator,0.0,
fault:ekf2_innovation_bias__2019-01-18__08_39_38__fault,src/platforms/posix/drivers/df_bebop_bus_wrapper,0.0,
fault:ekf2_innovation_bias__2019-01-18__08_39_38__fault,src/platforms/posix/drivers/df_bebop_rangefinder_wrapper,0.0,
fault:ekf2_innovation_bias__2019-01-18__08_39_38__fault,src/platforms/posix/drivers/df_isl29501_wrapper,0.0,
fault:ekf2_innovation_bias__2019-01-18__08_39_38__fault,src/platforms/posix/drivers/df_ltc2946_wrapper,0.0,
fault:ekf2_innovation_bias__2019-01-18__08_39_38__fault,src/platforms/posix/drivers/df_trone_wrapper,0.0,
fault:ekf2_innovation_bias__2019-01-18__08_39_38__fault,src/platforms/qurt/fc_addon/uart_esc,0.0,
fault:ekf2_innovation_bias__2019-01-18__08_39_38__fault,src/platforms/qurt/tests/muorb,0.0,
fault:ekf2_innovation_bias__2019-01-18__08_39_38__fault,src/templates/module,0.0,
fault:inav_local_z_freeze__2019-01-18__08_39_38__fault,src/drivers/batt_smbus,0.0,
fault:inav_local_z_freeze__2019-01-18__08_39_38__fault,src/drivers/blinkm,0.0,
fault:inav_local_z_freeze__2019-01-18__08_39_38__fault,src/drivers/camera_trigger,0.0,
fault:inav_local_z_freeze__2019-01-18__08_39_38__fault,src/drivers/distance_sensor,0.0,
fault:inav_local_z_freeze__2019-01-18__08_39_38__fault,src/drivers/linux_pwm_out,0.0,
fault:inav_local_z_freeze__2019-01-18__08_39_38__fault,src/drivers/mkblctrl,0.0,
fault:inav_local_z_freeze__2019-01-18__08_39_38__fault,src/drivers/pwm_out_sim,0.0,
fault:inav_local_z_freeze__2019-01-18__08_39_38__fault,src/drivers/px4flow,0.0,
fault:inav_local_z_freeze__2019-01-18__08_39_38__fault,src/drivers/px4fmu,0.0,
fault:inav_local_z_freeze__2019-01-18__08_39_38__fault,src/drivers/px4io,0.0,
fault:inav_local_z_freeze__2019-01-18__08_39_38__fault,src/drivers/snapdragon_pwm_out,0.0,
fault:inav_local_z_freeze__2019-01-18__08_39_38__fault,src/drivers/tap_esc,0.0,
fault:inav_local_z_freeze__2019-01-18__08_39_38__fault,src/drivers/telemetry,0.0,
fault:inav_local_z_freeze__2019-01-18__08_39_38__fault,src/drivers/vmount,0.0,
fault:inav_local_z_freeze__2019-01-18__08_39_38__fault,src/examples/fixedwing_control,0.0,
fault:inav_local_z_freeze__2019-01-18__08_39_38__fault,src/examples/hwtest,0.0,
fault:inav_local_z_freeze__2019-01-18__08_39_38__fault,src/examples/px4_simple_app,0.0,
fault:inav_local_z_freeze__2019-01-18__08_39_38__fault,src/examples/rover_steering_control,0.0,
fault:inav_local_z_freeze__2019-01-18__08_39_38__fault,src/examples/uuv_example_app,0.0,
fault:inav_local_z_freeze__2019-01-18__08_39_38__fault,src/modules/attitude_estimator_q,0.0,
fault:inav_local_z_freeze__2019-01-18__08_39_38__fault,src/modules/camera_feedback,0.0,
fault:inav_local_z_freeze__2019-01-18__08_39_38__fault,src/modules/commander,0.0,
fault:inav_local_z_freeze__2019-01-18__08_39_38__fault,src/modules/ekf2,0.0,
fault:inav_local_z_freeze__2019-01-18__08_39_38__fault,src/modules/events,0.0,
fault:inav_local_z_freeze__2019-01-18__08_39_38__fault,src/modules/fw_att_control,0.0,
fault:inav_local_z_freeze__2019-01-18__08_39_38__fault,src/modules/fw_pos_control_l1,0.0,
fault:inav_local_z_freeze__2019-01-18__08_39_38__fault,src/modules/gnd_att_control,0.0,
fault:inav_local_z_freeze__2019-01-18__08_39_38__fault,src/modules/gnd_pos_control,0.0,
fault:inav_local_z_freeze__2019-01-18__08_39_38__fault,src/modules/gpio_led,0.0,
fault:inav_local_z_freeze__2019-01-18__08_39_38__fault,src/modules/land_detector,0.0,
fault:inav_local_z_freeze__2019-01-18__08_39_38__fault,src/modules/landing_target_estimator,0.0,
fault:inav_local_z_freeze__2019-01-18__08_39_38__fault,src/modules/load_mon,0.0,
fault:inav_local_z_freeze__2019-01-18__08_39_38__fault,src/modules/logger,0.0,
fault:inav_local_z_freeze__2019-01-18__08_39_38__fault,src/modules/mavlink,3.9072769892712436,2.0
fault:inav_local_z_freeze__2019-01-18__08_39_38__fault,src/modules/mc_att_control,0.0,
fault:inav_local_z_freeze__2019-01-18__08_39_38__fault,src/modules/mc_pos_control,0.0,
fault:inav_local_z_freeze__2019-01-18__08_39_38__fault,src/modules/navigator,0.0,
fault:inav_local_z_freeze__2019-01-18__08_39_38__fault,src/modules/position_estimator_inav,3.9072769892712436,2.0
fault:inav_local_z_freeze__2019-01-18__08_39_38__fault,src/modules/replay,0.0,
fault:inav_local_z_freeze__2019-01-18__08_39_38__fault,src/modules/sdlog2,0.0,
fault:inav_local_z_freeze__2019-01-18__08_39_38__fault,src/modules/sensors,0.0,
fault:inav_local_z_freeze__2019-01-18__08_39_38__fault,src/modules/simulator,0.0,
fault:inav_local_z_freeze__2019-01-18__08_39_38__fault,src/modules/syslink,0.0,
fault:inav_local_z_freeze__2019-01-18__08_39_38__fault,src/modules/uavcan,0.0,
fault:inav_local_z_freeze__2019-01-18__08_39_38__fault,src/modules/vtol_att_control,0.0,
fault:inav_local_z_freeze__2019-01-18__08_39_38__fault,src/modules/wind_estimator,0.0,
fault:inav_local_z_freeze__2019-01-18__08_39_38__fault,src/platforms/posix/drivers/df_bebop_bus_wrapper,0.0,
fault:inav_local_z_freeze__2019-01-18__08_39_38__fault,src/platforms/posix/drivers/df_bebop_rangefinder_wrapper,0.0,
fault:inav_local_z_freeze__2019-01-18__08_39_38__fault,src/platforms/posix/drivers/df_isl29501_wrapper,0.0,
fault:inav_local_z_freeze__2019-01-18__08_39_38__fault,src/platforms/posix/drivers/df_ltc2946_wrapper,0.0,
fault:inav_local_z_freeze__2019-01-18__08_39_38__fault,src/platforms/posix/drivers/df_trone_wrapper,0.0,
fault:inav_local_z_freeze__2019-01-18__08_39_38__fault,src/platforms/qurt/fc_addon/uart_esc,0.0,
fault:inav_local_z_freeze__2019-01-18__08_39_38__fault,src/platforms/qurt/tests/muorb,0.0,
fault:inav_local_z_freeze__2019-01-18__08_39_38__fault,src/templates/module,0.0,
fault:land_detector_state_inversion__2019-01-18__08_39_38__fault,src/drivers/batt_smbus,0.0,
fault:land_detector_state_inversion__2019-01-18__08_39_38__fault,src/drivers/blinkm,0.0,
fault:land_detector_state_inversion__2019-01-18__08_39_38__fault,src/drivers/camera_trigger,0.0,
fault:land_detector_state_inversion__2019-01-18__08_39_38__fault,src/drivers/distance_sensor,0.0,
fault:land_detector_state_inversion__2019-01-18__08_39_38__fault,src/drivers/linux_pwm_out,0.0,
fault:land_detector_state_inversion__2019-01-18__08_39_38__fault,src/drivers/mkblctrl,0.0,
fault:land_detector_state_inversion__2019-01-18__08_39_38__fault,src/drivers/pwm_out_sim,0.0,
fault:land_detector_state_inversion__2019-01-18__08_39_38__fault,src/drivers/px4flow,0.0,
fault:land_detector_state_inversion__2019-01-18__08_39_38__fault,src/drivers/px4fmu,0.0,
fault:land_detector_state_inversion__2019-01-18__08_39_38__fault,src/drivers/px4io,0.0,
fault:land_detector_state_inversion__2019-01-18__08_39_38__fault,src/drivers/snapdragon_pwm_out,0.0,
fault:land_detector_state_inversion__2019-01-18__08_39_38__fault,src/drivers/tap_esc,0.0,
fault:land_detector_state_inversion__2019-01-18__08_39_38__fault,src/drivers/telemetry,0.0,
fault:land_detector_state_inversion__2019-01-18__08_39_38__fault,src/drivers/vmount,0.0,
fault:land_detector_state_inversion__2019-01-18__08_39_38__fault,src/examples/fixedwing_control,0.0,
fault:land_detector_state_inversion__2019-01-18__08_39_38__fault,src/examples/hwtest,0.0,
fault:land_detector_state_inversion__2019-01-18__08_39_38__fault,src/examples/px4_simple_app,0.0,
fault:land_detector_state_inversion__2019-01-18__08_39_38__fault,src/examples/rover_steering_control,0.0,
fault:land_detector_state_inversion__2019-01-18__08_39_38__fault,src/examples/uuv_example_app,0.0,
fault:land_detector_state_inversion__2019-01-18__08_39_38__fault,src/modules/attitude_estimator_q,0.0,
fault:land_detector_state_inversion__2019-01-18__08_39_38__fault,src/modules/camera_feedback,0.0,
fault:land_detector_state_inversion__2019-01-18__08_39_38__fault,src/modules/commander,0.0,
fault:land_detector_state_inversion__2019-01-18__08_39_38__fault,src/modules/ekf2,0.0,
fault:land_detector_state_inversion__2019-01-18__08_39_38__fault,src/modules/events,0.0,
fault:land_detector_state_inversion__2019-01-18__08_39_38__fault,src/modules/fw_att_control,0.0,
fault:land_detector_state_inversion__2019-01-18__08_39_38__fault,src/modules/fw_pos_control_l1,0.0,
fault:land_detector_state_inversion__2019-01-18__08_39_38__fault,src/modules/gnd_att_control,0.0,
fault:land_detector_state_inversion__2019-01-18__08_39_38__fault,src/modules/gnd_pos_control,0.0,
fault:land_detector_state_inversion__2019-01-18__08_39_38__fault,src/modules/gpio_led,0.0,
fault:land_detector_state_inversion__2019-01-18__08_39_38__fault,src/modules/land_detector,28.127469827947404,2.0
fault:land_detector_state_inversion__2019-01-18__08_39_38__fault,src/modules/landing_target_estimator,0.0,
fault:land_detector_state_inversion__2019-01-18__08_39_38__fault,src/modules/load_mon,0.0,
fault:land_detector_state_inversion__2019-01-18__08_39_38__fault,src/modules/logger,0.0,
fault:land_detector_state_inversion__2019-01-18__08_39_38__fault,src/modules/mavlink,28.127469827947404,2.0
fault:land_detector_state_inversion__2019-01-18__08_39_38__fault,src/modules/mc_att_control,0.0,
fault:land_detector_state_inversion__2019-01-18__08_39_38__fault,src/modules/mc_pos_control,0.0,
fault:land_detector_state_inversion__2019-01-18__08_39_38__fault,src/modules/navigator,0.0,
fault:land_detector_state_inversion__2019-01-18__08_39_38__fault,src/modules/position_estimator_inav,0.0,
fault:land_detector_state_inversion__2019-01-18__08_39_38__fault,src/modules/replay,0.0,
fault:land_detector_state_inversion__2019-01-18__08_39_38__fault,src/modules/sdlog2,0.0,
fault:land_detector_state_inversion__2019-01-18__08_39_38__fault,src/modules/sensors,0.0,
fault:land_detector_state_inversion__2019-01-18__08_39_38__fault,src/modules/simulator,0.0,
fault:land_detector_state_inversion__2019-01-18__08_39_38__fault,src/modules/syslink,0.0,
fault:land_detector_state_inversion__2019-01-18__08_39_38__fault,src/modules/uavcan,0.0,
fault:land_detector_state_inversion__2019-01-18__08_39_38__fault,src/modules/vtol_att_control,0.0,
fault:land_detector_state_inversion__2019-01-18__08_39_38__fault,src/modules/wind_estimator,0.0,
fault:land_detector_state_inversion__2019-01-18__08_39_38__fault,src/platforms/posix/drivers/df_bebop_bus_wrapper,0.0,
fault:land_detector_state_inversion__2019-01-18__08_39_38__fault,src/platforms/posix/drivers/df_bebop_rangefinder_wrapper,0.0,
fault:land_detector_state_inversion__2019-01-18__08_39_38__fault,src/platforms/posix/drivers/df_isl29501_wrapper,0.0,
fault:land_detector_state_inversion__2019-01-18__08_39_38__fault,src/platforms/posix/drivers/df_ltc2946_wrapper,0.0,
fault:land_detector_state_inversion__2019-01-18__08_39_38__fault,src/platforms/posix/drivers/df_trone_wrapper,0.0,
fault:land_detector_state_inversion__2019-01-18__08_39_38__fault,src/platforms/qurt/fc_addon/uart_esc,0.0,
fault:land_detector_state_inversion__2019-01-18__08_39_38__fault,src/platforms/qurt/tests/muorb,0.0,
fault:land_detector_state_inversion__2019-01-18__08_39_38__fault,src/templates/module,0.0,
normal:commander_nav_state_override__2019-01-25__17_38_05__baseline,src/drivers/batt_smbus,0.0,
normal:commander_nav_state_override__2019-01-25__17_38_05__baseline,src/drivers/blinkm,0.0,
normal:commander_nav_state_override__2019-01-25__17_38_05__baseline,src/drivers/camera_trigger,0.0,
normal:commander_nav_state_override__2019-01-25__17_38_05__baseline,src/drivers/distance_sensor,0.0,
normal:commander_nav_state_override__2019-01-25__17_38_05__baseline,src/drivers/linux_pwm_out,0.0,
normal:commander_nav_state_override__2019-01-25__17_38_05__baseline,src/drivers/mkblctrl,0.0,
normal:commander_nav_state_override__2019-01-25__17_38_05__baseline,src/drivers/pwm_out_sim,0.0,
normal:commander_nav_state_override__2019-01-25__17_38_05__baseline,src/drivers/px4flow,0.0,
normal:commander_nav_state_override__2019-01-25__17_38_05__baseline,src/drivers/px4fmu,0.0,
normal:commander_nav_state_override__2019-01-25__17_38_05__baseline,src/drivers/px4io,0.0,
normal:commander_nav_state_override__2019-01-25__17_38_05__baseline,src/drivers/snapdragon_pwm_out,0.0,
normal:commander_nav_state_override__2019-01-25__17_38_05__baseline,src/drivers/tap_esc,0.0,
normal:commander_nav_state_override__2019-01-25__17_38_05__baseline,src/drivers/telemetry,0.0,
normal:commander_nav_state_override__2019-01-25__17_38_05__baseline,src/drivers/vmount,0.0,
normal:commander_nav_state_override__2019-01-25__17_38_05__baseline,src/examples/fixedwing_control,0.0,
normal:commander_nav_state_override__2019-01-25__17_38_05__baseline,src/examples/hwtest,0.0,
normal:commander_nav_state_override__2019-01-25__17_38_05__baseline,src/examples/px4_simple_app,0.0,
normal:commander_nav_state_override__2019-01-25__17_38_05__baseline,src/examples/rover_steering_control,0.0,
normal:commander_nav_state_override__2019-01-25__17_38_05__baseline,src/examples/uuv_example_app,0.0,
normal:commander_nav_state_override__2019-01-25__17_38_05__baseline,src/modules/attitude_estimator_q,0.0,
normal:commander_nav_state_override__2019-01-25__17_38_05__baseline,src/modules/camera_feedback,0.0,
normal:commander_nav_state_override__2019-01-25__17_38_05__baseline,src/modules/commander,0.0,
normal:commander_nav_state_override__2019-01-25__17_38_05__baseline,src/modules/ekf2,0.0,
normal:commander_nav_state_override__2019-01-25__17_38_05__baseline,src/modules/events,0.0,
normal:commander_nav_state_override__2019-01-25__17_38_05__baseline,src/modules/fw_att_control,0.0,
normal:commander_nav_state_override__2019-01-25__17_38_05__baseline,src/modules/fw_pos_control_l1,0.0,
normal:commander_nav_state_override__2019-01-25__17_38_05__baseline,src/modules/gnd_att_control,0.0,
normal:commander_nav_state_override__2019-01-25__17_38_05__baseline,src/modules/gnd_pos_control,0.0,
normal:commander_nav_state_override__2019-01-25__17_38_05__baseline,src/modules/gpio_led,0.0,
normal:commander_nav_state_override__2019-01-25__17_38_05__baseline,src/modules/land_detector,0.0,
normal:commander_nav_state_override__2019-01-25__17_38_05__baseline,src/modules/landing_target_estimator,0.0,
normal:commander_nav_state_override__2019-01-25__17_38_05__baseline,src/modules/load_mon,0.0,
normal:commander_nav_state_override__2019-01-25__17_38_05__baseline,src/modules/logger,0.0,
normal:commander_nav_state_override__2019-01-25__17_38_05__baseline,src/modules/mavlink,0.0,
normal:commander_nav_state_override__2019-01-25__17_38_05__baseline,src/modules/mc_att_control,0.0,
normal:commander_nav_state_override__2019-01-25__17_38_05__baseline,src/modules/mc_pos_control,0.0,
normal:commander_nav_state_override__2019-01-25__17_38_05__baseline,src/modules/navigator,0.0,
normal:commander_nav_state_override__2019-01-25__17_38_05__baseline,src/modules/position_estimator_inav,0.0,
normal:commander_nav_state_override__2019-01-25__17_38_05__baseline,src/modules/replay,0.0,
normal:commander_nav_state_override__2019-01-25__17_38_05__baseline,src/modules/sdlog2,0.0,
normal:commander_nav_state_override__2019-01-25__17_38_05__baseline,src/modules/sensors,0.0,
normal:commander_nav_state_override__2019-01-25__17_38_05__baseline,src/modules/simulator,0.0,
normal:commander_nav_state_override__2019-01-25__17_38_05__baseline,src/modules/syslink,0.0,
normal:commander_nav_state_override__2019-01-25__17_38_05__baseline,src/modules/uavcan,0.0,
normal:commander_nav_state_override__2019-01-25__17_38_05__baseline,src/modules/vtol_att_control,0.0,
normal:commander_nav_state_override__2019-01-25__17_38_05__baseline,src/modules/wind_estimator,0.0,
normal:commander_nav_state_override__2019-01-25__17_38_05__baseline,src/platforms/posix/drivers/df_bebop_bus_wrapper,0.0,
normal:commander_nav_state_override__2019-01-25__17_38_05__baseline,src/platforms/posix/drivers/df_bebop_rangefinder_wrapper,0.0,
normal:commander_nav_state_override__2019-01-25__17_38_05__baseline,src/platforms/posix/drivers/df_isl29501_wrapper,0.0,
normal:commander_nav_state_override__2019-01-25__17_38_05__baseline,src/platforms/posix/drivers/df_ltc2946_wrapper,0.0,
normal:commander_nav_state_override__2019-01-25__17_38_05__baseline,src/platforms/posix/drivers/df_trone_wrapper,0.0,
normal:commander_nav_state_override__2019-01-25__17_38_05__baseline,src/platforms/qurt/fc_addon/uart_esc,0.0,
normal:commander_nav_state_override__2019-01-25__17_38_05__baseline,src/platforms/qurt/tests/muorb,0.0,
normal:commander_nav_state_override__2019-01-25__17_38_05__baseline,src/templates/module,0.0,
normal:ekf2_innovation_bias__2019-01-25__17_38_05__baseline,src/drivers/batt_smbus,0.0,
normal:ekf2_innovation_bias__2019-01-25__17_38_05__baseline,src/drivers/blinkm,0.0,
normal:ekf2_innovation_bias__2019-01-25__17_38_05__baseline,src/drivers/camera_trigger,0.0,
normal:ekf2_innovation_bias__2019-01-25__17_38_05__baseline,src/drivers/distance_sensor,0.0,
normal:ekf2_innovation_bias__2019-01-25__17_38_05__baseline,src/drivers/linux_pwm_out,0.0,
normal:ekf2_innovation_bias__2019-01-25__17_38_05__baseline,src/drivers/mkblctrl,0.0,
normal:ekf2_innovation_bias__2019-01-25__17_38_05__baseline,src/drivers/pwm_out_sim,0.0,
normal:ekf2_innovation_bias__2019-01-25__17_38_05__baseline,src/drivers/px4flow,0.0,
normal:ekf2_innovation_bias__2019-01-25__17_38_05__baseline,src/drivers/px4fmu,0.0,
normal:ekf2_innovation_bias__2019-01-25__17_38_05__baseline,src/drivers/px4io,0.0,
normal:ekf2_innovation_bias__2019-01-25__17_38_05__baseline,src/drivers/snapdragon_pwm_out,0.0,
normal:ekf2_innovation_bias__2019-01-25__17_38_05__baseline,src/drivers/tap_esc,0.0,
normal:ekf2_innovation_bias__2019-01-25__17_38_05__baseline,src/drivers/telemetry,0.0,
normal:ekf2_innovation_bias__2019-01-25__17_38_05__baseline,src/drivers/vmount,0.0,
normal:ekf2_innovation_bias__2019-01-25__17_38_05__baseline,src/examples/fixedwing_control,0.0,
normal:ekf2_innovation_bias__2019-01-25__17_38_05__baseline,src/examples/hwtest,0.0,
normal:ekf2_innovation_bias__2019-01-25__17_38_05__baseline,src/examples/px4_simple_app,0.0,
normal:ekf2_innovation_bias__2019-01-25__17_38_05__baseline,src/examples/rover_steering_control,0.0,
normal:ekf2_innovation_bias__2019-01-25__17_38_05__baseline,src/examples/uuv_example_app,0.0,
normal:ekf2_innovation_bias__2019-01-25__17_38_05__baseline,src/modules/attitude_estimator_q,0.0,
normal:ekf2_innovation_bias__2019-01-25__17_38_05__baseline,src/modules/camera_feedback,0.0,
normal:ekf2_innovation_bias__2019-01-25__17_38_05__baseline,src/modules/commander,0.0,
normal:ekf2_innovation_bias__2019-01-25__17_38_05__baseline,src/modules/ekf2,0.499671877283896,1.0
normal:ekf2_innovation_bias__2019-01-25__17_38_05__baseline,src/modules/events,0.0,
normal:ekf2_innovation_bias__2019-01-25__17_38_05__baseline,src/modules/fw_att_control,0.0,
normal:ekf2_innovation_bias__2019-01-25__17_38_05__baseline,src/modules/fw_pos_control_l1,0.0,
normal:ekf2_innovation_bias__2019-01-25__17_38_05__baseline,src/modules/gnd_att_control,0.0,
normal:ekf2_innovation_bias__2019-01-25__17_38_05__baseline,src/modules/gnd_pos_control,0.0,
normal:ekf2_innovation_bias__2019-01-25__17_38_05__baseline,src/modules/gpio_led,0.0,
normal:ekf2_innovation_bias__2019-01-25__17_38_05__baseline,src/modules/land_detector,0.0,
normal:ekf2_innovation_bias__2019-01-25__17_38_05__baseline,src/modules/landing_target_estimator,0.0,
normal:ekf2_innovation_bias__2019-01-25__17_38_05__baseline,src/modules/load_mon,0.0,
normal:ekf2_innovation_bias__2019-01-25__17_38_05__baseline,src/modules/logger,0.0,
normal:ekf2_innovation_bias__2019-01-25__17_38_05__baseline,src/modules/mavlink,0.0,
normal:ekf2_innovation_bias__2019-01-25__17_38_05__baseline,src/modules/mc_att_control,0.0,
normal:ekf2_innovation_bias__2019-01-25__17_38_05__baseline,src/modules/mc_pos_control,0.0,
normal:ekf2_innovation_bias__2019-01-25__17_38_05__baseline,src/modules/navigator,0.0,
normal:ekf2_innovation_bias__2019-01-25__17_38_05__baseline,src/modules/position_estimator_inav,0.0,
normal:ekf2_innovation_bias__2019-01-25__17_38_05__baseline,src/modules/replay,0.0,
normal:ekf2_innovation_bias__2019-01-25__17_38_05__baseline,src/modules/sdlog2,0.0,
normal:ekf2_innovation_bias__2019-01-25__17_38_05__baseline,src/modules/sensors,0.0,
normal:ekf2_innovation_bias__2019-01-25__17_38_05__baseline,src/modules/simulator,0.0,
normal:ekf2_innovation_bias__2019-01-25__17_38_05__baseline,src/modules/syslink,0.0,
normal:ekf2_innovation_bias__2019-01-25__17_38_05__baseline,src/modules/uavcan,0.0,
normal:ekf2_innovation_bias__2019-01-25__17_38_05__baseline,src/modules/vtol_att_control,0.0,
normal:ekf2_innovation_bias__2019-01-25__17_38_05__baseline,src/modules/wind_estimator,0.0,
normal:ekf2_innovation_bias__2019-01-25__17_38_05__baseline,src/platforms/posix/drivers/df_bebop_bus_wrapper,0.0,
normal:ekf2_innovation_bias__2019-01-25__17_38_05__baseline,src/platforms/posix/drivers/df_bebop_rangefinder_wrapper,0.0,
normal:ekf2_innovation_bias__2019-01-25__17_38_05__baseline,src/platforms/posix/drivers/df_isl29501_wrapper,0.0,
normal:ekf2_innovation_bias__2019-01-25__17_38_05__baseline,src/platforms/posix/drivers/df_ltc2946_wrapper,0.0,
normal:ekf2_innovation_bias__2019-01-25__17_38_05__baseline,src/platforms/posix/drivers/df_trone_wrapper,0.0,
normal:ekf2_innovation_bias__2019-01-25__17_38_05__baseline,src/platforms/qurt/fc_addon/uart_esc,0.0,
normal:ekf2_innovation_bias__2019-01-25__17_38_05__baseline,src/platforms/qurt/tests/muorb,0.0,
normal:ekf2_innovation_bias__2019-01-25__17_38_05__baseline,src/templates/module,0.0,
normal:inav_local_z_freeze__2019-01-25__17_38_05__baseline,src/drivers/batt_smbus,0.0,
normal:inav_local_z_freeze__2019-01-25__17_38_05__baseline,src/drivers/blinkm,0.0,
normal:inav_local_z_freeze__2019-01-25__17_38_05__baseline,src/drivers/camera_trigger,0.0,
normal:inav_local_z_freeze__2019-01-25__17_38_05__baseline,src/drivers/distance_sensor,0.0,
normal:inav_local_z_freeze__2019-01-25__17_38_05__baseline,src/drivers/linux_pwm_out,0.0,
normal:inav_local_z_freeze__2019-01-25__17_38_05__baseline,src/drivers/mkblctrl,0.0,
normal:inav_local_z_freeze__2019-01-25__17_38_05__baseline,src/drivers/pwm_out_sim,0.0,
normal:inav_local_z_freeze__2019-01-25__17_38_05__baseline,src/drivers/px4flow,0.0,
normal:inav_local_z_freeze__2019-01-25__17_38_05__baseline,src/drivers/px4fmu,0.0,
normal:inav_local_z_freeze__2019-01-25__17_38_05__baseline,src/drivers/px4io,0.0,
normal:inav_local_z_freeze__2019-01-25__17_38_05__baseline,src/drivers/snapdragon_pwm_out,0.0,
normal:inav_local_z_freeze__2019-01-25__17_38_05__baseline,src/drivers/tap_esc,0.0,
normal:inav_local_z_freeze__2019-01-25__17_38_05__baseline,src/drivers/telemetry,0.0,
normal:inav_local_z_freeze__2019-01-25__17_38_05__baseline,src/drivers/vmount,0.0,
normal:inav_local_z_freeze__2019-01-25__17_38_05__baseline,src/examples/fixedwing_control,0.0,
normal:inav_local_z_freeze__2019-01-25__17_38_05__baseline,src/examples/hwtest,0.0,
normal:inav_local_z_freeze__2019-01-25__17_38_05__baseline,src/examples/px4_simple_app,0.0,
normal:inav_local_z_freeze__2019-01-25__17_38_05__baseline,src/examples/rover_steering_control,0.0,
normal:inav_local_z_freeze__2019-01-25__17_38_05__baseline,src/examples/uuv_example_app,0.0,
normal:inav_local_z_freeze__2019-01-25__17_38_05__baseline,src/modules/attitude_estimator_q,0.0,
normal:inav_local_z_freeze__2019-01-25__17_38_05__baseline,src/modules/camera_feedback,0.0,
normal:inav_local_z_freeze__2019-01-25__17_38_05__baseline,src/modules/commander,0.0,
normal:inav_local_z_freeze__2019-01-25__17_38_05__baseline,src/modules/ekf2,0.0,
normal:inav_local_z_freeze__2019-01-25__17_38_05__baseline,src/modules/events,0.0,
normal:inav_local_z_freeze__2019-01-25__17_38_05__baseline,src/modules/fw_att_control,0.0,
normal:inav_local_z_freeze__2019-01-25__17_38_05__baseline,src/modules/fw_pos_control_l1,0.0,
normal:inav_local_z_freeze__2019-01-25__17_38_05__baseline,src/modules/gnd_att_control,0.0,
normal:inav_local_z_freeze__2019-01-25__17_38_05__baseline,src/modules/gnd_pos_control,0.0,
normal:inav_local_z_freeze__2019-01-25__17_38_05__baseline,src/modules/gpio_led,0.0,
normal:inav_local_z_freeze__2019-01-25__17_38_05__baseline,src/modules/land_detector,0.0,
normal:inav_local_z_freeze__2019-01-25__17_38_05__baseline,src/modules/landing_target_estimator,0.0,
normal:inav_local_z_freeze__2019-01-25__17_38_05__baseline,src/modules/load_mon,0.0,
normal:inav_local_z_freeze__2019-01-25__17_38_05__baseline,src/modules/logger,0.0,
normal:inav_local_z_freeze__2019-01-25__17_38_05__baseline,src/modules/mavlink,0.0,
normal:inav_local_z_freeze__2019-01-25__17_38_05__baseline,src/modules/mc_att_control,0.0,
normal:inav_local_z_freeze__2019-01-25__17_38_05__baseline,src/modules/mc_pos_control,0.0,
normal:inav_local_z_freeze__2019-01-25__17_38_05__baseline,src/modules/navigator,0.0,
normal:inav_local_z_freeze__2019-01-25__17_38_05__baseline,src/modules/position_estimator_inav,0.0,
normal:inav_local_z_freeze__2019-01-25__17_38_05__baseline,src/modules/replay,0.0,
normal:inav_local_z_freeze__2019-01-25__17_38_05__baseline,src/modules/sdlog2,0.0,
normal:inav_local_z_freeze__2019-01-25__17_38_05__baseline,src/modules/sensors,0.0,
normal:inav_local_z_freeze__2019-01-25__17_38_05__baseline,src/modules/simulator,0.0,
normal:inav_local_z_freeze__2019-01-25__17_38_05__baseline,src/modules/syslink,0.0,
normal:inav_local_z_freeze__2019-01-25__17_38_05__baseline,src/modules/uavcan,0.0,
normal:inav_local_z_freeze__2019-01-25__17_38_05__baseline,src/modules/vtol_att_control,0.0,
normal:inav_local_z_freeze__2019-01-25__17_38_05__baseline,src/modules/wind_estimator,0.0,
normal:inav_local_z_freeze__2019-01-25__17_38_05__baseline,src/platforms/posix/drivers/df_bebop_bus_wrapper,0.0,
normal:inav_local_z_freeze__2019-01-25__17_38_05__baseline,src/platforms/posix/drivers/df_bebop_rangefinder_wrapper,0.0,
normal:inav_local_z_freeze__2019-01-25__17_38_05__baseline,src/platforms/posix/drivers/df_isl29501_wrapper,0.0,
normal:inav_local_z_freeze__2019-01-25__17_38_05__baseline,src/platforms/posix/drivers/df_ltc2946_wrapper,0.0,
normal:inav_local_z_freeze__2019-01-25__17_38_05__baseline,src/platforms/posix/drivers/df_trone_wrapper,0.0,
normal:inav_local_z_freeze__2019-01-25__17_38_05__baseline,src/platforms/qurt/fc_addon/uart_esc,0.0,
normal:inav_local_z_freeze__2019-01-25__17_38_05__baseline,src/platforms/qurt/tests/muorb,0.0,
normal:inav_local_z_freeze__2019-01-25__17_38_05__baseline,src/templates/module,0.0,
normal:land_detector_state_inversion__2019-01-25__17_38_05__baseline,src/drivers/batt_smbus,0.0,
normal:land_detector_state_inversion__2019-01-25__17_38_05__baseline,src/drivers/blinkm,0.0,
normal:land_detector_state_inversion__2019-01-25__17_38_05__baseline,src/drivers/camera_trigger,0.0,
normal:land_detector_state_inversion__2019-01-25__17_38_05__baseline,src/drivers/distance_sensor,0.0,
normal:land_detector_state_inversion__2019-01-25__17_38_05__baseline,src/drivers/linux_pwm_out,0.0,
normal:land_detector_state_inversion__2019-01-25__17_38_05__baseline,src/drivers/mkblctrl,0.0,
normal:land_detector_state_inversion__2019-01-25__17_38_05__baseline,src/drivers/pwm_out_sim,0.0,
normal:land_detector_state_inversion__2019-01-25__17_38_05__baseline,src/drivers/px4flow,0.0,
normal:land_detector_state_inversion__2019-01-25__17_38_05__baseline,src/drivers/px4fmu,0.0,
normal:land_detector_state_inversion__2019-01-25__17_38_05__baseline,src/drivers/px4io,0.0,
normal:land_detector_state_inversion__2019-01-25__17_38_05__baseline,src/drivers/snapdragon_pwm_out,0.0,
normal:land_detector_state_inversion__2019-01-25__17_38_05__baseline,src/drivers/tap_esc,0.0,
normal:land_detector_state_inversion__2019-01-25__17_38_05__baseline,src/drivers/telemetry,0.0,
normal:land_detector_state_inversion__2019-01-25__17_38_05__baseline,src/drivers/vmount,0.0,
normal:land_detector_state_inversion__2019-01-25__17_38_05__baseline,src/examples/fixedwing_control,0.0,
normal:land_detector_state_inversion__2019-01-25__17_38_05__baseline,src/examples/hwtest,0.0,
normal:land_detector_state_inversion__2019-01-25__17_38_05__baseline,src/examples/px4_simple_app,0.0,
normal:land_detector_state_inversion__2019-01-25__17_38_05__baseline,src/examples/rover_steering_control,0.0,
normal:land_detector_state_inversion__2019-01-25__17_38_05__baseline,src/examples/uuv_example_app,0.0,
normal:land_detector_state_inversion__2019-01-25__17_38_05__baseline,src/modules/attitude_estimator_q,0.0,
normal:land_detector_state_inversion__2019-01-25__17_38_05__baseline,src/modules/camera_feedback,0.0,
normal:land_detector_state_inversion__2019-01-25__17_38_05__baseline,src/modules/commander,0.0,
normal:land_detector_state_inversion__2019-01-25__17_38_05__baseline,src/modules/ekf2,0.0,
normal:land_detector_state_inversion__2019-01-25__17_38_05__baseline,src/modules/events,0.0,
normal:land_detector_state_inversion__2019-01-25__17_38_05__baseline,src/modules/fw_att_control,0.0,
normal:land_detector_state_inversion__2019-01-25__17_38_05__baseline,src/modules/fw_pos_control_l1,0.0,
normal:land_detector_state_inversion__2019-01-25__17_38_05__baseline,src/modules/gnd_att_control,0.0,
normal:land_detector_state_inversion__2019-01-25__17_38_05__baseline,src/modules/gnd_pos_control,0.0,
normal:land_detector_state_inversion__2019-01-25__17_38_05__baseline,src/modules/gpio_led,0.0,
normal:land_detector_state_inversion__2019-01-25__17_38_05__baseline,src/modules/land_detector,0.0,
normal:land_detector_state_inversion__2019-01-25__17_38_05__baseline,src/modules/landing_target_estimator,0.0,
normal:land_detector_state_inversion__2019-01-25__17_38_05__baseline,src/modules/load_mon,0.0,
normal:land_detector_state_inversion__2019-01-25__17_38_05__baseline,src/modules/logger,0.0,
normal:land_detector_state_inversion__2019-01-25__17_38_05__baseline,src/modules/mavlink,0.0,
normal:land_detector_state_inversion__2019-01-25__17_38_05__baseline,src/modules/mc_att_control,0.0,
normal:land_detector_state_inversion__2019-01-25__17_38_05__baseline,src/modules/mc_pos_control,0.0,
normal:land_detector_state_inversion__2019-01-25__17_38_05__baseline,src/modules/navigator,0.0,
normal:land_detector_state_inversion__2019-01-25__17_38_05__baseline,src/modules/position_estimator_inav,0.0,
normal:land_detector_state_inversion__2019-01-25__17_38_05__baseline,src/modules/replay,0.0,
normal:land_detector_state_inversion__2019-01-25__17_38_05__baseline,src/modules/sdlog2,0.0,
normal:land_detector_state_inversion__2019-01-25__17_38_05__baseline,src/modules/sensors,0.06515117486317956,2.0
normal:land_detector_state_inversion__2019-01-25__17_38_05__baseline,src/modules/simulator,0.0,
normal:land_detector_state_inversion__2019-01-25__17_38_05__baseline,src/modules/syslink,0.0,
normal:land_detector_state_inversion__2019-01-25__17_38_05__baseline,src/modules/uavcan,0.0,
normal:land_detector_state_inversion__2019-01-25__17_38_05__baseline,src/modules/vtol_att_control,0.0,
normal:land_detector_state_inversion__2019-01-25__17_38_05__baseline,src/modules/wind_estimator,0.0,
normal:land_detector_state_inversion__2019-01-25__17_38_05__baseline,src/platforms/posix/drivers/df_bebop_bus_wrapper,0.0,
normal:land_detector_state_inversion__2019-01-25__17_38_05__baseline,src/platforms/posix/drivers/df_bebop_rangefinder_wrapper,0.0,
normal:land_detector_state_inversion__2019-01-25__17_38_05__baseline,src/platforms/posix/drivers/df_isl29501_wrapper,0.0,
normal:land_detector_state_inversion__2019-01-25__17_38_05__baseline,src/platforms/posix/drivers/df_ltc2946_wrapper,0.0,
normal:land_detector_state_inversion__2019-01-25__17_38_05__baseline,src/platforms/posix/drivers/df_trone_wrapper,0.0,
normal:land_detector_state_inversion__2019-01-25__17_38_05__baseline,src/platforms/qurt/fc_addon/uart_esc,0.0,
normal:land_detector_state_inversion__2019-01-25__17_38_05__baseline,src/platforms/qurt/tests/muorb,0.06515117486317956,2.0
normal:land_detector_state_inversion__2019-01-25__17_38_05__baseline,src/templates/module,0.0,
fault:commander_nav_state_override__2019-01-25__17_38_05__fault,src/drivers/batt_smbus,0.0,
fault:commander_nav_state_override__2019-01-25__17_38_05__fault,src/drivers/blinkm,0.0,
fault:commander_nav_state_override__2019-01-25__17_38_05__fault,src/drivers/camera_trigger,0.0,
fault:commander_nav_state_override__2019-01-25__17_38_05__fault,src/drivers/distance_sensor,0.0,
fault:commander_nav_state_override__2019-01-25__17_38_05__fault,src/drivers/linux_pwm_out,0.0,
fault:commander_nav_state_override__2019-01-25__17_38_05__fault,src/drivers/mkblctrl,0.0,
fault:commander_nav_state_override__2019-01-25__17_38_05__fault,src/drivers/pwm_out_sim,0.0,
fault:commander_nav_state_override__2019-01-25__17_38_05__fault,src/drivers/px4flow,0.0,
fault:commander_nav_state_override__2019-01-25__17_38_05__fault,src/drivers/px4fmu,0.0,
fault:commander_nav_state_override__2019-01-25__17_38_05__fault,src/drivers/px4io,0.0,
fault:commander_nav_state_override__2019-01-25__17_38_05__fault,src/drivers/snapdragon_pwm_out,0.0,
fault:commander_nav_state_override__2019-01-25__17_38_05__fault,src/drivers/tap_esc,0.0,
fault:commander_nav_state_override__2019-01-25__17_38_05__fault,src/drivers/telemetry,0.0,
fault:commander_nav_state_override__2019-01-25__17_38_05__fault,src/drivers/vmount,0.0,
fault:commander_nav_state_override__2019-01-25__17_38_05__fault,src/examples/fixedwing_control,0.0,
fault:commander_nav_state_override__2019-01-25__17_38_05__fault,src/examples/hwtest,0.0,
fault:commander_nav_state_override__2019-01-25__17_38_05__fault,src/examples/px4_simple_app,0.0,
fault:commander_nav_state_override__2019-01-25__17_38_05__fault,src/examples/rover_steering_control,0.0,
fault:commander_nav_state_override__2019-01-25__17_38_05__fault,src/examples/uuv_example_app,0.0,
fault:commander_nav_state_override__2019-01-25__17_38_05__fault,src/modules/attitude_estimator_q,0.0,
fault:commander_nav_state_override__2019-01-25__17_38_05__fault,src/modules/camera_feedback,0.0,
fault:commander_nav_state_override__2019-01-25__17_38_05__fault,src/modules/commander,20.818679173787416,1.0
fault:commander_nav_state_override__2019-01-25__17_38_05__fault,src/modules/ekf2,0.0,
fault:commander_nav_state_override__2019-01-25__17_38_05__fault,src/modules/events,0.0,
fault:commander_nav_state_override__2019-01-25__17_38_05__fault,src/modules/fw_att_control,0.0,
fault:commander_nav_state_override__2019-01-25__17_38_05__fault,src/modules/fw_pos_control_l1,0.0,
fault:commander_nav_state_override__2019-01-25__17_38_05__fault,src/modules/gnd_att_control,0.0,
fault:commander_nav_state_override__2019-01-25__17_38_05__fault,src/modules/gnd_pos_control,0.0,
fault:commander_nav_state_override__2019-01-25__17_38_05__fault,src/modules/gpio_led,0.0,
fault:commander_nav_state_override__2019-01-25__17_38_05__fault,src/modules/land_detector,0.0,
fault:commander_nav_state_override__2019-01-25__17_38_05__fault,src/modules/landing_target_estimator,0.0,
fault:commander_nav_state_override__2019-01-25__17_38_05__fault,src/modules/load_mon,0.0,
fault:commander_nav_state_override__2019-01-25__17_38_05__fault,src/modules/logger,0.0,
fault:commander_nav_state_override__2019-01-25__17_38_05__fault,src/modules/mavlink,0.0,
fault:commander_nav_state_override__2019-01-25__17_38_05__fault,src/modules/mc_att_control,0.0,
fault:commander_nav_state_override__2019-01-25__17_38_05__fault,src/modules/mc_pos_control,0.0,
fault:commander_nav_state_override__2019-01-25__17_38_05__fault,src/modules/navigator,0.0,
fault:commander_nav_state_override__2019-01-25__17_38_05__fault,src/modules/position_estimator_inav,0.0,
fault:commander_nav_state_override__2019-01-25__17_38_05__fault,src/modules/replay,0.0,
fault:commander_nav_state_override__2019-01-25__17_38_05__fault,src/modules/sdlog2,0.0,
fault:commander_nav_state_override__2019-01-25__17_38_05__fault,src/modules/sensors,0.0,
fault:commander_nav_state_override__2019-01-25__17_38_05__fault,src/modules/simulator,0.0,
fault:commander_nav_state_override__2019-01-25__17_38_05__fault,src/modules/syslink,0.0,
fault:commander_nav_state_override__2019-01-25__17_38_05__fault,src/modules/uavcan,0.0,
fault:commander_nav_state_override__2019-01-25__17_38_05__fault,src/modules/vtol_att_control,0.0,
fault:commander_nav_state_override__2019-01-25__17_38_05__fault,src/modules/wind_estimator,0.0,
fault:commander_nav_state_override__2019-01-25__17_38_05__fault,src/platforms/posix/drivers/df_bebop_bus_wrapper,0.0,
fault:commander_nav_state_override__2019-01-25__17_38_05__fault,src/platforms/posix/drivers/df_bebop_rangefinder_wrapper,0.0,
fault:commander_nav_state_override__2019-01-25__17_38_05__fault,src/platforms/posix/drivers/df_isl29501_wrapper,0.0,
fault:commander_nav_state_override__2019-01-25__17_38_05__fault,src/platforms/posix/drivers/df_ltc2946_wrapper,0.0,
fault:commander_nav_state_override__2019-01-25__17_38_05__fault,src/platforms/posix/drivers/df_trone_wrapper,0.0,
fault:commander_nav_state_override__2019-01-25__17_38_05__fault,src/platforms/qurt/fc_addon/uart_esc,0.0,
fault:commander_nav_state_override__2019-01-25__17_38_05__fault,src/platforms/qurt/tests/muorb,0.0,
fault:commander_nav_state_override__2019-01-25__17_38_05__fault,src/templates/module,0.0,
fault:ekf2_innovation_bias__2019-01-25__17_38_05__fault,src/drivers/batt_smbus,0.0,
fault:ekf2_innovation_bias__2019-01-25__17_38_05__fault,src/drivers/blinkm,0.0,
fault:ekf2_innovation_bias__2019-01-25__17_38_05__fault,src/drivers/camera_trigger,0.0,
fault:ekf2_innovation_bias__2019-01-25__17_38_05__fault,src/drivers/distance_sensor,0.0,
fault:ekf2_innovation_bias__2019-01-25__17_38_05__fault,src/drivers/linux_pwm_out,0.0,
fault:ekf2_innovation_bias__2019-01-25__17_38_05__fault,src/drivers/mkblctrl,0.0,
fault:ekf2_innovation_bias__2019-01-25__17_38_05__fault,src/drivers/pwm_out_sim,0.0,
fault:ekf2_innovation_bias__2019-01-25__17_38_05__fault,src/drivers/px4flow,0.0,
fault:ekf2_innovation_bias__2019-01-25__17_38_05__fault,src/drivers/px4fmu,0.0,
fault:ekf2_innovation_bias__2019-01-25__17_38_05__fault,src/drivers/px4io,0.0,
fault:ekf2_innovation_bias__2019-01-25__17_38_05__fault,src/drivers/snapdragon_pwm_out,0.0,
fault:ekf2_innovation_bias__2019-01-25__17_38_05__fault,src/drivers/tap_esc,0.0,
fault:ekf2_innovation_bias__2019-01-25__17_38_05__fault,src/drivers/telemetry,0.0,
fault:ekf2_innovation_bias__2019-01-25__17_38_05__fault,src/drivers/vmount,0.0,
fault:ekf2_innovation_bias__2019-01-25__17_38_05__fault,src/examples/fixedwing_control,0.0,
fault:ekf2_innovation_bias__2019-01-25__17_38_05__fault,src/examples/hwtest,0.0,
fault:ekf2_innovation_bias__2019-01-25__17_38_05__fault,src/examples/px4_simple_app,0.0,
fault:ekf2_innovation_bias__2019-01-25__17_38_05__fault,src/examples/rover_steering_control,0.0,
fault:ekf2_innovation_bias__2019-01-25__17_38_05__fault,src/examples/uuv_example_app,0.0,
fault:ekf2_innovation_bias__2019-01-25__17_38_05__fault,src/modules/attitude_estimator_q,0.0,
fault:ekf2_innovation_bias__2019-01-25__17_38_05__fault,src/modules/camera_feedback,0.0,
fault:ekf2_innovation_bias__2019-01-25__17_38_05__fault,src/modules/commander,0.0,
fault:ekf2_innovation_bias__2019-01-25__17_38_05__fault,src/modules/ekf2,1.1764629406596356,1.0
fault:ekf2_innovation_bias__2019-01-25__17_38_05__fault,src/modules/events,0.0,
fault:ekf2_innovation_bias__2019-01-25__17_38_05__fault,src/modules/fw_att_control,0.0,
fault:ekf2_innovation_bias__2019-01-25__17_38_05__fault,src/modules/fw_pos_control_l1,0.0,
fault:ekf2_innovation_bias__2019-01-25__17_38_05__fault,src/modules/gnd_att_control,0.0,
fault:ekf2_innovation_bias__2019-01-25__17_38_05__fault,src/modules/gnd_pos_control,0.0,
fault:ekf2_innovation_bias__2019-01-25__17_38_05__fault,src/modules/gpio_led,0.0,
fault:ekf2_innovation_bias__2019-01-25__17_38_05__fault,src/modules/land_detector,0.0,
fault:ekf2_innovation_bias__2019-01-25__17_38_05__fault,src/modules/landing_target_estimator,0.0,
fault:ekf2_innovation_bias__2019-01-25__17_38_05__fault,src/modules/load_mon,0.0,
fault:ekf2_innovation_bias__2019-01-25__17_38_05__fault,src/modules/logger,0.0,
fault:ekf2_innovation_bias__2019-01-25__17_38_05__fault,src/modules/mavlink,0.0,
fault:ekf2_innovation_bias__2019-01-25__17_38_05__fault,src/modules/mc_att_control,0.0,
fault:ekf2_innovation_bias__2019-01-25__17_38_05__fault,src/modules/mc_pos_control,0.0,
fault:ekf2_innovation_bias__2019-01-25__17_38_05__fault,src/modules/navigator,0.0,
fault:ekf2_innovation_bias__2019-01-25__17_38_05__fault,src/modules/position_estimator_inav,0.0,
fault:ekf2_innovation_bias__2019-01-25__17_38_05__fault,src/modules/replay,0.0,
fault:ekf2_innovation_bias__2019-01-25__17_38_05__fault,src/modules/sdlog2,0.0,
fault:ekf2_innovation_bias__2019-01-25__17_38_05__fault,src/modules/sensors,0.0,
fault:ekf2_innovation_bias__2019-01-25__17_38_05__fault,src/modules/simulator,0.0,
fault:ekf2_innovation_bias__2019-01-25__17_38_05__fault,src/modules/syslink,0.0,
fault:ekf2_innovation_bias__2019-01-25__17_38_05__fault,src/modules/uavcan,0.0,
fault:ekf2_innovation_bias__2019-01-25__17_38_05__fault,src/modules/vtol_att_control,0.0,
fault:ekf2_innovation_bias__2019-01-25__17_38_05__fault,src/modules/wind_estimator,0.0,
fault:ekf2_innovation_bias__2019-01-25__17_38_05__fault,src/platforms/posix/drivers/df_bebop_bus_wrapper,0.0,
fault:ekf2_innovation_bias__2019-01-25__17_38_05__fault,src/platforms/posix/drivers/df_bebop_rangefinder_wrapper,0.0,
fault:ekf2_innovation_bias__2019-01-25__17_38_05__fault,src/platforms/posix/drivers/df_isl29501_wrapper,0.0,
fault:ekf2_innovation_bias__2019-01-25__17_38_05__fault,src/platforms/posix/drivers/df_ltc2946_wrapper,0.0,
fault:ekf2_innovation_bias__2019-01-25__17_38_05__fault,src/platforms/posix/drivers/df_trone_wrapper,0.0,
fault:ekf2_innovation_bias__2019-01-25__17_38_05__fault,src/platforms/qurt/fc_addon/uart_esc,0.0,
fault:ekf2_innovation_bias__2019-01-25__17_38_05__fault,src/platforms/qurt/tests/muorb,0.0,
fault:ekf2_innovation_bias__2019-01-25__17_38_05__fault,src/templates/module,0.0,
fault:inav_local_z_freeze__2019-01-25__17_38_05__fault,src/drivers/batt_smbus,0.0,
fault:inav_local_z_freeze__2019-01-25__17_38_05__fault,src/drivers/blinkm,0.0,
fault:inav_local_z_freeze__2019-01-25__17_38_05__fault,src/drivers/camera_trigger,0.0,
fault:inav_local_z_freeze__2019-01-25__17_38_05__fault,src/drivers/distance_sensor,0.0,
fault:inav_local_z_freeze__2019-01-25__17_38_05__fault,src/drivers/linux_pwm_out,0.0,
fault:inav_local_z_freeze__2019-01-25__17_38_05__fault,src/drivers/mkblctrl,0.0,
fault:inav_local_z_freeze__2019-01-25__17_38_05__fault,src/drivers/pwm_out_sim,0.0,
fault:inav_local_z_freeze__2019-01-25__17_38_05__fault,src/drivers/px4flow,0.0,
fault:inav_local_z_freeze__2019-01-25__17_38_05__fault,src/drivers/px4fmu,0.0,
fault:inav_local_z_freeze__2019-01-25__17_38_05__fault,src/drivers/px4io,0.0,
fault:inav_local_z_freeze__2019-01-25__17_38_05__fault,src/drivers/snapdragon_pwm_out,0.0,
fault:inav_local_z_freeze__2019-01-25__17_38_05__fault,src/drivers/tap_esc,0.0,
fault:inav_local_z_freeze__2019-01-25__17_38_05__fault,src/drivers/telemetry,0.0,
fault:inav_local_z_freeze__2019-01-25__17_38_05__fault,src/drivers/vmount,0.0,
fault:inav_local_z_freeze__2019-01-25__17_38_05__fault,src/examples/fixedwing_control,0.0,
fault:inav_local_z_freeze__2019-01-25__17_38_05__fault,src/examples/hwtest,0.0,
fault:inav_local_z_freeze__2019-01-25__17_38_05__fault,src/examples/px4_simple_app,0.0,
fault:inav_local_z_freeze__2019-01-25__17_38_05__fault,src/examples/rover_steering_control,0.0,
fault:inav_local_z_freeze__2019-01-25__17_38_05__fault,src/examples/uuv_example_app,0.0,
fault:inav_local_z_freeze__2019-01-25__17_38_05__fault,src/modules/attitude_estimator_q,0.0,
fault:inav_local_z_freeze__2019-01-25__17_38_05__fault,src/modules/camera_feedback,0.0,
fault:inav_local_z_freeze__2019-01-25__17_38_05__fault,src/modules/commander,0.0,
fault:inav_local_z_freeze__2019-01-25__17_38_05__fault,src/modules/ekf2,0.0,
fault:inav_local_z_freeze__2019-01-25__17_38_05__fault,src/modules/events,0.0,
fault:inav_local_z_freeze__2019-01-25__17_38_05__fault,src/modules/fw_att_control,0.0,
fault:inav_local_z_freeze__2019-01-25__17_38_05__fault,src/modules/fw_pos_control_l1,0.0,
fault:inav_local_z_freeze__2019-01-25__17_38_05__fault,src/modules/gnd_att_control,0.0,
fault:inav_local_z_freeze__2019-01-25__17_38_05__fault,src/modules/gnd_pos_control,0.0,
fault:inav_local_z_freeze__2019-01-25__17_38_05__fault,src/modules/gpio_led,0.0,
fault:inav_local_z_freeze__2019-01-25__17_38_05__fault,src/modules/land_detector,0.0,
fault:inav_local_z_freeze__2019-01-25__17_38_05__fault,src/modules/landing_target_estimator,0.0,
fault:inav_local_z_freeze__2019-01-25__17_38_05__fault,src/modules/load_mon,0.0,
fault:inav_local_z_freeze__2019-01-25__17_38_05__fault,src/modules/logger,0.0,
fault:inav_local_z_freeze__2019-01-25__17_38_05__fault,src/modules/mavlink,3.180651287563432,2.0
fault:inav_local_z_freeze__2019-01-25__17_38_05__fault,src/modules/mc_att_control,0.0,
fault:inav_local_z_freeze__2019-01-25__17_38_05__fault,src/modules/mc_pos_control,0.0,
fault:inav_local_z_freeze__2019-01-25__17_38_05__fault,src/modules/navigator,0.0,
fault:inav_local_z_freeze__2019-01-25__17_38_05__fault,src/modules/position_estimator_inav,3.180651287563432,2.0
fault:inav_local_z_freeze__2019-01-25__17_38_05__fault,src/modules/replay,0.0,
fault:inav_local_z_freeze__2019-01-25__17_38_05__fault,src/modules/sdlog2,0.0,
fault:inav_local_z_freeze__2019-01-25__17_38_05__fault,src/modules/sensors,0.0,
fault:inav_local_z_freeze__2019-01-25__17_38_05__fault,src/modules/simulator,0.0,
fault:inav_local_z_freeze__2019-01-25__17_38_05__fault,src/modules/syslink,0.0,
fault:inav_local_z_freeze__2019-01-25__17_38_05__fault,src/modules/uavcan,0.0,
fault:inav_local_z_freeze__2019-01-25__17_38_05__fault,src/modules/vtol_att_control,0.0,
fault:inav_local_z_freeze__2019-01-25__17_38_05__fault,src/modules/wind_estimator,0.0,
fault:inav_local_z_freeze__2019-01-25__17_38_05__fault,src/platforms/posix/drivers/df_bebop_bus_wrapper,0.0,
fault:inav_local_z_freeze__2019-01-25__17_38_05__fault,src/platforms/posix/drivers/df_bebop_rangefinder_wrapper,0.0,
fault:inav_local_z_freeze__2019-01-25__17_38_05__fault,src/platforms/posix/drivers/df_isl29501_wrapper,0.0,
fault:inav_local_z_freeze__2019-01-25__17_38_05__fault,src/platforms/posix/drivers/df_ltc2946_wrapper,0.0,
fault:inav_local_z_freeze__2019-01-25__17_38_05__fault,src/platforms/posix/drivers/df_trone_wrapper,0.0,
fault:inav_local_z_freeze__2019-01-25__17_38_05__fault,src/platforms/qurt/fc_addon/uart_esc,0.0,
fault:inav_local_z_freeze__2019-01-25__17_38_05__fault,src/platforms/qurt/tests/muorb,0.0,
fault:inav_local_z_freeze__2019-01-25__17_38_05__fault,src/templates/module,0.0,
fault:land_detector_state_inversion__2019-01-25__17_38_05__fault,src/drivers/batt_smbus,0.0,
fault:land_detector_state_inversion__2019-01-25__17_38_05__fault,src/drivers/blinkm,0.0,
fault:land_detector_state_inversion__2019-01-25__17_38_05__fault,src/drivers/camera_trigger,0.0,
fault:land_detector_state_inversion__2019-01-25__17_38_05__fault,src/drivers/distance_sensor,0.0,
fault:land_detector_state_inversion__2019-01-25__17_38_05__fault,src/drivers/linux_pwm_out,0.0,
fault:land_detector_state_inversion__2019-01-25__17_38_05__fault,src/drivers/mkblctrl,0.0,
fault:land_detector_state_inversion__2019-01-25__17_38_05__fault,src/drivers/pwm_out_sim,0.0,
fault:land_detector_state_inversion__2019-01-25__17_38_05__fault,src/drivers/px4flow,0.0,
fault:land_detector_state_inversion__2019-01-25__17_38_05__fault,src/drivers/px4fmu,0.0,
fault:land_detector_state_inversion__2019-01-25__17_38_05__fault,src/drivers/px4io,0.0,
fault:land_detector_state_inversion__2019-01-25__17_38_05__fault,src/drivers/snapdragon_pwm_out,0.0,
fault:land_detector_state_inversion__2019-01-25__17_38_05__fault,src/drivers/tap_esc,0.0,
fault:land_detector_state_inversion__2019-01-25__17_38_05__fault,src/drivers/telemetry,0.0,
fault:land_detector_state_inversion__2019-01-25__17_38_05__fault,src/drivers/vmount,0.0,
fault:land_detector_state_inversion__2019-01-25__17_38_05__fault,src/examples/fixedwing_control,0.0,
fault:land_detector_state_inversion__2019-01-25__17_38_05__fault,src/examples/hwtest,0.0,
fault:land_detector_state_inversion__2019-01-25__17_38_05__fault,src/examples/px4_simple_app,0.0,
fault:land_detector_state_inversion__2019-01-25__17_38_05__fault,src/examples/rover_steering_control,0.0,
fault:land_detector_state_inversion__2019-01-25__17_38_05__fault,src/examples/uuv_example_app,0.0,
fault:land_detector_state_inversion__2019-01-25__17_38_05__fault,src/modules/attitude_estimator_q,0.0,
fault:land_detector_state_inversion__2019-01-25__17_38_05__fault,src/modules/camera_feedback,0.0,
fault:land_detector_state_inversion__2019-01-25__17_38_05__fault,src/modules/commander,0.0,
fault:land_detector_state_inversion__2019-01-25__17_38_05__fault,src/modules/ekf2,0.0,
fault:land_detector_state_inversion__2019-01-25__17_38_05__fault,src/modules/events,0.0,
fault:land_detector_state_inversion__2019-01-25__17_38_05__fault,src/modules/fw_att_control,0.0,
fault:land_detector_state_inversion__2019-01-25__17_38_05__fault,src/modules/fw_pos_control_l1,0.0,
fault:land_detector_state_inversion__2019-01-25__17_38_05__fault,src/modules/gnd_att_control,0.0,
fault:land_detector_state_inversion__2019-01-25__17_38_05__fault,src/modules/gnd_pos_control,0.0,
fault:land_detector_state_inversion__2019-01-25__17_38_05__fault,src/modules/gpio_led,0.0,
fault:land_detector_state_inversion__2019-01-25__17_38_05__fault,src/modules/land_detector,28.12747162516808,2.0
fault:land_detector_state_inversion__2019-01-25__17_38_05__fault,src/modules/landing_target_estimator,0.0,
fault:land_detector_state_inversion__2019-01-25__17_38_05__fault,src/modules/load_mon,0.0,
fault:land_detector_state_inversion__2019-01-25__17_38_05__fault,src/modules/logger,0.0,
fault:land_detector_state_inversion__2019-01-25__17_38_05__fault,src/modules/mavlink,28.12747162516808,2.0
fault:land_detector_state_inversion__2019-01-25__17_38_05__fault,src/modules/mc_att_control,0.0,
fault:land_detector_state_inversion__2019-01-25__17_38_05__fault,src/modules/mc_pos_control,0.0,
fault:land_detector_state_inversion__2019-01-25__17_38_05__fault,src/modules/navigator,0.0,
fault:land_detector_state_inversion__2019-01-25__17_38_05__fault,src/modules/position_estimator_inav,0.0,
fault:land_detector_state_inversion__2019-01-25__17_38_05__fault,src/modules/replay,0.0,
fault:land_detector_state_inversion__2019-01-25__17_38_05__fault,src/modules/sdlog2,0.0,
fault:land_detector_state_inversion__2019-01-25__17_38_05__fault,src/modules/sensors,0.0016705429452097324,4.0
fault:land_detector_state_inversion__2019-01-25__17_38_05__fault,src/modules/simulator,0.0,
fault:land_detector_state_inversion__2019-01-25__17_38_05__fault,src/modules/syslink,0.0,
fault:land_detector_state_inversion__2019-01-25__17_38_05__fault,src/modules/uavcan,0.0,
fault:land_detector_state_inversion__2019-01-25__17_38_05__fault,src/modules/vtol_att_control,0.0,
fault:land_detector_state_inversion__2019-01-25__17_38_05__fault,src/modules/wind_estimator,0.0,
fault:land_detector_state_inversion__2019-01-25__17_38_05__fault,src/platforms/posix/drivers/df_bebop_bus_wrapper,0.0,
fault:land_detector_state_inversion__2019-01-25__17_38_05__fault,src/platforms/posix/drivers/df_bebop_rangefinder_wrapper,0.0,
fault:land_detector_state_inversion__2019-01-25__17_38_05__fault,src/platforms/posix/drivers/df_isl29501_wrapper,0.0,
fault:land_detector_state_inversion__2019-01-25__17_38_05__fault,src/platforms/posix/drivers/df_ltc2946_wrapper,0.0,
fault:land_detector_state_inversion__2019-01-25__17_38_05__fault,src/platforms/posix/drivers/df_trone_wrapper,0.0,
fault:land_detector_state_inversion__2019-01-25__17_38_05__fault,src/platforms/qurt/fc_addon/uart_esc,0.0,
fault:land_detector_state_inversion__2019-01-25__17_38_05__fault,src/platforms/qurt/tests/muorb,0.0016705429452097324,4.0
fault:land_detector_state_inversion__2019-01-25__17_38_05__fault,src/templates/module,0.0,
normal:commander_nav_state_override__2019-03-06__08_02_26__baseline,src/drivers/batt_smbus,0.0,
normal:commander_nav_state_override__2019-03-06__08_02_26__baseline,src/drivers/blinkm,0.0,
normal:commander_nav_state_override__2019-03-06__08_02_26__baseline,src/drivers/camera_trigger,0.0,
normal:commander_nav_state_override__2019-03-06__08_02_26__baseline,src/drivers/distance_sensor,0.0,
normal:commander_nav_state_override__2019-03-06__08_02_26__baseline,src/drivers/linux_pwm_out,0.0,
normal:commander_nav_state_override__2019-03-06__08_02_26__baseline,src/drivers/mkblctrl,0.0,
normal:commander_nav_state_override__2019-03-06__08_02_26__baseline,src/drivers/pwm_out_sim,0.0,
normal:commander_nav_state_override__2019-03-06__08_02_26__baseline,src/drivers/px4flow,0.0,
normal:commander_nav_state_override__2019-03-06__08_02_26__baseline,src/drivers/px4fmu,0.0,
normal:commander_nav_state_override__2019-03-06__08_02_26__baseline,src/drivers/px4io,0.0,
normal:commander_nav_state_override__2019-03-06__08_02_26__baseline,src/drivers/snapdragon_pwm_out,0.0,
normal:commander_nav_state_override__2019-03-06__08_02_26__baseline,src/drivers/tap_esc,0.0,
normal:commander_nav_state_override__2019-03-06__08_02_26__baseline,src/drivers/telemetry,0.0,
normal:commander_nav_state_override__2019-03-06__08_02_26__baseline,src/drivers/vmount,0.0,
normal:commander_nav_state_override__2019-03-06__08_02_26__baseline,src/examples/fixedwing_control,0.0,
normal:commander_nav_state_override__2019-03-06__08_02_26__baseline,src/examples/hwtest,0.0,
normal:commander_nav_state_override__2019-03-06__08_02_26__baseline,src/examples/px4_simple_app,0.0,
normal:commander_nav_state_override__2019-03-06__08_02_26__baseline,src/examples/rover_steering_control,0.0,
normal:commander_nav_state_override__2019-03-06__08_02_26__baseline,src/examples/uuv_example_app,0.0,
normal:commander_nav_state_override__2019-03-06__08_02_26__baseline,src/modules/attitude_estimator_q,0.0,
normal:commander_nav_state_override__2019-03-06__08_02_26__baseline,src/modules/camera_feedback,0.0,
normal:commander_nav_state_override__2019-03-06__08_02_26__baseline,src/modules/commander,0.0,
normal:commander_nav_state_override__2019-03-06__08_02_26__baseline,src/modules/ekf2,0.0,
normal:commander_nav_state_override__2019-03-06__08_02_26__baseline,src/modules/events,0.0,
normal:commander_nav_state_override__2019-03-06__08_02_26__baseline,src/modules/fw_att_control,0.0,
normal:commander_nav_state_override__2019-03-06__08_02_26__baseline,src/modules/fw_pos_control_l1,0.0,
normal:commander_nav_state_override__2019-03-06__08_02_26__baseline,src/modules/gnd_att_control,0.0,
normal:commander_nav_state_override__2019-03-06__08_02_26__baseline,src/modules/gnd_pos_control,0.0,
normal:commander_nav_state_override__2019-03-06__08_02_26__baseline,src/modules/gpio_led,0.0,
normal:commander_nav_state_override__2019-03-06__08_02_26__baseline,src/modules/land_detector,0.0,
normal:commander_nav_state_override__2019-03-06__08_02_26__baseline,src/modules/landing_target_estimator,0.0,
normal:commander_nav_state_override__2019-03-06__08_02_26__baseline,src/modules/load_mon,0.0,
normal:commander_nav_state_override__2019-03-06__08_02_26__baseline,src/modules/logger,0.0,
normal:commander_nav_state_override__2019-03-06__08_02_26__baseline,src/modules/mavlink,0.0,
normal:commander_nav_state_override__2019-03-06__08_02_26__baseline,src/modules/mc_att_control,0.0,
normal:commander_nav_state_override__2019-03-06__08_02_26__baseline,src/modules/mc_pos_control,0.0,
normal:commander_nav_state_override__2019-03-06__08_02_26__baseline,src/modules/navigator,0.0,
normal:commander_nav_state_override__2019-03-06__08_02_26__baseline,src/modules/position_estimator_inav,0.0,
normal:commander_nav_state_override__2019-03-06__08_02_26__baseline,src/modules/replay,0.0,
normal:commander_nav_state_override__2019-03-06__08_02_26__baseline,src/modules/sdlog2,0.0,
normal:commander_nav_state_override__2019-03-06__08_02_26__baseline,src/modules/sensors,0.0,
normal:commander_nav_state_override__2019-03-06__08_02_26__baseline,src/modules/simulator,0.0,
normal:commander_nav_state_override__2019-03-06__08_02_26__baseline,src/modules/syslink,0.0,
normal:commander_nav_state_override__2019-03-06__08_02_26__baseline,src/modules/uavcan,0.0,
normal:commander_nav_state_override__2019-03-06__08_02_26__baseline,src/modules/vtol_att_control,0.0,
normal:commander_nav_state_override__2019-03-06__08_02_26__baseline,src/modules/wind_estimator,0.0,
normal:commander_nav_state_override__2019-03-06__08_02_26__baseline,src/platforms/posix/drivers/df_bebop_bus_wrapper,0.0,
normal:commander_nav_state_override__2019-03-06__08_02_26__baseline,src/platforms/posix/drivers/df_bebop_rangefinder_wrapper,0.0,
normal:commander_nav_state_override__2019-03-06__08_02_26__baseline,src/platforms/posix/drivers/df_isl29501_wrapper,0.0,
normal:commander_nav_state_override__2019-03-06__08_02_26__baseline,src/platforms/posix/drivers/df_ltc2946_wrapper,0.0,
normal:commander_nav_state_override__2019-03-06__08_02_26__baseline,src/platforms/posix/drivers/df_trone_wrapper,0.0,
normal:commander_nav_state_override__2019-03-06__08_02_26__baseline,src/platforms/qurt/fc_addon/uart_esc,0.0,
normal:commander_nav_state_override__2019-03-06__08_02_26__baseline,src/platforms/qurt/tests/muorb,0.0,
normal:commander_nav_state_override__2019-03-06__08_02_26__baseline,src/templates/module,0.0,
normal:ekf2_innovation_bias__2019-03-06__08_02_26__baseline,src/drivers/batt_smbus,0.0,
normal:ekf2_innovation_bias__2019-03-06__08_02_26__baseline,src/drivers/blinkm,0.0,
normal:ekf2_innovation_bias__2019-03-06__08_02_26__baseline,src/drivers/camera_trigger,0.0,
normal:ekf2_innovation_bias__2019-03-06__08_02_26__baseline,src/drivers/distance_sensor,0.0,
normal:ekf2_innovation_bias__2019-03-06__08_02_26__baseline,src/drivers/linux_pwm_out,0.0,
normal:ekf2_innovation_bias__2019-03-06__08_02_26__baseline,src/drivers/mkblctrl,0.0,
normal:ekf2_innovation_bias__2019-03-06__08_02_26__baseline,src/drivers/pwm_out_sim,0.0,
normal:ekf2_innovation_bias__2019-03-06__08_02_26__baseline,src/drivers/px4flow,0.0,
normal:ekf2_innovation_bias__2019-03-06__08_02_26__baseline,src/drivers/px4fmu,0.0,
normal:ekf2_innovation_bias__2019-03-06__08_02_26__baseline,src/drivers/px4io,0.0,
normal:ekf2_innovation_bias__2019-03-06__08_02_26__baseline,src/drivers/snapdragon_pwm_out,0.0,
normal:ekf2_innovation_bias__2019-03-06__08_02_26__baseline,src/drivers/tap_esc,0.0,
normal:ekf2_innovation_bias__2019-03-06__08_02_26__baseline,src/drivers/telemetry,0.0,
normal:ekf2_innovation_bias__2019-03-06__08_02_26__baseline,src/drivers/vmount,0.0,
normal:ekf2_innovation_bias__2019-03-06__08_02_26__baseline,src/examples/fixedwing_control,0.0,
normal:ekf2_innovation_bias__2019-03-06__08_02_26__baseline,src/examples/hwtest,0.4588948447671397,4.0
normal:ekf2_innovation_bias__2019-03-06__08_02_26__baseline,src/examples/px4_simple_app,0.0,
normal:ekf2_innovation_bias__2019-03-06__08_02_26__baseline,src/examples/rover_steering_control,0.0,
normal:ekf2_innovation_bias__2019-03-06__08_02_26__baseline,src/examples/uuv_example_app,0.4588948447671397,4.0
normal:ekf2_innovation_bias__2019-03-06__08_02_26__baseline,src/modules/attitude_estimator_q,0.0,
normal:ekf2_innovation_bias__2019-03-06__08_02_26__baseline,src/modules/camera_feedback,0.0,
normal:ekf2_innovation_bias__2019-03-06__08_02_26__baseline,src/modules/commander,0.0,
normal:ekf2_innovation_bias__2019-03-06__08_02_26__baseline,src/modules/ekf2,0.27742442876072104,5.0
normal:ekf2_innovation_bias__2019-03-06__08_02_26__baseline,src/modules/events,0.0,
normal:ekf2_innovation_bias__2019-03-06__08_02_26__baseline,src/modules/fw_att_control,0.0,
normal:ekf2_innovation_bias__2019-03-06__08_02_26__baseline,src/modules/fw_pos_control_l1,0.0,
normal:ekf2_innovation_bias__2019-03-06__08_02_26__baseline,src/modules/gnd_att_control,0.0,
normal:ekf2_innovation_bias__2019-03-06__08_02_26__baseline,src/modules/gnd_pos_control,0.0,
normal:ekf2_innovation_bias__2019-03-06__08_02_26__baseline,src/modules/gpio_led,0.0,
normal:ekf2_innovation_bias__2019-03-06__08_02_26__baseline,src/modules/land_detector,0.0,
normal:ekf2_innovation_bias__2019-03-06__08_02_26__baseline,src/modules/landing_target_estimator,0.0,
normal:ekf2_innovation_bias__2019-03-06__08_02_26__baseline,src/modules/load_mon,0.0,
normal:ekf2_innovation_bias__2019-03-06__08_02_26__baseline,src/modules/logger,0.0,
normal:ekf2_innovation_bias__2019-03-06__08_02_26__baseline,src/modules/mavlink,0.4588948447671397,4.0
normal:ekf2_innovation_bias__2019-03-06__08_02_26__baseline,src/modules/mc_att_control,0.0,
normal:ekf2_innovation_bias__2019-03-06__08_02_26__baseline,src/modules/mc_pos_control,0.0,
normal:ekf2_innovation_bias__2019-03-06__08_02_26__baseline,src/modules/navigator,0.0,
normal:ekf2_innovation_bias__2019-03-06__08_02_26__baseline,src/modules/position_estimator_inav,0.0,
normal:ekf2_innovation_bias__2019-03-06__08_02_26__baseline,src/modules/replay,0.0,
normal:ekf2_innovation_bias__2019-03-06__08_02_26__baseline,src/modules/sdlog2,0.0,
normal:ekf2_innovation_bias__2019-03-06__08_02_26__baseline,src/modules/sensors,0.0,
normal:ekf2_innovation_bias__2019-03-06__08_02_26__baseline,src/modules/simulator,0.0,
normal:ekf2_innovation_bias__2019-03-06__08_02_26__baseline,src/modules/syslink,0.0,
normal:ekf2_innovation_bias__2019-03-06__08_02_26__baseline,src/modules/uavcan,0.0,
normal:ekf2_innovation_bias__2019-03-06__08_02_26__baseline,src/modules/vtol_att_control,0.4588948447671397,4.0
normal:ekf2_innovation_bias__2019-03-06__08_02_26__baseline,src/modules/wind_estimator,0.0,
normal:ekf2_innovation_bias__2019-03-06__08_02_26__baseline,src/platforms/posix/drivers/df_bebop_bus_wrapper,0.0,
normal:ekf2_innovation_bias__2019-03-06__08_02_26__baseline,src/platforms/posix/drivers/df_bebop_rangefinder_wrapper,0.0,
normal:ekf2_innovation_bias__2019-03-06__08_02_26__baseline,src/platforms/posix/drivers/df_isl29501_wrapper,0.0,
normal:ekf2_innovation_bias__2019-03-06__08_02_26__baseline,src/platforms/posix/drivers/df_ltc2946_wrapper,0.0,
normal:ekf2_innovation_bias__2019-03-06__08_02_26__baseline,src/platforms/posix/drivers/df_trone_wrapper,0.0,
normal:ekf2_innovation_bias__2019-03-06__08_02_26__baseline,src/platforms/qurt/fc_addon/uart_esc,0.0,
normal:ekf2_innovation_bias__2019-03-06__08_02_26__baseline,src/platforms/qurt/tests/muorb,0.0,
normal:ekf2_innovation_bias__2019-03-06__08_02_26__baseline,src/templates/module,0.0,
normal:inav_local_z_freeze__2019-03-06__08_02_26__baseline,src/drivers/batt_smbus,0.0,
normal:inav_local_z_freeze__2019-03-06__08_02_26__baseline,src/drivers/blinkm,0.0,
normal:inav_local_z_freeze__2019-03-06__08_02_26__baseline,src/drivers/camera_trigger,0.0,
normal:inav_local_z_freeze__2019-03-06__08_02_26__baseline,src/drivers/distance_sensor,0.0,
normal:inav_local_z_freeze__2019-03-06__08_02_26__baseline,src/drivers/linux_pwm_out,0.0,
normal:inav_local_z_freeze__2019-03-06__08_02_26__baseline,src/drivers/mkblctrl,0.0,
normal:inav_local_z_freeze__2019-03-06__08_02_26__baseline,src/drivers/pwm_out_sim,0.0,
normal:inav_local_z_freeze__2019-03-06__08_02_26__baseline,src/drivers/px4flow,0.0,
normal:inav_local_z_freeze__2019-03-06__08_02_26__baseline,src/drivers/px4fmu,0.0,
normal:inav_local_z_freeze__2019-03-06__08_02_26__baseline,src/drivers/px4io,0.0,
normal:inav_local_z_freeze__2019-03-06__08_02_26__baseline,src/drivers/snapdragon_pwm_out,0.0,
normal:inav_local_z_freeze__2019-03-06__08_02_26__baseline,src/drivers/tap_esc,0.0,
normal:inav_local_z_freeze__2019-03-06__08_02_26__baseline,src/drivers/telemetry,0.0,
normal:inav_local_z_freeze__2019-03-06__08_02_26__baseline,src/drivers/vmount,0.0,
normal:inav_local_z_freeze__2019-03-06__08_02_26__baseline,src/examples/fixedwing_control,0.0,
normal:inav_local_z_freeze__2019-03-06__08_02_26__baseline,src/examples/hwtest,0.0,
normal:inav_local_z_freeze__2019-03-06__08_02_26__baseline,src/examples/px4_simple_app,0.0,
normal:inav_local_z_freeze__2019-03-06__08_02_26__baseline,src/examples/rover_steering_control,0.0,
normal:inav_local_z_freeze__2019-03-06__08_02_26__baseline,src/examples/uuv_example_app,0.0,
normal:inav_local_z_freeze__2019-03-06__08_02_26__baseline,src/modules/attitude_estimator_q,0.0,
normal:inav_local_z_freeze__2019-03-06__08_02_26__baseline,src/modules/camera_feedback,0.0,
normal:inav_local_z_freeze__2019-03-06__08_02_26__baseline,src/modules/commander,0.0,
normal:inav_local_z_freeze__2019-03-06__08_02_26__baseline,src/modules/ekf2,0.0,
normal:inav_local_z_freeze__2019-03-06__08_02_26__baseline,src/modules/events,0.0,
normal:inav_local_z_freeze__2019-03-06__08_02_26__baseline,src/modules/fw_att_control,0.0,
normal:inav_local_z_freeze__2019-03-06__08_02_26__baseline,src/modules/fw_pos_control_l1,0.0,
normal:inav_local_z_freeze__2019-03-06__08_02_26__baseline,src/modules/gnd_att_control,0.0,
normal:inav_local_z_freeze__2019-03-06__08_02_26__baseline,src/modules/gnd_pos_control,0.0,
normal:inav_local_z_freeze__2019-03-06__08_02_26__baseline,src/modules/gpio_led,0.0,
normal:inav_local_z_freeze__2019-03-06__08_02_26__baseline,src/modules/land_detector,0.0,
normal:inav_local_z_freeze__2019-03-06__08_02_26__baseline,src/modules/landing_target_estimator,0.0,
normal:inav_local_z_freeze__2019-03-06__08_02_26__baseline,src/modules/load_mon,0.0,
normal:inav_local_z_freeze__2019-03-06__08_02_26__baseline,src/modules/logger,0.0,
normal:inav_local_z_freeze__2019-03-06__08_02_26__baseline,src/modules/mavlink,0.0,
normal:inav_local_z_freeze__2019-03-06__08_02_26__baseline,src/modules/mc_att_control,0.0,
normal:inav_local_z_freeze__2019-03-06__08_02_26__baseline,src/modules/mc_pos_control,0.0,
normal:inav_local_z_freeze__2019-03-06__08_02_26__baseline,src/modules/navigator,0.0,
normal:inav_local_z_freeze__2019-03-06__08_02_26__baseline,src/modules/position_estimator_inav,0.0,
normal:inav_local_z_freeze__2019-03-06__08_02_26__baseline,src/modules/replay,0.0,
normal:inav_local_z_freeze__2019-03-06__08_02_26__baseline,src/modules/sdlog2,0.0,
normal:inav_local_z_freeze__2019-03-06__08_02_26__baseline,src/modules/sensors,0.0,
normal:inav_local_z_freeze__2019-03-06__08_02_26__baseline,src/modules/simulator,0.0,
normal:inav_local_z_freeze__2019-03-06__08_02_26__baseline,src/modules/syslink,0.0,
normal:inav_local_z_freeze__2019-03-06__08_02_26__baseline,src/modules/uavcan,0.0,
normal:inav_local_z_freeze__2019-03-06__08_02_26__baseline,src/modules/vtol_att_control,0.0,
normal:inav_local_z_freeze__2019-03-06__08_02_26__baseline,src/modules/wind_estimator,0.0,
normal:inav_local_z_freeze__2019-03-06__08_02_26__baseline,src/platforms/posix/drivers/df_bebop_bus_wrapper,0.0,
normal:inav_local_z_freeze__2019-03-06__08_02_26__baseline,src/platforms/posix/drivers/df_bebop_rangefinder_wrapper,0.0,
normal:inav_local_z_freeze__2019-03-06__08_02_26__baseline,src/platforms/posix/drivers/df_isl29501_wrapper,0.0,
normal:inav_local_z_freeze__2019-03-06__08_02_26__baseline,src/platforms/posix/drivers/df_ltc2946_wrapper,0.0,
normal:inav_local_z_freeze__2019-03-06__08_02_26__baseline,src/platforms/posix/drivers/df_trone_wrapper,0.0,
normal:inav_local_z_freeze__2019-03-06__08_02_26__baseline,src/platforms/qurt/fc_addon/uart_esc,0.0,
normal:inav_local_z_freeze__2019-03-06__08_02_26__baseline,src/platforms/qurt/tests/muorb,0.0,
normal:inav_local_z_freeze__2019-03-06__08_02_26__baseline,src/templates/module,0.0,
normal:land_detector_state_inversion__2019-03-06__08_02_26__baseline,src/drivers/batt_smbus,0.0,
normal:land_detector_state_inversion__2019-03-06__08_02_26__baseline,src/drivers/blinkm,0.0,
normal:land_detector_state_inversion__2019-03-06__08_02_26__baseline,src/drivers/camera_trigger,0.0,
normal:land_detector_state_inversion__2019-03-06__08_02_26__baseline,src/drivers/distance_sensor,0.0,
normal:land_detector_state_inversion__2019-03-06__08_02_26__baseline,src/drivers/linux_pwm_out,0.0,
normal:land_detector_state_inversion__2019-03-06__08_02_26__baseline,src/drivers/mkblctrl,0.0,
normal:land_detector_state_inversion__2019-03-06__08_02_26__baseline,src/drivers/pwm_out_sim,0.0,
normal:land_detector_state_inversion__2019-03-06__08_02_26__baseline,src/drivers/px4flow,0.0,
normal:land_detector_state_inversion__2019-03-06__08_02_26__baseline,src/drivers/px4fmu,0.0,
normal:land_detector_state_inversion__2019-03-06__08_02_26__baseline,src/drivers/px4io,0.0,
normal:land_detector_state_inversion__2019-03-06__08_02_26__baseline,src/drivers/snapdragon_pwm_out,0.0,
normal:land_detector_state_inversion__2019-03-06__08_02_26__baseline,src/drivers/tap_esc,0.0,
normal:land_detector_state_inversion__2019-03-06__08_02_26__baseline,src/drivers/telemetry,0.0,
normal:land_detector_state_inversion__2019-03-06__08_02_26__baseline,src/drivers/vmount,0.0,
normal:land_detector_state_inversion__2019-03-06__08_02_26__baseline,src/examples/fixedwing_control,0.0,
normal:land_detector_state_inversion__2019-03-06__08_02_26__baseline,src/examples/hwtest,0.27489345930098286,4.0
normal:land_detector_state_inversion__2019-03-06__08_02_26__baseline,src/examples/px4_simple_app,0.0,
normal:land_detector_state_inversion__2019-03-06__08_02_26__baseline,src/examples/rover_steering_control,0.0,
normal:land_detector_state_inversion__2019-03-06__08_02_26__baseline,src/examples/uuv_example_app,0.27489345930098286,4.0
normal:land_detector_state_inversion__2019-03-06__08_02_26__baseline,src/modules/attitude_estimator_q,0.0,
normal:land_detector_state_inversion__2019-03-06__08_02_26__baseline,src/modules/camera_feedback,0.0,
normal:land_detector_state_inversion__2019-03-06__08_02_26__baseline,src/modules/commander,0.0,
normal:land_detector_state_inversion__2019-03-06__08_02_26__baseline,src/modules/ekf2,0.0,
normal:land_detector_state_inversion__2019-03-06__08_02_26__baseline,src/modules/events,0.0,
normal:land_detector_state_inversion__2019-03-06__08_02_26__baseline,src/modules/fw_att_control,0.0,
normal:land_detector_state_inversion__2019-03-06__08_02_26__baseline,src/modules/fw_pos_control_l1,0.0,
normal:land_detector_state_inversion__2019-03-06__08_02_26__baseline,src/modules/gnd_att_control,0.0,
normal:land_detector_state_inversion__2019-03-06__08_02_26__baseline,src/modules/gnd_pos_control,0.0,
normal:land_detector_state_inversion__2019-03-06__08_02_26__baseline,src/modules/gpio_led,0.0,
normal:land_detector_state_inversion__2019-03-06__08_02_26__baseline,src/modules/land_detector,0.0,
normal:land_detector_state_inversion__2019-03-06__08_02_26__baseline,src/modules/landing_target_estimator,0.0,
normal:land_detector_state_inversion__2019-03-06__08_02_26__baseline,src/modules/load_mon,0.0,
normal:land_detector_state_inversion__2019-03-06__08_02_26__baseline,src/modules/logger,0.0,
normal:land_detector_state_inversion__2019-03-06__08_02_26__baseline,src/modules/mavlink,0.27489345930098286,4.0
normal:land_detector_state_inversion__2019-03-06__08_02_26__baseline,src/modules/mc_att_control,0.0,
normal:land_detector_state_inversion__2019-03-06__08_02_26__baseline,src/modules/mc_pos_control,0.0,
normal:land_detector_state_inversion__2019-03-06__08_02_26__baseline,src/modules/navigator,0.0,
normal:land_detector_state_inversion__2019-03-06__08_02_26__baseline,src/modules/position_estimator_inav,0.0,
normal:land_detector_state_inversion__2019-03-06__08_02_26__baseline,src/modules/replay,0.0,
normal:land_detector_state_inversion__2019-03-06__08_02_26__baseline,src/modules/sdlog2,0.0,
normal:land_detector_state_inversion__2019-03-06__08_02_26__baseline,src/modules/sensors,0.0,
normal:land_detector_state_inversion__2019-03-06__08_02_26__baseline,src/modules/simulator,0.0,
normal:land_detector_state_inversion__2019-03-06__08_02_26__baseline,src/modules/syslink,0.0,
normal:land_detector_state_inversion__2019-03-06__08_02_26__baseline,src/modules/uavcan,0.0,
normal:land_detector_state_inversion__2019-03-06__08_02_26__baseline,src/modules/vtol_att_control,0.27489345930098286,4.0
normal:land_detector_state_inversion__2019-03-06__08_02_26__baseline,src/modules/wind_estimator,0.0,
normal:land_detector_state_inversion__2019-03-06__08_02_26__baseline,src/platforms/posix/drivers/df_bebop_bus_wrapper,0.0,
normal:land_detector_state_inversion__2019-03-06__08_02_26__baseline,src/platforms/posix/drivers/df_bebop_rangefinder_wrapper,0.0,
normal:land_detector_state_inversion__2019-03-06__08_02_26__baseline,src/platforms/posix/drivers/df_isl29501_wrapper,0.0,
normal:land_detector_state_inversion__2019-03-06__08_02_26__baseline,src/platforms/posix/drivers/df_ltc2946_wrapper,0.0,
normal:land_detector_state_inversion__2019-03-06__08_02_26__baseline,src/platforms/posix/drivers/df_trone_wrapper,0.0,
normal:land_detector_state_inversion__2019-03-06__08_02_26__baseline,src/platforms/qurt/fc_addon/uart_esc,0.0,
normal:land_detector_state_inversion__2019-03-06__08_02_26__baseline,src/platforms/qurt/tests/muorb,0.0,
normal:land_detector_state_inversion__2019-03-06__08_02_26__baseline,src/templates/module,0.0,
fault:commander_nav_state_override__2019-03-06__08_02_26__fault,src/drivers/batt_smbus,0.0,
fault:commander_nav_state_override__2019-03-06__08_02_26__fault,src/drivers/blinkm,0.0,
fault:commander_nav_state_override__2019-03-06__08_02_26__fault,src/drivers/camera_trigger,0.0,
fault:commander_nav_state_override__2019-03-06__08_02_26__fault,src/drivers/distance_sensor,0.0,
fault:commander_nav_state_override__2019-03-06__08_02_26__fault,src/drivers/linux_pwm_out,0.0,
fault:commander_nav_state_override__2019-03-06__08_02_26__fault,src/drivers/mkblctrl,0.0,
fault:commander_nav_state_override__2019-03-06__08_02_26__fault,src/drivers/pwm_out_sim,0.0,
fault:commander_nav_state_override__2019-03-06__08_02_26__fault,src/drivers/px4flow,0.0,
fault:commander_nav_state_override__2019-03-06__08_02_26__fault,src/drivers/px4fmu,0.0,
fault:commander_nav_state_override__2019-03-06__08_02_26__fault,src/drivers/px4io,0.0,
fault:commander_nav_state_override__2019-03-06__08_02_26__fault,src/drivers/snapdragon_pwm_out,0.0,
fault:commander_nav_state_override__2019-03-06__08_02_26__fault,src/drivers/tap_esc,0.0,
fault:commander_nav_state_override__2019-03-06__08_02_26__fault,src/drivers/telemetry,0.0,
fault:commander_nav_state_override__2019-03-06__08_02_26__fault,src/drivers/vmount,0.0,
fault:commander_nav_state_override__2019-03-06__08_02_26__fault,src/examples/fixedwing_control,0.0,
fault:commander_nav_state_override__2019-03-06__08_02_26__fault,src/examples/hwtest,0.0,
fault:commander_nav_state_override__2019-03-06__08_02_26__fault,src/examples/px4_simple_app,0.0,
fault:commander_nav_state_override__2019-03-06__08_02_26__fault,src/examples/rover_steering_control,0.0,
fault:commander_nav_state_override__2019-03-06__08_02_26__fault,src/examples/uuv_example_app,0.0,
fault:commander_nav_state_override__2019-03-06__08_02_26__fault,src/modules/attitude_estimator_q,0.0,
fault:commander_nav_state_override__2019-03-06__08_02_26__fault,src/modules/camera_feedback,0.0,
fault:commander_nav_state_override__2019-03-06__08_02_26__fault,src/modules/commander,17.67810249328614,1.0
fault:commander_nav_state_override__2019-03-06__08_02_26__fault,src/modules/ekf2,0.0,
fault:commander_nav_state_override__2019-03-06__08_02_26__fault,src/modules/events,0.0,
fault:commander_nav_state_override__2019-03-06__08_02_26__fault,src/modules/fw_att_control,0.0,
fault:commander_nav_state_override__2019-03-06__08_02_26__fault,src/modules/fw_pos_control_l1,0.0,
fault:commander_nav_state_override__2019-03-06__08_02_26__fault,src/modules/gnd_att_control,0.0,
fault:commander_nav_state_override__2019-03-06__08_02_26__fault,src/modules/gnd_pos_control,0.0,
fault:commander_nav_state_override__2019-03-06__08_02_26__fault,src/modules/gpio_led,0.0,
fault:commander_nav_state_override__2019-03-06__08_02_26__fault,src/modules/land_detector,0.0,
fault:commander_nav_state_override__2019-03-06__08_02_26__fault,src/modules/landing_target_estimator,0.0,
fault:commander_nav_state_override__2019-03-06__08_02_26__fault,src/modules/load_mon,0.0,
fault:commander_nav_state_override__2019-03-06__08_02_26__fault,src/modules/logger,0.0,
fault:commander_nav_state_override__2019-03-06__08_02_26__fault,src/modules/mavlink,0.0,
fault:commander_nav_state_override__2019-03-06__08_02_26__fault,src/modules/mc_att_control,0.0,
fault:commander_nav_state_override__2019-03-06__08_02_26__fault,src/modules/mc_pos_control,0.0,
fault:commander_nav_state_override__2019-03-06__08_02_26__fault,src/modules/navigator,0.0,
fault:commander_nav_state_override__2019-03-06__08_02_26__fault,src/modules/position_estimator_inav,0.0,
fault:commander_nav_state_override__2019-03-06__08_02_26__fault,src/modules/replay,0.0,
fault:commander_nav_state_override__2019-03-06__08_02_26__fault,src/modules/sdlog2,0.0,
fault:commander_nav_state_override__2019-03-06__08_02_26__fault,src/modules/sensors,0.0,
fault:commander_nav_state_override__2019-03-06__08_02_26__fault,src/modules/simulator,0.0,
fault:commander_nav_state_override__2019-03-06__08_02_26__fault,src/modules/syslink,0.0,
fault:commander_nav_state_override__2019-03-06__08_02_26__fault,src/modules/uavcan,0.0,
fault:commander_nav_state_override__2019-03-06__08_02_26__fault,src/modules/vtol_att_control,0.0,
fault:commander_nav_state_override__2019-03-06__08_02_26__fault,src/modules/wind_estimator,0.0,
fault:commander_nav_state_override__2019-03-06__08_02_26__fault,src/platforms/posix/drivers/df_bebop_bus_wrapper,0.0,
fault:commander_nav_state_override__2019-03-06__08_02_26__fault,src/platforms/posix/drivers/df_bebop_rangefinder_wrapper,0.0,
fault:commander_nav_state_override__2019-03-06__08_02_26__fault,src/platforms/posix/drivers/df_isl29501_wrapper,0.0,
fault:commander_nav_state_override__2019-03-06__08_02_26__fault,src/platforms/posix/drivers/df_ltc2946_wrapper,0.0,
fault:commander_nav_state_override__2019-03-06__08_02_26__fault,src/platforms/posix/drivers/df_trone_wrapper,0.0,
fault:commander_nav_state_override__2019-03-06__08_02_26__fault,src/platforms/qurt/fc_addon/uart_esc,0.0,
fault:commander_nav_state_override__2019-03-06__08_02_26__fault,src/platforms/qurt/tests/muorb,0.0,
fault:commander_nav_state_override__2019-03-06__08_02_26__fault,src/templates/module,0.0,
fault:ekf2_innovation_bias__2019-03-06__08_02_26__fault,src/drivers/batt_smbus,0.0,
fault:ekf2_innovation_bias__2019-03-06__08_02_26__fault,src/drivers/blinkm,0.0,
fault:ekf2_innovation_bias__2019-03-06__08_02_26__fault,src/drivers/camera_trigger,0.0,
fault:ekf2_innovation_bias__2019-03-06__08_02_26__fault,src/drivers/distance_sensor,0.0,
fault:ekf2_innovation_bias__2019-03-06__08_02_26__fault,src/drivers/linux_pwm_out,0.0,
fault:ekf2_innovation_bias__2019-03-06__08_02_26__fault,src/drivers/mkblctrl,0.0,
fault:ekf2_innovation_bias__2019-03-06__08_02_26__fault,src/drivers/pwm_out_sim,0.0,
fault:ekf2_innovation_bias__2019-03-06__08_02_26__fault,src/drivers/px4flow,0.0,
fault:ekf2_innovation_bias__2019-03-06__08_02_26__fault,src/drivers/px4fmu,0.0,
fault:ekf2_innovation_bias__2019-03-06__08_02_26__fault,src/drivers/px4io,0.0,
fault:ekf2_innovation_bias__2019-03-06__08_02_26__fault,src/drivers/snapdragon_pwm_out,0.0,
fault:ekf2_innovation_bias__2019-03-06__08_02_26__fault,src/drivers/tap_esc,0.0,
fault:ekf2_innovation_bias__2019-03-06__08_02_26__fault,src/drivers/telemetry,0.0,
fault:ekf2_innovation_bias__2019-03-06__08_02_26__fault,src/drivers/vmount,0.0,
fault:ekf2_innovation_bias__2019-03-06__08_02_26__fault,src/examples/fixedwing_control,0.0,
fault:ekf2_innovation_bias__2019-03-06__08_02_26__fault,src/examples/hwtest,0.01295406492212861,5.0
fault:ekf2_innovation_bias__2019-03-06__08_02_26__fault,src/examples/px4_simple_app,0.0,
fault:ekf2_innovation_bias__2019-03-06__08_02_26__fault,src/examples/rover_steering_control,0.0,
fault:ekf2_innovation_bias__2019-03-06__08_02_26__fault,src/examples/uuv_example_app,0.01295406492212861,5.0
fault:ekf2_innovation_bias__2019-03-06__08_02_26__fault,src/modules/attitude_estimator_q,0.0,
fault:ekf2_innovation_bias__2019-03-06__08_02_26__fault,src/modules/camera_feedback,0.0,
fault:ekf2_innovation_bias__2019-03-06__08_02_26__fault,src/modules/commander,0.0,
fault:ekf2_innovation_bias__2019-03-06__08_02_26__fault,src/modules/ekf2,1.6013307997340265,1.0
fault:ekf2_innovation_bias__2019-03-06__08_02_26__fault,src/modules/events,0.0,
fault:ekf2_innovation_bias__2019-03-06__08_02_26__fault,src/modules/fw_att_control,0.0,
fault:ekf2_innovation_bias__2019-03-06__08_02_26__fault,src/modules/fw_pos_control_l1,0.0,
fault:ekf2_innovation_bias__2019-03-06__08_02_26__fault,src/modules/gnd_att_control,0.0,
fault:ekf2_innovation_bias__2019-03-06__08_02_26__fault,src/modules/gnd_pos_control,0.0,
fault:ekf2_innovation_bias__2019-03-06__08_02_26__fault,src/modules/gpio_led,0.0,
fault:ekf2_innovation_bias__2019-03-06__08_02_26__fault,src/modules/land_detector,0.0,
fault:ekf2_innovation_bias__2019-03-06__08_02_26__fault,src/modules/landing_target_estimator,0.0,
fault:ekf2_innovation_bias__2019-03-06__08_02_26__fault,src/modules/load_mon,0.0,
fault:ekf2_innovation_bias__2019-03-06__08_02_26__fault,src/modules/logger,0.0,
fault:ekf2_innovation_bias__2019-03-06__08_02_26__fault,src/modules/mavlink,0.01295406492212861,5.0
fault:ekf2_innovation_bias__2019-03-06__08_02_26__fault,src/modules/mc_att_control,0.0,
fault:ekf2_innovation_bias__2019-03-06__08_02_26__fault,src/modules/mc_pos_control,0.0,
fault:ekf2_innovation_bias__2019-03-06__08_02_26__fault,src/modules/navigator,0.0,
fault:ekf2_innovation_bias__2019-03-06__08_02_26__fault,src/modules/position_estimator_inav,0.0,
fault:ekf2_innovation_bias__2019-03-06__08_02_26__fault,src/modules/replay,0.0,
fault:ekf2_innovation_bias__2019-03-06__08_02_26__fault,src/modules/sdlog2,0.0,
fault:ekf2_innovation_bias__2019-03-06__08_02_26__fault,src/modules/sensors,0.0,
fault:ekf2_innovation_bias__2019-03-06__08_02_26__fault,src/modules/simulator,0.0,
fault:ekf2_innovation_bias__2019-03-06__08_02_26__fault,src/modules/syslink,0.0,
fault:ekf2_innovation_bias__2019-03-06__08_02_26__fault,src/modules/uavcan,0.0,
fault:ekf2_innovation_bias__2019-03-06__08_02_26__fault,src/modules/vtol_att_control,0.01295406492212861,5.0
fault:ekf2_innovation_bias__2019-03-06__08_02_26__fault,src/modules/wind_estimator,0.0,
fault:ekf2_innovation_bias__2019-03-06__08_02_26__fault,src/platforms/posix/drivers/df_bebop_bus_wrapper,0.0,
fault:ekf2_innovation_bias__2019-03-06__08_02_26__fault,src/platforms/posix/drivers/df_bebop_rangefinder_wrapper,0.0,
fault:ekf2_innovation_bias__2019-03-06__08_02_26__fault,src/platforms/posix/drivers/df_isl29501_wrapper,0.0,
fault:ekf2_innovation_bias__2019-03-06__08_02_26__fault,src/platforms/posix/drivers/df_ltc2946_wrapper,0.0,
fault:ekf2_innovation_bias__2019-03-06__08_02_26__fault,src/platforms/posix/drivers/df_trone_wrapper,0.0,
fault:ekf2_innovation_bias__2019-03-06__08_02_26__fault,src/platforms/qurt/fc_addon/uart_esc,0.0,
fault:ekf2_innovation_bias__2019-03-06__08_02_26__fault,src/platforms/qurt/tests/muorb,0.0,
fault:ekf2_innovation_bias__2019-03-06__08_02_26__fault,src/templates/module,0.0,
fault:inav_local_z_freeze__2019-03-06__08_02_26__fault,src/drivers/batt_smbus,0.0,
fault:inav_local_z_freeze__2019-03-06__08_02_26__fault,src/drivers/blinkm,0.0,
fault:inav_local_z_freeze__2019-03-06__08_02_26__fault,src/drivers/camera_trigger,0.0,
fault:inav_local_z_freeze__2019-03-06__08_02_26__fault,src/drivers/distance_sensor,0.0,
fault:inav_local_z_freeze__2019-03-06__08_02_26__fault,src/drivers/linux_pwm_out,0.0,
fault:inav_local_z_freeze__2019-03-06__08_02_26__fault,src/drivers/mkblctrl,0.0,
fault:inav_local_z_freeze__2019-03-06__08_02_26__fault,src/drivers/pwm_out_sim,0.0,
fault:inav_local_z_freeze__2019-03-06__08_02_26__fault,src/drivers/px4flow,0.0,
fault:inav_local_z_freeze__2019-03-06__08_02_26__fault,src/drivers/px4fmu,0.0,
fault:inav_local_z_freeze__2019-03-06__08_02_26__fault,src/drivers/px4io,0.0,
fault:inav_local_z_freeze__2019-03-06__08_02_26__fault,src/drivers/snapdragon_pwm_out,0.0,
fault:inav_local_z_freeze__2019-03-06__08_02_26__fault,src/drivers/tap_esc,0.0,
fault:inav_local_z_freeze__2019-03-06__08_02_26__fault,src/drivers/telemetry,0.0,
fault:inav_local_z_freeze__2019-03-06__08_02_26__fault,src/drivers/vmount,0.0,
fault:inav_local_z_freeze__2019-03-06__08_02_26__fault,src/examples/fixedwing_control,0.0,
fault:inav_local_z_freeze__2019-03-06__08_02_26__fault,src/examples/hwtest,0.0,
fault:inav_local_z_freeze__2019-03-06__08_02_26__fault,src/examples/px4_simple_app,0.0,
fault:inav_local_z_freeze__2019-03-06__08_02_26__fault,src/examples/rover_steering_control,0.0,
fault:inav_local_z_freeze__2019-03-06__08_02_26__fault,src/examples/uuv_example_app,0.0,
fault:inav_local_z_freeze__2019-03-06__08_02_26__fault,src/modules/attitude_estimator_q,0.0,
fault:inav_local_z_freeze__2019-03-06__08_02_26__fault,src/modules/camera_feedback,0.0,
fault:inav_local_z_freeze__2019-03-06__08_02_26__fault,src/modules/commander,0.0,
fault:inav_local_z_freeze__2019-03-06__08_02_26__fault,src/modules/ekf2,0.0,
fault:inav_local_z_freeze__2019-03-06__08_02_26__fault,src/modules/events,0.0,
fault:inav_local_z_freeze__2019-03-06__08_02_26__fault,src/modules/fw_att_control,0.0,
fault:inav_local_z_freeze__2019-03-06__08_02_26__fault,src/modules/fw_pos_control_l1,0.0,
fault:inav_local_z_freeze__2019-03-06__08_02_26__fault,src/modules/gnd_att_control,0.0,
fault:inav_local_z_freeze__2019-03-06__08_02_26__fault,src/modules/gnd_pos_control,0.0,
fault:inav_local_z_freeze__2019-03-06__08_02_26__fault,src/modules/gpio_led,0.0,
fault:inav_local_z_freeze__2019-03-06__08_02_26__fault,src/modules/land_detector,0.0,
fault:inav_local_z_freeze__2019-03-06__08_02_26__fault,src/modules/landing_target_estimator,0.0,
fault:inav_local_z_freeze__2019-03-06__08_02_26__fault,src/modules/load_mon,0.0,
fault:inav_local_z_freeze__2019-03-06__08_02_26__fault,src/modules/logger,0.0,
fault:inav_local_z_freeze__2019-03-06__08_02_26__fault,src/modules/mavlink,3.005731683713506,2.0
fault:inav_local_z_freeze__2019-03-06__08_02_26__fault,src/modules/mc_att_control,0.0,
fault:inav_local_z_freeze__2019-03-06__08_02_26__fault,src/modules/mc_pos_control,0.0,
fault:inav_local_z_freeze__2019-03-06__08_02_26__fault,src/modules/navigator,0.0,
fault:inav_local_z_freeze__2019-03-06__08_02_26__fault,src/modules/position_estimator_inav,3.005731683713506,2.0
fault:inav_local_z_freeze__2019-03-06__08_02_26__fault,src/modules/replay,0.0,
fault:inav_local_z_freeze__2019-03-06__08_02_26__fault,src/modules/sdlog2,0.0,
fault:inav_local_z_freeze__2019-03-06__08_02_26__fault,src/modules/sensors,0.0,
fault:inav_local_z_freeze__2019-03-06__08_02_26__fault,src/modules/simulator,0.0,
fault:inav_local_z_freeze__2019-03-06__08_02_26__fault,src/modules/syslink,0.0,
fault:inav_local_z_freeze__2019-03-06__08_02_26__fault,src/modules/uavcan,0.0,
fault:inav_local_z_freeze__2019-03-06__08_02_26__fault,src/modules/vtol_att_control,0.0,
fault:inav_local_z_freeze__2019-03-06__08_02_26__fault,src/modules/wind_estimator,0.0,
fault:inav_local_z_freeze__2019-03-06__08_02_26__fault,src/platforms/posix/drivers/df_bebop_bus_wrapper,0.0,
fault:inav_local_z_freeze__2019-03-06__08_02_26__fault,src/platforms/posix/drivers/df_bebop_rangefinder_wrapper,0.0,
fault:inav_local_z_freeze__2019-03-06__08_02_26__fault,src/platforms/posix/drivers/df_isl29501_wrapper,0.0,
fault:inav_local_z_freeze__2019-03-06__08_02_26__fault,src/platforms/posix/drivers/df_ltc2946_wrapper,0.0,
fault:inav_local_z_freeze__2019-03-06__08_02_26__fault,src/platforms/posix/drivers/df_trone_wrapper,0.0,
fault:inav_local_z_freeze__2019-03-06__08_02_26__fault,src/platforms/qurt/fc_addon/uart_esc,0.0,
fault:inav_local_z_freeze__2019-03-06__08_02_26__fault,src/platforms/qurt/tests/muorb,0.0,
fault:inav_local_z_freeze__2019-03-06__08_02_26__fault,src/templates/module,0.0,
fault:land_detector_state_inversion__2019-03-06__08_02_26__fault,src/drivers/batt_smbus,0.0,
fault:land_detector_state_inversion__2019-03-06__08_02_26__fault,src/drivers/blinkm,0.0,
fault:land_detector_state_inversion__2019-03-06__08_02_26__fault,src/drivers/camera_trigger,0.0,
fault:land_detector_state_inversion__2019-03-06__08_02_26__fault,src/drivers/distance_sensor,0.0,
fault:land_detector_state_inversion__2019-03-06__08_02_26__fault,src/drivers/linux_pwm_out,0.0,
fault:land_detector_state_inversion__2019-03-06__08_02_26__fault,src/drivers/mkblctrl,0.0,
fault:land_detector_state_inversion__2019-03-06__08_02_26__fault,src/drivers/pwm_out_sim,0.0,
fault:land_detector_state_inversion__2019-03-06__08_02_26__fault,src/drivers/px4flow,0.0,
fault:land_detector_state_inversion__2019-03-06__08_02_26__fault,src/drivers/px4fmu,0.0,
fault:land_detector_state_inversion__2019-03-06__08_02_26__fault,src/drivers/px4io,0.0,
fault:land_detector_state_inversion__2019-03-06__08_02_26__fault,src/drivers/snapdragon_pwm_out,0.0,
fault:land_detector_state_inversion__2019-03-06__08_02_26__fault,src/drivers/tap_esc,0.0,
fault:land_detector_state_inversion__2019-03-06__08_02_26__fault,src/drivers/telemetry,0.0,
fault:land_detector_state_inversion__2019-03-06__08_02_26__fault,src/drivers/vmount,0.0,
fault:land_detector_state_inversion__2019-03-06__08_02_26__fault,src/examples/fixedwing_control,0.0,
fault:land_detector_state_inversion__2019-03-06__08_02_26__fault,src/examples/hwtest,0.0,
fault:land_detector_state_inversion__2019-03-06__08_02_26__fault,src/examples/px4_simple_app,0.0,
fault:land_detector_state_inversion__2019-03-06__08_02_26__fault,src/examples/rover_steering_control,0.0,
fault:land_detector_state_inversion__2019-03-06__08_02_26__fault,src/examples/uuv_example_app,0.0,
fault:land_detector_state_inversion__2019-03-06__08_02_26__fault,src/modules/attitude_estimator_q,0.0,
fault:land_detector_state_inversion__2019-03-06__08_02_26__fault,src/modules/camera_feedback,0.0,
fault:land_detector_state_inversion__2019-03-06__08_02_26__fault,src/modules/commander,0.0,
fault:land_detector_state_inversion__2019-03-06__08_02_26__fault,src/modules/ekf2,0.0,
fault:land_detector_state_inversion__2019-03-06__08_02_26__fault,src/modules/events,0.0,
fault:land_detector_state_inversion__2019-03-06__08_02_26__fault,src/modules/fw_att_control,0.0,
fault:land_detector_state_inversion__2019-03-06__08_02_26__fault,src/modules/fw_pos_control_l1,0.0,
fault:land_detector_state_inversion__2019-03-06__08_02_26__fault,src/modules/gnd_att_control,0.0,
fault:land_detector_state_inversion__2019-03-06__08_02_26__fault,src/modules/gnd_pos_control,0.0,
fault:land_detector_state_inversion__2019-03-06__08_02_26__fault,src/modules/gpio_led,0.0,
fault:land_detector_state_inversion__2019-03-06__08_02_26__fault,src/modules/land_detector,28.12747175119271,2.0
fault:land_detector_state_inversion__2019-03-06__08_02_26__fault,src/modules/landing_target_estimator,0.0,
fault:land_detector_state_inversion__2019-03-06__08_02_26__fault,src/modules/load_mon,0.0,
fault:land_detector_state_inversion__2019-03-06__08_02_26__fault,src/modules/logger,0.0,
fault:land_detector_state_inversion__2019-03-06__08_02_26__fault,src/modules/mavlink,28.12747175119271,2.0
fault:land_detector_state_inversion__2019-03-06__08_02_26__fault,src/modules/mc_att_control,0.0,
fault:land_detector_state_inversion__2019-03-06__08_02_26__fault,src/modules/mc_pos_control,0.0,
fault:land_detector_state_inversion__2019-03-06__08_02_26__fault,src/modules/navigator,0.0,
fault:land_detector_state_inversion__2019-03-06__08_02_26__fault,src/modules/position_estimator_inav,0.0,
fault:land_detector_state_inversion__2019-03-06__08_02_26__fault,src/modules/replay,0.0,
fault:land_detector_state_inversion__2019-03-06__08_02_26__fault,src/modules/sdlog2,0.0,
fault:land_detector_state_inversion__2019-03-06__08_02_26__fault,src/modules/sensors,0.0,
fault:land_detector_state_inversion__2019-03-06__08_02_26__fault,src/modules/simulator,0.0,
fault:land_detector_state_inversion__2019-03-06__08_02_26__fault,src/modules/syslink,0.0,
fault:land_detector_state_inversion__2019-03-06__08_02_26__fault,src/modules/uavcan,0.0,
fault:land_detector_state_inversion__2019-03-06__08_02_26__fault,src/modules/vtol_att_control,0.0,
fault:land_detector_state_inversion__2019-03-06__08_02_26__fault,src/modules/wind_estimator,0.0,
fault:land_detector_state_inversion__2019-03-06__08_02_26__fault,src/platforms/posix/drivers/df_bebop_bus_wrapper,0.0,
fault:land_detector_state_inversion__2019-03-06__08_02_26__fault,src/platforms/posix/drivers/df_bebop_rangefinder_wrapper,0.0,
fault:land_detector_state_inversion__2019-03-06__08_02_26__fault,src/platforms/posix/drivers/df_isl29501_wrapper,0.0,
fault:land_detector_state_inversion__2019-03-06__08_02_26__fault,src/platforms/posix/drivers/df_ltc2946_wrapper,0.0,
fault:land_detector_state_inversion__2019-03-06__08_02_26__fault,src/platforms/posix/drivers/df_trone_wrapper,0.0,
fault:land_detector_state_inversion__2019-03-06__08_02_26__fault,src/platforms/qurt/fc_addon/uart_esc,0.0,
fault:land_detector_state_inversion__2019-03-06__08_02_26__fault,src/platforms/qurt/tests/muorb,0.0,
fault:land_detector_state_inversion__2019-03-06__08_02_26__fault,src/templates/module,0.0,
