feature_index,feature,descriptor,channel,topic
0,mean__actuator_controls_0.control[0],mean,actuator_controls_0.control[0],actuator_controls_0
1,mean__actuator_controls_0.control[1],mean,actuator_controls_0.control[1],actuator_controls_0
2,mean__actuator_controls_0.control[2],mean,actuator_controls_0.control[2],actuator_controls_0
3,mean__actuator_controls_0.control[3],mean,actuator_controls_0.control[3],actuator_controls_0
4,mean__actuator_outputs.output[0],mean,actuator_outputs.output[0],actuator_outputs
5,mean__actuator_outputs.output[1],mean,actuator_outputs.output[1],actuator_outputs
6,mean__actuator_outputs.output[2],mean,actuator_outputs.output[2],actuator_outputs
7,mean__actuator_outputs.output[3],mean,actuator_outputs.output[3],actuator_outputs
8,mean__actuator_outputs.output[4],mean,actuator_outputs.output[4],actuator_outputs
9,mean__actuator_outputs.output[5],mean,actuator_outputs.output[5],actuator_outputs
10,mean__actuator_outputs.output[6],mean,actuator_outputs.output[6],actuator_outputs
11,mean__actuator_outputs.output[7],mean,actuator_outputs.output[7],actuator_outputs
12,mean__battery_status.current_a,mean,battery_status.current_a,battery_status
13,mean__battery_status.current_filtered_a,mean,battery_status.current_filtered_a,battery_status
14,mean__battery_status.discharged_mah,mean,battery_status.discharged_mah,battery_status
15,mean__battery_status.remaining,mean,battery_status.remaining,battery_status
16,mean__battery_status.voltage_filtered_v,mean,battery_status.voltage_filtered_v,battery_status
17,mean__battery_status.voltage_v,mean,battery_status.voltage_v,battery_status
18,mean__cpuload.load,mean,cpuload.load,cpuload
19,mean__cpuload.ram_usage,mean,cpuload.ram_usage,cpuload
20,mean__distance_sensor.current_distance,mean,distance_sensor.current_distance,distance_sensor
21,mean__ekf2_innovations.hagl_innov,mean,ekf2_innovations.hagl_innov,ekf2_innovations
22,mean__ekf2_innovations.heading_innov,mean,ekf2_innovations.heading_innov,ekf2_innovations
23,mean__ekf2_innovations.output_tracking_error[0],mean,ekf2_innovations.output_tracking_error[0],ekf2_innovations
24,mean__ekf2_innovations.output_tracking_error[1],mean,ekf2_innovations.output_tracking_error[1],ekf2_innovations
25,mean__ekf2_innovations.output_tracking_error[2],mean,ekf2_innovations.output_tracking_error[2],ekf2_innovations
26,mean__ekf2_innovations.vel_pos_innov[3],mean,ekf2_innovations.vel_pos_innov[3],ekf2_innovations
27,mean__ekf2_innovations.vel_pos_innov[4],mean,ekf2_innovations.vel_pos_innov[4],ekf2_innovations
28,mean__ekf2_innovations.vel_pos_innov[5],mean,ekf2_innovations.vel_pos_innov[5],ekf2_innovations
29,mean__estimator_status.hagl_test_ratio,mean,estimator_status.hagl_test_ratio,estimator_status
30,mean__estimator_status.hgt_test_ratio,mean,estimator_status.hgt_test_ratio,estimator_status
31,mean__estimator_status.mag_test_ratio,mean,estimator_status.mag_test_ratio,estimator_status
32,mean__estimator_status.pos_horiz_accuracy,mean,estimator_status.pos_horiz_accuracy,estimator_status
33,mean__estimator_status.pos_test_ratio,mean,estimator_status.pos_test_ratio,estimator_status
34,mean__estimator_status.pos_vert_accuracy,mean,estimator_status.pos_vert_accuracy,estimator_status
35,mean__estimator_status.vibe[0],mean,estimator_status.vibe[0],estimator_status
36,mean__estimator_status.vibe[1],mean,estimator_status.vibe[1],estimator_status
37,mean__estimator_status.vibe[2],mean,estimator_status.vibe[2],estimator_status
38,mean__manual_control_setpoint.r,mean,manual_control_setpoint.r,manual_control_setpoint
39,mean__manual_control_setpoint.x,mean,manual_control_setpoint.x,manual_control_setpoint
40,mean__manual_control_setpoint.y,mean,manual_control_setpoint.y,manual_control_setpoint
41,mean__manual_control_setpoint.z,mean,manual_control_setpoint.z,manual_control_setpoint
42,mean__rate_ctrl_status.pitchspeed_integ,mean,rate_ctrl_status.pitchspeed_integ,rate_ctrl_status
43,mean__rate_ctrl_status.rollspeed_integ,mean,rate_ctrl_status.rollspeed_integ,rate_ctrl_status
44,mean__rate_ctrl_status.yawspeed_integ,mean,rate_ctrl_status.yawspeed_integ,rate_ctrl_status
45,mean__sensor_combined.accelerometer_m_s2[0],mean,sensor_combined.accelerometer_m_s2[0],sensor_combined
46,mean__sensor_combined.accelerometer_m_s2[1],mean,sensor_combined.accelerometer_m_s2[1],sensor_combined
47,mean__sensor_combined.accelerometer_m_s2[2],mean,sensor_combined.accelerometer_m_s2[2],sensor_combined
48,mean__sensor_combined.gyro_rad[0],mean,sensor_combined.gyro_rad[0],sensor_combined
49,mean__sensor_combined.gyro_rad[1],mean,sensor_combined.gyro_rad[1],sensor_combined
50,mean__sensor_combined.gyro_rad[2],mean,sensor_combined.gyro_rad[2],sensor_combined
51,mean__sensor_preflight.accel_inconsistency_m_s_s,mean,sensor_preflight.accel_inconsistency_m_s_s,sensor_preflight
52,mean__sensor_preflight.gyro_inconsistency_rad_s,mean,sensor_preflight.gyro_inconsistency_rad_s,sensor_preflight
53,mean__vehicle_attitude.pitchspeed,mean,vehicle_attitude.pitchspeed,vehicle_attitude
54,mean__vehicle_attitude.q[0],mean,vehicle_attitude.q[0],vehicle_attitude
55,mean__vehicle_attitude.q[1],mean,vehicle_attitude.q[1],vehicle_attitude
56,mean__vehicle_attitude.q[2],mean,vehicle_attitude.q[2],vehicle_attitude
57,mean__vehicle_attitude.q[3],mean,vehicle_attitude.q[3],vehicle_attitude
58,mean__vehicle_attitude.rollspeed,mean,vehicle_attitude.rollspeed,vehicle_attitude
59,mean__vehicle_attitude.yawspeed,mean,vehicle_attitude.yawspeed,vehicle_attitude
60,mean__vehicle_attitude_setpoint.pitch_body,mean,vehicle_attitude_setpoint.pitch_body,vehicle_attitude_setpoint
61,mean__vehicle_attitude_setpoint.roll_body,mean,vehicle_attitude_setpoint.roll_body,vehicle_attitude_setpoint
62,mean__vehicle_attitude_setpoint.yaw_body,mean,vehicle_attitude_setpoint.yaw_body,vehicle_attitude_setpoint
63,mean__vehicle_land_detected.ground_contact,mean,vehicle_land_detected.ground_contact,vehicle_land_detected
64,mean__vehicle_land_detected.landed,mean,vehicle_land_detected.landed,vehicle_land_detected
65,mean__vehicle_land_detected.maybe_landed,mean,vehicle_land_detected.maybe_landed,vehicle_land_detected
66,mean__vehicle_local_position.ax,mean,vehicle_local_position.ax,vehicle_local_position
67,mean__vehicle_local_position.ay,mean,vehicle_local_position.ay,vehicle_local_position
68,mean__vehicle_local_position.az,mean,vehicle_local_position.az,vehicle_local_position
69,mean__vehicle_local_position.dist_bottom,mean,vehicle_local_position.dist_bottom,vehicle_local_position
70,mean__vehicle_local_position.dist_bottom_rate,mean,vehicle_local_position.dist_bottom_rate,vehicle_local_position
71,mean__vehicle_local_position.eph,mean,vehicle_local_position.eph,vehicle_local_position
72,mean__vehicle_local_position.epv,mean,vehicle_local_position.epv,vehicle_local_position
73,mean__vehicle_local_position.vx,mean,vehicle_local_position.vx,vehicle_local_position
74,mean__vehicle_local_position.vy,mean,vehicle_local_position.vy,vehicle_local_position
75,mean__vehicle_local_position.vz,mean,vehicle_local_position.vz,vehicle_local_position
76,mean__vehicle_local_position.x,mean,vehicle_local_position.x,vehicle_local_position
77,mean__vehicle_local_position.y,mean,vehicle_local_position.y,vehicle_local_position
78,mean__vehicle_local_position.z,mean,vehicle_local_position.z,vehicle_local_position
79,mean__vehicle_rates_setpoint.pitch,mean,vehicle_rates_setpoint.pitch,vehicle_rates_setpoint
80,mean__vehicle_rates_setpoint.roll,mean,vehicle_rates_setpoint.roll,vehicle_rates_setpoint
81,mean__vehicle_rates_setpoint.yaw,mean,vehicle_rates_setpoint.yaw,vehicle_rates_setpoint
82,mean__vehicle_status.arming_state,mean,vehicle_status.arming_state,vehicle_status
83,mean__vehicle_status.nav_state,mean,vehicle_status.nav_state,vehicle_status
84,mean__vehicle_vision_position.x,mean,vehicle_vision_position.x,vehicle_vision_position
85,mean__vehicle_vision_position.y,mean,vehicle_vision_position.y,vehicle_vision_position
86,mean__vehicle_vision_position.z,mean,vehicle_vision_position.z,vehicle_vision_position
87,std__actuator_controls_0.control[0],std,actuator_controls_0.control[0],actuator_controls_0
88,std__actuator_controls_0.control[1],std,actuator_controls_0.control[1],actuator_controls_0
89,std__actuator_controls_0.control[2],std,actuator_controls_0.control[2],actuator_controls_0
90,std__actuator_controls_0.control[3],std,actuator_controls_0.control[3],actuator_controls_0
91,std__actuator_outputs.output[0],std,actuator_outputs.output[0],actuator_outputs
92,std__actuator_outputs.output[1],std,actuator_outputs.output[1],actuator_outputs
93,std__actuator_outputs.output[2],std,actuator_outputs.output[2],actuator_outputs
94,std__actuator_outputs.output[3],std,actuator_outputs.output[3],actuator_outputs
95,std__actuator_outputs.output[4],std,actuator_outputs.output[4],actuator_outputs
96,std__actuator_outputs.output[5],std,actuator_outputs.output[5],actuator_outputs
97,std__actuator_outputs.output[6],std,actuator_outputs.output[6],actuator_outputs
98,std__actuator_outputs.output[7],std,actuator_outputs.output[7],actuator_outputs
99,std__battery_status.current_a,std,battery_status.current_a,battery_status
100,std__battery_status.current_filtered_a,std,battery_status.current_filtered_a,battery_status
101,std__battery_status.discharged_mah,std,battery_status.discharged_mah,battery_status
102,std__battery_status.remaining,std,battery_status.remaining,battery_status
103,std__battery_status.voltage_filtered_v,std,battery_status.voltage_filtered_v,battery_status
104,std__battery_status.voltage_v,std,battery_status.voltage_v,battery_status
105,std__cpuload.load,std,cpuload.load,cpuload
106,std__cpuload.ram_usage,std,cpuload.ram_usage,cpuload
107,std__distance_sensor.current_distance,std,distance_sensor.current_distance,distance_sensor
108,std__ekf2_innovations.hagl_innov,std,ekf2_innovations.hagl_innov,ekf2_innovations
109,std__ekf2_innovations.heading_innov,std,ekf2_innovations.heading_innov,ekf2_innovations
110,std__ekf2_innovations.output_tracking_error[0],std,ekf2_innovations.output_tracking_error[0],ekf2_innovations
111,std__ekf2_innovations.output_tracking_error[1],std,ekf2_innovations.output_tracking_error[1],ekf2_innovations
112,std__ekf2_innovations.output_tracking_error[2],std,ekf2_innovations.output_tracking_error[2],ekf2_innovations
113,std__ekf2_innovations.vel_pos_innov[3],std,ekf2_innovations.vel_pos_innov[3],ekf2_innovations
114,std__ekf2_innovations.vel_pos_innov[4],std,ekf2_innovations.vel_pos_innov[4],ekf2_innovations
115,std__ekf2_innovations.vel_pos_innov[5],std,ekf2_innovations.vel_pos_innov[5],ekf2_innovations
116,std__estimator_status.hagl_test_ratio,std,estimator_status.hagl_test_ratio,estimator_status
117,std__estimator_status.hgt_test_ratio,std,estimator_status.hgt_test_ratio,estimator_status
118,std__estimator_status.mag_test_ratio,std,estimator_status.mag_test_ratio,estimator_status
119,std__estimator_status.pos_horiz_accuracy,std,estimator_status.pos_horiz_accuracy,estimator_status
120,std__estimator_status.pos_test_ratio,std,estimator_status.pos_test_ratio,estimator_status
121,std__estimator_status.pos_vert_accuracy,std,estimator_status.pos_vert_accuracy,estimator_status
122,std__estimator_status.vibe[0],std,estimator_status.vibe[0],estimator_status
123,std__estimator_status.vibe[1],std,estimator_status.vibe[1],estimator_status
124,std__estimator_status.vibe[2],std,estimator_status.vibe[2],estimator_status
125,std__manual_control_setpoint.r,std,manual_control_setpoint.r,manual_control_setpoint
126,std__manual_control_setpoint.x,std,manual_control_setpoint.x,manual_control_setpoint
127,std__manual_control_setpoint.y,std,manual_control_setpoint.y,manual_control_setpoint
128,std__manual_control_setpoint.z,std,manual_control_setpoint.z,manual_control_setpoint
129,std__rate_ctrl_status.pitchspeed_integ,std,rate_ctrl_status.pitchspeed_integ,rate_ctrl_status
130,std__rate_ctrl_status.rollspeed_integ,std,rate_ctrl_status.rollspeed_integ,rate_ctrl_status
131,std__rate_ctrl_status.yawspeed_integ,std,rate_ctrl_status.yawspeed_integ,rate_ctrl_status
132,std__sensor_combined.accelerometer_m_s2[0],std,sensor_combined.accelerometer_m_s2[0],sensor_combined
133,std__sensor_combined.accelerometer_m_s2[1],std,sensor_combined.accelerometer_m_s2[1],sensor_combined
134,std__sensor_combined.accelerometer_m_s2[2],std,sensor_combined.accelerometer_m_s2[2],sensor_combined
135,std__sensor_combined.gyro_rad[0],std,sensor_combined.gyro_rad[0],sensor_combined
136,std__sensor_combined.gyro_rad[1],std,sensor_combined.gyro_rad[1],sensor_combined
137,std__sensor_combined.gyro_rad[2],std,sensor_combined.gyro_rad[2],sensor_combined
138,std__sensor_preflight.accel_inconsistency_m_s_s,std,sensor_preflight.accel_inconsistency_m_s_s,sensor_preflight
139,std__sensor_preflight.gyro_inconsistency_rad_s,std,sensor_preflight.gyro_inconsistency_rad_s,sensor_preflight
140,std__vehicle_attitude.pitchspeed,std,vehicle_attitude.pitchspeed,vehicle_attitude
141,std__vehicle_attitude.q[0],std,vehicle_attitude.q[0],vehicle_attitude
142,std__vehicle_attitude.q[1],std,vehicle_attitude.q[1],vehicle_attitude
143,std__vehicle_attitude.q[2],std,vehicle_attitude.q[2],vehicle_attitude
144,std__vehicle_attitude.q[3],std,vehicle_attitude.q[3],vehicle_attitude
145,std__vehicle_attitude.rollspeed,std,vehicle_attitude.rollspeed,vehicle_attitude
146,std__vehicle_attitude.yawspeed,std,vehicle_attitude.yawspeed,vehicle_attitude
147,std__vehicle_attitude_setpoint.pitch_body,std,vehicle_attitude_setpoint.pitch_body,vehicle_attitude_setpoint
148,std__vehicle_attitude_setpoint.roll_body,std,vehicle_attitude_setpoint.roll_body,vehicle_attitude_setpoint
149,std__vehicle_attitude_setpoint.yaw_body,std,vehicle_attitude_setpoint.yaw_body,vehicle_attitude_setpoint
150,std__vehicle_land_detected.ground_contact,std,vehicle_land_detected.ground_contact,vehicle_land_detected
151,std__vehicle_land_detected.landed,std,vehicle_land_detected.landed,vehicle_land_detected
152,std__vehicle_land_detected.maybe_landed,std,vehicle_land_detected.maybe_landed,vehicle_land_detected
153,std__vehicle_local_position.ax,std,vehicle_local_position.ax,vehicle_local_position
154,std__vehicle_local_position.ay,std,vehicle_local_position.ay,vehicle_local_position
155,std__vehicle_local_position.az,std,vehicle_local_position.az,vehicle_local_position
156,std__vehicle_local_position.dist_bottom,std,vehicle_local_position.dist_bottom,vehicle_local_position
157,std__vehicle_local_position.dist_bottom_rate,std,vehicle_local_position.dist_bottom_rate,vehicle_local_position
158,std__vehicle_local_position.eph,std,vehicle_local_position.eph,vehicle_local_position
159,std__vehicle_local_position.epv,std,vehicle_local_position.epv,vehicle_local_position
160,std__vehicle_local_position.vx,std,vehicle_local_position.vx,vehicle_local_position
161,std__vehicle_local_position.vy,std,vehicle_local_position.vy,vehicle_local_position
162,std__vehicle_local_position.vz,std,vehicle_local_position.vz,vehicle_local_position
163,std__vehicle_local_position.x,std,vehicle_local_position.x,vehicle_local_position
164,std__vehicle_local_position.y,std,vehicle_local_position.y,vehicle_local_position
165,std__vehicle_local_position.z,std,vehicle_local_position.z,vehicle_local_position
166,std__vehicle_rates_setpoint.pitch,std,vehicle_rates_setpoint.pitch,vehicle_rates_setpoint
167,std__vehicle_rates_setpoint.roll,std,vehicle_rates_setpoint.roll,vehicle_rates_setpoint
168,std__vehicle_rates_setpoint.yaw,std,vehicle_rates_setpoint.yaw,vehicle_rates_setpoint
169,std__vehicle_status.arming_state,std,vehicle_status.arming_state,vehicle_status
170,std__vehicle_status.nav_state,std,vehicle_status.nav_state,vehicle_status
171,std__vehicle_vision_position.x,std,vehicle_vision_position.x,vehicle_vision_position
172,std__vehicle_vision_position.y,std,vehicle_vision_position.y,vehicle_vision_position
173,std__vehicle_vision_position.z,std,vehicle_vision_position.z,vehicle_vision_position
174,min__actuator_controls_0.control[0],min,actuator_controls_0.control[0],actuator_controls_0
175,min__actuator_controls_0.control[1],min,actuator_controls_0.control[1],actuator_controls_0
176,min__actuator_controls_0.control[2],min,actuator_controls_0.control[2],actuator_controls_0
177,min__actuator_controls_0.control[3],min,actuator_controls_0.control[3],actuator_controls_0
178,min__actuator_outputs.output[0],min,actuator_outputs.output[0],actuator_outputs
179,min__actuator_outputs.output[1],min,actuator_outputs.output[1],actuator_outputs
180,min__actuator_outputs.output[2],min,actuator_outputs.output[2],actuator_outputs
181,min__actuator_outputs.output[3],min,actuator_outputs.output[3],actuator_outputs
182,min__actuator_outputs.output[4],min,actuator_outputs.output[4],actuator_outputs
183,min__actuator_outputs.output[5],min,actuator_outputs.output[5],actuator_outputs
184,min__actuator_outputs.output[6],min,actuator_outputs.output[6],actuator_outputs
185,min__actuator_outputs.output[7],min,actuator_outputs.output[7],actuator_outputs
186,min__battery_status.current_a,min,battery_status.current_a,battery_status
187,min__battery_status.current_filtered_a,min,battery_status.current_filtered_a,battery_status
188,min__battery_status.discharged_mah,min,battery_status.discharged_mah,battery_status
189,min__battery_status.remaining,min,battery_status.remaining,battery_status
190,min__battery_status.voltage_filtered_v,min,battery_status.voltage_filtered_v,battery_status
191,min__battery_status.voltage_v,min,battery_status.voltage_v,battery_status
192,min__cpuload.load,min,cpuload.load,cpuload
193,min__cpuload.ram_usage,min,cpuload.ram_usage,cpuload
194,min__distance_sensor.current_distance,min,distance_sensor.current_distance,distance_sensor
195,min__ekf2_innovations.hagl_innov,min,ekf2_innovations.hagl_innov,ekf2_innovations
196,min__ekf2_innovations.heading_innov,min,ekf2_innovations.heading_innov,ekf2_innovations
197,min__ekf2_innovations.output_tracking_error[0],min,ekf2_innovations.output_tracking_error[0],ekf2_innovations
198,min__ekf2_innovations.output_tracking_error[1],min,ekf2_innovations.output_tracking_error[1],ekf2_innovations
199,min__ekf2_innovations.output_tracking_error[2],min,ekf2_innovations.output_tracking_error[2],ekf2_innovations
200,min__ekf2_innovations.vel_pos_innov[3],min,ekf2_innovations.vel_pos_innov[3],ekf2_innovations
201,min__ekf2_innovations.vel_pos_innov[4],min,ekf2_innovations.vel_pos_innov[4],ekf2_innovations
202,min__ekf2_innovations.vel_pos_innov[5],min,ekf2_innovations.vel_pos_innov[5],ekf2_innovations
203,min__estimator_status.hagl_test_ratio,min,estimator_status.hagl_test_ratio,estimator_status
204,min__estimator_status.hgt_test_ratio,min,estimator_status.hgt_test_ratio,estimator_status
205,min__estimator_status.mag_test_ratio,min,estimator_status.mag_test_ratio,estimator_status
206,min__estimator_status.pos_horiz_accuracy,min,estimator_status.pos_horiz_accuracy,estimator_status
207,min__estimator_status.pos_test_ratio,min,estimator_status.pos_test_ratio,estimator_status
208,min__estimator_status.pos_vert_accuracy,min,estimator_status.pos_vert_accuracy,estimator_status
209,min__estimator_status.vibe[0],min,estimator_status.vibe[0],estimator_status
210,min__estimator_status.vibe[1],min,estimator_status.vibe[1],estimator_status
211,min__estimator_status.vibe[2],min,estimator_status.vibe[2],estimator_status
212,min__manual_control_setpoint.r,min,manual_control_setpoint.r,manual_control_setpoint
213,min__manual_control_setpoint.x,min,manual_control_setpoint.x,manual_control_setpoint
214,min__manual_control_setpoint.y,min,manual_control_setpoint.y,manual_control_setpoint
215,min__manual_control_setpoint.z,min,manual_control_setpoint.z,manual_control_setpoint
216,min__rate_ctrl_status.pitchspeed_integ,min,rate_ctrl_status.pitchspeed_integ,rate_ctrl_status
217,min__rate_ctrl_status.rollspeed_integ,min,rate_ctrl_status.rollspeed_integ,rate_ctrl_status
218,min__rate_ctrl_status.yawspeed_integ,min,rate_ctrl_status.yawspeed_integ,rate_ctrl_status
219,min__sensor_combined.accelerometer_m_s2[0],min,sensor_combined.accelerometer_m_s2[0],sensor_combined
220,min__sensor_combined.accelerometer_m_s2[1],min,sensor_combined.accelerometer_m_s2[1],sensor_combined
221,min__sensor_combined.accelerometer_m_s2[2],min,sensor_combined.accelerometer_m_s2[2],sensor_combined
222,min__sensor_combined.gyro_rad[0],min,sensor_combined.gyro_rad[0],sensor_combined
223,min__sensor_combined.gyro_rad[1],min,sensor_combined.gyro_rad[1],sensor_combined
224,min__sensor_combined.gyro_rad[2],min,sensor_combined.gyro_rad[2],sensor_combined
225,min__sensor_preflight.accel_inconsistency_m_s_s,min,sensor_preflight.accel_inconsistency_m_s_s,sensor_preflight
226,min__sensor_preflight.gyro_inconsistency_rad_s,min,sensor_preflight.gyro_inconsistency_rad_s,sensor_preflight
227,min__vehicle_attitude.pitchspeed,min,vehicle_attitude.pitchspeed,vehicle_attitude
228,min__vehicle_attitude.q[0],min,vehicle_attitude.q[0],vehicle_attitude
229,min__vehicle_attitude.q[1],min,vehicle_attitude.q[1],vehicle_attitude
230,min__vehicle_attitude.q[2],min,vehicle_attitude.q[2],vehicle_attitude
231,min__vehicle_attitude.q[3],min,vehicle_attitude.q[3],vehicle_attitude
232,min__vehicle_attitude.rollspeed,min,vehicle_attitude.rollspeed,vehicle_attitude
233,min__vehicle_attitude.yawspeed,min,vehicle_attitude.yawspeed,vehicle_attitude
234,min__vehicle_attitude_setpoint.pitch_body,min,vehicle_attitude_setpoint.pitch_body,vehicle_attitude_setpoint
235,min__vehicle_attitude_setpoint.roll_body,min,vehicle_attitude_setpoint.roll_body,vehicle_attitude_setpoint
236,min__vehicle_attitude_setpoint.yaw_body,min,vehicle_attitude_setpoint.yaw_body,vehicle_attitude_setpoint
237,min__vehicle_land_detected.ground_contact,min,vehicle_land_detected.ground_contact,vehicle_land_detected
238,min__vehicle_land_detected.landed,min,vehicle_land_detected.landed,vehicle_land_detected
239,min__vehicle_land_detected.maybe_landed,min,vehicle_land_detected.maybe_landed,vehicle_land_detected
240,min__vehicle_local_position.ax,min,vehicle_local_position.ax,vehicle_local_position
241,min__vehicle_local_position.ay,min,vehicle_local_position.ay,vehicle_local_position
242,min__vehicle_local_position.az,min,vehicle_local_position.az,vehicle_local_position
243,min__vehicle_local_position.dist_bottom,min,vehicle_local_position.dist_bottom,vehicle_local_position
244,min__vehicle_local_position.dist_bottom_rate,min,vehicle_local_position.dist_bottom_rate,vehicle_local_position
245,min__vehicle_local_position.eph,min,vehicle_local_position.eph,vehicle_local_position
246,min__vehicle_local_position.epv,min,vehicle_local_position.epv,vehicle_local_position
247,min__vehicle_local_position.vx,min,vehicle_local_position.vx,vehicle_local_position
248,min__vehicle_local_position.vy,min,vehicle_local_position.vy,vehicle_local_position
249,min__vehicle_local_position.vz,min,vehicle_local_position.vz,vehicle_local_position
250,min__vehicle_local_position.x,min,vehicle_local_position.x,vehicle_local_position
251,min__vehicle_local_position.y,min,vehicle_local_position.y,vehicle_local_position
252,min__vehicle_local_position.z,min,vehicle_local_position.z,vehicle_local_position
253,min__vehicle_rates_setpoint.pitch,min,vehicle_rates_setpoint.pitch,vehicle_rates_setpoint
254,min__vehicle_rates_setpoint.roll,min,vehicle_rates_setpoint.roll,vehicle_rates_setpoint
255,min__vehicle_rates_setpoint.yaw,min,vehicle_rates_setpoint.yaw,vehicle_rates_setpoint
256,min__vehicle_status.arming_state,min,vehicle_status.arming_state,vehicle_status
257,min__vehicle_status.nav_state,min,vehicle_status.nav_state,vehicle_status
258,min__vehicle_vision_position.x,min,vehicle_vision_position.x,vehicle_vision_position
259,min__vehicle_vision_position.y,min,vehicle_vision_position.y,vehicle_vision_position
260,min__vehicle_vision_position.z,min,vehicle_vision_position.z,vehicle_vision_position
261,max__actuator_controls_0.control[0],max,actuator_controls_0.control[0],actuator_controls_0
262,max__actuator_controls_0.control[1],max,actuator_controls_0.control[1],actuator_controls_0
263,max__actuator_controls_0.control[2],max,actuator_controls_0.control[2],actuator_controls_0
264,max__actuator_controls_0.control[3],max,actuator_controls_0.control[3],actuator_controls_0
265,max__actuator_outputs.output[0],max,actuator_outputs.output[0],actuator_outputs
266,max__actuator_outputs.output[1],max,actuator_outputs.output[1],actuator_outputs
267,max__actuator_outputs.output[2],max,actuator_outputs.output[2],actuator_outputs
268,max__actuator_outputs.output[3],max,actuator_outputs.output[3],actuator_outputs
269,max__actuator_outputs.output[4],max,actuator_outputs.output[4],actuator_outputs
270,max__actuator_outputs.output[5],max,actuator_outputs.output[5],actuator_outputs
271,max__actuator_outputs.output[6],max,actuator_outputs.output[6],actuator_outputs
272,max__actuator_outputs.output[7],max,actuator_outputs.output[7],actuator_outputs
273,max__battery_status.current_a,max,battery_status.current_a,battery_status
274,max__battery_status.current_filtered_a,max,battery_status.current_filtered_a,battery_status
275,max__battery_status.discharged_mah,max,battery_status.discharged_mah,battery_status
276,max__battery_status.remaining,max,battery_status.remaining,battery_status
277,max__battery_status.voltage_filtered_v,max,battery_status.voltage_filtered_v,battery_status
278,max__battery_status.voltage_v,max,battery_status.voltage_v,battery_status
279,max__cpuload.load,max,cpuload.load,cpuload
280,max__cpuload.ram_usage,max,cpuload.ram_usage,cpuload
281,max__distance_sensor.current_distance,max,distance_sensor.current_distance,distance_sensor
282,max__ekf2_innovations.hagl_innov,max,ekf2_innovations.hagl_innov,ekf2_innovations
283,max__ekf2_innovations.heading_innov,max,ekf2_innovations.heading_innov,ekf2_innovations
284,max__ekf2_innovations.output_tracking_error[0],max,ekf2_innovations.output_tracking_error[0],ekf2_innovations
285,max__ekf2_innovations.output_tracking_error[1],max,ekf2_innovations.output_tracking_error[1],ekf2_innovations
286,max__ekf2_innovations.output_tracking_error[2],max,ekf2_innovations.output_tracking_error[2],ekf2_innovations
287,max__ekf2_innovations.vel_pos_innov[3],max,ekf2_innovations.vel_pos_innov[3],ekf2_innovations
288,max__ekf2_innovations.vel_pos_innov[4],max,ekf2_innovations.vel_pos_innov[4],ekf2_innovations
289,max__ekf2_innovations.vel_pos_innov[5],max,ekf2_innovations.vel_pos_innov[5],ekf2_innovations
290,max__estimator_status.hagl_test_ratio,max,estimator_status.hagl_test_ratio,estimator_status
291,max__estimator_status.hgt_test_ratio,max,estimator_status.hgt_test_ratio,estimator_status
292,max__estimator_status.mag_test_ratio,max,estimator_status.mag_test_ratio,estimator_status
293,max__estimator_status.pos_horiz_accuracy,max,estimator_status.pos_horiz_accuracy,estimator_status
294,max__estimator_status.pos_test_ratio,max,estimator_status.pos_test_ratio,estimator_status
295,max__estimator_status.pos_vert_accuracy,max,estimator_status.pos_vert_accuracy,estimator_status
296,max__estimator_status.vibe[0],max,estimator_status.vibe[0],estimator_status
297,max__estimator_status.vibe[1],max,estimator_status.vibe[1],estimator_status
298,max__estimator_status.vibe[2],max,estimator_status.vibe[2],estimator_status
299,max__manual_control_setpoint.r,max,manual_control_setpoint.r,manual_control_setpoint
300,max__manual_control_setpoint.x,max,manual_control_setpoint.x,manual_control_setpoint
301,max__manual_control_setpoint.y,max,manual_control_setpoint.y,manual_control_setpoint
302,max__manual_control_setpoint.z,max,manual_control_setpoint.z,manual_control_setpoint
303,max__rate_ctrl_status.pitchspeed_integ,max,rate_ctrl_status.pitchspeed_integ,rate_ctrl_status
304,max__rate_ctrl_status.rollspeed_integ,max,rate_ctrl_status.rollspeed_integ,rate_ctrl_status
305,max__rate_ctrl_status.yawspeed_integ,max,rate_ctrl_status.yawspeed_integ,rate_ctrl_status
306,max__sensor_combined.accelerometer_m_s2[0],max,sensor_combined.accelerometer_m_s2[0],sensor_combined
307,max__sensor_combined.accelerometer_m_s2[1],max,sensor_combined.accelerometer_m_s2[1],sensor_combined
308,max__sensor_combined.accelerometer_m_s2[2],max,sensor_combined.accelerometer_m_s2[2],sensor_combined
309,max__sensor_combined.gyro_rad[0],max,sensor_combined.gyro_rad[0],sensor_combined
310,max__sensor_combined.gyro_rad[1],max,sensor_combined.gyro_rad[1],sensor_combined
311,max__sensor_combined.gyro_rad[2],max,sensor_combined.gyro_rad[2],sensor_combined
312,max__sensor_preflight.accel_inconsistency_m_s_s,max,sensor_preflight.accel_inconsistency_m_s_s,sensor_preflight
313,max__sensor_preflight.gyro_inconsistency_rad_s,max,sensor_preflight.gyro_inconsistency_rad_s,sensor_preflight
314,max__vehicle_attitude.pitchspeed,max,vehicle_attitude.pitchspeed,vehicle_attitude
315,max__vehicle_attitude.q[0],max,vehicle_attitude.q[0],vehicle_attitude
316,max__vehicle_attitude.q[1],max,vehicle_attitude.q[1],vehicle_attitude
317,max__vehicle_attitude.q[2],max,vehicle_attitude.q[2],vehicle_attitude
318,max__vehicle_attitude.q[3],max,vehicle_attitude.q[3],vehicle_attitude
319,max__vehicle_attitude.rollspeed,max,vehicle_attitude.rollspeed,vehicle_attitude
320,max__vehicle_attitude.yawspeed,max,vehicle_attitude.yawspeed,vehicle_attitude
321,max__vehicle_attitude_setpoint.pitch_body,max,vehicle_attitude_setpoint.pitch_body,vehicle_attitude_setpoint
322,max__vehicle_attitude_setpoint.roll_body,max,vehicle_attitude_setpoint.roll_body,vehicle_attitude_setpoint
323,max__vehicle_attitude_setpoint.yaw_body,max,vehicle_attitude_setpoint.yaw_body,vehicle_attitude_setpoint
324,max__vehicle_land_detected.ground_contact,max,vehicle_land_detected.ground_contact,vehicle_land_detected
325,max__vehicle_land_detected.landed,max,vehicle_land_detected.landed,vehicle_land_detected
326,max__vehicle_land_detected.maybe_landed,max,vehicle_land_detected.maybe_landed,vehicle_land_detected
327,max__vehicle_local_position.ax,max,vehicle_local_position.ax,vehicle_local_position
328,max__vehicle_local_position.ay,max,vehicle_local_position.ay,vehicle_local_position
329,max__vehicle_local_position.az,max,vehicle_local_position.az,vehicle_local_position
330,max__vehicle_local_position.dist_bottom,max,vehicle_local_position.dist_bottom,vehicle_local_position
331,max__vehicle_local_position.dist_bottom_rate,max,vehicle_local_position.dist_bottom_rate,vehicle_local_position
332,max__vehicle_local_position.eph,max,vehicle_local_position.eph,vehicle_local_position
333,max__vehicle_local_position.epv,max,vehicle_local_position.epv,vehicle_local_position
334,max__vehicle_local_position.vx,max,vehicle_local_position.vx,vehicle_local_position
335,max__vehicle_local_position.vy,max,vehicle_local_position.vy,vehicle_local_position
336,max__vehicle_local_position.vz,max,vehicle_local_position.vz,vehicle_local_position
337,max__vehicle_local_position.x,max,vehicle_local_position.x,vehicle_local_position
338,max__vehicle_local_position.y,max,vehicle_local_position.y,vehicle_local_position
339,max__vehicle_local_position.z,max,vehicle_local_position.z,vehicle_local_position
340,max__vehicle_rates_setpoint.pitch,max,vehicle_rates_setpoint.pitch,vehicle_rates_setpoint
341,max__vehicle_rates_setpoint.roll,max,vehicle_rates_setpoint.roll,vehicle_rates_setpoint
342,max__vehicle_rates_setpoint.yaw,max,vehicle_rates_setpoint.yaw,vehicle_rates_setpoint
343,max__vehicle_status.arming_state,max,vehicle_status.arming_state,vehicle_status
344,max__vehicle_status.nav_state,max,vehicle_status.nav_state,vehicle_status
345,max__vehicle_vision_position.x,max,vehicle_vision_position.x,vehicle_vision_position
346,max__vehicle_vision_position.y,max,vehicle_vision_position.y,vehicle_vision_position
347,max__vehicle_vision_position.z,max,vehicle_vision_position.z,vehicle_vision_position
348,range__actuator_controls_0.control[0],range,actuator_controls_0.control[0],actuator_controls_0
349,range__actuator_controls_0.control[1],range,actuator_controls_0.control[1],actuator_controls_0
350,range__actuator_controls_0.control[2],range,actuator_controls_0.control[2],actuator_controls_0
351,range__actuator_controls_0.control[3],range,actuator_controls_0.control[3],actuator_controls_0
352,range__actuator_outputs.output[0],range,actuator_outputs.output[0],actuator_outputs
353,range__actuator_outputs.output[1],range,actuator_outputs.output[1],actuator_outputs
354,range__actuator_outputs.output[2],range,actuator_outputs.output[2],actuator_outputs
355,range__actuator_outputs.output[3],range,actuator_outputs.output[3],actuator_outputs
356,range__actuator_outputs.output[4],range,actuator_outputs.output[4],actuator_outputs
357,range__actuator_outputs.output[5],range,actuator_outputs.output[5],actuator_outputs
358,range__actuator_outputs.output[6],range,actuator_outputs.output[6],actuator_outputs
359,range__actuator_outputs.output[7],range,actuator_outputs.output[7],actuator_outputs
360,range__battery_status.current_a,range,battery_status.current_a,battery_status
361,range__battery_status.current_filtered_a,range,battery_status.current_filtered_a,battery_status
362,range__battery_status.discharged_mah,range,battery_status.discharged_mah,battery_status
363,range__battery_status.remaining,range,battery_status.remaining,battery_status
364,range__battery_status.voltage_filtered_v,range,battery_status.voltage_filtered_v,battery_status
365,range__battery_status.voltage_v,range,battery_status.voltage_v,battery_status
366,range__cpuload.load,range,cpuload.load,cpuload
367,range__cpuload.ram_usage,range,cpuload.ram_usage,cpuload
368,range__distance_sensor.current_distance,range,distance_sensor.current_distance,distance_sensor
369,range__ekf2_innovations.hagl_innov,range,ekf2_innovations.hagl_innov,ekf2_innovations
370,range__ekf2_innovations.heading_innov,range,ekf2_innovations.heading_innov,ekf2_innovations
371,range__ekf2_innovations.output_tracking_error[0],range,ekf2_innovations.output_tracking_error[0],ekf2_innovations
372,range__ekf2_innovations.output_tracking_error[1],range,ekf2_innovations.output_tracking_error[1],ekf2_innovations
373,range__ekf2_innovations.output_tracking_error[2],range,ekf2_innovations.output_tracking_error[2],ekf2_innovations
374,range__ekf2_innovations.vel_pos_innov[3],range,ekf2_innovations.vel_pos_innov[3],ekf2_innovations
375,range__ekf2_innovations.vel_pos_innov[4],range,ekf2_innovations.vel_pos_innov[4],ekf2_innovations
376,range__ekf2_innovations.vel_pos_innov[5],range,ekf2_innovations.vel_pos_innov[5],ekf2_innovations
377,range__estimator_status.hagl_test_ratio,range,estimator_status.hagl_test_ratio,estimator_status
378,range__estimator_status.hgt_test_ratio,range,estimator_status.hgt_test_ratio,estimator_status
379,range__estimator_status.mag_test_ratio,range,estimator_status.mag_test_ratio,estimator_status
380,range__estimator_status.pos_horiz_accuracy,range,estimator_status.pos_horiz_accuracy,estimator_status
381,range__estimator_status.pos_test_ratio,range,estimator_status.pos_test_ratio,estimator_status
382,range__estimator_status.pos_vert_accuracy,range,estimator_status.pos_vert_accuracy,estimator_status
383,range__estimator_status.vibe[0],range,estimator_status.vibe[0],estimator_status
384,range__estimator_status.vibe[1],range,estimator_status.vibe[1],estimator_status
385,range__estimator_status.vibe[2],range,estimator_status.vibe[2],estimator_status
386,range__manual_control_setpoint.r,range,manual_control_setpoint.r,manual_control_setpoint
387,range__manual_control_setpoint.x,range,manual_control_setpoint.x,manual_control_setpoint
388,range__manual_control_setpoint.y,range,manual_control_setpoint.y,manual_control_setpoint
389,range__manual_control_setpoint.z,range,manual_control_setpoint.z,manual_control_setpoint
390,range__rate_ctrl_status.pitchspeed_integ,range,rate_ctrl_status.pitchspeed_integ,rate_ctrl_status
391,range__rate_ctrl_status.rollspeed_integ,range,rate_ctrl_status.rollspeed_integ,rate_ctrl_status
392,range__rate_ctrl_status.yawspeed_integ,range,rate_ctrl_status.yawspeed_integ,rate_ctrl_status
393,range__sensor_combined.accelerometer_m_s2[0],range,sensor_combined.accelerometer_m_s2[0],sensor_combined
394,range__sensor_combined.accelerometer_m_s2[1],range,sensor_combined.accelerometer_m_s2[1],sensor_combined
395,range__sensor_combined.accelerometer_m_s2[2],range,sensor_combined.accelerometer_m_s2[2],sensor_combined
396,range__sensor_combined.gyro_rad[0],range,sensor_combined.gyro_rad[0],sensor_combined
397,range__sensor_combined.gyro_rad[1],range,sensor_combined.gyro_rad[1],sensor_combined
398,range__sensor_combined.gyro_rad[2],range,sensor_combined.gyro_rad[2],sensor_combined
399,range__sensor_preflight.accel_inconsistency_m_s_s,range,sensor_preflight.accel_inconsistency_m_s_s,sensor_preflight
400,range__sensor_preflight.gyro_inconsistency_rad_s,range,sensor_preflight.gyro_inconsistency_rad_s,sensor_preflight
401,range__vehicle_attitude.pitchspeed,range,vehicle_attitude.pitchspeed,vehicle_attitude
402,range__vehicle_attitude.q[0],range,vehicle_attitude.q[0],vehicle_attitude
403,range__vehicle_attitude.q[1],range,vehicle_attitude.q[1],vehicle_attitude
404,range__vehicle_attitude.q[2],range,vehicle_attitude.q[2],vehicle_attitude
405,range__vehicle_attitude.q[3],range,vehicle_attitude.q[3],vehicle_attitude
406,range__vehicle_attitude.rollspeed,range,vehicle_attitude.rollspeed,vehicle_attitude
407,range__vehicle_attitude.yawspeed,range,vehicle_attitude.yawspeed,vehicle_attitude
408,range__vehicle_attitude_setpoint.pitch_body,range,vehicle_attitude_setpoint.pitch_body,vehicle_attitude_setpoint
409,range__vehicle_attitude_setpoint.roll_body,range,vehicle_attitude_setpoint.roll_body,vehicle_attitude_setpoint
410,range__vehicle_attitude_setpoint.yaw_body,range,vehicle_attitude_setpoint.yaw_body,vehicle_attitude_setpoint
411,range__vehicle_land_detected.ground_contact,range,vehicle_land_detected.ground_contact,vehicle_land_detected
412,range__vehicle_land_detected.landed,range,vehicle_land_detected.landed,vehicle_land_detected
413,range__vehicle_land_detected.maybe_landed,range,vehicle_land_detected.maybe_landed,vehicle_land_detected
414,range__vehicle_local_position.ax,range,vehicle_local_position.ax,vehicle_local_position
415,range__vehicle_local_position.ay,range,vehicle_local_position.ay,vehicle_local_position
416,range__vehicle_local_position.az,range,vehicle_local_position.az,vehicle_local_position
417,range__vehicle_local_position.dist_bottom,range,vehicle_local_position.dist_bottom,vehicle_local_position
418,range__vehicle_local_position.dist_bottom_rate,range,vehicle_local_position.dist_bottom_rate,vehicle_local_position
419,range__vehicle_local_position.eph,range,vehicle_local_position.eph,vehicle_local_position
420,range__vehicle_local_position.epv,range,vehicle_local_position.epv,vehicle_local_position
421,range__vehicle_local_position.vx,range,vehicle_local_position.vx,vehicle_local_position
422,range__vehicle_local_position.vy,range,vehicle_local_position.vy,vehicle_local_position
423,range__vehicle_local_position.vz,range,vehicle_local_position.vz,vehicle_local_position
424,range__vehicle_local_position.x,range,vehicle_local_position.x,vehicle_local_position
425,range__vehicle_local_position.y,range,vehicle_local_position.y,vehicle_local_position
426,range__vehicle_local_position.z,range,vehicle_local_position.z,vehicle_local_position
427,range__vehicle_rates_setpoint.pitch,range,vehicle_rates_setpoint.pitch,vehicle_rates_setpoint
428,range__vehicle_rates_setpoint.roll,range,vehicle_rates_setpoint.roll,vehicle_rates_setpoint
429,range__vehicle_rates_setpoint.yaw,range,vehicle_rates_setpoint.yaw,vehicle_rates_setpoint
430,range__vehicle_status.arming_state,range,vehicle_status.arming_state,vehicle_status
431,range__vehicle_status.nav_state,range,vehicle_status.nav_state,vehicle_status
432,range__vehicle_vision_position.x,range,vehicle_vision_position.x,vehicle_vision_position
433,range__vehicle_vision_position.y,range,vehicle_vision_position.y,vehicle_vision_position
434,range__vehicle_vision_position.z,range,vehicle_vision_position.z,vehicle_vision_position
435,q10__actuator_controls_0.control[0],q10,actuator_controls_0.control[0],actuator_controls_0
436,q10__actuator_controls_0.control[1],q10,actuator_controls_0.control[1],actuator_controls_0
437,q10__actuator_controls_0.control[2],q10,actuator_controls_0.control[2],actuator_controls_0
438,q10__actuator_controls_0.control[3],q10,actuator_controls_0.control[3],actuator_controls_0
439,q10__actuator_outputs.output[0],q10,actuator_outputs.output[0],actuator_outputs
440,q10__actuator_outputs.output[1],q10,actuator_outputs.output[1],actuator_outputs
441,q10__actuator_outputs.output[2],q10,actuator_outputs.output[2],actuator_outputs
442,q10__actuator_outputs.output[3],q10,actuator_outputs.output[3],actuator_outputs
443,q10__actuator_outputs.output[4],q10,actuator_outputs.output[4],actuator_outputs
444,q10__actuator_outputs.output[5],q10,actuator_outputs.output[5],actuator_outputs
445,q10__actuator_outputs.output[6],q10,actuator_outputs.output[6],actuator_outputs
446,q10__actuator_outputs.output[7],q10,actuator_outputs.output[7],actuator_outputs
447,q10__battery_status.current_a,q10,battery_status.current_a,battery_status
448,q10__battery_status.current_filtered_a,q10,battery_status.current_filtered_a,battery_status
449,q10__battery_status.discharged_mah,q10,battery_status.discharged_mah,battery_status
450,q10__battery_status.remaining,q10,battery_status.remaining,battery_status
451,q10__battery_status.voltage_filtered_v,q10,battery_status.voltage_filtered_v,battery_status
452,q10__battery_status.voltage_v,q10,battery_status.voltage_v,battery_status
453,q10__cpuload.load,q10,cpuload.load,cpuload
454,q10__cpuload.ram_usage,q10,cpuload.ram_usage,cpuload
455,q10__distance_sensor.current_distance,q10,distance_sensor.current_distance,distance_sensor
456,q10__ekf2_innovations.hagl_innov,q10,ekf2_innovations.hagl_innov,ekf2_innovations
457,q10__ekf2_innovations.heading_innov,q10,ekf2_innovations.heading_innov,ekf2_innovations
458,q10__ekf2_innovations.output_tracking_error[0],q10,ekf2_innovations.output_tracking_error[0],ekf2_innovations
459,q10__ekf2_innovations.output_tracking_error[1],q10,ekf2_innovations.output_tracking_error[1],ekf2_innovations
460,q10__ekf2_innovations.output_tracking_error[2],q10,ekf2_innovations.output_tracking_error[2],ekf2_innovations
461,q10__ekf2_innovations.vel_pos_innov[3],q10,ekf2_innovations.vel_pos_innov[3],ekf2_innovations
462,q10__ekf2_innovations.vel_pos_innov[4],q10,ekf2_innovations.vel_pos_innov[4],ekf2_innovations
463,q10__ekf2_innovations.vel_pos_innov[5],q10,ekf2_innovations.vel_pos_innov[5],ekf2_innovations
464,q10__estimator_status.hagl_test_ratio,q10,estimator_status.hagl_test_ratio,estimator_status
465,q10__estimator_status.hgt_test_ratio,q10,estimator_status.hgt_test_ratio,estimator_status
466,q10__estimator_status.mag_test_ratio,q10,estimator_status.mag_test_ratio,estimator_status
467,q10__estimator_status.pos_horiz_accuracy,q10,estimator_status.pos_horiz_accuracy,estimator_status
468,q10__estimator_status.pos_test_ratio,q10,estimator_status.pos_test_ratio,estimator_status
469,q10__estimator_status.pos_vert_accuracy,q10,estimator_status.pos_vert_accuracy,estimator_status
470,q10__estimator_status.vibe[0],q10,estimator_status.vibe[0],estimator_status
471,q10__estimator_status.vibe[1],q10,estimator_status.vibe[1],estimator_status
472,q10__estimator_status.vibe[2],q10,estimator_status.vibe[2],estimator_status
473,q10__manual_control_setpoint.r,q10,manual_control_setpoint.r,manual_control_setpoint
474,q10__manual_control_setpoint.x,q10,manual_control_setpoint.x,manual_control_setpoint
475,q10__manual_control_setpoint.y,q10,manual_control_setpoint.y,manual_control_setpoint
476,q10__manual_control_setpoint.z,q10,manual_control_setpoint.z,manual_control_setpoint
477,q10__rate_ctrl_status.pitchspeed_integ,q10,rate_ctrl_status.pitchspeed_integ,rate_ctrl_status
478,q10__rate_ctrl_status.rollspeed_integ,q10,rate_ctrl_status.rollspeed_integ,rate_ctrl_status
479,q10__rate_ctrl_status.yawspeed_integ,q10,rate_ctrl_status.yawspeed_integ,rate_ctrl_status
480,q10__sensor_combined.accelerometer_m_s2[0],q10,sensor_combined.accelerometer_m_s2[0],sensor_combined
481,q10__sensor_combined.accelerometer_m_s2[1],q10,sensor_combined.accelerometer_m_s2[1],sensor_combined
482,q10__sensor_combined.accelerometer_m_s2[2],q10,sensor_combined.accelerometer_m_s2[2],sensor_combined
483,q10__sensor_combined.gyro_rad[0],q10,sensor_combined.gyro_rad[0],sensor_combined
484,q10__sensor_combined.gyro_rad[1],q10,sensor_combined.gyro_rad[1],sensor_combined
485,q10__sensor_combined.gyro_rad[2],q10,sensor_combined.gyro_rad[2],sensor_combined
486,q10__sensor_preflight.accel_inconsistency_m_s_s,q10,sensor_preflight.accel_inconsistency_m_s_s,sensor_preflight
487,q10__sensor_preflight.gyro_inconsistency_rad_s,q10,sensor_preflight.gyro_inconsistency_rad_s,sensor_preflight
488,q10__vehicle_attitude.pitchspeed,q10,vehicle_attitude.pitchspeed,vehicle_attitude
489,q10__vehicle_attitude.q[0],q10,vehicle_attitude.q[0],vehicle_attitude
490,q10__vehicle_attitude.q[1],q10,vehicle_attitude.q[1],vehicle_attitude
491,q10__vehicle_attitude.q[2],q10,vehicle_attitude.q[2],vehicle_attitude
492,q10__vehicle_attitude.q[3],q10,vehicle_attitude.q[3],vehicle_attitude
493,q10__vehicle_attitude.rollspeed,q10,vehicle_attitude.rollspeed,vehicle_attitude
494,q10__vehicle_attitude.yawspeed,q10,vehicle_attitude.yawspeed,vehicle_attitude
495,q10__vehicle_attitude_setpoint.pitch_body,q10,vehicle_attitude_setpoint.pitch_body,vehicle_attitude_setpoint
496,q10__vehicle_attitude_setpoint.roll_body,q10,vehicle_attitude_setpoint.roll_body,vehicle_attitude_setpoint
497,q10__vehicle_attitude_setpoint.yaw_body,q10,vehicle_attitude_setpoint.yaw_body,vehicle_attitude_setpoint
498,q10__vehicle_land_detected.ground_contact,q10,vehicle_land_detected.ground_contact,vehicle_land_detected
499,q10__vehicle_land_detected.landed,q10,vehicle_land_detected.landed,vehicle_land_detected
500,q10__vehicle_land_detected.maybe_landed,q10,vehicle_land_detected.maybe_landed,vehicle_land_detected
501,q10__vehicle_local_position.ax,q10,vehicle_local_position.ax,vehicle_local_position
502,q10__vehicle_local_position.ay,q10,vehicle_local_position.ay,vehicle_local_position
503,q10__vehicle_local_position.az,q10,vehicle_local_position.az,vehicle_local_position
504,q10__vehicle_local_position.dist_bottom,q10,vehicle_local_position.dist_bottom,vehicle_local_position
505,q10__vehicle_local_position.dist_bottom_rate,q10,vehicle_local_position.dist_bottom_rate,vehicle_local_position
506,q10__vehicle_local_position.eph,q10,vehicle_local_position.eph,vehicle_local_position
507,q10__vehicle_local_position.epv,q10,vehicle_local_position.epv,vehicle_local_position
508,q10__vehicle_local_position.vx,q10,vehicle_local_position.vx,vehicle_local_position
509,q10__vehicle_local_position.vy,q10,vehicle_local_position.vy,vehicle_local_position
510,q10__vehicle_local_position.vz,q10,vehicle_local_position.vz,vehicle_local_position
511,q10__vehicle_local_position.x,q10,vehicle_local_position.x,vehicle_local_position
512,q10__vehicle_local_position.y,q10,vehicle_local_position.y,vehicle_local_position
513,q10__vehicle_local_position.z,q10,vehicle_local_position.z,vehicle_local_position
514,q10__vehicle_rates_setpoint.pitch,q10,vehicle_rates_setpoint.pitch,vehicle_rates_setpoint
515,q10__vehicle_rates_setpoint.roll,q10,vehicle_rates_setpoint.roll,vehicle_rates_setpoint
516,q10__vehicle_rates_setpoint.yaw,q10,vehicle_rates_setpoint.yaw,vehicle_rates_setpoint
517,q10__vehicle_status.arming_state,q10,vehicle_status.arming_state,vehicle_status
518,q10__vehicle_status.nav_state,q10,vehicle_status.nav_state,vehicle_status
519,q10__vehicle_vision_position.x,q10,vehicle_vision_position.x,vehicle_vision_position
520,q10__vehicle_vision_position.y,q10,vehicle_vision_position.y,vehicle_vision_position
521,q10__vehicle_vision_position.z,q10,vehicle_vision_position.z,vehicle_vision_position
522,q25__actuator_controls_0.control[0],q25,actuator_controls_0.control[0],actuator_controls_0
523,q25__actuator_controls_0.control[1],q25,actuator_controls_0.control[1],actuator_controls_0
524,q25__actuator_controls_0.control[2],q25,actuator_controls_0.control[2],actuator_controls_0
525,q25__actuator_controls_0.control[3],q25,actuator_controls_0.control[3],actuator_controls_0
526,q25__actuator_outputs.output[0],q25,actuator_outputs.output[0],actuator_outputs
527,q25__actuator_outputs.output[1],q25,actuator_outputs.output[1],actuator_outputs
528,q25__actuator_outputs.output[2],q25,actuator_outputs.output[2],actuator_outputs
529,q25__actuator_outputs.output[3],q25,actuator_outputs.output[3],actuator_outputs
530,q25__actuator_outputs.output[4],q25,actuator_outputs.output[4],actuator_outputs
531,q25__actuator_outputs.output[5],q25,actuator_outputs.output[5],actuator_outputs
532,q25__actuator_outputs.output[6],q25,actuator_outputs.output[6],actuator_outputs
533,q25__actuator_outputs.output[7],q25,actuator_outputs.output[7],actuator_outputs
534,q25__battery_status.current_a,q25,battery_status.current_a,battery_status
535,q25__battery_status.current_filtered_a,q25,battery_status.current_filtered_a,battery_status
536,q25__battery_status.discharged_mah,q25,battery_status.discharged_mah,battery_status
537,q25__battery_status.remaining,q25,battery_status.remaining,battery_status
538,q25__battery_status.voltage_filtered_v,q25,battery_status.voltage_filtered_v,battery_status
539,q25__battery_status.voltage_v,q25,battery_status.voltage_v,battery_status
540,q25__cpuload.load,q25,cpuload.load,cpuload
541,q25__cpuload.ram_usage,q25,cpuload.ram_usage,cpuload
542,q25__distance_sensor.current_distance,q25,distance_sensor.current_distance,distance_sensor
543,q25__ekf2_innovations.hagl_innov,q25,ekf2_innovations.hagl_innov,ekf2_innovations
544,q25__ekf2_innovations.heading_innov,q25,ekf2_innovations.heading_innov,ekf2_innovations
545,q25__ekf2_innovations.output_tracking_error[0],q25,ekf2_innovations.output_tracking_error[0],ekf2_innovations
546,q25__ekf2_innovations.output_tracking_error[1],q25,ekf2_innovations.output_tracking_error[1],ekf2_innovations
547,q25__ekf2_innovations.output_tracking_error[2],q25,ekf2_innovations.output_tracking_error[2],ekf2_innovations
548,q25__ekf2_innovations.vel_pos_innov[3],q25,ekf2_innovations.vel_pos_innov[3],ekf2_innovations
549,q25__ekf2_innovations.vel_pos_innov[4],q25,ekf2_innovations.vel_pos_innov[4],ekf2_innovations
550,q25__ekf2_innovations.vel_pos_innov[5],q25,ekf2_innovations.vel_pos_innov[5],ekf2_innovations
551,q25__estimator_status.hagl_test_ratio,q25,estimator_status.hagl_test_ratio,estimator_status
552,q25__estimator_status.hgt_test_ratio,q25,estimator_status.hgt_test_ratio,estimator_status
553,q25__estimator_status.mag_test_ratio,q25,estimator_status.mag_test_ratio,estimator_status
554,q25__estimator_status.pos_horiz_accuracy,q25,estimator_status.pos_horiz_accuracy,estimator_status
555,q25__estimator_status.pos_test_ratio,q25,estimator_status.pos_test_ratio,estimator_status
556,q25__estimator_status.pos_vert_accuracy,q25,estimator_status.pos_vert_accuracy,estimator_status
557,q25__estimator_status.vibe[0],q25,estimator_status.vibe[0],estimator_status
558,q25__estimator_status.vibe[1],q25,estimator_status.vibe[1],estimator_status
559,q25__estimator_status.vibe[2],q25,estimator_status.vibe[2],estimator_status
560,q25__manual_control_setpoint.r,q25,manual_control_setpoint.r,manual_control_setpoint
561,q25__manual_control_setpoint.x,q25,manual_control_setpoint.x,manual_control_setpoint
562,q25__manual_control_setpoint.y,q25,manual_control_setpoint.y,manual_control_setpoint
563,q25__manual_control_setpoint.z,q25,manual_control_setpoint.z,manual_control_setpoint
564,q25__rate_ctrl_status.pitchspeed_integ,q25,rate_ctrl_status.pitchspeed_integ,rate_ctrl_status
565,q25__rate_ctrl_status.rollspeed_integ,q25,rate_ctrl_status.rollspeed_integ,rate_ctrl_status
566,q25__rate_ctrl_status.yawspeed_integ,q25,rate_ctrl_status.yawspeed_integ,rate_ctrl_status
567,q25__sensor_combined.accelerometer_m_s2[0],q25,sensor_combined.accelerometer_m_s2[0],sensor_combined
568,q25__sensor_combined.accelerometer_m_s2[1],q25,sensor_combined.accelerometer_m_s2[1],sensor_combined
569,q25__sensor_combined.accelerometer_m_s2[2],q25,sensor_combined.accelerometer_m_s2[2],sensor_combined
570,q25__sensor_combined.gyro_rad[0],q25,sensor_combined.gyro_rad[0],sensor_combined
571,q25__sensor_combined.gyro_rad[1],q25,sensor_combined.gyro_rad[1],sensor_combined
572,q25__sensor_combined.gyro_rad[2],q25,sensor_combined.gyro_rad[2],sensor_combined
573,q25__sensor_preflight.accel_inconsistency_m_s_s,q25,sensor_preflight.accel_inconsistency_m_s_s,sensor_preflight
574,q25__sensor_preflight.gyro_inconsistency_rad_s,q25,sensor_preflight.gyro_inconsistency_rad_s,sensor_preflight
575,q25__vehicle_attitude.pitchspeed,q25,vehicle_attitude.pitchspeed,vehicle_attitude
576,q25__vehicle_attitude.q[0],q25,vehicle_attitude.q[0],vehicle_attitude
577,q25__vehicle_attitude.q[1],q25,vehicle_attitude.q[1],vehicle_attitude
578,q25__vehicle_attitude.q[2],q25,vehicle_attitude.q[2],vehicle_attitude
579,q25__vehicle_attitude.q[3],q25,vehicle_attitude.q[3],vehicle_attitude
580,q25__vehicle_attitude.rollspeed,q25,vehicle_attitude.rollspeed,vehicle_attitude
581,q25__vehicle_attitude.yawspeed,q25,vehicle_attitude.yawspeed,vehicle_attitude
582,q25__vehicle_attitude_setpoint.pitch_body,q25,vehicle_attitude_setpoint.pitch_body,vehicle_attitude_setpoint
583,q25__vehicle_attitude_setpoint.roll_body,q25,vehicle_attitude_setpoint.roll_body,vehicle_attitude_setpoint
584,q25__vehicle_attitude_setpoint.yaw_body,q25,vehicle_attitude_setpoint.yaw_body,vehicle_attitude_setpoint
585,q25__vehicle_land_detected.ground_contact,q25,vehicle_land_detected.ground_contact,vehicle_land_detected
586,q25__vehicle_land_detected.landed,q25,vehicle_land_detected.landed,vehicle_land_detected
587,q25__vehicle_land_detected.maybe_landed,q25,vehicle_land_detected.maybe_landed,vehicle_land_detected
588,q25__vehicle_local_position.ax,q25,vehicle_local_position.ax,vehicle_local_position
589,q25__vehicle_local_position.ay,q25,vehicle_local_position.ay,vehicle_local_position
590,q25__vehicle_local_position.az,q25,vehicle_local_position.az,vehicle_local_position
591,q25__vehicle_local_position.dist_bottom,q25,vehicle_local_position.dist_bottom,vehicle_local_position
592,q25__vehicle_local_position.dist_bottom_rate,q25,vehicle_local_position.dist_bottom_rate,vehicle_local_position
593,q25__vehicle_local_position.eph,q25,vehicle_local_position.eph,vehicle_local_position
594,q25__vehicle_local_position.epv,q25,vehicle_local_position.epv,vehicle_local_position
595,q25__vehicle_local_position.vx,q25,vehicle_local_position.vx,vehicle_local_position
596,q25__vehicle_local_position.vy,q25,vehicle_local_position.vy,vehicle_local_position
597,q25__vehicle_local_position.vz,q25,vehicle_local_position.vz,vehicle_local_position
598,q25__vehicle_local_position.x,q25,vehicle_local_position.x,vehicle_local_position
599,q25__vehicle_local_position.y,q25,vehicle_local_position.y,vehicle_local_position
600,q25__vehicle_local_position.z,q25,vehicle_local_position.z,vehicle_local_position
601,q25__vehicle_rates_setpoint.pitch,q25,vehicle_rates_setpoint.pitch,vehicle_rates_setpoint
602,q25__vehicle_rates_setpoint.roll,q25,vehicle_rates_setpoint.roll,vehicle_rates_setpoint
603,q25__vehicle_rates_setpoint.yaw,q25,vehicle_rates_setpoint.yaw,vehicle_rates_setpoint
604,q25__vehicle_status.arming_state,q25,vehicle_status.arming_state,vehicle_status
605,q25__vehicle_status.nav_state,q25,vehicle_status.nav_state,vehicle_status
606,q25__vehicle_vision_position.x,q25,vehicle_vision_position.x,vehicle_vision_position
607,q25__vehicle_vision_position.y,q25,vehicle_vision_position.y,vehicle_vision_position
608,q25__vehicle_vision_position.z,q25,vehicle_vision_position.z,vehicle_vision_position
609,q50__actuator_controls_0.control[0],q50,actuator_controls_0.control[0],actuator_controls_0
610,q50__actuator_controls_0.control[1],q50,actuator_controls_0.control[1],actuator_controls_0
611,q50__actuator_controls_0.control[2],q50,actuator_controls_0.control[2],actuator_controls_0
612,q50__actuator_controls_0.control[3],q50,actuator_controls_0.control[3],actuator_controls_0
613,q50__actuator_outputs.output[0],q50,actuator_outputs.output[0],actuator_outputs
614,q50__actuator_outputs.output[1],q50,actuator_outputs.output[1],actuator_outputs
615,q50__actuator_outputs.output[2],q50,actuator_outputs.output[2],actuator_outputs
616,q50__actuator_outputs.output[3],q50,actuator_outputs.output[3],actuator_outputs
617,q50__actuator_outputs.output[4],q50,actuator_outputs.output[4],actuator_outputs
618,q50__actuator_outputs.output[5],q50,actuator_outputs.output[5],actuator_outputs
619,q50__actuator_outputs.output[6],q50,actuator_outputs.output[6],actuator_outputs
620,q50__actuator_outputs.output[7],q50,actuator_outputs.output[7],actuator_outputs
621,q50__battery_status.current_a,q50,battery_status.current_a,battery_status
622,q50__battery_status.current_filtered_a,q50,battery_status.current_filtered_a,battery_status
623,q50__battery_status.discharged_mah,q50,battery_status.discharged_mah,battery_status
624,q50__battery_status.remaining,q50,battery_status.remaining,battery_status
625,q50__battery_status.voltage_filtered_v,q50,battery_status.voltage_filtered_v,battery_status
626,q50__battery_status.voltage_v,q50,battery_status.voltage_v,battery_status
627,q50__cpuload.load,q50,cpuload.load,cpuload
628,q50__cpuload.ram_usage,q50,cpuload.ram_usage,cpuload
629,q50__distance_sensor.current_distance,q50,distance_sensor.current_distance,distance_sensor
630,q50__ekf2_innovations.hagl_innov,q50,ekf2_innovations.hagl_innov,ekf2_innovations
631,q50__ekf2_innovations.heading_innov,q50,ekf2_innovations.heading_innov,ekf2_innovations
632,q50__ekf2_innovations.output_tracking_error[0],q50,ekf2_innovations.output_tracking_error[0],ekf2_innovations
633,q50__ekf2_innovations.output_tracking_error[1],q50,ekf2_innovations.output_tracking_error[1],ekf2_innovations
634,q50__ekf2_innovations.output_tracking_error[2],q50,ekf2_innovations.output_tracking_error[2],ekf2_innovations
635,q50__ekf2_innovations.vel_pos_innov[3],q50,ekf2_innovations.vel_pos_innov[3],ekf2_innovations
636,q50__ekf2_innovations.vel_pos_innov[4],q50,ekf2_innovations.vel_pos_innov[4],ekf2_innovations
637,q50__ekf2_innovations.vel_pos_innov[5],q50,ekf2_innovations.vel_pos_innov[5],ekf2_innovations
638,q50__estimator_status.hagl_test_ratio,q50,estimator_status.hagl_test_ratio,estimator_status
639,q50__estimator_status.hgt_test_ratio,q50,estimator_status.hgt_test_ratio,estimator_status
640,q50__estimator_status.mag_test_ratio,q50,estimator_status.mag_test_ratio,estimator_status
641,q50__estimator_status.pos_horiz_accuracy,q50,estimator_status.pos_horiz_accuracy,estimator_status
642,q50__estimator_status.pos_test_ratio,q50,estimator_status.pos_test_ratio,estimator_status
643,q50__estimator_status.pos_vert_accuracy,q50,estimator_status.pos_vert_accuracy,estimator_status
644,q50__estimator_status.vibe[0],q50,estimator_status.vibe[0],estimator_status
645,q50__estimator_status.vibe[1],q50,estimator_status.vibe[1],estimator_status
646,q50__estimator_status.vibe[2],q50,estimator_status.vibe[2],estimator_status
647,q50__manual_control_setpoint.r,q50,manual_control_setpoint.r,manual_control_setpoint
648,q50__manual_control_setpoint.x,q50,manual_control_setpoint.x,manual_control_setpoint
649,q50__manual_control_setpoint.y,q50,manual_control_setpoint.y,manual_control_setpoint
650,q50__manual_control_setpoint.z,q50,manual_control_setpoint.z,manual_control_setpoint
651,q50__rate_ctrl_status.pitchspeed_integ,q50,rate_ctrl_status.pitchspeed_integ,rate_ctrl_status
652,q50__rate_ctrl_status.rollspeed_integ,q50,rate_ctrl_status.rollspeed_integ,rate_ctrl_status
653,q50__rate_ctrl_status.yawspeed_integ,q50,rate_ctrl_status.yawspeed_integ,rate_ctrl_status
654,q50__sensor_combined.accelerometer_m_s2[0],q50,sensor_combined.accelerometer_m_s2[0],sensor_combined
655,q50__sensor_combined.accelerometer_m_s2[1],q50,sensor_combined.accelerometer_m_s2[1],sensor_combined
656,q50__sensor_combined.accelerometer_m_s2[2],q50,sensor_combined.accelerometer_m_s2[2],sensor_combined
657,q50__sensor_combined.gyro_rad[0],q50,sensor_combined.gyro_rad[0],sensor_combined
658,q50__sensor_combined.gyro_rad[1],q50,sensor_combined.gyro_rad[1],sensor_combined
659,q50__sensor_combined.gyro_rad[2],q50,sensor_combined.gyro_rad[2],sensor_combined
660,q50__sensor_preflight.accel_inconsistency_m_s_s,q50,sensor_preflight.accel_inconsistency_m_s_s,sensor_preflight
661,q50__sensor_preflight.gyro_inconsistency_rad_s,q50,sensor_preflight.gyro_inconsistency_rad_s,sensor_preflight
662,q50__vehicle_attitude.pitchspeed,q50,vehicle_attitude.pitchspeed,vehicle_attitude
663,q50__vehicle_attitude.q[0],q50,vehicle_attitude.q[0],vehicle_attitude
664,q50__vehicle_attitude.q[1],q50,vehicle_attitude.q[1],vehicle_attitude
665,q50__vehicle_attitude.q[2],q50,vehicle_attitude.q[2],vehicle_attitude
666,q50__vehicle_attitude.q[3],q50,vehicle_attitude.q[3],vehicle_attitude
667,q50__vehicle_attitude.rollspeed,q50,vehicle_attitude.rollspeed,vehicle_attitude
668,q50__vehicle_attitude.yawspeed,q50,vehicle_attitude.yawspeed,vehicle_attitude
669,q50__vehicle_attitude_setpoint.pitch_body,q50,vehicle_attitude_setpoint.pitch_body,vehicle_attitude_setpoint
670,q50__vehicle_attitude_setpoint.roll_body,q50,vehicle_attitude_setpoint.roll_body,vehicle_attitude_setpoint
671,q50__vehicle_attitude_setpoint.yaw_body,q50,vehicle_attitude_setpoint.yaw_body,vehicle_attitude_setpoint
672,q50__vehicle_land_detected.ground_contact,q50,vehicle_land_detected.ground_contact,vehicle_land_detected
673,q50__vehicle_land_detected.landed,q50,vehicle_land_detected.landed,vehicle_land_detected
674,q50__vehicle_land_detected.maybe_landed,q50,vehicle_land_detected.maybe_landed,vehicle_land_detected
675,q50__vehicle_local_position.ax,q50,vehicle_local_position.ax,vehicle_local_position
676,q50__vehicle_local_position.ay,q50,vehicle_local_position.ay,vehicle_local_position
677,q50__vehicle_local_position.az,q50,vehicle_local_position.az,vehicle_local_position
678,q50__vehicle_local_position.dist_bottom,q50,vehicle_local_position.dist_bottom,vehicle_local_position
679,q50__vehicle_local_position.dist_bottom_rate,q50,vehicle_local_position.dist_bottom_rate,vehicle_local_position
680,q50__vehicle_local_position.eph,q50,vehicle_local_position.eph,vehicle_local_position
681,q50__vehicle_local_position.epv,q50,vehicle_local_position.epv,vehicle_local_position
682,q50__vehicle_local_position.vx,q50,vehicle_local_position.vx,vehicle_local_position
683,q50__vehicle_local_position.vy,q50,vehicle_local_position.vy,vehicle_local_position
684,q50__vehicle_local_position.vz,q50,vehicle_local_position.vz,vehicle_local_position
685,q50__vehicle_local_position.x,q50,vehicle_local_position.x,vehicle_local_position
686,q50__vehicle_local_position.y,q50,vehicle_local_position.y,vehicle_local_position
687,q50__vehicle_local_position.z,q50,vehicle_local_position.z,vehicle_local_position
688,q50__vehicle_rates_setpoint.pitch,q50,vehicle_rates_setpoint.pitch,vehicle_rates_setpoint
689,q50__vehicle_rates_setpoint.roll,q50,vehicle_rates_setpoint.roll,vehicle_rates_setpoint
690,q50__vehicle_rates_setpoint.yaw,q50,vehicle_rates_setpoint.yaw,vehicle_rates_setpoint
691,q50__vehicle_status.arming_state,q50,vehicle_status.arming_state,vehicle_status
692,q50__vehicle_status.nav_state,q50,vehicle_status.nav_state,vehicle_status
693,q50__vehicle_vision_position.x,q50,vehicle_vision_position.x,vehicle_vision_position
694,q50__vehicle_vision_position.y,q50,vehicle_vision_position.y,vehicle_vision_position
695,q50__vehicle_vision_position.z,q50,vehicle_vision_position.z,vehicle_vision_position
696,q75__actuator_controls_0.control[0],q75,actuator_controls_0.control[0],actuator_controls_0
697,q75__actuator_controls_0.control[1],q75,actuator_controls_0.control[1],actuator_controls_0
698,q75__actuator_controls_0.control[2],q75,actuator_controls_0.control[2],actuator_controls_0
699,q75__actuator_controls_0.control[3],q75,actuator_controls_0.control[3],actuator_controls_0
700,q75__actuator_outputs.output[0],q75,actuator_outputs.output[0],actuator_outputs
701,q75__actuator_outputs.output[1],q75,actuator_outputs.output[1],actuator_outputs
702,q75__actuator_outputs.output[2],q75,actuator_outputs.output[2],actuator_outputs
703,q75__actuator_outputs.output[3],q75,actuator_outputs.output[3],actuator_outputs
704,q75__actuator_outputs.output[4],q75,actuator_outputs.output[4],actuator_outputs
705,q75__actuator_outputs.output[5],q75,actuator_outputs.output[5],actuator_outputs
706,q75__actuator_outputs.output[6],q75,actuator_outputs.output[6],actuator_outputs
707,q75__actuator_outputs.output[7],q75,actuator_outputs.output[7],actuator_outputs
708,q75__battery_status.current_a,q75,battery_status.current_a,battery_status
709,q75__battery_status.current_filtered_a,q75,battery_status.current_filtered_a,battery_status
710,q75__battery_status.discharged_mah,q75,battery_status.discharged_mah,battery_status
711,q75__battery_status.remaining,q75,battery_status.remaining,battery_status
712,q75__battery_status.voltage_filtered_v,q75,battery_status.voltage_filtered_v,battery_status
713,q75__battery_status.voltage_v,q75,battery_status.voltage_v,battery_status
714,q75__cpuload.load,q75,cpuload.load,cpuload
715,q75__cpuload.ram_usage,q75,cpuload.ram_usage,cpuload
716,q75__distance_sensor.current_distance,q75,distance_sensor.current_distance,distance_sensor
717,q75__ekf2_innovations.hagl_innov,q75,ekf2_innovations.hagl_innov,ekf2_innovations
718,q75__ekf2_innovations.heading_innov,q75,ekf2_innovations.heading_innov,ekf2_innovations
719,q75__ekf2_innovations.output_tracking_error[0],q75,ekf2_innovations.output_tracking_error[0],ekf2_innovations
720,q75__ekf2_innovations.output_tracking_error[1],q75,ekf2_innovations.output_tracking_error[1],ekf2_innovations
721,q75__ekf2_innovations.output_tracking_error[2],q75,ekf2_innovations.output_tracking_error[2],ekf2_innovations
722,q75__ekf2_innovations.vel_pos_innov[3],q75,ekf2_innovations.vel_pos_innov[3],ekf2_innovations
723,q75__ekf2_innovations.vel_pos_innov[4],q75,ekf2_innovations.vel_pos_innov[4],ekf2_innovations
724,q75__ekf2_innovations.vel_pos_innov[5],q75,ekf2_innovations.vel_pos_innov[5],ekf2_innovations
725,q75__estimator_status.hagl_test_ratio,q75,estimator_status.hagl_test_ratio,estimator_status
726,q75__estimator_status.hgt_test_ratio,q75,estimator_status.hgt_test_ratio,estimator_status
727,q75__estimator_status.mag_test_ratio,q75,estimator_status.mag_test_ratio,estimator_status
728,q75__estimator_status.pos_horiz_accuracy,q75,estimator_status.pos_horiz_accuracy,estimator_status
729,q75__estimator_status.pos_test_ratio,q75,estimator_status.pos_test_ratio,estimator_status
730,q75__estimator_status.pos_vert_accuracy,q75,estimator_status.pos_vert_accuracy,estimator_status
731,q75__estimator_status.vibe[0],q75,estimator_status.vibe[0],estimator_status
732,q75__estimator_status.vibe[1],q75,estimator_status.vibe[1],estimator_status
733,q75__estimator_status.vibe[2],q75,estimator_status.vibe[2],estimator_status
734,q75__manual_control_setpoint.r,q75,manual_control_setpoint.r,manual_control_setpoint
735,q75__manual_control_setpoint.x,q75,manual_control_setpoint.x,manual_control_setpoint
736,q75__manual_control_setpoint.y,q75,manual_control_setpoint.y,manual_control_setpoint
737,q75__manual_control_setpoint.z,q75,manual_control_setpoint.z,manual_control_setpoint
738,q75__rate_ctrl_status.pitchspeed_integ,q75,rate_ctrl_status.pitchspeed_integ,rate_ctrl_status
739,q75__rate_ctrl_status.rollspeed_integ,q75,rate_ctrl_status.rollspeed_integ,rate_ctrl_status
740,q75__rate_ctrl_status.yawspeed_integ,q75,rate_ctrl_status.yawspeed_integ,rate_ctrl_status
741,q75__sensor_combined.accelerometer_m_s2[0],q75,sensor_combined.accelerometer_m_s2[0],sensor_combined
742,q75__sensor_combined.accelerometer_m_s2[1],q75,sensor_combined.accelerometer_m_s2[1],sensor_combined
743,q75__sensor_combined.accelerometer_m_s2[2],q75,sensor_combined.accelerometer_m_s2[2],sensor_combined
744,q75__sensor_combined.gyro_rad[0],q75,sensor_combined.gyro_rad[0],sensor_combined
745,q75__sensor_combined.gyro_rad[1],q75,sensor_combined.gyro_rad[1],sensor_combined
746,q75__sensor_combined.gyro_rad[2],q75,sensor_combined.gyro_rad[2],sensor_combined
747,q75__sensor_preflight.accel_inconsistency_m_s_s,q75,sensor_preflight.accel_inconsistency_m_s_s,sensor_preflight
748,q75__sensor_preflight.gyro_inconsistency_rad_s,q75,sensor_preflight.gyro_inconsistency_rad_s,sensor_preflight
749,q75__vehicle_attitude.pitchspeed,q75,vehicle_attitude.pitchspeed,vehicle_attitude
750,q75__vehicle_attitude.q[0],q75,vehicle_attitude.q[0],vehicle_attitude
751,q75__vehicle_attitude.q[1],q75,vehicle_attitude.q[1],vehicle_attitude
752,q75__vehicle_attitude.q[2],q75,vehicle_attitude.q[2],vehicle_attitude
753,q75__vehicle_attitude.q[3],q75,vehicle_attitude.q[3],vehicle_attitude
754,q75__vehicle_attitude.rollspeed,q75,vehicle_attitude.rollspeed,vehicle_attitude
755,q75__vehicle_attitude.yawspeed,q75,vehicle_attitude.yawspeed,vehicle_attitude
756,q75__vehicle_attitude_setpoint.pitch_body,q75,vehicle_attitude_setpoint.pitch_body,vehicle_attitude_setpoint
757,q75__vehicle_attitude_setpoint.roll_body,q75,vehicle_attitude_setpoint.roll_body,vehicle_attitude_setpoint
758,q75__vehicle_attitude_setpoint.yaw_body,q75,vehicle_attitude_setpoint.yaw_body,vehicle_attitude_setpoint
759,q75__vehicle_land_detected.ground_contact,q75,vehicle_land_detected.ground_contact,vehicle_land_detected
760,q75__vehicle_land_detected.landed,q75,vehicle_land_detected.landed,vehicle_land_detected
761,q75__vehicle_land_detected.maybe_landed,q75,vehicle_land_detected.maybe_landed,vehicle_land_detected
762,q75__vehicle_local_position.ax,q75,vehicle_local_position.ax,vehicle_local_position
763,q75__vehicle_local_position.ay,q75,vehicle_local_position.ay,vehicle_local_position
764,q75__vehicle_local_position.az,q75,vehicle_local_position.az,vehicle_local_position
765,q75__vehicle_local_position.dist_bottom,q75,vehicle_local_position.dist_bottom,vehicle_local_position
766,q75__vehicle_local_position.dist_bottom_rate,q75,vehicle_local_position.dist_bottom_rate,vehicle_local_position
767,q75__vehicle_local_position.eph,q75,vehicle_local_position.eph,vehicle_local_position
768,q75__vehicle_local_position.epv,q75,vehicle_local_position.epv,vehicle_local_position
769,q75__vehicle_local_position.vx,q75,vehicle_local_position.vx,vehicle_local_position
770,q75__vehicle_local_position.vy,q75,vehicle_local_position.vy,vehicle_local_position
771,q75__vehicle_local_position.vz,q75,vehicle_local_position.vz,vehicle_local_position
772,q75__vehicle_local_position.x,q75,vehicle_local_position.x,vehicle_local_position
773,q75__vehicle_local_position.y,q75,vehicle_local_position.y,vehicle_local_position
774,q75__vehicle_local_position.z,q75,vehicle_local_position.z,vehicle_local_position
775,q75__vehicle_rates_setpoint.pitch,q75,vehicle_rates_setpoint.pitch,vehicle_rates_setpoint
776,q75__vehicle_rates_setpoint.roll,q75,vehicle_rates_setpoint.roll,vehicle_rates_setpoint
777,q75__vehicle_rates_setpoint.yaw,q75,vehicle_rates_setpoint.yaw,vehicle_rates_setpoint
778,q75__vehicle_status.arming_state,q75,vehicle_status.arming_state,vehicle_status
779,q75__vehicle_status.nav_state,q75,vehicle_status.nav_state,vehicle_status
780,q75__vehicle_vision_position.x,q75,vehicle_vision_position.x,vehicle_vision_position
781,q75__vehicle_vision_position.y,q75,vehicle_vision_position.y,vehicle_vision_position
782,q75__vehicle_vision_position.z,q75,vehicle_vision_position.z,vehicle_vision_position
783,q90__actuator_controls_0.control[0],q90,actuator_controls_0.control[0],actuator_controls_0
784,q90__actuator_controls_0.control[1],q90,actuator_controls_0.control[1],actuator_controls_0
785,q90__actuator_controls_0.control[2],q90,actuator_controls_0.control[2],actuator_controls_0
786,q90__actuator_controls_0.control[3],q90,actuator_controls_0.control[3],actuator_controls_0
787,q90__actuator_outputs.output[0],q90,actuator_outputs.output[0],actuator_outputs
788,q90__actuator_outputs.output[1],q90,actuator_outputs.output[1],actuator_outputs
789,q90__actuator_outputs.output[2],q90,actuator_outputs.output[2],actuator_outputs
790,q90__actuator_outputs.output[3],q90,actuator_outputs.output[3],actuator_outputs
791,q90__actuator_outputs.output[4],q90,actuator_outputs.output[4],actuator_outputs
792,q90__actuator_outputs.output[5],q90,actuator_outputs.output[5],actuator_outputs
793,q90__actuator_outputs.output[6],q90,actuator_outputs.output[6],actuator_outputs
794,q90__actuator_outputs.output[7],q90,actuator_outputs.output[7],actuator_outputs
795,q90__battery_status.current_a,q90,battery_status.current_a,battery_status
796,q90__battery_status.current_filtered_a,q90,battery_status.current_filtered_a,battery_status
797,q90__battery_status.discharged_mah,q90,battery_status.discharged_mah,battery_status
798,q90__battery_status.remaining,q90,battery_status.remaining,battery_status
799,q90__battery_status.voltage_filtered_v,q90,battery_status.voltage_filtered_v,battery_status
800,q90__battery_status.voltage_v,q90,battery_status.voltage_v,battery_status
801,q90__cpuload.load,q90,cpuload.load,cpuload
802,q90__cpuload.ram_usage,q90,cpuload.ram_usage,cpuload
803,q90__distance_sensor.current_distance,q90,distance_sensor.current_distance,distance_sensor
804,q90__ekf2_innovations.hagl_innov,q90,ekf2_innovations.hagl_innov,ekf2_innovations
805,q90__ekf2_innovations.heading_innov,q90,ekf2_innovations.heading_innov,ekf2_innovations
806,q90__ekf2_innovations.output_tracking_error[0],q90,ekf2_innovations.output_tracking_error[0],ekf2_innovations
807,q90__ekf2_innovations.output_tracking_error[1],q90,ekf2_innovations.output_tracking_error[1],ekf2_innovations
808,q90__ekf2_innovations.output_tracking_error[2],q90,ekf2_innovations.output_tracking_error[2],ekf2_innovations
809,q90__ekf2_innovations.vel_pos_innov[3],q90,ekf2_innovations.vel_pos_innov[3],ekf2_innovations
810,q90__ekf2_innovations.vel_pos_innov[4],q90,ekf2_innovations.vel_pos_innov[4],ekf2_innovations
811,q90__ekf2_innovations.vel_pos_innov[5],q90,ekf2_innovations.vel_pos_innov[5],ekf2_innovations
812,q90__estimator_status.hagl_test_ratio,q90,estimator_status.hagl_test_ratio,estimator_status
813,q90__estimator_status.hgt_test_ratio,q90,estimator_status.hgt_test_ratio,estimator_status
814,q90__estimator_status.mag_test_ratio,q90,estimator_status.mag_test_ratio,estimator_status
815,q90__estimator_status.pos_horiz_accuracy,q90,estimator_status.pos_horiz_accuracy,estimator_status
816,q90__estimator_status.pos_test_ratio,q90,estimator_status.pos_test_ratio,estimator_status
817,q90__estimator_status.pos_vert_accuracy,q90,estimator_status.pos_vert_accuracy,estimator_status
818,q90__estimator_status.vibe[0],q90,estimator_status.vibe[0],estimator_status
819,q90__estimator_status.vibe[1],q90,estimator_status.vibe[1],estimator_status
820,q90__estimator_status.vibe[2],q90,estimator_status.vibe[2],estimator_status
821,q90__manual_control_setpoint.r,q90,manual_control_setpoint.r,manual_control_setpoint
822,q90__manual_control_setpoint.x,q90,manual_control_setpoint.x,manual_control_setpoint
823,q90__manual_control_setpoint.y,q90,manual_control_setpoint.y,manual_control_setpoint
824,q90__manual_control_setpoint.z,q90,manual_control_setpoint.z,manual_control_setpoint
825,q90__rate_ctrl_status.pitchspeed_integ,q90,rate_ctrl_status.pitchspeed_integ,rate_ctrl_status
826,q90__rate_ctrl_status.rollspeed_integ,q90,rate_ctrl_status.rollspeed_integ,rate_ctrl_status
827,q90__rate_ctrl_status.yawspeed_integ,q90,rate_ctrl_status.yawspeed_integ,rate_ctrl_status
828,q90__sensor_combined.accelerometer_m_s2[0],q90,sensor_combined.accelerometer_m_s2[0],sensor_combined
829,q90__sensor_combined.accelerometer_m_s2[1],q90,sensor_combined.accelerometer_m_s2[1],sensor_combined
830,q90__sensor_combined.accelerometer_m_s2[2],q90,sensor_combined.accelerometer_m_s2[2],sensor_combined
831,q90__sensor_combined.gyro_rad[0],q90,sensor_combined.gyro_rad[0],sensor_combined
832,q90__sensor_combined.gyro_rad[1],q90,sensor_combined.gyro_rad[1],sensor_combined
833,q90__sensor_combined.gyro_rad[2],q90,sensor_combined.gyro_rad[2],sensor_combined
834,q90__sensor_preflight.accel_inconsistency_m_s_s,q90,sensor_preflight.accel_inconsistency_m_s_s,sensor_preflight
835,q90__sensor_preflight.gyro_inconsistency_rad_s,q90,sensor_preflight.gyro_inconsistency_rad_s,sensor_preflight
836,q90__vehicle_attitude.pitchspeed,q90,vehicle_attitude.pitchspeed,vehicle_attitude
837,q90__vehicle_attitude.q[0],q90,vehicle_attitude.q[0],vehicle_attitude
838,q90__vehicle_attitude.q[1],q90,vehicle_attitude.q[1],vehicle_attitude
839,q90__vehicle_attitude.q[2],q90,vehicle_attitude.q[2],vehicle_attitude
840,q90__vehicle_attitude.q[3],q90,vehicle_attitude.q[3],vehicle_attitude
841,q90__vehicle_attitude.rollspeed,q90,vehicle_attitude.rollspeed,vehicle_attitude
842,q90__vehicle_attitude.yawspeed,q90,vehicle_attitude.yawspeed,vehicle_attitude
843,q90__vehicle_attitude_setpoint.pitch_body,q90,vehicle_attitude_setpoint.pitch_body,vehicle_attitude_setpoint
844,q90__vehicle_attitude_setpoint.roll_body,q90,vehicle_attitude_setpoint.roll_body,vehicle_attitude_setpoint
845,q90__vehicle_attitude_setpoint.yaw_body,q90,vehicle_attitude_setpoint.yaw_body,vehicle_attitude_setpoint
846,q90__vehicle_land_detected.ground_contact,q90,vehicle_land_detected.ground_contact,vehicle_land_detected
847,q90__vehicle_land_detected.landed,q90,vehicle_land_detected.landed,vehicle_land_detected
848,q90__vehicle_land_detected.maybe_landed,q90,vehicle_land_detected.maybe_landed,vehicle_land_detected
849,q90__vehicle_local_position.ax,q90,vehicle_local_position.ax,vehicle_local_position
850,q90__vehicle_local_position.ay,q90,vehicle_local_position.ay,vehicle_local_position
851,q90__vehicle_local_position.az,q90,vehicle_local_position.az,vehicle_local_position
852,q90__vehicle_local_position.dist_bottom,q90,vehicle_local_position.dist_bottom,vehicle_local_position
853,q90__vehicle_local_position.dist_bottom_rate,q90,vehicle_local_position.dist_bottom_rate,vehicle_local_position
854,q90__vehicle_local_position.eph,q90,vehicle_local_position.eph,vehicle_local_position
855,q90__vehicle_local_position.epv,q90,vehicle_local_position.epv,vehicle_local_position
856,q90__vehicle_local_position.vx,q90,vehicle_local_position.vx,vehicle_local_position
857,q90__vehicle_local_position.vy,q90,vehicle_local_position.vy,vehicle_local_position
858,q90__vehicle_local_position.vz,q90,vehicle_local_position.vz,vehicle_local_position
859,q90__vehicle_local_position.x,q90,vehicle_local_position.x,vehicle_local_position
860,q90__vehicle_local_position.y,q90,vehicle_local_position.y,vehicle_local_position
861,q90__vehicle_local_position.z,q90,vehicle_local_position.z,vehicle_local_position
862,q90__vehicle_rates_setpoint.pitch,q90,vehicle_rates_setpoint.pitch,vehicle_rates_setpoint
863,q90__vehicle_rates_setpoint.roll,q90,vehicle_rates_setpoint.roll,vehicle_rates_setpoint
864,q90__vehicle_rates_setpoint.yaw,q90,vehicle_rates_setpoint.yaw,vehicle_rates_setpoint
865,q90__vehicle_status.arming_state,q90,vehicle_status.arming_state,vehicle_status
866,q90__vehicle_status.nav_state,q90,vehicle_status.nav_state,vehicle_status
867,q90__vehicle_vision_position.x,q90,vehicle_vision_position.x,vehicle_vision_position
868,q90__vehicle_vision_position.y,q90,vehicle_vision_position.y,vehicle_vision_position
869,q90__vehicle_vision_position.z,q90,vehicle_vision_position.z,vehicle_vision_position
870,start__actuator_controls_0.control[0],start,actuator_controls_0.control[0],actuator_controls_0
871,start__actuator_controls_0.control[1],start,actuator_controls_0.control[1],actuator_controls_0
872,start__actuator_controls_0.control[2],start,actuator_controls_0.control[2],actuator_controls_0
873,start__actuator_controls_0.control[3],start,actuator_controls_0.control[3],actuator_controls_0
874,start__actuator_outputs.output[0],start,actuator_outputs.output[0],actuator_outputs
875,start__actuator_outputs.output[1],start,actuator_outputs.output[1],actuator_outputs
876,start__actuator_outputs.output[2],start,actuator_outputs.output[2],actuator_outputs
877,start__actuator_outputs.output[3],start,actuator_outputs.output[3],actuator_outputs
878,start__actuator_outputs.output[4],start,actuator_outputs.output[4],actuator_outputs
879,start__actuator_outputs.output[5],start,actuator_outputs.output[5],actuator_outputs
880,start__actuator_outputs.output[6],start,actuator_outputs.output[6],actuator_outputs
881,start__actuator_outputs.output[7],start,actuator_outputs.output[7],actuator_outputs
882,start__battery_status.current_a,start,battery_status.current_a,battery_status
883,start__battery_status.current_filtered_a,start,battery_status.current_filtered_a,battery_status
884,start__battery_status.discharged_mah,start,battery_status.discharged_mah,battery_status
885,start__battery_status.remaining,start,battery_status.remaining,battery_status
886,start__battery_status.voltage_filtered_v,start,battery_status.voltage_filtered_v,battery_status
887,start__battery_status.voltage_v,start,battery_status.voltage_v,battery_status
888,start__cpuload.load,start,cpuload.load,cpuload
889,start__cpuload.ram_usage,start,cpuload.ram_usage,cpuload
890,start__distance_sensor.current_distance,start,distance_sensor.current_distance,distance_sensor
891,start__ekf2_innovations.hagl_innov,start,ekf2_innovations.hagl_innov,ekf2_innovations
892,start__ekf2_innovations.heading_innov,start,ekf2_innovations.heading_innov,ekf2_innovations
893,start__ekf2_innovations.output_tracking_error[0],start,ekf2_innovations.output_tracking_error[0],ekf2_innovations
894,start__ekf2_innovations.output_tracking_error[1],start,ekf2_innovations.output_tracking_error[1],ekf2_innovations
895,start__ekf2_innovations.output_tracking_error[2],start,ekf2_innovations.output_tracking_error[2],ekf2_innovations
896,start__ekf2_innovations.vel_pos_innov[3],start,ekf2_innovations.vel_pos_innov[3],ekf2_innovations
897,start__ekf2_innovations.vel_pos_innov[4],start,ekf2_innovations.vel_pos_innov[4],ekf2_innovations
898,start__ekf2_innovations.vel_pos_innov[5],start,ekf2_innovations.vel_pos_innov[5],ekf2_innovations
899,start__estimator_status.hagl_test_ratio,start,estimator_status.hagl_test_ratio,estimator_status
900,start__estimator_status.hgt_test_ratio,start,estimator_status.hgt_test_ratio,estimator_status
901,start__estimator_status.mag_test_ratio,start,estimator_status.mag_test_ratio,estimator_status
902,start__estimator_status.pos_horiz_accuracy,start,estimator_status.pos_horiz_accuracy,estimator_status
903,start__estimator_status.pos_test_ratio,start,estimator_status.pos_test_ratio,estimator_status
904,start__estimator_status.pos_vert_accuracy,start,estimator_status.pos_vert_accuracy,estimator_status
905,start__estimator_status.vibe[0],start,estimator_status.vibe[0],estimator_status
906,start__estimator_status.vibe[1],start,estimator_status.vibe[1],estimator_status
907,start__estimator_status.vibe[2],start,estimator_status.vibe[2],estimator_status
908,start__manual_control_setpoint.r,start,manual_control_setpoint.r,manual_control_setpoint
909,start__manual_control_setpoint.x,start,manual_control_setpoint.x,manual_control_setpoint
910,start__manual_control_setpoint.y,start,manual_control_setpoint.y,manual_control_setpoint
911,start__manual_control_setpoint.z,start,manual_control_setpoint.z,manual_control_setpoint
912,start__rate_ctrl_status.pitchspeed_integ,start,rate_ctrl_status.pitchspeed_integ,rate_ctrl_status
913,start__rate_ctrl_status.rollspeed_integ,start,rate_ctrl_status.rollspeed_integ,rate_ctrl_status
914,start__rate_ctrl_status.yawspeed_integ,start,rate_ctrl_status.yawspeed_integ,rate_ctrl_status
915,start__sensor_combined.accelerometer_m_s2[0],start,sensor_combined.accelerometer_m_s2[0],sensor_combined
916,start__sensor_combined.accelerometer_m_s2[1],start,sensor_combined.accelerometer_m_s2[1],sensor_combined
917,start__sensor_combined.accelerometer_m_s2[2],start,sensor_combined.accelerometer_m_s2[2],sensor_combined
918,start__sensor_combined.gyro_rad[0],start,sensor_combined.gyro_rad[0],sensor_combined
919,start__sensor_combined.gyro_rad[1],start,sensor_combined.gyro_rad[1],sensor_combined
920,start__sensor_combined.gyro_rad[2],start,sensor_combined.gyro_rad[2],sensor_combined
921,start__sensor_preflight.accel_inconsistency_m_s_s,start,sensor_preflight.accel_inconsistency_m_s_s,sensor_preflight
922,start__sensor_preflight.gyro_inconsistency_rad_s,start,sensor_preflight.gyro_inconsistency_rad_s,sensor_preflight
923,start__vehicle_attitude.pitchspeed,start,vehicle_attitude.pitchspeed,vehicle_attitude
924,start__vehicle_attitude.q[0],start,vehicle_attitude.q[0],vehicle_attitude
925,start__vehicle_attitude.q[1],start,vehicle_attitude.q[1],vehicle_attitude
926,start__vehicle_attitude.q[2],start,vehicle_attitude.q[2],vehicle_attitude
927,start__vehicle_attitude.q[3],start,vehicle_attitude.q[3],vehicle_attitude
928,start__vehicle_attitude.rollspeed,start,vehicle_attitude.rollspeed,vehicle_attitude
929,start__vehicle_attitude.yawspeed,start,vehicle_attitude.yawspeed,vehicle_attitude
930,start__vehicle_attitude_setpoint.pitch_body,start,vehicle_attitude_setpoint.pitch_body,vehicle_attitude_setpoint
931,start__vehicle_attitude_setpoint.roll_body,start,vehicle_attitude_setpoint.roll_body,vehicle_attitude_setpoint
932,start__vehicle_attitude_setpoint.yaw_body,start,vehicle_attitude_setpoint.yaw_body,vehicle_attitude_setpoint
933,start__vehicle_land_detected.ground_contact,start,vehicle_land_detected.ground_contact,vehicle_land_detected
934,start__vehicle_land_detected.landed,start,vehicle_land_detected.landed,vehicle_land_detected
935,start__vehicle_land_detected.maybe_landed,start,vehicle_land_detected.maybe_landed,vehicle_land_detected
936,start__vehicle_local_position.ax,start,vehicle_local_position.ax,vehicle_local_position
937,start__vehicle_local_position.ay,start,vehicle_local_position.ay,vehicle_local_position
938,start__vehicle_local_position.az,start,vehicle_local_position.az,vehicle_local_position
939,start__vehicle_local_position.dist_bottom,start,vehicle_local_position.dist_bottom,vehicle_local_position
940,start__vehicle_local_position.dist_bottom_rate,start,vehicle_local_position.dist_bottom_rate,vehicle_local_position
941,start__vehicle_local_position.eph,start,vehicle_local_position.eph,vehicle_local_position
942,start__vehicle_local_position.epv,start,vehicle_local_position.epv,vehicle_local_position
943,start__vehicle_local_position.vx,start,vehicle_local_position.vx,vehicle_local_position
944,start__vehicle_local_position.vy,start,vehicle_local_position.vy,vehicle_local_position
945,start__vehicle_local_position.vz,start,vehicle_local_position.vz,vehicle_local_position
946,start__vehicle_local_position.x,start,vehicle_local_position.x,vehicle_local_position
947,start__vehicle_local_position.y,start,vehicle_local_position.y,vehicle_local_position
948,start__vehicle_local_position.z,start,vehicle_local_position.z,vehicle_local_position
949,start__vehicle_rates_setpoint.pitch,start,vehicle_rates_setpoint.pitch,vehicle_rates_setpoint
950,start__vehicle_rates_setpoint.roll,start,vehicle_rates_setpoint.roll,vehicle_rates_setpoint
951,start__vehicle_rates_setpoint.yaw,start,vehicle_rates_setpoint.yaw,vehicle_rates_setpoint
952,start__vehicle_status.arming_state,start,vehicle_status.arming_state,vehicle_status
953,start__vehicle_status.nav_state,start,vehicle_status.nav_state,vehicle_status
954,start__vehicle_vision_position.x,start,vehicle_vision_position.x,vehicle_vision_position
955,start__vehicle_vision_position.y,start,vehicle_vision_position.y,vehicle_vision_position
956,start__vehicle_vision_position.z,start,vehicle_vision_position.z,vehicle_vision_position
957,end__actuator_controls_0.control[0],end,actuator_controls_0.control[0],actuator_controls_0
958,end__actuator_controls_0.control[1],end,actuator_controls_0.control[1],actuator_controls_0
959,end__actuator_controls_0.control[2],end,actuator_controls_0.control[2],actuator_controls_0
960,end__actuator_controls_0.control[3],end,actuator_controls_0.control[3],actuator_controls_0
961,end__actuator_outputs.output[0],end,actuator_outputs.output[0],actuator_outputs
962,end__actuator_outputs.output[1],end,actuator_outputs.output[1],actuator_outputs
963,end__actuator_outputs.output[2],end,actuator_outputs.output[2],actuator_outputs
964,end__actuator_outputs.output[3],end,actuator_outputs.output[3],actuator_outputs
965,end__actuator_outputs.output[4],end,actuator_outputs.output[4],actuator_outputs
966,end__actuator_outputs.output[5],end,actuator_outputs.output[5],actuator_outputs
967,end__actuator_outputs.output[6],end,actuator_outputs.output[6],actuator_outputs
968,end__actuator_outputs.output[7],end,actuator_outputs.output[7],actuator_outputs
969,end__battery_status.current_a,end,battery_status.current_a,battery_status
970,end__battery_status.current_filtered_a,end,battery_status.current_filtered_a,battery_status
971,end__battery_status.discharged_mah,end,battery_status.discharged_mah,battery_status
972,end__battery_status.remaining,end,battery_status.remaining,battery_status
973,end__battery_status.voltage_filtered_v,end,battery_status.voltage_filtered_v,battery_status
974,end__battery_status.voltage_v,end,battery_status.voltage_v,battery_status
975,end__cpuload.load,end,cpuload.load,cpuload
976,end__cpuload.ram_usage,end,cpuload.ram_usage,cpuload
977,end__distance_sensor.current_distance,end,distance_sensor.current_distance,distance_sensor
978,end__ekf2_innovations.hagl_innov,end,ekf2_innovations.hagl_innov,ekf2_innovations
979,end__ekf2_innovations.heading_innov,end,ekf2_innovations.heading_innov,ekf2_innovations
980,end__ekf2_innovations.output_tracking_error[0],end,ekf2_innovations.output_tracking_error[0],ekf2_innovations
981,end__ekf2_innovations.output_tracking_error[1],end,ekf2_innovations.output_tracking_error[1],ekf2_innovations
982,end__ekf2_innovations.output_tracking_error[2],end,ekf2_innovations.output_tracking_error[2],ekf2_innovations
983,end__ekf2_innovations.vel_pos_innov[3],end,ekf2_innovations.vel_pos_innov[3],ekf2_innovations
984,end__ekf2_innovations.vel_pos_innov[4],end,ekf2_innovations.vel_pos_innov[4],ekf2_innovations
985,end__ekf2_innovations.vel_pos_innov[5],end,ekf2_innovations.vel_pos_innov[5],ekf2_innovations
986,end__estimator_status.hagl_test_ratio,end,estimator_status.hagl_test_ratio,estimator_status
987,end__estimator_status.hgt_test_ratio,end,estimator_status.hgt_test_ratio,estimator_status
988,end__estimator_status.mag_test_ratio,end,estimator_status.mag_test_ratio,estimator_status
989,end__estimator_status.pos_horiz_accuracy,end,estimator_status.pos_horiz_accuracy,estimator_status
990,end__estimator_status.pos_test_ratio,end,estimator_status.pos_test_ratio,estimator_status
991,end__estimator_status.pos_vert_accuracy,end,estimator_status.pos_vert_accuracy,estimator_status
992,end__estimator_status.vibe[0],end,estimator_status.vibe[0],estimator_status
993,end__estimator_status.vibe[1],end,estimator_status.vibe[1],estimator_status
994,end__estimator_status.vibe[2],end,estimator_status.vibe[2],estimator_status
995,end__manual_control_setpoint.r,end,manual_control_setpoint.r,manual_control_setpoint
996,end__manual_control_setpoint.x,end,manual_control_setpoint.x,manual_control_setpoint
997,end__manual_control_setpoint.y,end,manual_control_setpoint.y,manual_control_setpoint
998,end__manual_control_setpoint.z,end,manual_control_setpoint.z,manual_control_setpoint
999,end__rate_ctrl_status.pitchspeed_integ,end,rate_ctrl_status.pitchspeed_integ,rate_ctrl_status
1000,end__rate_ctrl_status.rollspeed_integ,end,rate_ctrl_status.rollspeed_integ,rate_ctrl_status
1001,end__rate_ctrl_status.yawspeed_integ,end,rate_ctrl_status.yawspeed_integ,rate_ctrl_status
1002,end__sensor_combined.accelerometer_m_s2[0],end,sensor_combined.accelerometer_m_s2[0],sensor_combined
1003,end__sensor_combined.accelerometer_m_s2[1],end,sensor_combined.accelerometer_m_s2[1],sensor_combined
1004,end__sensor_combined.accelerometer_m_s2[2],end,sensor_combined.accelerometer_m_s2[2],sensor_combined
1005,end__sensor_combined.gyro_rad[0],end,sensor_combined.gyro_rad[0],sensor_combined
1006,end__sensor_combined.gyro_rad[1],end,sensor_combined.gyro_rad[1],sensor_combined
1007,end__sensor_combined.gyro_rad[2],end,sensor_combined.gyro_rad[2],sensor_combined
1008,end__sensor_preflight.accel_inconsistency_m_s_s,end,sensor_preflight.accel_inconsistency_m_s_s,sensor_preflight
1009,end__sensor_preflight.gyro_inconsistency_rad_s,end,sensor_preflight.gyro_inconsistency_rad_s,sensor_preflight
1010,end__vehicle_attitude.pitchspeed,end,vehicle_attitude.pitchspeed,vehicle_attitude
1011,end__vehicle_attitude.q[0],end,vehicle_attitude.q[0],vehicle_attitude
1012,end__vehicle_attitude.q[1],end,vehicle_attitude.q[1],vehicle_attitude
1013,end__vehicle_attitude.q[2],end,vehicle_attitude.q[2],vehicle_attitude
1014,end__vehicle_attitude.q[3],end,vehicle_attitude.q[3],vehicle_attitude
1015,end__vehicle_attitude.rollspeed,end,vehicle_attitude.rollspeed,vehicle_attitude
1016,end__vehicle_attitude.yawspeed,end,vehicle_attitude.yawspeed,vehicle_attitude
1017,end__vehicle_attitude_setpoint.pitch_body,end,vehicle_attitude_setpoint.pitch_body,vehicle_attitude_setpoint
1018,end__vehicle_attitude_setpoint.roll_body,end,vehicle_attitude_setpoint.roll_body,vehicle_attitude_setpoint
1019,end__vehicle_attitude_setpoint.yaw_body,end,vehicle_attitude_setpoint.yaw_body,vehicle_attitude_setpoint
1020,end__vehicle_land_detected.ground_contact,end,vehicle_land_detected.ground_contact,vehicle_land_detected
1021,end__vehicle_land_detected.landed,end,vehicle_land_detected.landed,vehicle_land_detected
1022,end__vehicle_land_detected.maybe_landed,end,vehicle_land_detected.maybe_landed,vehicle_land_detected
1023,end__vehicle_local_position.ax,end,vehicle_local_position.ax,vehicle_local_position
1024,end__vehicle_local_position.ay,end,vehicle_local_position.ay,vehicle_local_position
1025,end__vehicle_local_position.az,end,vehicle_local_position.az,vehicle_local_position
1026,end__vehicle_local_position.dist_bottom,end,vehicle_local_position.dist_bottom,vehicle_local_position
1027,end__vehicle_local_position.dist_bottom_rate,end,vehicle_local_position.dist_bottom_rate,vehicle_local_position
1028,end__vehicle_local_position.eph,end,vehicle_local_position.eph,vehicle_local_position
1029,end__vehicle_local_position.epv,end,vehicle_local_position.epv,vehicle_local_position
1030,end__vehicle_local_position.vx,end,vehicle_local_position.vx,vehicle_local_position
1031,end__vehicle_local_position.vy,end,vehicle_local_position.vy,vehicle_local_position
1032,end__vehicle_local_position.vz,end,vehicle_local_position.vz,vehicle_local_position
1033,end__vehicle_local_position.x,end,vehicle_local_position.x,vehicle_local_position
1034,end__vehicle_local_position.y,end,vehicle_local_position.y,vehicle_local_position
1035,end__vehicle_local_position.z,end,vehicle_local_position.z,vehicle_local_position
1036,end__vehicle_rates_setpoint.pitch,end,vehicle_rates_setpoint.pitch,vehicle_rates_setpoint
1037,end__vehicle_rates_setpoint.roll,end,vehicle_rates_setpoint.roll,vehicle_rates_setpoint
1038,end__vehicle_rates_setpoint.yaw,end,vehicle_rates_setpoint.yaw,vehicle_rates_setpoint
1039,end__vehicle_status.arming_state,end,vehicle_status.arming_state,vehicle_status
1040,end__vehicle_status.nav_state,end,vehicle_status.nav_state,vehicle_status
1041,end__vehicle_vision_position.x,end,vehicle_vision_position.x,vehicle_vision_position
1042,end__vehicle_vision_position.y,end,vehicle_vision_position.y,vehicle_vision_position
1043,end__vehicle_vision_position.z,end,vehicle_vision_position.z,vehicle_vision_position
1044,endpoint_delta__actuator_controls_0.control[0],endpoint_delta,actuator_controls_0.control[0],actuator_controls_0
1045,endpoint_delta__actuator_controls_0.control[1],endpoint_delta,actuator_controls_0.control[1],actuator_controls_0
1046,endpoint_delta__actuator_controls_0.control[2],endpoint_delta,actuator_controls_0.control[2],actuator_controls_0
1047,endpoint_delta__actuator_controls_0.control[3],endpoint_delta,actuator_controls_0.control[3],actuator_controls_0
1048,endpoint_delta__actuator_outputs.output[0],endpoint_delta,actuator_outputs.output[0],actuator_outputs
1049,endpoint_delta__actuator_outputs.output[1],endpoint_delta,actuator_outputs.output[1],actuator_outputs
1050,endpoint_delta__actuator_outputs.output[2],endpoint_delta,actuator_outputs.output[2],actuator_outputs
1051,endpoint_delta__actuator_outputs.output[3],endpoint_delta,actuator_outputs.output[3],actuator_outputs
1052,endpoint_delta__actuator_outputs.output[4],endpoint_delta,actuator_outputs.output[4],actuator_outputs
1053,endpoint_delta__actuator_outputs.output[5],endpoint_delta,actuator_outputs.output[5],actuator_outputs
1054,endpoint_delta__actuator_outputs.output[6],endpoint_delta,actuator_outputs.output[6],actuator_outputs
1055,endpoint_delta__actuator_outputs.output[7],endpoint_delta,actuator_outputs.output[7],actuator_outputs
1056,endpoint_delta__battery_status.current_a,endpoint_delta,battery_status.current_a,battery_status
1057,endpoint_delta__battery_status.current_filtered_a,endpoint_delta,battery_status.current_filtered_a,battery_status
1058,endpoint_delta__battery_status.discharged_mah,endpoint_delta,battery_status.discharged_mah,battery_status
1059,endpoint_delta__battery_status.remaining,endpoint_delta,battery_status.remaining,battery_status
1060,endpoint_delta__battery_status.voltage_filtered_v,endpoint_delta,battery_status.voltage_filtered_v,battery_status
1061,endpoint_delta__battery_status.voltage_v,endpoint_delta,battery_status.voltage_v,battery_status
1062,endpoint_delta__cpuload.load,endpoint_delta,cpuload.load,cpuload
1063,endpoint_delta__cpuload.ram_usage,endpoint_delta,cpuload.ram_usage,cpuload
1064,endpoint_delta__distance_sensor.current_distance,endpoint_delta,distance_sensor.current_distance,distance_sensor
1065,endpoint_delta__ekf2_innovations.hagl_innov,endpoint_delta,ekf2_innovations.hagl_innov,ekf2_innovations
1066,endpoint_delta__ekf2_innovations.heading_innov,endpoint_delta,ekf2_innovations.heading_innov,ekf2_innovations
1067,endpoint_delta__ekf2_innovations.output_tracking_error[0],endpoint_delta,ekf2_innovations.output_tracking_error[0],ekf2_innovations
1068,endpoint_delta__ekf2_innovations.output_tracking_error[1],endpoint_delta,ekf2_innovations.output_tracking_error[1],ekf2_innovations
1069,endpoint_delta__ekf2_innovations.output_tracking_error[2],endpoint_delta,ekf2_innovations.output_tracking_error[2],ekf2_innovations
1070,endpoint_delta__ekf2_innovations.vel_pos_innov[3],endpoint_delta,ekf2_innovations.vel_pos_innov[3],ekf2_innovations
1071,endpoint_delta__ekf2_innovations.vel_pos_innov[4],endpoint_delta,ekf2_innovations.vel_pos_innov[4],ekf2_innovations
1072,endpoint_delta__ekf2_innovations.vel_pos_innov[5],endpoint_delta,ekf2_innovations.vel_pos_innov[5],ekf2_innovations
1073,endpoint_delta__estimator_status.hagl_test_ratio,endpoint_delta,estimator_status.hagl_test_ratio,estimator_status
1074,endpoint_delta__estimator_status.hgt_test_ratio,endpoint_delta,estimator_status.hgt_test_ratio,estimator_status
1075,endpoint_delta__estimator_status.mag_test_ratio,endpoint_delta,estimator_status.mag_test_ratio,estimator_status
1076,endpoint_delta__estimator_status.pos_horiz_accuracy,endpoint_delta,estimator_status.pos_horiz_accuracy,estimator_status
1077,endpoint_delta__estimator_status.pos_test_ratio,endpoint_delta,estimator_status.pos_test_ratio,estimator_status
1078,endpoint_delta__estimator_status.pos_vert_accuracy,endpoint_delta,estimator_status.pos_vert_accuracy,estimator_status
1079,endpoint_delta__estimator_status.vibe[0],endpoint_delta,estimator_status.vibe[0],estimator_status
1080,endpoint_delta__estimator_status.vibe[1],endpoint_delta,estimator_status.vibe[1],estimator_status
1081,endpoint_delta__estimator_status.vibe[2],endpoint_delta,estimator_status.vibe[2],estimator_status
1082,endpoint_delta__manual_control_setpoint.r,endpoint_delta,manual_control_setpoint.r,manual_control_setpoint
1083,endpoint_delta__manual_control_setpoint.x,endpoint_delta,manual_control_setpoint.x,manual_control_setpoint
1084,endpoint_delta__manual_control_setpoint.y,endpoint_delta,manual_control_setpoint.y,manual_control_setpoint
1085,endpoint_delta__manual_control_setpoint.z,endpoint_delta,manual_control_setpoint.z,manual_control_setpoint
1086,endpoint_delta__rate_ctrl_status.pitchspeed_integ,endpoint_delta,rate_ctrl_status.pitchspeed_integ,rate_ctrl_status
1087,endpoint_delta__rate_ctrl_status.rollspeed_integ,endpoint_delta,rate_ctrl_status.rollspeed_integ,rate_ctrl_status
1088,endpoint_delta__rate_ctrl_status.yawspeed_integ,endpoint_delta,rate_ctrl_status.yawspeed_integ,rate_ctrl_status
1089,endpoint_delta__sensor_combined.accelerometer_m_s2[0],endpoint_delta,sensor_combined.accelerometer_m_s2[0],sensor_combined
1090,endpoint_delta__sensor_combined.accelerometer_m_s2[1],endpoint_delta,sensor_combined.accelerometer_m_s2[1],sensor_combined
1091,endpoint_delta__sensor_combined.accelerometer_m_s2[2],endpoint_delta,sensor_combined.accelerometer_m_s2[2],sensor_combined
1092,endpoint_delta__sensor_combined.gyro_rad[0],endpoint_delta,sensor_combined.gyro_rad[0],sensor_combined
1093,endpoint_delta__sensor_combined.gyro_rad[1],endpoint_delta,sensor_combined.gyro_rad[1],sensor_combined
1094,endpoint_delta__sensor_combined.gyro_rad[2],endpoint_delta,sensor_combined.gyro_rad[2],sensor_combined
1095,endpoint_delta__sensor_preflight.accel_inconsistency_m_s_s,endpoint_delta,sensor_preflight.accel_inconsistency_m_s_s,sensor_preflight
1096,endpoint_delta__sensor_preflight.gyro_inconsistency_rad_s,endpoint_delta,sensor_preflight.gyro_inconsistency_rad_s,sensor_preflight
1097,endpoint_delta__vehicle_attitude.pitchspeed,endpoint_delta,vehicle_attitude.pitchspeed,vehicle_attitude
1098,endpoint_delta__vehicle_attitude.q[0],endpoint_delta,vehicle_attitude.q[0],vehicle_attitude
1099,endpoint_delta__vehicle_attitude.q[1],endpoint_delta,vehicle_attitude.q[1],vehicle_attitude
1100,endpoint_delta__vehicle_attitude.q[2],endpoint_delta,vehicle_attitude.q[2],vehicle_attitude
1101,endpoint_delta__vehicle_attitude.q[3],endpoint_delta,vehicle_attitude.q[3],vehicle_attitude
1102,endpoint_delta__vehicle_attitude.rollspeed,endpoint_delta,vehicle_attitude.rollspeed,vehicle_attitude
1103,endpoint_delta__vehicle_attitude.yawspeed,endpoint_delta,vehicle_attitude.yawspeed,vehicle_attitude
1104,endpoint_delta__vehicle_attitude_setpoint.pitch_body,endpoint_delta,vehicle_attitude_setpoint.pitch_body,vehicle_attitude_setpoint
1105,endpoint_delta__vehicle_attitude_setpoint.roll_body,endpoint_delta,vehicle_attitude_setpoint.roll_body,vehicle_attitude_setpoint
1106,endpoint_delta__vehicle_attitude_setpoint.yaw_body,endpoint_delta,vehicle_attitude_setpoint.yaw_body,vehicle_attitude_setpoint
1107,endpoint_delta__vehicle_land_detected.ground_contact,endpoint_delta,vehicle_land_detected.ground_contact,vehicle_land_detected
1108,endpoint_delta__vehicle_land_detected.landed,endpoint_delta,vehicle_land_detected.landed,vehicle_land_detected
1109,endpoint_delta__vehicle_land_detected.maybe_landed,endpoint_delta,vehicle_land_detected.maybe_landed,vehicle_land_detected
1110,endpoint_delta__vehicle_local_position.ax,endpoint_delta,vehicle_local_position.ax,vehicle_local_position
1111,endpoint_delta__vehicle_local_position.ay,endpoint_delta,vehicle_local_position.ay,vehicle_local_position
1112,endpoint_delta__vehicle_local_position.az,endpoint_delta,vehicle_local_position.az,vehicle_local_position
1113,endpoint_delta__vehicle_local_position.dist_bottom,endpoint_delta,vehicle_local_position.dist_bottom,vehicle_local_position
1114,endpoint_delta__vehicle_local_position.dist_bottom_rate,endpoint_delta,vehicle_local_position.dist_bottom_rate,vehicle_local_position
1115,endpoint_delta__vehicle_local_position.eph,endpoint_delta,vehicle_local_position.eph,vehicle_local_position
1116,endpoint_delta__vehicle_local_position.epv,endpoint_delta,vehicle_local_position.epv,vehicle_local_position
1117,endpoint_delta__vehicle_local_position.vx,endpoint_delta,vehicle_local_position.vx,vehicle_local_position
1118,endpoint_delta__vehicle_local_position.vy,endpoint_delta,vehicle_local_position.vy,vehicle_local_position
1119,endpoint_delta__vehicle_local_position.vz,endpoint_delta,vehicle_local_position.vz,vehicle_local_position
1120,endpoint_delta__vehicle_local_position.x,endpoint_delta,vehicle_local_position.x,vehicle_local_position
1121,endpoint_delta__vehicle_local_position.y,endpoint_delta,vehicle_local_position.y,vehicle_local_position
1122,endpoint_delta__vehicle_local_position.z,endpoint_delta,vehicle_local_position.z,vehicle_local_position
1123,endpoint_delta__vehicle_rates_setpoint.pitch,endpoint_delta,vehicle_rates_setpoint.pitch,vehicle_rates_setpoint
1124,endpoint_delta__vehicle_rates_setpoint.roll,endpoint_delta,vehicle_rates_setpoint.roll,vehicle_rates_setpoint
1125,endpoint_delta__vehicle_rates_setpoint.yaw,endpoint_delta,vehicle_rates_setpoint.yaw,vehicle_rates_setpoint
1126,endpoint_delta__vehicle_status.arming_state,endpoint_delta,vehicle_status.arming_state,vehicle_status
1127,endpoint_delta__vehicle_status.nav_state,endpoint_delta,vehicle_status.nav_state,vehicle_status
1128,endpoint_delta__vehicle_vision_position.x,endpoint_delta,vehicle_vision_position.x,vehicle_vision_position
1129,endpoint_delta__vehicle_vision_position.y,endpoint_delta,vehicle_vision_position.y,vehicle_vision_position
1130,endpoint_delta__vehicle_vision_position.z,endpoint_delta,vehicle_vision_position.z,vehicle_vision_position
1131,diff_mean__actuator_controls_0.control[0],diff_mean,actuator_controls_0.control[0],actuator_controls_0
1132,diff_mean__actuator_controls_0.control[1],diff_mean,actuator_controls_0.control[1],actuator_controls_0
1133,diff_mean__actuator_controls_0.control[2],diff_mean,actuator_controls_0.control[2],actuator_controls_0
1134,diff_mean__actuator_controls_0.control[3],diff_mean,actuator_controls_0.control[3],actuator_controls_0
1135,diff_mean__actuator_outputs.output[0],diff_mean,actuator_outputs.output[0],actuator_outputs
1136,diff_mean__actuator_outputs.output[1],diff_mean,actuator_outputs.output[1],actuator_outputs
1137,diff_mean__actuator_outputs.output[2],diff_mean,actuator_outputs.output[2],actuator_outputs
1138,diff_mean__actuator_outputs.output[3],diff_mean,actuator_outputs.output[3],actuator_outputs
1139,diff_mean__actuator_outputs.output[4],diff_mean,actuator_outputs.output[4],actuator_outputs
1140,diff_mean__actuator_outputs.output[5],diff_mean,actuator_outputs.output[5],actuator_outputs
1141,diff_mean__actuator_outputs.output[6],diff_mean,actuator_outputs.output[6],actuator_outputs
1142,diff_mean__actuator_outputs.output[7],diff_mean,actuator_outputs.output[7],actuator_outputs
1143,diff_mean__battery_status.current_a,diff_mean,battery_status.current_a,battery_status
1144,diff_mean__battery_status.current_filtered_a,diff_mean,battery_status.current_filtered_a,battery_status
1145,diff_mean__battery_status.discharged_mah,diff_mean,battery_status.discharged_mah,battery_status
1146,diff_mean__battery_status.remaining,diff_mean,battery_status.remaining,battery_status
1147,diff_mean__battery_status.voltage_filtered_v,diff_mean,battery_status.voltage_filtered_v,battery_status
1148,diff_mean__battery_status.voltage_v,diff_mean,battery_status.voltage_v,battery_status
1149,diff_mean__cpuload.load,diff_mean,cpuload.load,cpuload
1150,diff_mean__cpuload.ram_usage,diff_mean,cpuload.ram_usage,cpuload
1151,diff_mean__distance_sensor.current_distance,diff_mean,distance_sensor.current_distance,distance_sensor
1152,diff_mean__ekf2_innovations.hagl_innov,diff_mean,ekf2_innovations.hagl_innov,ekf2_innovations
1153,diff_mean__ekf2_innovations.heading_innov,diff_mean,ekf2_innovations.heading_innov,ekf2_innovations
1154,diff_mean__ekf2_innovations.output_tracking_error[0],diff_mean,ekf2_innovations.output_tracking_error[0],ekf2_innovations
1155,diff_mean__ekf2_innovations.output_tracking_error[1],diff_mean,ekf2_innovations.output_tracking_error[1],ekf2_innovations
1156,diff_mean__ekf2_innovations.output_tracking_error[2],diff_mean,ekf2_innovations.output_tracking_error[2],ekf2_innovations
1157,diff_mean__ekf2_innovations.vel_pos_innov[3],diff_mean,ekf2_innovations.vel_pos_innov[3],ekf2_innovations
1158,diff_mean__ekf2_innovations.vel_pos_innov[4],diff_mean,ekf2_innovations.vel_pos_innov[4],ekf2_innovations
1159,diff_mean__ekf2_innovations.vel_pos_innov[5],diff_mean,ekf2_innovations.vel_pos_innov[5],ekf2_innovations
1160,diff_mean__estimator_status.hagl_test_ratio,diff_mean,estimator_status.hagl_test_ratio,estimator_status
1161,diff_mean__estimator_status.hgt_test_ratio,diff_mean,estimator_status.hgt_test_ratio,estimator_status
1162,diff_mean__estimator_status.mag_test_ratio,diff_mean,estimator_status.mag_test_ratio,estimator_status
1163,diff_mean__estimator_status.pos_horiz_accuracy,diff_mean,estimator_status.pos_horiz_accuracy,estimator_status
1164,diff_mean__estimator_status.pos_test_ratio,diff_mean,estimator_status.pos_test_ratio,estimator_status
1165,diff_mean__estimator_status.pos_vert_accuracy,diff_mean,estimator_status.pos_vert_accuracy,estimator_status
1166,diff_mean__estimator_status.vibe[0],diff_mean,estimator_status.vibe[0],estimator_status
1167,diff_mean__estimator_status.vibe[1],diff_mean,estimator_status.vibe[1],estimator_status
1168,diff_mean__estimator_status.vibe[2],diff_mean,estimator_status.vibe[2],estimator_status
1169,diff_mean__manual_control_setpoint.r,diff_mean,manual_control_setpoint.r,manual_control_setpoint
1170,diff_mean__manual_control_setpoint.x,diff_mean,manual_control_setpoint.x,manual_control_setpoint
1171,diff_mean__manual_control_setpoint.y,diff_mean,manual_control_setpoint.y,manual_control_setpoint
1172,diff_mean__manual_control_setpoint.z,diff_mean,manual_control_setpoint.z,manual_control_setpoint
1173,diff_mean__rate_ctrl_status.pitchspeed_integ,diff_mean,rate_ctrl_status.pitchspeed_integ,rate_ctrl_status
1174,diff_mean__rate_ctrl_status.rollspeed_integ,diff_mean,rate_ctrl_status.rollspeed_integ,rate_ctrl_status
1175,diff_mean__rate_ctrl_status.yawspeed_integ,diff_mean,rate_ctrl_status.yawspeed_integ,rate_ctrl_status
1176,diff_mean__sensor_combined.accelerometer_m_s2[0],diff_mean,sensor_combined.accelerometer_m_s2[0],sensor_combined
1177,diff_mean__sensor_combined.accelerometer_m_s2[1],diff_mean,sensor_combined.accelerometer_m_s2[1],sensor_combined
1178,diff_mean__sensor_combined.accelerometer_m_s2[2],diff_mean,sensor_combined.accelerometer_m_s2[2],sensor_combined
1179,diff_mean__sensor_combined.gyro_rad[0],diff_mean,sensor_combined.gyro_rad[0],sensor_combined
1180,diff_mean__sensor_combined.gyro_rad[1],diff_mean,sensor_combined.gyro_rad[1],sensor_combined
1181,diff_mean__sensor_combined.gyro_rad[2],diff_mean,sensor_combined.gyro_rad[2],sensor_combined
1182,diff_mean__sensor_preflight.accel_inconsistency_m_s_s,diff_mean,sensor_preflight.accel_inconsistency_m_s_s,sensor_preflight
1183,diff_mean__sensor_preflight.gyro_inconsistency_rad_s,diff_mean,sensor_preflight.gyro_inconsistency_rad_s,sensor_preflight
1184,diff_mean__vehicle_attitude.pitchspeed,diff_mean,vehicle_attitude.pitchspeed,vehicle_attitude
1185,diff_mean__vehicle_attitude.q[0],diff_mean,vehicle_attitude.q[0],vehicle_attitude
1186,diff_mean__vehicle_attitude.q[1],diff_mean,vehicle_attitude.q[1],vehicle_attitude
1187,diff_mean__vehicle_attitude.q[2],diff_mean,vehicle_attitude.q[2],vehicle_attitude
1188,diff_mean__vehicle_attitude.q[3],diff_mean,vehicle_attitude.q[3],vehicle_attitude
1189,diff_mean__vehicle_attitude.rollspeed,diff_mean,vehicle_attitude.rollspeed,vehicle_attitude
1190,diff_mean__vehicle_attitude.yawspeed,diff_mean,vehicle_attitude.yawspeed,vehicle_attitude
1191,diff_mean__vehicle_attitude_setpoint.pitch_body,diff_mean,vehicle_attitude_setpoint.pitch_body,vehicle_attitude_setpoint
1192,diff_mean__vehicle_attitude_setpoint.roll_body,diff_mean,vehicle_attitude_setpoint.roll_body,vehicle_attitude_setpoint
1193,diff_mean__vehicle_attitude_setpoint.yaw_body,diff_mean,vehicle_attitude_setpoint.yaw_body,vehicle_attitude_setpoint
1194,diff_mean__vehicle_land_detected.ground_contact,diff_mean,vehicle_land_detected.ground_contact,vehicle_land_detected
1195,diff_mean__vehicle_land_detected.landed,diff_mean,vehicle_land_detected.landed,vehicle_land_detected
1196,diff_mean__vehicle_land_detected.maybe_landed,diff_mean,vehicle_land_detected.maybe_landed,vehicle_land_detected
1197,diff_mean__vehicle_local_position.ax,diff_mean,vehicle_local_position.ax,vehicle_local_position
1198,diff_mean__vehicle_local_position.ay,diff_mean,vehicle_local_position.ay,vehicle_local_position
1199,diff_mean__vehicle_local_position.az,diff_mean,vehicle_local_position.az,vehicle_local_position
1200,diff_mean__vehicle_local_position.dist_bottom,diff_mean,vehicle_local_position.dist_bottom,vehicle_local_position
1201,diff_mean__vehicle_local_position.dist_bottom_rate,diff_mean,vehicle_local_position.dist_bottom_rate,vehicle_local_position
1202,diff_mean__vehicle_local_position.eph,diff_mean,vehicle_local_position.eph,vehicle_local_position
1203,diff_mean__vehicle_local_position.epv,diff_mean,vehicle_local_position.epv,vehicle_local_position
1204,diff_mean__vehicle_local_position.vx,diff_mean,vehicle_local_position.vx,vehicle_local_position
1205,diff_mean__vehicle_local_position.vy,diff_mean,vehicle_local_position.vy,vehicle_local_position
1206,diff_mean__vehicle_local_position.vz,diff_mean,vehicle_local_position.vz,vehicle_local_position
1207,diff_mean__vehicle_local_position.x,diff_mean,vehicle_local_position.x,vehicle_local_position
1208,diff_mean__vehicle_local_position.y,diff_mean,vehicle_local_position.y,vehicle_local_position
1209,diff_mean__vehicle_local_position.z,diff_mean,vehicle_local_position.z,vehicle_local_position
1210,diff_mean__vehicle_rates_setpoint.pitch,diff_mean,vehicle_rates_setpoint.pitch,vehicle_rates_setpoint
1211,diff_mean__vehicle_rates_setpoint.roll,diff_mean,vehicle_rates_setpoint.roll,vehicle_rates_setpoint
1212,diff_mean__vehicle_rates_setpoint.yaw,diff_mean,vehicle_rates_setpoint.yaw,vehicle_rates_setpoint
1213,diff_mean__vehicle_status.arming_state,diff_mean,vehicle_status.arming_state,vehicle_status
1214,diff_mean__vehicle_status.nav_state,diff_mean,vehicle_status.nav_state,vehicle_status
1215,diff_mean__vehicle_vision_position.x,diff_mean,vehicle_vision_position.x,vehicle_vision_position
1216,diff_mean__vehicle_vision_position.y,diff_mean,vehicle_vision_position.y,vehicle_vision_position
1217,diff_mean__vehicle_vision_position.z,diff_mean,vehicle_vision_position.z,vehicle_vision_position
1218,diff_std__actuator_controls_0.control[0],diff_std,actuator_controls_0.control[0],actuator_controls_0
1219,diff_std__actuator_controls_0.control[1],diff_std,actuator_controls_0.control[1],actuator_controls_0
1220,diff_std__actuator_controls_0.control[2],diff_std,actuator_controls_0.control[2],actuator_controls_0
1221,diff_std__actuator_controls_0.control[3],diff_std,actuator_controls_0.control[3],actuator_controls_0
1222,diff_std__actuator_outputs.output[0],diff_std,actuator_outputs.output[0],actuator_outputs
1223,diff_std__actuator_outputs.output[1],diff_std,actuator_outputs.output[1],actuator_outputs
1224,diff_std__actuator_outputs.output[2],diff_std,actuator_outputs.output[2],actuator_outputs
1225,diff_std__actuator_outputs.output[3],diff_std,actuator_outputs.output[3],actuator_outputs
1226,diff_std__actuator_outputs.output[4],diff_std,actuator_outputs.output[4],actuator_outputs
1227,diff_std__actuator_outputs.output[5],diff_std,actuator_outputs.output[5],actuator_outputs
1228,diff_std__actuator_outputs.output[6],diff_std,actuator_outputs.output[6],actuator_outputs
1229,diff_std__actuator_outputs.output[7],diff_std,actuator_outputs.output[7],actuator_outputs
1230,diff_std__battery_status.current_a,diff_std,battery_status.current_a,battery_status
1231,diff_std__battery_status.current_filtered_a,diff_std,battery_status.current_filtered_a,battery_status
1232,diff_std__battery_status.discharged_mah,diff_std,battery_status.discharged_mah,battery_status
1233,diff_std__battery_status.remaining,diff_std,battery_status.remaining,battery_status
1234,diff_std__battery_status.voltage_filtered_v,diff_std,battery_status.voltage_filtered_v,battery_status
1235,diff_std__battery_status.voltage_v,diff_std,battery_status.voltage_v,battery_status
1236,diff_std__cpuload.load,diff_std,cpuload.load,cpuload
1237,diff_std__cpuload.ram_usage,diff_std,cpuload.ram_usage,cpuload
1238,diff_std__distance_sensor.current_distance,diff_std,distance_sensor.current_distance,distance_sensor
1239,diff_std__ekf2_innovations.hagl_innov,diff_std,ekf2_innovations.hagl_innov,ekf2_innovations
1240,diff_std__ekf2_innovations.heading_innov,diff_std,ekf2_innovations.heading_innov,ekf2_innovations
1241,diff_std__ekf2_innovations.output_tracking_error[0],diff_std,ekf2_innovations.output_tracking_error[0],ekf2_innovations
1242,diff_std__ekf2_innovations.output_tracking_error[1],diff_std,ekf2_innovations.output_tracking_error[1],ekf2_innovations
1243,diff_std__ekf2_innovations.output_tracking_error[2],diff_std,ekf2_innovations.output_tracking_error[2],ekf2_innovations
1244,diff_std__ekf2_innovations.vel_pos_innov[3],diff_std,ekf2_innovations.vel_pos_innov[3],ekf2_innovations
1245,diff_std__ekf2_innovations.vel_pos_innov[4],diff_std,ekf2_innovations.vel_pos_innov[4],ekf2_innovations
1246,diff_std__ekf2_innovations.vel_pos_innov[5],diff_std,ekf2_innovations.vel_pos_innov[5],ekf2_innovations
1247,diff_std__estimator_status.hagl_test_ratio,diff_std,estimator_status.hagl_test_ratio,estimator_status
1248,diff_std__estimator_status.hgt_test_ratio,diff_std,estimator_status.hgt_test_ratio,estimator_status
1249,diff_std__estimator_status.mag_test_ratio,diff_std,estimator_status.mag_test_ratio,estimator_status
1250,diff_std__estimator_status.pos_horiz_accuracy,diff_std,estimator_status.pos_horiz_accuracy,estimator_status
1251,diff_std__estimator_status.pos_test_ratio,diff_std,estimator_status.pos_test_ratio,estimator_status
1252,diff_std__estimator_status.pos_vert_accuracy,diff_std,estimator_status.pos_vert_accuracy,estimator_status
1253,diff_std__estimator_status.vibe[0],diff_std,estimator_status.vibe[0],estimator_status
1254,diff_std__estimator_status.vibe[1],diff_std,estimator_status.vibe[1],estimator_status
1255,diff_std__estimator_status.vibe[2],diff_std,estimator_status.vibe[2],estimator_status
1256,diff_std__manual_control_setpoint.r,diff_std,manual_control_setpoint.r,manual_control_setpoint
1257,diff_std__manual_control_setpoint.x,diff_std,manual_control_setpoint.x,manual_control_setpoint
1258,diff_std__manual_control_setpoint.y,diff_std,manual_control_setpoint.y,manual_control_setpoint
1259,diff_std__manual_control_setpoint.z,diff_std,manual_control_setpoint.z,manual_control_setpoint
1260,diff_std__rate_ctrl_status.pitchspeed_integ,diff_std,rate_ctrl_status.pitchspeed_integ,rate_ctrl_status
1261,diff_std__rate_ctrl_status.rollspeed_integ,diff_std,rate_ctrl_status.rollspeed_integ,rate_ctrl_status
1262,diff_std__rate_ctrl_status.yawspeed_integ,diff_std,rate_ctrl_status.yawspeed_integ,rate_ctrl_status
1263,diff_std__sensor_combined.accelerometer_m_s2[0],diff_std,sensor_combined.accelerometer_m_s2[0],sensor_combined
1264,diff_std__sensor_combined.accelerometer_m_s2[1],diff_std,sensor_combined.accelerometer_m_s2[1],sensor_combined
1265,diff_std__sensor_combined.accelerometer_m_s2[2],diff_std,sensor_combined.accelerometer_m_s2[2],sensor_combined
1266,diff_std__sensor_combined.gyro_rad[0],diff_std,sensor_combined.gyro_rad[0],sensor_combined
1267,diff_std__sensor_combined.gyro_rad[1],diff_std,sensor_combined.gyro_rad[1],sensor_combined
1268,diff_std__sensor_combined.gyro_rad[2],diff_std,sensor_combined.gyro_rad[2],sensor_combined
1269,diff_std__sensor_preflight.accel_inconsistency_m_s_s,diff_std,sensor_preflight.accel_inconsistency_m_s_s,sensor_preflight
1270,diff_std__sensor_preflight.gyro_inconsistency_rad_s,diff_std,sensor_preflight.gyro_inconsistency_rad_s,sensor_preflight
1271,diff_std__vehicle_attitude.pitchspeed,diff_std,vehicle_attitude.pitchspeed,vehicle_attitude
1272,diff_std__vehicle_attitude.q[0],diff_std,vehicle_attitude.q[0],vehicle_attitude
1273,diff_std__vehicle_attitude.q[1],diff_std,vehicle_attitude.q[1],vehicle_attitude
1274,diff_std__vehicle_attitude.q[2],diff_std,vehicle_attitude.q[2],vehicle_attitude
1275,diff_std__vehicle_attitude.q[3],diff_std,vehicle_attitude.q[3],vehicle_attitude
1276,diff_std__vehicle_attitude.rollspeed,diff_std,vehicle_attitude.rollspeed,vehicle_attitude
1277,diff_std__vehicle_attitude.yawspeed,diff_std,vehicle_attitude.yawspeed,vehicle_attitude
1278,diff_std__vehicle_attitude_setpoint.pitch_body,diff_std,vehicle_attitude_setpoint.pitch_body,vehicle_attitude_setpoint
1279,diff_std__vehicle_attitude_setpoint.roll_body,diff_std,vehicle_attitude_setpoint.roll_body,vehicle_attitude_setpoint
1280,diff_std__vehicle_attitude_setpoint.yaw_body,diff_std,vehicle_attitude_setpoint.yaw_body,vehicle_attitude_setpoint
1281,diff_std__vehicle_land_detected.ground_contact,diff_std,vehicle_land_detected.ground_contact,vehicle_land_detected
1282,diff_std__vehicle_land_detected.landed,diff_std,vehicle_land_detected.landed,vehicle_land_detected
1283,diff_std__vehicle_land_detected.maybe_landed,diff_std,vehicle_land_detected.maybe_landed,vehicle_land_detected
1284,diff_std__vehicle_local_position.ax,diff_std,vehicle_local_position.ax,vehicle_local_position
1285,diff_std__vehicle_local_position.ay,diff_std,vehicle_local_position.ay,vehicle_local_position
1286,diff_std__vehicle_local_position.az,diff_std,vehicle_local_position.az,vehicle_local_position
1287,diff_std__vehicle_local_position.dist_bottom,diff_std,vehicle_local_position.dist_bottom,vehicle_local_position
1288,diff_std__vehicle_local_position.dist_bottom_rate,diff_std,vehicle_local_position.dist_bottom_rate,vehicle_local_position
1289,diff_std__vehicle_local_position.eph,diff_std,vehicle_local_position.eph,vehicle_local_position
1290,diff_std__vehicle_local_position.epv,diff_std,vehicle_local_position.epv,vehicle_local_position
1291,diff_std__vehicle_local_position.vx,diff_std,vehicle_local_position.vx,vehicle_local_position
1292,diff_std__vehicle_local_position.vy,diff_std,vehicle_local_position.vy,vehicle_local_position
1293,diff_std__vehicle_local_position.vz,diff_std,vehicle_local_position.vz,vehicle_local_position
1294,diff_std__vehicle_local_position.x,diff_std,vehicle_local_position.x,vehicle_local_position
1295,diff_std__vehicle_local_position.y,diff_std,vehicle_local_position.y,vehicle_local_position
1296,diff_std__vehicle_local_position.z,diff_std,vehicle_local_position.z,vehicle_local_position
1297,diff_std__vehicle_rates_setpoint.pitch,diff_std,vehicle_rates_setpoint.pitch,vehicle_rates_setpoint
1298,diff_std__vehicle_rates_setpoint.roll,diff_std,vehicle_rates_setpoint.roll,vehicle_rates_setpoint
1299,diff_std__vehicle_rates_setpoint.yaw,diff_std,vehicle_rates_setpoint.yaw,vehicle_rates_setpoint
1300,diff_std__vehicle_status.arming_state,diff_std,vehicle_status.arming_state,vehicle_status
1301,diff_std__vehicle_status.nav_state,diff_std,vehicle_status.nav_state,vehicle_status
1302,diff_std__vehicle_vision_position.x,diff_std,vehicle_vision_position.x,vehicle_vision_position
1303,diff_std__vehicle_vision_position.y,diff_std,vehicle_vision_position.y,vehicle_vision_position
1304,diff_std__vehicle_vision_position.z,diff_std,vehicle_vision_position.z,vehicle_vision_position
1305,diff_abs_mean__actuator_controls_0.control[0],diff_abs_mean,actuator_controls_0.control[0],actuator_controls_0
1306,diff_abs_mean__actuator_controls_0.control[1],diff_abs_mean,actuator_controls_0.control[1],actuator_controls_0
1307,diff_abs_mean__actuator_controls_0.control[2],diff_abs_mean,actuator_controls_0.control[2],actuator_controls_0
1308,diff_abs_mean__actuator_controls_0.control[3],diff_abs_mean,actuator_controls_0.control[3],actuator_controls_0
1309,diff_abs_mean__actuator_outputs.output[0],diff_abs_mean,actuator_outputs.output[0],actuator_outputs
1310,diff_abs_mean__actuator_outputs.output[1],diff_abs_mean,actuator_outputs.output[1],actuator_outputs
1311,diff_abs_mean__actuator_outputs.output[2],diff_abs_mean,actuator_outputs.output[2],actuator_outputs
1312,diff_abs_mean__actuator_outputs.output[3],diff_abs_mean,actuator_outputs.output[3],actuator_outputs
1313,diff_abs_mean__actuator_outputs.output[4],diff_abs_mean,actuator_outputs.output[4],actuator_outputs
1314,diff_abs_mean__actuator_outputs.output[5],diff_abs_mean,actuator_outputs.output[5],actuator_outputs
1315,diff_abs_mean__actuator_outputs.output[6],diff_abs_mean,actuator_outputs.output[6],actuator_outputs
1316,diff_abs_mean__actuator_outputs.output[7],diff_abs_mean,actuator_outputs.output[7],actuator_outputs
1317,diff_abs_mean__battery_status.current_a,diff_abs_mean,battery_status.current_a,battery_status
1318,diff_abs_mean__battery_status.current_filtered_a,diff_abs_mean,battery_status.current_filtered_a,battery_status
1319,diff_abs_mean__battery_status.discharged_mah,diff_abs_mean,battery_status.discharged_mah,battery_status
1320,diff_abs_mean__battery_status.remaining,diff_abs_mean,battery_status.remaining,battery_status
1321,diff_abs_mean__battery_status.voltage_filtered_v,diff_abs_mean,battery_status.voltage_filtered_v,battery_status
1322,diff_abs_mean__battery_status.voltage_v,diff_abs_mean,battery_status.voltage_v,battery_status
1323,diff_abs_mean__cpuload.load,diff_abs_mean,cpuload.load,cpuload
1324,diff_abs_mean__cpuload.ram_usage,diff_abs_mean,cpuload.ram_usage,cpuload
1325,diff_abs_mean__distance_sensor.current_distance,diff_abs_mean,distance_sensor.current_distance,distance_sensor
1326,diff_abs_mean__ekf2_innovations.hagl_innov,diff_abs_mean,ekf2_innovations.hagl_innov,ekf2_innovations
1327,diff_abs_mean__ekf2_innovations.heading_innov,diff_abs_mean,ekf2_innovations.heading_innov,ekf2_innovations
1328,diff_abs_mean__ekf2_innovations.output_tracking_error[0],diff_abs_mean,ekf2_innovations.output_tracking_error[0],ekf2_innovations
1329,diff_abs_mean__ekf2_innovations.output_tracking_error[1],diff_abs_mean,ekf2_innovations.output_tracking_error[1],ekf2_innovations
1330,diff_abs_mean__ekf2_innovations.output_tracking_error[2],diff_abs_mean,ekf2_innovations.output_tracking_error[2],ekf2_innovations
1331,diff_abs_mean__ekf2_innovations.vel_pos_innov[3],diff_abs_mean,ekf2_innovations.vel_pos_innov[3],ekf2_innovations
1332,diff_abs_mean__ekf2_innovations.vel_pos_innov[4],diff_abs_mean,ekf2_innovations.vel_pos_innov[4],ekf2_innovations
1333,diff_abs_mean__ekf2_innovations.vel_pos_innov[5],diff_abs_mean,ekf2_innovations.vel_pos_innov[5],ekf2_innovations
1334,diff_abs_mean__estimator_status.hagl_test_ratio,diff_abs_mean,estimator_status.hagl_test_ratio,estimator_status
1335,diff_abs_mean__estimator_status.hgt_test_ratio,diff_abs_mean,estimator_status.hgt_test_ratio,estimator_status
1336,diff_abs_mean__estimator_status.mag_test_ratio,diff_abs_mean,estimator_status.mag_test_ratio,estimator_status
1337,diff_abs_mean__estimator_status.pos_horiz_accuracy,diff_abs_mean,estimator_status.pos_horiz_accuracy,estimator_status
1338,diff_abs_mean__estimator_status.pos_test_ratio,diff_abs_mean,estimator_status.pos_test_ratio,estimator_status
1339,diff_abs_mean__estimator_status.pos_vert_accuracy,diff_abs_mean,estimator_status.pos_vert_accuracy,estimator_status
1340,diff_abs_mean__estimator_status.vibe[0],diff_abs_mean,estimator_status.vibe[0],estimator_status
1341,diff_abs_mean__estimator_status.vibe[1],diff_abs_mean,estimator_status.vibe[1],estimator_status
1342,diff_abs_mean__estimator_status.vibe[2],diff_abs_mean,estimator_status.vibe[2],estimator_status
1343,diff_abs_mean__manual_control_setpoint.r,diff_abs_mean,manual_control_setpoint.r,manual_control_setpoint
1344,diff_abs_mean__manual_control_setpoint.x,diff_abs_mean,manual_control_setpoint.x,manual_control_setpoint
1345,diff_abs_mean__manual_control_setpoint.y,diff_abs_mean,manual_control_setpoint.y,manual_control_setpoint
1346,diff_abs_mean__manual_control_setpoint.z,diff_abs_mean,manual_control_setpoint.z,manual_control_setpoint
1347,diff_abs_mean__rate_ctrl_status.pitchspeed_integ,diff_abs_mean,rate_ctrl_status.pitchspeed_integ,rate_ctrl_status
1348,diff_abs_mean__rate_ctrl_status.rollspeed_integ,diff_abs_mean,rate_ctrl_status.rollspeed_integ,rate_ctrl_status
1349,diff_abs_mean__rate_ctrl_status.yawspeed_integ,diff_abs_mean,rate_ctrl_status.yawspeed_integ,rate_ctrl_status
1350,diff_abs_mean__sensor_combined.accelerometer_m_s2[0],diff_abs_mean,sensor_combined.accelerometer_m_s2[0],sensor_combined
1351,diff_abs_mean__sensor_combined.accelerometer_m_s2[1],diff_abs_mean,sensor_combined.accelerometer_m_s2[1],sensor_combined
1352,diff_abs_mean__sensor_combined.accelerometer_m_s2[2],diff_abs_mean,sensor_combined.accelerometer_m_s2[2],sensor_combined
1353,diff_abs_mean__sensor_combined.gyro_rad[0],diff_abs_mean,sensor_combined.gyro_rad[0],sensor_combined
1354,diff_abs_mean__sensor_combined.gyro_rad[1],diff_abs_mean,sensor_combined.gyro_rad[1],sensor_combined
1355,diff_abs_mean__sensor_combined.gyro_rad[2],diff_abs_mean,sensor_combined.gyro_rad[2],sensor_combined
1356,diff_abs_mean__sensor_preflight.accel_inconsistency_m_s_s,diff_abs_mean,sensor_preflight.accel_inconsistency_m_s_s,sensor_preflight
1357,diff_abs_mean__sensor_preflight.gyro_inconsistency_rad_s,diff_abs_mean,sensor_preflight.gyro_inconsistency_rad_s,sensor_preflight
1358,diff_abs_mean__vehicle_attitude.pitchspeed,diff_abs_mean,vehicle_attitude.pitchspeed,vehicle_attitude
1359,diff_abs_mean__vehicle_attitude.q[0],diff_abs_mean,vehicle_attitude.q[0],vehicle_attitude
1360,diff_abs_mean__vehicle_attitude.q[1],diff_abs_mean,vehicle_attitude.q[1],vehicle_attitude
1361,diff_abs_mean__vehicle_attitude.q[2],diff_abs_mean,vehicle_attitude.q[2],vehicle_attitude
1362,diff_abs_mean__vehicle_attitude.q[3],diff_abs_mean,vehicle_attitude.q[3],vehicle_attitude
1363,diff_abs_mean__vehicle_attitude.rollspeed,diff_abs_mean,vehicle_attitude.rollspeed,vehicle_attitude
1364,diff_abs_mean__vehicle_attitude.yawspeed,diff_abs_mean,vehicle_attitude.yawspeed,vehicle_attitude
1365,diff_abs_mean__vehicle_attitude_setpoint.pitch_body,diff_abs_mean,vehicle_attitude_setpoint.pitch_body,vehicle_attitude_setpoint
1366,diff_abs_mean__vehicle_attitude_setpoint.roll_body,diff_abs_mean,vehicle_attitude_setpoint.roll_body,vehicle_attitude_setpoint
1367,diff_abs_mean__vehicle_attitude_setpoint.yaw_body,diff_abs_mean,vehicle_attitude_setpoint.yaw_body,vehicle_attitude_setpoint
1368,diff_abs_mean__vehicle_land_detected.ground_contact,diff_abs_mean,vehicle_land_detected.ground_contact,vehicle_land_detected
1369,diff_abs_mean__vehicle_land_detected.landed,diff_abs_mean,vehicle_land_detected.landed,vehicle_land_detected
1370,diff_abs_mean__vehicle_land_detected.maybe_landed,diff_abs_mean,vehicle_land_detected.maybe_landed,vehicle_land_detected
1371,diff_abs_mean__vehicle_local_position.ax,diff_abs_mean,vehicle_local_position.ax,vehicle_local_position
1372,diff_abs_mean__vehicle_local_position.ay,diff_abs_mean,vehicle_local_position.ay,vehicle_local_position
1373,diff_abs_mean__vehicle_local_position.az,diff_abs_mean,vehicle_local_position.az,vehicle_local_position
1374,diff_abs_mean__vehicle_local_position.dist_bottom,diff_abs_mean,vehicle_local_position.dist_bottom,vehicle_local_position
1375,diff_abs_mean__vehicle_local_position.dist_bottom_rate,diff_abs_mean,vehicle_local_position.dist_bottom_rate,vehicle_local_position
1376,diff_abs_mean__vehicle_local_position.eph,diff_abs_mean,vehicle_local_position.eph,vehicle_local_position
1377,diff_abs_mean__vehicle_local_position.epv,diff_abs_mean,vehicle_local_position.epv,vehicle_local_position
1378,diff_abs_mean__vehicle_local_position.vx,diff_abs_mean,vehicle_local_position.vx,vehicle_local_position
1379,diff_abs_mean__vehicle_local_position.vy,diff_abs_mean,vehicle_local_position.vy,vehicle_local_position
1380,diff_abs_mean__vehicle_local_position.vz,diff_abs_mean,vehicle_local_position.vz,vehicle_local_position
1381,diff_abs_mean__vehicle_local_position.x,diff_abs_mean,vehicle_local_position.x,vehicle_local_position
1382,diff_abs_mean__vehicle_local_position.y,diff_abs_mean,vehicle_local_position.y,vehicle_local_position
1383,diff_abs_mean__vehicle_local_position.z,diff_abs_mean,vehicle_local_position.z,vehicle_local_position
1384,diff_abs_mean__vehicle_rates_setpoint.pitch,diff_abs_mean,vehicle_rates_setpoint.pitch,vehicle_rates_setpoint
1385,diff_abs_mean__vehicle_rates_setpoint.roll,diff_abs_mean,vehicle_rates_setpoint.roll,vehicle_rates_setpoint
1386,diff_abs_mean__vehicle_rates_setpoint.yaw,diff_abs_mean,vehicle_rates_setpoint.yaw,vehicle_rates_setpoint
1387,diff_abs_mean__vehicle_status.arming_state,diff_abs_mean,vehicle_status.arming_state,vehicle_status
1388,diff_abs_mean__vehicle_status.nav_state,diff_abs_mean,vehicle_status.nav_state,vehicle_status
1389,diff_abs_mean__vehicle_vision_position.x,diff_abs_mean,vehicle_vision_position.x,vehicle_vision_position
1390,diff_abs_mean__vehicle_vision_position.y,diff_abs_mean,vehicle_vision_position.y,vehicle_vision_position
1391,diff_abs_mean__vehicle_vision_position.z,diff_abs_mean,vehicle_vision_position.z,vehicle_vision_position
1392,diff_abs_max__actuator_controls_0.control[0],diff_abs_max,actuator_controls_0.control[0],actuator_controls_0
1393,diff_abs_max__actuator_controls_0.control[1],diff_abs_max,actuator_controls_0.control[1],actuator_controls_0
1394,diff_abs_max__actuator_controls_0.control[2],diff_abs_max,actuator_controls_0.control[2],actuator_controls_0
1395,diff_abs_max__actuator_controls_0.control[3],diff_abs_max,actuator_controls_0.control[3],actuator_controls_0
1396,diff_abs_max__actuator_outputs.output[0],diff_abs_max,actuator_outputs.output[0],actuator_outputs
1397,diff_abs_max__actuator_outputs.output[1],diff_abs_max,actuator_outputs.output[1],actuator_outputs
1398,diff_abs_max__actuator_outputs.output[2],diff_abs_max,actuator_outputs.output[2],actuator_outputs
1399,diff_abs_max__actuator_outputs.output[3],diff_abs_max,actuator_outputs.output[3],actuator_outputs
1400,diff_abs_max__actuator_outputs.output[4],diff_abs_max,actuator_outputs.output[4],actuator_outputs
1401,diff_abs_max__actuator_outputs.output[5],diff_abs_max,actuator_outputs.output[5],actuator_outputs
1402,diff_abs_max__actuator_outputs.output[6],diff_abs_max,actuator_outputs.output[6],actuator_outputs
1403,diff_abs_max__actuator_outputs.output[7],diff_abs_max,actuator_outputs.output[7],actuator_outputs
1404,diff_abs_max__battery_status.current_a,diff_abs_max,battery_status.current_a,battery_status
1405,diff_abs_max__battery_status.current_filtered_a,diff_abs_max,battery_status.current_filtered_a,battery_status
1406,diff_abs_max__battery_status.discharged_mah,diff_abs_max,battery_status.discharged_mah,battery_status
1407,diff_abs_max__battery_status.remaining,diff_abs_max,battery_status.remaining,battery_status
1408,diff_abs_max__battery_status.voltage_filtered_v,diff_abs_max,battery_status.voltage_filtered_v,battery_status
1409,diff_abs_max__battery_status.voltage_v,diff_abs_max,battery_status.voltage_v,battery_status
1410,diff_abs_max__cpuload.load,diff_abs_max,cpuload.load,cpuload
1411,diff_abs_max__cpuload.ram_usage,diff_abs_max,cpuload.ram_usage,cpuload
1412,diff_abs_max__distance_sensor.current_distance,diff_abs_max,distance_sensor.current_distance,distance_sensor
1413,diff_abs_max__ekf2_innovations.hagl_innov,diff_abs_max,ekf2_innovations.hagl_innov,ekf2_innovations
1414,diff_abs_max__ekf2_innovations.heading_innov,diff_abs_max,ekf2_innovations.heading_innov,ekf2_innovations
1415,diff_abs_max__ekf2_innovations.output_tracking_error[0],diff_abs_max,ekf2_innovations.output_tracking_error[0],ekf2_innovations
1416,diff_abs_max__ekf2_innovations.output_tracking_error[1],diff_abs_max,ekf2_innovations.output_tracking_error[1],ekf2_innovations
1417,diff_abs_max__ekf2_innovations.output_tracking_error[2],diff_abs_max,ekf2_innovations.output_tracking_error[2],ekf2_innovations
1418,diff_abs_max__ekf2_innovations.vel_pos_innov[3],diff_abs_max,ekf2_innovations.vel_pos_innov[3],ekf2_innovations
1419,diff_abs_max__ekf2_innovations.vel_pos_innov[4],diff_abs_max,ekf2_innovations.vel_pos_innov[4],ekf2_innovations
1420,diff_abs_max__ekf2_innovations.vel_pos_innov[5],diff_abs_max,ekf2_innovations.vel_pos_innov[5],ekf2_innovations
1421,diff_abs_max__estimator_status.hagl_test_ratio,diff_abs_max,estimator_status.hagl_test_ratio,estimator_status
1422,diff_abs_max__estimator_status.hgt_test_ratio,diff_abs_max,estimator_status.hgt_test_ratio,estimator_status
1423,diff_abs_max__estimator_status.mag_test_ratio,diff_abs_max,estimator_status.mag_test_ratio,estimator_status
1424,diff_abs_max__estimator_status.pos_horiz_accuracy,diff_abs_max,estimator_status.pos_horiz_accuracy,estimator_status
1425,diff_abs_max__estimator_status.pos_test_ratio,diff_abs_max,estimator_status.pos_test_ratio,estimator_status
1426,diff_abs_max__estimator_status.pos_vert_accuracy,diff_abs_max,estimator_status.pos_vert_accuracy,estimator_status
1427,diff_abs_max__estimator_status.vibe[0],diff_abs_max,estimator_status.vibe[0],estimator_status
1428,diff_abs_max__estimator_status.vibe[1],diff_abs_max,estimator_status.vibe[1],estimator_status
1429,diff_abs_max__estimator_status.vibe[2],diff_abs_max,estimator_status.vibe[2],estimator_status
1430,diff_abs_max__manual_control_setpoint.r,diff_abs_max,manual_control_setpoint.r,manual_control_setpoint
1431,diff_abs_max__manual_control_setpoint.x,diff_abs_max,manual_control_setpoint.x,manual_control_setpoint
1432,diff_abs_max__manual_control_setpoint.y,diff_abs_max,manual_control_setpoint.y,manual_control_setpoint
1433,diff_abs_max__manual_control_setpoint.z,diff_abs_max,manual_control_setpoint.z,manual_control_setpoint
1434,diff_abs_max__rate_ctrl_status.pitchspeed_integ,diff_abs_max,rate_ctrl_status.pitchspeed_integ,rate_ctrl_status
1435,diff_abs_max__rate_ctrl_status.rollspeed_integ,diff_abs_max,rate_ctrl_status.rollspeed_integ,rate_ctrl_status
1436,diff_abs_max__rate_ctrl_status.yawspeed_integ,diff_abs_max,rate_ctrl_status.yawspeed_integ,rate_ctrl_status
1437,diff_abs_max__sensor_combined.accelerometer_m_s2[0],diff_abs_max,sensor_combined.accelerometer_m_s2[0],sensor_combined
1438,diff_abs_max__sensor_combined.accelerometer_m_s2[1],diff_abs_max,sensor_combined.accelerometer_m_s2[1],sensor_combined
1439,diff_abs_max__sensor_combined.accelerometer_m_s2[2],diff_abs_max,sensor_combined.accelerometer_m_s2[2],sensor_combined
1440,diff_abs_max__sensor_combined.gyro_rad[0],diff_abs_max,sensor_combined.gyro_rad[0],sensor_combined
1441,diff_abs_max__sensor_combined.gyro_rad[1],diff_abs_max,sensor_combined.gyro_rad[1],sensor_combined
1442,diff_abs_max__sensor_combined.gyro_rad[2],diff_abs_max,sensor_combined.gyro_rad[2],sensor_combined
1443,diff_abs_max__sensor_preflight.accel_inconsistency_m_s_s,diff_abs_max,sensor_preflight.accel_inconsistency_m_s_s,sensor_preflight
1444,diff_abs_max__sensor_preflight.gyro_inconsistency_rad_s,diff_abs_max,sensor_preflight.gyro_inconsistency_rad_s,sensor_preflight
1445,diff_abs_max__vehicle_attitude.pitchspeed,diff_abs_max,vehicle_attitude.pitchspeed,vehicle_attitude
1446,diff_abs_max__vehicle_attitude.q[0],diff_abs_max,vehicle_attitude.q[0],vehicle_attitude
1447,diff_abs_max__vehicle_attitude.q[1],diff_abs_max,vehicle_attitude.q[1],vehicle_attitude
1448,diff_abs_max__vehicle_attitude.q[2],diff_abs_max,vehicle_attitude.q[2],vehicle_attitude
1449,diff_abs_max__vehicle_attitude.q[3],diff_abs_max,vehicle_attitude.q[3],vehicle_attitude
1450,diff_abs_max__vehicle_attitude.rollspeed,diff_abs_max,vehicle_attitude.rollspeed,vehicle_attitude
1451,diff_abs_max__vehicle_attitude.yawspeed,diff_abs_max,vehicle_attitude.yawspeed,vehicle_attitude
1452,diff_abs_max__vehicle_attitude_setpoint.pitch_body,diff_abs_max,vehicle_attitude_setpoint.pitch_body,vehicle_attitude_setpoint
1453,diff_abs_max__vehicle_attitude_setpoint.roll_body,diff_abs_max,vehicle_attitude_setpoint.roll_body,vehicle_attitude_setpoint
1454,diff_abs_max__vehicle_attitude_setpoint.yaw_body,diff_abs_max,vehicle_attitude_setpoint.yaw_body,vehicle_attitude_setpoint
1455,diff_abs_max__vehicle_land_detected.ground_contact,diff_abs_max,vehicle_land_detected.ground_contact,vehicle_land_detected
1456,diff_abs_max__vehicle_land_detected.landed,diff_abs_max,vehicle_land_detected.landed,vehicle_land_detected
1457,diff_abs_max__vehicle_land_detected.maybe_landed,diff_abs_max,vehicle_land_detected.maybe_landed,vehicle_land_detected
1458,diff_abs_max__vehicle_local_position.ax,diff_abs_max,vehicle_local_position.ax,vehicle_local_position
1459,diff_abs_max__vehicle_local_position.ay,diff_abs_max,vehicle_local_position.ay,vehicle_local_position
1460,diff_abs_max__vehicle_local_position.az,diff_abs_max,vehicle_local_position.az,vehicle_local_position
1461,diff_abs_max__vehicle_local_position.dist_bottom,diff_abs_max,vehicle_local_position.dist_bottom,vehicle_local_position
1462,diff_abs_max__vehicle_local_position.dist_bottom_rate,diff_abs_max,vehicle_local_position.dist_bottom_rate,vehicle_local_position
1463,diff_abs_max__vehicle_local_position.eph,diff_abs_max,vehicle_local_position.eph,vehicle_local_position
1464,diff_abs_max__vehicle_local_position.epv,diff_abs_max,vehicle_local_position.epv,vehicle_local_position
1465,diff_abs_max__vehicle_local_position.vx,diff_abs_max,vehicle_local_position.vx,vehicle_local_position
1466,diff_abs_max__vehicle_local_position.vy,diff_abs_max,vehicle_local_position.vy,vehicle_local_position
1467,diff_abs_max__vehicle_local_position.vz,diff_abs_max,vehicle_local_position.vz,vehicle_local_position
1468,diff_abs_max__vehicle_local_position.x,diff_abs_max,vehicle_local_position.x,vehicle_local_position
1469,diff_abs_max__vehicle_local_position.y,diff_abs_max,vehicle_local_position.y,vehicle_local_position
1470,diff_abs_max__vehicle_local_position.z,diff_abs_max,vehicle_local_position.z,vehicle_local_position
1471,diff_abs_max__vehicle_rates_setpoint.pitch,diff_abs_max,vehicle_rates_setpoint.pitch,vehicle_rates_setpoint
1472,diff_abs_max__vehicle_rates_setpoint.roll,diff_abs_max,vehicle_rates_setpoint.roll,vehicle_rates_setpoint
1473,diff_abs_max__vehicle_rates_setpoint.yaw,diff_abs_max,vehicle_rates_setpoint.yaw,vehicle_rates_setpoint
1474,diff_abs_max__vehicle_status.arming_state,diff_abs_max,vehicle_status.arming_state,vehicle_status
1475,diff_abs_max__vehicle_status.nav_state,diff_abs_max,vehicle_status.nav_state,vehicle_status
1476,diff_abs_max__vehicle_vision_position.x,diff_abs_max,vehicle_vision_position.x,vehicle_vision_position
1477,diff_abs_max__vehicle_vision_position.y,diff_abs_max,vehicle_vision_position.y,vehicle_vision_position
1478,diff_abs_max__vehicle_vision_position.z,diff_abs_max,vehicle_vision_position.z,vehicle_vision_position
1479,lag1__actuator_controls_0.control[0],lag1,actuator_controls_0.control[0],actuator_controls_0
1480,lag1__actuator_controls_0.control[1],lag1,actuator_controls_0.control[1],actuator_controls_0
1481,lag1__actuator_controls_0.control[2],lag1,actuator_controls_0.control[2],actuator_controls_0
1482,lag1__actuator_controls_0.control[3],lag1,actuator_controls_0.control[3],actuator_controls_0
1483,lag1__actuator_outputs.output[0],lag1,actuator_outputs.output[0],actuator_outputs
1484,lag1__actuator_outputs.output[1],lag1,actuator_outputs.output[1],actuator_outputs
1485,lag1__actuator_outputs.output[2],lag1,actuator_outputs.output[2],actuator_outputs
1486,lag1__actuator_outputs.output[3],lag1,actuator_outputs.output[3],actuator_outputs
1487,lag1__actuator_outputs.output[4],lag1,actuator_outputs.output[4],actuator_outputs
1488,lag1__actuator_outputs.output[5],lag1,actuator_outputs.output[5],actuator_outputs
1489,lag1__actuator_outputs.output[6],lag1,actuator_outputs.output[6],actuator_outputs
1490,lag1__actuator_outputs.output[7],lag1,actuator_outputs.output[7],actuator_outputs
1491,lag1__battery_status.current_a,lag1,battery_status.current_a,battery_status
1492,lag1__battery_status.current_filtered_a,lag1,battery_status.current_filtered_a,battery_status
1493,lag1__battery_status.discharged_mah,lag1,battery_status.discharged_mah,battery_status
1494,lag1__battery_status.remaining,lag1,battery_status.remaining,battery_status
1495,lag1__battery_status.voltage_filtered_v,lag1,battery_status.voltage_filtered_v,battery_status
1496,lag1__battery_status.voltage_v,lag1,battery_status.voltage_v,battery_status
1497,lag1__cpuload.load,lag1,cpuload.load,cpuload
1498,lag1__cpuload.ram_usage,lag1,cpuload.ram_usage,cpuload
1499,lag1__distance_sensor.current_distance,lag1,distance_sensor.current_distance,distance_sensor
1500,lag1__ekf2_innovations.hagl_innov,lag1,ekf2_innovations.hagl_innov,ekf2_innovations
1501,lag1__ekf2_innovations.heading_innov,lag1,ekf2_innovations.heading_innov,ekf2_innovations
1502,lag1__ekf2_innovations.output_tracking_error[0],lag1,ekf2_innovations.output_tracking_error[0],ekf2_innovations
1503,lag1__ekf2_innovations.output_tracking_error[1],lag1,ekf2_innovations.output_tracking_error[1],ekf2_innovations
1504,lag1__ekf2_innovations.output_tracking_error[2],lag1,ekf2_innovations.output_tracking_error[2],ekf2_innovations
1505,lag1__ekf2_innovations.vel_pos_innov[3],lag1,ekf2_innovations.vel_pos_innov[3],ekf2_innovations
1506,lag1__ekf2_innovations.vel_pos_innov[4],lag1,ekf2_innovations.vel_pos_innov[4],ekf2_innovations
1507,lag1__ekf2_innovations.vel_pos_innov[5],lag1,ekf2_innovations.vel_pos_innov[5],ekf2_innovations
1508,lag1__estimator_status.hagl_test_ratio,lag1,estimator_status.hagl_test_ratio,estimator_status
1509,lag1__estimator_status.hgt_test_ratio,lag1,estimator_status.hgt_test_ratio,estimator_status
1510,lag1__estimator_status.mag_test_ratio,lag1,estimator_status.mag_test_ratio,estimator_status
1511,lag1__estimator_status.pos_horiz_accuracy,lag1,estimator_status.pos_horiz_accuracy,estimator_status
1512,lag1__estimator_status.pos_test_ratio,lag1,estimator_status.pos_test_ratio,estimator_status
1513,lag1__estimator_status.pos_vert_accuracy,lag1,estimator_status.pos_vert_accuracy,estimator_status
1514,lag1__estimator_status.vibe[0],lag1,estimator_status.vibe[0],estimator_status
1515,lag1__estimator_status.vibe[1],lag1,estimator_status.vibe[1],estimator_status
1516,lag1__estimator_status.vibe[2],lag1,estimator_status.vibe[2],estimator_status
1517,lag1__manual_control_setpoint.r,lag1,manual_control_setpoint.r,manual_control_setpoint
1518,lag1__manual_control_setpoint.x,lag1,manual_control_setpoint.x,manual_control_setpoint
1519,lag1__manual_control_setpoint.y,lag1,manual_control_setpoint.y,manual_control_setpoint
1520,lag1__manual_control_setpoint.z,lag1,manual_control_setpoint.z,manual_control_setpoint
1521,lag1__rate_ctrl_status.pitchspeed_integ,lag1,rate_ctrl_status.pitchspeed_integ,rate_ctrl_status
1522,lag1__rate_ctrl_status.rollspeed_integ,lag1,rate_ctrl_status.rollspeed_integ,rate_ctrl_status
1523,lag1__rate_ctrl_status.yawspeed_integ,lag1,rate_ctrl_status.yawspeed_integ,rate_ctrl_status
1524,lag1__sensor_combined.accelerometer_m_s2[0],lag1,sensor_combined.accelerometer_m_s2[0],sensor_combined
1525,lag1__sensor_combined.accelerometer_m_s2[1],lag1,sensor_combined.accelerometer_m_s2[1],sensor_combined
1526,lag1__sensor_combined.accelerometer_m_s2[2],lag1,sensor_combined.accelerometer_m_s2[2],sensor_combined
1527,lag1__sensor_combined.gyro_rad[0],lag1,sensor_combined.gyro_rad[0],sensor_combined
1528,lag1__sensor_combined.gyro_rad[1],lag1,sensor_combined.gyro_rad[1],sensor_combined
1529,lag1__sensor_combined.gyro_rad[2],lag1,sensor_combined.gyro_rad[2],sensor_combined
1530,lag1__sensor_preflight.accel_inconsistency_m_s_s,lag1,sensor_preflight.accel_inconsistency_m_s_s,sensor_preflight
1531,lag1__sensor_preflight.gyro_inconsistency_rad_s,lag1,sensor_preflight.gyro_inconsistency_rad_s,sensor_preflight
1532,lag1__vehicle_attitude.pitchspeed,lag1,vehicle_attitude.pitchspeed,vehicle_attitude
1533,lag1__vehicle_attitude.q[0],lag1,vehicle_attitude.q[0],vehicle_attitude
1534,lag1__vehicle_attitude.q[1],lag1,vehicle_attitude.q[1],vehicle_attitude
1535,lag1__vehicle_attitude.q[2],lag1,vehicle_attitude.q[2],vehicle_attitude
1536,lag1__vehicle_attitude.q[3],lag1,vehicle_attitude.q[3],vehicle_attitude
1537,lag1__vehicle_attitude.rollspeed,lag1,vehicle_attitude.rollspeed,vehicle_attitude
1538,lag1__vehicle_attitude.yawspeed,lag1,vehicle_attitude.yawspeed,vehicle_attitude
1539,lag1__vehicle_attitude_setpoint.pitch_body,lag1,vehicle_attitude_setpoint.pitch_body,vehicle_attitude_setpoint
1540,lag1__vehicle_attitude_setpoint.roll_body,lag1,vehicle_attitude_setpoint.roll_body,vehicle_attitude_setpoint
1541,lag1__vehicle_attitude_setpoint.yaw_body,lag1,vehicle_attitude_setpoint.yaw_body,vehicle_attitude_setpoint
1542,lag1__vehicle_land_detected.ground_contact,lag1,vehicle_land_detected.ground_contact,vehicle_land_detected
1543,lag1__vehicle_land_detected.landed,lag1,vehicle_land_detected.landed,vehicle_land_detected
1544,lag1__vehicle_land_detected.maybe_landed,lag1,vehicle_land_detected.maybe_landed,vehicle_land_detected
1545,lag1__vehicle_local_position.ax,lag1,vehicle_local_position.ax,vehicle_local_position
1546,lag1__vehicle_local_position.ay,lag1,vehicle_local_position.ay,vehicle_local_position
1547,lag1__vehicle_local_position.az,lag1,vehicle_local_position.az,vehicle_local_position
1548,lag1__vehicle_local_position.dist_bottom,lag1,vehicle_local_position.dist_bottom,vehicle_local_position
1549,lag1__vehicle_local_position.dist_bottom_rate,lag1,vehicle_local_position.dist_bottom_rate,vehicle_local_position
1550,lag1__vehicle_local_position.eph,lag1,vehicle_local_position.eph,vehicle_local_position
1551,lag1__vehicle_local_position.epv,lag1,vehicle_local_position.epv,vehicle_local_position
1552,lag1__vehicle_local_position.vx,lag1,vehicle_local_position.vx,vehicle_local_position
1553,lag1__vehicle_local_position.vy,lag1,vehicle_local_position.vy,vehicle_local_position
1554,lag1__vehicle_local_position.vz,lag1,vehicle_local_position.vz,vehicle_local_position
1555,lag1__vehicle_local_position.x,lag1,vehicle_local_position.x,vehicle_local_position
1556,lag1__vehicle_local_position.y,lag1,vehicle_local_position.y,vehicle_local_position
1557,lag1__vehicle_local_position.z,lag1,vehicle_local_position.z,vehicle_local_position
1558,lag1__vehicle_rates_setpoint.pitch,lag1,vehicle_rates_setpoint.pitch,vehicle_rates_setpoint
1559,lag1__vehicle_rates_setpoint.roll,lag1,vehicle_rates_setpoint.roll,vehicle_rates_setpoint
1560,lag1__vehicle_rates_setpoint.yaw,lag1,vehicle_rates_setpoint.yaw,vehicle_rates_setpoint
1561,lag1__vehicle_status.arming_state,lag1,vehicle_status.arming_state,vehicle_status
1562,lag1__vehicle_status.nav_state,lag1,vehicle_status.nav_state,vehicle_status
1563,lag1__vehicle_vision_position.x,lag1,vehicle_vision_position.x,vehicle_vision_position
1564,lag1__vehicle_vision_position.y,lag1,vehicle_vision_position.y,vehicle_vision_position
1565,lag1__vehicle_vision_position.z,lag1,vehicle_vision_position.z,vehicle_vision_position
