pair_id,time_s,score,threshold,alarm,strongest_topic
normal:commander_nav_state_override__2019-01-18__08_39_38__baseline,9.6,0.47202775962805715,3.0,False,sensor_combined
normal:commander_nav_state_override__2019-01-18__08_39_38__baseline,10.4,0.4355807945658944,3.0,False,sensor_combined
normal:commander_nav_state_override__2019-01-18__08_39_38__baseline,11.2,0.8682052333787745,3.0,False,distance_sensor
normal:commander_nav_state_override__2019-01-18__08_39_38__baseline,12.0,0.3514451254159212,3.0,False,vehicle_attitude
normal:commander_nav_state_override__2019-01-18__08_39_38__baseline,12.8,0.2924021220153767,3.0,False,vehicle_attitude
normal:commander_nav_state_override__2019-01-18__08_39_38__baseline,13.6,0.3349325470185016,3.0,False,actuator_controls_0
normal:commander_nav_state_override__2019-01-18__08_39_38__baseline,14.4,0.30337984377386895,3.0,False,actuator_controls_0
normal:commander_nav_state_override__2019-01-18__08_39_38__baseline,15.2,0.38379672914743423,3.0,False,sensor_combined
normal:commander_nav_state_override__2019-01-18__08_39_38__baseline,16.0,0.33952057361602783,3.0,False,actuator_controls_0
normal:commander_nav_state_override__2019-01-18__08_39_38__baseline,16.8,0.3296841170483206,3.0,False,sensor_combined
normal:commander_nav_state_override__2019-01-18__08_39_38__baseline,17.6,0.3227744348756359,3.0,False,vehicle_attitude
normal:commander_nav_state_override__2019-01-18__08_39_38__baseline,18.4,0.3176678516433519,3.0,False,vehicle_attitude
normal:commander_nav_state_override__2019-01-18__08_39_38__baseline,19.2,0.34378327871538256,3.0,False,sensor_combined
normal:commander_nav_state_override__2019-01-18__08_39_38__baseline,20.0,0.28304736847296197,3.0,False,vehicle_attitude
normal:commander_nav_state_override__2019-01-18__08_39_38__baseline,20.8,0.36893655824911237,3.0,False,vehicle_attitude
normal:commander_nav_state_override__2019-01-18__08_39_38__baseline,21.6,0.30359413897039733,3.0,False,sensor_combined
normal:commander_nav_state_override__2019-01-18__08_39_38__baseline,22.4,0.30721340553111187,3.0,False,vehicle_attitude
normal:commander_nav_state_override__2019-01-18__08_39_38__baseline,23.2,0.28406007676703227,3.0,False,sensor_combined
normal:commander_nav_state_override__2019-01-18__08_39_38__baseline,24.0,0.3347938401875749,3.0,False,sensor_combined
normal:commander_nav_state_override__2019-01-18__08_39_38__baseline,24.8,0.36684978743135765,3.0,False,vehicle_attitude
normal:commander_nav_state_override__2019-01-18__08_39_38__baseline,25.6,0.311175724491477,3.0,False,vehicle_attitude
normal:commander_nav_state_override__2019-01-18__08_39_38__baseline,26.4,0.3201371581890904,3.0,False,sensor_combined
normal:commander_nav_state_override__2019-01-18__08_39_38__baseline,27.2,0.28869516093970016,3.0,False,sensor_combined
normal:commander_nav_state_override__2019-01-18__08_39_38__baseline,28.0,0.32328497448202737,3.0,False,sensor_combined
normal:commander_nav_state_override__2019-01-18__08_39_38__baseline,28.8,0.2794770372366727,3.0,False,sensor_combined
normal:commander_nav_state_override__2019-01-18__08_39_38__baseline,29.6,0.24619003841827228,3.0,False,sensor_combined
normal:commander_nav_state_override__2019-01-18__08_39_38__baseline,30.4,0.24846369684505185,3.0,False,sensor_combined
normal:commander_nav_state_override__2019-01-18__08_39_38__baseline,31.2,0.22251053071832944,3.0,False,sensor_combined
normal:commander_nav_state_override__2019-01-18__08_39_38__baseline,32.0,0.19496525423613228,3.0,False,sensor_combined
normal:commander_nav_state_override__2019-01-18__08_39_38__baseline,32.8,0.20915089819201924,3.0,False,vehicle_attitude
normal:commander_nav_state_override__2019-01-18__08_39_38__baseline,33.6,0.19757606473048026,3.0,False,sensor_combined
normal:commander_nav_state_override__2019-01-18__08_39_38__baseline,34.4,0.19848795013440512,3.0,False,actuator_controls_0
normal:commander_nav_state_override__2019-01-18__08_39_38__baseline,35.2,0.1870027616082754,3.0,False,vehicle_attitude
normal:commander_nav_state_override__2019-01-18__08_39_38__baseline,36.0,0.257720947265625,3.0,False,vehicle_attitude
normal:commander_nav_state_override__2019-01-18__08_39_38__baseline,36.8,0.22445959793631828,3.0,False,sensor_combined
normal:commander_nav_state_override__2019-01-18__08_39_38__baseline,37.6,0.2511787471830716,3.0,False,sensor_combined
normal:commander_nav_state_override__2019-01-18__08_39_38__baseline,38.4,0.27278770144742726,3.0,False,sensor_combined
normal:commander_nav_state_override__2019-01-18__08_39_38__baseline,39.2,0.28177862604494863,3.0,False,sensor_combined
normal:commander_nav_state_override__2019-01-18__08_39_38__baseline,40.0,0.2834790819720953,3.0,False,sensor_combined
normal:commander_nav_state_override__2019-01-18__08_39_38__baseline,40.8,0.28825727273017426,3.0,False,sensor_combined
normal:commander_nav_state_override__2019-01-18__08_39_38__baseline,41.6,0.23304151582278512,3.0,False,sensor_combined
normal:commander_nav_state_override__2019-01-18__08_39_38__baseline,42.4,0.2710526973543122,3.0,False,sensor_combined
normal:commander_nav_state_override__2019-01-18__08_39_38__baseline,43.2,0.30572694261647426,3.0,False,sensor_combined
normal:commander_nav_state_override__2019-01-18__08_39_38__baseline,44.0,0.29623844365359125,3.0,False,sensor_combined
normal:commander_nav_state_override__2019-01-18__08_39_38__baseline,44.8,0.2588139776079899,3.0,False,sensor_combined
normal:commander_nav_state_override__2019-01-18__08_39_38__baseline,45.6,0.283780688162641,3.0,False,sensor_combined
normal:commander_nav_state_override__2019-01-18__08_39_38__baseline,46.4,0.31351985634537577,3.0,False,sensor_combined
normal:commander_nav_state_override__2019-01-18__08_39_38__baseline,47.2,0.28466513291656664,3.0,False,sensor_combined
normal:commander_nav_state_override__2019-01-18__08_39_38__baseline,48.0,0.3795784605440718,3.0,False,sensor_combined
normal:commander_nav_state_override__2019-01-18__08_39_38__baseline,48.8,0.3543018794883579,3.0,False,sensor_combined
normal:commander_nav_state_override__2019-01-18__08_39_38__baseline,49.6,0.3854695670876708,3.0,False,sensor_combined
normal:commander_nav_state_override__2019-01-18__08_39_38__baseline,50.4,0.4303413069088687,3.0,False,sensor_combined
normal:commander_nav_state_override__2019-01-18__08_39_38__baseline,51.2,0.44321180971208596,3.0,False,sensor_combined
normal:commander_nav_state_override__2019-01-18__08_39_38__baseline,52.0,0.3516522329300642,3.0,False,sensor_combined
normal:commander_nav_state_override__2019-01-18__08_39_38__baseline,52.8,0.29322952743311576,3.0,False,vehicle_attitude
normal:commander_nav_state_override__2019-01-18__08_39_38__baseline,53.6,0.2815826520760757,3.0,False,sensor_combined
normal:commander_nav_state_override__2019-01-18__08_39_38__baseline,54.4,0.26844770518830247,3.0,False,vehicle_attitude
normal:commander_nav_state_override__2019-01-18__08_39_38__baseline,55.2,0.39804057334549725,3.0,False,vehicle_attitude
normal:commander_nav_state_override__2019-01-18__08_39_38__baseline,56.0,0.544815229488006,3.0,False,actuator_outputs
normal:commander_nav_state_override__2019-01-18__08_39_38__baseline,56.8,0.28783749216482285,3.0,False,vehicle_attitude
normal:commander_nav_state_override__2019-01-18__08_39_38__baseline,57.6,0.28783749216482285,3.0,False,vehicle_attitude
normal:commander_nav_state_override__2019-01-18__08_39_38__baseline,58.4,0.3029460397218739,3.0,False,vehicle_attitude
normal:commander_nav_state_override__2019-01-18__08_39_38__baseline,59.2,0.362748252415781,3.0,False,vehicle_attitude
normal:commander_nav_state_override__2019-01-18__08_39_38__baseline,60.0,0.40660034183309895,3.0,False,vehicle_attitude
normal:commander_nav_state_override__2019-01-18__08_39_38__baseline,60.8,0.43259631215296873,3.0,False,vehicle_attitude
normal:commander_nav_state_override__2019-01-18__08_39_38__baseline,61.6,0.5020031358491068,3.0,False,vehicle_attitude
normal:commander_nav_state_override__2019-01-18__08_39_38__baseline,62.4,0.3622614853015172,3.0,False,vehicle_attitude
normal:commander_nav_state_override__2019-01-18__08_39_38__baseline,63.2,0.3474129044498067,3.0,False,sensor_combined
normal:commander_nav_state_override__2019-01-18__08_39_38__baseline,64.0,0.35624705669020934,3.0,False,sensor_combined
normal:commander_nav_state_override__2019-01-18__08_39_38__baseline,64.8,0.9029561346824487,3.0,False,actuator_controls_0
normal:commander_nav_state_override__2019-01-18__08_39_38__baseline,65.6,11.169434785842896,3.0,False,vehicle_land_detected
normal:commander_nav_state_override__2019-01-18__08_39_38__baseline,66.4,0.5041258121426503,3.0,False,actuator_controls_0
normal:commander_nav_state_override__2019-01-18__08_39_38__baseline,67.2,0.47753568667972246,3.0,False,actuator_controls_0
normal:ekf2_innovation_bias__2019-01-18__08_39_38__baseline,9.6,0.34900753604142815,3.0,False,sensor_combined
normal:ekf2_innovation_bias__2019-01-18__08_39_38__baseline,10.4,0.3456032185394563,3.0,False,sensor_combined
normal:ekf2_innovation_bias__2019-01-18__08_39_38__baseline,11.2,0.33588473548750397,3.0,False,sensor_combined
normal:ekf2_innovation_bias__2019-01-18__08_39_38__baseline,12.0,0.30815708291149163,3.0,False,vehicle_attitude
normal:ekf2_innovation_bias__2019-01-18__08_39_38__baseline,12.8,0.3286231260982473,3.0,False,vehicle_attitude
normal:ekf2_innovation_bias__2019-01-18__08_39_38__baseline,13.6,0.4007687798415228,3.0,False,vehicle_attitude
normal:ekf2_innovation_bias__2019-01-18__08_39_38__baseline,14.4,0.37962178000771785,3.0,False,vehicle_attitude
normal:ekf2_innovation_bias__2019-01-18__08_39_38__baseline,15.2,0.32385953107908716,3.0,False,sensor_combined
normal:ekf2_innovation_bias__2019-01-18__08_39_38__baseline,16.0,0.2621645519930133,3.0,False,sensor_combined
normal:ekf2_innovation_bias__2019-01-18__08_39_38__baseline,16.8,0.3552103551018563,3.0,False,vehicle_attitude
normal:ekf2_innovation_bias__2019-01-18__08_39_38__baseline,17.6,0.2512806105436735,3.0,False,vehicle_attitude
normal:ekf2_innovation_bias__2019-01-18__08_39_38__baseline,18.4,0.3519800243495564,3.0,False,sensor_combined
normal:ekf2_innovation_bias__2019-01-18__08_39_38__baseline,19.2,0.39150564423790263,3.0,False,vehicle_attitude
normal:ekf2_innovation_bias__2019-01-18__08_39_38__baseline,20.0,0.3295337926479956,3.0,False,sensor_combined
normal:ekf2_innovation_bias__2019-01-18__08_39_38__baseline,20.8,0.2773114487833338,3.0,False,sensor_combined
normal:ekf2_innovation_bias__2019-01-18__08_39_38__baseline,21.6,0.3098618707385082,3.0,False,sensor_combined
normal:ekf2_innovation_bias__2019-01-18__08_39_38__baseline,22.4,0.5548196421092786,3.0,False,vehicle_attitude
normal:ekf2_innovation_bias__2019-01-18__08_39_38__baseline,23.2,0.7240460877272269,3.0,False,vehicle_attitude
normal:ekf2_innovation_bias__2019-01-18__08_39_38__baseline,24.0,0.6826450637819548,3.0,False,vehicle_attitude
normal:ekf2_innovation_bias__2019-01-18__08_39_38__baseline,24.8,0.6647669788850078,3.0,False,vehicle_attitude
normal:ekf2_innovation_bias__2019-01-18__08_39_38__baseline,25.6,0.7288363459118228,3.0,False,vehicle_attitude
normal:ekf2_innovation_bias__2019-01-18__08_39_38__baseline,26.4,0.8061234750335186,3.0,False,vehicle_attitude
normal:ekf2_innovation_bias__2019-01-18__08_39_38__baseline,27.2,0.862764624135664,3.0,False,vehicle_attitude
normal:ekf2_innovation_bias__2019-01-18__08_39_38__baseline,28.0,0.4448666757073669,3.0,False,vehicle_attitude
normal:ekf2_innovation_bias__2019-01-18__08_39_38__baseline,28.8,0.58025628728762,3.0,False,vehicle_attitude
normal:ekf2_innovation_bias__2019-01-18__08_39_38__baseline,29.6,0.4465875090378486,3.0,False,vehicle_attitude
normal:ekf2_innovation_bias__2019-01-18__08_39_38__baseline,30.4,0.5301460064947605,3.0,False,vehicle_attitude
normal:ekf2_innovation_bias__2019-01-18__08_39_38__baseline,31.2,0.49609032005591147,3.0,False,vehicle_attitude
normal:ekf2_innovation_bias__2019-01-18__08_39_38__baseline,32.0,0.33250950040776445,3.0,False,vehicle_attitude
normal:ekf2_innovation_bias__2019-01-18__08_39_38__baseline,32.8,0.26359636142712717,3.0,False,vehicle_attitude
normal:ekf2_innovation_bias__2019-01-18__08_39_38__baseline,33.6,0.29835660804785785,3.0,False,vehicle_attitude
normal:ekf2_innovation_bias__2019-01-18__08_39_38__baseline,34.4,0.2109530382177062,3.0,False,sensor_combined
normal:ekf2_innovation_bias__2019-01-18__08_39_38__baseline,35.2,0.3661465982889564,3.0,False,vehicle_attitude
normal:ekf2_innovation_bias__2019-01-18__08_39_38__baseline,36.0,0.31859662039829223,3.0,False,vehicle_attitude
normal:ekf2_innovation_bias__2019-01-18__08_39_38__baseline,36.8,0.3632333856309484,3.0,False,vehicle_attitude
normal:ekf2_innovation_bias__2019-01-18__08_39_38__baseline,37.6,0.2602952666576941,3.0,False,sensor_combined
normal:ekf2_innovation_bias__2019-01-18__08_39_38__baseline,38.4,0.2862005574511856,3.0,False,sensor_combined
normal:ekf2_innovation_bias__2019-01-18__08_39_38__baseline,39.2,0.32794131303416446,3.0,False,vehicle_attitude
normal:ekf2_innovation_bias__2019-01-18__08_39_38__baseline,40.0,0.3295824887755726,3.0,False,sensor_combined
normal:ekf2_innovation_bias__2019-01-18__08_39_38__baseline,40.8,0.37956307182733307,3.0,False,vehicle_attitude
normal:ekf2_innovation_bias__2019-01-18__08_39_38__baseline,41.6,0.37631993868548946,3.0,False,sensor_combined
normal:ekf2_innovation_bias__2019-01-18__08_39_38__baseline,42.4,0.31548569875282584,3.0,False,sensor_combined
normal:ekf2_innovation_bias__2019-01-18__08_39_38__baseline,43.2,0.5676712082596571,3.0,False,vehicle_attitude
normal:ekf2_innovation_bias__2019-01-18__08_39_38__baseline,44.0,0.49483517692305673,3.0,False,vehicle_attitude
normal:ekf2_innovation_bias__2019-01-18__08_39_38__baseline,44.8,0.4972477671600175,3.0,False,vehicle_attitude
normal:ekf2_innovation_bias__2019-01-18__08_39_38__baseline,45.6,0.5569281091871449,3.0,False,vehicle_attitude
normal:ekf2_innovation_bias__2019-01-18__08_39_38__baseline,46.4,0.5853190289454788,3.0,False,vehicle_attitude
normal:ekf2_innovation_bias__2019-01-18__08_39_38__baseline,47.2,0.7533750375835617,3.0,False,vehicle_attitude
normal:ekf2_innovation_bias__2019-01-18__08_39_38__baseline,48.0,0.43944966165487487,3.0,False,vehicle_attitude
normal:ekf2_innovation_bias__2019-01-18__08_39_38__baseline,48.8,0.43944966165487487,3.0,False,vehicle_attitude
normal:ekf2_innovation_bias__2019-01-18__08_39_38__baseline,49.6,0.381448114022855,3.0,False,vehicle_attitude
normal:ekf2_innovation_bias__2019-01-18__08_39_38__baseline,50.4,0.43944966165487487,3.0,False,vehicle_attitude
normal:ekf2_innovation_bias__2019-01-18__08_39_38__baseline,51.2,0.4492518352380014,3.0,False,vehicle_attitude
normal:ekf2_innovation_bias__2019-01-18__08_39_38__baseline,52.0,0.33520453856155497,3.0,False,sensor_combined
normal:ekf2_innovation_bias__2019-01-18__08_39_38__baseline,52.8,0.3622510722385922,3.0,False,vehicle_attitude
normal:ekf2_innovation_bias__2019-01-18__08_39_38__baseline,53.6,0.40235915756760865,3.0,False,vehicle_attitude
normal:ekf2_innovation_bias__2019-01-18__08_39_38__baseline,54.4,0.35020629811864756,3.0,False,sensor_combined
normal:ekf2_innovation_bias__2019-01-18__08_39_38__baseline,55.2,0.2649997382249987,3.0,False,vehicle_attitude
normal:ekf2_innovation_bias__2019-01-18__08_39_38__baseline,56.0,0.3456535222280155,3.0,False,vehicle_attitude
normal:ekf2_innovation_bias__2019-01-18__08_39_38__baseline,56.8,0.38862223347532926,3.0,False,vehicle_attitude
normal:ekf2_innovation_bias__2019-01-18__08_39_38__baseline,57.6,0.2550513675416202,3.0,False,sensor_combined
normal:ekf2_innovation_bias__2019-01-18__08_39_38__baseline,58.4,0.27746227257456346,3.0,False,sensor_combined
normal:ekf2_innovation_bias__2019-01-18__08_39_38__baseline,59.2,0.35380386814710313,3.0,False,sensor_combined
normal:ekf2_innovation_bias__2019-01-18__08_39_38__baseline,60.0,0.4056696529486054,3.0,False,sensor_combined
normal:ekf2_innovation_bias__2019-01-18__08_39_38__baseline,60.8,0.35763598888165765,3.0,False,sensor_combined
normal:ekf2_innovation_bias__2019-01-18__08_39_38__baseline,61.6,0.4558281850726365,3.0,False,sensor_combined
normal:ekf2_innovation_bias__2019-01-18__08_39_38__baseline,62.4,0.46728288766214093,3.0,False,sensor_combined
normal:ekf2_innovation_bias__2019-01-18__08_39_38__baseline,63.2,0.47607643082467915,3.0,False,sensor_combined
normal:ekf2_innovation_bias__2019-01-18__08_39_38__baseline,64.0,0.5147556106795832,3.0,False,vehicle_attitude
normal:ekf2_innovation_bias__2019-01-18__08_39_38__baseline,64.8,0.5750569162944509,3.0,False,vehicle_attitude
normal:ekf2_innovation_bias__2019-01-18__08_39_38__baseline,65.6,1.2897968292236328,3.0,False,vehicle_land_detected
normal:ekf2_innovation_bias__2019-01-18__08_39_38__baseline,66.4,0.4807715450813307,3.0,False,vehicle_attitude
normal:ekf2_innovation_bias__2019-01-18__08_39_38__baseline,67.2,0.6051671147265997,3.0,False,vehicle_attitude
normal:inav_local_z_freeze__2019-01-18__08_39_38__baseline,9.6,0.6822250749593095,3.0,False,vehicle_attitude
normal:inav_local_z_freeze__2019-01-18__08_39_38__baseline,10.4,0.557456197015075,3.0,False,vehicle_attitude
normal:inav_local_z_freeze__2019-01-18__08_39_38__baseline,11.2,0.8158738614952978,3.0,False,distance_sensor
normal:inav_local_z_freeze__2019-01-18__08_39_38__baseline,12.0,0.35722154192626476,3.0,False,vehicle_attitude
normal:inav_local_z_freeze__2019-01-18__08_39_38__baseline,12.8,0.2591348008304209,3.0,False,vehicle_attitude
normal:inav_local_z_freeze__2019-01-18__08_39_38__baseline,13.6,0.26541204938481633,3.0,False,actuator_controls_0
normal:inav_local_z_freeze__2019-01-18__08_39_38__baseline,14.4,0.32537355420456976,3.0,False,sensor_combined
normal:inav_local_z_freeze__2019-01-18__08_39_38__baseline,15.2,0.357617376062294,3.0,False,sensor_combined
normal:inav_local_z_freeze__2019-01-18__08_39_38__baseline,16.0,0.3342480349859389,3.0,False,sensor_combined
normal:inav_local_z_freeze__2019-01-18__08_39_38__baseline,16.8,0.43859947472810745,3.0,False,sensor_combined
normal:inav_local_z_freeze__2019-01-18__08_39_38__baseline,17.6,0.3814073886517187,3.0,False,vehicle_attitude
normal:inav_local_z_freeze__2019-01-18__08_39_38__baseline,18.4,0.42676655773687516,3.0,False,vehicle_attitude
normal:inav_local_z_freeze__2019-01-18__08_39_38__baseline,19.2,0.3390350471412025,3.0,False,sensor_combined
normal:inav_local_z_freeze__2019-01-18__08_39_38__baseline,20.0,0.30119795882914274,3.0,False,vehicle_attitude
normal:inav_local_z_freeze__2019-01-18__08_39_38__baseline,20.8,0.37779087200349565,3.0,False,vehicle_attitude
normal:inav_local_z_freeze__2019-01-18__08_39_38__baseline,21.6,0.28064361054230663,3.0,False,vehicle_attitude
normal:inav_local_z_freeze__2019-01-18__08_39_38__baseline,22.4,0.2951656354704413,3.0,False,vehicle_attitude
normal:inav_local_z_freeze__2019-01-18__08_39_38__baseline,23.2,0.24723499033161309,3.0,False,vehicle_attitude
normal:inav_local_z_freeze__2019-01-18__08_39_38__baseline,24.0,0.3087765444070101,3.0,False,vehicle_attitude
normal:inav_local_z_freeze__2019-01-18__08_39_38__baseline,24.8,0.29972023100756207,3.0,False,sensor_combined
normal:inav_local_z_freeze__2019-01-18__08_39_38__baseline,25.6,0.3716102477733907,3.0,False,sensor_combined
normal:inav_local_z_freeze__2019-01-18__08_39_38__baseline,26.4,0.31982480025854604,3.0,False,sensor_combined
normal:inav_local_z_freeze__2019-01-18__08_39_38__baseline,27.2,0.30184301184661194,3.0,False,sensor_combined
normal:inav_local_z_freeze__2019-01-18__08_39_38__baseline,28.0,0.38102719275839014,3.0,False,sensor_combined
normal:inav_local_z_freeze__2019-01-18__08_39_38__baseline,28.8,0.3426935642350009,3.0,False,sensor_combined
normal:inav_local_z_freeze__2019-01-18__08_39_38__baseline,29.6,0.3031615191811665,3.0,False,sensor_combined
normal:inav_local_z_freeze__2019-01-18__08_39_38__baseline,30.4,0.3301765630615435,3.0,False,sensor_combined
normal:inav_local_z_freeze__2019-01-18__08_39_38__baseline,31.2,0.3427682982922996,3.0,False,vehicle_attitude
normal:inav_local_z_freeze__2019-01-18__08_39_38__baseline,32.0,0.2730455089991944,3.0,False,vehicle_attitude
normal:inav_local_z_freeze__2019-01-18__08_39_38__baseline,32.8,0.26433181017637253,3.0,False,vehicle_attitude
normal:inav_local_z_freeze__2019-01-18__08_39_38__baseline,33.6,0.25831357575953007,3.0,False,vehicle_attitude
normal:inav_local_z_freeze__2019-01-18__08_39_38__baseline,34.4,0.2420934708788991,3.0,False,sensor_combined
normal:inav_local_z_freeze__2019-01-18__08_39_38__baseline,35.2,0.3075125499690388,3.0,False,sensor_combined
normal:inav_local_z_freeze__2019-01-18__08_39_38__baseline,36.0,0.32647836918608536,3.0,False,sensor_combined
normal:inav_local_z_freeze__2019-01-18__08_39_38__baseline,36.8,0.354179382230084,3.0,False,vehicle_attitude
normal:inav_local_z_freeze__2019-01-18__08_39_38__baseline,37.6,0.3221324436716333,3.0,False,vehicle_attitude
normal:inav_local_z_freeze__2019-01-18__08_39_38__baseline,38.4,0.3684518344487775,3.0,False,sensor_combined
normal:inav_local_z_freeze__2019-01-18__08_39_38__baseline,39.2,0.35374531351978344,3.0,False,sensor_combined
normal:inav_local_z_freeze__2019-01-18__08_39_38__baseline,40.0,0.37472305948181844,3.0,False,sensor_combined
normal:inav_local_z_freeze__2019-01-18__08_39_38__baseline,40.8,0.3405836295787766,3.0,False,sensor_combined
normal:inav_local_z_freeze__2019-01-18__08_39_38__baseline,41.6,0.34473294801452703,3.0,False,sensor_combined
normal:inav_local_z_freeze__2019-01-18__08_39_38__baseline,42.4,0.2808310956249758,3.0,False,sensor_combined
normal:inav_local_z_freeze__2019-01-18__08_39_38__baseline,43.2,0.31386121595866145,3.0,False,vehicle_attitude
normal:inav_local_z_freeze__2019-01-18__08_39_38__baseline,44.0,0.28088968247175217,3.0,False,vehicle_attitude
normal:inav_local_z_freeze__2019-01-18__08_39_38__baseline,44.8,0.27647046250295626,3.0,False,vehicle_attitude
normal:inav_local_z_freeze__2019-01-18__08_39_38__baseline,45.6,0.30583180900410134,3.0,False,vehicle_attitude
normal:inav_local_z_freeze__2019-01-18__08_39_38__baseline,46.4,0.3627463860727316,3.0,False,sensor_combined
normal:inav_local_z_freeze__2019-01-18__08_39_38__baseline,47.2,0.3675591413847673,3.0,False,sensor_combined
normal:inav_local_z_freeze__2019-01-18__08_39_38__baseline,48.0,0.4058939178251312,3.0,False,sensor_combined
normal:inav_local_z_freeze__2019-01-18__08_39_38__baseline,48.8,0.4618403727337182,3.0,False,sensor_combined
normal:inav_local_z_freeze__2019-01-18__08_39_38__baseline,49.6,0.520461648313691,3.0,False,sensor_combined
normal:inav_local_z_freeze__2019-01-18__08_39_38__baseline,50.4,0.49658824604676083,3.0,False,sensor_combined
normal:inav_local_z_freeze__2019-01-18__08_39_38__baseline,51.2,0.4665123563277529,3.0,False,sensor_combined
normal:inav_local_z_freeze__2019-01-18__08_39_38__baseline,52.0,0.4415083091050396,3.0,False,sensor_combined
normal:inav_local_z_freeze__2019-01-18__08_39_38__baseline,52.8,0.40763525301585896,3.0,False,sensor_combined
normal:inav_local_z_freeze__2019-01-18__08_39_38__baseline,53.6,0.3877616475464607,3.0,False,sensor_combined
normal:inav_local_z_freeze__2019-01-18__08_39_38__baseline,54.4,0.3469974547778165,3.0,False,vehicle_attitude
normal:inav_local_z_freeze__2019-01-18__08_39_38__baseline,55.2,0.4148982216243423,3.0,False,vehicle_attitude
normal:inav_local_z_freeze__2019-01-18__08_39_38__baseline,56.0,0.5052227926581532,3.0,False,vehicle_rates_setpoint
normal:inav_local_z_freeze__2019-01-18__08_39_38__baseline,56.8,0.31753457841309474,3.0,False,sensor_combined
normal:inav_local_z_freeze__2019-01-18__08_39_38__baseline,57.6,0.42742493781772967,3.0,False,sensor_combined
normal:inav_local_z_freeze__2019-01-18__08_39_38__baseline,58.4,0.41523917777011055,3.0,False,sensor_combined
normal:inav_local_z_freeze__2019-01-18__08_39_38__baseline,59.2,0.41036652252380384,3.0,False,sensor_combined
normal:inav_local_z_freeze__2019-01-18__08_39_38__baseline,60.0,0.4028526547767836,3.0,False,sensor_combined
normal:inav_local_z_freeze__2019-01-18__08_39_38__baseline,60.8,0.4231950883751081,3.0,False,sensor_combined
normal:inav_local_z_freeze__2019-01-18__08_39_38__baseline,61.6,0.43314738834228633,3.0,False,sensor_combined
normal:inav_local_z_freeze__2019-01-18__08_39_38__baseline,62.4,0.45615782968649476,3.0,False,sensor_combined
normal:inav_local_z_freeze__2019-01-18__08_39_38__baseline,63.2,0.45324276479897,3.0,False,sensor_combined
normal:inav_local_z_freeze__2019-01-18__08_39_38__baseline,64.0,0.4035141358959901,3.0,False,sensor_combined
normal:inav_local_z_freeze__2019-01-18__08_39_38__baseline,64.8,0.6455671915055963,3.0,False,actuator_controls_0
normal:inav_local_z_freeze__2019-01-18__08_39_38__baseline,65.6,7.810120582580566,3.0,False,vehicle_land_detected
normal:inav_local_z_freeze__2019-01-18__08_39_38__baseline,66.4,0.7547283172607422,3.0,False,vehicle_land_detected
normal:inav_local_z_freeze__2019-01-18__08_39_38__baseline,67.2,0.7547283172607422,3.0,False,vehicle_land_detected
normal:inav_local_z_freeze__2019-01-18__08_39_38__baseline,68.0,2.9740142822265625,3.0,False,vehicle_status
normal:inav_local_z_freeze__2019-01-18__08_39_38__baseline,68.8,0.6669139862060547,3.0,False,vehicle_land_detected
normal:land_detector_state_inversion__2019-01-18__08_39_38__baseline,9.6,0.6423958949744701,3.0,False,vehicle_attitude
normal:land_detector_state_inversion__2019-01-18__08_39_38__baseline,10.4,0.49455584958195686,3.0,False,vehicle_attitude
normal:land_detector_state_inversion__2019-01-18__08_39_38__baseline,11.2,0.876973374672763,3.0,False,distance_sensor
normal:land_detector_state_inversion__2019-01-18__08_39_38__baseline,12.0,0.3353042653859382,3.0,False,sensor_combined
normal:land_detector_state_inversion__2019-01-18__08_39_38__baseline,12.8,0.34954701764798296,3.0,False,sensor_combined
normal:land_detector_state_inversion__2019-01-18__08_39_38__baseline,13.6,0.39642393589019775,3.0,False,actuator_controls_0
normal:land_detector_state_inversion__2019-01-18__08_39_38__baseline,14.4,0.5049700384881572,3.0,False,sensor_combined
normal:land_detector_state_inversion__2019-01-18__08_39_38__baseline,15.2,0.5933049696581669,3.0,False,sensor_combined
normal:land_detector_state_inversion__2019-01-18__08_39_38__baseline,16.0,0.3821145976387703,3.0,False,sensor_combined
normal:land_detector_state_inversion__2019-01-18__08_39_38__baseline,16.8,0.4796968773007393,3.0,False,sensor_combined
normal:land_detector_state_inversion__2019-01-18__08_39_38__baseline,17.6,0.38379854612000985,3.0,False,sensor_combined
normal:land_detector_state_inversion__2019-01-18__08_39_38__baseline,18.4,0.4033905866858564,3.0,False,sensor_combined
normal:land_detector_state_inversion__2019-01-18__08_39_38__baseline,19.2,0.43906649528443586,3.0,False,sensor_combined
normal:land_detector_state_inversion__2019-01-18__08_39_38__baseline,20.0,0.3744694358603484,3.0,False,sensor_combined
normal:land_detector_state_inversion__2019-01-18__08_39_38__baseline,20.8,0.31124644748578173,3.0,False,sensor_combined
normal:land_detector_state_inversion__2019-01-18__08_39_38__baseline,21.6,0.3182647667325647,3.0,False,sensor_combined
normal:land_detector_state_inversion__2019-01-18__08_39_38__baseline,22.4,0.35303197587013346,3.0,False,sensor_combined
normal:land_detector_state_inversion__2019-01-18__08_39_38__baseline,23.2,0.39982859163404866,3.0,False,sensor_combined
normal:land_detector_state_inversion__2019-01-18__08_39_38__baseline,24.0,0.4211652986728502,3.0,False,sensor_combined
normal:land_detector_state_inversion__2019-01-18__08_39_38__baseline,24.8,0.5028998800815714,3.0,False,sensor_combined
normal:land_detector_state_inversion__2019-01-18__08_39_38__baseline,25.6,0.39033072619027787,3.0,False,sensor_combined
normal:land_detector_state_inversion__2019-01-18__08_39_38__baseline,26.4,0.36566288746632425,3.0,False,sensor_combined
normal:land_detector_state_inversion__2019-01-18__08_39_38__baseline,27.2,0.28737011567344867,3.0,False,sensor_combined
normal:land_detector_state_inversion__2019-01-18__08_39_38__baseline,28.0,0.3298691611017729,3.0,False,sensor_combined
normal:land_detector_state_inversion__2019-01-18__08_39_38__baseline,28.8,0.31516209517572136,3.0,False,sensor_combined
normal:land_detector_state_inversion__2019-01-18__08_39_38__baseline,29.6,0.3797721862792969,3.0,False,vehicle_land_detected
normal:land_detector_state_inversion__2019-01-18__08_39_38__baseline,30.4,0.2673136798263113,3.0,False,sensor_combined
normal:land_detector_state_inversion__2019-01-18__08_39_38__baseline,31.2,0.29162729204566246,3.0,False,sensor_combined
normal:land_detector_state_inversion__2019-01-18__08_39_38__baseline,32.0,0.2788813161144849,3.0,False,sensor_combined
normal:land_detector_state_inversion__2019-01-18__08_39_38__baseline,32.8,0.3773417802557915,3.0,False,sensor_combined
normal:land_detector_state_inversion__2019-01-18__08_39_38__baseline,33.6,0.43756866010715606,3.0,False,sensor_combined
normal:land_detector_state_inversion__2019-01-18__08_39_38__baseline,34.4,0.42323960904104346,3.0,False,sensor_combined
normal:land_detector_state_inversion__2019-01-18__08_39_38__baseline,35.2,0.4563565146382303,3.0,False,sensor_combined
normal:land_detector_state_inversion__2019-01-18__08_39_38__baseline,36.0,0.4552152297581624,3.0,False,sensor_combined
normal:land_detector_state_inversion__2019-01-18__08_39_38__baseline,36.8,0.38699474751851026,3.0,False,sensor_combined
normal:land_detector_state_inversion__2019-01-18__08_39_38__baseline,37.6,0.36911033797848225,3.0,False,sensor_combined
normal:land_detector_state_inversion__2019-01-18__08_39_38__baseline,38.4,0.3000289315431123,3.0,False,sensor_combined
normal:land_detector_state_inversion__2019-01-18__08_39_38__baseline,39.2,0.5401215143501759,3.0,False,vehicle_land_detected
normal:land_detector_state_inversion__2019-01-18__08_39_38__baseline,40.0,0.2595294608538657,3.0,False,sensor_combined
normal:land_detector_state_inversion__2019-01-18__08_39_38__baseline,40.8,0.2600747384211387,3.0,False,sensor_combined
normal:land_detector_state_inversion__2019-01-18__08_39_38__baseline,41.6,0.2889218903146684,3.0,False,vehicle_attitude
normal:land_detector_state_inversion__2019-01-18__08_39_38__baseline,42.4,0.271453894674778,3.0,False,sensor_combined
normal:land_detector_state_inversion__2019-01-18__08_39_38__baseline,43.2,0.33312624319166645,3.0,False,vehicle_attitude
normal:land_detector_state_inversion__2019-01-18__08_39_38__baseline,44.0,0.3675379647122519,3.0,False,sensor_combined
normal:land_detector_state_inversion__2019-01-18__08_39_38__baseline,44.8,0.3007258929266749,3.0,False,sensor_combined
normal:land_detector_state_inversion__2019-01-18__08_39_38__baseline,45.6,0.35885199262721723,3.0,False,sensor_combined
normal:land_detector_state_inversion__2019-01-18__08_39_38__baseline,46.4,0.40432538249144395,3.0,False,sensor_combined
normal:land_detector_state_inversion__2019-01-18__08_39_38__baseline,47.2,0.37387883005456857,3.0,False,sensor_combined
normal:land_detector_state_inversion__2019-01-18__08_39_38__baseline,48.0,0.4288453624215576,3.0,False,sensor_combined
normal:land_detector_state_inversion__2019-01-18__08_39_38__baseline,48.8,0.3746317885816097,3.0,False,sensor_combined
normal:land_detector_state_inversion__2019-01-18__08_39_38__baseline,49.6,0.4016540053730234,3.0,False,sensor_combined
normal:land_detector_state_inversion__2019-01-18__08_39_38__baseline,50.4,0.32909660293055554,3.0,False,sensor_combined
normal:land_detector_state_inversion__2019-01-18__08_39_38__baseline,51.2,0.3344080367782844,3.0,False,sensor_combined
normal:land_detector_state_inversion__2019-01-18__08_39_38__baseline,52.0,0.32878009775638045,3.0,False,actuator_controls_0
normal:land_detector_state_inversion__2019-01-18__08_39_38__baseline,52.8,0.32056684902865856,3.0,False,vehicle_attitude
normal:land_detector_state_inversion__2019-01-18__08_39_38__baseline,53.6,0.26164208209130846,3.0,False,vehicle_attitude
normal:land_detector_state_inversion__2019-01-18__08_39_38__baseline,54.4,0.3485711204583749,3.0,False,vehicle_attitude
normal:land_detector_state_inversion__2019-01-18__08_39_38__baseline,55.2,0.3483679797500372,3.0,False,vehicle_attitude
normal:land_detector_state_inversion__2019-01-18__08_39_38__baseline,56.0,0.4910269373815928,3.0,False,actuator_outputs
normal:land_detector_state_inversion__2019-01-18__08_39_38__baseline,56.8,0.37189432574445874,3.0,False,sensor_combined
normal:land_detector_state_inversion__2019-01-18__08_39_38__baseline,57.6,0.47412630179975396,3.0,False,sensor_combined
normal:land_detector_state_inversion__2019-01-18__08_39_38__baseline,58.4,0.48102160220909773,3.0,False,sensor_combined
normal:land_detector_state_inversion__2019-01-18__08_39_38__baseline,59.2,0.4125680801298404,3.0,False,sensor_combined
normal:land_detector_state_inversion__2019-01-18__08_39_38__baseline,60.0,0.38170548908557683,3.0,False,sensor_combined
normal:land_detector_state_inversion__2019-01-18__08_39_38__baseline,60.8,0.38811087715615405,3.0,False,sensor_combined
normal:land_detector_state_inversion__2019-01-18__08_39_38__baseline,61.6,0.33646926659209814,3.0,False,sensor_combined
normal:land_detector_state_inversion__2019-01-18__08_39_38__baseline,62.4,0.31367520633079615,3.0,False,sensor_combined
normal:land_detector_state_inversion__2019-01-18__08_39_38__baseline,63.2,0.3248537300206648,3.0,False,sensor_combined
normal:land_detector_state_inversion__2019-01-18__08_39_38__baseline,64.0,0.25696461582376934,3.0,False,sensor_combined
normal:land_detector_state_inversion__2019-01-18__08_39_38__baseline,64.8,0.536691440978225,3.0,False,actuator_controls_0
normal:land_detector_state_inversion__2019-01-18__08_39_38__baseline,65.6,0.4976541324111928,3.0,False,actuator_controls_0
normal:land_detector_state_inversion__2019-01-18__08_39_38__baseline,66.4,0.4456020427108321,3.0,False,actuator_controls_0
normal:land_detector_state_inversion__2019-01-18__08_39_38__baseline,67.2,0.5419963522248746,3.0,False,sensor_combined
normal:land_detector_state_inversion__2019-01-18__08_39_38__baseline,68.0,8.980903625488281,3.0,False,vehicle_status
normal:land_detector_state_inversion__2019-01-18__08_39_38__baseline,68.8,0.5489818111691341,3.0,False,actuator_controls_0
fault:commander_nav_state_override__2019-01-18__08_39_38__fault,9.6,0.33077090347459703,3.0,False,sensor_combined
fault:commander_nav_state_override__2019-01-18__08_39_38__fault,10.4,0.3579885337446185,3.0,False,sensor_combined
fault:commander_nav_state_override__2019-01-18__08_39_38__fault,11.2,0.44928864335027036,3.0,False,sensor_combined
fault:commander_nav_state_override__2019-01-18__08_39_38__fault,12.0,0.2711398806422949,3.0,False,sensor_combined
fault:commander_nav_state_override__2019-01-18__08_39_38__fault,12.8,0.34759766895991445,3.0,False,sensor_combined
fault:commander_nav_state_override__2019-01-18__08_39_38__fault,13.6,0.2337455702457659,3.0,False,sensor_combined
fault:commander_nav_state_override__2019-01-18__08_39_38__fault,14.4,0.25228921643243146,3.0,False,sensor_combined
fault:commander_nav_state_override__2019-01-18__08_39_38__fault,15.2,0.3791029707076403,3.0,False,sensor_combined
fault:commander_nav_state_override__2019-01-18__08_39_38__fault,16.0,0.26534799383527663,3.0,False,sensor_combined
fault:commander_nav_state_override__2019-01-18__08_39_38__fault,16.8,0.37840556283678195,3.0,False,sensor_combined
fault:commander_nav_state_override__2019-01-18__08_39_38__fault,17.6,0.34084225424488157,3.0,False,sensor_combined
fault:commander_nav_state_override__2019-01-18__08_39_38__fault,18.4,0.38466361910720254,3.0,False,sensor_combined
fault:commander_nav_state_override__2019-01-18__08_39_38__fault,19.2,0.4174643656951262,3.0,False,sensor_combined
fault:commander_nav_state_override__2019-01-18__08_39_38__fault,20.0,0.3602932199309823,3.0,False,sensor_combined
fault:commander_nav_state_override__2019-01-18__08_39_38__fault,20.8,0.3336420430221378,3.0,False,sensor_combined
fault:commander_nav_state_override__2019-01-18__08_39_38__fault,21.6,0.3673532288574469,3.0,False,sensor_combined
fault:commander_nav_state_override__2019-01-18__08_39_38__fault,22.4,0.31177829640153887,3.0,False,sensor_combined
fault:commander_nav_state_override__2019-01-18__08_39_38__fault,23.2,0.3383534639890732,3.0,False,sensor_combined
fault:commander_nav_state_override__2019-01-18__08_39_38__fault,24.0,0.2701173082101163,3.0,False,sensor_combined
fault:commander_nav_state_override__2019-01-18__08_39_38__fault,24.8,0.32728982175458776,3.0,False,sensor_combined
fault:commander_nav_state_override__2019-01-18__08_39_38__fault,25.6,0.33444839600328047,3.0,False,sensor_combined
fault:commander_nav_state_override__2019-01-18__08_39_38__fault,26.4,0.3036917505866896,3.0,False,sensor_combined
fault:commander_nav_state_override__2019-01-18__08_39_38__fault,27.2,0.3189851080683744,3.0,False,sensor_combined
fault:commander_nav_state_override__2019-01-18__08_39_38__fault,28.0,0.3510677076021785,3.0,False,sensor_combined
fault:commander_nav_state_override__2019-01-18__08_39_38__fault,28.8,0.38831782368643447,3.0,False,sensor_combined
fault:commander_nav_state_override__2019-01-18__08_39_38__fault,29.6,0.304563867447659,3.0,False,sensor_combined
fault:commander_nav_state_override__2019-01-18__08_39_38__fault,30.4,2.417917251586914,3.0,False,vehicle_status
fault:commander_nav_state_override__2019-01-18__08_39_38__fault,31.2,7.792620658874512,3.0,False,vehicle_status
fault:commander_nav_state_override__2019-01-18__08_39_38__fault,32.0,13.2472825050354,3.0,False,vehicle_status
fault:commander_nav_state_override__2019-01-18__08_39_38__fault,32.8,19.949168863749946,3.0,True,vehicle_status
fault:commander_nav_state_override__2019-01-18__08_39_38__fault,33.6,24.156605005264282,3.0,True,vehicle_status
fault:commander_nav_state_override__2019-01-18__08_39_38__fault,34.4,29.61126685142517,3.0,True,vehicle_status
fault:commander_nav_state_override__2019-01-18__08_39_38__fault,35.2,35.065927505493164,3.0,True,vehicle_status
fault:commander_nav_state_override__2019-01-18__08_39_38__fault,36.0,40.520596504211426,3.0,True,vehicle_status
fault:commander_nav_state_override__2019-01-18__08_39_38__fault,36.8,45.975271463394165,3.0,True,vehicle_status
fault:commander_nav_state_override__2019-01-18__08_39_38__fault,37.6,56.72753930091858,3.0,True,vehicle_status
fault:commander_nav_state_override__2019-01-18__08_39_38__fault,38.4,65.4560375213623,3.0,True,vehicle_status
fault:commander_nav_state_override__2019-01-18__08_39_38__fault,39.2,62.339268922805786,3.0,True,vehicle_status
fault:commander_nav_state_override__2019-01-18__08_39_38__fault,40.0,65.37600755691528,3.0,True,vehicle_status
fault:commander_nav_state_override__2019-01-18__08_39_38__fault,40.8,65.4560375213623,3.0,True,vehicle_status
fault:commander_nav_state_override__2019-01-18__08_39_38__fault,41.6,65.4560375213623,3.0,True,vehicle_status
fault:commander_nav_state_override__2019-01-18__08_39_38__fault,42.4,65.4560375213623,3.0,True,vehicle_status
fault:commander_nav_state_override__2019-01-18__08_39_38__fault,43.2,65.4560375213623,3.0,True,vehicle_status
fault:commander_nav_state_override__2019-01-18__08_39_38__fault,44.0,65.4560375213623,3.0,True,vehicle_status
fault:commander_nav_state_override__2019-01-18__08_39_38__fault,44.8,65.4560375213623,3.0,True,vehicle_status
fault:commander_nav_state_override__2019-01-18__08_39_38__fault,45.6,65.4560375213623,3.0,True,vehicle_status
fault:commander_nav_state_override__2019-01-18__08_39_38__fault,46.4,65.4560375213623,3.0,True,vehicle_status
fault:commander_nav_state_override__2019-01-18__08_39_38__fault,47.2,65.4560375213623,3.0,True,vehicle_status
fault:commander_nav_state_override__2019-01-18__08_39_38__fault,48.0,65.4560375213623,3.0,True,vehicle_status
fault:commander_nav_state_override__2019-01-18__08_39_38__fault,48.8,65.4560375213623,3.0,True,vehicle_status
fault:commander_nav_state_override__2019-01-18__08_39_38__fault,49.6,65.4560375213623,3.0,True,vehicle_status
fault:commander_nav_state_override__2019-01-18__08_39_38__fault,50.4,65.4560375213623,3.0,True,vehicle_status
fault:commander_nav_state_override__2019-01-18__08_39_38__fault,51.2,65.4560375213623,3.0,True,vehicle_status
fault:commander_nav_state_override__2019-01-18__08_39_38__fault,52.0,65.4560375213623,3.0,True,vehicle_status
fault:commander_nav_state_override__2019-01-18__08_39_38__fault,52.8,65.4560375213623,3.0,True,vehicle_status
fault:commander_nav_state_override__2019-01-18__08_39_38__fault,53.6,65.4560375213623,3.0,True,vehicle_status
fault:commander_nav_state_override__2019-01-18__08_39_38__fault,54.4,65.4560375213623,3.0,True,vehicle_status
fault:commander_nav_state_override__2019-01-18__08_39_38__fault,55.2,65.4560375213623,3.0,True,vehicle_status
fault:commander_nav_state_override__2019-01-18__08_39_38__fault,56.0,65.4560375213623,3.0,True,vehicle_status
fault:commander_nav_state_override__2019-01-18__08_39_38__fault,56.8,65.4560375213623,3.0,True,vehicle_status
fault:commander_nav_state_override__2019-01-18__08_39_38__fault,57.6,65.4560375213623,3.0,True,vehicle_status
fault:commander_nav_state_override__2019-01-18__08_39_38__fault,58.4,47.66953706741333,3.0,True,vehicle_status
fault:commander_nav_state_override__2019-01-18__08_39_38__fault,59.2,42.21487641334534,3.0,True,vehicle_status
fault:commander_nav_state_override__2019-01-18__08_39_38__fault,60.0,40.79274654388428,3.0,True,vehicle_status
fault:commander_nav_state_override__2019-01-18__08_39_38__fault,60.8,32.4902606010437,3.0,True,vehicle_status
fault:commander_nav_state_override__2019-01-18__08_39_38__fault,61.6,31.785900592803955,3.0,True,vehicle_status
fault:commander_nav_state_override__2019-01-18__08_39_38__fault,62.4,30.092663764953613,3.0,True,vehicle_status
fault:commander_nav_state_override__2019-01-18__08_39_38__fault,63.2,19.722545327367698,3.0,True,vehicle_status
fault:commander_nav_state_override__2019-01-18__08_39_38__fault,64.0,19.604180039586936,3.0,True,vehicle_status
fault:commander_nav_state_override__2019-01-18__08_39_38__fault,64.8,4.517813324928284,3.0,True,vehicle_status
fault:commander_nav_state_override__2019-01-18__08_39_38__fault,65.6,2.9785966873168945,3.0,False,vehicle_land_detected
fault:commander_nav_state_override__2019-01-18__08_39_38__fault,66.4,0.46155169381784467,3.0,False,sensor_combined
fault:commander_nav_state_override__2019-01-18__08_39_38__fault,67.2,0.4088256852102406,3.0,False,sensor_combined
fault:ekf2_innovation_bias__2019-01-18__08_39_38__fault,9.6,0.5076693919452369,3.0,False,vehicle_attitude
fault:ekf2_innovation_bias__2019-01-18__08_39_38__fault,10.4,0.5076693919452369,3.0,False,vehicle_attitude
fault:ekf2_innovation_bias__2019-01-18__08_39_38__fault,11.2,0.3463346464559436,3.0,False,sensor_combined
fault:ekf2_innovation_bias__2019-01-18__08_39_38__fault,12.0,0.2605264212665776,3.0,False,vehicle_attitude
fault:ekf2_innovation_bias__2019-01-18__08_39_38__fault,12.8,0.25072601609650985,3.0,False,vehicle_attitude
fault:ekf2_innovation_bias__2019-01-18__08_39_38__fault,13.6,0.27936565629518445,3.0,False,vehicle_attitude
fault:ekf2_innovation_bias__2019-01-18__08_39_38__fault,14.4,0.295320887942952,3.0,False,vehicle_attitude
fault:ekf2_innovation_bias__2019-01-18__08_39_38__fault,15.2,0.32311580968840414,3.0,False,sensor_combined
fault:ekf2_innovation_bias__2019-01-18__08_39_38__fault,16.0,0.30445416615294274,3.0,False,vehicle_attitude
fault:ekf2_innovation_bias__2019-01-18__08_39_38__fault,16.8,0.47276563099347907,3.0,False,vehicle_attitude
fault:ekf2_innovation_bias__2019-01-18__08_39_38__fault,17.6,0.28497102797291674,3.0,False,vehicle_attitude
fault:ekf2_innovation_bias__2019-01-18__08_39_38__fault,18.4,0.39322393918031934,3.0,False,vehicle_attitude
fault:ekf2_innovation_bias__2019-01-18__08_39_38__fault,19.2,0.473167521488055,3.0,False,vehicle_attitude
fault:ekf2_innovation_bias__2019-01-18__08_39_38__fault,20.0,0.4298707045522429,3.0,False,vehicle_attitude
fault:ekf2_innovation_bias__2019-01-18__08_39_38__fault,20.8,0.34004862256739693,3.0,False,vehicle_attitude
fault:ekf2_innovation_bias__2019-01-18__08_39_38__fault,21.6,0.3371313153990537,3.0,False,vehicle_attitude
fault:ekf2_innovation_bias__2019-01-18__08_39_38__fault,22.4,0.4288488996409809,3.0,False,vehicle_attitude
fault:ekf2_innovation_bias__2019-01-18__08_39_38__fault,23.2,0.2816003013964114,3.0,False,vehicle_attitude
fault:ekf2_innovation_bias__2019-01-18__08_39_38__fault,24.0,0.4618220031261444,3.0,False,vehicle_attitude
fault:ekf2_innovation_bias__2019-01-18__08_39_38__fault,24.8,0.47826957753281685,3.0,False,vehicle_attitude
fault:ekf2_innovation_bias__2019-01-18__08_39_38__fault,25.6,0.46499361454731636,3.0,False,vehicle_attitude
fault:ekf2_innovation_bias__2019-01-18__08_39_38__fault,26.4,0.435604145036492,3.0,False,vehicle_attitude
fault:ekf2_innovation_bias__2019-01-18__08_39_38__fault,27.2,0.5094589699508847,3.0,False,vehicle_attitude
fault:ekf2_innovation_bias__2019-01-18__08_39_38__fault,28.0,0.4694444283352547,3.0,False,vehicle_attitude
fault:ekf2_innovation_bias__2019-01-18__08_39_38__fault,28.8,0.4565455757284035,3.0,False,vehicle_attitude
fault:ekf2_innovation_bias__2019-01-18__08_39_38__fault,29.6,0.4176023203401436,3.0,False,vehicle_attitude
fault:ekf2_innovation_bias__2019-01-18__08_39_38__fault,30.4,0.3903347038414839,3.0,False,vehicle_attitude
fault:ekf2_innovation_bias__2019-01-18__08_39_38__fault,31.2,0.7864620700161652,3.0,False,vehicle_attitude
fault:ekf2_innovation_bias__2019-01-18__08_39_38__fault,32.0,0.7477922202461903,3.0,False,vehicle_attitude
fault:ekf2_innovation_bias__2019-01-18__08_39_38__fault,32.8,0.443160551095802,3.0,False,vehicle_attitude
fault:ekf2_innovation_bias__2019-01-18__08_39_38__fault,33.6,0.4309925436973572,3.0,False,vehicle_attitude
fault:ekf2_innovation_bias__2019-01-18__08_39_38__fault,34.4,0.3212317765398064,3.0,False,vehicle_attitude
fault:ekf2_innovation_bias__2019-01-18__08_39_38__fault,35.2,0.38381095209815064,3.0,False,vehicle_attitude
fault:ekf2_innovation_bias__2019-01-18__08_39_38__fault,36.0,0.3974160446717211,3.0,False,vehicle_attitude
fault:ekf2_innovation_bias__2019-01-18__08_39_38__fault,36.8,0.6198386315410056,3.0,False,vehicle_attitude
fault:ekf2_innovation_bias__2019-01-18__08_39_38__fault,37.6,0.5462751470803655,3.0,False,vehicle_attitude
fault:ekf2_innovation_bias__2019-01-18__08_39_38__fault,38.4,0.5079586186213304,3.0,False,vehicle_attitude
fault:ekf2_innovation_bias__2019-01-18__08_39_38__fault,39.2,0.4999091284291861,3.0,False,vehicle_attitude
fault:ekf2_innovation_bias__2019-01-18__08_39_38__fault,40.0,0.3766176403174525,3.0,False,vehicle_attitude
fault:ekf2_innovation_bias__2019-01-18__08_39_38__fault,40.8,0.4999091284291861,3.0,False,vehicle_attitude
fault:ekf2_innovation_bias__2019-01-18__08_39_38__fault,41.6,0.24261414951969956,3.0,False,vehicle_attitude
fault:ekf2_innovation_bias__2019-01-18__08_39_38__fault,42.4,0.4680297421670353,3.0,False,vehicle_attitude
fault:ekf2_innovation_bias__2019-01-18__08_39_38__fault,43.2,0.5133465835691321,3.0,False,vehicle_attitude
fault:ekf2_innovation_bias__2019-01-18__08_39_38__fault,44.0,0.6608013078450516,3.0,False,vehicle_attitude
fault:ekf2_innovation_bias__2019-01-18__08_39_38__fault,44.8,0.7972955964573545,3.0,False,vehicle_attitude
fault:ekf2_innovation_bias__2019-01-18__08_39_38__fault,45.6,0.7533750375835617,3.0,False,vehicle_attitude
fault:ekf2_innovation_bias__2019-01-18__08_39_38__fault,46.4,0.6800641465038759,3.0,False,vehicle_attitude
fault:ekf2_innovation_bias__2019-01-18__08_39_38__fault,47.2,1.7405273225588218,3.0,False,vehicle_attitude
fault:ekf2_innovation_bias__2019-01-18__08_39_38__fault,48.0,1.6285387755150766,3.0,False,vehicle_attitude
fault:ekf2_innovation_bias__2019-01-18__08_39_38__fault,48.8,1.6142509960862435,3.0,False,vehicle_attitude
fault:ekf2_innovation_bias__2019-01-18__08_39_38__fault,49.6,1.6097128504223595,3.0,False,vehicle_attitude
fault:ekf2_innovation_bias__2019-01-18__08_39_38__fault,50.4,1.389923795887104,3.0,False,vehicle_attitude
fault:ekf2_innovation_bias__2019-01-18__08_39_38__fault,51.2,0.9613858307786718,3.0,False,vehicle_attitude
fault:ekf2_innovation_bias__2019-01-18__08_39_38__fault,52.0,1.039062371408025,3.0,False,vehicle_attitude
fault:ekf2_innovation_bias__2019-01-18__08_39_38__fault,52.8,0.9819016082847207,3.0,False,vehicle_attitude
fault:ekf2_innovation_bias__2019-01-18__08_39_38__fault,53.6,0.8068402739092067,3.0,False,vehicle_attitude
fault:ekf2_innovation_bias__2019-01-18__08_39_38__fault,54.4,0.7980786914710472,3.0,False,vehicle_attitude
fault:ekf2_innovation_bias__2019-01-18__08_39_38__fault,55.2,0.3637020671104359,3.0,False,vehicle_attitude
fault:ekf2_innovation_bias__2019-01-18__08_39_38__fault,56.0,0.27480677068645654,3.0,False,vehicle_attitude
fault:ekf2_innovation_bias__2019-01-18__08_39_38__fault,56.8,0.28732917315468415,3.0,False,vehicle_attitude
fault:ekf2_innovation_bias__2019-01-18__08_39_38__fault,57.6,0.5606206897448397,3.0,False,vehicle_attitude
fault:ekf2_innovation_bias__2019-01-18__08_39_38__fault,58.4,0.2999610015335735,3.0,False,vehicle_attitude
fault:ekf2_innovation_bias__2019-01-18__08_39_38__fault,59.2,1.0137329482164732,3.0,False,vehicle_attitude
fault:ekf2_innovation_bias__2019-01-18__08_39_38__fault,60.0,0.4063727045612803,3.0,False,vehicle_attitude
fault:ekf2_innovation_bias__2019-01-18__08_39_38__fault,60.8,0.44188551510682983,3.0,False,vehicle_attitude
fault:ekf2_innovation_bias__2019-01-18__08_39_38__fault,61.6,0.42627753016875375,3.0,False,vehicle_attitude
fault:ekf2_innovation_bias__2019-01-18__08_39_38__fault,62.4,0.42160731697376824,3.0,False,vehicle_attitude
fault:ekf2_innovation_bias__2019-01-18__08_39_38__fault,63.2,0.4715354027846504,3.0,False,vehicle_attitude
fault:ekf2_innovation_bias__2019-01-18__08_39_38__fault,64.0,1.669538260958692,3.0,False,vehicle_attitude
fault:ekf2_innovation_bias__2019-01-18__08_39_38__fault,64.8,1.1033436073336704,3.0,False,vehicle_attitude
fault:ekf2_innovation_bias__2019-01-18__08_39_38__fault,65.6,1.6313552856445312,3.0,False,vehicle_land_detected
fault:ekf2_innovation_bias__2019-01-18__08_39_38__fault,66.4,0.5942103455655778,3.0,False,actuator_controls_0
fault:ekf2_innovation_bias__2019-01-18__08_39_38__fault,67.2,1.1165740183625505,3.0,False,vehicle_attitude
fault:inav_local_z_freeze__2019-01-18__08_39_38__fault,9.6,0.34459627540578136,3.0,False,sensor_combined
fault:inav_local_z_freeze__2019-01-18__08_39_38__fault,10.4,0.29318909000153787,3.0,False,sensor_combined
fault:inav_local_z_freeze__2019-01-18__08_39_38__fault,11.2,0.3449127589867459,3.0,False,sensor_combined
fault:inav_local_z_freeze__2019-01-18__08_39_38__fault,12.0,0.2138926878305377,3.0,False,sensor_combined
fault:inav_local_z_freeze__2019-01-18__08_39_38__fault,12.8,0.2633139531826682,3.0,False,sensor_combined
fault:inav_local_z_freeze__2019-01-18__08_39_38__fault,13.6,0.2473007755357787,3.0,False,sensor_combined
fault:inav_local_z_freeze__2019-01-18__08_39_38__fault,14.4,0.27001734313448633,3.0,False,sensor_combined
fault:inav_local_z_freeze__2019-01-18__08_39_38__fault,15.2,0.2525416068756384,3.0,False,sensor_combined
fault:inav_local_z_freeze__2019-01-18__08_39_38__fault,16.0,0.19129212801506074,3.0,False,sensor_combined
fault:inav_local_z_freeze__2019-01-18__08_39_38__fault,16.8,0.23891988230763445,3.0,False,sensor_combined
fault:inav_local_z_freeze__2019-01-18__08_39_38__fault,17.6,0.18848547225379836,3.0,False,sensor_combined
fault:inav_local_z_freeze__2019-01-18__08_39_38__fault,18.4,0.1737177755668963,3.0,False,sensor_combined
fault:inav_local_z_freeze__2019-01-18__08_39_38__fault,19.2,0.2035045391211129,3.0,False,sensor_combined
fault:inav_local_z_freeze__2019-01-18__08_39_38__fault,20.0,0.19513346610203758,3.0,False,sensor_combined
fault:inav_local_z_freeze__2019-01-18__08_39_38__fault,20.8,0.21881031843748996,3.0,False,sensor_combined
fault:inav_local_z_freeze__2019-01-18__08_39_38__fault,21.6,0.23838736221624054,3.0,False,sensor_combined
fault:inav_local_z_freeze__2019-01-18__08_39_38__fault,22.4,0.24088396769038956,3.0,False,sensor_combined
fault:inav_local_z_freeze__2019-01-18__08_39_38__fault,23.2,0.2736528896242401,3.0,False,sensor_combined
fault:inav_local_z_freeze__2019-01-18__08_39_38__fault,24.0,0.26403983050675794,3.0,False,sensor_combined
fault:inav_local_z_freeze__2019-01-18__08_39_38__fault,24.8,0.3351496638469421,3.0,False,sensor_combined
fault:inav_local_z_freeze__2019-01-18__08_39_38__fault,25.6,0.24847150020248573,3.0,False,sensor_combined
fault:inav_local_z_freeze__2019-01-18__08_39_38__fault,26.4,0.22121550441760196,3.0,False,sensor_combined
fault:inav_local_z_freeze__2019-01-18__08_39_38__fault,27.2,0.1947721117959036,3.0,False,sensor_combined
fault:inav_local_z_freeze__2019-01-18__08_39_38__fault,28.0,0.21387170090181437,3.0,False,sensor_combined
fault:inav_local_z_freeze__2019-01-18__08_39_38__fault,28.8,0.23876281964781848,3.0,False,sensor_combined
fault:inav_local_z_freeze__2019-01-18__08_39_38__fault,29.6,0.1858623858226632,3.0,False,sensor_combined
fault:inav_local_z_freeze__2019-01-18__08_39_38__fault,30.4,0.23586822108487546,3.0,False,sensor_combined
fault:inav_local_z_freeze__2019-01-18__08_39_38__fault,31.2,0.22792857404236214,3.0,False,sensor_combined
fault:inav_local_z_freeze__2019-01-18__08_39_38__fault,32.0,0.28350827058807926,3.0,False,sensor_combined
fault:inav_local_z_freeze__2019-01-18__08_39_38__fault,32.8,0.24377581277411212,3.0,False,sensor_combined
fault:inav_local_z_freeze__2019-01-18__08_39_38__fault,33.6,0.2867640338421524,3.0,False,sensor_combined
fault:inav_local_z_freeze__2019-01-18__08_39_38__fault,34.4,0.2153262202607277,3.0,False,sensor_combined
fault:inav_local_z_freeze__2019-01-18__08_39_38__fault,35.2,0.2847652534726425,3.0,False,sensor_combined
fault:inav_local_z_freeze__2019-01-18__08_39_38__fault,36.0,0.26888842887420367,3.0,False,sensor_combined
fault:inav_local_z_freeze__2019-01-18__08_39_38__fault,36.8,0.22388184793597665,3.0,False,sensor_combined
fault:inav_local_z_freeze__2019-01-18__08_39_38__fault,37.6,0.24118084013652252,3.0,False,sensor_combined
fault:inav_local_z_freeze__2019-01-18__08_39_38__fault,38.4,0.20566822331086657,3.0,False,sensor_combined
fault:inav_local_z_freeze__2019-01-18__08_39_38__fault,39.2,0.16545405029458263,3.0,False,sensor_combined
fault:inav_local_z_freeze__2019-01-18__08_39_38__fault,40.0,0.1612417709429717,3.0,False,sensor_combined
fault:inav_local_z_freeze__2019-01-18__08_39_38__fault,40.8,0.20750139827524183,3.0,False,sensor_combined
fault:inav_local_z_freeze__2019-01-18__08_39_38__fault,41.6,0.20963658528135576,3.0,False,sensor_combined
fault:inav_local_z_freeze__2019-01-18__08_39_38__fault,42.4,0.22436639635646863,3.0,False,sensor_combined
fault:inav_local_z_freeze__2019-01-18__08_39_38__fault,43.2,0.2558749419748806,3.0,False,sensor_combined
fault:inav_local_z_freeze__2019-01-18__08_39_38__fault,44.0,0.27242586570746596,3.0,False,sensor_combined
fault:inav_local_z_freeze__2019-01-18__08_39_38__fault,44.8,0.26928324787000757,3.0,False,sensor_combined
fault:inav_local_z_freeze__2019-01-18__08_39_38__fault,45.6,0.2315520240641295,3.0,False,sensor_combined
fault:inav_local_z_freeze__2019-01-18__08_39_38__fault,46.4,0.279326893883374,3.0,False,sensor_combined
fault:inav_local_z_freeze__2019-01-18__08_39_38__fault,47.2,0.26039889868259164,3.0,False,sensor_combined
fault:inav_local_z_freeze__2019-01-18__08_39_38__fault,48.0,0.296276985415144,3.0,False,sensor_combined
fault:inav_local_z_freeze__2019-01-18__08_39_38__fault,48.8,0.2423320768587815,3.0,False,sensor_combined
fault:inav_local_z_freeze__2019-01-18__08_39_38__fault,49.6,0.29923880058999264,3.0,False,sensor_combined
fault:inav_local_z_freeze__2019-01-18__08_39_38__fault,50.4,0.2487281269907962,3.0,False,sensor_combined
fault:inav_local_z_freeze__2019-01-18__08_39_38__fault,51.2,0.24579909975363062,3.0,False,sensor_combined
fault:inav_local_z_freeze__2019-01-18__08_39_38__fault,52.0,0.26840878065859924,3.0,False,sensor_combined
fault:inav_local_z_freeze__2019-01-18__08_39_38__fault,52.8,0.24449563925258927,3.0,False,sensor_combined
fault:inav_local_z_freeze__2019-01-18__08_39_38__fault,53.6,0.2813666476148807,3.0,False,sensor_combined
fault:inav_local_z_freeze__2019-01-18__08_39_38__fault,54.4,0.2535402893295955,3.0,False,sensor_combined
fault:inav_local_z_freeze__2019-01-18__08_39_38__fault,55.2,0.2257148991014429,3.0,False,sensor_combined
fault:inav_local_z_freeze__2019-01-18__08_39_38__fault,56.0,0.30339263938431166,3.0,False,sensor_combined
fault:inav_local_z_freeze__2019-01-18__08_39_38__fault,56.8,0.23104575248158285,3.0,False,sensor_combined
fault:inav_local_z_freeze__2019-01-18__08_39_38__fault,57.6,0.30907327639224524,3.0,False,sensor_combined
fault:inav_local_z_freeze__2019-01-18__08_39_38__fault,58.4,0.2827915030050974,3.0,False,sensor_combined
fault:inav_local_z_freeze__2019-01-18__08_39_38__fault,59.2,0.23614495107859396,3.0,False,sensor_combined
fault:inav_local_z_freeze__2019-01-18__08_39_38__fault,60.0,0.23019610165718102,3.0,False,sensor_combined
fault:inav_local_z_freeze__2019-01-18__08_39_38__fault,60.8,0.19014196102786965,3.0,False,sensor_combined
fault:inav_local_z_freeze__2019-01-18__08_39_38__fault,61.6,0.1736572990193963,3.0,False,sensor_combined
fault:inav_local_z_freeze__2019-01-18__08_39_38__fault,62.4,0.2267964765845368,3.0,False,sensor_combined
fault:inav_local_z_freeze__2019-01-18__08_39_38__fault,63.2,0.23801734465085295,3.0,False,sensor_combined
fault:inav_local_z_freeze__2019-01-18__08_39_38__fault,64.0,0.26875307922193975,3.0,False,sensor_combined
fault:inav_local_z_freeze__2019-01-18__08_39_38__fault,64.8,0.39218066145421804,3.0,False,sensor_combined
fault:inav_local_z_freeze__2019-01-18__08_39_38__fault,65.6,1.5496110916137695,3.0,False,vehicle_land_detected
fault:inav_local_z_freeze__2019-01-18__08_39_38__fault,66.4,0.30460427241493526,3.0,False,sensor_combined
fault:inav_local_z_freeze__2019-01-18__08_39_38__fault,67.2,0.315798116821818,3.0,False,sensor_combined
fault:inav_local_z_freeze__2019-01-18__08_39_38__fault,68.0,0.30858681228723067,3.0,False,sensor_combined
fault:inav_local_z_freeze__2019-01-18__08_39_38__fault,68.8,0.2614246285206771,3.0,False,sensor_combined
fault:land_detector_state_inversion__2019-01-18__08_39_38__fault,9.6,0.3238981697158814,3.0,False,sensor_combined
fault:land_detector_state_inversion__2019-01-18__08_39_38__fault,10.4,0.34914328000699546,3.0,False,sensor_combined
fault:land_detector_state_inversion__2019-01-18__08_39_38__fault,11.2,0.34996857357563677,3.0,False,sensor_combined
fault:land_detector_state_inversion__2019-01-18__08_39_38__fault,12.0,0.33274214084269477,3.0,False,sensor_combined
fault:land_detector_state_inversion__2019-01-18__08_39_38__fault,12.8,0.31734815034108305,3.0,False,sensor_combined
fault:land_detector_state_inversion__2019-01-18__08_39_38__fault,13.6,0.3181539211038959,3.0,False,sensor_combined
fault:land_detector_state_inversion__2019-01-18__08_39_38__fault,14.4,0.2968689964033535,3.0,False,sensor_combined
fault:land_detector_state_inversion__2019-01-18__08_39_38__fault,15.2,0.2511511025799652,3.0,False,sensor_combined
fault:land_detector_state_inversion__2019-01-18__08_39_38__fault,16.0,0.2440538611017355,3.0,False,sensor_combined
fault:land_detector_state_inversion__2019-01-18__08_39_38__fault,16.8,0.22387912141568436,3.0,False,sensor_combined
fault:land_detector_state_inversion__2019-01-18__08_39_38__fault,17.6,0.1545165770192509,3.0,False,sensor_combined
fault:land_detector_state_inversion__2019-01-18__08_39_38__fault,18.4,0.18772831611610472,3.0,False,sensor_combined
fault:land_detector_state_inversion__2019-01-18__08_39_38__fault,19.2,0.19968342006957548,3.0,False,sensor_combined
fault:land_detector_state_inversion__2019-01-18__08_39_38__fault,20.0,0.20502229638530606,3.0,False,sensor_combined
fault:land_detector_state_inversion__2019-01-18__08_39_38__fault,20.8,0.2843902648211548,3.0,False,sensor_combined
fault:land_detector_state_inversion__2019-01-18__08_39_38__fault,21.6,0.3039297435337747,3.0,False,sensor_combined
fault:land_detector_state_inversion__2019-01-18__08_39_38__fault,22.4,0.31764097949510656,3.0,False,sensor_combined
fault:land_detector_state_inversion__2019-01-18__08_39_38__fault,23.2,0.31592646070824376,3.0,False,sensor_combined
fault:land_detector_state_inversion__2019-01-18__08_39_38__fault,24.0,0.2821428725713069,3.0,False,sensor_combined
fault:land_detector_state_inversion__2019-01-18__08_39_38__fault,24.8,0.2151127029640463,3.0,False,sensor_combined
fault:land_detector_state_inversion__2019-01-18__08_39_38__fault,25.6,0.16450662689139944,3.0,False,sensor_combined
fault:land_detector_state_inversion__2019-01-18__08_39_38__fault,26.4,0.15735103869703163,3.0,False,sensor_combined
fault:land_detector_state_inversion__2019-01-18__08_39_38__fault,27.2,0.1712924179685705,3.0,False,sensor_combined
fault:land_detector_state_inversion__2019-01-18__08_39_38__fault,28.0,0.14939597028553414,3.0,False,sensor_combined
fault:land_detector_state_inversion__2019-01-18__08_39_38__fault,28.8,0.17961921179860726,3.0,False,sensor_combined
fault:land_detector_state_inversion__2019-01-18__08_39_38__fault,29.6,17.13250160217285,3.0,False,vehicle_land_detected
fault:land_detector_state_inversion__2019-01-18__08_39_38__fault,30.4,37.84997433423996,3.0,False,vehicle_land_detected
fault:land_detector_state_inversion__2019-01-18__08_39_38__fault,31.2,59.15482044219971,3.0,True,vehicle_land_detected
fault:land_detector_state_inversion__2019-01-18__08_39_38__fault,32.0,74.28203582763672,3.0,True,vehicle_land_detected
fault:land_detector_state_inversion__2019-01-18__08_39_38__fault,32.8,146.75540894269943,3.0,True,vehicle_land_detected
fault:land_detector_state_inversion__2019-01-18__08_39_38__fault,33.6,146.75540894269943,3.0,True,vehicle_land_detected
fault:land_detector_state_inversion__2019-01-18__08_39_38__fault,34.4,146.75540894269943,3.0,True,vehicle_land_detected
fault:land_detector_state_inversion__2019-01-18__08_39_38__fault,35.2,146.75540894269943,3.0,True,vehicle_land_detected
fault:land_detector_state_inversion__2019-01-18__08_39_38__fault,36.0,146.75540894269943,3.0,True,vehicle_land_detected
fault:land_detector_state_inversion__2019-01-18__08_39_38__fault,36.8,146.75540894269943,3.0,True,vehicle_land_detected
fault:land_detector_state_inversion__2019-01-18__08_39_38__fault,37.6,146.75540894269943,3.0,True,vehicle_land_detected
fault:land_detector_state_inversion__2019-01-18__08_39_38__fault,38.4,146.75540924072266,3.0,True,vehicle_land_detected
fault:land_detector_state_inversion__2019-01-18__08_39_38__fault,39.2,146.75540894269943,3.0,True,vehicle_land_detected
fault:land_detector_state_inversion__2019-01-18__08_39_38__fault,40.0,146.75540894269943,3.0,True,vehicle_land_detected
fault:land_detector_state_inversion__2019-01-18__08_39_38__fault,40.8,146.75540894269943,3.0,True,vehicle_land_detected
fault:land_detector_state_inversion__2019-01-18__08_39_38__fault,41.6,146.75540894269943,3.0,True,vehicle_land_detected
fault:land_detector_state_inversion__2019-01-18__08_39_38__fault,42.4,146.75540894269943,3.0,True,vehicle_land_detected
fault:land_detector_state_inversion__2019-01-18__08_39_38__fault,43.2,146.75540894269943,3.0,True,vehicle_land_detected
fault:land_detector_state_inversion__2019-01-18__08_39_38__fault,44.0,146.75540894269943,3.0,True,vehicle_land_detected
fault:land_detector_state_inversion__2019-01-18__08_39_38__fault,44.8,146.75540894269943,3.0,True,vehicle_land_detected
fault:land_detector_state_inversion__2019-01-18__08_39_38__fault,45.6,146.75540894269943,3.0,True,vehicle_land_detected
fault:land_detector_state_inversion__2019-01-18__08_39_38__fault,46.4,146.75540894269943,3.0,True,vehicle_land_detected
fault:land_detector_state_inversion__2019-01-18__08_39_38__fault,47.2,146.75540894269943,3.0,True,vehicle_land_detected
fault:land_detector_state_inversion__2019-01-18__08_39_38__fault,48.0,146.75540894269943,3.0,True,vehicle_land_detected
fault:land_detector_state_inversion__2019-01-18__08_39_38__fault,48.8,146.75540894269943,3.0,True,vehicle_land_detected
fault:land_detector_state_inversion__2019-01-18__08_39_38__fault,49.6,146.75540894269943,3.0,True,vehicle_land_detected
fault:land_detector_state_inversion__2019-01-18__08_39_38__fault,50.4,146.75540894269943,3.0,True,vehicle_land_detected
fault:land_detector_state_inversion__2019-01-18__08_39_38__fault,51.2,146.75540894269943,3.0,True,vehicle_land_detected
fault:land_detector_state_inversion__2019-01-18__08_39_38__fault,52.0,146.75540894269943,3.0,True,vehicle_land_detected
fault:land_detector_state_inversion__2019-01-18__08_39_38__fault,52.8,146.75540894269943,3.0,True,vehicle_land_detected
fault:land_detector_state_inversion__2019-01-18__08_39_38__fault,53.6,146.75540894269943,3.0,True,vehicle_land_detected
fault:land_detector_state_inversion__2019-01-18__08_39_38__fault,54.4,146.75540894269943,3.0,True,vehicle_land_detected
fault:land_detector_state_inversion__2019-01-18__08_39_38__fault,55.2,146.75540894269943,3.0,True,vehicle_land_detected
fault:land_detector_state_inversion__2019-01-18__08_39_38__fault,56.0,146.75540894269943,3.0,True,vehicle_land_detected
fault:land_detector_state_inversion__2019-01-18__08_39_38__fault,56.8,146.75540894269943,3.0,True,vehicle_land_detected
fault:land_detector_state_inversion__2019-01-18__08_39_38__fault,57.6,146.75540894269943,3.0,True,vehicle_land_detected
fault:land_detector_state_inversion__2019-01-18__08_39_38__fault,58.4,146.75540894269943,3.0,True,vehicle_land_detected
fault:land_detector_state_inversion__2019-01-18__08_39_38__fault,59.2,146.75540894269943,3.0,True,vehicle_land_detected
fault:land_detector_state_inversion__2019-01-18__08_39_38__fault,60.0,146.75540894269943,3.0,True,vehicle_land_detected
fault:land_detector_state_inversion__2019-01-18__08_39_38__fault,60.8,146.75540894269943,3.0,True,vehicle_land_detected
fault:land_detector_state_inversion__2019-01-18__08_39_38__fault,61.6,146.75540894269943,3.0,True,vehicle_land_detected
fault:land_detector_state_inversion__2019-01-18__08_39_38__fault,62.4,146.75540894269943,3.0,True,vehicle_land_detected
fault:land_detector_state_inversion__2019-01-18__08_39_38__fault,63.2,146.75540894269943,3.0,True,vehicle_land_detected
fault:land_detector_state_inversion__2019-01-18__08_39_38__fault,64.0,146.75540894269943,3.0,True,vehicle_land_detected
fault:land_detector_state_inversion__2019-01-18__08_39_38__fault,64.8,146.75540894269943,3.0,True,vehicle_land_detected
fault:land_detector_state_inversion__2019-01-18__08_39_38__fault,65.6,146.75540894269943,3.0,True,vehicle_land_detected
fault:land_detector_state_inversion__2019-01-18__08_39_38__fault,66.4,146.75540894269943,3.0,True,vehicle_land_detected
fault:land_detector_state_inversion__2019-01-18__08_39_38__fault,67.2,146.75540894269943,3.0,True,vehicle_land_detected
normal:commander_nav_state_override__2019-01-25__17_38_05__baseline,9.6,0.3419465304637066,3.0,False,sensor_combined
normal:commander_nav_state_override__2019-01-25__17_38_05__baseline,10.4,0.3169465647314424,3.0,False,sensor_combined
normal:commander_nav_state_override__2019-01-25__17_38_05__baseline,11.2,0.3584047118613001,3.0,False,sensor_combined
normal:commander_nav_state_override__2019-01-25__17_38_05__baseline,12.0,0.34536860030351124,3.0,False,sensor_combined
normal:commander_nav_state_override__2019-01-25__17_38_05__baseline,12.8,0.35630416004711135,3.0,False,sensor_combined
normal:commander_nav_state_override__2019-01-25__17_38_05__baseline,13.6,0.3042564170255572,3.0,False,sensor_combined
normal:commander_nav_state_override__2019-01-25__17_38_05__baseline,14.4,0.3612723480910063,3.0,False,sensor_combined
normal:commander_nav_state_override__2019-01-25__17_38_05__baseline,15.2,0.3610579545519113,3.0,False,sensor_combined
normal:commander_nav_state_override__2019-01-25__17_38_05__baseline,16.0,0.32337513282225505,3.0,False,sensor_combined
normal:commander_nav_state_override__2019-01-25__17_38_05__baseline,16.8,0.36945046110178215,3.0,False,sensor_combined
normal:commander_nav_state_override__2019-01-25__17_38_05__baseline,17.6,0.4124662706282098,3.0,False,sensor_combined
normal:commander_nav_state_override__2019-01-25__17_38_05__baseline,18.4,0.3782604856444983,3.0,False,sensor_combined
normal:commander_nav_state_override__2019-01-25__17_38_05__baseline,19.2,0.551190736293425,3.0,False,sensor_combined
normal:commander_nav_state_override__2019-01-25__17_38_05__baseline,20.0,0.4694903462801929,3.0,False,sensor_combined
normal:commander_nav_state_override__2019-01-25__17_38_05__baseline,20.8,0.48303604066009204,3.0,False,sensor_combined
normal:commander_nav_state_override__2019-01-25__17_38_05__baseline,21.6,0.3675750388725717,3.0,False,sensor_combined
normal:commander_nav_state_override__2019-01-25__17_38_05__baseline,22.4,0.3647083178240628,3.0,False,sensor_combined
normal:commander_nav_state_override__2019-01-25__17_38_05__baseline,23.2,0.4428283319914659,3.0,False,sensor_combined
normal:commander_nav_state_override__2019-01-25__17_38_05__baseline,24.0,0.4815101833823192,3.0,False,sensor_combined
normal:commander_nav_state_override__2019-01-25__17_38_05__baseline,24.8,0.4634862713552022,3.0,False,sensor_combined
normal:commander_nav_state_override__2019-01-25__17_38_05__baseline,25.6,0.47597499564290047,3.0,False,sensor_combined
normal:commander_nav_state_override__2019-01-25__17_38_05__baseline,26.4,0.35475640497474886,3.0,False,sensor_combined
normal:commander_nav_state_override__2019-01-25__17_38_05__baseline,27.2,0.3076918699443931,3.0,False,sensor_combined
normal:commander_nav_state_override__2019-01-25__17_38_05__baseline,28.0,0.3708533852621696,3.0,False,sensor_combined
normal:commander_nav_state_override__2019-01-25__17_38_05__baseline,28.8,0.39738474725032513,3.0,False,sensor_combined
normal:commander_nav_state_override__2019-01-25__17_38_05__baseline,29.6,0.33851052284405814,3.0,False,sensor_combined
normal:commander_nav_state_override__2019-01-25__17_38_05__baseline,30.4,0.3249664578202489,3.0,False,sensor_combined
normal:commander_nav_state_override__2019-01-25__17_38_05__baseline,31.2,0.28920673113779066,3.0,False,sensor_combined
normal:commander_nav_state_override__2019-01-25__17_38_05__baseline,32.0,0.44322396029507855,3.0,False,sensor_combined
normal:commander_nav_state_override__2019-01-25__17_38_05__baseline,32.8,0.3381674909536237,3.0,False,sensor_combined
normal:commander_nav_state_override__2019-01-25__17_38_05__baseline,33.6,0.3870546366647516,3.0,False,sensor_combined
normal:commander_nav_state_override__2019-01-25__17_38_05__baseline,34.4,0.4546161513882704,3.0,False,sensor_combined
normal:commander_nav_state_override__2019-01-25__17_38_05__baseline,35.2,0.39750573947934476,3.0,False,sensor_combined
normal:commander_nav_state_override__2019-01-25__17_38_05__baseline,36.0,0.377448855474236,3.0,False,sensor_combined
normal:commander_nav_state_override__2019-01-25__17_38_05__baseline,36.8,0.331514048085432,3.0,False,sensor_combined
normal:commander_nav_state_override__2019-01-25__17_38_05__baseline,37.6,0.35549572344853386,3.0,False,sensor_combined
normal:commander_nav_state_override__2019-01-25__17_38_05__baseline,38.4,0.35549572344853386,3.0,False,sensor_combined
normal:commander_nav_state_override__2019-01-25__17_38_05__baseline,39.2,0.3379631203033883,3.0,False,sensor_combined
normal:commander_nav_state_override__2019-01-25__17_38_05__baseline,40.0,0.4243675575395166,3.0,False,sensor_combined
normal:commander_nav_state_override__2019-01-25__17_38_05__baseline,40.8,0.5765990095400076,3.0,False,sensor_combined
normal:commander_nav_state_override__2019-01-25__17_38_05__baseline,41.6,0.5182611298097077,3.0,False,sensor_combined
normal:commander_nav_state_override__2019-01-25__17_38_05__baseline,42.4,0.6818664594402216,3.0,False,sensor_combined
normal:commander_nav_state_override__2019-01-25__17_38_05__baseline,43.2,0.5465374279093527,3.0,False,sensor_combined
normal:commander_nav_state_override__2019-01-25__17_38_05__baseline,44.0,0.5330657336155097,3.0,False,sensor_combined
normal:commander_nav_state_override__2019-01-25__17_38_05__baseline,44.8,0.37463224876327017,3.0,False,sensor_combined
normal:commander_nav_state_override__2019-01-25__17_38_05__baseline,45.6,0.5025598860832913,3.0,False,sensor_combined
normal:commander_nav_state_override__2019-01-25__17_38_05__baseline,46.4,0.331160741488069,3.0,False,sensor_combined
normal:commander_nav_state_override__2019-01-25__17_38_05__baseline,47.2,0.4135569393950852,3.0,False,sensor_combined
normal:commander_nav_state_override__2019-01-25__17_38_05__baseline,48.0,0.38651840018963973,3.0,False,sensor_combined
normal:commander_nav_state_override__2019-01-25__17_38_05__baseline,48.8,0.4495558063084797,3.0,False,sensor_combined
normal:commander_nav_state_override__2019-01-25__17_38_05__baseline,49.6,0.4803536504908909,3.0,False,sensor_combined
normal:commander_nav_state_override__2019-01-25__17_38_05__baseline,50.4,0.43740228691947564,3.0,False,sensor_combined
normal:commander_nav_state_override__2019-01-25__17_38_05__baseline,51.2,0.3424584213644266,3.0,False,sensor_combined
normal:commander_nav_state_override__2019-01-25__17_38_05__baseline,52.0,0.40161787532269955,3.0,False,sensor_combined
normal:commander_nav_state_override__2019-01-25__17_38_05__baseline,52.8,0.33986312636485366,3.0,False,sensor_combined
normal:commander_nav_state_override__2019-01-25__17_38_05__baseline,53.6,0.40083683504770834,3.0,False,sensor_combined
normal:commander_nav_state_override__2019-01-25__17_38_05__baseline,54.4,0.2455548853257126,3.0,False,sensor_combined
normal:commander_nav_state_override__2019-01-25__17_38_05__baseline,55.2,0.23872714104500253,3.0,False,sensor_combined
normal:commander_nav_state_override__2019-01-25__17_38_05__baseline,56.0,0.29545399101980574,3.0,False,sensor_combined
normal:commander_nav_state_override__2019-01-25__17_38_05__baseline,56.8,0.2194109406388875,3.0,False,sensor_combined
normal:commander_nav_state_override__2019-01-25__17_38_05__baseline,57.6,0.2961399871855974,3.0,False,sensor_combined
normal:commander_nav_state_override__2019-01-25__17_38_05__baseline,58.4,0.3454893611427442,3.0,False,sensor_combined
normal:commander_nav_state_override__2019-01-25__17_38_05__baseline,59.2,0.33600706605207753,3.0,False,sensor_combined
normal:commander_nav_state_override__2019-01-25__17_38_05__baseline,60.0,0.36865038513957615,3.0,False,sensor_combined
normal:commander_nav_state_override__2019-01-25__17_38_05__baseline,60.8,0.42288343874897577,3.0,False,sensor_combined
normal:commander_nav_state_override__2019-01-25__17_38_05__baseline,61.6,0.3989649036022524,3.0,False,sensor_combined
normal:commander_nav_state_override__2019-01-25__17_38_05__baseline,62.4,0.3916419204324484,3.0,False,sensor_combined
normal:commander_nav_state_override__2019-01-25__17_38_05__baseline,63.2,0.34391484575048653,3.0,False,sensor_combined
normal:commander_nav_state_override__2019-01-25__17_38_05__baseline,64.0,0.3391947800325608,3.0,False,sensor_combined
normal:commander_nav_state_override__2019-01-25__17_38_05__baseline,64.8,0.3903076337614428,3.0,False,sensor_combined
normal:commander_nav_state_override__2019-01-25__17_38_05__baseline,65.6,0.2971321008547628,3.0,False,sensor_combined
normal:commander_nav_state_override__2019-01-25__17_38_05__baseline,66.4,0.3645895625210611,3.0,False,sensor_combined
normal:commander_nav_state_override__2019-01-25__17_38_05__baseline,67.2,0.377178788935457,3.0,False,sensor_combined
normal:commander_nav_state_override__2019-01-25__17_38_05__baseline,68.0,0.42512136951491414,3.0,False,sensor_combined
normal:commander_nav_state_override__2019-01-25__17_38_05__baseline,68.8,0.3891542946449119,3.0,False,sensor_combined
normal:commander_nav_state_override__2019-01-25__17_38_05__baseline,69.6,0.3932084872624433,3.0,False,sensor_combined
normal:commander_nav_state_override__2019-01-25__17_38_05__baseline,70.4,0.36400578628045693,3.0,False,sensor_combined
normal:commander_nav_state_override__2019-01-25__17_38_05__baseline,71.2,0.3538098966848362,3.0,False,sensor_combined
normal:commander_nav_state_override__2019-01-25__17_38_05__baseline,72.0,0.3538098966848362,3.0,False,sensor_combined
normal:commander_nav_state_override__2019-01-25__17_38_05__baseline,72.8,0.3915699356808707,3.0,False,sensor_combined
normal:commander_nav_state_override__2019-01-25__17_38_05__baseline,73.6,0.33295107008478214,3.0,False,sensor_combined
normal:commander_nav_state_override__2019-01-25__17_38_05__baseline,74.4,0.3678243039612113,3.0,False,sensor_combined
normal:commander_nav_state_override__2019-01-25__17_38_05__baseline,75.2,0.4492107673616222,3.0,False,sensor_combined
normal:commander_nav_state_override__2019-01-25__17_38_05__baseline,76.0,0.41117908217485827,3.0,False,sensor_combined
normal:commander_nav_state_override__2019-01-25__17_38_05__baseline,76.8,0.36157465185947907,3.0,False,sensor_combined
normal:commander_nav_state_override__2019-01-25__17_38_05__baseline,77.6,0.4297517561617645,3.0,False,sensor_combined
normal:commander_nav_state_override__2019-01-25__17_38_05__baseline,78.4,0.3946028198854156,3.0,False,sensor_combined
normal:commander_nav_state_override__2019-01-25__17_38_05__baseline,79.2,0.3505035412616517,3.0,False,sensor_combined
normal:commander_nav_state_override__2019-01-25__17_38_05__baseline,80.0,0.32430500890676156,3.0,False,sensor_combined
normal:commander_nav_state_override__2019-01-25__17_38_05__baseline,80.8,0.313173233539422,3.0,False,sensor_combined
normal:commander_nav_state_override__2019-01-25__17_38_05__baseline,81.6,0.672295220876656,3.0,False,sensor_combined
normal:commander_nav_state_override__2019-01-25__17_38_05__baseline,82.4,0.6427357270998016,3.0,False,sensor_combined
normal:commander_nav_state_override__2019-01-25__17_38_05__baseline,83.2,0.6016885204918315,3.0,False,sensor_combined
normal:commander_nav_state_override__2019-01-25__17_38_05__baseline,84.0,0.5875603588176144,3.0,False,sensor_combined
normal:commander_nav_state_override__2019-01-25__17_38_05__baseline,84.8,0.6065600035357944,3.0,False,sensor_combined
normal:commander_nav_state_override__2019-01-25__17_38_05__baseline,85.6,0.6669683505854606,3.0,False,sensor_combined
normal:commander_nav_state_override__2019-01-25__17_38_05__baseline,86.4,0.6885128803832086,3.0,False,sensor_combined
normal:commander_nav_state_override__2019-01-25__17_38_05__baseline,87.2,0.7068276064137764,3.0,False,sensor_combined
normal:commander_nav_state_override__2019-01-25__17_38_05__baseline,88.0,0.6826180443308205,3.0,False,sensor_combined
normal:commander_nav_state_override__2019-01-25__17_38_05__baseline,88.8,0.7257960648020574,3.0,False,sensor_combined
normal:commander_nav_state_override__2019-01-25__17_38_05__baseline,89.6,0.7257960648020574,3.0,False,sensor_combined
normal:commander_nav_state_override__2019-01-25__17_38_05__baseline,90.4,0.7922593857587447,3.0,False,sensor_combined
normal:commander_nav_state_override__2019-01-25__17_38_05__baseline,91.2,0.5249641279119396,3.0,False,sensor_combined
normal:commander_nav_state_override__2019-01-25__17_38_05__baseline,92.0,0.17638074234127998,3.0,False,sensor_combined
normal:commander_nav_state_override__2019-01-25__17_38_05__baseline,92.8,0.10231758635866034,3.0,False,sensor_combined
normal:ekf2_innovation_bias__2019-01-25__17_38_05__baseline,9.6,1.834146141051461,3.0,False,distance_sensor
normal:ekf2_innovation_bias__2019-01-25__17_38_05__baseline,10.4,5.005707740783691,3.0,False,actuator_outputs
normal:ekf2_innovation_bias__2019-01-25__17_38_05__baseline,11.2,4.563724994659424,3.0,False,actuator_outputs
normal:ekf2_innovation_bias__2019-01-25__17_38_05__baseline,12.0,2.5137142882115473,3.0,False,actuator_outputs
normal:ekf2_innovation_bias__2019-01-25__17_38_05__baseline,12.8,3.9801430702209473,3.0,False,actuator_outputs
normal:ekf2_innovation_bias__2019-01-25__17_38_05__baseline,13.6,2.1277545478868096,3.0,False,actuator_outputs
normal:ekf2_innovation_bias__2019-01-25__17_38_05__baseline,14.4,3.1674361902968546,3.0,False,actuator_outputs
normal:ekf2_innovation_bias__2019-01-25__17_38_05__baseline,15.2,3.4804560911351996,3.0,False,battery_status
normal:ekf2_innovation_bias__2019-01-25__17_38_05__baseline,16.0,2.1039986610412598,3.0,False,battery_status
normal:ekf2_innovation_bias__2019-01-25__17_38_05__baseline,16.8,1.5462957330179066,3.0,False,distance_sensor
normal:ekf2_innovation_bias__2019-01-25__17_38_05__baseline,17.6,1.5175823143237073,3.0,False,distance_sensor
normal:ekf2_innovation_bias__2019-01-25__17_38_05__baseline,18.4,1.6878829954956869,3.0,False,distance_sensor
normal:ekf2_innovation_bias__2019-01-25__17_38_05__baseline,19.2,1.3916211618306624,3.0,False,distance_sensor
normal:ekf2_innovation_bias__2019-01-25__17_38_05__baseline,20.0,1.0782603954242436,3.0,False,distance_sensor
normal:ekf2_innovation_bias__2019-01-25__17_38_05__baseline,20.8,0.8244085311889648,3.0,False,sensor_preflight
normal:ekf2_innovation_bias__2019-01-25__17_38_05__baseline,21.6,0.8161401748657227,3.0,False,sensor_preflight
normal:ekf2_innovation_bias__2019-01-25__17_38_05__baseline,22.4,0.807870626449585,3.0,False,sensor_preflight
normal:ekf2_innovation_bias__2019-01-25__17_38_05__baseline,23.2,0.7996010780334473,3.0,False,sensor_preflight
normal:ekf2_innovation_bias__2019-01-25__17_38_05__baseline,24.0,0.7913315296173096,3.0,False,sensor_preflight
normal:ekf2_innovation_bias__2019-01-25__17_38_05__baseline,24.8,1.3470418073983097,3.0,False,manual_control_setpoint
normal:ekf2_innovation_bias__2019-01-25__17_38_05__baseline,25.6,0.7747924327850342,3.0,False,sensor_preflight
normal:ekf2_innovation_bias__2019-01-25__17_38_05__baseline,26.4,0.766524076461792,3.0,False,sensor_preflight
normal:ekf2_innovation_bias__2019-01-25__17_38_05__baseline,27.2,0.7582545280456543,3.0,False,sensor_preflight
normal:ekf2_innovation_bias__2019-01-25__17_38_05__baseline,28.0,0.7499837875366211,3.0,False,sensor_preflight
normal:ekf2_innovation_bias__2019-01-25__17_38_05__baseline,28.8,0.7417154312133789,3.0,False,sensor_preflight
normal:ekf2_innovation_bias__2019-01-25__17_38_05__baseline,29.6,0.7334458827972412,3.0,False,sensor_preflight
normal:ekf2_innovation_bias__2019-01-25__17_38_05__baseline,30.4,0.7251763343811035,3.0,False,sensor_preflight
normal:ekf2_innovation_bias__2019-01-25__17_38_05__baseline,31.2,0.7189497379468212,3.0,False,vehicle_vision_position
normal:ekf2_innovation_bias__2019-01-25__17_38_05__baseline,32.0,0.7086372375488281,3.0,False,sensor_preflight
normal:ekf2_innovation_bias__2019-01-25__17_38_05__baseline,32.8,1.2024603944630015,3.0,False,manual_control_setpoint
normal:ekf2_innovation_bias__2019-01-25__17_38_05__baseline,33.6,0.9247320768363917,3.0,False,vehicle_vision_position
normal:ekf2_innovation_bias__2019-01-25__17_38_05__baseline,34.4,0.8426816216476001,3.0,False,vehicle_vision_position
normal:ekf2_innovation_bias__2019-01-25__17_38_05__baseline,35.2,0.6755602359771729,3.0,False,sensor_preflight
normal:ekf2_innovation_bias__2019-01-25__17_38_05__baseline,36.0,0.6672906875610352,3.0,False,sensor_preflight
normal:ekf2_innovation_bias__2019-01-25__17_38_05__baseline,36.8,0.6590211391448975,3.0,False,sensor_preflight
normal:ekf2_innovation_bias__2019-01-25__17_38_05__baseline,37.6,0.6507515907287598,3.0,False,sensor_preflight
normal:ekf2_innovation_bias__2019-01-25__17_38_05__baseline,38.4,0.6424832344055176,3.0,False,sensor_preflight
normal:ekf2_innovation_bias__2019-01-25__17_38_05__baseline,39.2,0.6342136859893799,3.0,False,sensor_preflight
normal:ekf2_innovation_bias__2019-01-25__17_38_05__baseline,40.0,0.6259441375732422,3.0,False,sensor_preflight
normal:ekf2_innovation_bias__2019-01-25__17_38_05__baseline,40.8,0.6176745891571045,3.0,False,sensor_preflight
normal:ekf2_innovation_bias__2019-01-25__17_38_05__baseline,41.6,0.9864718269384397,3.0,False,vehicle_vision_position
normal:ekf2_innovation_bias__2019-01-25__17_38_05__baseline,42.4,1.0256531936891886,3.0,False,vehicle_vision_position
normal:ekf2_innovation_bias__2019-01-25__17_38_05__baseline,43.2,1.007433015274284,3.0,False,vehicle_vision_position
normal:ekf2_innovation_bias__2019-01-25__17_38_05__baseline,44.0,0.9430891275405884,3.0,False,vehicle_vision_position
normal:ekf2_innovation_bias__2019-01-25__17_38_05__baseline,44.8,0.9652851467902913,3.0,False,vehicle_rates_setpoint
normal:ekf2_innovation_bias__2019-01-25__17_38_05__baseline,45.6,0.64781339808008,3.0,False,vehicle_rates_setpoint
normal:ekf2_innovation_bias__2019-01-25__17_38_05__baseline,46.4,0.8455216716112486,3.0,False,vehicle_vision_position
normal:ekf2_innovation_bias__2019-01-25__17_38_05__baseline,47.2,1.187193278067936,3.0,False,manual_control_setpoint
normal:ekf2_innovation_bias__2019-01-25__17_38_05__baseline,48.0,0.9405803680419922,3.0,False,vehicle_vision_position
normal:ekf2_innovation_bias__2019-01-25__17_38_05__baseline,48.8,1.462736427783966,3.0,False,manual_control_setpoint
normal:ekf2_innovation_bias__2019-01-25__17_38_05__baseline,49.6,1.1110299281915643,3.0,False,vehicle_vision_position
normal:ekf2_innovation_bias__2019-01-25__17_38_05__baseline,50.4,0.9272092580795288,3.0,False,vehicle_vision_position
normal:ekf2_innovation_bias__2019-01-25__17_38_05__baseline,51.2,0.9317756009654123,3.0,False,vehicle_vision_position
normal:ekf2_innovation_bias__2019-01-25__17_38_05__baseline,52.0,0.857325948817373,3.0,False,vehicle_vision_position
normal:ekf2_innovation_bias__2019-01-25__17_38_05__baseline,52.8,0.6742892925930853,3.0,False,vehicle_vision_position
normal:ekf2_innovation_bias__2019-01-25__17_38_05__baseline,53.6,0.7027637958526611,3.0,False,vehicle_vision_position
normal:ekf2_innovation_bias__2019-01-25__17_38_05__baseline,54.4,0.6024328332667845,3.0,False,vehicle_vision_position
normal:ekf2_innovation_bias__2019-01-25__17_38_05__baseline,55.2,0.4733357410986727,3.0,False,vehicle_vision_position
normal:ekf2_innovation_bias__2019-01-25__17_38_05__baseline,56.0,0.6630692973229377,3.0,False,vehicle_vision_position
normal:ekf2_innovation_bias__2019-01-25__17_38_05__baseline,56.8,0.7702372193913148,3.0,False,vehicle_vision_position
normal:ekf2_innovation_bias__2019-01-25__17_38_05__baseline,57.6,0.6585672890269666,3.0,False,vehicle_vision_position
normal:ekf2_innovation_bias__2019-01-25__17_38_05__baseline,58.4,0.7958154314399533,3.0,False,vehicle_rates_setpoint
normal:ekf2_innovation_bias__2019-01-25__17_38_05__baseline,59.2,0.7090343534946442,3.0,False,manual_control_setpoint
normal:ekf2_innovation_bias__2019-01-25__17_38_05__baseline,60.0,0.6757026443230135,3.0,False,vehicle_vision_position
normal:ekf2_innovation_bias__2019-01-25__17_38_05__baseline,60.8,0.7065296173095703,3.0,False,vehicle_vision_position
normal:ekf2_innovation_bias__2019-01-25__17_38_05__baseline,61.6,0.6483088235637577,3.0,False,vehicle_vision_position
normal:ekf2_innovation_bias__2019-01-25__17_38_05__baseline,62.4,0.7377731667845862,3.0,False,vehicle_vision_position
normal:ekf2_innovation_bias__2019-01-25__17_38_05__baseline,63.2,1.0058945417404175,3.0,False,vehicle_vision_position
normal:ekf2_innovation_bias__2019-01-25__17_38_05__baseline,64.0,1.0666959779821896,3.0,False,vehicle_vision_position
normal:ekf2_innovation_bias__2019-01-25__17_38_05__baseline,64.8,1.0657182335853577,3.0,False,vehicle_vision_position
normal:ekf2_innovation_bias__2019-01-25__17_38_05__baseline,65.6,0.8299010992050171,3.0,False,vehicle_vision_position
normal:ekf2_innovation_bias__2019-01-25__17_38_05__baseline,66.4,0.785743978813777,3.0,False,vehicle_vision_position
normal:ekf2_innovation_bias__2019-01-25__17_38_05__baseline,67.2,0.7074233909101779,3.0,False,manual_control_setpoint
normal:ekf2_innovation_bias__2019-01-25__17_38_05__baseline,68.0,1.117621034365255,3.0,False,vehicle_attitude_setpoint
normal:ekf2_innovation_bias__2019-01-25__17_38_05__baseline,68.8,0.7181005664350899,3.0,False,vehicle_attitude_setpoint
normal:ekf2_innovation_bias__2019-01-25__17_38_05__baseline,69.6,0.6047323346138,3.0,False,vehicle_attitude_setpoint
normal:ekf2_innovation_bias__2019-01-25__17_38_05__baseline,70.4,0.4455722328376303,3.0,False,sensor_combined
normal:ekf2_innovation_bias__2019-01-25__17_38_05__baseline,71.2,0.43963732080215745,3.0,False,rate_ctrl_status
normal:ekf2_innovation_bias__2019-01-25__17_38_05__baseline,72.0,0.7015028620225802,3.0,False,vehicle_rates_setpoint
normal:ekf2_innovation_bias__2019-01-25__17_38_05__baseline,72.8,0.5591163723107592,3.0,False,vehicle_attitude
normal:ekf2_innovation_bias__2019-01-25__17_38_05__baseline,73.6,0.5732222527787939,3.0,False,vehicle_attitude
normal:ekf2_innovation_bias__2019-01-25__17_38_05__baseline,74.4,0.7218564463018119,3.0,False,vehicle_vision_position
normal:ekf2_innovation_bias__2019-01-25__17_38_05__baseline,75.2,0.9009526282190525,3.0,False,vehicle_vision_position
normal:ekf2_innovation_bias__2019-01-25__17_38_05__baseline,76.0,1.1196947139611046,3.0,False,distance_sensor
normal:ekf2_innovation_bias__2019-01-25__17_38_05__baseline,76.8,1.489556210646893,3.0,False,distance_sensor
normal:ekf2_innovation_bias__2019-01-25__17_38_05__baseline,77.6,1.5897746823725625,3.0,False,distance_sensor
normal:ekf2_innovation_bias__2019-01-25__17_38_05__baseline,78.4,1.4366870839367945,3.0,False,vehicle_vision_position
normal:ekf2_innovation_bias__2019-01-25__17_38_05__baseline,79.2,0.9769823408040762,3.0,False,vehicle_vision_position
normal:ekf2_innovation_bias__2019-01-25__17_38_05__baseline,80.0,0.9450322389602661,3.0,False,vehicle_vision_position
normal:ekf2_innovation_bias__2019-01-25__17_38_05__baseline,80.8,2.484578246851534,3.0,False,battery_status
normal:ekf2_innovation_bias__2019-01-25__17_38_05__baseline,81.6,7.664632417239861,3.0,False,actuator_outputs
normal:ekf2_innovation_bias__2019-01-25__17_38_05__baseline,82.4,2.7582095890933642,3.0,False,battery_status
normal:ekf2_innovation_bias__2019-01-25__17_38_05__baseline,83.2,2.6846026181952833,3.0,False,actuator_outputs
normal:ekf2_innovation_bias__2019-01-25__17_38_05__baseline,84.0,1.5248119831085205,3.0,False,actuator_outputs
normal:ekf2_innovation_bias__2019-01-25__17_38_05__baseline,84.8,1.3316227593860628,3.0,False,distance_sensor
normal:ekf2_innovation_bias__2019-01-25__17_38_05__baseline,85.6,1.3705682708502225,3.0,False,distance_sensor
normal:ekf2_innovation_bias__2019-01-25__17_38_05__baseline,86.4,1.2889784658204935,3.0,False,distance_sensor
normal:ekf2_innovation_bias__2019-01-25__17_38_05__baseline,87.2,1.1697566509246826,3.0,False,actuator_outputs
normal:ekf2_innovation_bias__2019-01-25__17_38_05__baseline,88.0,1.4612371485122704,3.0,False,actuator_outputs
normal:ekf2_innovation_bias__2019-01-25__17_38_05__baseline,88.8,2.234443426132202,3.0,False,actuator_outputs
normal:ekf2_innovation_bias__2019-01-25__17_38_05__baseline,89.6,2.132623791694641,3.0,False,actuator_outputs
normal:ekf2_innovation_bias__2019-01-25__17_38_05__baseline,90.4,6.383881568908691,3.0,False,actuator_outputs
normal:ekf2_innovation_bias__2019-01-25__17_38_05__baseline,91.2,7.069309186862779,3.0,False,actuator_outputs
normal:ekf2_innovation_bias__2019-01-25__17_38_05__baseline,92.0,1.1955230089162132,3.0,False,estimator_status
normal:inav_local_z_freeze__2019-01-25__17_38_05__baseline,9.6,0.3018352152881869,3.0,False,sensor_combined
normal:inav_local_z_freeze__2019-01-25__17_38_05__baseline,10.4,0.29683312054093963,3.0,False,sensor_combined
normal:inav_local_z_freeze__2019-01-25__17_38_05__baseline,11.2,0.3603920811850303,3.0,False,sensor_combined
normal:inav_local_z_freeze__2019-01-25__17_38_05__baseline,12.0,0.35106321273061647,3.0,False,sensor_combined
normal:inav_local_z_freeze__2019-01-25__17_38_05__baseline,12.8,0.36306308664672604,3.0,False,sensor_combined
normal:inav_local_z_freeze__2019-01-25__17_38_05__baseline,13.6,0.2810434594944563,3.0,False,sensor_combined
normal:inav_local_z_freeze__2019-01-25__17_38_05__baseline,14.4,0.41485244273670485,3.0,False,sensor_combined
normal:inav_local_z_freeze__2019-01-25__17_38_05__baseline,15.2,0.3683541094686745,3.0,False,sensor_combined
normal:inav_local_z_freeze__2019-01-25__17_38_05__baseline,16.0,0.37382202871417763,3.0,False,sensor_combined
normal:inav_local_z_freeze__2019-01-25__17_38_05__baseline,16.8,0.29631420057769015,3.0,False,sensor_combined
normal:inav_local_z_freeze__2019-01-25__17_38_05__baseline,17.6,0.23560796676887602,3.0,False,sensor_combined
normal:inav_local_z_freeze__2019-01-25__17_38_05__baseline,18.4,0.28943028358522166,3.0,False,sensor_combined
normal:inav_local_z_freeze__2019-01-25__17_38_05__baseline,19.2,0.31426946589459315,3.0,False,sensor_combined
normal:inav_local_z_freeze__2019-01-25__17_38_05__baseline,20.0,0.2358555061661131,3.0,False,sensor_combined
normal:inav_local_z_freeze__2019-01-25__17_38_05__baseline,20.8,0.295160981691891,3.0,False,sensor_combined
normal:inav_local_z_freeze__2019-01-25__17_38_05__baseline,21.6,0.2785010152325885,3.0,False,sensor_combined
normal:inav_local_z_freeze__2019-01-25__17_38_05__baseline,22.4,0.302403922513785,3.0,False,sensor_combined
normal:inav_local_z_freeze__2019-01-25__17_38_05__baseline,23.2,0.31426946589459315,3.0,False,sensor_combined
normal:inav_local_z_freeze__2019-01-25__17_38_05__baseline,24.0,0.31426946589459315,3.0,False,sensor_combined
normal:inav_local_z_freeze__2019-01-25__17_38_05__baseline,24.8,0.32819173946093205,3.0,False,sensor_combined
normal:inav_local_z_freeze__2019-01-25__17_38_05__baseline,25.6,0.3087263968319073,3.0,False,sensor_combined
normal:inav_local_z_freeze__2019-01-25__17_38_05__baseline,26.4,0.26273209943031756,3.0,False,sensor_combined
normal:inav_local_z_freeze__2019-01-25__17_38_05__baseline,27.2,0.21548908939632766,3.0,False,sensor_combined
normal:inav_local_z_freeze__2019-01-25__17_38_05__baseline,28.0,0.24426852928539197,3.0,False,sensor_combined
normal:inav_local_z_freeze__2019-01-25__17_38_05__baseline,28.8,0.2503053478400986,3.0,False,sensor_combined
normal:inav_local_z_freeze__2019-01-25__17_38_05__baseline,29.6,0.28530224634126633,3.0,False,sensor_combined
normal:inav_local_z_freeze__2019-01-25__17_38_05__baseline,30.4,0.28530224634126633,3.0,False,sensor_combined
normal:inav_local_z_freeze__2019-01-25__17_38_05__baseline,31.2,0.2765457928455023,3.0,False,sensor_combined
normal:inav_local_z_freeze__2019-01-25__17_38_05__baseline,32.0,0.34011454721932466,3.0,False,sensor_combined
normal:inav_local_z_freeze__2019-01-25__17_38_05__baseline,32.8,0.3586659747325982,3.0,False,sensor_combined
normal:inav_local_z_freeze__2019-01-25__17_38_05__baseline,33.6,0.4161706311223999,3.0,False,sensor_combined
normal:inav_local_z_freeze__2019-01-25__17_38_05__baseline,34.4,0.37084545433381505,3.0,False,sensor_combined
normal:inav_local_z_freeze__2019-01-25__17_38_05__baseline,35.2,0.3235352439179858,3.0,False,sensor_combined
normal:inav_local_z_freeze__2019-01-25__17_38_05__baseline,36.0,0.2883422539411105,3.0,False,sensor_combined
normal:inav_local_z_freeze__2019-01-25__17_38_05__baseline,36.8,0.31540685890485476,3.0,False,sensor_combined
normal:inav_local_z_freeze__2019-01-25__17_38_05__baseline,37.6,0.3195476340124009,3.0,False,sensor_combined
normal:inav_local_z_freeze__2019-01-25__17_38_05__baseline,38.4,0.3527983055954404,3.0,False,sensor_combined
normal:inav_local_z_freeze__2019-01-25__17_38_05__baseline,39.2,0.3604394314075104,3.0,False,sensor_combined
normal:inav_local_z_freeze__2019-01-25__17_38_05__baseline,40.0,0.44693849499068294,3.0,False,sensor_combined
normal:inav_local_z_freeze__2019-01-25__17_38_05__baseline,40.8,0.4923249276085427,3.0,False,sensor_combined
normal:inav_local_z_freeze__2019-01-25__17_38_05__baseline,41.6,0.44081463104592966,3.0,False,sensor_combined
normal:inav_local_z_freeze__2019-01-25__17_38_05__baseline,42.4,0.4943979556254478,3.0,False,sensor_combined
normal:inav_local_z_freeze__2019-01-25__17_38_05__baseline,43.2,0.4072032913424558,3.0,False,sensor_combined
normal:inav_local_z_freeze__2019-01-25__17_38_05__baseline,44.0,0.412555694209295,3.0,False,sensor_combined
normal:inav_local_z_freeze__2019-01-25__17_38_05__baseline,44.8,0.34163006735961304,3.0,False,sensor_combined
normal:inav_local_z_freeze__2019-01-25__17_38_05__baseline,45.6,0.32845778341145754,3.0,False,sensor_combined
normal:inav_local_z_freeze__2019-01-25__17_38_05__baseline,46.4,0.28803166270648506,3.0,False,sensor_combined
normal:inav_local_z_freeze__2019-01-25__17_38_05__baseline,47.2,0.32722101632393163,3.0,False,sensor_combined
normal:inav_local_z_freeze__2019-01-25__17_38_05__baseline,48.0,0.325126734300702,3.0,False,sensor_combined
normal:inav_local_z_freeze__2019-01-25__17_38_05__baseline,48.8,0.4358418393169673,3.0,False,sensor_combined
normal:inav_local_z_freeze__2019-01-25__17_38_05__baseline,49.6,0.49331194072725615,3.0,False,sensor_combined
normal:inav_local_z_freeze__2019-01-25__17_38_05__baseline,50.4,0.35028029613304984,3.0,False,sensor_combined
normal:inav_local_z_freeze__2019-01-25__17_38_05__baseline,51.2,0.31774943709079567,3.0,False,sensor_combined
normal:inav_local_z_freeze__2019-01-25__17_38_05__baseline,52.0,0.27187181445537073,3.0,False,sensor_combined
normal:inav_local_z_freeze__2019-01-25__17_38_05__baseline,52.8,0.24216596649981556,3.0,False,sensor_combined
normal:inav_local_z_freeze__2019-01-25__17_38_05__baseline,53.6,0.294523592798676,3.0,False,sensor_combined
normal:inav_local_z_freeze__2019-01-25__17_38_05__baseline,54.4,0.24087565537060693,3.0,False,sensor_combined
normal:inav_local_z_freeze__2019-01-25__17_38_05__baseline,55.2,0.27694607054093656,3.0,False,sensor_combined
normal:inav_local_z_freeze__2019-01-25__17_38_05__baseline,56.0,0.34363239881891056,3.0,False,sensor_combined
normal:inav_local_z_freeze__2019-01-25__17_38_05__baseline,56.8,0.33471035179573544,3.0,False,sensor_combined
normal:inav_local_z_freeze__2019-01-25__17_38_05__baseline,57.6,0.36138312287550256,3.0,False,sensor_combined
normal:inav_local_z_freeze__2019-01-25__17_38_05__baseline,58.4,0.2317083992160833,3.0,False,sensor_combined
normal:inav_local_z_freeze__2019-01-25__17_38_05__baseline,59.2,0.22504740198978504,3.0,False,sensor_combined
normal:inav_local_z_freeze__2019-01-25__17_38_05__baseline,60.0,0.20174448642520923,3.0,False,sensor_combined
normal:inav_local_z_freeze__2019-01-25__17_38_05__baseline,60.8,0.25075531347793206,3.0,False,sensor_combined
normal:inav_local_z_freeze__2019-01-25__17_38_05__baseline,61.6,0.19160774917747558,3.0,False,sensor_combined
normal:inav_local_z_freeze__2019-01-25__17_38_05__baseline,62.4,0.2527315951354089,3.0,False,sensor_combined
normal:inav_local_z_freeze__2019-01-25__17_38_05__baseline,63.2,0.22712939572017132,3.0,False,sensor_combined
normal:inav_local_z_freeze__2019-01-25__17_38_05__baseline,64.0,0.3070136322249005,3.0,False,sensor_combined
normal:inav_local_z_freeze__2019-01-25__17_38_05__baseline,64.8,0.27750208553643557,3.0,False,sensor_combined
normal:inav_local_z_freeze__2019-01-25__17_38_05__baseline,65.6,0.3486425941810012,3.0,False,sensor_combined
normal:inav_local_z_freeze__2019-01-25__17_38_05__baseline,66.4,0.3015656944979482,3.0,False,sensor_combined
normal:inav_local_z_freeze__2019-01-25__17_38_05__baseline,67.2,0.27518132622618446,3.0,False,sensor_combined
normal:inav_local_z_freeze__2019-01-25__17_38_05__baseline,68.0,0.27518132622618446,3.0,False,sensor_combined
normal:inav_local_z_freeze__2019-01-25__17_38_05__baseline,68.8,0.332531769887801,3.0,False,sensor_combined
normal:inav_local_z_freeze__2019-01-25__17_38_05__baseline,69.6,0.26279553507137904,3.0,False,sensor_combined
normal:inav_local_z_freeze__2019-01-25__17_38_05__baseline,70.4,0.2861389442157473,3.0,False,sensor_combined
normal:inav_local_z_freeze__2019-01-25__17_38_05__baseline,71.2,0.315970239355136,3.0,False,sensor_combined
normal:inav_local_z_freeze__2019-01-25__17_38_05__baseline,72.0,0.2983043063431978,3.0,False,sensor_combined
normal:inav_local_z_freeze__2019-01-25__17_38_05__baseline,72.8,0.3154933866899066,3.0,False,sensor_combined
normal:inav_local_z_freeze__2019-01-25__17_38_05__baseline,73.6,0.3306673210292199,3.0,False,sensor_combined
normal:inav_local_z_freeze__2019-01-25__17_38_05__baseline,74.4,0.31343389222885637,3.0,False,sensor_combined
normal:inav_local_z_freeze__2019-01-25__17_38_05__baseline,75.2,0.34088785740761546,3.0,False,sensor_combined
normal:inav_local_z_freeze__2019-01-25__17_38_05__baseline,76.0,0.2931729294527256,3.0,False,sensor_combined
normal:inav_local_z_freeze__2019-01-25__17_38_05__baseline,76.8,0.23505341444230943,3.0,False,sensor_combined
normal:inav_local_z_freeze__2019-01-25__17_38_05__baseline,77.6,0.2710186817516479,3.0,False,sensor_combined
normal:inav_local_z_freeze__2019-01-25__17_38_05__baseline,78.4,0.2520984782752605,3.0,False,sensor_combined
normal:inav_local_z_freeze__2019-01-25__17_38_05__baseline,79.2,0.28025228815966424,3.0,False,sensor_combined
normal:inav_local_z_freeze__2019-01-25__17_38_05__baseline,80.0,0.27682623470271633,3.0,False,sensor_combined
normal:inav_local_z_freeze__2019-01-25__17_38_05__baseline,80.8,0.3281143017954141,3.0,False,sensor_combined
normal:inav_local_z_freeze__2019-01-25__17_38_05__baseline,81.6,0.8030175778416487,3.0,False,sensor_combined
normal:inav_local_z_freeze__2019-01-25__17_38_05__baseline,82.4,0.8773029359227459,3.0,False,sensor_combined
normal:inav_local_z_freeze__2019-01-25__17_38_05__baseline,83.2,0.9057589849585136,3.0,False,sensor_combined
normal:inav_local_z_freeze__2019-01-25__17_38_05__baseline,84.0,0.8693503839690971,3.0,False,sensor_combined
normal:inav_local_z_freeze__2019-01-25__17_38_05__baseline,84.8,0.8853653385295118,3.0,False,sensor_combined
normal:inav_local_z_freeze__2019-01-25__17_38_05__baseline,85.6,0.8815208840306145,3.0,False,sensor_combined
normal:inav_local_z_freeze__2019-01-25__17_38_05__baseline,86.4,0.8853653385295118,3.0,False,sensor_combined
normal:inav_local_z_freeze__2019-01-25__17_38_05__baseline,87.2,0.8836545466709301,3.0,False,sensor_combined
normal:inav_local_z_freeze__2019-01-25__17_38_05__baseline,88.0,0.8853653385295118,3.0,False,sensor_combined
normal:inav_local_z_freeze__2019-01-25__17_38_05__baseline,88.8,0.9097847469243996,3.0,False,sensor_combined
normal:inav_local_z_freeze__2019-01-25__17_38_05__baseline,89.6,1.0163033528670649,3.0,False,sensor_combined
normal:inav_local_z_freeze__2019-01-25__17_38_05__baseline,90.4,0.9307057627612287,3.0,False,sensor_combined
normal:inav_local_z_freeze__2019-01-25__17_38_05__baseline,91.2,0.49930682158654066,3.0,False,sensor_combined
normal:inav_local_z_freeze__2019-01-25__17_38_05__baseline,92.0,0.20498611552240545,3.0,False,sensor_combined
normal:inav_local_z_freeze__2019-01-25__17_38_05__baseline,92.8,0.04542212960794963,3.0,False,sensor_combined
normal:inav_local_z_freeze__2019-01-25__17_38_05__baseline,93.6,0.03339888454238046,3.0,False,sensor_combined
normal:land_detector_state_inversion__2019-01-25__17_38_05__baseline,9.6,0.41901344433426857,3.0,False,sensor_combined
normal:land_detector_state_inversion__2019-01-25__17_38_05__baseline,10.4,0.3293563647226107,3.0,False,sensor_combined
normal:land_detector_state_inversion__2019-01-25__17_38_05__baseline,11.2,0.3657075116121119,3.0,False,sensor_combined
normal:land_detector_state_inversion__2019-01-25__17_38_05__baseline,12.0,0.3959811758249998,3.0,False,sensor_combined
normal:land_detector_state_inversion__2019-01-25__17_38_05__baseline,12.8,0.35952411874455575,3.0,False,sensor_combined
normal:land_detector_state_inversion__2019-01-25__17_38_05__baseline,13.6,0.3035480609055311,3.0,False,sensor_combined
normal:land_detector_state_inversion__2019-01-25__17_38_05__baseline,14.4,0.39915458186030967,3.0,False,sensor_combined
normal:land_detector_state_inversion__2019-01-25__17_38_05__baseline,15.2,0.33770917570824815,3.0,False,sensor_combined
normal:land_detector_state_inversion__2019-01-25__17_38_05__baseline,16.0,0.3293563647226107,3.0,False,sensor_combined
normal:land_detector_state_inversion__2019-01-25__17_38_05__baseline,16.8,0.41407642629625663,3.0,False,sensor_combined
normal:land_detector_state_inversion__2019-01-25__17_38_05__baseline,17.6,0.398402425052572,3.0,False,sensor_combined
normal:land_detector_state_inversion__2019-01-25__17_38_05__baseline,18.4,0.37255087502856055,3.0,False,sensor_combined
normal:land_detector_state_inversion__2019-01-25__17_38_05__baseline,19.2,0.47559802893939956,3.0,False,sensor_combined
normal:land_detector_state_inversion__2019-01-25__17_38_05__baseline,20.0,0.4540872028881476,3.0,False,sensor_combined
normal:land_detector_state_inversion__2019-01-25__17_38_05__baseline,20.8,0.4669797979295254,3.0,False,sensor_combined
normal:land_detector_state_inversion__2019-01-25__17_38_05__baseline,21.6,0.3251643153258994,3.0,False,sensor_combined
normal:land_detector_state_inversion__2019-01-25__17_38_05__baseline,22.4,0.33760282295057137,3.0,False,sensor_combined
normal:land_detector_state_inversion__2019-01-25__17_38_05__baseline,23.2,0.3810461610555649,3.0,False,sensor_combined
normal:land_detector_state_inversion__2019-01-25__17_38_05__baseline,24.0,0.41326142358582313,3.0,False,sensor_combined
normal:land_detector_state_inversion__2019-01-25__17_38_05__baseline,24.8,0.4155497848610354,3.0,False,sensor_combined
normal:land_detector_state_inversion__2019-01-25__17_38_05__baseline,25.6,0.47966684019222633,3.0,False,sensor_combined
normal:land_detector_state_inversion__2019-01-25__17_38_05__baseline,26.4,0.3988176763675938,3.0,False,sensor_combined
normal:land_detector_state_inversion__2019-01-25__17_38_05__baseline,27.2,0.30595024671794324,3.0,False,sensor_combined
normal:land_detector_state_inversion__2019-01-25__17_38_05__baseline,28.0,0.38244646958604805,3.0,False,sensor_combined
normal:land_detector_state_inversion__2019-01-25__17_38_05__baseline,28.8,0.42192470031065565,3.0,False,sensor_combined
normal:land_detector_state_inversion__2019-01-25__17_38_05__baseline,29.6,0.28839633441560897,3.0,False,sensor_combined
normal:land_detector_state_inversion__2019-01-25__17_38_05__baseline,30.4,0.283783340133853,3.0,False,sensor_combined
normal:land_detector_state_inversion__2019-01-25__17_38_05__baseline,31.2,0.24247658691118232,3.0,False,sensor_combined
normal:land_detector_state_inversion__2019-01-25__17_38_05__baseline,32.0,0.4182258632903884,3.0,False,sensor_combined
normal:land_detector_state_inversion__2019-01-25__17_38_05__baseline,32.8,0.33904008200004476,3.0,False,sensor_combined
normal:land_detector_state_inversion__2019-01-25__17_38_05__baseline,33.6,0.44623795354823514,3.0,False,sensor_combined
normal:land_detector_state_inversion__2019-01-25__17_38_05__baseline,34.4,0.45174841950730066,3.0,False,sensor_combined
normal:land_detector_state_inversion__2019-01-25__17_38_05__baseline,35.2,0.3871500630483374,3.0,False,sensor_combined
normal:land_detector_state_inversion__2019-01-25__17_38_05__baseline,36.0,0.38973297251974026,3.0,False,sensor_combined
normal:land_detector_state_inversion__2019-01-25__17_38_05__baseline,36.8,0.3588639304135672,3.0,False,sensor_combined
normal:land_detector_state_inversion__2019-01-25__17_38_05__baseline,37.6,0.3979264829126897,3.0,False,sensor_combined
normal:land_detector_state_inversion__2019-01-25__17_38_05__baseline,38.4,0.45204355200749197,3.0,False,sensor_combined
normal:land_detector_state_inversion__2019-01-25__17_38_05__baseline,39.2,0.3559253396679191,3.0,False,sensor_combined
normal:land_detector_state_inversion__2019-01-25__17_38_05__baseline,40.0,0.4514250058784674,3.0,False,sensor_combined
normal:land_detector_state_inversion__2019-01-25__17_38_05__baseline,40.8,0.6158986626064703,3.0,False,sensor_combined
normal:land_detector_state_inversion__2019-01-25__17_38_05__baseline,41.6,0.510172750800848,3.0,False,sensor_combined
normal:land_detector_state_inversion__2019-01-25__17_38_05__baseline,42.4,0.5530442797598336,3.0,False,sensor_combined
normal:land_detector_state_inversion__2019-01-25__17_38_05__baseline,43.2,0.4717307490229359,3.0,False,sensor_combined
normal:land_detector_state_inversion__2019-01-25__17_38_05__baseline,44.0,0.5160831630068868,3.0,False,sensor_combined
normal:land_detector_state_inversion__2019-01-25__17_38_05__baseline,44.8,0.4147990320720589,3.0,False,sensor_combined
normal:land_detector_state_inversion__2019-01-25__17_38_05__baseline,45.6,0.6307204960497249,3.0,False,sensor_combined
normal:land_detector_state_inversion__2019-01-25__17_38_05__baseline,46.4,0.38759878715503365,3.0,False,sensor_combined
normal:land_detector_state_inversion__2019-01-25__17_38_05__baseline,47.2,0.4429095651598553,3.0,False,sensor_combined
normal:land_detector_state_inversion__2019-01-25__17_38_05__baseline,48.0,0.43146667378109216,3.0,False,sensor_combined
normal:land_detector_state_inversion__2019-01-25__17_38_05__baseline,48.8,0.5138167465955177,3.0,False,sensor_combined
normal:land_detector_state_inversion__2019-01-25__17_38_05__baseline,49.6,0.5476018502132982,3.0,False,sensor_combined
normal:land_detector_state_inversion__2019-01-25__17_38_05__baseline,50.4,0.44180078543423174,3.0,False,sensor_combined
normal:land_detector_state_inversion__2019-01-25__17_38_05__baseline,51.2,0.37424257795251964,3.0,False,sensor_combined
normal:land_detector_state_inversion__2019-01-25__17_38_05__baseline,52.0,0.38765603674753063,3.0,False,sensor_combined
normal:land_detector_state_inversion__2019-01-25__17_38_05__baseline,52.8,0.3620567949881873,3.0,False,sensor_combined
normal:land_detector_state_inversion__2019-01-25__17_38_05__baseline,53.6,0.39458104417847845,3.0,False,sensor_combined
normal:land_detector_state_inversion__2019-01-25__17_38_05__baseline,54.4,0.2775266497022348,3.0,False,sensor_combined
normal:land_detector_state_inversion__2019-01-25__17_38_05__baseline,55.2,0.3200527516295923,3.0,False,sensor_combined
normal:land_detector_state_inversion__2019-01-25__17_38_05__baseline,56.0,0.3286994111432078,3.0,False,sensor_combined
normal:land_detector_state_inversion__2019-01-25__17_38_05__baseline,56.8,0.2784944479258776,3.0,False,sensor_combined
normal:land_detector_state_inversion__2019-01-25__17_38_05__baseline,57.6,0.3752663189462864,3.0,False,sensor_combined
normal:land_detector_state_inversion__2019-01-25__17_38_05__baseline,58.4,0.37231070765585095,3.0,False,sensor_combined
normal:land_detector_state_inversion__2019-01-25__17_38_05__baseline,59.2,0.35630132198336484,3.0,False,sensor_combined
normal:land_detector_state_inversion__2019-01-25__17_38_05__baseline,60.0,0.3601559803403996,3.0,False,sensor_combined
normal:land_detector_state_inversion__2019-01-25__17_38_05__baseline,60.8,0.4106324815372249,3.0,False,sensor_combined
normal:land_detector_state_inversion__2019-01-25__17_38_05__baseline,61.6,0.4007868705109293,3.0,False,sensor_combined
normal:land_detector_state_inversion__2019-01-25__17_38_05__baseline,62.4,0.3875319256628635,3.0,False,sensor_combined
normal:land_detector_state_inversion__2019-01-25__17_38_05__baseline,63.2,0.32717904075980186,3.0,False,sensor_combined
normal:land_detector_state_inversion__2019-01-25__17_38_05__baseline,64.0,0.2852097996707928,3.0,False,sensor_combined
normal:land_detector_state_inversion__2019-01-25__17_38_05__baseline,64.8,0.3170314888443241,3.0,False,sensor_combined
normal:land_detector_state_inversion__2019-01-25__17_38_05__baseline,65.6,0.31207513987428775,3.0,False,sensor_combined
normal:land_detector_state_inversion__2019-01-25__17_38_05__baseline,66.4,0.37411392679596256,3.0,False,sensor_combined
normal:land_detector_state_inversion__2019-01-25__17_38_05__baseline,67.2,0.2804567025536846,3.0,False,sensor_combined
normal:land_detector_state_inversion__2019-01-25__17_38_05__baseline,68.0,0.38662667386233807,3.0,False,sensor_combined
normal:land_detector_state_inversion__2019-01-25__17_38_05__baseline,68.8,0.44575234084078397,3.0,False,sensor_combined
normal:land_detector_state_inversion__2019-01-25__17_38_05__baseline,69.6,0.4442740632588757,3.0,False,sensor_combined
normal:land_detector_state_inversion__2019-01-25__17_38_05__baseline,70.4,0.35672829432142905,3.0,False,sensor_combined
normal:land_detector_state_inversion__2019-01-25__17_38_05__baseline,71.2,0.32803686077025085,3.0,False,sensor_combined
normal:land_detector_state_inversion__2019-01-25__17_38_05__baseline,72.0,0.35407010515306025,3.0,False,sensor_combined
normal:land_detector_state_inversion__2019-01-25__17_38_05__baseline,72.8,0.4188924723320811,3.0,False,sensor_combined
normal:land_detector_state_inversion__2019-01-25__17_38_05__baseline,73.6,0.3376401821099133,3.0,False,sensor_combined
normal:land_detector_state_inversion__2019-01-25__17_38_05__baseline,74.4,0.3254169121756718,3.0,False,sensor_combined
normal:land_detector_state_inversion__2019-01-25__17_38_05__baseline,75.2,0.49748449562384073,3.0,False,sensor_combined
normal:land_detector_state_inversion__2019-01-25__17_38_05__baseline,76.0,0.3774060567273664,3.0,False,sensor_combined
normal:land_detector_state_inversion__2019-01-25__17_38_05__baseline,76.8,0.34326635722826493,3.0,False,sensor_combined
normal:land_detector_state_inversion__2019-01-25__17_38_05__baseline,77.6,0.4390802531872045,3.0,False,sensor_combined
normal:land_detector_state_inversion__2019-01-25__17_38_05__baseline,78.4,0.36889091794282586,3.0,False,sensor_combined
normal:land_detector_state_inversion__2019-01-25__17_38_05__baseline,79.2,0.2812548391883203,3.0,False,sensor_combined
normal:land_detector_state_inversion__2019-01-25__17_38_05__baseline,80.0,0.2867485489696264,3.0,False,sensor_combined
normal:land_detector_state_inversion__2019-01-25__17_38_05__baseline,80.8,0.34556784478484304,3.0,False,sensor_combined
normal:land_detector_state_inversion__2019-01-25__17_38_05__baseline,81.6,0.6809643673704858,3.0,False,sensor_combined
normal:land_detector_state_inversion__2019-01-25__17_38_05__baseline,82.4,0.6345328436654452,3.0,False,sensor_combined
normal:land_detector_state_inversion__2019-01-25__17_38_05__baseline,83.2,0.5374589238390386,3.0,False,sensor_combined
normal:land_detector_state_inversion__2019-01-25__17_38_05__baseline,84.0,0.5426560322993123,3.0,False,sensor_combined
normal:land_detector_state_inversion__2019-01-25__17_38_05__baseline,84.8,0.6019225924485431,3.0,False,sensor_combined
normal:land_detector_state_inversion__2019-01-25__17_38_05__baseline,85.6,0.609344847237136,3.0,False,sensor_combined
normal:land_detector_state_inversion__2019-01-25__17_38_05__baseline,86.4,0.6126780285107575,3.0,False,sensor_combined
normal:land_detector_state_inversion__2019-01-25__17_38_05__baseline,87.2,0.5754802744625614,3.0,False,sensor_combined
normal:land_detector_state_inversion__2019-01-25__17_38_05__baseline,88.0,0.6157938599216901,3.0,False,sensor_combined
normal:land_detector_state_inversion__2019-01-25__17_38_05__baseline,88.8,0.5800102076516727,3.0,False,sensor_combined
normal:land_detector_state_inversion__2019-01-25__17_38_05__baseline,89.6,0.5852218470179522,3.0,False,sensor_combined
normal:land_detector_state_inversion__2019-01-25__17_38_05__baseline,90.4,0.6467317369072177,3.0,False,sensor_combined
normal:land_detector_state_inversion__2019-01-25__17_38_05__baseline,91.2,0.4776634850960348,3.0,False,sensor_combined
normal:land_detector_state_inversion__2019-01-25__17_38_05__baseline,92.0,0.16055693594718315,3.0,False,sensor_combined
normal:land_detector_state_inversion__2019-01-25__17_38_05__baseline,92.8,0.08597841253504157,3.0,False,sensor_combined
normal:land_detector_state_inversion__2019-01-25__17_38_05__baseline,93.6,0.0650734723537835,3.0,False,sensor_combined
fault:commander_nav_state_override__2019-01-25__17_38_05__fault,9.6,0.14281016787569428,3.0,False,actuator_controls_0
fault:commander_nav_state_override__2019-01-25__17_38_05__fault,10.4,0.14984410981169066,3.0,False,actuator_controls_0
fault:commander_nav_state_override__2019-01-25__17_38_05__fault,11.2,0.13549398564386947,3.0,False,actuator_controls_0
fault:commander_nav_state_override__2019-01-25__17_38_05__fault,12.0,0.17051761972376403,3.0,False,actuator_controls_0
fault:commander_nav_state_override__2019-01-25__17_38_05__fault,12.8,0.18774305323531412,3.0,False,actuator_controls_0
fault:commander_nav_state_override__2019-01-25__17_38_05__fault,13.6,0.20300107042396687,3.0,False,actuator_controls_0
fault:commander_nav_state_override__2019-01-25__17_38_05__fault,14.4,0.25785576420440826,3.0,False,actuator_controls_0
fault:commander_nav_state_override__2019-01-25__17_38_05__fault,15.2,0.2846507977068269,3.0,False,actuator_controls_0
fault:commander_nav_state_override__2019-01-25__17_38_05__fault,16.0,0.24448213795466137,3.0,False,actuator_controls_0
fault:commander_nav_state_override__2019-01-25__17_38_05__fault,16.8,0.25071444578380236,3.0,False,actuator_controls_0
fault:commander_nav_state_override__2019-01-25__17_38_05__fault,17.6,0.2225870283713106,3.0,False,actuator_controls_0
fault:commander_nav_state_override__2019-01-25__17_38_05__fault,18.4,0.25591510149248486,3.0,False,actuator_controls_0
fault:commander_nav_state_override__2019-01-25__17_38_05__fault,19.2,0.24042953558992197,3.0,False,actuator_controls_0
fault:commander_nav_state_override__2019-01-25__17_38_05__fault,20.0,0.1656479229533379,3.0,False,actuator_controls_0
fault:commander_nav_state_override__2019-01-25__17_38_05__fault,20.8,0.18006535547583385,3.0,False,actuator_controls_0
fault:commander_nav_state_override__2019-01-25__17_38_05__fault,21.6,0.1042933145950386,3.0,False,actuator_controls_0
fault:commander_nav_state_override__2019-01-25__17_38_05__fault,22.4,0.16550876373193982,3.0,False,actuator_controls_0
fault:commander_nav_state_override__2019-01-25__17_38_05__fault,23.2,0.141816308889253,3.0,False,actuator_controls_0
fault:commander_nav_state_override__2019-01-25__17_38_05__fault,24.0,0.23781510267857292,3.0,False,actuator_controls_0
fault:commander_nav_state_override__2019-01-25__17_38_05__fault,24.8,0.24394533589887105,3.0,False,actuator_controls_0
fault:commander_nav_state_override__2019-01-25__17_38_05__fault,25.6,0.2695627302612253,3.0,False,actuator_controls_0
fault:commander_nav_state_override__2019-01-25__17_38_05__fault,26.4,0.2300825041483988,3.0,False,actuator_controls_0
fault:commander_nav_state_override__2019-01-25__17_38_05__fault,27.2,0.23678594369916256,3.0,False,actuator_controls_0
fault:commander_nav_state_override__2019-01-25__17_38_05__fault,28.0,0.18875493184688896,3.0,False,actuator_controls_0
fault:commander_nav_state_override__2019-01-25__17_38_05__fault,28.8,0.24734971318992013,3.0,False,actuator_controls_0
fault:commander_nav_state_override__2019-01-25__17_38_05__fault,29.6,1.0656554996967316,3.0,False,vehicle_status
fault:commander_nav_state_override__2019-01-25__17_38_05__fault,30.4,2.8277348091725325,3.0,False,vehicle_status
fault:commander_nav_state_override__2019-01-25__17_38_05__fault,31.2,5.708289192110366,3.0,False,vehicle_status
fault:commander_nav_state_override__2019-01-25__17_38_05__fault,32.0,15.182557106018066,3.0,False,vehicle_status
fault:commander_nav_state_override__2019-01-25__17_38_05__fault,32.8,20.637218952178955,3.0,True,vehicle_status
fault:commander_nav_state_override__2019-01-25__17_38_05__fault,33.6,22.07026360937021,3.0,True,vehicle_status
fault:commander_nav_state_override__2019-01-25__17_38_05__fault,34.4,22.07026360937021,3.0,True,vehicle_status
fault:commander_nav_state_override__2019-01-25__17_38_05__fault,35.2,22.070274698198556,3.0,True,vehicle_status
fault:commander_nav_state_override__2019-01-25__17_38_05__fault,36.0,22.070274698198556,3.0,True,vehicle_status
fault:commander_nav_state_override__2019-01-25__17_38_05__fault,36.8,22.070274698198556,3.0,True,vehicle_status
fault:commander_nav_state_override__2019-01-25__17_38_05__fault,37.6,22.070274698198556,3.0,True,vehicle_status
fault:commander_nav_state_override__2019-01-25__17_38_05__fault,38.4,22.070274698198556,3.0,True,vehicle_status
fault:commander_nav_state_override__2019-01-25__17_38_05__fault,39.2,24.693387746810913,3.0,True,vehicle_status
fault:commander_nav_state_override__2019-01-25__17_38_05__fault,40.0,65.4560375213623,3.0,True,vehicle_status
fault:commander_nav_state_override__2019-01-25__17_38_05__fault,40.8,65.4560375213623,3.0,True,vehicle_status
fault:commander_nav_state_override__2019-01-25__17_38_05__fault,41.6,65.4560375213623,3.0,True,vehicle_status
fault:commander_nav_state_override__2019-01-25__17_38_05__fault,42.4,65.4560375213623,3.0,True,vehicle_status
fault:commander_nav_state_override__2019-01-25__17_38_05__fault,43.2,65.4560375213623,3.0,True,vehicle_status
fault:commander_nav_state_override__2019-01-25__17_38_05__fault,44.0,65.4560375213623,3.0,True,vehicle_status
fault:commander_nav_state_override__2019-01-25__17_38_05__fault,44.8,65.4560375213623,3.0,True,vehicle_status
fault:commander_nav_state_override__2019-01-25__17_38_05__fault,45.6,65.4560375213623,3.0,True,vehicle_status
fault:commander_nav_state_override__2019-01-25__17_38_05__fault,46.4,65.4560375213623,3.0,True,vehicle_status
fault:commander_nav_state_override__2019-01-25__17_38_05__fault,47.2,65.4560375213623,3.0,True,vehicle_status
fault:commander_nav_state_override__2019-01-25__17_38_05__fault,48.0,65.4560375213623,3.0,True,vehicle_status
fault:commander_nav_state_override__2019-01-25__17_38_05__fault,48.8,65.4560375213623,3.0,True,vehicle_status
fault:commander_nav_state_override__2019-01-25__17_38_05__fault,49.6,65.4560375213623,3.0,True,vehicle_status
fault:commander_nav_state_override__2019-01-25__17_38_05__fault,50.4,65.4560375213623,3.0,True,vehicle_status
fault:commander_nav_state_override__2019-01-25__17_38_05__fault,51.2,65.4560375213623,3.0,True,vehicle_status
fault:commander_nav_state_override__2019-01-25__17_38_05__fault,52.0,65.4560375213623,3.0,True,vehicle_status
fault:commander_nav_state_override__2019-01-25__17_38_05__fault,52.8,65.4560375213623,3.0,True,vehicle_status
fault:commander_nav_state_override__2019-01-25__17_38_05__fault,53.6,65.4560375213623,3.0,True,vehicle_status
fault:commander_nav_state_override__2019-01-25__17_38_05__fault,54.4,65.4560375213623,3.0,True,vehicle_status
fault:commander_nav_state_override__2019-01-25__17_38_05__fault,55.2,65.4560375213623,3.0,True,vehicle_status
fault:commander_nav_state_override__2019-01-25__17_38_05__fault,56.0,65.4560375213623,3.0,True,vehicle_status
fault:commander_nav_state_override__2019-01-25__17_38_05__fault,56.8,65.4560375213623,3.0,True,vehicle_status
fault:commander_nav_state_override__2019-01-25__17_38_05__fault,57.6,65.4560375213623,3.0,True,vehicle_status
fault:commander_nav_state_override__2019-01-25__17_38_05__fault,58.4,65.4560375213623,3.0,True,vehicle_status
fault:commander_nav_state_override__2019-01-25__17_38_05__fault,59.2,65.4560375213623,3.0,True,vehicle_status
fault:commander_nav_state_override__2019-01-25__17_38_05__fault,60.0,65.4560375213623,3.0,True,vehicle_status
fault:commander_nav_state_override__2019-01-25__17_38_05__fault,60.8,65.4560375213623,3.0,True,vehicle_status
fault:commander_nav_state_override__2019-01-25__17_38_05__fault,61.6,65.4560375213623,3.0,True,vehicle_status
fault:commander_nav_state_override__2019-01-25__17_38_05__fault,62.4,65.4560375213623,3.0,True,vehicle_status
fault:commander_nav_state_override__2019-01-25__17_38_05__fault,63.2,65.4560375213623,3.0,True,vehicle_status
fault:commander_nav_state_override__2019-01-25__17_38_05__fault,64.0,65.4560375213623,3.0,True,vehicle_status
fault:commander_nav_state_override__2019-01-25__17_38_05__fault,64.8,65.4560375213623,3.0,True,vehicle_status
fault:commander_nav_state_override__2019-01-25__17_38_05__fault,65.6,65.4560375213623,3.0,True,vehicle_status
fault:commander_nav_state_override__2019-01-25__17_38_05__fault,66.4,65.4560375213623,3.0,True,vehicle_status
fault:commander_nav_state_override__2019-01-25__17_38_05__fault,67.2,65.4560375213623,3.0,True,vehicle_status
fault:commander_nav_state_override__2019-01-25__17_38_05__fault,68.0,65.4560375213623,3.0,True,vehicle_status
fault:commander_nav_state_override__2019-01-25__17_38_05__fault,68.8,65.4560375213623,3.0,True,vehicle_status
fault:commander_nav_state_override__2019-01-25__17_38_05__fault,69.6,65.4560375213623,3.0,True,vehicle_status
fault:commander_nav_state_override__2019-01-25__17_38_05__fault,70.4,65.4560375213623,3.0,True,vehicle_status
fault:commander_nav_state_override__2019-01-25__17_38_05__fault,71.2,65.4560375213623,3.0,True,vehicle_status
fault:commander_nav_state_override__2019-01-25__17_38_05__fault,72.0,65.4560375213623,3.0,True,vehicle_status
fault:commander_nav_state_override__2019-01-25__17_38_05__fault,72.8,65.4560375213623,3.0,True,vehicle_status
fault:commander_nav_state_override__2019-01-25__17_38_05__fault,73.6,65.4560375213623,3.0,True,vehicle_status
fault:commander_nav_state_override__2019-01-25__17_38_05__fault,74.4,65.4560375213623,3.0,True,vehicle_status
fault:commander_nav_state_override__2019-01-25__17_38_05__fault,75.2,65.4560375213623,3.0,True,vehicle_status
fault:commander_nav_state_override__2019-01-25__17_38_05__fault,76.0,65.4560375213623,3.0,True,vehicle_status
fault:commander_nav_state_override__2019-01-25__17_38_05__fault,76.8,65.4560375213623,3.0,True,vehicle_status
fault:commander_nav_state_override__2019-01-25__17_38_05__fault,77.6,65.4560375213623,3.0,True,vehicle_status
fault:commander_nav_state_override__2019-01-25__17_38_05__fault,78.4,65.4560375213623,3.0,True,vehicle_status
fault:commander_nav_state_override__2019-01-25__17_38_05__fault,79.2,65.4560375213623,3.0,True,vehicle_status
fault:commander_nav_state_override__2019-01-25__17_38_05__fault,80.0,65.4560375213623,3.0,True,vehicle_status
fault:commander_nav_state_override__2019-01-25__17_38_05__fault,80.8,65.4560375213623,3.0,True,vehicle_status
fault:commander_nav_state_override__2019-01-25__17_38_05__fault,81.6,65.4560375213623,3.0,True,vehicle_status
fault:commander_nav_state_override__2019-01-25__17_38_05__fault,82.4,65.4560375213623,3.0,True,vehicle_status
fault:commander_nav_state_override__2019-01-25__17_38_05__fault,83.2,65.4560375213623,3.0,True,vehicle_status
fault:commander_nav_state_override__2019-01-25__17_38_05__fault,84.0,65.4560375213623,3.0,True,vehicle_status
fault:commander_nav_state_override__2019-01-25__17_38_05__fault,84.8,65.4560375213623,3.0,True,vehicle_status
fault:commander_nav_state_override__2019-01-25__17_38_05__fault,85.6,65.4560375213623,3.0,True,vehicle_status
fault:commander_nav_state_override__2019-01-25__17_38_05__fault,86.4,65.4560375213623,3.0,True,vehicle_status
fault:commander_nav_state_override__2019-01-25__17_38_05__fault,87.2,65.4560375213623,3.0,True,vehicle_status
fault:commander_nav_state_override__2019-01-25__17_38_05__fault,88.0,65.4560375213623,3.0,True,vehicle_status
fault:commander_nav_state_override__2019-01-25__17_38_05__fault,88.8,65.4560375213623,3.0,True,vehicle_status
fault:commander_nav_state_override__2019-01-25__17_38_05__fault,89.6,65.4560375213623,3.0,True,vehicle_status
fault:commander_nav_state_override__2019-01-25__17_38_05__fault,90.4,65.4560375213623,3.0,True,vehicle_status
fault:commander_nav_state_override__2019-01-25__17_38_05__fault,91.2,65.4560375213623,3.0,True,vehicle_status
fault:commander_nav_state_override__2019-01-25__17_38_05__fault,92.0,65.4560375213623,3.0,True,vehicle_status
fault:commander_nav_state_override__2019-01-25__17_38_05__fault,92.8,65.4560375213623,3.0,True,vehicle_status
fault:commander_nav_state_override__2019-01-25__17_38_05__fault,93.6,65.4560375213623,3.0,True,vehicle_status
fault:ekf2_innovation_bias__2019-01-25__17_38_05__fault,9.6,0.8697501158481994,3.0,False,ekf2_innovations
fault:ekf2_innovation_bias__2019-01-25__17_38_05__fault,10.4,1.2608495354652405,3.0,False,ekf2_innovations
fault:ekf2_innovation_bias__2019-01-25__17_38_05__fault,11.2,1.1041483596273731,3.0,False,ekf2_innovations
fault:ekf2_innovation_bias__2019-01-25__17_38_05__fault,12.0,1.1143690347671509,3.0,False,ekf2_innovations
fault:ekf2_innovation_bias__2019-01-25__17_38_05__fault,12.8,1.1143690347671509,3.0,False,ekf2_innovations
fault:ekf2_innovation_bias__2019-01-25__17_38_05__fault,13.6,1.1143690347671509,3.0,False,ekf2_innovations
fault:ekf2_innovation_bias__2019-01-25__17_38_05__fault,14.4,1.1143690347671509,3.0,False,ekf2_innovations
fault:ekf2_innovation_bias__2019-01-25__17_38_05__fault,15.2,1.1143690347671509,3.0,False,ekf2_innovations
fault:ekf2_innovation_bias__2019-01-25__17_38_05__fault,16.0,1.1141296476125717,3.0,False,ekf2_innovations
fault:ekf2_innovation_bias__2019-01-25__17_38_05__fault,16.8,1.1343363077222834,3.0,False,ekf2_innovations
fault:ekf2_innovation_bias__2019-01-25__17_38_05__fault,17.6,0.9507821500301361,3.0,False,ekf2_innovations
fault:ekf2_innovation_bias__2019-01-25__17_38_05__fault,18.4,1.0612823466943184,3.0,False,ekf2_innovations
fault:ekf2_innovation_bias__2019-01-25__17_38_05__fault,19.2,0.9765686094760895,3.0,False,ekf2_innovations
fault:ekf2_innovation_bias__2019-01-25__17_38_05__fault,20.0,0.33889935912674307,3.0,False,ekf2_innovations
fault:ekf2_innovation_bias__2019-01-25__17_38_05__fault,20.8,0.18812862228737648,3.0,False,vehicle_attitude
fault:ekf2_innovation_bias__2019-01-25__17_38_05__fault,21.6,0.3789249354906137,3.0,False,vehicle_attitude
fault:ekf2_innovation_bias__2019-01-25__17_38_05__fault,22.4,0.207478418351442,3.0,False,actuator_controls_0
fault:ekf2_innovation_bias__2019-01-25__17_38_05__fault,23.2,0.21387764604575946,3.0,False,actuator_controls_0
fault:ekf2_innovation_bias__2019-01-25__17_38_05__fault,24.0,0.2863575658120326,3.0,False,vehicle_attitude
fault:ekf2_innovation_bias__2019-01-25__17_38_05__fault,24.8,0.3514185588404253,3.0,False,vehicle_attitude
fault:ekf2_innovation_bias__2019-01-25__17_38_05__fault,25.6,0.26414361102223693,3.0,False,vehicle_attitude
fault:ekf2_innovation_bias__2019-01-25__17_38_05__fault,26.4,0.23226156153618818,3.0,False,actuator_controls_0
fault:ekf2_innovation_bias__2019-01-25__17_38_05__fault,27.2,0.24066179801747595,3.0,False,actuator_controls_0
fault:ekf2_innovation_bias__2019-01-25__17_38_05__fault,28.0,0.27661424095105847,3.0,False,vehicle_attitude
fault:ekf2_innovation_bias__2019-01-25__17_38_05__fault,28.8,0.42870321462315036,3.0,False,vehicle_attitude
fault:ekf2_innovation_bias__2019-01-25__17_38_05__fault,29.6,0.354861706904957,3.0,False,actuator_controls_0
fault:ekf2_innovation_bias__2019-01-25__17_38_05__fault,30.4,0.2734572202134441,3.0,False,actuator_controls_0
fault:ekf2_innovation_bias__2019-01-25__17_38_05__fault,31.2,0.2453112923148841,3.0,False,actuator_controls_0
fault:ekf2_innovation_bias__2019-01-25__17_38_05__fault,32.0,0.2832224722689095,3.0,False,actuator_controls_0
fault:ekf2_innovation_bias__2019-01-25__17_38_05__fault,32.8,0.2892079644990892,3.0,False,vehicle_attitude
fault:ekf2_innovation_bias__2019-01-25__17_38_05__fault,33.6,0.31409852206707,3.0,False,vehicle_attitude
fault:ekf2_innovation_bias__2019-01-25__17_38_05__fault,34.4,0.5368263341782443,3.0,False,vehicle_attitude
fault:ekf2_innovation_bias__2019-01-25__17_38_05__fault,35.2,0.3435606240010329,3.0,False,vehicle_attitude
fault:ekf2_innovation_bias__2019-01-25__17_38_05__fault,36.0,0.3875520835012313,3.0,False,vehicle_attitude
fault:ekf2_innovation_bias__2019-01-25__17_38_05__fault,36.8,0.40318894708523195,3.0,False,vehicle_attitude
fault:ekf2_innovation_bias__2019-01-25__17_38_05__fault,37.6,0.5140409241328046,3.0,False,vehicle_attitude
fault:ekf2_innovation_bias__2019-01-25__17_38_05__fault,38.4,0.7592088856629866,3.0,False,vehicle_attitude
fault:ekf2_innovation_bias__2019-01-25__17_38_05__fault,39.2,0.5842618341019742,3.0,False,vehicle_attitude
fault:ekf2_innovation_bias__2019-01-25__17_38_05__fault,40.0,0.6143225330162475,3.0,False,vehicle_attitude
fault:ekf2_innovation_bias__2019-01-25__17_38_05__fault,40.8,0.8188237316133468,3.0,False,vehicle_attitude
fault:ekf2_innovation_bias__2019-01-25__17_38_05__fault,41.6,0.720246938441416,3.0,False,vehicle_attitude
fault:ekf2_innovation_bias__2019-01-25__17_38_05__fault,42.4,0.572010775431971,3.0,False,vehicle_attitude
fault:ekf2_innovation_bias__2019-01-25__17_38_05__fault,43.2,0.44935367368775403,3.0,False,vehicle_attitude
fault:ekf2_innovation_bias__2019-01-25__17_38_05__fault,44.0,0.5422058778535701,3.0,False,vehicle_attitude
fault:ekf2_innovation_bias__2019-01-25__17_38_05__fault,44.8,0.572010775431971,3.0,False,vehicle_attitude
fault:ekf2_innovation_bias__2019-01-25__17_38_05__fault,45.6,0.3487974128983577,3.0,False,vehicle_attitude
fault:ekf2_innovation_bias__2019-01-25__17_38_05__fault,46.4,0.36421409685584616,3.0,False,vehicle_attitude
fault:ekf2_innovation_bias__2019-01-25__17_38_05__fault,47.2,0.36506169027950003,3.0,False,vehicle_attitude
fault:ekf2_innovation_bias__2019-01-25__17_38_05__fault,48.0,0.44861989532795965,3.0,False,vehicle_attitude
fault:ekf2_innovation_bias__2019-01-25__17_38_05__fault,48.8,0.4415452667624115,3.0,False,vehicle_attitude
fault:ekf2_innovation_bias__2019-01-25__17_38_05__fault,49.6,0.4543611198869929,3.0,False,vehicle_attitude
fault:ekf2_innovation_bias__2019-01-25__17_38_05__fault,50.4,0.49018421968040404,3.0,False,vehicle_attitude
fault:ekf2_innovation_bias__2019-01-25__17_38_05__fault,51.2,0.5025486671304853,3.0,False,vehicle_attitude
fault:ekf2_innovation_bias__2019-01-25__17_38_05__fault,52.0,0.588078391615352,3.0,False,vehicle_attitude
fault:ekf2_innovation_bias__2019-01-25__17_38_05__fault,52.8,1.0281395180700887,3.0,False,vehicle_attitude
fault:ekf2_innovation_bias__2019-01-25__17_38_05__fault,53.6,0.7665581917550481,3.0,False,vehicle_attitude
fault:ekf2_innovation_bias__2019-01-25__17_38_05__fault,54.4,0.8804422058214154,3.0,False,vehicle_attitude
fault:ekf2_innovation_bias__2019-01-25__17_38_05__fault,55.2,0.985630889656544,3.0,False,vehicle_attitude
fault:ekf2_innovation_bias__2019-01-25__17_38_05__fault,56.0,1.0206772216595477,3.0,False,vehicle_attitude
fault:ekf2_innovation_bias__2019-01-25__17_38_05__fault,56.8,0.832849754680348,3.0,False,vehicle_attitude
fault:ekf2_innovation_bias__2019-01-25__17_38_05__fault,57.6,0.748458789184062,3.0,False,vehicle_attitude
fault:ekf2_innovation_bias__2019-01-25__17_38_05__fault,58.4,0.5836749572947907,3.0,False,vehicle_attitude
fault:ekf2_innovation_bias__2019-01-25__17_38_05__fault,59.2,0.5686354128133775,3.0,False,vehicle_attitude
fault:ekf2_innovation_bias__2019-01-25__17_38_05__fault,60.0,0.5848419015269722,3.0,False,vehicle_attitude
fault:ekf2_innovation_bias__2019-01-25__17_38_05__fault,60.8,0.5407990285507709,3.0,False,vehicle_attitude
fault:ekf2_innovation_bias__2019-01-25__17_38_05__fault,61.6,0.5205677239558021,3.0,False,vehicle_attitude
fault:ekf2_innovation_bias__2019-01-25__17_38_05__fault,62.4,0.5208021839440561,3.0,False,vehicle_attitude
fault:ekf2_innovation_bias__2019-01-25__17_38_05__fault,63.2,0.5182289489278301,3.0,False,vehicle_attitude
fault:ekf2_innovation_bias__2019-01-25__17_38_05__fault,64.0,0.6208245221513154,3.0,False,vehicle_attitude
fault:ekf2_innovation_bias__2019-01-25__17_38_05__fault,64.8,0.6025774501978227,3.0,False,vehicle_attitude
fault:ekf2_innovation_bias__2019-01-25__17_38_05__fault,65.6,0.6368501303367765,3.0,False,vehicle_attitude
fault:ekf2_innovation_bias__2019-01-25__17_38_05__fault,66.4,0.6009560105167928,3.0,False,vehicle_attitude
fault:ekf2_innovation_bias__2019-01-25__17_38_05__fault,67.2,0.6004143855666033,3.0,False,vehicle_attitude
fault:ekf2_innovation_bias__2019-01-25__17_38_05__fault,68.0,0.5983222456762082,3.0,False,vehicle_attitude
fault:ekf2_innovation_bias__2019-01-25__17_38_05__fault,68.8,0.6174239440285079,3.0,False,vehicle_attitude
fault:ekf2_innovation_bias__2019-01-25__17_38_05__fault,69.6,0.7207007209185528,3.0,False,vehicle_attitude
fault:ekf2_innovation_bias__2019-01-25__17_38_05__fault,70.4,0.7563669916797174,3.0,False,vehicle_attitude
fault:ekf2_innovation_bias__2019-01-25__17_38_05__fault,71.2,0.6199664906757827,3.0,False,vehicle_attitude
fault:ekf2_innovation_bias__2019-01-25__17_38_05__fault,72.0,0.6208245221513154,3.0,False,vehicle_attitude
fault:ekf2_innovation_bias__2019-01-25__17_38_05__fault,72.8,1.0345938220060678,3.0,False,vehicle_attitude
fault:ekf2_innovation_bias__2019-01-25__17_38_05__fault,73.6,0.6831854898555431,3.0,False,vehicle_attitude
fault:ekf2_innovation_bias__2019-01-25__17_38_05__fault,74.4,0.6932670246172123,3.0,False,vehicle_attitude
fault:ekf2_innovation_bias__2019-01-25__17_38_05__fault,75.2,0.5261775880212672,3.0,False,vehicle_attitude
fault:ekf2_innovation_bias__2019-01-25__17_38_05__fault,76.0,0.42282730726149315,3.0,False,vehicle_attitude
fault:ekf2_innovation_bias__2019-01-25__17_38_05__fault,76.8,0.442045153108652,3.0,False,vehicle_attitude
fault:ekf2_innovation_bias__2019-01-25__17_38_05__fault,77.6,0.37096744661929815,3.0,False,vehicle_attitude
fault:ekf2_innovation_bias__2019-01-25__17_38_05__fault,78.4,0.5427514397014398,3.0,False,vehicle_attitude
fault:ekf2_innovation_bias__2019-01-25__17_38_05__fault,79.2,0.4849871059926806,3.0,False,vehicle_attitude
fault:ekf2_innovation_bias__2019-01-25__17_38_05__fault,80.0,0.4899278039904649,3.0,False,vehicle_attitude
fault:ekf2_innovation_bias__2019-01-25__17_38_05__fault,80.8,0.6482721091607,3.0,False,vehicle_attitude
fault:ekf2_innovation_bias__2019-01-25__17_38_05__fault,81.6,0.6727512288162687,3.0,False,actuator_controls_0
fault:ekf2_innovation_bias__2019-01-25__17_38_05__fault,82.4,0.6708950263807396,3.0,False,vehicle_attitude
fault:ekf2_innovation_bias__2019-01-25__17_38_05__fault,83.2,0.5867415395446987,3.0,False,vehicle_attitude
fault:ekf2_innovation_bias__2019-01-25__17_38_05__fault,84.0,0.5915688941177156,3.0,False,actuator_controls_0
fault:ekf2_innovation_bias__2019-01-25__17_38_05__fault,84.8,0.45916246023346835,3.0,False,actuator_controls_0
fault:ekf2_innovation_bias__2019-01-25__17_38_05__fault,85.6,0.5332862621538194,3.0,False,actuator_controls_0
fault:ekf2_innovation_bias__2019-01-25__17_38_05__fault,86.4,0.5362236855212715,3.0,False,vehicle_attitude
fault:ekf2_innovation_bias__2019-01-25__17_38_05__fault,87.2,0.9207165719563565,3.0,False,vehicle_attitude
fault:ekf2_innovation_bias__2019-01-25__17_38_05__fault,88.0,0.7203126872912462,3.0,False,ekf2_innovations
fault:ekf2_innovation_bias__2019-01-25__17_38_05__fault,88.8,0.8110865205526352,3.0,False,ekf2_innovations
fault:ekf2_innovation_bias__2019-01-25__17_38_05__fault,89.6,0.7506865580002476,3.0,False,ekf2_innovations
fault:ekf2_innovation_bias__2019-01-25__17_38_05__fault,90.4,0.7506865580002476,3.0,False,ekf2_innovations
fault:ekf2_innovation_bias__2019-01-25__17_38_05__fault,91.2,0.7506865580002476,3.0,False,ekf2_innovations
fault:ekf2_innovation_bias__2019-01-25__17_38_05__fault,92.0,0.8063073242933304,3.0,False,vehicle_attitude
fault:ekf2_innovation_bias__2019-01-25__17_38_05__fault,92.8,0.7506865580002476,3.0,False,ekf2_innovations
fault:inav_local_z_freeze__2019-01-25__17_38_05__fault,9.6,0.3274628141857045,3.0,False,sensor_combined
fault:inav_local_z_freeze__2019-01-25__17_38_05__fault,10.4,0.28024040536773337,3.0,False,sensor_combined
fault:inav_local_z_freeze__2019-01-25__17_38_05__fault,11.2,0.29364898800849915,3.0,False,sensor_combined
fault:inav_local_z_freeze__2019-01-25__17_38_05__fault,12.0,0.27191223261253294,3.0,False,actuator_controls_0
fault:inav_local_z_freeze__2019-01-25__17_38_05__fault,12.8,0.2912434058779544,3.0,False,actuator_controls_0
fault:inav_local_z_freeze__2019-01-25__17_38_05__fault,13.6,0.2566492007997147,3.0,False,actuator_controls_0
fault:inav_local_z_freeze__2019-01-25__17_38_05__fault,14.4,0.31950532810015875,3.0,False,sensor_combined
fault:inav_local_z_freeze__2019-01-25__17_38_05__fault,15.2,0.3120525164582201,3.0,False,sensor_combined
fault:inav_local_z_freeze__2019-01-25__17_38_05__fault,16.0,0.3820550342981876,3.0,False,sensor_combined
fault:inav_local_z_freeze__2019-01-25__17_38_05__fault,16.8,0.2861415984721246,3.0,False,sensor_combined
fault:inav_local_z_freeze__2019-01-25__17_38_05__fault,17.6,0.2503234808415984,3.0,False,sensor_combined
fault:inav_local_z_freeze__2019-01-25__17_38_05__fault,18.4,0.3543629239942641,3.0,False,sensor_combined
fault:inav_local_z_freeze__2019-01-25__17_38_05__fault,19.2,0.29315678691561187,3.0,False,sensor_combined
fault:inav_local_z_freeze__2019-01-25__17_38_05__fault,20.0,0.27592898397571897,3.0,False,sensor_combined
fault:inav_local_z_freeze__2019-01-25__17_38_05__fault,20.8,0.2619522258000287,3.0,False,sensor_combined
fault:inav_local_z_freeze__2019-01-25__17_38_05__fault,21.6,0.2518938132612408,3.0,False,sensor_combined
fault:inav_local_z_freeze__2019-01-25__17_38_05__fault,22.4,0.24673511182292676,3.0,False,actuator_controls_0
fault:inav_local_z_freeze__2019-01-25__17_38_05__fault,23.2,0.3215994289363517,3.0,False,sensor_combined
fault:inav_local_z_freeze__2019-01-25__17_38_05__fault,24.0,0.2719307389800672,3.0,False,sensor_combined
fault:inav_local_z_freeze__2019-01-25__17_38_05__fault,24.8,0.33217009668026276,3.0,False,sensor_combined
fault:inav_local_z_freeze__2019-01-25__17_38_05__fault,25.6,0.30670844615943527,3.0,False,actuator_controls_0
fault:inav_local_z_freeze__2019-01-25__17_38_05__fault,26.4,0.26522355471471115,3.0,False,actuator_controls_0
fault:inav_local_z_freeze__2019-01-25__17_38_05__fault,27.2,0.24640313637503894,3.0,False,sensor_combined
fault:inav_local_z_freeze__2019-01-25__17_38_05__fault,28.0,0.3367352118161829,3.0,False,sensor_combined
fault:inav_local_z_freeze__2019-01-25__17_38_05__fault,28.8,0.289812893713109,3.0,False,sensor_combined
fault:inav_local_z_freeze__2019-01-25__17_38_05__fault,29.6,0.30999426738606206,3.0,False,actuator_controls_0
fault:inav_local_z_freeze__2019-01-25__17_38_05__fault,30.4,0.27476709759122603,3.0,False,actuator_controls_0
fault:inav_local_z_freeze__2019-01-25__17_38_05__fault,31.2,0.24049989326469776,3.0,False,actuator_controls_0
fault:inav_local_z_freeze__2019-01-25__17_38_05__fault,32.0,0.26393076097055607,3.0,False,actuator_controls_0
fault:inav_local_z_freeze__2019-01-25__17_38_05__fault,32.8,0.2465415620601144,3.0,False,sensor_combined
fault:inav_local_z_freeze__2019-01-25__17_38_05__fault,33.6,0.32319818355432695,3.0,False,sensor_combined
fault:inav_local_z_freeze__2019-01-25__17_38_05__fault,34.4,0.36227458933571266,3.0,False,sensor_combined
fault:inav_local_z_freeze__2019-01-25__17_38_05__fault,35.2,0.30059901820509294,3.0,False,sensor_combined
fault:inav_local_z_freeze__2019-01-25__17_38_05__fault,36.0,0.2930415635393302,3.0,False,sensor_combined
fault:inav_local_z_freeze__2019-01-25__17_38_05__fault,36.8,0.3162651770413353,3.0,False,sensor_combined
fault:inav_local_z_freeze__2019-01-25__17_38_05__fault,37.6,0.2767716108540551,3.0,False,sensor_combined
fault:inav_local_z_freeze__2019-01-25__17_38_05__fault,38.4,0.3003851517120867,3.0,False,sensor_combined
fault:inav_local_z_freeze__2019-01-25__17_38_05__fault,39.2,0.29347579434401844,3.0,False,sensor_combined
fault:inav_local_z_freeze__2019-01-25__17_38_05__fault,40.0,0.3274376932078174,3.0,False,sensor_combined
fault:inav_local_z_freeze__2019-01-25__17_38_05__fault,40.8,0.36883203432722084,3.0,False,sensor_combined
fault:inav_local_z_freeze__2019-01-25__17_38_05__fault,41.6,0.36407372750752304,3.0,False,sensor_combined
fault:inav_local_z_freeze__2019-01-25__17_38_05__fault,42.4,0.39698307265871735,3.0,False,sensor_combined
fault:inav_local_z_freeze__2019-01-25__17_38_05__fault,43.2,0.30618565888018845,3.0,False,sensor_combined
fault:inav_local_z_freeze__2019-01-25__17_38_05__fault,44.0,0.40909989710302797,3.0,False,sensor_combined
fault:inav_local_z_freeze__2019-01-25__17_38_05__fault,44.8,0.33800098353613584,3.0,False,sensor_combined
fault:inav_local_z_freeze__2019-01-25__17_38_05__fault,45.6,0.3857170604169369,3.0,False,sensor_combined
fault:inav_local_z_freeze__2019-01-25__17_38_05__fault,46.4,0.30466910974808403,3.0,False,sensor_combined
fault:inav_local_z_freeze__2019-01-25__17_38_05__fault,47.2,0.3288579429782783,3.0,False,sensor_combined
fault:inav_local_z_freeze__2019-01-25__17_38_05__fault,48.0,0.3052308101084957,3.0,False,sensor_combined
fault:inav_local_z_freeze__2019-01-25__17_38_05__fault,48.8,0.35708038657193875,3.0,False,sensor_combined
fault:inav_local_z_freeze__2019-01-25__17_38_05__fault,49.6,0.31632326817769213,3.0,False,sensor_combined
fault:inav_local_z_freeze__2019-01-25__17_38_05__fault,50.4,0.3579673583913884,3.0,False,sensor_combined
fault:inav_local_z_freeze__2019-01-25__17_38_05__fault,51.2,0.2575386941444854,3.0,False,sensor_combined
fault:inav_local_z_freeze__2019-01-25__17_38_05__fault,52.0,0.305846769958627,3.0,False,sensor_combined
fault:inav_local_z_freeze__2019-01-25__17_38_05__fault,52.8,0.29517266318503926,3.0,False,sensor_combined
fault:inav_local_z_freeze__2019-01-25__17_38_05__fault,53.6,0.2834246236395522,3.0,False,sensor_combined
fault:inav_local_z_freeze__2019-01-25__17_38_05__fault,54.4,0.24893768480998796,3.0,False,sensor_combined
fault:inav_local_z_freeze__2019-01-25__17_38_05__fault,55.2,0.23970676677797498,3.0,False,sensor_combined
fault:inav_local_z_freeze__2019-01-25__17_38_05__fault,56.0,0.23856734660413723,3.0,False,sensor_combined
fault:inav_local_z_freeze__2019-01-25__17_38_05__fault,56.8,0.23856734660413723,3.0,False,sensor_combined
fault:inav_local_z_freeze__2019-01-25__17_38_05__fault,57.6,0.26163035650824895,3.0,False,sensor_combined
fault:inav_local_z_freeze__2019-01-25__17_38_05__fault,58.4,0.26802062660844983,3.0,False,sensor_combined
fault:inav_local_z_freeze__2019-01-25__17_38_05__fault,59.2,0.2740192371370672,3.0,False,sensor_combined
fault:inav_local_z_freeze__2019-01-25__17_38_05__fault,60.0,0.2793144900351763,3.0,False,sensor_combined
fault:inav_local_z_freeze__2019-01-25__17_38_05__fault,60.8,0.3512408856965159,3.0,False,sensor_combined
fault:inav_local_z_freeze__2019-01-25__17_38_05__fault,61.6,0.32627137861784683,3.0,False,sensor_combined
fault:inav_local_z_freeze__2019-01-25__17_38_05__fault,62.4,0.29680310282856226,3.0,False,sensor_combined
fault:inav_local_z_freeze__2019-01-25__17_38_05__fault,63.2,0.31703620239629443,3.0,False,sensor_combined
fault:inav_local_z_freeze__2019-01-25__17_38_05__fault,64.0,0.2469830137646385,3.0,False,sensor_combined
fault:inav_local_z_freeze__2019-01-25__17_38_05__fault,64.8,0.2752580405776987,3.0,False,sensor_combined
fault:inav_local_z_freeze__2019-01-25__17_38_05__fault,65.6,0.2583313955042702,3.0,False,sensor_combined
fault:inav_local_z_freeze__2019-01-25__17_38_05__fault,66.4,0.30088585152028374,3.0,False,sensor_combined
fault:inav_local_z_freeze__2019-01-25__17_38_05__fault,67.2,0.2508739305919324,3.0,False,sensor_combined
fault:inav_local_z_freeze__2019-01-25__17_38_05__fault,68.0,0.2857975362307353,3.0,False,sensor_combined
fault:inav_local_z_freeze__2019-01-25__17_38_05__fault,68.8,0.37916707432801905,3.0,False,sensor_combined
fault:inav_local_z_freeze__2019-01-25__17_38_05__fault,69.6,0.3323954723065739,3.0,False,sensor_combined
fault:inav_local_z_freeze__2019-01-25__17_38_05__fault,70.4,0.3223824613231482,3.0,False,sensor_combined
fault:inav_local_z_freeze__2019-01-25__17_38_05__fault,71.2,0.29943562759030345,3.0,False,sensor_combined
fault:inav_local_z_freeze__2019-01-25__17_38_05__fault,72.0,0.3053585549851256,3.0,False,sensor_combined
fault:inav_local_z_freeze__2019-01-25__17_38_05__fault,72.8,0.2871032155662159,3.0,False,sensor_combined
fault:inav_local_z_freeze__2019-01-25__17_38_05__fault,73.6,0.282868672855208,3.0,False,sensor_combined
fault:inav_local_z_freeze__2019-01-25__17_38_05__fault,74.4,0.38675238193252476,3.0,False,sensor_combined
fault:inav_local_z_freeze__2019-01-25__17_38_05__fault,75.2,0.33208530907953154,3.0,False,sensor_combined
fault:inav_local_z_freeze__2019-01-25__17_38_05__fault,76.0,0.2918170653995361,3.0,False,sensor_combined
fault:inav_local_z_freeze__2019-01-25__17_38_05__fault,76.8,0.2799258874289432,3.0,False,sensor_combined
fault:inav_local_z_freeze__2019-01-25__17_38_05__fault,77.6,0.29205321334302425,3.0,False,sensor_combined
fault:inav_local_z_freeze__2019-01-25__17_38_05__fault,78.4,0.24977260985757874,3.0,False,actuator_controls_0
fault:inav_local_z_freeze__2019-01-25__17_38_05__fault,79.2,0.25568307380147237,3.0,False,actuator_controls_0
fault:inav_local_z_freeze__2019-01-25__17_38_05__fault,80.0,0.2736325342437127,3.0,False,actuator_controls_0
fault:inav_local_z_freeze__2019-01-25__17_38_05__fault,80.8,0.24571172299563596,3.0,False,actuator_controls_0
fault:inav_local_z_freeze__2019-01-25__17_38_05__fault,81.6,0.5593836214426601,3.0,False,sensor_combined
fault:inav_local_z_freeze__2019-01-25__17_38_05__fault,82.4,0.5362124871798591,3.0,False,sensor_combined
fault:inav_local_z_freeze__2019-01-25__17_38_05__fault,83.2,0.4814267719645571,3.0,False,sensor_combined
fault:inav_local_z_freeze__2019-01-25__17_38_05__fault,84.0,0.48557497746504974,3.0,False,sensor_combined
fault:inav_local_z_freeze__2019-01-25__17_38_05__fault,84.8,0.5592498389085,3.0,False,sensor_combined
fault:inav_local_z_freeze__2019-01-25__17_38_05__fault,85.6,0.6055531096864722,3.0,False,sensor_combined
fault:inav_local_z_freeze__2019-01-25__17_38_05__fault,86.4,0.48406415944943104,3.0,False,sensor_combined
fault:inav_local_z_freeze__2019-01-25__17_38_05__fault,87.2,0.5485226394288046,3.0,False,sensor_combined
fault:inav_local_z_freeze__2019-01-25__17_38_05__fault,88.0,0.5485226394288046,3.0,False,sensor_combined
fault:inav_local_z_freeze__2019-01-25__17_38_05__fault,88.8,0.5742777134887855,3.0,False,sensor_combined
fault:inav_local_z_freeze__2019-01-25__17_38_05__fault,89.6,0.5611185724741549,3.0,False,sensor_combined
fault:inav_local_z_freeze__2019-01-25__17_38_05__fault,90.4,0.4410459816929119,3.0,False,sensor_combined
fault:inav_local_z_freeze__2019-01-25__17_38_05__fault,91.2,0.3478839913085193,3.0,False,sensor_combined
fault:inav_local_z_freeze__2019-01-25__17_38_05__fault,92.0,0.10802515778830032,3.0,False,sensor_combined
fault:inav_local_z_freeze__2019-01-25__17_38_05__fault,92.8,0.05873177298861377,3.0,False,sensor_combined
fault:inav_local_z_freeze__2019-01-25__17_38_05__fault,93.6,0.03326290523026546,3.0,False,sensor_combined
fault:land_detector_state_inversion__2019-01-25__17_38_05__fault,9.6,0.3299013763771927,3.0,False,sensor_combined
fault:land_detector_state_inversion__2019-01-25__17_38_05__fault,10.4,0.2441328668629098,3.0,False,sensor_combined
fault:land_detector_state_inversion__2019-01-25__17_38_05__fault,11.2,0.2680043030492944,3.0,False,sensor_combined
fault:land_detector_state_inversion__2019-01-25__17_38_05__fault,12.0,0.2641599311308843,3.0,False,sensor_combined
fault:land_detector_state_inversion__2019-01-25__17_38_05__fault,12.8,0.258237148565591,3.0,False,sensor_combined
fault:land_detector_state_inversion__2019-01-25__17_38_05__fault,13.6,0.23556622771258928,3.0,False,sensor_combined
fault:land_detector_state_inversion__2019-01-25__17_38_05__fault,14.4,0.33424823483677324,3.0,False,sensor_combined
fault:land_detector_state_inversion__2019-01-25__17_38_05__fault,15.2,0.31207388368769534,3.0,False,sensor_combined
fault:land_detector_state_inversion__2019-01-25__17_38_05__fault,16.0,0.3481550853703309,3.0,False,sensor_combined
fault:land_detector_state_inversion__2019-01-25__17_38_05__fault,16.8,0.31667507104011733,3.0,False,sensor_combined
fault:land_detector_state_inversion__2019-01-25__17_38_05__fault,17.6,0.2773850886135952,3.0,False,sensor_combined
fault:land_detector_state_inversion__2019-01-25__17_38_05__fault,18.4,0.37148994462187857,3.0,False,sensor_combined
fault:land_detector_state_inversion__2019-01-25__17_38_05__fault,19.2,0.317851931193452,3.0,False,sensor_combined
fault:land_detector_state_inversion__2019-01-25__17_38_05__fault,20.0,0.2867780110842698,3.0,False,sensor_combined
fault:land_detector_state_inversion__2019-01-25__17_38_05__fault,20.8,0.2844976122009612,3.0,False,sensor_combined
fault:land_detector_state_inversion__2019-01-25__17_38_05__fault,21.6,0.2687719045472336,3.0,False,sensor_combined
fault:land_detector_state_inversion__2019-01-25__17_38_05__fault,22.4,0.2557465822284047,3.0,False,sensor_combined
fault:land_detector_state_inversion__2019-01-25__17_38_05__fault,23.2,0.31464710193115447,3.0,False,sensor_combined
fault:land_detector_state_inversion__2019-01-25__17_38_05__fault,24.0,0.28689810165692287,3.0,False,sensor_combined
fault:land_detector_state_inversion__2019-01-25__17_38_05__fault,24.8,0.35958556157688404,3.0,False,sensor_combined
fault:land_detector_state_inversion__2019-01-25__17_38_05__fault,25.6,0.299832751697095,3.0,False,sensor_combined
fault:land_detector_state_inversion__2019-01-25__17_38_05__fault,26.4,0.2655668498193248,3.0,False,sensor_combined
fault:land_detector_state_inversion__2019-01-25__17_38_05__fault,27.2,0.27297961102514934,3.0,False,sensor_combined
fault:land_detector_state_inversion__2019-01-25__17_38_05__fault,28.0,0.36965452802669524,3.0,False,sensor_combined
fault:land_detector_state_inversion__2019-01-25__17_38_05__fault,28.8,0.3178248103622616,3.0,False,sensor_combined
fault:land_detector_state_inversion__2019-01-25__17_38_05__fault,29.6,14.617975950241089,3.0,False,vehicle_land_detected
fault:land_detector_state_inversion__2019-01-25__17_38_05__fault,30.4,19.894742718942098,3.0,False,vehicle_land_detected
fault:land_detector_state_inversion__2019-01-25__17_38_05__fault,31.2,33.45436553904767,3.0,True,vehicle_land_detected
fault:land_detector_state_inversion__2019-01-25__17_38_05__fault,32.0,57.68941228265841,3.0,True,vehicle_land_detected
fault:land_detector_state_inversion__2019-01-25__17_38_05__fault,32.8,57.689412399811054,3.0,True,vehicle_land_detected
fault:land_detector_state_inversion__2019-01-25__17_38_05__fault,33.6,65.96069884183312,3.0,True,vehicle_land_detected
fault:land_detector_state_inversion__2019-01-25__17_38_05__fault,34.4,72.40540415048599,3.0,True,vehicle_land_detected
fault:land_detector_state_inversion__2019-01-25__17_38_05__fault,35.2,99.05824661254883,3.0,True,vehicle_land_detected
fault:land_detector_state_inversion__2019-01-25__17_38_05__fault,36.0,113.37195873260498,3.0,True,vehicle_land_detected
fault:land_detector_state_inversion__2019-01-25__17_38_05__fault,36.8,117.03377496444516,3.0,True,vehicle_land_detected
fault:land_detector_state_inversion__2019-01-25__17_38_05__fault,37.6,146.75540894269943,3.0,True,vehicle_land_detected
fault:land_detector_state_inversion__2019-01-25__17_38_05__fault,38.4,146.75540894269943,3.0,True,vehicle_land_detected
fault:land_detector_state_inversion__2019-01-25__17_38_05__fault,39.2,146.75540894269943,3.0,True,vehicle_land_detected
fault:land_detector_state_inversion__2019-01-25__17_38_05__fault,40.0,146.75540894269943,3.0,True,vehicle_land_detected
fault:land_detector_state_inversion__2019-01-25__17_38_05__fault,40.8,146.75540894269943,3.0,True,vehicle_land_detected
fault:land_detector_state_inversion__2019-01-25__17_38_05__fault,41.6,146.75540894269943,3.0,True,vehicle_land_detected
fault:land_detector_state_inversion__2019-01-25__17_38_05__fault,42.4,146.75540894269943,3.0,True,vehicle_land_detected
fault:land_detector_state_inversion__2019-01-25__17_38_05__fault,43.2,146.75540894269943,3.0,True,vehicle_land_detected
fault:land_detector_state_inversion__2019-01-25__17_38_05__fault,44.0,146.75540894269943,3.0,True,vehicle_land_detected
fault:land_detector_state_inversion__2019-01-25__17_38_05__fault,44.8,146.75540894269943,3.0,True,vehicle_land_detected
fault:land_detector_state_inversion__2019-01-25__17_38_05__fault,45.6,146.75540894269943,3.0,True,vehicle_land_detected
fault:land_detector_state_inversion__2019-01-25__17_38_05__fault,46.4,146.75540894269943,3.0,True,vehicle_land_detected
fault:land_detector_state_inversion__2019-01-25__17_38_05__fault,47.2,146.75540894269943,3.0,True,vehicle_land_detected
fault:land_detector_state_inversion__2019-01-25__17_38_05__fault,48.0,146.75540894269943,3.0,True,vehicle_land_detected
fault:land_detector_state_inversion__2019-01-25__17_38_05__fault,48.8,146.75540894269943,3.0,True,vehicle_land_detected
fault:land_detector_state_inversion__2019-01-25__17_38_05__fault,49.6,146.75540894269943,3.0,True,vehicle_land_detected
fault:land_detector_state_inversion__2019-01-25__17_38_05__fault,50.4,146.75540894269943,3.0,True,vehicle_land_detected
fault:land_detector_state_inversion__2019-01-25__17_38_05__fault,51.2,146.75540894269943,3.0,True,vehicle_land_detected
fault:land_detector_state_inversion__2019-01-25__17_38_05__fault,52.0,146.75540894269943,3.0,True,vehicle_land_detected
fault:land_detector_state_inversion__2019-01-25__17_38_05__fault,52.8,146.75540894269943,3.0,True,vehicle_land_detected
fault:land_detector_state_inversion__2019-01-25__17_38_05__fault,53.6,146.75540894269943,3.0,True,vehicle_land_detected
fault:land_detector_state_inversion__2019-01-25__17_38_05__fault,54.4,146.75540894269943,3.0,True,vehicle_land_detected
fault:land_detector_state_inversion__2019-01-25__17_38_05__fault,55.2,146.75540894269943,3.0,True,vehicle_land_detected
fault:land_detector_state_inversion__2019-01-25__17_38_05__fault,56.0,146.75540894269943,3.0,True,vehicle_land_detected
fault:land_detector_state_inversion__2019-01-25__17_38_05__fault,56.8,146.75540894269943,3.0,True,vehicle_land_detected
fault:land_detector_state_inversion__2019-01-25__17_38_05__fault,57.6,146.75540894269943,3.0,True,vehicle_land_detected
fault:land_detector_state_inversion__2019-01-25__17_38_05__fault,58.4,146.75540894269943,3.0,True,vehicle_land_detected
fault:land_detector_state_inversion__2019-01-25__17_38_05__fault,59.2,146.75540894269943,3.0,True,vehicle_land_detected
fault:land_detector_state_inversion__2019-01-25__17_38_05__fault,60.0,146.75540894269943,3.0,True,vehicle_land_detected
fault:land_detector_state_inversion__2019-01-25__17_38_05__fault,60.8,146.75540894269943,3.0,True,vehicle_land_detected
fault:land_detector_state_inversion__2019-01-25__17_38_05__fault,61.6,146.75540894269943,3.0,True,vehicle_land_detected
fault:land_detector_state_inversion__2019-01-25__17_38_05__fault,62.4,146.75540894269943,3.0,True,vehicle_land_detected
fault:land_detector_state_inversion__2019-01-25__17_38_05__fault,63.2,146.75540894269943,3.0,True,vehicle_land_detected
fault:land_detector_state_inversion__2019-01-25__17_38_05__fault,64.0,146.75540894269943,3.0,True,vehicle_land_detected
fault:land_detector_state_inversion__2019-01-25__17_38_05__fault,64.8,146.75540894269943,3.0,True,vehicle_land_detected
fault:land_detector_state_inversion__2019-01-25__17_38_05__fault,65.6,146.75540894269943,3.0,True,vehicle_land_detected
fault:land_detector_state_inversion__2019-01-25__17_38_05__fault,66.4,146.75540894269943,3.0,True,vehicle_land_detected
fault:land_detector_state_inversion__2019-01-25__17_38_05__fault,67.2,146.75540894269943,3.0,True,vehicle_land_detected
fault:land_detector_state_inversion__2019-01-25__17_38_05__fault,68.0,146.75540894269943,3.0,True,vehicle_land_detected
fault:land_detector_state_inversion__2019-01-25__17_38_05__fault,68.8,146.75540894269943,3.0,True,vehicle_land_detected
fault:land_detector_state_inversion__2019-01-25__17_38_05__fault,69.6,146.75540894269943,3.0,True,vehicle_land_detected
fault:land_detector_state_inversion__2019-01-25__17_38_05__fault,70.4,146.75540894269943,3.0,True,vehicle_land_detected
fault:land_detector_state_inversion__2019-01-25__17_38_05__fault,71.2,146.75540894269943,3.0,True,vehicle_land_detected
fault:land_detector_state_inversion__2019-01-25__17_38_05__fault,72.0,146.75540894269943,3.0,True,vehicle_land_detected
fault:land_detector_state_inversion__2019-01-25__17_38_05__fault,72.8,146.75540894269943,3.0,True,vehicle_land_detected
fault:land_detector_state_inversion__2019-01-25__17_38_05__fault,73.6,146.75540894269943,3.0,True,vehicle_land_detected
fault:land_detector_state_inversion__2019-01-25__17_38_05__fault,74.4,146.75540894269943,3.0,True,vehicle_land_detected
fault:land_detector_state_inversion__2019-01-25__17_38_05__fault,75.2,146.75540894269943,3.0,True,vehicle_land_detected
fault:land_detector_state_inversion__2019-01-25__17_38_05__fault,76.0,146.75540894269943,3.0,True,vehicle_land_detected
fault:land_detector_state_inversion__2019-01-25__17_38_05__fault,76.8,146.75540894269943,3.0,True,vehicle_land_detected
fault:land_detector_state_inversion__2019-01-25__17_38_05__fault,77.6,146.75540894269943,3.0,True,vehicle_land_detected
fault:land_detector_state_inversion__2019-01-25__17_38_05__fault,78.4,146.75540894269943,3.0,True,vehicle_land_detected
fault:land_detector_state_inversion__2019-01-25__17_38_05__fault,79.2,146.75540894269943,3.0,True,vehicle_land_detected
fault:land_detector_state_inversion__2019-01-25__17_38_05__fault,80.0,146.75540894269943,3.0,True,vehicle_land_detected
fault:land_detector_state_inversion__2019-01-25__17_38_05__fault,80.8,146.75540894269943,3.0,True,vehicle_land_detected
fault:land_detector_state_inversion__2019-01-25__17_38_05__fault,81.6,146.75540894269943,3.0,True,vehicle_land_detected
fault:land_detector_state_inversion__2019-01-25__17_38_05__fault,82.4,146.75540894269943,3.0,True,vehicle_land_detected
fault:land_detector_state_inversion__2019-01-25__17_38_05__fault,83.2,146.75540894269943,3.0,True,vehicle_land_detected
fault:land_detector_state_inversion__2019-01-25__17_38_05__fault,84.0,146.75540894269943,3.0,True,vehicle_land_detected
fault:land_detector_state_inversion__2019-01-25__17_38_05__fault,84.8,146.75540894269943,3.0,True,vehicle_land_detected
fault:land_detector_state_inversion__2019-01-25__17_38_05__fault,85.6,146.75540894269943,3.0,True,vehicle_land_detected
fault:land_detector_state_inversion__2019-01-25__17_38_05__fault,86.4,146.75540894269943,3.0,True,vehicle_land_detected
fault:land_detector_state_inversion__2019-01-25__17_38_05__fault,87.2,146.75540894269943,3.0,True,vehicle_land_detected
fault:land_detector_state_inversion__2019-01-25__17_38_05__fault,88.0,146.75540894269943,3.0,True,vehicle_land_detected
fault:land_detector_state_inversion__2019-01-25__17_38_05__fault,88.8,146.75540894269943,3.0,True,vehicle_land_detected
fault:land_detector_state_inversion__2019-01-25__17_38_05__fault,89.6,146.75540894269943,3.0,True,vehicle_land_detected
fault:land_detector_state_inversion__2019-01-25__17_38_05__fault,90.4,146.75540894269943,3.0,True,vehicle_land_detected
fault:land_detector_state_inversion__2019-01-25__17_38_05__fault,91.2,146.75540894269943,3.0,True,vehicle_land_detected
fault:land_detector_state_inversion__2019-01-25__17_38_05__fault,92.0,146.75540894269943,3.0,True,vehicle_land_detected
fault:land_detector_state_inversion__2019-01-25__17_38_05__fault,92.8,146.75540894269943,3.0,True,vehicle_land_detected
normal:commander_nav_state_override__2019-03-06__08_02_26__baseline,9.6,0.5990827139728734,3.0,False,sensor_combined
normal:commander_nav_state_override__2019-03-06__08_02_26__baseline,10.4,0.5362059568709745,3.0,False,sensor_combined
normal:commander_nav_state_override__2019-03-06__08_02_26__baseline,11.2,0.5000524164898371,3.0,False,sensor_combined
normal:commander_nav_state_override__2019-03-06__08_02_26__baseline,12.0,0.5153851766389146,3.0,False,sensor_combined
normal:commander_nav_state_override__2019-03-06__08_02_26__baseline,12.8,0.4021245270504738,3.0,False,sensor_combined
normal:commander_nav_state_override__2019-03-06__08_02_26__baseline,13.6,0.3409362788666649,3.0,False,sensor_combined
normal:commander_nav_state_override__2019-03-06__08_02_26__baseline,14.4,0.3223891114125139,3.0,False,sensor_combined
normal:commander_nav_state_override__2019-03-06__08_02_26__baseline,15.2,0.3232298071357796,3.0,False,sensor_combined
normal:commander_nav_state_override__2019-03-06__08_02_26__baseline,16.0,0.2898680248917827,3.0,False,sensor_combined
normal:commander_nav_state_override__2019-03-06__08_02_26__baseline,16.8,0.31527095947931477,3.0,False,sensor_combined
normal:commander_nav_state_override__2019-03-06__08_02_26__baseline,17.6,0.3387608375020242,3.0,False,sensor_combined
normal:commander_nav_state_override__2019-03-06__08_02_26__baseline,18.4,0.32034908268958695,3.0,False,sensor_combined
normal:commander_nav_state_override__2019-03-06__08_02_26__baseline,19.2,0.32161332799277736,3.0,False,sensor_combined
normal:commander_nav_state_override__2019-03-06__08_02_26__baseline,20.0,0.30913503449620583,3.0,False,sensor_combined
normal:commander_nav_state_override__2019-03-06__08_02_26__baseline,20.8,0.2646149534759412,3.0,False,sensor_combined
normal:commander_nav_state_override__2019-03-06__08_02_26__baseline,21.6,0.2841795504385302,3.0,False,sensor_combined
normal:commander_nav_state_override__2019-03-06__08_02_26__baseline,22.4,0.3118562326851621,3.0,False,sensor_combined
normal:commander_nav_state_override__2019-03-06__08_02_26__baseline,23.2,0.27099147450011657,3.0,False,sensor_combined
normal:commander_nav_state_override__2019-03-06__08_02_26__baseline,24.0,0.23472450635571926,3.0,False,sensor_combined
normal:commander_nav_state_override__2019-03-06__08_02_26__baseline,24.8,0.24893926207991177,3.0,False,sensor_combined
normal:commander_nav_state_override__2019-03-06__08_02_26__baseline,25.6,0.21439754077757,3.0,False,sensor_combined
normal:commander_nav_state_override__2019-03-06__08_02_26__baseline,26.4,0.2552347664301443,3.0,False,sensor_combined
normal:commander_nav_state_override__2019-03-06__08_02_26__baseline,27.2,0.2552594699673547,3.0,False,sensor_combined
normal:commander_nav_state_override__2019-03-06__08_02_26__baseline,28.0,0.22195661927381752,3.0,False,sensor_combined
normal:commander_nav_state_override__2019-03-06__08_02_26__baseline,28.8,0.24176165400356844,3.0,False,sensor_combined
normal:commander_nav_state_override__2019-03-06__08_02_26__baseline,29.6,0.19031792791991145,3.0,False,sensor_combined
normal:commander_nav_state_override__2019-03-06__08_02_26__baseline,30.4,0.19307502846450572,3.0,False,sensor_combined
normal:commander_nav_state_override__2019-03-06__08_02_26__baseline,31.2,0.1860858577469,3.0,False,sensor_combined
normal:commander_nav_state_override__2019-03-06__08_02_26__baseline,32.0,0.26338000518692556,3.0,False,sensor_combined
normal:commander_nav_state_override__2019-03-06__08_02_26__baseline,32.8,0.2946635541577403,3.0,False,sensor_combined
normal:commander_nav_state_override__2019-03-06__08_02_26__baseline,33.6,0.3044554850758681,3.0,False,sensor_combined
normal:commander_nav_state_override__2019-03-06__08_02_26__baseline,34.4,0.2575565268631771,3.0,False,sensor_combined
normal:commander_nav_state_override__2019-03-06__08_02_26__baseline,35.2,0.23194273949790806,3.0,False,sensor_combined
normal:commander_nav_state_override__2019-03-06__08_02_26__baseline,36.0,0.23305300776401017,3.0,False,sensor_combined
normal:commander_nav_state_override__2019-03-06__08_02_26__baseline,36.8,0.2910032047494628,3.0,False,sensor_combined
normal:commander_nav_state_override__2019-03-06__08_02_26__baseline,37.6,0.282201513128685,3.0,False,sensor_combined
normal:commander_nav_state_override__2019-03-06__08_02_26__baseline,38.4,0.345755604660535,3.0,False,sensor_combined
normal:commander_nav_state_override__2019-03-06__08_02_26__baseline,39.2,0.40882917710664457,3.0,False,sensor_combined
normal:commander_nav_state_override__2019-03-06__08_02_26__baseline,40.0,0.46633975728009996,3.0,False,sensor_combined
normal:commander_nav_state_override__2019-03-06__08_02_26__baseline,40.8,0.5424647915945383,3.0,False,sensor_combined
normal:commander_nav_state_override__2019-03-06__08_02_26__baseline,41.6,0.696627644092082,3.0,False,sensor_combined
normal:commander_nav_state_override__2019-03-06__08_02_26__baseline,42.4,0.7195612361959148,3.0,False,sensor_combined
normal:commander_nav_state_override__2019-03-06__08_02_26__baseline,43.2,0.6104499761719656,3.0,False,sensor_combined
normal:commander_nav_state_override__2019-03-06__08_02_26__baseline,44.0,0.5622600565287154,3.0,False,sensor_combined
normal:commander_nav_state_override__2019-03-06__08_02_26__baseline,44.8,0.43300084102579606,3.0,False,sensor_combined
normal:commander_nav_state_override__2019-03-06__08_02_26__baseline,45.6,0.3296408035379899,3.0,False,sensor_combined
normal:commander_nav_state_override__2019-03-06__08_02_26__baseline,46.4,0.26872403881792567,3.0,False,sensor_combined
normal:commander_nav_state_override__2019-03-06__08_02_26__baseline,47.2,0.3028415977283775,3.0,False,sensor_combined
normal:commander_nav_state_override__2019-03-06__08_02_26__baseline,48.0,0.29397074943820595,3.0,False,sensor_combined
normal:commander_nav_state_override__2019-03-06__08_02_26__baseline,48.8,0.3911107599224952,3.0,False,sensor_combined
normal:commander_nav_state_override__2019-03-06__08_02_26__baseline,49.6,0.47256811567625007,3.0,False,sensor_combined
normal:commander_nav_state_override__2019-03-06__08_02_26__baseline,50.4,0.6163279238545671,3.0,False,sensor_combined
normal:commander_nav_state_override__2019-03-06__08_02_26__baseline,51.2,0.6393043874138061,3.0,False,sensor_combined
normal:commander_nav_state_override__2019-03-06__08_02_26__baseline,52.0,0.6419245131036426,3.0,False,sensor_combined
normal:commander_nav_state_override__2019-03-06__08_02_26__baseline,52.8,0.5820027218095298,3.0,False,sensor_combined
normal:commander_nav_state_override__2019-03-06__08_02_26__baseline,53.6,0.4804709586028272,3.0,False,sensor_combined
normal:commander_nav_state_override__2019-03-06__08_02_26__baseline,54.4,0.3980089674145558,3.0,False,sensor_combined
normal:commander_nav_state_override__2019-03-06__08_02_26__baseline,55.2,0.34551381328243363,3.0,False,sensor_combined
normal:commander_nav_state_override__2019-03-06__08_02_26__baseline,56.0,0.3345998056799233,3.0,False,sensor_combined
normal:commander_nav_state_override__2019-03-06__08_02_26__baseline,56.8,0.283709496325172,3.0,False,sensor_combined
normal:commander_nav_state_override__2019-03-06__08_02_26__baseline,57.6,0.24862863608439456,3.0,False,sensor_combined
normal:commander_nav_state_override__2019-03-06__08_02_26__baseline,58.4,0.25847622550900856,3.0,False,sensor_combined
normal:commander_nav_state_override__2019-03-06__08_02_26__baseline,59.2,0.32142679358617676,3.0,False,sensor_combined
normal:commander_nav_state_override__2019-03-06__08_02_26__baseline,60.0,0.29824042632883485,3.0,False,sensor_combined
normal:commander_nav_state_override__2019-03-06__08_02_26__baseline,60.8,0.29873174678387004,3.0,False,sensor_combined
normal:commander_nav_state_override__2019-03-06__08_02_26__baseline,61.6,0.3002019669548116,3.0,False,sensor_combined
normal:commander_nav_state_override__2019-03-06__08_02_26__baseline,62.4,0.25326336393997917,3.0,False,sensor_combined
normal:commander_nav_state_override__2019-03-06__08_02_26__baseline,63.2,0.27020189518930554,3.0,False,sensor_combined
normal:commander_nav_state_override__2019-03-06__08_02_26__baseline,64.0,0.2954927475689674,3.0,False,sensor_combined
normal:commander_nav_state_override__2019-03-06__08_02_26__baseline,64.8,0.2947596303109747,3.0,False,sensor_combined
normal:commander_nav_state_override__2019-03-06__08_02_26__baseline,65.6,0.23614921607077122,3.0,False,sensor_combined
normal:commander_nav_state_override__2019-03-06__08_02_26__baseline,66.4,0.23409202995722006,3.0,False,sensor_combined
normal:commander_nav_state_override__2019-03-06__08_02_26__baseline,67.2,0.23989962059606235,3.0,False,sensor_combined
normal:commander_nav_state_override__2019-03-06__08_02_26__baseline,68.0,0.21602475340076166,3.0,False,sensor_combined
normal:commander_nav_state_override__2019-03-06__08_02_26__baseline,68.8,0.2319764817022025,3.0,False,sensor_combined
normal:commander_nav_state_override__2019-03-06__08_02_26__baseline,69.6,0.3191585945745913,3.0,False,sensor_combined
normal:commander_nav_state_override__2019-03-06__08_02_26__baseline,70.4,0.3875165671062756,3.0,False,sensor_combined
normal:commander_nav_state_override__2019-03-06__08_02_26__baseline,71.2,0.36250345802283973,3.0,False,sensor_combined
normal:commander_nav_state_override__2019-03-06__08_02_26__baseline,72.0,0.3400680311792384,3.0,False,sensor_combined
normal:commander_nav_state_override__2019-03-06__08_02_26__baseline,72.8,0.31418938584624273,3.0,False,sensor_combined
normal:commander_nav_state_override__2019-03-06__08_02_26__baseline,73.6,0.29319001884483714,3.0,False,sensor_combined
normal:commander_nav_state_override__2019-03-06__08_02_26__baseline,74.4,0.3218014350898209,3.0,False,sensor_combined
normal:commander_nav_state_override__2019-03-06__08_02_26__baseline,75.2,0.4066397635910643,3.0,False,sensor_combined
normal:commander_nav_state_override__2019-03-06__08_02_26__baseline,76.0,0.4199439564773534,3.0,False,sensor_combined
normal:commander_nav_state_override__2019-03-06__08_02_26__baseline,76.8,0.37676591431703826,3.0,False,sensor_combined
normal:commander_nav_state_override__2019-03-06__08_02_26__baseline,77.6,0.3377286760208771,3.0,False,sensor_combined
normal:commander_nav_state_override__2019-03-06__08_02_26__baseline,78.4,0.3498971718245268,3.0,False,sensor_combined
normal:commander_nav_state_override__2019-03-06__08_02_26__baseline,79.2,0.39795488900230086,3.0,False,sensor_combined
normal:commander_nav_state_override__2019-03-06__08_02_26__baseline,80.0,0.41992556827437594,3.0,False,sensor_combined
normal:commander_nav_state_override__2019-03-06__08_02_26__baseline,80.8,0.6528504405968611,3.0,False,sensor_combined
normal:commander_nav_state_override__2019-03-06__08_02_26__baseline,81.6,0.7821049297016309,3.0,False,sensor_combined
normal:commander_nav_state_override__2019-03-06__08_02_26__baseline,82.4,0.7626963466807978,3.0,False,sensor_combined
normal:commander_nav_state_override__2019-03-06__08_02_26__baseline,83.2,0.9305634053425028,3.0,False,sensor_combined
normal:commander_nav_state_override__2019-03-06__08_02_26__baseline,84.0,0.9064026227426131,3.0,False,sensor_combined
normal:commander_nav_state_override__2019-03-06__08_02_26__baseline,84.8,0.7212700153189879,3.0,False,sensor_combined
normal:commander_nav_state_override__2019-03-06__08_02_26__baseline,85.6,0.5938733255330451,3.0,False,sensor_combined
normal:commander_nav_state_override__2019-03-06__08_02_26__baseline,86.4,0.531169201793528,3.0,False,sensor_combined
normal:commander_nav_state_override__2019-03-06__08_02_26__baseline,87.2,0.5416823223984585,3.0,False,sensor_combined
normal:commander_nav_state_override__2019-03-06__08_02_26__baseline,88.0,0.5623903421597517,3.0,False,sensor_combined
normal:commander_nav_state_override__2019-03-06__08_02_26__baseline,88.8,0.5523857368084772,3.0,False,sensor_combined
normal:commander_nav_state_override__2019-03-06__08_02_26__baseline,89.6,0.5640499903162264,3.0,False,sensor_combined
normal:commander_nav_state_override__2019-03-06__08_02_26__baseline,90.4,0.5336523566766519,3.0,False,sensor_combined
normal:commander_nav_state_override__2019-03-06__08_02_26__baseline,91.2,0.762155145374022,3.0,False,sensor_combined
normal:commander_nav_state_override__2019-03-06__08_02_26__baseline,92.0,0.8156055503011352,3.0,False,sensor_combined
normal:commander_nav_state_override__2019-03-06__08_02_26__baseline,92.8,0.8462665442282586,3.0,False,sensor_combined
normal:commander_nav_state_override__2019-03-06__08_02_26__baseline,93.6,0.7429846028375056,3.0,False,sensor_combined
normal:commander_nav_state_override__2019-03-06__08_02_26__baseline,94.4,0.9123161707684635,3.0,False,sensor_combined
normal:commander_nav_state_override__2019-03-06__08_02_26__baseline,95.2,0.7715999184322492,3.0,False,sensor_combined
normal:commander_nav_state_override__2019-03-06__08_02_26__baseline,96.0,0.7114321122385866,3.0,False,sensor_combined
normal:ekf2_innovation_bias__2019-03-06__08_02_26__baseline,9.6,1.055869837502545,3.0,False,vehicle_rates_setpoint
normal:ekf2_innovation_bias__2019-03-06__08_02_26__baseline,10.4,4.194254337100111,3.0,False,battery_status
normal:ekf2_innovation_bias__2019-03-06__08_02_26__baseline,11.2,1.8844223022460938,3.0,False,distance_sensor
normal:ekf2_innovation_bias__2019-03-06__08_02_26__baseline,12.0,1.0026920451257704,3.0,False,distance_sensor
normal:ekf2_innovation_bias__2019-03-06__08_02_26__baseline,12.8,0.5595110296684099,3.0,False,sensor_combined
normal:ekf2_innovation_bias__2019-03-06__08_02_26__baseline,13.6,0.48033206838829207,3.0,False,vehicle_rates_setpoint
normal:ekf2_innovation_bias__2019-03-06__08_02_26__baseline,14.4,0.5870106816291809,3.0,False,vehicle_attitude_setpoint
normal:ekf2_innovation_bias__2019-03-06__08_02_26__baseline,15.2,0.5780508189881951,3.0,False,vehicle_rates_setpoint
normal:ekf2_innovation_bias__2019-03-06__08_02_26__baseline,16.0,0.5978081875056179,3.0,False,actuator_controls_0
normal:ekf2_innovation_bias__2019-03-06__08_02_26__baseline,16.8,0.5023175004794972,3.0,False,sensor_combined
normal:ekf2_innovation_bias__2019-03-06__08_02_26__baseline,17.6,0.5787903566976499,3.0,False,sensor_combined
normal:ekf2_innovation_bias__2019-03-06__08_02_26__baseline,18.4,0.5400843836281936,3.0,False,rate_ctrl_status
normal:ekf2_innovation_bias__2019-03-06__08_02_26__baseline,19.2,0.5477872057505849,3.0,False,vehicle_rates_setpoint
normal:ekf2_innovation_bias__2019-03-06__08_02_26__baseline,20.0,0.6464449382783005,3.0,False,vehicle_rates_setpoint
normal:ekf2_innovation_bias__2019-03-06__08_02_26__baseline,20.8,0.6362938955373577,3.0,False,actuator_controls_0
normal:ekf2_innovation_bias__2019-03-06__08_02_26__baseline,21.6,0.5678265730413533,3.0,False,actuator_controls_0
normal:ekf2_innovation_bias__2019-03-06__08_02_26__baseline,22.4,0.5650596839480427,3.0,False,actuator_controls_0
normal:ekf2_innovation_bias__2019-03-06__08_02_26__baseline,23.2,0.5252867146823761,3.0,False,actuator_controls_0
normal:ekf2_innovation_bias__2019-03-06__08_02_26__baseline,24.0,0.6413109340836,3.0,False,actuator_controls_0
normal:ekf2_innovation_bias__2019-03-06__08_02_26__baseline,24.8,0.7203086378903001,3.0,False,actuator_controls_0
normal:ekf2_innovation_bias__2019-03-06__08_02_26__baseline,25.6,0.44189560729712857,3.0,False,actuator_controls_0
normal:ekf2_innovation_bias__2019-03-06__08_02_26__baseline,26.4,0.5263803522407406,3.0,False,sensor_combined
normal:ekf2_innovation_bias__2019-03-06__08_02_26__baseline,27.2,0.5095284722214478,3.0,False,vehicle_rates_setpoint
normal:ekf2_innovation_bias__2019-03-06__08_02_26__baseline,28.0,0.4854240651750098,3.0,False,actuator_controls_0
normal:ekf2_innovation_bias__2019-03-06__08_02_26__baseline,28.8,0.4730694240243698,3.0,False,sensor_combined
normal:ekf2_innovation_bias__2019-03-06__08_02_26__baseline,29.6,0.6458939344832482,3.0,False,actuator_controls_0
normal:ekf2_innovation_bias__2019-03-06__08_02_26__baseline,30.4,0.6265221146401483,3.0,False,vehicle_rates_setpoint
normal:ekf2_innovation_bias__2019-03-06__08_02_26__baseline,31.2,0.5491912364959717,3.0,False,rate_ctrl_status
normal:ekf2_innovation_bias__2019-03-06__08_02_26__baseline,32.0,0.47505312643896364,3.0,False,vehicle_rates_setpoint
normal:ekf2_innovation_bias__2019-03-06__08_02_26__baseline,32.8,0.5446594554568316,3.0,False,estimator_status
normal:ekf2_innovation_bias__2019-03-06__08_02_26__baseline,33.6,0.5220874398946762,3.0,False,estimator_status
normal:ekf2_innovation_bias__2019-03-06__08_02_26__baseline,34.4,0.5056793121061463,3.0,False,estimator_status
normal:ekf2_innovation_bias__2019-03-06__08_02_26__baseline,35.2,0.5654371983043064,3.0,False,vehicle_attitude_setpoint
normal:ekf2_innovation_bias__2019-03-06__08_02_26__baseline,36.0,0.5549407174261181,3.0,False,vehicle_attitude
normal:ekf2_innovation_bias__2019-03-06__08_02_26__baseline,36.8,0.5875855205673939,3.0,False,vehicle_attitude_setpoint
normal:ekf2_innovation_bias__2019-03-06__08_02_26__baseline,37.6,0.4094375288151222,3.0,False,actuator_outputs
normal:ekf2_innovation_bias__2019-03-06__08_02_26__baseline,38.4,0.45179336535369663,3.0,False,actuator_outputs
normal:ekf2_innovation_bias__2019-03-06__08_02_26__baseline,39.2,0.44708498095402655,3.0,False,vehicle_attitude
normal:ekf2_innovation_bias__2019-03-06__08_02_26__baseline,40.0,0.6408517062664032,3.0,False,vehicle_status
normal:ekf2_innovation_bias__2019-03-06__08_02_26__baseline,40.8,0.6074677653361075,3.0,False,vehicle_rates_setpoint
normal:ekf2_innovation_bias__2019-03-06__08_02_26__baseline,41.6,0.49072742462158203,3.0,False,rate_ctrl_status
normal:ekf2_innovation_bias__2019-03-06__08_02_26__baseline,42.4,0.6399819789152249,3.0,False,distance_sensor
normal:ekf2_innovation_bias__2019-03-06__08_02_26__baseline,43.2,0.5043695769497047,3.0,False,vehicle_attitude_setpoint
normal:ekf2_innovation_bias__2019-03-06__08_02_26__baseline,44.0,0.6738211959600449,3.0,False,estimator_status
normal:ekf2_innovation_bias__2019-03-06__08_02_26__baseline,44.8,0.5736231643040535,3.0,False,vehicle_rates_setpoint
normal:ekf2_innovation_bias__2019-03-06__08_02_26__baseline,45.6,0.5711392323640113,3.0,False,vehicle_rates_setpoint
normal:ekf2_innovation_bias__2019-03-06__08_02_26__baseline,46.4,0.5824704389672054,3.0,False,rate_ctrl_status
normal:ekf2_innovation_bias__2019-03-06__08_02_26__baseline,47.2,0.7234551297959738,3.0,False,vehicle_rates_setpoint
normal:ekf2_innovation_bias__2019-03-06__08_02_26__baseline,48.0,0.8837983543699139,3.0,False,rate_ctrl_status
normal:ekf2_innovation_bias__2019-03-06__08_02_26__baseline,48.8,0.6280374526977539,3.0,False,rate_ctrl_status
normal:ekf2_innovation_bias__2019-03-06__08_02_26__baseline,49.6,0.9468504045871593,3.0,False,rate_ctrl_status
normal:ekf2_innovation_bias__2019-03-06__08_02_26__baseline,50.4,0.6014546480815737,3.0,False,vehicle_rates_setpoint
normal:ekf2_innovation_bias__2019-03-06__08_02_26__baseline,51.2,0.6866214923961215,3.0,False,actuator_controls_0
normal:ekf2_innovation_bias__2019-03-06__08_02_26__baseline,52.0,0.5029724026631541,3.0,False,distance_sensor
normal:ekf2_innovation_bias__2019-03-06__08_02_26__baseline,52.8,0.5275361784903769,3.0,False,actuator_controls_0
normal:ekf2_innovation_bias__2019-03-06__08_02_26__baseline,53.6,0.7013089652221386,3.0,False,rate_ctrl_status
normal:ekf2_innovation_bias__2019-03-06__08_02_26__baseline,54.4,0.7548888797575292,3.0,False,rate_ctrl_status
normal:ekf2_innovation_bias__2019-03-06__08_02_26__baseline,55.2,0.6723924886949703,3.0,False,actuator_controls_0
normal:ekf2_innovation_bias__2019-03-06__08_02_26__baseline,56.0,0.7637516831236373,3.0,False,actuator_controls_0
normal:ekf2_innovation_bias__2019-03-06__08_02_26__baseline,56.8,0.7598346681788863,3.0,False,actuator_controls_0
normal:ekf2_innovation_bias__2019-03-06__08_02_26__baseline,57.6,0.8935383434448649,3.0,False,rate_ctrl_status
normal:ekf2_innovation_bias__2019-03-06__08_02_26__baseline,58.4,0.6790940351542454,3.0,False,actuator_controls_0
normal:ekf2_innovation_bias__2019-03-06__08_02_26__baseline,59.2,0.8391977805538438,3.0,False,vehicle_attitude
normal:ekf2_innovation_bias__2019-03-06__08_02_26__baseline,60.0,0.8815841899418666,3.0,False,vehicle_attitude
normal:ekf2_innovation_bias__2019-03-06__08_02_26__baseline,60.8,0.8216901804916591,3.0,False,vehicle_attitude
normal:ekf2_innovation_bias__2019-03-06__08_02_26__baseline,61.6,1.014100456512057,3.0,False,vehicle_attitude
normal:ekf2_innovation_bias__2019-03-06__08_02_26__baseline,62.4,1.3717768216362363,3.0,False,vehicle_attitude
normal:ekf2_innovation_bias__2019-03-06__08_02_26__baseline,63.2,1.0066151950467455,3.0,False,vehicle_attitude
normal:ekf2_innovation_bias__2019-03-06__08_02_26__baseline,64.0,0.8237108024911926,3.0,False,vehicle_attitude
normal:ekf2_innovation_bias__2019-03-06__08_02_26__baseline,64.8,0.8076616138327705,3.0,False,vehicle_attitude
normal:ekf2_innovation_bias__2019-03-06__08_02_26__baseline,65.6,0.7693526261099831,3.0,False,vehicle_attitude
normal:ekf2_innovation_bias__2019-03-06__08_02_26__baseline,66.4,0.8076616138327705,3.0,False,vehicle_attitude
normal:ekf2_innovation_bias__2019-03-06__08_02_26__baseline,67.2,0.6948890277629957,3.0,False,vehicle_attitude
normal:ekf2_innovation_bias__2019-03-06__08_02_26__baseline,68.0,0.8256084055152978,3.0,False,rate_ctrl_status
normal:ekf2_innovation_bias__2019-03-06__08_02_26__baseline,68.8,0.8072535317231028,3.0,False,vehicle_attitude
normal:ekf2_innovation_bias__2019-03-06__08_02_26__baseline,69.6,0.7509540424451547,3.0,False,vehicle_attitude
normal:ekf2_innovation_bias__2019-03-06__08_02_26__baseline,70.4,0.7429781556129456,3.0,False,vehicle_attitude_setpoint
normal:ekf2_innovation_bias__2019-03-06__08_02_26__baseline,71.2,0.788087872528813,3.0,False,vehicle_attitude
normal:ekf2_innovation_bias__2019-03-06__08_02_26__baseline,72.0,0.7499087650205088,3.0,False,vehicle_attitude_setpoint
normal:ekf2_innovation_bias__2019-03-06__08_02_26__baseline,72.8,1.1803495375961592,3.0,False,vehicle_rates_setpoint
normal:ekf2_innovation_bias__2019-03-06__08_02_26__baseline,73.6,0.9158471150898434,3.0,False,vehicle_attitude
normal:ekf2_innovation_bias__2019-03-06__08_02_26__baseline,74.4,2.0140535930334766,3.0,False,vehicle_rates_setpoint
normal:ekf2_innovation_bias__2019-03-06__08_02_26__baseline,75.2,0.942441614795794,3.0,False,vehicle_rates_setpoint
normal:ekf2_innovation_bias__2019-03-06__08_02_26__baseline,76.0,0.9311293089014197,3.0,False,vehicle_rates_setpoint
normal:ekf2_innovation_bias__2019-03-06__08_02_26__baseline,76.8,0.9324895733425395,3.0,False,vehicle_attitude
normal:ekf2_innovation_bias__2019-03-06__08_02_26__baseline,77.6,1.1350373955200743,3.0,False,vehicle_attitude_setpoint
normal:ekf2_innovation_bias__2019-03-06__08_02_26__baseline,78.4,1.1025492129065273,3.0,False,rate_ctrl_status
normal:ekf2_innovation_bias__2019-03-06__08_02_26__baseline,79.2,1.195911570965257,3.0,False,rate_ctrl_status
normal:ekf2_innovation_bias__2019-03-06__08_02_26__baseline,80.0,1.3591494585933805,3.0,False,rate_ctrl_status
normal:ekf2_innovation_bias__2019-03-06__08_02_26__baseline,80.8,1.3601482089626018,3.0,False,rate_ctrl_status
normal:ekf2_innovation_bias__2019-03-06__08_02_26__baseline,81.6,1.0190098703016088,3.0,False,vehicle_rates_setpoint
normal:ekf2_innovation_bias__2019-03-06__08_02_26__baseline,82.4,1.4218035757255416,3.0,False,vehicle_rates_setpoint
normal:ekf2_innovation_bias__2019-03-06__08_02_26__baseline,83.2,1.4179359769607625,3.0,False,vehicle_rates_setpoint
normal:ekf2_innovation_bias__2019-03-06__08_02_26__baseline,84.0,1.5597323431636592,3.0,False,vehicle_rates_setpoint
normal:ekf2_innovation_bias__2019-03-06__08_02_26__baseline,84.8,1.2398861437792847,3.0,False,rate_ctrl_status
normal:ekf2_innovation_bias__2019-03-06__08_02_26__baseline,85.6,0.7177377718027244,3.0,False,rate_ctrl_status
normal:ekf2_innovation_bias__2019-03-06__08_02_26__baseline,86.4,1.1962294995545955,3.0,False,rate_ctrl_status
normal:ekf2_innovation_bias__2019-03-06__08_02_26__baseline,87.2,0.8508586095280517,3.0,False,vehicle_vision_position
normal:ekf2_innovation_bias__2019-03-06__08_02_26__baseline,88.0,1.0258278443134148,3.0,False,rate_ctrl_status
normal:ekf2_innovation_bias__2019-03-06__08_02_26__baseline,88.8,1.0740999230122827,3.0,False,vehicle_vision_position
normal:ekf2_innovation_bias__2019-03-06__08_02_26__baseline,89.6,1.3421540129134633,3.0,False,rate_ctrl_status
normal:ekf2_innovation_bias__2019-03-06__08_02_26__baseline,90.4,0.9871926009045802,3.0,False,rate_ctrl_status
normal:ekf2_innovation_bias__2019-03-06__08_02_26__baseline,91.2,0.7973134745879502,3.0,False,vehicle_attitude
normal:ekf2_innovation_bias__2019-03-06__08_02_26__baseline,92.0,1.0125922774073648,3.0,False,vehicle_rates_setpoint
normal:ekf2_innovation_bias__2019-03-06__08_02_26__baseline,92.8,1.3579034805297852,3.0,False,vehicle_rates_setpoint
normal:ekf2_innovation_bias__2019-03-06__08_02_26__baseline,93.6,2.1123386570975815,3.0,False,actuator_outputs
normal:ekf2_innovation_bias__2019-03-06__08_02_26__baseline,94.4,2.754180657707573,3.0,False,actuator_outputs
normal:ekf2_innovation_bias__2019-03-06__08_02_26__baseline,95.2,2.2897663277903195,3.0,False,rate_ctrl_status
normal:ekf2_innovation_bias__2019-03-06__08_02_26__baseline,96.0,2.858158004587452,3.0,False,rate_ctrl_status
normal:inav_local_z_freeze__2019-03-06__08_02_26__baseline,9.6,0.09980932181003073,3.0,False,sensor_combined
normal:inav_local_z_freeze__2019-03-06__08_02_26__baseline,10.4,0.10920942724411181,3.0,False,sensor_combined
normal:inav_local_z_freeze__2019-03-06__08_02_26__baseline,11.2,0.09263616270135755,3.0,False,sensor_combined
normal:inav_local_z_freeze__2019-03-06__08_02_26__baseline,12.0,0.10654927058007728,3.0,False,sensor_combined
normal:inav_local_z_freeze__2019-03-06__08_02_26__baseline,12.8,0.06590373370512946,3.0,False,sensor_combined
normal:inav_local_z_freeze__2019-03-06__08_02_26__baseline,13.6,0.06860822510502476,3.0,False,sensor_combined
normal:inav_local_z_freeze__2019-03-06__08_02_26__baseline,14.4,0.07289327932635707,3.0,False,sensor_combined
normal:inav_local_z_freeze__2019-03-06__08_02_26__baseline,15.2,0.06612811007623655,3.0,False,sensor_combined
normal:inav_local_z_freeze__2019-03-06__08_02_26__baseline,16.0,0.06985367412303475,3.0,False,sensor_combined
normal:inav_local_z_freeze__2019-03-06__08_02_26__baseline,16.8,0.09229772342866766,3.0,False,sensor_combined
normal:inav_local_z_freeze__2019-03-06__08_02_26__baseline,17.6,0.10188228613392945,3.0,False,sensor_combined
normal:inav_local_z_freeze__2019-03-06__08_02_26__baseline,18.4,0.09495862593354441,3.0,False,sensor_combined
normal:inav_local_z_freeze__2019-03-06__08_02_26__baseline,19.2,0.0827591986144527,3.0,False,sensor_combined
normal:inav_local_z_freeze__2019-03-06__08_02_26__baseline,20.0,0.09943639032111745,3.0,False,sensor_combined
normal:inav_local_z_freeze__2019-03-06__08_02_26__baseline,20.8,0.09204888171052333,3.0,False,sensor_combined
normal:inav_local_z_freeze__2019-03-06__08_02_26__baseline,21.6,0.08802096293399825,3.0,False,sensor_combined
normal:inav_local_z_freeze__2019-03-06__08_02_26__baseline,22.4,0.08887826167980153,3.0,False,sensor_combined
normal:inav_local_z_freeze__2019-03-06__08_02_26__baseline,23.2,0.12632973502600792,3.0,False,sensor_combined
normal:inav_local_z_freeze__2019-03-06__08_02_26__baseline,24.0,0.143875614708543,3.0,False,sensor_combined
normal:inav_local_z_freeze__2019-03-06__08_02_26__baseline,24.8,0.17066133001629163,3.0,False,sensor_combined
normal:inav_local_z_freeze__2019-03-06__08_02_26__baseline,25.6,0.18578069581267148,3.0,False,sensor_combined
normal:inav_local_z_freeze__2019-03-06__08_02_26__baseline,26.4,0.1924172486996733,3.0,False,sensor_combined
normal:inav_local_z_freeze__2019-03-06__08_02_26__baseline,27.2,0.17755576336928633,3.0,False,sensor_combined
normal:inav_local_z_freeze__2019-03-06__08_02_26__baseline,28.0,0.15578244819268774,3.0,False,sensor_combined
normal:inav_local_z_freeze__2019-03-06__08_02_26__baseline,28.8,0.15593134471523737,3.0,False,sensor_combined
normal:inav_local_z_freeze__2019-03-06__08_02_26__baseline,29.6,0.13551042560963844,3.0,False,sensor_combined
normal:inav_local_z_freeze__2019-03-06__08_02_26__baseline,30.4,0.12357409026272004,3.0,False,sensor_combined
normal:inav_local_z_freeze__2019-03-06__08_02_26__baseline,31.2,0.10752424506844178,3.0,False,sensor_combined
normal:inav_local_z_freeze__2019-03-06__08_02_26__baseline,32.0,0.09842078059672567,3.0,False,sensor_combined
normal:inav_local_z_freeze__2019-03-06__08_02_26__baseline,32.8,0.10090766402919209,3.0,False,sensor_combined
normal:inav_local_z_freeze__2019-03-06__08_02_26__baseline,33.6,0.09166506762152708,3.0,False,sensor_combined
normal:inav_local_z_freeze__2019-03-06__08_02_26__baseline,34.4,0.06864152921971146,3.0,False,sensor_combined
normal:inav_local_z_freeze__2019-03-06__08_02_26__baseline,35.2,0.06754692715799249,3.0,False,sensor_combined
normal:inav_local_z_freeze__2019-03-06__08_02_26__baseline,36.0,0.06754692715799249,3.0,False,sensor_combined
normal:inav_local_z_freeze__2019-03-06__08_02_26__baseline,36.8,0.10155024801714554,3.0,False,sensor_combined
normal:inav_local_z_freeze__2019-03-06__08_02_26__baseline,37.6,0.10248712600893677,3.0,False,sensor_combined
normal:inav_local_z_freeze__2019-03-06__08_02_26__baseline,38.4,0.08449820553896442,3.0,False,sensor_combined
normal:inav_local_z_freeze__2019-03-06__08_02_26__baseline,39.2,0.11292807505593058,3.0,False,sensor_combined
normal:inav_local_z_freeze__2019-03-06__08_02_26__baseline,40.0,0.12050038598373992,3.0,False,sensor_combined
normal:inav_local_z_freeze__2019-03-06__08_02_26__baseline,40.8,0.11348412833878217,3.0,False,sensor_combined
normal:inav_local_z_freeze__2019-03-06__08_02_26__baseline,41.6,0.11992256779433938,3.0,False,sensor_combined
normal:inav_local_z_freeze__2019-03-06__08_02_26__baseline,42.4,0.15639405758369632,3.0,False,sensor_combined
normal:inav_local_z_freeze__2019-03-06__08_02_26__baseline,43.2,0.15690512931911835,3.0,False,sensor_combined
normal:inav_local_z_freeze__2019-03-06__08_02_26__baseline,44.0,0.15401830321881615,3.0,False,sensor_combined
normal:inav_local_z_freeze__2019-03-06__08_02_26__baseline,44.8,0.1140682018626839,3.0,False,sensor_combined
normal:inav_local_z_freeze__2019-03-06__08_02_26__baseline,45.6,0.10420651080973987,3.0,False,sensor_combined
normal:inav_local_z_freeze__2019-03-06__08_02_26__baseline,46.4,0.1092867546446685,3.0,False,sensor_combined
normal:inav_local_z_freeze__2019-03-06__08_02_26__baseline,47.2,0.08326791737455407,3.0,False,sensor_combined
normal:inav_local_z_freeze__2019-03-06__08_02_26__baseline,48.0,0.08166436818164752,3.0,False,sensor_combined
normal:inav_local_z_freeze__2019-03-06__08_02_26__baseline,48.8,0.07383286851384085,3.0,False,sensor_combined
normal:inav_local_z_freeze__2019-03-06__08_02_26__baseline,49.6,0.10290588695709496,3.0,False,sensor_combined
normal:inav_local_z_freeze__2019-03-06__08_02_26__baseline,50.4,0.10603515180605728,3.0,False,sensor_combined
normal:inav_local_z_freeze__2019-03-06__08_02_26__baseline,51.2,0.09671750227406017,3.0,False,sensor_combined
normal:inav_local_z_freeze__2019-03-06__08_02_26__baseline,52.0,0.11904361204508372,3.0,False,sensor_combined
normal:inav_local_z_freeze__2019-03-06__08_02_26__baseline,52.8,0.094197975209551,3.0,False,sensor_combined
normal:inav_local_z_freeze__2019-03-06__08_02_26__baseline,53.6,0.09854168591814869,3.0,False,sensor_combined
normal:inav_local_z_freeze__2019-03-06__08_02_26__baseline,54.4,0.08303855056904533,3.0,False,sensor_combined
normal:inav_local_z_freeze__2019-03-06__08_02_26__baseline,55.2,0.09933826336552465,3.0,False,sensor_combined
normal:inav_local_z_freeze__2019-03-06__08_02_26__baseline,56.0,0.08828547047495348,3.0,False,sensor_combined
normal:inav_local_z_freeze__2019-03-06__08_02_26__baseline,56.8,0.058961806556962176,3.0,False,sensor_combined
normal:inav_local_z_freeze__2019-03-06__08_02_26__baseline,57.6,0.07801519828784158,3.0,False,sensor_combined
normal:inav_local_z_freeze__2019-03-06__08_02_26__baseline,58.4,0.08198531530524357,3.0,False,sensor_combined
normal:inav_local_z_freeze__2019-03-06__08_02_26__baseline,59.2,0.0844899809181186,3.0,False,sensor_combined
normal:inav_local_z_freeze__2019-03-06__08_02_26__baseline,60.0,0.08490320790188151,3.0,False,sensor_combined
normal:inav_local_z_freeze__2019-03-06__08_02_26__baseline,60.8,0.08903523346031246,3.0,False,sensor_combined
normal:inav_local_z_freeze__2019-03-06__08_02_26__baseline,61.6,0.09647739417366033,3.0,False,sensor_combined
normal:inav_local_z_freeze__2019-03-06__08_02_26__baseline,62.4,0.0794069882650338,3.0,False,sensor_combined
normal:inav_local_z_freeze__2019-03-06__08_02_26__baseline,63.2,0.12617654106161327,3.0,False,sensor_combined
normal:inav_local_z_freeze__2019-03-06__08_02_26__baseline,64.0,0.15023235610493937,3.0,False,sensor_combined
normal:inav_local_z_freeze__2019-03-06__08_02_26__baseline,64.8,0.12865227980012392,3.0,False,sensor_combined
normal:inav_local_z_freeze__2019-03-06__08_02_26__baseline,65.6,0.16971751081569758,3.0,False,sensor_combined
normal:inav_local_z_freeze__2019-03-06__08_02_26__baseline,66.4,0.17187089266959313,3.0,False,sensor_combined
normal:inav_local_z_freeze__2019-03-06__08_02_26__baseline,67.2,0.1871519404199401,3.0,False,sensor_combined
normal:inav_local_z_freeze__2019-03-06__08_02_26__baseline,68.0,0.18990106749309646,3.0,False,sensor_combined
normal:inav_local_z_freeze__2019-03-06__08_02_26__baseline,68.8,0.186146143060027,3.0,False,sensor_combined
normal:inav_local_z_freeze__2019-03-06__08_02_26__baseline,69.6,0.1617978015033426,3.0,False,sensor_combined
normal:inav_local_z_freeze__2019-03-06__08_02_26__baseline,70.4,0.17993122412531146,3.0,False,sensor_combined
normal:inav_local_z_freeze__2019-03-06__08_02_26__baseline,71.2,0.135603980121704,3.0,False,sensor_combined
normal:inav_local_z_freeze__2019-03-06__08_02_26__baseline,72.0,0.12381969153876117,3.0,False,sensor_combined
normal:inav_local_z_freeze__2019-03-06__08_02_26__baseline,72.8,0.12065604023411113,3.0,False,sensor_combined
normal:inav_local_z_freeze__2019-03-06__08_02_26__baseline,73.6,0.10307233836698985,3.0,False,sensor_combined
normal:inav_local_z_freeze__2019-03-06__08_02_26__baseline,74.4,0.08952600053563102,3.0,False,sensor_combined
normal:inav_local_z_freeze__2019-03-06__08_02_26__baseline,75.2,0.09367142607738414,3.0,False,sensor_combined
normal:inav_local_z_freeze__2019-03-06__08_02_26__baseline,76.0,0.08253909647464752,3.0,False,sensor_combined
normal:inav_local_z_freeze__2019-03-06__08_02_26__baseline,76.8,0.08097114915709354,3.0,False,sensor_combined
normal:inav_local_z_freeze__2019-03-06__08_02_26__baseline,77.6,0.09385687422682708,3.0,False,sensor_combined
normal:inav_local_z_freeze__2019-03-06__08_02_26__baseline,78.4,0.10918563693616443,3.0,False,sensor_combined
normal:inav_local_z_freeze__2019-03-06__08_02_26__baseline,79.2,0.11938734867749291,3.0,False,sensor_combined
normal:inav_local_z_freeze__2019-03-06__08_02_26__baseline,80.0,0.10369312163946934,3.0,False,sensor_combined
normal:inav_local_z_freeze__2019-03-06__08_02_26__baseline,80.8,0.17617418339987506,3.0,False,sensor_combined
normal:inav_local_z_freeze__2019-03-06__08_02_26__baseline,81.6,0.1678072077216578,3.0,False,sensor_combined
normal:inav_local_z_freeze__2019-03-06__08_02_26__baseline,82.4,0.180335213463895,3.0,False,sensor_combined
normal:inav_local_z_freeze__2019-03-06__08_02_26__baseline,83.2,0.19287716747103317,3.0,False,sensor_combined
normal:inav_local_z_freeze__2019-03-06__08_02_26__baseline,84.0,0.1842921692563175,3.0,False,sensor_combined
normal:inav_local_z_freeze__2019-03-06__08_02_26__baseline,84.8,0.17816727970808124,3.0,False,sensor_combined
normal:inav_local_z_freeze__2019-03-06__08_02_26__baseline,85.6,0.14667304602505013,3.0,False,sensor_combined
normal:inav_local_z_freeze__2019-03-06__08_02_26__baseline,86.4,0.143891473523864,3.0,False,sensor_combined
normal:inav_local_z_freeze__2019-03-06__08_02_26__baseline,87.2,0.14817753808717268,3.0,False,sensor_combined
normal:inav_local_z_freeze__2019-03-06__08_02_26__baseline,88.0,0.13583493460058854,3.0,False,sensor_combined
normal:inav_local_z_freeze__2019-03-06__08_02_26__baseline,88.8,0.11637028418024101,3.0,False,sensor_combined
normal:inav_local_z_freeze__2019-03-06__08_02_26__baseline,89.6,0.13612535541586426,3.0,False,sensor_combined
normal:inav_local_z_freeze__2019-03-06__08_02_26__baseline,90.4,0.10031138903003455,3.0,False,sensor_combined
normal:inav_local_z_freeze__2019-03-06__08_02_26__baseline,91.2,0.12926606970138607,3.0,False,sensor_combined
normal:inav_local_z_freeze__2019-03-06__08_02_26__baseline,92.0,0.15660118307103674,3.0,False,sensor_combined
normal:inav_local_z_freeze__2019-03-06__08_02_26__baseline,92.8,0.2106368624507753,3.0,False,sensor_combined
normal:inav_local_z_freeze__2019-03-06__08_02_26__baseline,93.6,0.14294684417189152,3.0,False,sensor_combined
normal:inav_local_z_freeze__2019-03-06__08_02_26__baseline,94.4,0.18406953950153465,3.0,False,sensor_combined
normal:inav_local_z_freeze__2019-03-06__08_02_26__baseline,95.2,0.15414201810638925,3.0,False,sensor_combined
normal:inav_local_z_freeze__2019-03-06__08_02_26__baseline,96.0,0.14785988348198062,3.0,False,sensor_combined
normal:inav_local_z_freeze__2019-03-06__08_02_26__baseline,96.8,4.1931915283203125,3.0,False,vehicle_status
normal:inav_local_z_freeze__2019-03-06__08_02_26__baseline,97.6,0.15029440586915052,3.0,False,sensor_combined
normal:land_detector_state_inversion__2019-03-06__08_02_26__baseline,9.6,0.9825652374757244,3.0,False,actuator_controls_0
normal:land_detector_state_inversion__2019-03-06__08_02_26__baseline,10.4,0.5285382398130455,3.0,False,actuator_controls_0
normal:land_detector_state_inversion__2019-03-06__08_02_26__baseline,11.2,0.3728128651303404,3.0,False,actuator_controls_0
normal:land_detector_state_inversion__2019-03-06__08_02_26__baseline,12.0,0.49633117495034584,3.0,False,actuator_controls_0
normal:land_detector_state_inversion__2019-03-06__08_02_26__baseline,12.8,0.42006328038717566,3.0,False,actuator_controls_0
normal:land_detector_state_inversion__2019-03-06__08_02_26__baseline,13.6,0.4171733966479185,3.0,False,actuator_controls_0
normal:land_detector_state_inversion__2019-03-06__08_02_26__baseline,14.4,0.41875299997627735,3.0,False,actuator_controls_0
normal:land_detector_state_inversion__2019-03-06__08_02_26__baseline,15.2,0.4445842967360681,3.0,False,actuator_controls_0
normal:land_detector_state_inversion__2019-03-06__08_02_26__baseline,16.0,0.4737417355191419,3.0,False,sensor_combined
normal:land_detector_state_inversion__2019-03-06__08_02_26__baseline,16.8,0.5762434154647625,3.0,False,sensor_combined
normal:land_detector_state_inversion__2019-03-06__08_02_26__baseline,17.6,0.48091247804449877,3.0,False,sensor_combined
normal:land_detector_state_inversion__2019-03-06__08_02_26__baseline,18.4,0.49834147414362495,3.0,False,sensor_combined
normal:land_detector_state_inversion__2019-03-06__08_02_26__baseline,19.2,0.37710684817284346,3.0,False,actuator_controls_0
normal:land_detector_state_inversion__2019-03-06__08_02_26__baseline,20.0,0.45743644055358196,3.0,False,actuator_controls_0
normal:land_detector_state_inversion__2019-03-06__08_02_26__baseline,20.8,0.5227481633732682,3.0,False,actuator_controls_0
normal:land_detector_state_inversion__2019-03-06__08_02_26__baseline,21.6,0.48420896974900585,3.0,False,actuator_controls_0
normal:land_detector_state_inversion__2019-03-06__08_02_26__baseline,22.4,0.45258565031282383,3.0,False,actuator_controls_0
normal:land_detector_state_inversion__2019-03-06__08_02_26__baseline,23.2,0.45454240826863196,3.0,False,actuator_controls_0
normal:land_detector_state_inversion__2019-03-06__08_02_26__baseline,24.0,0.46103031117311366,3.0,False,sensor_combined
normal:land_detector_state_inversion__2019-03-06__08_02_26__baseline,24.8,0.5667944806399527,3.0,False,actuator_controls_0
normal:land_detector_state_inversion__2019-03-06__08_02_26__baseline,25.6,0.678775953981944,3.0,False,sensor_combined
normal:land_detector_state_inversion__2019-03-06__08_02_26__baseline,26.4,0.8105119192979459,3.0,False,sensor_combined
normal:land_detector_state_inversion__2019-03-06__08_02_26__baseline,27.2,0.6782852635009912,3.0,False,sensor_combined
normal:land_detector_state_inversion__2019-03-06__08_02_26__baseline,28.0,0.5229419963670281,3.0,False,sensor_combined
normal:land_detector_state_inversion__2019-03-06__08_02_26__baseline,28.8,0.506260885723999,3.0,False,actuator_controls_0
normal:land_detector_state_inversion__2019-03-06__08_02_26__baseline,29.6,0.3513448443287792,3.0,False,sensor_combined
normal:land_detector_state_inversion__2019-03-06__08_02_26__baseline,30.4,0.36989303305745125,3.0,False,actuator_controls_0
normal:land_detector_state_inversion__2019-03-06__08_02_26__baseline,31.2,0.4450398363590627,3.0,False,actuator_controls_0
normal:land_detector_state_inversion__2019-03-06__08_02_26__baseline,32.0,0.46592120128632986,3.0,False,actuator_controls_0
normal:land_detector_state_inversion__2019-03-06__08_02_26__baseline,32.8,0.5036419816315174,3.0,False,actuator_controls_0
normal:land_detector_state_inversion__2019-03-06__08_02_26__baseline,33.6,0.4741237311065723,3.0,False,actuator_controls_0
normal:land_detector_state_inversion__2019-03-06__08_02_26__baseline,34.4,0.43887761768325795,3.0,False,actuator_controls_0
normal:land_detector_state_inversion__2019-03-06__08_02_26__baseline,35.2,0.4830911580616369,3.0,False,actuator_controls_0
normal:land_detector_state_inversion__2019-03-06__08_02_26__baseline,36.0,0.3717152497008706,3.0,False,actuator_controls_0
normal:land_detector_state_inversion__2019-03-06__08_02_26__baseline,36.8,0.4298365116119385,3.0,False,actuator_controls_0
normal:land_detector_state_inversion__2019-03-06__08_02_26__baseline,37.6,0.3407992686653389,3.0,False,actuator_controls_0
normal:land_detector_state_inversion__2019-03-06__08_02_26__baseline,38.4,0.3675043743885383,3.0,False,actuator_controls_0
normal:land_detector_state_inversion__2019-03-06__08_02_26__baseline,39.2,0.3209708702940821,3.0,False,actuator_controls_0
normal:land_detector_state_inversion__2019-03-06__08_02_26__baseline,40.0,0.41506489320568973,3.0,False,actuator_controls_0
normal:land_detector_state_inversion__2019-03-06__08_02_26__baseline,40.8,0.28883730743350344,3.0,False,actuator_controls_0
normal:land_detector_state_inversion__2019-03-06__08_02_26__baseline,41.6,0.4084965118317116,3.0,False,actuator_controls_0
normal:land_detector_state_inversion__2019-03-06__08_02_26__baseline,42.4,0.45423648800974137,3.0,False,actuator_controls_0
normal:land_detector_state_inversion__2019-03-06__08_02_26__baseline,43.2,0.25937177635650915,3.0,False,actuator_controls_0
normal:land_detector_state_inversion__2019-03-06__08_02_26__baseline,44.0,0.36886727244506723,3.0,False,actuator_controls_0
normal:land_detector_state_inversion__2019-03-06__08_02_26__baseline,44.8,0.2591167531618074,3.0,False,actuator_controls_0
normal:land_detector_state_inversion__2019-03-06__08_02_26__baseline,45.6,0.38541287014292674,3.0,False,actuator_controls_0
normal:land_detector_state_inversion__2019-03-06__08_02_26__baseline,46.4,0.3887364409200227,3.0,False,actuator_controls_0
normal:land_detector_state_inversion__2019-03-06__08_02_26__baseline,47.2,0.32432814063376864,3.0,False,actuator_controls_0
normal:land_detector_state_inversion__2019-03-06__08_02_26__baseline,48.0,0.3280530043283284,3.0,False,actuator_controls_0
normal:land_detector_state_inversion__2019-03-06__08_02_26__baseline,48.8,0.3616019380940446,3.0,False,actuator_controls_0
normal:land_detector_state_inversion__2019-03-06__08_02_26__baseline,49.6,0.38756067962438384,3.0,False,actuator_controls_0
normal:land_detector_state_inversion__2019-03-06__08_02_26__baseline,50.4,0.3894458480203902,3.0,False,actuator_controls_0
normal:land_detector_state_inversion__2019-03-06__08_02_26__baseline,51.2,0.4047860468153984,3.0,False,actuator_controls_0
normal:land_detector_state_inversion__2019-03-06__08_02_26__baseline,52.0,0.43792329809159125,3.0,False,actuator_controls_0
normal:land_detector_state_inversion__2019-03-06__08_02_26__baseline,52.8,0.46886566463898544,3.0,False,actuator_controls_0
normal:land_detector_state_inversion__2019-03-06__08_02_26__baseline,53.6,0.4490197514183396,3.0,False,actuator_controls_0
normal:land_detector_state_inversion__2019-03-06__08_02_26__baseline,54.4,0.4062919626633416,3.0,False,actuator_controls_0
normal:land_detector_state_inversion__2019-03-06__08_02_26__baseline,55.2,0.3997745268608379,3.0,False,actuator_controls_0
normal:land_detector_state_inversion__2019-03-06__08_02_26__baseline,56.0,0.4005782267621711,3.0,False,actuator_controls_0
normal:land_detector_state_inversion__2019-03-06__08_02_26__baseline,56.8,0.40156862398566573,3.0,False,sensor_combined
normal:land_detector_state_inversion__2019-03-06__08_02_26__baseline,57.6,0.46562409102512936,3.0,False,actuator_controls_0
normal:land_detector_state_inversion__2019-03-06__08_02_26__baseline,58.4,0.511325265457795,3.0,False,sensor_combined
normal:land_detector_state_inversion__2019-03-06__08_02_26__baseline,59.2,0.5410113187770633,3.0,False,actuator_controls_0
normal:land_detector_state_inversion__2019-03-06__08_02_26__baseline,60.0,0.4807233487576999,3.0,False,actuator_controls_0
normal:land_detector_state_inversion__2019-03-06__08_02_26__baseline,60.8,0.3784682083467496,3.0,False,sensor_combined
normal:land_detector_state_inversion__2019-03-06__08_02_26__baseline,61.6,0.3332376419935694,3.0,False,sensor_combined
normal:land_detector_state_inversion__2019-03-06__08_02_26__baseline,62.4,0.47982832026358535,3.0,False,actuator_controls_0
normal:land_detector_state_inversion__2019-03-06__08_02_26__baseline,63.2,0.4514156327605464,3.0,False,actuator_controls_0
normal:land_detector_state_inversion__2019-03-06__08_02_26__baseline,64.0,0.3999059535728998,3.0,False,sensor_combined
normal:land_detector_state_inversion__2019-03-06__08_02_26__baseline,64.8,0.40824318055615033,3.0,False,sensor_combined
normal:land_detector_state_inversion__2019-03-06__08_02_26__baseline,65.6,0.5008416773499791,3.0,False,sensor_combined
normal:land_detector_state_inversion__2019-03-06__08_02_26__baseline,66.4,0.6016536813301335,3.0,False,sensor_combined
normal:land_detector_state_inversion__2019-03-06__08_02_26__baseline,67.2,0.6890774943907498,3.0,False,sensor_combined
normal:land_detector_state_inversion__2019-03-06__08_02_26__baseline,68.0,0.7249823379203935,3.0,False,sensor_combined
normal:land_detector_state_inversion__2019-03-06__08_02_26__baseline,68.8,0.6624740909584905,3.0,False,sensor_combined
normal:land_detector_state_inversion__2019-03-06__08_02_26__baseline,69.6,0.5971515591620423,3.0,False,sensor_combined
normal:land_detector_state_inversion__2019-03-06__08_02_26__baseline,70.4,0.5096724406966747,3.0,False,sensor_combined
normal:land_detector_state_inversion__2019-03-06__08_02_26__baseline,71.2,0.41486320917922626,3.0,False,sensor_combined
normal:land_detector_state_inversion__2019-03-06__08_02_26__baseline,72.0,0.4073704133920074,3.0,False,actuator_controls_0
normal:land_detector_state_inversion__2019-03-06__08_02_26__baseline,72.8,0.4214668796599008,3.0,False,actuator_controls_0
normal:land_detector_state_inversion__2019-03-06__08_02_26__baseline,73.6,0.47756971595279746,3.0,False,actuator_controls_0
normal:land_detector_state_inversion__2019-03-06__08_02_26__baseline,74.4,0.4027930854831943,3.0,False,actuator_controls_0
normal:land_detector_state_inversion__2019-03-06__08_02_26__baseline,75.2,0.34050569114688434,3.0,False,actuator_controls_0
normal:land_detector_state_inversion__2019-03-06__08_02_26__baseline,76.0,0.5268211136454249,3.0,False,actuator_controls_0
normal:land_detector_state_inversion__2019-03-06__08_02_26__baseline,76.8,0.4842434599724913,3.0,False,actuator_controls_0
normal:land_detector_state_inversion__2019-03-06__08_02_26__baseline,77.6,0.3982161471739144,3.0,False,actuator_controls_0
normal:land_detector_state_inversion__2019-03-06__08_02_26__baseline,78.4,0.43684467755626016,3.0,False,actuator_controls_0
normal:land_detector_state_inversion__2019-03-06__08_02_26__baseline,79.2,0.5463351055540602,3.0,False,actuator_controls_0
normal:land_detector_state_inversion__2019-03-06__08_02_26__baseline,80.0,0.5485233962874062,3.0,False,actuator_controls_0
normal:land_detector_state_inversion__2019-03-06__08_02_26__baseline,80.8,0.5219093423705594,3.0,False,actuator_controls_0
normal:land_detector_state_inversion__2019-03-06__08_02_26__baseline,81.6,0.5811087948443224,3.0,False,actuator_controls_0
normal:land_detector_state_inversion__2019-03-06__08_02_26__baseline,82.4,0.6349068820820014,3.0,False,actuator_controls_0
normal:land_detector_state_inversion__2019-03-06__08_02_26__baseline,83.2,0.8135493011617226,3.0,False,actuator_controls_0
normal:land_detector_state_inversion__2019-03-06__08_02_26__baseline,84.0,0.6523597454356913,3.0,False,actuator_controls_0
normal:land_detector_state_inversion__2019-03-06__08_02_26__baseline,84.8,0.525595132843031,3.0,False,actuator_controls_0
normal:land_detector_state_inversion__2019-03-06__08_02_26__baseline,85.6,0.6664286915228436,3.0,False,actuator_controls_0
normal:land_detector_state_inversion__2019-03-06__08_02_26__baseline,86.4,0.6179535652922244,3.0,False,actuator_controls_0
normal:land_detector_state_inversion__2019-03-06__08_02_26__baseline,87.2,0.6998551545842844,3.0,False,actuator_controls_0
normal:land_detector_state_inversion__2019-03-06__08_02_26__baseline,88.0,0.688095565782273,3.0,False,actuator_controls_0
normal:land_detector_state_inversion__2019-03-06__08_02_26__baseline,88.8,0.8323649307633031,3.0,False,actuator_controls_0
normal:land_detector_state_inversion__2019-03-06__08_02_26__baseline,89.6,0.5922315036750833,3.0,False,actuator_controls_0
normal:land_detector_state_inversion__2019-03-06__08_02_26__baseline,90.4,0.8543444179194555,3.0,False,actuator_controls_0
normal:land_detector_state_inversion__2019-03-06__08_02_26__baseline,91.2,0.8689151359040632,3.0,False,actuator_controls_0
normal:land_detector_state_inversion__2019-03-06__08_02_26__baseline,92.0,0.8515117549483513,3.0,False,actuator_controls_0
normal:land_detector_state_inversion__2019-03-06__08_02_26__baseline,92.8,0.7559764508237791,3.0,False,actuator_controls_0
normal:land_detector_state_inversion__2019-03-06__08_02_26__baseline,93.6,0.6963303285956025,3.0,False,actuator_controls_0
normal:land_detector_state_inversion__2019-03-06__08_02_26__baseline,94.4,1.6916408456584002,3.0,False,actuator_controls_0
normal:land_detector_state_inversion__2019-03-06__08_02_26__baseline,95.2,1.1403638417412203,3.0,False,actuator_controls_0
normal:land_detector_state_inversion__2019-03-06__08_02_26__baseline,96.0,1.254720280493791,3.0,False,actuator_controls_0
normal:land_detector_state_inversion__2019-03-06__08_02_26__baseline,96.8,19.925270080566406,3.0,False,vehicle_status
normal:land_detector_state_inversion__2019-03-06__08_02_26__baseline,97.6,1.0889166859191195,3.0,False,actuator_controls_0
fault:commander_nav_state_override__2019-03-06__08_02_26__fault,9.6,0.5080435161520578,3.0,False,sensor_combined
fault:commander_nav_state_override__2019-03-06__08_02_26__fault,10.4,0.5336564805436401,3.0,False,sensor_combined
fault:commander_nav_state_override__2019-03-06__08_02_26__fault,11.2,0.6060735084211628,3.0,False,sensor_combined
fault:commander_nav_state_override__2019-03-06__08_02_26__fault,12.0,0.5985009787661731,3.0,False,sensor_combined
fault:commander_nav_state_override__2019-03-06__08_02_26__fault,12.8,0.4845274021886837,3.0,False,sensor_combined
fault:commander_nav_state_override__2019-03-06__08_02_26__fault,13.6,0.39800165434659873,3.0,False,sensor_combined
fault:commander_nav_state_override__2019-03-06__08_02_26__fault,14.4,0.4184063108292753,3.0,False,sensor_combined
fault:commander_nav_state_override__2019-03-06__08_02_26__fault,15.2,0.4057950220679817,3.0,False,sensor_combined
fault:commander_nav_state_override__2019-03-06__08_02_26__fault,16.0,0.4443818903697797,3.0,False,sensor_combined
fault:commander_nav_state_override__2019-03-06__08_02_26__fault,16.8,0.49102998722495106,3.0,False,sensor_combined
fault:commander_nav_state_override__2019-03-06__08_02_26__fault,17.6,0.5252829598634212,3.0,False,sensor_combined
fault:commander_nav_state_override__2019-03-06__08_02_26__fault,18.4,0.5132867934081332,3.0,False,sensor_combined
fault:commander_nav_state_override__2019-03-06__08_02_26__fault,19.2,0.40898628171447865,3.0,False,sensor_combined
fault:commander_nav_state_override__2019-03-06__08_02_26__fault,20.0,0.37982502346105274,3.0,False,sensor_combined
fault:commander_nav_state_override__2019-03-06__08_02_26__fault,20.8,0.4334188039528446,3.0,False,sensor_combined
fault:commander_nav_state_override__2019-03-06__08_02_26__fault,21.6,0.45560150415174816,3.0,False,sensor_combined
fault:commander_nav_state_override__2019-03-06__08_02_26__fault,22.4,0.44382004900828237,3.0,False,sensor_combined
fault:commander_nav_state_override__2019-03-06__08_02_26__fault,23.2,0.5138349373794001,3.0,False,sensor_combined
fault:commander_nav_state_override__2019-03-06__08_02_26__fault,24.0,0.48097275759689234,3.0,False,sensor_combined
fault:commander_nav_state_override__2019-03-06__08_02_26__fault,24.8,0.46136289883567577,3.0,False,sensor_combined
fault:commander_nav_state_override__2019-03-06__08_02_26__fault,25.6,0.5637323755220915,3.0,False,sensor_combined
fault:commander_nav_state_override__2019-03-06__08_02_26__fault,26.4,0.5809686256706948,3.0,False,sensor_combined
fault:commander_nav_state_override__2019-03-06__08_02_26__fault,27.2,0.5152371095921507,3.0,False,sensor_combined
fault:commander_nav_state_override__2019-03-06__08_02_26__fault,28.0,0.43799606966295956,3.0,False,sensor_combined
fault:commander_nav_state_override__2019-03-06__08_02_26__fault,28.8,0.4553359977930855,3.0,False,sensor_combined
fault:commander_nav_state_override__2019-03-06__08_02_26__fault,29.6,1.2478934973478317,3.0,False,vehicle_status
fault:commander_nav_state_override__2019-03-06__08_02_26__fault,30.4,4.959723949432373,3.0,False,vehicle_status
fault:commander_nav_state_override__2019-03-06__08_02_26__fault,31.2,10.414385795593262,3.0,False,vehicle_status
fault:commander_nav_state_override__2019-03-06__08_02_26__fault,32.0,19.945425692058052,3.0,True,vehicle_status
fault:commander_nav_state_override__2019-03-06__08_02_26__fault,32.8,21.323707103729248,3.0,True,vehicle_status
fault:commander_nav_state_override__2019-03-06__08_02_26__fault,33.6,26.778370141983032,3.0,True,vehicle_status
fault:commander_nav_state_override__2019-03-06__08_02_26__fault,34.4,31.56226873397827,3.0,True,vehicle_status
fault:commander_nav_state_override__2019-03-06__08_02_26__fault,35.2,37.68769592046738,3.0,True,vehicle_status
fault:commander_nav_state_override__2019-03-06__08_02_26__fault,36.0,43.14236760139465,3.0,True,vehicle_status
fault:commander_nav_state_override__2019-03-06__08_02_26__fault,36.8,48.597044348716736,3.0,True,vehicle_status
fault:commander_nav_state_override__2019-03-06__08_02_26__fault,37.6,55.72962428420345,3.0,True,vehicle_status
fault:commander_nav_state_override__2019-03-06__08_02_26__fault,38.4,55.72962428420345,3.0,True,vehicle_status
fault:commander_nav_state_override__2019-03-06__08_02_26__fault,39.2,64.33770418167114,3.0,True,vehicle_status
fault:commander_nav_state_override__2019-03-06__08_02_26__fault,40.0,65.4560375213623,3.0,True,vehicle_status
fault:commander_nav_state_override__2019-03-06__08_02_26__fault,40.8,65.4560375213623,3.0,True,vehicle_status
fault:commander_nav_state_override__2019-03-06__08_02_26__fault,41.6,65.4560375213623,3.0,True,vehicle_status
fault:commander_nav_state_override__2019-03-06__08_02_26__fault,42.4,65.4560375213623,3.0,True,vehicle_status
fault:commander_nav_state_override__2019-03-06__08_02_26__fault,43.2,65.4560375213623,3.0,True,vehicle_status
fault:commander_nav_state_override__2019-03-06__08_02_26__fault,44.0,65.4560375213623,3.0,True,vehicle_status
fault:commander_nav_state_override__2019-03-06__08_02_26__fault,44.8,65.4560375213623,3.0,True,vehicle_status
fault:commander_nav_state_override__2019-03-06__08_02_26__fault,45.6,65.4560375213623,3.0,True,vehicle_status
fault:commander_nav_state_override__2019-03-06__08_02_26__fault,46.4,65.4560375213623,3.0,True,vehicle_status
fault:commander_nav_state_override__2019-03-06__08_02_26__fault,47.2,65.4560375213623,3.0,True,vehicle_status
fault:commander_nav_state_override__2019-03-06__08_02_26__fault,48.0,65.4560375213623,3.0,True,vehicle_status
fault:commander_nav_state_override__2019-03-06__08_02_26__fault,48.8,65.4560375213623,3.0,True,vehicle_status
fault:commander_nav_state_override__2019-03-06__08_02_26__fault,49.6,65.4560375213623,3.0,True,vehicle_status
fault:commander_nav_state_override__2019-03-06__08_02_26__fault,50.4,65.4560375213623,3.0,True,vehicle_status
fault:commander_nav_state_override__2019-03-06__08_02_26__fault,51.2,65.4560375213623,3.0,True,vehicle_status
fault:commander_nav_state_override__2019-03-06__08_02_26__fault,52.0,65.4560375213623,3.0,True,vehicle_status
fault:commander_nav_state_override__2019-03-06__08_02_26__fault,52.8,65.4560375213623,3.0,True,vehicle_status
fault:commander_nav_state_override__2019-03-06__08_02_26__fault,53.6,65.4560375213623,3.0,True,vehicle_status
fault:commander_nav_state_override__2019-03-06__08_02_26__fault,54.4,65.4560375213623,3.0,True,vehicle_status
fault:commander_nav_state_override__2019-03-06__08_02_26__fault,55.2,65.4560375213623,3.0,True,vehicle_status
fault:commander_nav_state_override__2019-03-06__08_02_26__fault,56.0,65.4560375213623,3.0,True,vehicle_status
fault:commander_nav_state_override__2019-03-06__08_02_26__fault,56.8,65.4560375213623,3.0,True,vehicle_status
fault:commander_nav_state_override__2019-03-06__08_02_26__fault,57.6,65.4560375213623,3.0,True,vehicle_status
fault:commander_nav_state_override__2019-03-06__08_02_26__fault,58.4,65.4560375213623,3.0,True,vehicle_status
fault:commander_nav_state_override__2019-03-06__08_02_26__fault,59.2,65.4560375213623,3.0,True,vehicle_status
fault:commander_nav_state_override__2019-03-06__08_02_26__fault,60.0,65.4560375213623,3.0,True,vehicle_status
fault:commander_nav_state_override__2019-03-06__08_02_26__fault,60.8,65.4560375213623,3.0,True,vehicle_status
fault:commander_nav_state_override__2019-03-06__08_02_26__fault,61.6,65.4560375213623,3.0,True,vehicle_status
fault:commander_nav_state_override__2019-03-06__08_02_26__fault,62.4,65.4560375213623,3.0,True,vehicle_status
fault:commander_nav_state_override__2019-03-06__08_02_26__fault,63.2,65.4560375213623,3.0,True,vehicle_status
fault:commander_nav_state_override__2019-03-06__08_02_26__fault,64.0,65.4560375213623,3.0,True,vehicle_status
fault:commander_nav_state_override__2019-03-06__08_02_26__fault,64.8,65.4560375213623,3.0,True,vehicle_status
fault:commander_nav_state_override__2019-03-06__08_02_26__fault,65.6,65.4560375213623,3.0,True,vehicle_status
fault:commander_nav_state_override__2019-03-06__08_02_26__fault,66.4,65.4560375213623,3.0,True,vehicle_status
fault:commander_nav_state_override__2019-03-06__08_02_26__fault,67.2,65.4560375213623,3.0,True,vehicle_status
fault:commander_nav_state_override__2019-03-06__08_02_26__fault,68.0,65.4560375213623,3.0,True,vehicle_status
fault:commander_nav_state_override__2019-03-06__08_02_26__fault,68.8,65.4560375213623,3.0,True,vehicle_status
fault:commander_nav_state_override__2019-03-06__08_02_26__fault,69.6,65.4560375213623,3.0,True,vehicle_status
fault:commander_nav_state_override__2019-03-06__08_02_26__fault,70.4,65.4560375213623,3.0,True,vehicle_status
fault:commander_nav_state_override__2019-03-06__08_02_26__fault,71.2,65.4560375213623,3.0,True,vehicle_status
fault:commander_nav_state_override__2019-03-06__08_02_26__fault,72.0,65.4560375213623,3.0,True,vehicle_status
fault:commander_nav_state_override__2019-03-06__08_02_26__fault,72.8,65.4560375213623,3.0,True,vehicle_status
fault:commander_nav_state_override__2019-03-06__08_02_26__fault,73.6,65.4560375213623,3.0,True,vehicle_status
fault:commander_nav_state_override__2019-03-06__08_02_26__fault,74.4,65.4560375213623,3.0,True,vehicle_status
fault:commander_nav_state_override__2019-03-06__08_02_26__fault,75.2,65.4560375213623,3.0,True,vehicle_status
fault:commander_nav_state_override__2019-03-06__08_02_26__fault,76.0,61.56799554824829,3.0,True,vehicle_status
fault:commander_nav_state_override__2019-03-06__08_02_26__fault,76.8,46.44135492344199,3.0,True,vehicle_status
fault:commander_nav_state_override__2019-03-06__08_02_26__fault,77.6,46.44135492344199,3.0,True,vehicle_status
fault:commander_nav_state_override__2019-03-06__08_02_26__fault,78.4,46.44135492344199,3.0,True,vehicle_status
fault:commander_nav_state_override__2019-03-06__08_02_26__fault,79.2,43.38576316833496,3.0,True,vehicle_status
fault:commander_nav_state_override__2019-03-06__08_02_26__fault,80.0,38.84020686149597,3.0,True,vehicle_status
fault:commander_nav_state_override__2019-03-06__08_02_26__fault,80.8,26.912384033203125,3.0,True,vehicle_status
fault:commander_nav_state_override__2019-03-06__08_02_26__fault,81.6,25.850882530212402,3.0,True,vehicle_status
fault:commander_nav_state_override__2019-03-06__08_02_26__fault,82.4,23.8942551612854,3.0,True,vehicle_status
fault:commander_nav_state_override__2019-03-06__08_02_26__fault,83.2,19.484554709615622,3.0,True,vehicle_status
fault:commander_nav_state_override__2019-03-06__08_02_26__fault,84.0,15.374740362167358,3.0,True,vehicle_status
fault:commander_nav_state_override__2019-03-06__08_02_26__fault,84.8,10.909339189529419,3.0,True,vehicle_status
fault:commander_nav_state_override__2019-03-06__08_02_26__fault,85.6,10.909339189529419,3.0,True,vehicle_status
fault:commander_nav_state_override__2019-03-06__08_02_26__fault,86.4,10.909339189529419,3.0,True,vehicle_status
fault:commander_nav_state_override__2019-03-06__08_02_26__fault,87.2,10.909339189529419,3.0,True,vehicle_status
fault:commander_nav_state_override__2019-03-06__08_02_26__fault,88.0,10.909339189529419,3.0,True,vehicle_status
fault:commander_nav_state_override__2019-03-06__08_02_26__fault,88.8,10.909339189529419,3.0,True,vehicle_status
fault:commander_nav_state_override__2019-03-06__08_02_26__fault,89.6,10.909339189529419,3.0,True,vehicle_status
fault:commander_nav_state_override__2019-03-06__08_02_26__fault,90.4,10.909339189529419,3.0,True,vehicle_status
fault:commander_nav_state_override__2019-03-06__08_02_26__fault,91.2,10.909339189529419,3.0,True,vehicle_status
fault:commander_nav_state_override__2019-03-06__08_02_26__fault,92.0,10.909339189529419,3.0,True,vehicle_status
fault:commander_nav_state_override__2019-03-06__08_02_26__fault,92.8,10.909339189529419,3.0,True,vehicle_status
fault:commander_nav_state_override__2019-03-06__08_02_26__fault,93.6,10.909339189529419,3.0,True,vehicle_status
fault:commander_nav_state_override__2019-03-06__08_02_26__fault,94.4,10.909339189529419,3.0,True,vehicle_status
fault:commander_nav_state_override__2019-03-06__08_02_26__fault,95.2,10.909339189529419,3.0,True,vehicle_status
fault:commander_nav_state_override__2019-03-06__08_02_26__fault,96.0,10.909339189529419,3.0,True,vehicle_status
fault:ekf2_innovation_bias__2019-03-06__08_02_26__fault,9.6,0.81570266561983,3.0,False,sensor_combined
fault:ekf2_innovation_bias__2019-03-06__08_02_26__fault,10.4,0.7408746485134106,3.0,False,sensor_combined
fault:ekf2_innovation_bias__2019-03-06__08_02_26__fault,11.2,0.5748387625514456,3.0,False,vehicle_attitude
fault:ekf2_innovation_bias__2019-03-06__08_02_26__fault,12.0,0.5844329718355381,3.0,False,actuator_controls_0
fault:ekf2_innovation_bias__2019-03-06__08_02_26__fault,12.8,0.6211624012605097,3.0,False,actuator_controls_0
fault:ekf2_innovation_bias__2019-03-06__08_02_26__fault,13.6,0.3631579667791367,3.0,False,actuator_controls_0
fault:ekf2_innovation_bias__2019-03-06__08_02_26__fault,14.4,0.6335377240183313,3.0,False,actuator_controls_0
fault:ekf2_innovation_bias__2019-03-06__08_02_26__fault,15.2,0.41647263402988594,3.0,False,actuator_controls_0
fault:ekf2_innovation_bias__2019-03-06__08_02_26__fault,16.0,0.47708321687237565,3.0,False,sensor_combined
fault:ekf2_innovation_bias__2019-03-06__08_02_26__fault,16.8,0.6103164179937104,3.0,False,sensor_combined
fault:ekf2_innovation_bias__2019-03-06__08_02_26__fault,17.6,0.5983719027227101,3.0,False,sensor_combined
fault:ekf2_innovation_bias__2019-03-06__08_02_26__fault,18.4,0.7693056995703884,3.0,False,vehicle_attitude
fault:ekf2_innovation_bias__2019-03-06__08_02_26__fault,19.2,0.5771701101718208,3.0,False,vehicle_attitude
fault:ekf2_innovation_bias__2019-03-06__08_02_26__fault,20.0,0.5771701101718208,3.0,False,vehicle_attitude
fault:ekf2_innovation_bias__2019-03-06__08_02_26__fault,20.8,0.5771701101718208,3.0,False,vehicle_attitude
fault:ekf2_innovation_bias__2019-03-06__08_02_26__fault,21.6,0.5771701101718208,3.0,False,vehicle_attitude
fault:ekf2_innovation_bias__2019-03-06__08_02_26__fault,22.4,0.6887649522918275,3.0,False,vehicle_attitude
fault:ekf2_innovation_bias__2019-03-06__08_02_26__fault,23.2,0.5771701101718208,3.0,False,vehicle_attitude
fault:ekf2_innovation_bias__2019-03-06__08_02_26__fault,24.0,0.6065072131891248,3.0,False,vehicle_attitude
fault:ekf2_innovation_bias__2019-03-06__08_02_26__fault,24.8,0.5773024994711714,3.0,False,actuator_controls_0
fault:ekf2_innovation_bias__2019-03-06__08_02_26__fault,25.6,0.5875514602502592,3.0,False,actuator_controls_0
fault:ekf2_innovation_bias__2019-03-06__08_02_26__fault,26.4,0.6081173433170536,3.0,False,actuator_controls_0
fault:ekf2_innovation_bias__2019-03-06__08_02_26__fault,27.2,0.4436641311222055,3.0,False,actuator_controls_0
fault:ekf2_innovation_bias__2019-03-06__08_02_26__fault,28.0,0.5031380507794059,3.0,False,actuator_controls_0
fault:ekf2_innovation_bias__2019-03-06__08_02_26__fault,28.8,0.473109207140659,3.0,False,actuator_controls_0
fault:ekf2_innovation_bias__2019-03-06__08_02_26__fault,29.6,0.45818707145504756,3.0,False,actuator_controls_0
fault:ekf2_innovation_bias__2019-03-06__08_02_26__fault,30.4,0.3628203677928005,3.0,False,actuator_controls_0
fault:ekf2_innovation_bias__2019-03-06__08_02_26__fault,31.2,0.4152335576658146,3.0,False,actuator_controls_0
fault:ekf2_innovation_bias__2019-03-06__08_02_26__fault,32.0,0.368863424319024,3.0,False,actuator_controls_0
fault:ekf2_innovation_bias__2019-03-06__08_02_26__fault,32.8,0.4530396641767897,3.0,False,actuator_controls_0
fault:ekf2_innovation_bias__2019-03-06__08_02_26__fault,33.6,0.513685792684555,3.0,False,estimator_status
fault:ekf2_innovation_bias__2019-03-06__08_02_26__fault,34.4,0.42219157298769916,3.0,False,vehicle_attitude
fault:ekf2_innovation_bias__2019-03-06__08_02_26__fault,35.2,0.8549295228521395,3.0,False,vehicle_attitude
fault:ekf2_innovation_bias__2019-03-06__08_02_26__fault,36.0,0.8410964640198512,3.0,False,vehicle_attitude
fault:ekf2_innovation_bias__2019-03-06__08_02_26__fault,36.8,0.5654430353636292,3.0,False,vehicle_attitude
fault:ekf2_innovation_bias__2019-03-06__08_02_26__fault,37.6,0.6501994337327436,3.0,False,vehicle_attitude
fault:ekf2_innovation_bias__2019-03-06__08_02_26__fault,38.4,0.6501994337327436,3.0,False,vehicle_attitude
fault:ekf2_innovation_bias__2019-03-06__08_02_26__fault,39.2,0.8774706133773011,3.0,False,vehicle_attitude
fault:ekf2_innovation_bias__2019-03-06__08_02_26__fault,40.0,0.6578712938219762,3.0,False,vehicle_attitude
fault:ekf2_innovation_bias__2019-03-06__08_02_26__fault,40.8,0.5688230510797491,3.0,False,vehicle_attitude
fault:ekf2_innovation_bias__2019-03-06__08_02_26__fault,41.6,0.4640039029356864,3.0,False,actuator_controls_0
fault:ekf2_innovation_bias__2019-03-06__08_02_26__fault,42.4,0.4974909572373596,3.0,False,vehicle_attitude
fault:ekf2_innovation_bias__2019-03-06__08_02_26__fault,43.2,0.4974909572373596,3.0,False,vehicle_attitude
fault:ekf2_innovation_bias__2019-03-06__08_02_26__fault,44.0,0.5270156264831697,3.0,False,vehicle_attitude
fault:ekf2_innovation_bias__2019-03-06__08_02_26__fault,44.8,0.5248064951471744,3.0,False,vehicle_attitude
fault:ekf2_innovation_bias__2019-03-06__08_02_26__fault,45.6,0.5010906437527577,3.0,False,vehicle_attitude
fault:ekf2_innovation_bias__2019-03-06__08_02_26__fault,46.4,0.6904215022243394,3.0,False,ekf2_innovations
fault:ekf2_innovation_bias__2019-03-06__08_02_26__fault,47.2,0.7715611159801483,3.0,False,ekf2_innovations
fault:ekf2_innovation_bias__2019-03-06__08_02_26__fault,48.0,0.7961509166959081,3.0,False,ekf2_innovations
fault:ekf2_innovation_bias__2019-03-06__08_02_26__fault,48.8,1.1655037321291613,3.0,False,ekf2_innovations
fault:ekf2_innovation_bias__2019-03-06__08_02_26__fault,49.6,1.2993565201759338,3.0,False,ekf2_innovations
fault:ekf2_innovation_bias__2019-03-06__08_02_26__fault,50.4,1.0127691211924237,3.0,False,ekf2_innovations
fault:ekf2_innovation_bias__2019-03-06__08_02_26__fault,51.2,0.7722357292407296,3.0,False,vehicle_attitude
fault:ekf2_innovation_bias__2019-03-06__08_02_26__fault,52.0,0.617634599799301,3.0,False,vehicle_attitude
fault:ekf2_innovation_bias__2019-03-06__08_02_26__fault,52.8,0.5610295940743669,3.0,False,ekf2_innovations
fault:ekf2_innovation_bias__2019-03-06__08_02_26__fault,53.6,0.6730321913986198,3.0,False,actuator_controls_0
fault:ekf2_innovation_bias__2019-03-06__08_02_26__fault,54.4,0.7329777054257215,3.0,False,actuator_controls_0
fault:ekf2_innovation_bias__2019-03-06__08_02_26__fault,55.2,0.8429540323952309,3.0,False,actuator_controls_0
fault:ekf2_innovation_bias__2019-03-06__08_02_26__fault,56.0,0.9535501761511197,3.0,False,actuator_controls_0
fault:ekf2_innovation_bias__2019-03-06__08_02_26__fault,56.8,1.0057196218436566,3.0,False,actuator_controls_0
fault:ekf2_innovation_bias__2019-03-06__08_02_26__fault,57.6,0.8575598152256265,3.0,False,actuator_controls_0
fault:ekf2_innovation_bias__2019-03-06__08_02_26__fault,58.4,0.8643487210548132,3.0,False,actuator_controls_0
fault:ekf2_innovation_bias__2019-03-06__08_02_26__fault,59.2,0.7605510971380273,3.0,False,actuator_controls_0
fault:ekf2_innovation_bias__2019-03-06__08_02_26__fault,60.0,1.1649414231835546,3.0,False,vehicle_attitude
fault:ekf2_innovation_bias__2019-03-06__08_02_26__fault,60.8,1.1887496365339498,3.0,False,vehicle_attitude
fault:ekf2_innovation_bias__2019-03-06__08_02_26__fault,61.6,1.404081866452909,3.0,False,vehicle_attitude
fault:ekf2_innovation_bias__2019-03-06__08_02_26__fault,62.4,1.7782707919155678,3.0,False,vehicle_attitude
fault:ekf2_innovation_bias__2019-03-06__08_02_26__fault,63.2,1.3980041728856631,3.0,False,vehicle_attitude
fault:ekf2_innovation_bias__2019-03-06__08_02_26__fault,64.0,1.2518931016748327,3.0,False,vehicle_attitude
fault:ekf2_innovation_bias__2019-03-06__08_02_26__fault,64.8,1.160248584760911,3.0,False,vehicle_attitude
fault:ekf2_innovation_bias__2019-03-06__08_02_26__fault,65.6,1.1767142440638325,3.0,False,vehicle_attitude
fault:ekf2_innovation_bias__2019-03-06__08_02_26__fault,66.4,1.1570120011189071,3.0,False,vehicle_attitude
fault:ekf2_innovation_bias__2019-03-06__08_02_26__fault,67.2,1.217092517511047,3.0,False,vehicle_attitude
fault:ekf2_innovation_bias__2019-03-06__08_02_26__fault,68.0,1.0149257952216695,3.0,False,vehicle_attitude
fault:ekf2_innovation_bias__2019-03-06__08_02_26__fault,68.8,0.9865499935971329,3.0,False,vehicle_attitude
fault:ekf2_innovation_bias__2019-03-06__08_02_26__fault,69.6,0.987268234078835,3.0,False,vehicle_attitude
fault:ekf2_innovation_bias__2019-03-06__08_02_26__fault,70.4,0.887391004343986,3.0,False,vehicle_attitude
fault:ekf2_innovation_bias__2019-03-06__08_02_26__fault,71.2,0.8511863186111955,3.0,False,vehicle_attitude
fault:ekf2_innovation_bias__2019-03-06__08_02_26__fault,72.0,0.8117594723907736,3.0,False,vehicle_attitude
fault:ekf2_innovation_bias__2019-03-06__08_02_26__fault,72.8,0.8859626848069476,3.0,False,vehicle_attitude
fault:ekf2_innovation_bias__2019-03-06__08_02_26__fault,73.6,1.2122414976874831,3.0,False,vehicle_attitude
fault:ekf2_innovation_bias__2019-03-06__08_02_26__fault,74.4,1.3065813202750822,3.0,False,vehicle_attitude
fault:ekf2_innovation_bias__2019-03-06__08_02_26__fault,75.2,1.3074216151541298,3.0,False,vehicle_attitude
fault:ekf2_innovation_bias__2019-03-06__08_02_26__fault,76.0,1.3074216151541298,3.0,False,vehicle_attitude
fault:ekf2_innovation_bias__2019-03-06__08_02_26__fault,76.8,1.2122414976874831,3.0,False,vehicle_attitude
fault:ekf2_innovation_bias__2019-03-06__08_02_26__fault,77.6,0.8710084848711804,3.0,False,vehicle_attitude
fault:ekf2_innovation_bias__2019-03-06__08_02_26__fault,78.4,0.8434728382443331,3.0,False,vehicle_attitude
fault:ekf2_innovation_bias__2019-03-06__08_02_26__fault,79.2,0.7204212926699671,3.0,False,vehicle_attitude
fault:ekf2_innovation_bias__2019-03-06__08_02_26__fault,80.0,0.676858054552558,3.0,False,vehicle_attitude
fault:ekf2_innovation_bias__2019-03-06__08_02_26__fault,80.8,0.9139871368653415,3.0,False,vehicle_attitude
fault:ekf2_innovation_bias__2019-03-06__08_02_26__fault,81.6,0.6004702544782206,3.0,False,vehicle_attitude
fault:ekf2_innovation_bias__2019-03-06__08_02_26__fault,82.4,0.5874418659888458,3.0,False,sensor_combined
fault:ekf2_innovation_bias__2019-03-06__08_02_26__fault,83.2,0.6447658307309357,3.0,False,sensor_combined
fault:ekf2_innovation_bias__2019-03-06__08_02_26__fault,84.0,0.5348212698669585,3.0,False,sensor_combined
fault:ekf2_innovation_bias__2019-03-06__08_02_26__fault,84.8,0.5126076312271687,3.0,False,actuator_controls_0
fault:ekf2_innovation_bias__2019-03-06__08_02_26__fault,85.6,0.6079509660096414,3.0,False,actuator_controls_0
fault:ekf2_innovation_bias__2019-03-06__08_02_26__fault,86.4,0.6327477097511292,3.0,False,actuator_controls_0
fault:ekf2_innovation_bias__2019-03-06__08_02_26__fault,87.2,0.5592696286756353,3.0,False,actuator_controls_0
fault:ekf2_innovation_bias__2019-03-06__08_02_26__fault,88.0,0.5139296992337401,3.0,False,vehicle_attitude
fault:ekf2_innovation_bias__2019-03-06__08_02_26__fault,88.8,0.6507750436359647,3.0,False,vehicle_attitude
fault:ekf2_innovation_bias__2019-03-06__08_02_26__fault,89.6,0.7227533776313066,3.0,False,sensor_combined
fault:ekf2_innovation_bias__2019-03-06__08_02_26__fault,90.4,0.7884737974010213,3.0,False,sensor_combined
fault:ekf2_innovation_bias__2019-03-06__08_02_26__fault,91.2,1.109143131262924,3.0,False,vehicle_attitude
fault:ekf2_innovation_bias__2019-03-06__08_02_26__fault,92.0,0.9828813062953696,3.0,False,vehicle_attitude
fault:ekf2_innovation_bias__2019-03-06__08_02_26__fault,92.8,0.8054923518625352,3.0,False,sensor_combined
fault:ekf2_innovation_bias__2019-03-06__08_02_26__fault,93.6,0.6988893637928607,3.0,False,sensor_combined
fault:ekf2_innovation_bias__2019-03-06__08_02_26__fault,94.4,1.8927487013018627,3.0,False,vehicle_attitude
fault:ekf2_innovation_bias__2019-03-06__08_02_26__fault,95.2,1.829542962009088,3.0,False,vehicle_attitude
fault:ekf2_innovation_bias__2019-03-06__08_02_26__fault,96.0,1.9739418998498304,3.0,False,vehicle_attitude
fault:inav_local_z_freeze__2019-03-06__08_02_26__fault,9.6,0.40060376675701725,3.0,False,sensor_combined
fault:inav_local_z_freeze__2019-03-06__08_02_26__fault,10.4,0.4591858788147831,3.0,False,sensor_combined
fault:inav_local_z_freeze__2019-03-06__08_02_26__fault,11.2,0.5468984659614124,3.0,False,sensor_combined
fault:inav_local_z_freeze__2019-03-06__08_02_26__fault,12.0,0.694995701794013,3.0,False,sensor_combined
fault:inav_local_z_freeze__2019-03-06__08_02_26__fault,12.8,0.47077042356695603,3.0,False,sensor_combined
fault:inav_local_z_freeze__2019-03-06__08_02_26__fault,13.6,0.5368874515123363,3.0,False,sensor_combined
fault:inav_local_z_freeze__2019-03-06__08_02_26__fault,14.4,0.5492354880123896,3.0,False,sensor_combined
fault:inav_local_z_freeze__2019-03-06__08_02_26__fault,15.2,0.5292701316713301,3.0,False,sensor_combined
fault:inav_local_z_freeze__2019-03-06__08_02_26__fault,16.0,0.6336991582065821,3.0,False,sensor_combined
fault:inav_local_z_freeze__2019-03-06__08_02_26__fault,16.8,0.5490323990587469,3.0,False,sensor_combined
fault:inav_local_z_freeze__2019-03-06__08_02_26__fault,17.6,0.5293460425542506,3.0,False,sensor_combined
fault:inav_local_z_freeze__2019-03-06__08_02_26__fault,18.4,0.599661337905388,3.0,False,sensor_combined
fault:inav_local_z_freeze__2019-03-06__08_02_26__fault,19.2,0.4284968536286302,3.0,False,sensor_combined
fault:inav_local_z_freeze__2019-03-06__08_02_26__fault,20.0,0.49410383832480254,3.0,False,sensor_combined
fault:inav_local_z_freeze__2019-03-06__08_02_26__fault,20.8,0.6827618894378108,3.0,False,sensor_combined
fault:inav_local_z_freeze__2019-03-06__08_02_26__fault,21.6,0.6539941801948042,3.0,False,sensor_combined
fault:inav_local_z_freeze__2019-03-06__08_02_26__fault,22.4,0.6553152744106482,3.0,False,sensor_combined
fault:inav_local_z_freeze__2019-03-06__08_02_26__fault,23.2,0.8363128198868257,3.0,False,sensor_combined
fault:inav_local_z_freeze__2019-03-06__08_02_26__fault,24.0,0.7959870682118415,3.0,False,sensor_combined
fault:inav_local_z_freeze__2019-03-06__08_02_26__fault,24.8,0.8278097521116348,3.0,False,sensor_combined
fault:inav_local_z_freeze__2019-03-06__08_02_26__fault,25.6,0.8165610472730219,3.0,False,sensor_combined
fault:inav_local_z_freeze__2019-03-06__08_02_26__fault,26.4,0.8187977274735014,3.0,False,sensor_combined
fault:inav_local_z_freeze__2019-03-06__08_02_26__fault,27.2,0.8534575788664314,3.0,False,sensor_combined
fault:inav_local_z_freeze__2019-03-06__08_02_26__fault,28.0,0.7397432252764702,3.0,False,sensor_combined
fault:inav_local_z_freeze__2019-03-06__08_02_26__fault,28.8,0.6666185286626489,3.0,False,sensor_combined
fault:inav_local_z_freeze__2019-03-06__08_02_26__fault,29.6,0.49781201982885087,3.0,False,sensor_combined
fault:inav_local_z_freeze__2019-03-06__08_02_26__fault,30.4,0.6313985574797911,3.0,False,sensor_combined
fault:inav_local_z_freeze__2019-03-06__08_02_26__fault,31.2,0.4829744888670977,3.0,False,sensor_combined
fault:inav_local_z_freeze__2019-03-06__08_02_26__fault,32.0,0.6098033795846672,3.0,False,sensor_combined
fault:inav_local_z_freeze__2019-03-06__08_02_26__fault,32.8,0.8114333047905704,3.0,False,sensor_combined
fault:inav_local_z_freeze__2019-03-06__08_02_26__fault,33.6,0.9259319762380657,3.0,False,sensor_combined
fault:inav_local_z_freeze__2019-03-06__08_02_26__fault,34.4,0.8590537369692172,3.0,False,sensor_combined
fault:inav_local_z_freeze__2019-03-06__08_02_26__fault,35.2,0.8823541317585777,3.0,False,sensor_combined
fault:inav_local_z_freeze__2019-03-06__08_02_26__fault,36.0,0.8171017825978708,3.0,False,sensor_combined
fault:inav_local_z_freeze__2019-03-06__08_02_26__fault,36.8,0.8383452241675498,3.0,False,sensor_combined
fault:inav_local_z_freeze__2019-03-06__08_02_26__fault,37.6,0.6118461662996136,3.0,False,sensor_combined
fault:inav_local_z_freeze__2019-03-06__08_02_26__fault,38.4,0.48302692114270745,3.0,False,sensor_combined
fault:inav_local_z_freeze__2019-03-06__08_02_26__fault,39.2,0.4773875206075915,3.0,False,sensor_combined
fault:inav_local_z_freeze__2019-03-06__08_02_26__fault,40.0,0.44406965433784557,3.0,False,sensor_combined
fault:inav_local_z_freeze__2019-03-06__08_02_26__fault,40.8,0.4420407002666413,3.0,False,sensor_combined
fault:inav_local_z_freeze__2019-03-06__08_02_26__fault,41.6,0.5398198608548749,3.0,False,sensor_combined
fault:inav_local_z_freeze__2019-03-06__08_02_26__fault,42.4,0.6767277926213209,3.0,False,sensor_combined
fault:inav_local_z_freeze__2019-03-06__08_02_26__fault,43.2,0.5843240380947634,3.0,False,sensor_combined
fault:inav_local_z_freeze__2019-03-06__08_02_26__fault,44.0,0.5373072507732841,3.0,False,sensor_combined
fault:inav_local_z_freeze__2019-03-06__08_02_26__fault,44.8,0.5249762681730809,3.0,False,sensor_combined
fault:inav_local_z_freeze__2019-03-06__08_02_26__fault,45.6,0.5434328084521055,3.0,False,sensor_combined
fault:inav_local_z_freeze__2019-03-06__08_02_26__fault,46.4,0.4207325058215959,3.0,False,sensor_combined
fault:inav_local_z_freeze__2019-03-06__08_02_26__fault,47.2,0.5769860334868164,3.0,False,sensor_combined
fault:inav_local_z_freeze__2019-03-06__08_02_26__fault,48.0,0.5104973712152626,3.0,False,sensor_combined
fault:inav_local_z_freeze__2019-03-06__08_02_26__fault,48.8,0.5027356259080035,3.0,False,sensor_combined
fault:inav_local_z_freeze__2019-03-06__08_02_26__fault,49.6,0.5537099356330724,3.0,False,sensor_combined
fault:inav_local_z_freeze__2019-03-06__08_02_26__fault,50.4,0.540519507864355,3.0,False,sensor_combined
fault:inav_local_z_freeze__2019-03-06__08_02_26__fault,51.2,0.5008584921990752,3.0,False,sensor_combined
fault:inav_local_z_freeze__2019-03-06__08_02_26__fault,52.0,0.4987958975425924,3.0,False,sensor_combined
fault:inav_local_z_freeze__2019-03-06__08_02_26__fault,52.8,0.49570760686964016,3.0,False,sensor_combined
fault:inav_local_z_freeze__2019-03-06__08_02_26__fault,53.6,0.5211845453379211,3.0,False,sensor_combined
fault:inav_local_z_freeze__2019-03-06__08_02_26__fault,54.4,0.4464509013616648,3.0,False,sensor_combined
fault:inav_local_z_freeze__2019-03-06__08_02_26__fault,55.2,0.4696711344690498,3.0,False,sensor_combined
fault:inav_local_z_freeze__2019-03-06__08_02_26__fault,56.0,0.545124066391164,3.0,False,sensor_combined
fault:inav_local_z_freeze__2019-03-06__08_02_26__fault,56.8,0.5595941846210432,3.0,False,sensor_combined
fault:inav_local_z_freeze__2019-03-06__08_02_26__fault,57.6,0.5184265573744744,3.0,False,sensor_combined
fault:inav_local_z_freeze__2019-03-06__08_02_26__fault,58.4,0.4643980760831421,3.0,False,sensor_combined
fault:inav_local_z_freeze__2019-03-06__08_02_26__fault,59.2,0.46854660120825825,3.0,False,sensor_combined
fault:inav_local_z_freeze__2019-03-06__08_02_26__fault,60.0,0.4140711084096611,3.0,False,sensor_combined
fault:inav_local_z_freeze__2019-03-06__08_02_26__fault,60.8,0.6125509202545234,3.0,False,sensor_combined
fault:inav_local_z_freeze__2019-03-06__08_02_26__fault,61.6,0.5239529691743231,3.0,False,sensor_combined
fault:inav_local_z_freeze__2019-03-06__08_02_26__fault,62.4,0.47613413189537823,3.0,False,sensor_combined
fault:inav_local_z_freeze__2019-03-06__08_02_26__fault,63.2,0.6658122598740576,3.0,False,sensor_combined
fault:inav_local_z_freeze__2019-03-06__08_02_26__fault,64.0,0.7942748271210988,3.0,False,sensor_combined
fault:inav_local_z_freeze__2019-03-06__08_02_26__fault,64.8,0.9061447377070473,3.0,False,sensor_combined
fault:inav_local_z_freeze__2019-03-06__08_02_26__fault,65.6,1.0245726964613089,3.0,False,sensor_combined
fault:inav_local_z_freeze__2019-03-06__08_02_26__fault,66.4,1.0072172312611656,3.0,False,sensor_combined
fault:inav_local_z_freeze__2019-03-06__08_02_26__fault,67.2,1.0565806930079193,3.0,False,sensor_combined
fault:inav_local_z_freeze__2019-03-06__08_02_26__fault,68.0,1.0929913187985243,3.0,False,sensor_combined
fault:inav_local_z_freeze__2019-03-06__08_02_26__fault,68.8,0.9606335037735063,3.0,False,sensor_combined
fault:inav_local_z_freeze__2019-03-06__08_02_26__fault,69.6,0.8091283981782056,3.0,False,sensor_combined
fault:inav_local_z_freeze__2019-03-06__08_02_26__fault,70.4,0.8700497055452088,3.0,False,sensor_combined
fault:inav_local_z_freeze__2019-03-06__08_02_26__fault,71.2,0.8753097906627556,3.0,False,sensor_combined
fault:inav_local_z_freeze__2019-03-06__08_02_26__fault,72.0,0.8833699642833253,3.0,False,sensor_combined
fault:inav_local_z_freeze__2019-03-06__08_02_26__fault,72.8,0.9882122509917598,3.0,False,sensor_combined
fault:inav_local_z_freeze__2019-03-06__08_02_26__fault,73.6,1.0272454667498903,3.0,False,sensor_combined
fault:inav_local_z_freeze__2019-03-06__08_02_26__fault,74.4,0.9897012950576056,3.0,False,sensor_combined
fault:inav_local_z_freeze__2019-03-06__08_02_26__fault,75.2,0.933642439551066,3.0,False,sensor_combined
fault:inav_local_z_freeze__2019-03-06__08_02_26__fault,76.0,0.9739120022985736,3.0,False,sensor_combined
fault:inav_local_z_freeze__2019-03-06__08_02_26__fault,76.8,0.9948816628347149,3.0,False,sensor_combined
fault:inav_local_z_freeze__2019-03-06__08_02_26__fault,77.6,0.958412636999968,3.0,False,sensor_combined
fault:inav_local_z_freeze__2019-03-06__08_02_26__fault,78.4,0.8705243407371693,3.0,False,sensor_combined
fault:inav_local_z_freeze__2019-03-06__08_02_26__fault,79.2,0.6456727348798876,3.0,False,sensor_combined
fault:inav_local_z_freeze__2019-03-06__08_02_26__fault,80.0,0.6091253514767706,3.0,False,sensor_combined
fault:inav_local_z_freeze__2019-03-06__08_02_26__fault,80.8,0.6257102872465425,3.0,False,sensor_combined
fault:inav_local_z_freeze__2019-03-06__08_02_26__fault,81.6,0.545978988746803,3.0,False,sensor_combined
fault:inav_local_z_freeze__2019-03-06__08_02_26__fault,82.4,0.6841617814771918,3.0,False,sensor_combined
fault:inav_local_z_freeze__2019-03-06__08_02_26__fault,83.2,0.6211805584307379,3.0,False,sensor_combined
fault:inav_local_z_freeze__2019-03-06__08_02_26__fault,84.0,0.6442286313283451,3.0,False,sensor_combined
fault:inav_local_z_freeze__2019-03-06__08_02_26__fault,84.8,0.6401297544569581,3.0,False,sensor_combined
fault:inav_local_z_freeze__2019-03-06__08_02_26__fault,85.6,0.8366534513593796,3.0,False,sensor_combined
fault:inav_local_z_freeze__2019-03-06__08_02_26__fault,86.4,0.6469010911825576,3.0,False,sensor_combined
fault:inav_local_z_freeze__2019-03-06__08_02_26__fault,87.2,0.7555555985547833,3.0,False,sensor_combined
fault:inav_local_z_freeze__2019-03-06__08_02_26__fault,88.0,0.8921523007557783,3.0,False,sensor_combined
fault:inav_local_z_freeze__2019-03-06__08_02_26__fault,88.8,0.9692607734647,3.0,False,sensor_combined
fault:inav_local_z_freeze__2019-03-06__08_02_26__fault,89.6,0.8380882886387099,3.0,False,sensor_combined
fault:inav_local_z_freeze__2019-03-06__08_02_26__fault,90.4,0.5962712010839848,3.0,False,sensor_combined
fault:inav_local_z_freeze__2019-03-06__08_02_26__fault,91.2,0.6442418614889027,3.0,False,sensor_combined
fault:inav_local_z_freeze__2019-03-06__08_02_26__fault,92.0,0.4575197437804017,3.0,False,sensor_combined
fault:inav_local_z_freeze__2019-03-06__08_02_26__fault,92.8,0.6951925941315468,3.0,False,sensor_combined
fault:inav_local_z_freeze__2019-03-06__08_02_26__fault,93.6,0.6415691810270244,3.0,False,sensor_combined
fault:inav_local_z_freeze__2019-03-06__08_02_26__fault,94.4,1.5558245778083801,3.0,False,sensor_combined
fault:inav_local_z_freeze__2019-03-06__08_02_26__fault,95.2,0.7777597582979907,3.0,False,sensor_combined
fault:inav_local_z_freeze__2019-03-06__08_02_26__fault,96.0,0.8452934301133804,3.0,False,sensor_combined
fault:inav_local_z_freeze__2019-03-06__08_02_26__fault,96.8,107.08944320678711,3.0,False,vehicle_status
fault:inav_local_z_freeze__2019-03-06__08_02_26__fault,97.6,0.7284343608663421,3.0,False,sensor_combined
fault:land_detector_state_inversion__2019-03-06__08_02_26__fault,9.6,0.43145632062757444,3.0,False,sensor_combined
fault:land_detector_state_inversion__2019-03-06__08_02_26__fault,10.4,0.5724591510902087,3.0,False,sensor_combined
fault:land_detector_state_inversion__2019-03-06__08_02_26__fault,11.2,0.5811373143031168,3.0,False,sensor_combined
fault:land_detector_state_inversion__2019-03-06__08_02_26__fault,12.0,0.5423716932163929,3.0,False,sensor_combined
fault:land_detector_state_inversion__2019-03-06__08_02_26__fault,12.8,0.3981415854424537,3.0,False,sensor_combined
fault:land_detector_state_inversion__2019-03-06__08_02_26__fault,13.6,0.3066398820459429,3.0,False,sensor_combined
fault:land_detector_state_inversion__2019-03-06__08_02_26__fault,14.4,0.37612229950873527,3.0,False,sensor_combined
fault:land_detector_state_inversion__2019-03-06__08_02_26__fault,15.2,0.342023204578243,3.0,False,sensor_combined
fault:land_detector_state_inversion__2019-03-06__08_02_26__fault,16.0,0.43973418034455464,3.0,False,sensor_combined
fault:land_detector_state_inversion__2019-03-06__08_02_26__fault,16.8,0.43760301614504044,3.0,False,sensor_combined
fault:land_detector_state_inversion__2019-03-06__08_02_26__fault,17.6,0.45859475474212824,3.0,False,sensor_combined
fault:land_detector_state_inversion__2019-03-06__08_02_26__fault,18.4,0.4606365761941967,3.0,False,sensor_combined
fault:land_detector_state_inversion__2019-03-06__08_02_26__fault,19.2,0.506001760543593,3.0,False,sensor_combined
fault:land_detector_state_inversion__2019-03-06__08_02_26__fault,20.0,0.3805888207732217,3.0,False,sensor_combined
fault:land_detector_state_inversion__2019-03-06__08_02_26__fault,20.8,0.5148618289434392,3.0,False,sensor_combined
fault:land_detector_state_inversion__2019-03-06__08_02_26__fault,21.6,0.5634626051217291,3.0,False,sensor_combined
fault:land_detector_state_inversion__2019-03-06__08_02_26__fault,22.4,0.5086638300535729,3.0,False,sensor_combined
fault:land_detector_state_inversion__2019-03-06__08_02_26__fault,23.2,0.5829281765026239,3.0,False,sensor_combined
fault:land_detector_state_inversion__2019-03-06__08_02_26__fault,24.0,0.45852395708699595,3.0,False,sensor_combined
fault:land_detector_state_inversion__2019-03-06__08_02_26__fault,24.8,0.5676863337495002,3.0,False,sensor_combined
fault:land_detector_state_inversion__2019-03-06__08_02_26__fault,25.6,0.46784452882790367,3.0,False,sensor_combined
fault:land_detector_state_inversion__2019-03-06__08_02_26__fault,26.4,0.38755067752084776,3.0,False,sensor_combined
fault:land_detector_state_inversion__2019-03-06__08_02_26__fault,27.2,0.43999351998686903,3.0,False,sensor_combined
fault:land_detector_state_inversion__2019-03-06__08_02_26__fault,28.0,0.3857747888712437,3.0,False,sensor_combined
fault:land_detector_state_inversion__2019-03-06__08_02_26__fault,28.8,0.3795882270493484,3.0,False,sensor_combined
fault:land_detector_state_inversion__2019-03-06__08_02_26__fault,29.6,14.59606647491455,3.0,False,vehicle_land_detected
fault:land_detector_state_inversion__2019-03-06__08_02_26__fault,30.4,19.893681625835598,3.0,False,vehicle_land_detected
fault:land_detector_state_inversion__2019-03-06__08_02_26__fault,31.2,26.764253932119207,3.0,True,vehicle_land_detected
fault:land_detector_state_inversion__2019-03-06__08_02_26__fault,32.0,57.68941228265841,3.0,True,vehicle_land_detected
fault:land_detector_state_inversion__2019-03-06__08_02_26__fault,32.8,57.68941228265841,3.0,True,vehicle_land_detected
fault:land_detector_state_inversion__2019-03-06__08_02_26__fault,33.6,57.689412399811054,3.0,True,vehicle_land_detected
fault:land_detector_state_inversion__2019-03-06__08_02_26__fault,34.4,68.92198230429554,3.0,True,vehicle_land_detected
fault:land_detector_state_inversion__2019-03-06__08_02_26__fault,35.2,85.01313596963882,3.0,True,vehicle_land_detected
fault:land_detector_state_inversion__2019-03-06__08_02_26__fault,36.0,97.242731153965,3.0,True,vehicle_land_detected
fault:land_detector_state_inversion__2019-03-06__08_02_26__fault,36.8,109.472316801548,3.0,True,vehicle_land_detected
fault:land_detector_state_inversion__2019-03-06__08_02_26__fault,37.6,121.70190244913101,3.0,True,vehicle_land_detected
fault:land_detector_state_inversion__2019-03-06__08_02_26__fault,38.4,127.4419141335089,3.0,True,vehicle_land_detected
fault:land_detector_state_inversion__2019-03-06__08_02_26__fault,39.2,146.75540894269943,3.0,True,vehicle_land_detected
fault:land_detector_state_inversion__2019-03-06__08_02_26__fault,40.0,146.75540894269943,3.0,True,vehicle_land_detected
fault:land_detector_state_inversion__2019-03-06__08_02_26__fault,40.8,146.75540894269943,3.0,True,vehicle_land_detected
fault:land_detector_state_inversion__2019-03-06__08_02_26__fault,41.6,146.75540894269943,3.0,True,vehicle_land_detected
fault:land_detector_state_inversion__2019-03-06__08_02_26__fault,42.4,146.75540894269943,3.0,True,vehicle_land_detected
fault:land_detector_state_inversion__2019-03-06__08_02_26__fault,43.2,146.75540894269943,3.0,True,vehicle_land_detected
fault:land_detector_state_inversion__2019-03-06__08_02_26__fault,44.0,146.75540894269943,3.0,True,vehicle_land_detected
fault:land_detector_state_inversion__2019-03-06__08_02_26__fault,44.8,146.75540894269943,3.0,True,vehicle_land_detected
fault:land_detector_state_inversion__2019-03-06__08_02_26__fault,45.6,146.75540894269943,3.0,True,vehicle_land_detected
fault:land_detector_state_inversion__2019-03-06__08_02_26__fault,46.4,146.75540894269943,3.0,True,vehicle_land_detected
fault:land_detector_state_inversion__2019-03-06__08_02_26__fault,47.2,146.75540894269943,3.0,True,vehicle_land_detected
fault:land_detector_state_inversion__2019-03-06__08_02_26__fault,48.0,146.75540894269943,3.0,True,vehicle_land_detected
fault:land_detector_state_inversion__2019-03-06__08_02_26__fault,48.8,146.75540894269943,3.0,True,vehicle_land_detected
fault:land_detector_state_inversion__2019-03-06__08_02_26__fault,49.6,146.75540894269943,3.0,True,vehicle_land_detected
fault:land_detector_state_inversion__2019-03-06__08_02_26__fault,50.4,146.75540894269943,3.0,True,vehicle_land_detected
fault:land_detector_state_inversion__2019-03-06__08_02_26__fault,51.2,146.75540894269943,3.0,True,vehicle_land_detected
fault:land_detector_state_inversion__2019-03-06__08_02_26__fault,52.0,146.75540894269943,3.0,True,vehicle_land_detected
fault:land_detector_state_inversion__2019-03-06__08_02_26__fault,52.8,146.75540894269943,3.0,True,vehicle_land_detected
fault:land_detector_state_inversion__2019-03-06__08_02_26__fault,53.6,146.75540894269943,3.0,True,vehicle_land_detected
fault:land_detector_state_inversion__2019-03-06__08_02_26__fault,54.4,146.75540894269943,3.0,True,vehicle_land_detected
fault:land_detector_state_inversion__2019-03-06__08_02_26__fault,55.2,146.75540894269943,3.0,True,vehicle_land_detected
fault:land_detector_state_inversion__2019-03-06__08_02_26__fault,56.0,146.75540894269943,3.0,True,vehicle_land_detected
fault:land_detector_state_inversion__2019-03-06__08_02_26__fault,56.8,146.75540894269943,3.0,True,vehicle_land_detected
fault:land_detector_state_inversion__2019-03-06__08_02_26__fault,57.6,146.75540894269943,3.0,True,vehicle_land_detected
fault:land_detector_state_inversion__2019-03-06__08_02_26__fault,58.4,146.75540894269943,3.0,True,vehicle_land_detected
fault:land_detector_state_inversion__2019-03-06__08_02_26__fault,59.2,146.75540894269943,3.0,True,vehicle_land_detected
fault:land_detector_state_inversion__2019-03-06__08_02_26__fault,60.0,146.75540894269943,3.0,True,vehicle_land_detected
fault:land_detector_state_inversion__2019-03-06__08_02_26__fault,60.8,146.75540894269943,3.0,True,vehicle_land_detected
fault:land_detector_state_inversion__2019-03-06__08_02_26__fault,61.6,146.75540894269943,3.0,True,vehicle_land_detected
fault:land_detector_state_inversion__2019-03-06__08_02_26__fault,62.4,146.75540894269943,3.0,True,vehicle_land_detected
fault:land_detector_state_inversion__2019-03-06__08_02_26__fault,63.2,146.75540894269943,3.0,True,vehicle_land_detected
fault:land_detector_state_inversion__2019-03-06__08_02_26__fault,64.0,146.75540894269943,3.0,True,vehicle_land_detected
fault:land_detector_state_inversion__2019-03-06__08_02_26__fault,64.8,146.75540894269943,3.0,True,vehicle_land_detected
fault:land_detector_state_inversion__2019-03-06__08_02_26__fault,65.6,146.75540894269943,3.0,True,vehicle_land_detected
fault:land_detector_state_inversion__2019-03-06__08_02_26__fault,66.4,146.75540894269943,3.0,True,vehicle_land_detected
fault:land_detector_state_inversion__2019-03-06__08_02_26__fault,67.2,146.75540894269943,3.0,True,vehicle_land_detected
fault:land_detector_state_inversion__2019-03-06__08_02_26__fault,68.0,146.75540894269943,3.0,True,vehicle_land_detected
fault:land_detector_state_inversion__2019-03-06__08_02_26__fault,68.8,146.75540894269943,3.0,True,vehicle_land_detected
fault:land_detector_state_inversion__2019-03-06__08_02_26__fault,69.6,146.75540894269943,3.0,True,vehicle_land_detected
fault:land_detector_state_inversion__2019-03-06__08_02_26__fault,70.4,146.75540894269943,3.0,True,vehicle_land_detected
fault:land_detector_state_inversion__2019-03-06__08_02_26__fault,71.2,146.75540894269943,3.0,True,vehicle_land_detected
fault:land_detector_state_inversion__2019-03-06__08_02_26__fault,72.0,146.75540894269943,3.0,True,vehicle_land_detected
fault:land_detector_state_inversion__2019-03-06__08_02_26__fault,72.8,146.75540894269943,3.0,True,vehicle_land_detected
fault:land_detector_state_inversion__2019-03-06__08_02_26__fault,73.6,146.75540894269943,3.0,True,vehicle_land_detected
fault:land_detector_state_inversion__2019-03-06__08_02_26__fault,74.4,146.75540894269943,3.0,True,vehicle_land_detected
fault:land_detector_state_inversion__2019-03-06__08_02_26__fault,75.2,146.75540894269943,3.0,True,vehicle_land_detected
fault:land_detector_state_inversion__2019-03-06__08_02_26__fault,76.0,146.75540894269943,3.0,True,vehicle_land_detected
fault:land_detector_state_inversion__2019-03-06__08_02_26__fault,76.8,146.75540894269943,3.0,True,vehicle_land_detected
fault:land_detector_state_inversion__2019-03-06__08_02_26__fault,77.6,146.75540894269943,3.0,True,vehicle_land_detected
fault:land_detector_state_inversion__2019-03-06__08_02_26__fault,78.4,146.75540894269943,3.0,True,vehicle_land_detected
fault:land_detector_state_inversion__2019-03-06__08_02_26__fault,79.2,146.75540894269943,3.0,True,vehicle_land_detected
fault:land_detector_state_inversion__2019-03-06__08_02_26__fault,80.0,146.75540894269943,3.0,True,vehicle_land_detected
fault:land_detector_state_inversion__2019-03-06__08_02_26__fault,80.8,146.75540894269943,3.0,True,vehicle_land_detected
fault:land_detector_state_inversion__2019-03-06__08_02_26__fault,81.6,146.75540894269943,3.0,True,vehicle_land_detected
fault:land_detector_state_inversion__2019-03-06__08_02_26__fault,82.4,146.75540894269943,3.0,True,vehicle_land_detected
fault:land_detector_state_inversion__2019-03-06__08_02_26__fault,83.2,146.75540894269943,3.0,True,vehicle_land_detected
fault:land_detector_state_inversion__2019-03-06__08_02_26__fault,84.0,146.75540894269943,3.0,True,vehicle_land_detected
fault:land_detector_state_inversion__2019-03-06__08_02_26__fault,84.8,146.75540894269943,3.0,True,vehicle_land_detected
fault:land_detector_state_inversion__2019-03-06__08_02_26__fault,85.6,146.75540894269943,3.0,True,vehicle_land_detected
fault:land_detector_state_inversion__2019-03-06__08_02_26__fault,86.4,146.75540894269943,3.0,True,vehicle_land_detected
fault:land_detector_state_inversion__2019-03-06__08_02_26__fault,87.2,146.75540894269943,3.0,True,vehicle_land_detected
fault:land_detector_state_inversion__2019-03-06__08_02_26__fault,88.0,146.75540894269943,3.0,True,vehicle_land_detected
fault:land_detector_state_inversion__2019-03-06__08_02_26__fault,88.8,146.75540894269943,3.0,True,vehicle_land_detected
fault:land_detector_state_inversion__2019-03-06__08_02_26__fault,89.6,146.75540894269943,3.0,True,vehicle_land_detected
fault:land_detector_state_inversion__2019-03-06__08_02_26__fault,90.4,146.75540894269943,3.0,True,vehicle_land_detected
fault:land_detector_state_inversion__2019-03-06__08_02_26__fault,91.2,146.75540894269943,3.0,True,vehicle_land_detected
fault:land_detector_state_inversion__2019-03-06__08_02_26__fault,92.0,146.75540894269943,3.0,True,vehicle_land_detected
fault:land_detector_state_inversion__2019-03-06__08_02_26__fault,92.8,146.75540894269943,3.0,True,vehicle_land_detected
fault:land_detector_state_inversion__2019-03-06__08_02_26__fault,93.6,146.75540894269943,3.0,True,vehicle_land_detected
fault:land_detector_state_inversion__2019-03-06__08_02_26__fault,94.4,146.75540894269943,3.0,True,vehicle_land_detected
fault:land_detector_state_inversion__2019-03-06__08_02_26__fault,95.2,146.75540894269943,3.0,True,vehicle_land_detected
fault:land_detector_state_inversion__2019-03-06__08_02_26__fault,96.0,146.75540894269943,3.0,True,vehicle_land_detected
